x	y
-0.426138071713515	0.172210240596472
-0.532485666227135	0.515014350248365
-1.72184023805237	1.09245152306188
-0.159020759275962	0.0625794756809171
-0.506567415608095	0.254387916428797
-0.96481736730724	1.04355351641852
-1.75721304705056	1.47759326846622
-0.457650225909807	0.334762675364933
-0.539637588675841	0.306384738215684
-0.606472107290488	0.324910152145689
-0.843014157683492	0.588868921218676
-0.783826545527889	0.36401661209359
-0.890184012767787	0.482563127544106
-0.165074190434851	0.102977741673102
-0.261005004840766	0.147850769056144
-0.896257304917645	0.649028934015191
-1.43439116656696	1.07549602047841
0.0599435604881064	0.0358298748064217
0.173129360817513	0.10825516763253
-1.42580884365664	1.0095962628886
-0.425149815416382	0.17023943396992
-0.222368770712003	0.105713093803779
-0.299635171133518	0.18337794583801
0.130575971584719	0.0723923241839015
-0.0722155548623953	0.0341212782053046
-0.144590087297198	0.0751867354233914
-0.85568202646004	0.844640344704618
-1.19817368065643	0.96458515583891
-0.500742664541835	0.248204056481453
-0.635850847780491	0.341146984226618
-1.73907191296556	1.08691565843031
-1.10704844398561	0.631115776033832
-0.526143634848287	0.325957987718982
-0.764435971703489	0.523496623568949
-0.629402459532119	0.241710413150332
-0.838212031392652	0.606734406820331
-0.805215442315096	0.49687025554052
-0.260354500212597	0.0969267262935111
-2.03394974030491	0.990570848352088
0.279050919442001	0.125624020265587
-1.6202734578406	0.673548223754579
-1.89345699918696	0.901881415559231
-0.808829976592234	0.511938591276798
-0.444063775021764	0.231122251356929
-1.29843809661392	0.476015367236875
-0.635850847780491	0.341146984226618
-2.02128146395628	1.03485694076322
-1.75912938081517	0.780345126606066
-0.449296719828988	0.15477193660412
-1.5137373428774	0.857415307319232
-0.444213890021204	0.150974913126286
-1.33485502933675	0.692995721103958
-0.800061569962097	0.326684069273725
-0.777927662279433	0.309252218300076
-0.959504627689288	0.657973378797061
-0.474698662622683	0.323459207928426
-0.639734887595376	0.238353073141735
-0.778583113944939	0.401857551406305
0.404222683914279	0.279173353877959
-0.895326436475548	0.580009333084153
-0.200128689372511	0.121692025753673
-0.236368398325536	0.0730293150937992
-0.147883965999696	0.0820216798363719
0.273333631231723	0.16466023228183
-0.189437303046441	0.092886603196181
-0.325236264669831	0.170152841072314
-0.533718340953381	0.338589125348811
0.0248355960286033	0.0101227280996424
-1.18850859093128	0.583666050984978
0.540840724653184	0.284693047378406
-0.518354724459293	0.3277460392303
-0.944593978163312	0.420226865627894
-2.11652025822754	1.10034281678812
-0.530597173241775	0.265169284211185
-0.412135173603368	0.191790247460137
-1.61288939256207	1.00663702124369
-0.0918491122499041	0.0414943792914661
1.06563637341133	0.681904306867273
0.460224993962514	0.303046812081173
-1.71005734705781	1.42313862930857
-0.744087347860709	0.425631813623977
-0.134088378876621	0.0978471839275133
0.958950751532782	0.765048797030782
-0.516332735992115	0.298239532699076
0.254861877264496	0.124373901762785
-0.103475331008794	0.0358258070479298
-0.155624366763459	0.0830589570539532
0.733348446994187	0.429100320206536
-0.020577455405089	0.00777408177197415
0.300062153946245	0.133305777122726
1.28055180840369	0.787737041288667
-0.535317089850226	0.238788510421804
0.0954534256155294	0.0310291372036096
-0.408770483706898	0.188133157784199
-1.27882386728085	0.463370374340706
-0.234303088431131	0.0720657058555488
0.0721875678023683	0.0244319787905392
-0.453399937861025	0.242327669713469
0.439211615930363	0.208980849495268
0.12095313095657	0.0449894306888689
-0.59754420008589	0.367747104968915
0.0115054349135276	0.00470570999206895
-3.95918473214883	1.75710015431081
-2.02930677503794	1.00845893534576
-2.02719864727494	1.03240987520502
-1.76321905273824	0.798147569058936
-1.0709039786641	0.355398926111619
-1.31072947465082	0.708727609693906
0.220749539614403	0.112462778144404
-2.02681476789266	1.03861635099954
-0.607880954313194	0.328991412530498
-0.36122142615613	0.201681464337443
0.800205522068924	0.563940030932838
0.128137265075226	0.0613368137760839
0.0123888175461653	0.005281034445742
-0.928779405564605	0.392112690792394
-0.170721136415016	0.119633700900126
-0.265618054671837	0.09927651180093
-0.155144939648784	0.105512668375514
-0.844923236435389	0.58705442234719
-0.540691101626674	0.299281905274631
0.850988172464275	0.465633422018508
0.925208779138696	0.641965344558557
0.301039284273282	0.175925863128734
-1.06159178395176	0.766575650584407
0.029865521125398	0.0138690341096341
-0.593114770075596	0.347536361364473
-1.09919109459485	0.65445222796366
-2.03099245174739	0.956385538369751
-0.431140831307353	0.258131746719338
-1.50853474248398	0.898170566855132
-1.39420594784558	0.941624697054295
-0.800303439983677	0.485872966012776
-0.198002497013766	0.0962739363037751
-1.59149717818018	1.2208005266339
-1.27981634128894	0.863496177119374
-1.09155253735465	0.662843411123743
-0.42119450509306	0.174546134560699
-0.907614846669989	0.587361103246773
-0.969754327131518	0.643086704239908
0.047101782823488	0.0231516770740549
-0.233529618259643	0.111228066102256
-1.68582618836247	1.07411146817858
-0.202459072514455	0.0956422252512089
-1.917805455775	1.63252791434536
-0.697593160875275	0.450370509222833
-0.545864572554884	0.236409588785795
-0.17502632731119	0.0892363196964293
-1.61933003895203	1.1740370664885
-0.788511977195142	0.320081091592823
-0.500373651978637	0.276104115020779
0.399862563626803	0.200301572560388
-0.201093114423736	0.0946941613394488
0.705143211121904	0.314964144094488
1.28412367320608	0.782866118909161
0.386309736953389	0.195569253450703
-0.72830398879171	0.416946709859139
0.609932660698904	0.348688360843889
0.466291445783158	0.188678554452129
-0.354903692153532	0.17620502632267
-1.2175801874945	0.60379682817539
-0.243736071594478	0.141361541928701
-0.901667026265889	0.584203866844654
-0.667489550108146	0.31285499007081
0.698210428632872	0.500553953971447
0.120849255032621	0.0471438032904622
-2.23947642389542	1.26398742417604
-2.34910975384981	1.38091868797663
-0.690218011146375	0.432605687153734
0.490906588596395	0.267363629058616
-0.11096271400044	0.049546039860046
-0.266704236684813	0.102478933100462
-0.9408822014701	0.41026624609829
-0.680919375957973	0.321608844801093
-0.260992851290985	0.139284448659506
-0.61691847929488	0.229143616922748
-0.592773547413901	0.411646999396333
-0.332326143713348	0.16879719585061
-0.0353055914355196	0.0124960235357401
-0.368536652878299	0.236497249617463
-0.070903025998477	0.035133610690761
-0.156423067264208	0.0636034770480281
-1.00220202451123	0.65371819321266
-0.0215662891808965	0.0122850603314327
-1.57627817364948	1.21241922836824
1.09262741653975	0.78194601258994
-0.530367830167496	0.26506915568921
1.07294992061356	0.756609848769561
-0.189851625074052	0.0945485901224944
0.266456201739885	0.133511626719692
-1.94927355565761	1.47374389285989
-0.0749486473910807	0.0367856661832375
0.57913283958639	0.388408525258345
-0.286999921035511	0.191424879998467
0.147708883058763	0.064765575528918
-1.28475718400073	0.865891598513816
0.133651306916069	0.064512187859369
0.369362981366823	0.237567124291147
-1.41365618766458	0.788098561300144
-0.761779188521114	0.540998738020724
-0.990785928429148	0.55896309321509
-1.10225738332006	0.642912653213887
-1.40439233037778	0.757725421630097
-0.550911994800937	0.246006347846422
-0.275574712381271	0.123139047390252
0.111304133639631	0.0622003998351332
-0.0775023425441695	0.0396340674953424
-0.685587807771767	0.517279585823887
-0.725260663881549	0.425461885633277
0.140401445907646	0.0666308767593579
-0.140630197100533	0.0770487618428754
0.463202549593172	0.305669277952169
0.29507669088767	0.128004721909628
0.463339929535517	0.269043201801987
0.588391248757877	0.392235980840562
-0.121153947619312	0.0535241483453778
-0.287293550815138	0.127907210810639
-0.790685826953648	0.321686990100227
-0.493491673807472	0.286716011031691
-0.267012713398768	0.101988991977471
-0.323717815649049	0.16307703056364
0.652643887696167	0.391682955078922
-1.19396212211086	0.725825653758513
-0.965112384897872	0.651123172134975
-0.503038526237864	0.29038098970157
-0.0755835750763168	0.0384646253456807
-1.20127522627115	0.760583943869569
-0.0859180756141816	0.0407469271001798
-1.78516690923099	1.52334033036653
-0.928524177460881	0.593752402925272
-1.00349255454924	0.562629920773561
-0.595148050266821	0.346246218985743
0.471855457957372	0.317243339666045
-0.934302908393019	0.408173408964263
0.233736757976603	0.176663414027189
0.0930509294359238	0.0546853439194821
-0.331046385638074	0.23207321799636
-0.700359243588208	0.394119500095997
-0.620030506168783	0.340315077352959
0.476698269178164	0.272040712182613
0.396450438607736	0.206242735576521
0.697684594768863	0.476178418216353
0.297891207223623	0.123259780316952
0.433228195603863	0.200207869715521
0.268884972825477	0.121512338818554
-0.728283628996603	0.416490115957543
1.62617788156127	1.31759307732021
-0.267978829893356	0.102605666771699
-0.23973546154504	0.107126751859072
-0.720538570814192	0.424482183110892
0.0189388716636592	0.00873918800626213
-2.60566115987585	1.76175605162723
-2.24534849230554	1.25847887701755
-0.786291178936062	0.309661068603258
-1.72472936932822	1.04561862252624
0.68287812520242	0.278713465691981
-0.873092573259033	0.732441285263485
-0.463088841796919	0.148945385291159
-1.36257296967409	0.891942892315087
-1.76321905273824	0.798147569058936
-0.448391697602043	0.154289457914784
-0.899624177591319	0.587360949984901
0.121467503209611	0.0808989994741694
-0.461797349178536	0.322168138346113
0.0171650322908815	0.00438522297611842
-0.403199296964705	0.16319551950396
1.37163155178951	1.28349065871291
-0.532568362407571	0.2708411366218
1.26467267478902	0.916143075999649
0.735462182196858	0.568009698416494
0.156867194039631	0.0748445552515512
-0.436390730981739	0.170732269357143
0.853006267260536	0.480622587295937
-0.898174199807609	0.572905615028352
0.12649009989693	0.0573913070420092
-3.50845296259871	1.37767035504347
-0.898469294414832	0.645433360434319
1.05595914121361	0.669062935004892
0.577749009020544	0.402078816162893
-2.68163710631384	1.83180375999358
-0.114846349503398	0.0510622014758268
-0.183083826538637	0.0728572401542738
-1.9793958049284	1.36015529753107
-4.59176799491975	2.53433998854186
-1.27067514741017	0.855549498942115
-1.09561699575031	0.653520453580925
-1.14187854513988	0.843209300748198
-0.816767697996404	0.49162428474266
0.340256260674848	0.242705274339146
-0.199202850005641	0.0982550783126286
-1.3571322789392	0.90074590279088
-0.441634995210013	0.271106996082376
-0.435756559745396	0.272854325537981
0.249080411226735	0.12919294418522
-0.0826712337871493	0.0286121933836604
-0.162273612195891	0.0824372091436707
-0.37567258724294	0.244747314638617
0.132594294517542	0.0731609375551851
-1.86187516027033	1.30275663661691
-0.627396135468353	0.479153619788815
2.55464536475894	1.83521445651262
0.491094916666328	0.2090063757661
0.7892456791387	0.394854722165374
1.42000710213967	1.15170233704612
-0.595951256929736	0.370966168393473
1.0667400306492	0.723596326531575
-0.286234137414267	0.14997815111859
0.539224661918081	0.342192858136989
-0.230091853981951	0.109920437978522
-0.168271594010697	0.0871925027895714
-0.177084836200105	0.0892252764987489
1.10815945763388	1.01979183727361
0.531857285636177	0.334528008097178
-4.62380653507448	2.47506416058729
0.800836068296941	0.568568850442317
-2.11877929225979	1.10537578422898
-1.29949512762336	0.663116723091793
0.759747277384922	0.465525042416725
0.515144814480876	0.273644136316594
-1.42671486570946	1.27600895771212
-0.978094280473677	1.14304493157108
-0.504846743267875	0.257956529083152
-0.377757223519568	0.274788407423988
0.131555326317931	0.062639875485958
-1.43090474824864	0.79435891370557
-0.300389002205002	0.201124957874818
-0.169369277892522	0.0848452150766295
0.843839612563906	0.707907582235132
0.485905403277185	0.308881196301157
1.02640951110878	0.526493206118256
0.610636181082492	0.360341918588682
-0.73152402556721	0.421276877587807
1.05953855781087	0.630255484342394
0.00474332147487965	0.00215423683849502
-0.212504446087309	0.097998092957655
-0.0725009952613575	0.0447617322846267
-0.328300781708641	0.170579465314529
0.376671172418207	0.240140404740047
0.473844179935344	0.265420300447571
0.0263984591742479	0.0134994998563794
-0.941812937792234	0.787855237161069
-2.428759664618	1.41673096106561
1.28510432752392	0.679600300683957
-1.46329308751616	1.025326062256
-2.01759154927639	0.974791262161024
-1.95192340563743	1.44333618567321
1.10079093962609	0.766917522754941
-1.90275181175764	0.887042726818048
-0.398453085806847	0.187381564610113
-1.06056820146965	0.497761062574859
-3.09965171459907	1.06948551034403
-0.973347604476309	0.636144455919359
0.738564594506221	0.442030914370933
-0.93834570066864	0.896807914274304
1.21977788214505	1.03781443772093
-0.119749683687881	0.0721720165160022
-0.599971467715365	0.360712709615075
-0.167509683450783	0.0851770282094342
-0.407669996885295	0.221583193134593
-1.95449498019365	1.37374563982561
-0.0280052632615151	0.0104171831041229
-0.534406058096256	0.497649798080154
-1.6566126906061	1.67319690015412
0.0843253049530371	0.0521348364900057
0.611951586851776	0.446707776502162
-1.28828072336129	1.36287083790859
0.890229856683259	0.543321344872501
0.0820921253845623	0.047774580831322
-0.763751347871385	0.567626918995139
0.583524521350758	0.407693681914662
-0.42222905273929	0.223493540994145
-0.115556002514192	0.0485817580589696
-0.984578712634143	0.628808896939719
1.08979371145316	0.853713717555044
-1.27656778298735	0.831990124909265
0.661490039380656	0.429400501670384
-0.414398144014767	0.22649225997481
0.534434329256871	0.3284420710572
-0.62853028890858	0.335934642084434
-0.808168642353168	0.322202576745511
-0.928879252938828	0.400536688381451
-0.940072908629671	0.540466378063212
-0.795677622287811	0.327257679020495
-0.909565835159329	0.491036813071865
-0.430384816345219	0.206249285577122
-0.912748953357182	0.600987952359823
-0.442156068866059	0.150619330273512
-0.172721188107864	0.071597778484311
0.594475909163021	0.422476144803652
-0.376981377462302	0.211211961098939
0.466795415745732	0.272099676806632
-0.410059447249398	0.196517778166438
0.841311929466758	0.738613837661567
0.138158867018901	0.0608746698628625
0.208386083610509	0.115096444159701
-0.322666724414395	0.206885085161867
0.948740900034303	0.918129624051451
1.29701419185691	1.39674072368453
-0.299106610358795	0.195764127513996
0.646149639570814	0.410954547366624
0.0820795623467555	0.0450214276796272
0.0154531481469468	0.00927660018603832
-1.13025121367568	0.961276023168668
1.06991255430947	0.751237980360341
-0.103768133233552	0.0351394603495154
0.00988398501533402	0.00269365248353356
-0.628554962604421	0.239733125582722
-0.878660965401974	0.725339883700864
-0.198354587595536	0.142894007872915
-0.539323386563089	0.35549740779982
-0.869554433528069	0.690309998959244
0.137981897713605	0.075670271985684
-0.364921477917933	0.286202799062448
-1.00172612248002	0.748229913349843
-0.224296714943861	0.148180080683373
-0.961714154859933	0.84584633626659
-0.0165435074827982	0.00652745879827665
-0.502717422594818	0.336684517866685
-0.0666781043199631	0.0346528807802027
-1.20529914456096	0.899941070829988
-0.465925073968009	0.280771421871895
-0.419647027158232	0.246039767430128
-0.512021873173875	0.335177425866666
-0.058738989908294	0.0295002041988664
-0.566005118161968	0.243174606609488
-0.55661457927751	0.249158992965024
-0.850714952697907	0.462234270767149
-0.0752618759816344	0.0359480040919453
-0.418450116531559	0.229776005077932
0.335958897902533	0.185262981770069
-1.42569482053803	1.06814386668763
-0.79421289569519	0.408493678593374
-1.86763584782751	1.33082234161609
-0.262306677433841	0.142503733918202
-0.119437095123758	0.0525904697425078
0.0185511887899771	0.00849255066592584
-0.262165687864691	0.152224680419862
-0.15340938826729	0.0894690525547724
-2.09232545565838	1.68692926424152
0.801503602022133	0.567408965710415
0.0502834903100982	0.0266475376202335
0.64348088405141	0.509830897471329
0.860679308489034	0.860269713514818
-0.147061990694256	0.0841021953803943
0.648032522249612	0.579696858644618
0.969990577818722	0.765489445674974
0.773892292516473	0.514096759213248
-0.03991286380169	0.0203852586782717
0.708824526274696	0.496356245948405
-0.978591737111538	0.62213710451231
0.836909263321652	0.667220659089747
0.724226592360064	0.586297986436788
-0.0186660863846987	0.00717895457880265
0.523744179446238	0.274496461780865
-1.69699995282264	1.75244446149967
0.260707092009135	0.176963386640754
-0.334826316791005	0.249780901124421
-0.13304320476619	0.10068305172655
-0.777650023329853	1.0419917602222
-0.15728691155428	0.133207690044405
-0.917411683402651	0.996812891993872
-0.484615731694254	0.380016877509792
-0.436087265838145	0.40234751137965
0.0270237242262041	0.0124705709688926
1.17098445930429	1.19113512407047
-0.816023461685025	0.804913569591668
-0.620185815943277	0.363029619487409
0.554249170485446	0.418616248465656
-0.3288900775283	0.201873310620916
-0.804132438295737	0.654456235395929
-0.6608789328712	0.30751469577582
-0.66602249025151	0.432357851860844
-0.98824613564432	0.651816360099928
-0.61113412102022	0.333731791333062
-0.217942619054713	0.106824998120044
-1.27190757290487	0.870925087695603
-0.419819407549889	0.171300110961539
-0.125811118740561	0.0545431293121839
-0.0882268366113459	0.0414286103885816
-1.00871887254954	0.5810794784769
-1.01810479969089	0.550644342361512
-1.30359780508916	1.23026340140837
-0.992526751505427	0.773246198052091
-0.409742227639642	0.245404271310492
-0.529112208769021	0.268143789206717
0.152541811031281	0.0778958693484184
-0.450345519754935	0.303283537173573
0.435889871956011	0.306359815804357
-0.407016458206394	0.187831077736604
-0.208311199584399	0.0988451406968566
0.560358717335583	0.444391481447326
0.126400501699585	0.06478713386358
1.24609723446883	1.41218796747995
-0.0918723958704534	0.0462463380520767
0.01380983181718	0.00961267752004686
1.35787373281476	1.79158754827187
-0.585514922937262	0.469985894286538
0.0253100122610494	0.012984342179921
0.148370829505657	0.0938627551605714
0.489240659050539	0.404497713001197
0.111749500249987	0.0603100201314613
0.431161666057792	0.319785232011235
0.13036878776377	0.067670256610828
0.0454055721919744	0.0225328244216486
-0.00440597558119841	0.00139828738614711
-0.00114222788427366	0.000678100263067695
-0.830935211090815	0.57124944925697
-0.667911491600471	0.556368740406021
0.72261232704726	0.921167253080756
0.0857582639992082	0.0562182558764457
-0.56266888322668	0.481721605920866
-0.822481166608313	0.910401915337993
-0.274589074977963	0.23669866913492
-0.99006079514793	1.15086979706858
-0.503366215290247	0.447619213578565
-0.789155654021291	0.698551569875469
0.85739000697979	0.727198670891769
-0.759855689722062	0.672141020375242
0.221082334694683	0.156550616402856
-1.0357035159498	0.942642251162943
-1.5653268892247	1.6719976666957
-0.378582290412092	0.265704079976599
-0.834772744806664	0.583968031935737
-0.501596073667447	0.286274991046258
-0.421455844074553	0.172377870253187
-1.31261080102368	0.677663525960522
-1.1923120791039	0.577914295030622
-0.598794797644826	0.404559808199408
-0.329028102705876	0.168100446824956
-1.14571252042859	0.794128780327392
-0.892608954851414	0.578428148550656
-0.907847670995329	0.474126037234089
-0.258247822545425	0.168432036828554
-1.56364937474408	1.41284029657268
-0.242121042604452	0.195581851356133
-1.85321760327171	2.33411249376815
0.328497134221192	0.178092164312782
1.7728106449755	1.53564072207811
0.238473498191519	0.127597474775541
0.398415199792666	0.26371811472185
0.177112907330944	0.103643736165156
0.547731606664235	0.443551469641797
-1.08583216675168	1.09915797892294
-0.779926593829677	0.705329686700249
-0.0863046343796608	0.0579690263027837
-0.0788794682512994	0.0505601392886454
0.429360786494113	0.439212156577875
0.00340135272706237	0.00203113647640952
-0.12206108370927	0.0847625670115171
0.222570967652237	0.142519299251239
0.0335607102994059	0.0153656243455565
-0.0971239428783341	0.0343345814651862
0.956433881806207	0.768081238295416
0.422152607723939	0.372010695176742
0.00888841670973367	0.00753000558659487
-0.229247648658603	0.209504728619918
0.966538409316289	1.32992421587087
-0.375073856059521	0.386453683496502
0.0710124210038371	0.0591249262906051
-0.0552635126802599	0.0376497599635762
-0.323615544475748	0.251293377714457
-0.449170660543405	0.486519400539155
0.431266210832026	0.313487029873572
0.111145242579819	0.0744767603737662
-0.421473967746564	0.422612799094278
-1.31548914017589	1.69876046972519
-1.19988064867131	1.34214817491639
-0.272558726045398	0.226790562506691
-1.23682339077217	1.26507406059324
-0.523325816691641	0.3296035107761
-0.216776379378002	0.103695114865773
-1.12950307246843	0.876723290840154
-0.308385261505838	0.147622460690229
-0.248900085304628	0.151696832908353
-0.531447321059153	0.414571156291388
-1.22611599873597	1.52131111045834
-0.690315966862328	0.926575168509448
-0.680011326423377	0.688698585463756
-0.681660850486298	0.476523099925284
-0.280206534960456	0.236286067743238
-0.175140089028963	0.0708548646870351
-0.161442652214988	0.0779325925109446
-0.994024995942283	0.565281141205049
-0.532732119794931	0.331377496513587
-0.961669479645673	0.413604778290156
0.029270049239601	0.0131112422554279
-0.213493079028954	0.101927862783825
0.403987188277212	0.285950289511339
0.307558633902602	0.178520754117333
0.153913881345591	0.096158782019328
1.66608751082809	2.2128014932311
0.326136950978575	0.281901045119543
-0.200383954534565	0.149041749262165
-0.507492926731685	0.415524016363588
-0.394665340540073	0.375722848327661
0.0494162923502723	0.0363166646890805
-0.321651666859601	0.356028717112858
0.447167359729813	0.573973298220624
0.324460754435521	0.323495046162296
0.234498642746171	0.269624536039743
-0.320408181456927	0.372077287597124
0.397135343536795	0.319246400686453
-0.621759677071375	0.546404419783102
-0.657534574101626	0.689962211307309
-0.394762664751199	0.260499732358822
0.807539118346887	0.893440997192863
-0.0682468634325071	0.0520555184219739
-1.93756773657223	2.5583759323434
-1.4540300847508	2.22027334918011
-1.32348074326991	1.23197905388027
-1.74997259350672	1.04504751280367
-0.269093047111066	0.101294136308163
-1.43292390990982	0.810426846497327
-0.219050489417933	0.104359389475203
-0.29540438227359	0.132710048335329
0.319213368522505	0.187616072275639
-0.987851794526741	0.962482641081983
-0.482879788895043	0.402543175007
-1.13819253174491	1.89999688077224
0.474614180933878	0.428322741238797
0.0374654080923822	0.0199667134443549
-0.277202836401291	0.14873634883429
-0.55129785841122	0.249949606221332
-0.611775866574996	0.394993952761419
-0.60793485554814	0.447925757912708
-0.54083453583992	0.242539592272163
-0.422149636197705	0.193948640382583
0.0880585559789285	0.029952623189587
-0.626153812820767	0.227935822191843
1.29325370883887	0.754031940694217
0.312380518764378	0.109188278046217
0.797545770001028	0.404061049995149
-0.942644838998928	0.404176860691074
-1.3160540624785	0.699768829548952
0.434170804072515	0.206116594484359
-0.411585321439994	0.162852000506502
-0.479939927363029	0.340013216341395
0.695827023393547	0.734925881556267
-0.708586926185954	0.690829080419424
0.576898688164274	0.492242466869783
-0.09768149332573	0.0639667822255402
-0.135222625604367	0.0944547174272614
0.158882226297798	0.115927752273179
-0.71411721531039	0.952531756275532
0.240215887983647	0.212952030566547
0.0489345409594182	0.0360521346021869
0.0414858440608478	0.0250531528914416
-1.37348166920458	1.78805607711808
0.107095261451524	0.0772306791606772
-0.361541310932368	0.211025775306729
-0.204593038366703	0.146811377094505
0.0699067493205142	0.0413926817223624
-0.814572602758377	0.76572358934486
-0.545202046189183	0.395482410734061
-0.59877817959863	0.448656776981155
-2.23852803030705	1.89996140037387
-0.684841283677033	0.442082927203833
0.115970036026497	0.0449790407175177
-0.806266231615382	0.322107384120158
0.129888696161912	0.0634156402288744
0.0324650796049115	0.0175077383240648
1.76846353707837	1.59644722039637
-0.402738966911553	0.161892016254815
0.713829794155826	0.318196901064702
0.599488534898197	0.408288210573905
-0.087313364906456	0.0294749134261841
-0.446417269866762	0.324245901496895
-0.625995102948954	0.477948480346509
0.303634166583742	0.228095348742634
-1.16466944743951	1.36575641395302
-0.379892774903735	0.293401955870841
-1.27119068873238	0.83538705705196
-0.523757853518797	0.29601357031066
0.00371038557221923	0.00173563246155542
0.420756049875038	0.251094480772709
-0.80005308639051	0.673026957659917
0.924568342409807	0.648411015139301
-1.26652929492126	0.834599540561516
-0.544149868339494	0.235557520842212
-2.53065617510673	1.56416948642273
0.936745437859716	0.661234430497695
-0.167719606703772	0.0700722905523875
-0.798708925130783	0.321428539168428
0.152766803191271	0.0657797457134006
1.55198239915678	0.940898346195511
0.956495440241491	0.436270611890297
-3.97879225853764	1.75589528566527
-0.439770599677856	0.329905694150255
-0.272577147259274	0.183079110008616
-0.346977521271453	0.266288441757311
-0.529030292277829	0.528011929136406
-0.457793495559267	0.460468383266666
0.00064771639331014	0.000715949487618336
0.0925630063109844	0.0643179258017944
-0.229673389512438	0.131668393957887
0.157276725886898	0.129061955982437
-0.0234983714827255	0.0144999603225435
-1.59033274277768	1.4931253658105
-1.46671725221285	2.16056951216446
-0.713368417900914	0.560241530985373
-0.392595338195394	0.258463087812158
-0.431124729973286	0.475379724269368
-0.745155880396581	0.792667516158701
-0.501068082022678	0.333301617618616
0.245293348355193	0.132805413703374
-0.817585073233009	0.621446135452516
-0.111307618814925	0.0462281748477617
-0.113348147146082	0.0360260938825293
0.684876663351619	0.371134454970851
-0.808017963651366	0.490950913811814
1.6950244276072	1.29948180903532
0.387694030620071	0.200933902654524
0.546803454870823	0.199808768500467
-0.069635806436209	0.0329467892357465
-1.29839433116453	0.669374303806399
-1.78063473304959	1.39041478699755
-0.423247800327453	0.297302559481712
-0.699623653960209	0.546703402303884
-1.51372834121611	2.28012806091478
1.33960486546761	1.3360910179097
0.94262240174752	0.701694727755501
0.882822927598197	0.527379775106259
-0.157045856827888	0.0659566874177392
1.24346414933617	1.10184417271066
-1.29947634475096	0.688731007015168
-0.288472190272855	0.130840877848459
-0.425301834809727	0.174836492870856
0.518693289519753	0.278652305164928
-0.92572053820773	0.404668060685216
-1.27795436592476	0.460818971366375
-4.30054159804594	2.06506485185996
-0.105110575947249	0.0235349560977657
-3.95899747197158	1.72125562896372
-0.110088067020875	0.0472242594249413
-0.0206564484377393	0.00770946494099999
-0.282399797337186	0.189735833082424
-0.392902702113901	0.304365089365325
0.0158644842844241	0.00889184539154553
-0.438649812022332	0.322559792259618
-0.564400899778882	0.414331475946209
-0.569049564405234	0.49594022671293
0.369212825600316	0.287509829133624
0.2857629998158	0.217231886382705
-0.75334333570641	0.717723302329542
0.251839941586633	0.163178837116344
-0.295337888974147	0.194958176285207
0.212808787213501	0.140852168691917
-0.281494640114665	0.270236312623755
-0.873851231471134	0.703322568634242
-0.934881099367689	1.03347225871181
-0.603380491797013	0.665337082551132
-0.467792456533915	0.338147380244013
-0.422876219624783	0.301269319621042
0.348127093346406	0.23177453238847
-0.310659450431849	0.251656094394274
-1.63605654317941	1.72563143970917
-1.22850765638924	1.27259839820959
0.271459033628535	0.117566547478929
0.148595571042807	0.0630479652693786
-0.277388345082832	0.149234523699885
0.540618228159503	0.332576997055913
-0.244998046965139	0.0728209338454808
-1.10401147249612	0.625707740298569
-1.43254408500045	0.789680630184807
0.709372173898494	0.536121201571433
-0.0437494955807203	0.0220379524398425
-0.1409290965264	0.0766671152211398
-0.213366731197983	0.129556341809706
-0.175874422601082	0.139129011570403
-0.304178784926753	0.198269642755408
-0.80624417248691	0.500103990304599
-0.785787449387033	0.311031492743656
-1.18803730298607	0.600667087294677
0.261770917406094	0.127593020611803
-0.291810417275569	0.201743140333842
0.518388787152797	0.317965129228119
1.26106992322174	0.866203102794984
1.54801702744654	0.995906322529025
-1.07607979560284	0.506962814761784
0.00721601039352863	0.00199363515840127
-1.41982362798955	0.795590026843509
-1.8927489684971	0.901858298249106
0.126823003581416	0.048543507047585
-0.0631178564925886	0.0304818186573841
-1.29526804056401	0.661145359284867
-0.144574730980693	0.10386451329781
-0.121325128445978	0.0814859048980198
0.448223670682096	0.337707723125674
-0.29599385296944	0.204615587341129
-1.26515147298713	1.31875962989021
0.748051416770655	0.797878393566744
-0.388492035703272	0.325277052644287
-0.726180124400058	0.639986639187445
0.807936434964949	0.726424451141706
0.181391039851823	0.131221483383754
-0.132124503787234	0.0764785469435933
0.482384525029045	0.402463621148999
-0.0303879317421029	0.0185200704903199
-0.301834617625982	0.205676630367128
0.294044406731293	0.299000629936307
0.101407064642643	0.0983528460319378
-1.10054900637943	1.23745233520879
-0.571290004298906	0.640746235061555
-0.340071491388003	0.323369131614979
0.747100984921199	0.61812461138084
-0.154846193015305	0.101479249171145
0.425061344935691	0.367341960531562
-0.399608670154398	0.330591466601906
-0.53651546157538	0.438450376463368
0.630875953442629	0.521635300190605
-0.87078460381191	0.710955405246458
-1.7162663240639	1.50508337697242
-0.406648516252763	0.161882738345188
-0.927346560603016	0.404741360489568
-1.00820428849027	0.548645071334367
-0.412558547237793	0.166847601482866
-3.69176604714002	1.46233546411215
0.369808528309804	0.239043839773822
-0.355095382190255	0.198218892265735
-0.436875532208499	0.442151219063611
-1.08968919343	1.19817132967196
-0.651300090650904	0.479542264450996
-0.138845156928253	0.0907346984674838
-2.68281887815164	1.83431142217274
0.525060702089301	0.271662482145226
-0.4495800300543	0.285467055735562
-0.515444642882374	0.285615803078456
-0.613165235609677	0.331951268368015
-0.289049861928111	0.1252090123601
0.13749443136419	0.0640499981851776
-0.399344735183448	0.164741100563744
-0.791911871503761	0.32610867113537
-1.45360323354618	0.567880172583835
0.102574466694926	0.033806736921579
-0.164070379281568	0.0833334800857414
0.0419883903513584	0.0187882501412132
-0.616381366342729	0.336329653691482
-0.0534414636582134	0.0353948264518283
0.525709746863807	0.390706178328023
-0.432599715907791	0.409327588977268
-2.00107616206824	2.27800616097013
-1.58690268151937	1.55766458720191
0.124965461254208	0.0859843418643564
0.21478403040102	0.13445529038525
0.202641901804693	0.116685251633382
-0.260376486924957	0.202640995136424
0.15344734627945	0.107873458349093
-0.472712628443075	0.559907894312445
-0.0598100715009559	0.0340022615440829
-0.294803420347776	0.213388812859079
0.622529229646463	0.642792484783842
-0.417538724953049	0.274690900604055
-0.55799022598384	0.495519227419133
-0.608381959411452	0.74537627820582
0.269157815947872	0.187344350626609
-0.246806089176063	0.173280521834125
-1.14097566471996	0.976369105521387
-0.999707302258168	0.578098200979702
-0.997834226705688	0.580883260387945
-1.51118196360495	1.16633726488988
0.317935906510755	0.190453073473174
-0.464628346442053	0.285251783712743
-0.327911787712644	0.283180969480421
-0.26353198126859	0.200659668121852
0.061215128423291	0.0363891289549711
1.25423744497849	0.930709621645853
-0.456494613119327	0.273693134276697
-0.233131977777019	0.135916764118095
-0.420734601844679	0.240615399481595
-0.352935603385352	0.207279176881673
2.10233707118558	1.47442487457033
-0.0982853037833475	0.0429964401290157
-0.0868939761777674	0.0417089221319207
-0.421646136324586	0.227159859952443
0.530190302560933	0.279528937947538
-1.93623641064033	1.41629574297346
-0.484433167378144	0.51170950826111
-0.0585118497074124	0.0354120895602925
-0.16374032415424	0.105609769505486
0.0329140505683345	0.0194030277568759
-0.151616176444102	0.106378065743703
-0.390481999811773	0.244163019983125
-1.19129059986331	1.42483596593201
0.0493851850125949	0.0299875709410034
-0.300407548654971	0.240282101697332
0.254240412688486	0.136525541851258
1.26824927161816	0.842161464705462
-0.724791285991448	0.532120453327264
-1.02979328450571	1.24677041970649
-1.6248295228508	1.20046311317111
0.367662319666815	0.182293405164177
-1.05130338509894	0.898486336050348
-0.684074858656576	0.478268517460044
-0.173812724111296	0.0880868712665103
-0.523566790984042	0.33070304290248
-0.991588956708576	1.13591335695114
-0.93322269931501	0.873294097454696
-0.276596398411596	0.17281145668045
-0.0723749005090893	0.0390065366052237
0.00531723662308239	0.00304897061416865
-2.34731247368385	1.34001592878326
-0.515848973708045	0.338571392104919
0.128113579456767	0.0608719025520831
0.259791582256062	0.113887340146624
-0.520514362488848	0.304943919884854
0.126923668651166	0.0686105808053433
-0.0912227665693455	0.0429155164561677
-0.0449982901071169	0.0231057941297101
0.121750433619906	0.0905771794684574
-0.491220192845108	0.392601059193982
0.568716458034608	0.570089634989853
0.255666733618271	0.199724828697516
-0.0863229035804805	0.0576817339985027
0.035412490199405	0.0168639467248941
-0.573985585489721	0.478722843572831
-0.454967470950392	0.31411610156039
-0.4829129507234	0.38204680327107
-0.230446636720257	0.131834885613238
-1.13174578306472	1.09136417292105
2.38328393189608	2.63943822782833
-1.07847634345896	0.785230529294202
-0.669474214270666	0.439670445900872
-1.09213111314851	0.348681930882523
-0.66351496787499	0.33657148908859
-0.2340186360603	0.113698286908721
-0.412854032468458	0.166740296563662
-0.786518430547717	0.395072162638104
0.13958402847722	0.0617569776095219
-0.142819824398861	0.0841467572540677
-1.76939925877482	1.55631867420227
-0.599955196197005	0.3749241326283
-0.141450720864929	0.0858763575308104
0.190831163427492	0.12716270955197
0.297704463578175	0.131502795501314
-0.0731698731122603	0.0354924049665163
-0.281835612291572	0.155063629562388
-0.485996814685481	0.334483336227731
-0.0207454084558143	0.0113937590541896
-0.988880427125116	0.729112593220794
0.076663045180345	0.045599289979108
-0.790571142202298	0.464870773715637
0.673017612939372	0.459557703685542
-0.18762368653995	0.105733010455755
-0.256572943577263	0.097031954432904
-0.782451748751562	0.387790240135938
-1.44351186670879	1.28170603438323
-1.61589377626532	0.986985907695699
-0.41588785975963	0.192080282901768
-0.668769655051037	0.316251611626877
0.841186269759107	0.762987579561598
-0.238550408687696	0.135342977191815
-0.464000960926624	0.329013821843465
0.0195164193042328	0.0103703361225916
-1.38137476528086	0.954598912004341
-0.546519827363929	0.293168729556478
1.09274893715904	0.915305431512863
-0.413270868720957	0.256988753053323
-1.30960883872502	0.685970276217385
-0.245118547552163	0.144514167702125
-0.0523485624186026	0.0284989908076307
-0.340088032047776	0.187526616937032
0.28318983196984	0.200784784907845
-0.441343048591787	0.265163895895179
-1.07881863272898	0.842505599026049
0.530938812068482	0.280033694995053
0.807209195599015	0.41245710871863
-0.0276126504317352	0.0101495088909426
-1.0812831804976	0.660800809645489
0.154199569733344	0.0739707109080508
0.287095637002854	0.179968331748256
-0.318885189913263	0.162155095526523
0.0981945478545039	0.0327131213909426
0.864170029168666	0.48303878220068
-0.916979173572299	0.592085385015425
-0.796497403932158	0.391072569073797
-0.970474288014583	0.640441169549299
-1.06926788389678	0.498897051344528
-0.668100424994871	0.300805017526744
0.670794556510478	0.463594517564692
0.434356491406825	0.268661978122885
-0.121085364372319	0.0643320056230328
0.428169458770228	0.302970553070102
0.51719488861583	0.272540683410834
-0.511641881442329	0.346024394099132
-0.91079624277568	0.577257861374479
-4.21219108818159	2.04309756685919
-0.0495440499283517	0.0251454024807961
-0.0665511014492606	0.0405517364973755
-1.30114218341969	0.659774112439678
0.187182700606617	0.109370944146746
0.38158269263284	0.23610358000276
1.33023256299139	1.30647808467873
-1.18768054556616	0.57103295251423
-0.318831760218398	0.155715106807212
-0.105506878434153	0.0466507632996664
0.0332913136140886	0.0150622561174484
-0.553302754934286	0.242143415433315
0.0962608586499976	0.0542110332398924
-0.431524197320469	0.23299595145987
0.680309949131625	0.363924440685115
-0.140634960209941	0.0869115799710806
-0.192371945255586	0.136550904125938
-0.730825920623714	0.549317926847155
0.685881401749154	0.451681730385118
0.623648290877512	0.453138320008121
-0.18522706849619	0.0981574258817137
-0.652383851325008	0.582957959120869
-0.0544603305311155	0.0342517043426793
0.372233434403975	0.276449157686297
-0.185490672929723	0.128272497997113
0.500260696113482	0.278778338366435
0.711874831704321	0.508946686053916
-0.0744764846945863	0.0349279139049574
0.264187298035873	0.17348533318623
-0.887849194290176	0.538302309674689
-0.320442137992784	0.159032653556669
-0.524736515835684	0.299800419436101
1.0991838302791	0.852189742928544
0.14310561190562	0.0682102554622569
-0.153576161021373	0.0951203266261014
0.11432786512921	0.0535225566747436
-0.447660229415192	0.156725286930136
0.423998416684931	0.294993525210421
0.951072882455387	0.841970873234168
0.496577702854985	0.209355903944588
-0.894921744085891	0.476166997167999
-0.571495448294841	0.4462807056535
-0.382049231821716	0.256246771058138
-0.737965202797093	0.754307481520224
-0.645998712158243	0.555616828087798
-0.204802999999299	0.133489018454694
-0.267068684319619	0.145596821094398
-1.14581215851084	1.10432405184534
-0.69630669272993	0.440583029192385
-0.522219367778108	0.306332535161268
0.0403159617931071	0.0212017329897451
-0.23728392177021	0.16192717153558
-0.416084259120469	0.352715620501392
-0.150051624876615	0.100533039171545
0.297068756184074	0.208419859426451
-0.858897983520417	0.756467748939997
-0.199496193259908	0.168030295774563
-0.22284546570945	0.136548296493035
-0.47922286688008	0.287944910527872
-0.808615615642491	0.49933188054188
0.213542933810604	0.141562242048641
-0.398048289945829	0.164259022435635
-0.188687716209727	0.0957430877954795
0.0102949893033094	0.00443090504887197
0.119522645690154	0.0648371087178436
0.408269476538538	0.211148677096934
0.690685797056211	0.384033661117198
-0.149960592644139	0.0809954456333696
0.376546790796361	0.179534279698377
0.0898553474054418	0.0543234734704505
-0.410023146142184	0.300476680529341
-0.0619417900732103	0.0331707207700893
-0.600615631247565	0.444053004753818
-4.11358509032557	1.77001071924141
-1.3001286801939	0.459635011917654
-0.439306403449031	0.264196268770123
-0.820894014981724	0.673661448090998
-0.97639222535843	0.830440202908282
-0.604088754971452	0.415525453251942
0.648525273254788	0.544134728366783
0.302083838529178	0.177729378617178
0.268876462204602	0.169636806323686
-0.546602199227368	0.430796750278409
0.0280470289964227	0.0140400025913358
0.430247477301171	0.199447131629175
-0.3147868785451	0.201271936106057
-0.0953708733154486	0.0321797641356256
0.399178908378459	0.206397194898729
-0.0570917775568338	0.0328563342810289
0.530690562435441	0.267357163016001
-0.12438764385467	0.0664810781283217
-1.89328100287881	0.907107529329117
-0.228237284369863	0.10760124452719
-1.30897436524688	1.24401224370577
0.287645651785758	0.200810021569526
0.112489752304962	0.0832187253807775
-0.886361170842878	0.733565338572254
-0.189900319329046	0.139299843554704
-0.771687711267247	0.516186205581328
-0.289652084895991	0.184338120207988
-0.353187932147654	0.287743786078893
0.203356802143694	0.134569932844442
-0.293347650743376	0.196013752900145
0.0100534847590285	0.00629302445463481
-0.146472945635685	0.10670738705952
0.118209536728679	0.0644627784227135
-0.0873154971280387	0.0546283936364223
-0.15525355092349	0.107595984963921
0.0592184693551981	0.0387202442456325
0.641342871357272	0.506193779825082
-0.85204787112758	0.602433607928655
-2.76156605975754	1.96920535430635
0.0296650658831851	0.014640180367827
0.142835722203907	0.0612139405576502
0.0112450911018486	0.00618344768107488
0.692472024732921	0.373866134518019
-0.509445740863479	0.26258700325797
-1.41385859711061	0.792919294434223
-0.987682364876428	0.668918241291176
-0.230401768750824	0.0701610180824533
-1.06768241207154	0.491164383834702
-0.546429719736087	0.243002539684141
0.462652688955232	0.263824205484532
-0.536240511748911	0.380504619549607
-1.00984703327595	0.764234067177199
0.0201741291341984	0.0108595078347137
0.42347340200544	0.290876062230786
0.0319060480168063	0.0142033956012917
0.54243936802847	0.28787637501968
0.645832977515737	0.509516860774597
-0.435960242505148	0.318836533361184
-0.0930089634196595	0.0574054106584569
-0.531242988425179	0.430543513135353
0.0227392774907651	0.0122030299360927
0.0146887476972398	0.00620561947105628
0.182773653561912	0.107858061014384
-1.51773890325012	1.15821442418718
1.09786087516618	0.92060650549082
-0.636727593441181	0.408443022752216
0.196283146406351	0.117121036004986
-0.411970184455995	0.172961946252502
-0.300839050651093	0.120633268125612
0.0431298974017688	0.0215756953380073
-0.16957272536771	0.0690477749075207
-0.411345079897623	0.168398511418034
-0.0179073727538241	0.00650343118540113
-2.01020934305851	1.00136834080982
-1.07305065985937	0.502818658571803
-0.926671919690981	0.49243874693769
-0.423043767034564	0.175363251621866
0.23033691597855	0.120044813273694
0.923347704423243	0.610125533392525
0.618989496307283	0.300401623474023
0.522947597461688	0.322007523199066
-0.418599708511831	0.198500206376546
-0.222390964569228	0.105926648009415
-0.312066969996381	0.203550759696056
0.0739859648102275	0.0512476537534403
0.0720204743904046	0.040445276277031
0.154251146396996	0.0959505695584834
0.0334837372250252	0.015552980743079
0.535338828789732	0.341493377122885
-0.412117349546957	0.16014310318751
-1.19866245950109	0.722318082281653
0.530368149620911	0.276720613729502
0.685778207504014	0.371671729802413
0.610749592541944	0.301198488170845
0.868345789797405	0.332722909507725
-0.226301714948185	0.106978226242317
0.966755970220939	0.442411904138521
0.117341378059473	0.0479383447691487
0.865701601549378	0.330118174874167
-2.14440928460666	1.15847893009411
-1.51818942918486	0.892741788725658
-0.831797157170485	0.249598715476935
0.0474262259320688	0.0211433874356538
1.08554829017931	0.845442615357597
-0.687360412165058	0.320412165434706
1.03275611686562	0.546007032539821
1.47662433329201	1.44283812143458
-0.169250822008912	0.0938053921225764
0.379386379427582	0.246548117087731
-0.0642003943370603	0.0375899048375599
-0.255289103965671	0.136268523810968
-1.28703085292588	0.468797183826642
0.379521379821533	0.187168819451058
2.00692521392743	1.84060592487719
0.195846035594289	0.108352804348974
1.25660088721732	0.958408305809255
-0.543737077872862	0.242738597274013
0.481502239337988	0.19987086424161
1.0791878851129	0.69128090653066
1.25479215613736	0.873712552116664
-0.628661657211552	0.344851975459296
0.295364496874775	0.100964285513022
0.298612165177891	0.124513273246099
0.565360203513309	0.199454335396081
0.260829819411491	0.0947327612267819
-0.310008745914274	0.138428971341312
-0.41467793011146	0.195884439529927
-0.223297524705868	0.101110317820663
1.77270789191252	1.2459041209757
0.482794668103047	0.274641510553734
0.23317983480858	0.123513687952015
0.209926366628079	0.141698170541386
0.10079380009007	0.0535831920383384
-0.250176569972599	0.0950870916134941
-0.565088012022828	0.243102042123946
-1.51927294272741	0.891932786140068
1.61205522888306	0.874746282228841
-0.822845235476248	0.392439490633727
0.895165388842166	0.565265581298847
-0.158044897675048	0.063997686045096
0.296931878372367	0.120534956695532
0.481019193340889	0.19784476031337
-0.303565609151459	0.180596545067548
0.0487209783736714	0.0256606142317031
-0.598143812664203	0.51951032393908
-1.03889586644512	0.95200340705314
-0.741389835328201	0.49443614296276
0.145358472201452	0.0686184981998015
-1.3072489375318	0.673335782324346
0.106383787554404	0.0606167111189252
0.03622012093692	0.0217397833316286
0.18954657247117	0.124382202611341
-0.425093207365165	0.299288257554166
0.966782082463693	0.759493384584614
-0.834067481985607	0.803503422421095
-0.602394032443384	0.408406341698308
0.61233289968038	0.289800956430298
-0.0350574107250399	0.0130496603301525
0.23759428568935	0.156933166573409
1.69882455138324	1.32349220105499
-0.872501149018398	0.549335633400148
-0.725869193655951	0.4179857356715
-0.703927504206213	0.411430041383355
-0.363332933064736	0.249615966316318
-0.299928833010151	0.130138167433199
0.186646132985446	0.124648826896504
-0.071720748809312	0.0457910359826715
-2.02828396132448	1.99208622153929
1.17956784975006	1.26396897016166
0.855487800352211	0.718660225520304
0.93799029907411	0.973404648659115
0.0502040130445146	0.0243446170271487
-0.0790729365015358	0.052764105840326
-0.347047334259156	0.19375803417143
0.513197453381356	0.251797052333789
-1.85675178963191	1.30497319314419
-0.156553290132035	0.0662748423341265
-0.606619080170783	0.362268427805687
-0.10843513875174	0.0463622940422201
-0.0135616345794388	0.00542470309470238
-0.173661894995457	0.0921463730655569
-0.992752295359476	0.561121607749834
-0.791656333214977	0.38568748133485
-1.0695203368827	0.770007272211574
-2.82800405415571	0.916370270350291
-0.0382732856303245	0.0195013333900502
-0.76778185441138	0.544258727272347
-0.223976999074395	0.128568352788883
0.321329098528607	0.237197227313258
-0.353066616980588	0.26113676365612
0.0125172527949291	0.0069952027245394
-0.597156583457033	0.475679151942419
-0.555459587020911	0.247942252996893
1.24272073534814	0.984102632454673
-0.0831561935636447	0.0399249225676191
-0.558327274910422	0.252302922183664
-0.0442259628592551	0.0161149899776835
-0.17452638040187	0.0723591362742293
0.137456575208287	0.060205310516839
-2.60202545477202	1.74082549622842
0.0231652425960878	0.0108356597748358
-0.206111615618316	0.0778837597202666
0.840141053560274	0.666779966195988
0.895115359896229	0.568851602407008
-1.06847901469869	0.611138423013159
-0.546102579786892	0.240056861382071
-0.94282477649997	0.405968032523631
-0.805451769952088	0.496679946558474
-0.890703294741434	0.491127414939116
-1.89460718228755	0.900435180431424
-1.46450798665349	0.575571060293547
-0.264084293877175	0.143024696727925
1.47508058263354	1.06878723061539
-0.837084417423326	0.472882748411614
0.39695460611122	0.19942652702489
-2.12578647842736	1.12802144175964
-0.935358720961496	0.410185445630648
-0.452976156573633	0.157185256305042
-0.2605830481581	0.0999512446031102
-3.50265551196981	1.34769454815451
-0.654374808701282	0.293878770651368
1.29064733569894	0.699267496932008
-0.463012164682203	0.155301200440044
0.00449692186300615	0.00153988359749519
1.29157617855243	0.498114853416598
-0.909866552767636	0.496262744188181
1.7822368149755	1.24027714361887
-0.249897129347874	0.0917979334245833
-0.241844219552331	0.0752485040642155
-0.41877051317437	0.172843835128257
-0.0880415887897788	0.0303943759350289
-0.832413506587079	0.24942693040685
-0.848750612300395	0.250360414708015
-1.62556761166124	0.682057712157096
-1.61915582127874	0.672916817289055
-1.51245284537194	0.906054079645529
-1.62592158362876	0.696464458349941
-0.935552083128101	0.406737168024813
0.165683114925162	0.104681293888058
-0.213911889133205	0.116964918748248
0.297921204992731	0.120823264733075
0.0268620433605468	0.0140364021408563
1.10713585684595	0.851184290245229
0.709358724268349	0.322993485508799
0.797545770001028	0.404061049995149
0.293782555343645	0.10382255846023
0.135039841034251	0.0502647661378781
-0.403679661151319	0.16953019510863
1.07219164143676	0.612828997340134
-0.101789050479357	0.022868379633766
0.00884476967985566	0.00252856543414321
0.968692685034221	0.435262397413329
0.74005934947756	0.228093775301913
-0.453471035981687	0.1578610941041
-0.100630873298134	0.0231392113137372
1.39041632652022	0.449818911651812
-0.522739884222163	0.138889648292059
-0.630887700547098	0.238225433462368
-3.09854591945789	1.06489183316454
-0.449622976654422	0.158402020614659
-0.784154777220345	0.303620860249058
-0.802751289496048	0.323341096199892
-1.19338211419086	0.606157491911293
0.564108818657114	0.205223150345328
-2.00952144657247	1.01402527992091
-0.0736718600576254	0.0375869986384531
0.382908652970233	0.257666207842909
-1.08328339450837	0.370848428206928
1.62497016475082	0.87912501932121
-0.465400609859322	0.155071571993637
0.867769489278378	0.329132831925164
-3.32389604813218	1.22913311718987
1.61172514597514	0.926458912120795
0.100004198485394	0.0330396644969637
-0.449079045752854	0.149376231035541
0.0845055364610549	0.0283562058757965
0.0024348895089195	0.00103360283751351
-0.838355405456249	0.243753802313886
-0.438004265768244	0.148097615757373
-0.0974928366755688	0.0220000133147072
-2.83018604355835	0.915523433166795
-1.62273703706835	0.68111095400665
0.469352725166145	0.193015636513273
0.322688990359234	0.0958307659053989
0.741206268974865	0.228640771349315
-0.520644673111812	0.138109482713933
-0.100630873298134	0.0231392113137372
-3.32013518200022	1.21087626955713
-1.07870097281678	0.366219315775194
-2.05650312187694	0.572642061324397
-0.445374492995517	0.14936325710071
-0.24845255457812	0.0758323941709213
-3.66965381157033	1.47602873590866
-3.31902457203743	1.23889070538812
-0.446101803209516	0.15286424804291
-0.930891112253468	0.407503478132811
-1.46985998416647	0.587960540824066
-0.831974893269606	0.252927992747765
-1.07527148017275	0.356655315544805
0.972686301370578	0.440065209865426
-0.411894945478209	0.161330934362869
0.698163832114636	0.389053481710032
-1.46398655246063	0.575847622541843
-0.10075853176445	0.022608042052954
-0.842416267004409	0.251298774042738
-0.8247136985442	0.243775063199332
-2.06067219017022	0.565089611828464
1.2905096202971	0.598543776182175
-0.0951265447799466	0.0216293083269459
-2.50108453829271	0.757473465243405
-0.628725643150235	0.234511954350991
-1.08255639517178	0.362075346638336
-0.236516139800868	0.0742890111474493
-0.243374819620522	0.0759703352600238
-3.51410190258998	1.33442648197011
0.749070350540287	0.232504892288716
-1.19345465631319	0.593796164890169
-1.42814978855056	0.800387876374033
-0.825335027523982	0.248598183771305
-0.815064823445427	0.320893649313646
0.877048984231681	0.328846677160624
-0.933052202411961	0.406481323740882
0.378190290073764	0.232525470675834
0.285068333191071	0.174549398215951
-0.40551010370088	0.213122045833167
0.515860367560308	0.27413218299895
-1.40528254090827	0.770015655310244
0.279122140694254	0.111478811654605
1.06241447870914	0.608950637206607
-0.264254434477131	0.0988942471278046
-0.324562629561835	0.165317904792025
-1.75804950635288	0.794876124947177
-3.32880462830973	1.20190562208253
-2.83133823353176	0.934971127868472
-0.788812204610559	0.394159309111653
-3.32600725437378	1.23438140630258
-3.8375142842007	1.63330589210199
-0.521239785553401	0.140369579797354
-2.05433974854713	0.576107769870825
-2.49231208841664	0.741884845199983
-0.100630873298134	0.0231392113137372
0.309832724387647	0.110305655091749
-0.937227115175414	0.412228742777122
0.569613012253004	0.206709640774205
-3.50766607864638	1.37426814117007
-1.08043456838936	0.361340664763697
-0.808907179089396	0.317932399000074
-0.444847418648464	0.154683306332178
-1.29510469428056	0.478449739353142
-3.6679187439399	1.44787655243855
-0.638507631702955	0.241026629305365
-3.68593471296041	1.48780732400381
0.720380854594659	0.557175369176969
0.218228019278942	0.124022179541795
0.327779622497281	0.170059302558782
-0.290209969407545	0.131187654459497
-0.514163011565193	0.292367539947502
1.46925731654969	1.13187879525397
-0.0903460755164803	0.0308683976684422
1.55441014450553	0.950445144933918
1.42258989328157	1.15184679356007
0.473634277270913	0.199596016410626
1.2796016449703	0.733833972583033
-0.0995973058669546	0.0224260918786388
0.296745320900308	0.102995591314352
-0.553993574007151	0.246957939270046
-0.634041179165041	0.242733634927003
-1.46531308563971	0.58072512893609
-1.61554332344352	0.687211374779358
-3.95357630980117	1.72202793991801
0.704396240415514	0.303865379671504
0.0986477097722662	0.032371338048678
-1.27718649729969	0.451596836091015
0.956121044107015	0.420188295441002
-0.79153811912624	0.317362772146544
-1.61943714365105	0.66675333885564
-1.4714827656171	0.589085482045999
-0.944795194084501	0.4010117056326
-0.523513114305865	0.137679209591898
-1.62426100901656	0.660084666395284
-0.0930212583066807	0.0212077808526859
-0.235756809331476	0.074113881734835
-0.453384214128714	0.157985460591412
0.268274417729721	0.120328539007787
0.0176672846927686	0.00722363846276244
-0.619614174710585	0.373456673442625
-0.506554739043894	0.254490345429266
1.05352794109357	0.632385125785519
0.0939137716118238	0.0307251292134222
-0.237059917289322	0.071736106517767
-1.766578540806	0.783567413409201
1.55824756941008	0.971547757120312
-0.101997947972724	0.0220402603950303
-1.09130569589056	0.342795826024238
-2.04783485499909	0.571093548500225
0.750616379759355	0.228057597960547
0.750616379759355	0.228057597960547
0.318092425170427	0.0932620700170988
0.54857087575441	0.128558386573012
0.319781666217287	0.095251523392
-2.00860109866887	1.01201536805983
-2.49779134618292	0.753762077506182
-1.0805248563296	0.360561938702347
-0.520104445364255	0.137370661910804
-0.5223760081113	0.140414884928745
1.93070812445836	0.771954514457349
-1.37736686643192	0.369817212053887
-0.0941779390158178	0.0217731946290539
-3.31803372889694	1.2396293722172
0.7433147921486	0.219110890573237
-0.526964267085977	0.140208674753714
0.541100401848291	0.127818857380943
-0.0945032483602891	0.0218370726435746
-0.417109762510548	0.228114900952368
-1.07847996742696	0.363856947530528
0.438584537195418	0.206196857816838
-0.452874534550265	0.15548441671284
-0.0150767786841227	0.00597022477469591
0.559584005737016	0.209985261051233
0.556020522503905	0.203856071909752
-0.104101583288209	0.0224537248463839
1.87110733943015	0.599602400649659
-0.233741971644817	0.0703568185820545
1.71755779640395	0.820820170850376
-2.83911454540015	0.928351077103762
-0.237059917289322	0.071736106517767
-0.241844219552331	0.0752485040642155
1.02447054135958	0.531245198128349
-0.5223760081113	0.140414884928745
0.324403762331451	0.0958764708145592
-0.229069304699041	0.0711714015119185
2.04177497193822	1.14346602410334
0.00349019507817179	0.00116942549552859
-3.51504620529804	1.35878374498678
-0.836890025784853	0.249170164056957
-1.08134345607338	0.362173630594041
-0.841324460591787	0.254223558114739
1.37546465165424	0.439216784934893
0.541100401848291	0.127818857380943
3.24272896954597	1.42547214627273
-0.282901271463224	0.126178038789444
-0.260933865052305	0.101079694523823
0.598576704500196	0.295072931787565
0.319235701030726	0.0941325908845634
-1.08522412925042	0.362643044085522
-0.779076843375686	0.305530305101359
0.0118237600693153	0.00316782879588578
-3.95346618981874	1.71382959517358
-0.791170117790432	0.408344036900715
0.303809076800698	0.123900260492604
1.29032627496901	0.506552660543805
-2.04902373026814	0.584535062964325
1.29501353742001	0.519595491969007
0.74005934947756	0.228093775301913
-3.32210621443406	1.20057228416852
0.482488827726843	0.204156296754454
-0.515079347934818	0.137725022751014
1.87110733943015	0.599602400649659
1.29337507943617	0.520832317482809
1.94790175613624	0.801728943573825
-0.10075853176445	0.022608042052954
-2.05433974854713	0.576107769870825
-1.37855256949683	0.369087290450251
-0.235687345957626	0.0727607971618686
0.785175495695363	0.377509622358794
-1.39848546414129	0.766338137977443
-0.453236769298277	0.151759171823749
-1.47038522834037	0.584206087761708
-0.0978213193620585	0.0220638318542834
0.267557440920382	0.131704655564583
1.27223090797517	0.667738828062249
-0.44538452339381	0.154460657274915
-0.414507730829203	0.17243431477224
0.0779809826033159	0.0260170606651929
-0.783403329369923	0.389393194447459
0.307342633839957	0.107439934225689
1.88973401804913	1.19215903176796
0.542280131446209	0.128299417175899
0.0015547750555573	0.000720021214793046
1.0232065125218	0.527441140536577
-0.239689010674365	0.0744800040485844
0.0015547750555573	0.000720021214793046
0.0147869336447569	0.00394888653328369
-0.235756809331476	0.074113881734835
1.29177955052096	0.61037192055373
1.28646465228177	0.705435806828579
-0.62768223124078	0.23652030819473
0.327605807219218	0.0949123059262477
-0.80157647422509	0.316599864382746
-1.07870097281678	0.366219315775194
-0.5223760081113	0.140414884928745
-0.245086104881698	0.0766295358796992
-0.0994736170795967	0.022542834663039
0.738348160190416	0.228612711329341
0.873776058960847	0.337729092586157
-0.836751280465765	0.251030303081264
0.553481650904362	0.204486381999125
0.280648971799028	0.124425569960439
0.144907934494967	0.0694724476245161
-0.8247136985442	0.243775063199332
2.55873440415151	1.8371281589033
-0.64200253422236	0.228204411384119
0.703830732024401	0.307979817972456
1.63230807287941	1.27104118404389
0.476759957199456	0.19672374242042
0.325965678058945	0.0948266143615199
-2.83133823353176	0.934971127868472
-4.31134345743933	2.13978461832749
-0.40639214887223	0.167690896597002
-0.412486900918382	0.169325979368701
-1.09092571278087	0.356986564234546
1.62694476641857	0.904113051873333
0.875249058180871	0.325290280589212
-0.105110575947249	0.0235349560977657
-0.253818270482826	0.0981712322721893
-0.417843968076147	0.170717083771728
0.967255633905498	0.421711271723657
-0.0994736170795967	0.022542834663039
-0.228486955443837	0.0695012238814201
0.708878486364226	0.306377591094701
-0.780722451246434	0.310073117064842
-0.803838364223956	0.326073968554828
-0.631356003629654	0.233388501279133
1.70235204809554	0.810159900144573
0.543933997993288	0.126853376726706
0.327300445681734	0.0942378191565741
-0.100630873298134	0.0231392113137372
-0.449099734035736	0.158277241802759
0.330443145225439	0.0942616611757758
0.24600076799563	0.120937958747954
0.311389974523871	0.107351540538637
-0.250374253113795	0.0916025970592283
1.60758863154715	0.859611322245939
-2.83133823353176	0.934971127868472
0.0176974506224392	0.00442667642003626
2.04106398412624	1.09110708549005
0.543933997993288	0.126853376726706
-3.32405080310909	1.20491280964805
0.560671239660952	0.2085215745404
1.72201133583133	0.800147543648206
-0.0852801828511098	0.0295482176715759
-3.69679607100442	1.44915852984902
0.690702570121933	0.293275596817009
0.32152770667214	0.0924030102114891
-1.29031071965297	0.471244509692648
-0.934027801810053	0.400128466072809
0.969013395660795	0.42946100467074
-0.410667988026504	0.172581590690859
1.93267444315592	0.777685872279347
-2.05021356478115	0.569031985318464
-0.268399430963377	0.102745974949046
1.94382367089885	0.776338720715374
-1.17845706063469	0.741025764461017
-1.07806840059686	0.358050711442116
-0.174684909976493	0.0712459270507609
0.693470055953305	0.371028818068298
1.93961424406146	0.785601693422132
1.30470249408315	0.51612438736542
0.318092425170427	0.0932620700170988
-0.241117232203474	0.0766152348332909
0.00985112133250351	0.00270490566336264
0.961177132127375	0.431992815938049
0.326519368094921	0.0959325958169173
0.738355836787058	0.228487450174743
0.0927002628812514	0.031098282472655
-0.0156523436816889	0.0061492801035083
0.280112334179226	0.112661221667513
-0.551910163277373	0.239549697723213
0.323705695530232	0.095444827266487
1.94171798110185	0.803776539333411
0.749627556022851	0.452581354722299
0.271728597486248	0.125727567224927
-0.241869883769564	0.0770838111994731
-0.246562703094189	0.0916435377144048
-2.50013836544569	0.752963874303395
1.72237953151291	0.800710591188366
0.286600831265959	0.127334238181915
-0.513944376026364	0.134820394971873
-0.103295386608755	0.0352927432055543
0.0877910164299483	0.0300195073784517
-0.105507566117693	0.0353425624828885
0.479681271099931	0.204673884758834
0.43083929972117	0.204139318913405
-2.01811627972668	1.01086052070438
1.30234689127824	0.503021605454108
-2.82800405415571	0.916370270350291
1.30634714918011	0.528894578070315
-0.0999439449334395	0.0341055225557984
-0.628333474800111	0.237393467121109
0.104017227143713	0.0387176100148338
-3.66965381157033	1.47602873590866
-1.0775029851148	0.361295530740018
0.134370723808604	0.0492302146012894
-1.28254273938625	0.466456155861013
-0.110453026374583	0.0372972345068395
-1.5244424294023	0.882724593548331
0.87339742529389	0.335340030560621
1.87110733943015	0.599602400649659
0.54857087575441	0.128558386573012
-0.105110575947249	0.0235349560977657
1.29663031685399	0.518904168462675
0.739498461318299	0.224344540791199
-2.83018604355835	0.915523433166795
-0.0400845623623831	0.0143575598393777
0.123076266188449	0.0495638278992374
-0.622084522359036	0.227825641771731
0.862093298616421	0.477237891800482
1.61244939150446	0.879524952023932
-3.317043081878	1.23068131856223
-1.46072179099803	0.569441162943915
-0.932270097576958	0.407989439013686
-0.62385471818499	0.232400153173429
-2.83133823353176	0.934971127868472
-0.803248119095987	0.307504477648884
0.744963299474828	0.2325771171156
0.288114110416659	0.114380654449653
1.87110733943015	0.599602400649659
-0.255829568258952	0.0962036548809724
-0.931667495532783	0.410829429918237
-1.0775015079761	0.491032407171368
0.0939450596857713	0.031925053159894
-1.28810247494672	0.480815408735924
-0.258961796047746	0.0957857843959016
-1.28904790095887	0.453722648708786
-2.82570625121832	0.918479199567565
-1.88749469604903	0.884886187508096
-1.20906706996652	0.600702460783411
0.478763608911121	0.197751735119692
-0.237212415301336	0.0748327439790269
0.499038762705924	0.208670081342409
0.0882438675611891	0.030224080662394
-1.62531187807187	0.682048441612908
-0.449952784395641	0.153960443265327
0.298214761968299	0.103380068302638
-0.2605830481581	0.0999512446031102
1.03785489459057	0.591631726839573
0.0160545770394899	0.00419682354489619
1.27784659979129	0.574120535796501
0.439167436246435	0.202268641521408
0.959708161932014	0.422194671509137
0.307437013207317	0.108513033682142
-0.437483052106694	0.149022159336257
0.554760328299753	0.202262145763023
0.878947192338599	0.330028635427448
-0.842416267004409	0.251298774042738
0.944342451755284	0.417182428272932
-0.516952935597397	0.134997042674037
0.30931465223725	0.110072182880239
0.861087956500786	0.321588252299041
-3.09183480000513	1.07302576822624
0.743988900194572	0.228997201004662
-0.521239785553401	0.140369579797354
-0.810140942029365	0.316697021180024
0.0100861335019789	0.00286449573951946
0.884727409566124	0.333285960329792
-0.533241001405787	0.138073304052291
0.961010199051241	0.428311282249593
-0.101789050479357	0.022868379633766
-0.103948938199882	0.0233524604803125
0.309214100843144	0.110363401502379
-0.100416310882164	0.0348438282287878
0.5460484790469	0.199394812843192
-1.6164769347628	0.682715368152891
-1.08296701167161	0.355784995732612
1.29921799155445	0.590225021026846
-0.939976347573055	0.410018880711275
0.124956955922865	0.0469439992059564
-0.175427048200421	0.0716044421247079
-0.947802852513545	0.410893382112998
0.0078907885918654	0.00233492760806004
0.969856931815071	0.44439372627545
-0.449408352190264	0.1541722756129
-0.779419532945548	0.402143482941873
-0.687637904045283	0.331531472126368
1.28104469877687	0.616130790347714
-1.07912178722694	0.357132861316791
0.737082487485786	0.219666828763558
2.04154510593134	1.14816395614914
1.37546465165424	0.439216784934893
-2.82685472330953	0.922711444031235
0.73875223205486	0.226649424561653
0.557532205682564	0.204766766217193
-1.28900474234887	0.472433305719735
0.74382021694343	0.226781474929542
0.320252995132102	0.0952285767224367
0.867805419841842	0.333288378669204
0.0972437074566002	0.0328516333826303
-0.458690817275241	0.157352338316826
0.076232071284938	0.026092668745073
0.0925503567146304	0.0303630306543973
0.881046488591968	0.325527677700471
1.05049499800274	0.615572628779198
0.973514533381084	0.447298882318083
1.7081484040975	0.825866472225595
1.72128987613717	0.823911858484053
0.304132878432737	0.105749746130648
0.00617489098700957	0.00188984685649286
-1.28686787327505	0.471151862954024
-1.28207481227429	0.473471454058406
-0.106566471069748	0.0236156238664408
-2.05433974854713	0.576107769870825
0.789953965716237	0.393505177886478
-0.790860636935843	0.309141551273195
2.70103916327475	1.02243498183666
2.34899340148313	1.13886083375562
0.0170169246376005	0.00444878785056413
-3.09293870382283	1.07206408964027
-2.83133823353176	0.934971127868472
0.74735203385171	0.227266926935782
0.000248325712370832	0.000448906633406193
0.706586117495276	0.307376479801917
-3.3112024857887	1.20126544638792
-0.523513114305865	0.137679209591898
-0.666801825291952	0.308266471312384
-0.449810407281086	0.151553966754225
0.494397627735158	0.203231019709236
-0.447573829604563	0.14661880186698
-0.087068852358104	0.0306532404807538
0.860858186820833	0.486128914178466
-2.05433974854713	0.576107769870825
0.566804576362557	0.204553852424767
1.28991745500449	0.510886330890785
2.0369336448488	1.14607240469787
1.29451811796078	0.507454154699879
3.24272896954597	1.42547214627273
0.55679847982431	0.209914993943735
0.285428849291471	0.0963016346239566
1.29035022397988	0.505818947519741
1.87110733943015	0.599602400649659
1.87693466126903	0.595647178734079
1.29106573986605	0.587732536624569
-0.829990262317023	0.25307982627687
2.6868336808487	1.50749482489308
-2.50448779490627	0.739201463947818
-0.0962833901203116	0.0222038630107127
0.00727795056105435	0.00213502079322114
-0.523513114305865	0.137679209591898
-1.62723059000497	0.67772627910672
0.323780413110012	0.0943043436593769
0.319781666217287	0.095251523392
-1.89187430887487	0.905154818149245
0.287990234198154	0.101110148767592
-0.103185336305014	0.0353405796085789
0.0928968955843975	0.0319809915232296
0.0802592033648764	0.0266423417599628
2.0303075096873	1.11679982654417
0.091731784172194	0.0315067560502082
1.3852161325822	0.449767700794641
1.61760056741806	0.87586683125988
2.70685532156478	1.00994202653964
-0.160014331075037	0.0658891192301933
-0.525823473591188	0.142192228149134
1.38427123595822	0.453531705710845
-2.04902373026814	0.584535062964325
-2.05650312187694	0.572642061324397
-0.696495009723247	0.322839474224054
-0.101789050479357	0.022868379633766
-0.244374679702857	0.0742349960303638
0.878063035149765	0.332310344071191
-0.825335027523982	0.248598183771305
-0.0992708777956576	0.0221496476688967
-1.29365563241636	0.47652004785956
0.00487266274740583	0.00159990718475562
-1.30512755629919	0.689578307968444
0.318092425170427	0.0932620700170988
1.28989401177373	0.496798808817426
0.737212301794485	0.222878174874788
0.857031502844651	0.318621205964129
-0.2471561933967	0.0779209600471867
1.08285883398327	0.708830216422576
-0.830887096458826	0.2476956260607
-0.265264963508609	0.0992992251091271
-1.07945716189932	0.363853566224814
-1.08231332567193	0.369176480609056
-2.49231208841664	0.741884845199983
1.38925128836968	0.448354899211588
0.327130737736728	0.0929907722561203
-0.633333905078876	0.236208003474569
-0.112730322568829	0.0376787292443829
0.313538883785526	0.0925993903416709
0.737082487485786	0.219666828763558
-0.5223760081113	0.140414884928745
1.02807082430885	0.535296501289073
1.29227613548407	0.506656794450709
0.00810017342181018	0.0023276003548336
-2.05849704146216	0.555726647791374
1.28251729226748	0.596496153109862
-2.05433974854713	0.576107769870825
0.96820793327244	0.443148007475481
-1.09092571278087	0.356986564234546
0.866664023544977	0.336347169504764
3.65728398123049	1.85503807942785
1.47213353542484	1.10689715530144
-1.01159240086644	0.573439967899897
-0.271314631718792	0.1122369573455
0.422280157210092	0.195080736096516
0.134028067187255	0.0516723817084057
-0.937392904983779	0.412950554153299
-0.331279972787579	0.170373013623825
-0.251301877351529	0.0927855259583788
1.71567593720833	0.818576662266368
0.116837449937207	0.0441801640562067
-2.51447990431776	1.59459170203367
-4.09420936042572	1.8773086875716
0.00617489098700957	0.00188984685649286
-0.685306608758961	0.321601661126665
0.535408689711623	0.286351086127488
0.899589042592207	0.571960084784029
-0.836751280465765	0.251030303081264
0.435004334651599	0.207661407714566
-1.28350107612435	0.474836718450796
-0.448879059203796	0.154944449391861
-3.32880462830973	1.20190562208253
0.128011883934535	0.0497265727128805
0.979261443185657	0.430861505838231
-0.690239930948349	0.326775989107003
-1.08288551177685	0.363296447190239
0.87452696237114	0.333504319825906
-0.446623444724037	0.150184987532913
0.080180983816772	0.0267177776882349
1.02914887233012	0.536812666996896
-0.2372166279837	0.0733297305814221
0.0219144390227894	0.0090461693943759
-0.284317453883483	0.128383359281939
1.03019074365952	0.531815016468996
0.305086736050013	0.110103147221894
0.083134995612766	0.0283066524566154
-0.515816270677169	0.137630330187878
-2.49231208841664	0.741884845199983
0.301363082385514	0.122740927152617
-0.250118791771035	0.0921592393696064
1.29037698323229	0.585360961803182
1.2858580018648	0.582838388822255
1.59355822070381	0.833081393356196
0.444046637767084	0.207797182214057
-0.239689010674365	0.0744800040485844
-0.0962833901203116	0.0222038630107127
0.015480665771631	0.0039883519427443
0.69587771613567	0.299818945218574
-0.442668914483889	0.153258638973545
-0.241844219552331	0.0752485040642155
0.954136433957843	0.427129565584354
-2.06067219017022	0.565089611828464
0.429155926250922	0.200045098431125
-1.29240884760877	0.456866664039903
0.120217308583806	0.0461920018039749
-1.08328339450837	0.370848428206928
-2.83018604355835	0.915523433166795
0.481838963504672	0.204221773459738
-0.235175374955605	0.0740295955887752
-0.42040256915218	0.200308021392245
-0.628838118507978	0.241580521936116
-0.236469869030363	0.0728958324225427
0.127109135580356	0.049842373089508
0.583864887081765	0.326207613621222
0.0987511480583864	0.033335910252537
-1.88692540700741	0.883742392904091
0.128883498955894	0.0497531492981377
-0.22831902735436	0.0705888473659655
0.278963133452329	0.123685785252448
0.54750529503384	0.201453793502022
0.496511958615908	0.212623348401981
-1.76747665134537	0.804549457307365
-2.82685472330953	0.922711444031235
-3.81815917706376	1.59505751292442
-1.40973276688345	0.798137774623707
-0.253818270482826	0.0981712322721893
1.94171798110185	0.803776539333411
-1.89826396090835	0.896105263639181
-0.530695804189267	0.140404794130474
0.439136993907551	0.206501288607083
0.0128775487639714	0.00353990912076751
-1.08725946823788	0.352096752913699
0.133017031702888	0.0509737346162069
-1.4655003597977	0.588266476209701
-0.560040891897397	0.239836448724061
-0.841324460591787	0.254223558114739
-1.19752120609326	0.599854025727693
0.00567513711122206	0.00288931135130413
-0.448797325089838	0.156531394094799
-1.76752959754986	0.808060739008649
0.357440808702965	0.173157451360586
-1.0833529516913	0.486160398587678
-0.834152635363741	0.25296310080088
1.61527131925015	0.892641361713794
0.323167496216499	0.0946334134428824
-3.32013518200022	1.21087626955713
-0.277745897663623	0.101570419365925
0.698134801930755	0.308842138238843
1.56159291495138	0.978781285050563
0.446976957433493	0.202607534225358
1.7157622605407	0.801390471835962
-0.405710968044365	0.167366034992526
-2.02396106306167	1.03321398593153
-2.50226013804269	0.743052864003894
-0.111931715328547	0.037746057544416
0.867626243734994	0.331344099540749
-3.3112024857887	1.20126544638792
-3.32600725437378	1.23438140630258
-0.246344229051602	0.0741535781857123
-0.254876595077477	0.0933007274947817
1.28496033606635	0.584908260768225
-0.802868813790269	0.32322035525528
-1.6428952685164	0.680502368874466
-0.803771228754934	0.407380948090051
0.69599871215708	0.299323924888763
-1.30364560290055	0.692390035627848
-0.79802133153312	0.312381244844689
0.0200435301438727	0.00515627532800797
0.562752969850229	0.2091591293666
-0.234079804153495	0.0711718356160425
-0.09255087392747	0.0319271348910695
0.482006765199374	0.20205868462055
-0.447759120682798	0.157190994276233
0.866733197615228	0.327562459436921
0.279793819145002	0.122707525666793
0.31916177580145	0.0934913649873131
0.0862929220052194	0.0296003476197554
-2.05021356478115	0.569031985318464
0.749070350540287	0.232504892288716
0.298751914202942	0.103609808001422
-0.293338842347709	0.132347529240122
-0.0930212583066807	0.0212077808526859
0.31918510108582	0.0918256878577977
-1.62805513728739	0.698714956833948
0.496577702854985	0.209355903944588
-1.07668512364141	0.350432672534082
-2.83133823353176	0.934971127868472
0.553473956317758	0.205279910473574
-1.29290169114264	0.478388857584729
-0.402832808662978	0.163144576133942
0.0970912447477396	0.0325129950649979
0.702819865715934	0.308793998410063
0.703753052159435	0.304071357079826
0.703473386652755	0.308580336990344
-1.00981534395876	0.580622097618818
-1.63048056145385	0.673566083463944
-2.04902373026814	0.584535062964325
-1.75734275843736	0.78804982735828
-3.32001561112394	1.2286468506821
0.0892332100554281	0.0305698953116113
0.501563764989662	0.21190719459713
0.706977208810427	0.300450489916941
0.879981179185134	0.326567588940944
1.93569702954421	0.787022063832923
-0.524683569236692	0.139865316336557
-3.317043081878	1.23068131856223
0.0981036889096247	0.0324617356916898
-1.40661668842586	0.791071570085645
-0.831974893269606	0.252927992747765
0.295627159372128	0.104228853517797
0.00919789971719187	0.00263503856727176
-3.31605263115566	1.20372967855182
0.560671239660952	0.2085215745404
-1.07763056835217	0.363157385349633
0.542280131446209	0.128299417175899
-0.824249101673745	0.243531934977677
0.802291741281507	0.40306878418435
0.87339742529389	0.335340030560621
0.390210456085817	0.202376449706147
-0.632814605777393	0.241319323390882
-4.09394996992585	1.80755724999322
-1.76142414999043	0.791880127155849
-1.47742785512316	0.565436737323087
-1.2870006640995	0.470535671474706
0.486125951016702	0.209968036858556
-1.07652621510493	0.353950179594174
1.7081484040975	0.825866472225595
2.30725504885257	1.46398086562366
-1.28733861005802	0.477551825971716
0.0927170749078408	0.0309302394165302
0.280621274641893	0.0925574650882872
-1.46388054629243	0.583352560036141
0.0138822919165315	0.00366683406239973
1.87110733943015	0.599602400649659
0.308177783420709	0.109222461021131
-1.60960273986121	0.647427408875441
-0.454295404955877	0.155440569829613
-0.0974411559193684	0.0219556283179796
-1.46256153338719	0.56954386956858
1.01967575494757	0.519186441949042
0.740464274036165	0.227891483543122
0.869156369709655	0.330891166249493
0.55664431799448	0.205638888691922
-3.33899824153154	1.18226769740498
-1.62599160929535	0.667351073641858
0.0975187886783366	0.0330126116722036
0.0097546827115943	0.0041475912437701
0.610151250116743	0.289667686748253
-0.834152635363741	0.25296310080088
0.978530867906529	0.425370192551797
0.00919789971719187	0.00263503856727176
0.553625000635404	0.20605642225656
-1.08051293725493	0.350922137424097
2.31872896948878	1.81459845994237
0.311077595700536	0.107486520096188
0.318092425170427	0.0932620700170988
0.120911494584787	0.0471101822978501
0.791886906963722	0.394118700609522
0.971567677902125	0.416827835017238
0.703417629131539	0.30779503915114
0.327605807219218	0.0949123059262477
0.000248325712370832	0.000448906633406193
0.291646728113826	0.0991189412403562
-1.37736686643192	0.369817212053887
-1.07478210680139	0.348692519382462
-0.00265981373247209	0.0000672767568376424
0.0968722284088889	0.0328872884476291
-0.633287278481493	0.239866463473891
-0.835544826459878	0.252839292643732
1.39253316011569	0.447615222737444
-1.37855256949683	0.369087290450251
-0.462768509549129	0.15671248753701
-1.47002442078286	0.578639685309597
-1.08536096162328	0.353576050557431
0.969856931815071	0.44439372627545
0.54857087575441	0.128558386573012
-0.529297048011354	0.138367921393896
0.556776307096912	0.205253420093904
-0.668851528496057	0.313019407598184
0.873776058960847	0.337729092586157
-1.28919257436618	0.45497960615837
0.327605807219218	0.0949123059262477
-0.522494745184589	0.138224827015017
1.30070760593386	0.518463879015317
-0.0105129611651894	0.00428477968559146
-1.07142851728416	0.35578122297751
-1.07666813951648	0.36466782984443
-2.05314601736911	0.57654870638546
-0.835758223655926	0.247067093704583
0.884779751210965	0.332585768931519
0.542280131446209	0.128299417175899
0.313494964670985	0.10893643185871
-0.922944764278455	0.398545817772487
0.136728574202261	0.053335657234002
-0.557266960492002	0.231916931852703
-0.112827982878223	0.0374758808456861
1.6889816035677	1.20964629617872
0.0729566487722767	0.0231484619874907
1.27988656313663	0.566741507261329
1.29767432434092	0.673407326780452
0.80577350723072	0.407785859743412
0.0839084781290804	0.0278892377897464
0.319781666217287	0.095251523392
-2.50226013804269	0.743052864003894
-0.521048855151166	0.138255992379653
0.703473386652755	0.308580336990344
0.808347178751734	0.402359275698763
0.546465924658674	0.128383503124171
0.482126947907314	0.202122080367829
0.00617489098700957	0.00188984685649286
0.750456405947033	0.221324751963573
3.24272896954597	1.42547214627273
-2.498964405108	0.767925687647617
0.293628347954053	0.104080121139522
1.87110733943015	0.599602400649659
1.29154529743179	0.697294201635278
-0.105403264318774	0.0234336358495098
-1.07847996742696	0.363856947530528
-0.0930212583066807	0.0212077808526859
1.29337507943617	0.520832317482809
0.320503935554356	0.0931219670988443
1.30422780479301	0.517017505008842
-1.05689999566855	0.486241878637341
-0.628337297748512	0.233882154870613
-2.83364520651914	0.914175126504655
-1.29139342779907	0.468064393177114
0.704058546125762	0.299835341179013
-2.83249128745503	0.934154025578548
0.559000815108949	0.203083318409487
0.290466231244278	0.119957152964312
-1.76758184120578	0.80805060854661
1.27368576195132	0.666061319301888
-1.07955571609739	0.357013396475091
-0.788605877934119	0.328191620139746
-0.413103554619891	0.173355055429406
-1.45910335908348	0.580923693024047
-0.0930212583066807	0.0212077808526859
-3.31803372889694	1.2396293722172
-1.61049682744984	0.670773178890503
-0.778092516635312	0.314185565609943
-4.43199124838167	2.02405971400484
0.0190842251441769	0.00494141267484626
-0.457947693330643	0.157430189041058
0.293462551573595	0.10270684464598
-0.617283808351412	0.224511684712559
0.11703453959939	0.043515873387612
-0.78476004119735	0.401509847753215
0.710433719360648	0.3055805380513
-0.929976999381743	0.402188407854995
-0.0247940192144693	0.00944462254825114
-0.521239785553401	0.140369579797354
-0.937227115175414	0.412228742777122
0.0110443161825471	0.00310815526477013
-2.13669274782735	1.12555265869635
1.38925128836968	0.448354899211588
0.473901287130291	0.271945669946911
0.810804725664073	0.400327623379208
2.35907603320335	1.15409151652836
-0.251186964113774	0.0777510439822233
0.323705695530232	0.095444827266487
0.547153124490705	0.128061292620407
0.304739178453704	0.107039717682374
-3.09073159364739	1.06509583332195
-2.01846110125384	1.03376031778214
0.790209042358192	0.387211028746303
0.325284210116399	0.0947009503158023
0.605016900311264	0.30031069013294
0.102078591468674	0.039015351128983
-3.09868623597984	1.08730133775312
0.564051294983484	0.204011125707296
1.94016088732929	0.80242414532779
1.88243729644036	1.18949370399209
1.87110733943015	0.599602400649659
0.00810017342181018	0.0023276003548336
-0.453130878530398	0.156663328184095
-0.235759541131017	0.0743536615313082
-0.0920127544425921	0.0309620902446346
-3.31902457203743	1.23889070538812
1.93070812445836	0.771954514457349
-1.28331625133256	0.470420786668762
-2.4946503122275	0.759347999169937
0.0100861335019789	0.00286449573951946
0.314413942958943	0.109193061483263
-1.76021424520688	0.782072968537279
1.01088588248941	0.523542738350927
-3.68593471296041	1.48780732400381
-2.02823120556818	1.02107354603505
-1.46933428462261	0.587940718405459
-0.235756809331476	0.074113881734835
-0.453130878530398	0.156663328184095
0.0885138611686752	0.0294087042300099
-0.618796076337169	0.231298800783804
1.01408926436739	0.522617886196705
-0.828902080556811	0.248526627312195
-0.524683569236692	0.139865316336557
-0.0289615370075031	0.0103373978276634
-2.12117582331044	1.12656528051663
1.27961031471803	0.599998347667916
-0.521598676368318	0.136683217142263
-0.832884030316045	0.249681598941155
-1.07945716189932	0.363853566224814
0.547558548130265	0.196891351535487
1.87323919861327	1.16629278938184
-1.62018197422291	0.685354727673582
1.29501353742001	0.519595491969007
-0.0956609260577928	0.0215971171731289
-0.100630873298134	0.0231392113137372
0.3100566608327	0.0889507748310693
1.30281978304653	0.516382390088555
0.703478853258419	0.305914148655509
0.737082487485786	0.219666828763558
2.04834086216305	1.17096145063056
-0.095335539902063	0.0215346615173759
2.70080453911676	1.02336096831486
-1.07173148074135	0.486092546091887
-0.0992708777956576	0.0221496476688967
-2.05433974854713	0.576107769870825
1.72035104154819	0.82265629376786
0.860776186458668	0.323305598192771
-0.5199076920676	0.136064628295205
-0.5223760081113	0.140414884928745
0.10113859216314	0.0325021578498991
0.739900789940366	0.227191955608612
0.00713763059336234	0.00212611679198555
-0.829590086194977	0.249784329587004
-0.515640221203127	0.13543764457855
0.744963299474828	0.2325771171156
1.28919447166382	0.610695562109316
-0.678489488843994	0.444717951561795
-0.16985617153102	0.0858314482690795
-0.41051822183386	0.224255344700278
-0.676263127110559	0.317495769798671
-0.878457566572479	0.705814476347012
-0.690493132959695	0.325124587073273
-0.324969964646492	0.164101740706804
-1.17089334751437	0.688832277316598
0.253401706548575	0.11929634322575
-0.402809808594685	0.163797420814054
-0.00592916682638923	0.00194573277524422
0.902660216587715	0.576475945518547
-0.254686592658961	0.0978983292911453
-0.951336552236901	0.408610192926908
-1.76220930679908	0.791519740386698
-0.00500653727628492	0.00168334465916363
-1.53994069142374	0.868878019282225
0.959701142016171	0.437272667017061
-1.89776119916028	0.913067279635118
-3.81918727481022	1.59423504555658
-0.440034940352924	0.236469516368538
-0.241844219552331	0.0752485040642155
0.284341031732836	0.128322004615855
-0.939663561636804	0.414416118557944
-1.28733861005802	0.477551825971716
-0.932897788610899	0.41657074806282
0.486966931837737	0.201721024219401
-0.287603160129139	0.130150616107514
-0.788225533647783	0.323076102287749
-3.82563038660201	1.57291524214124
-2.13363671549046	1.12304258928194
-0.0217784855348031	0.00843625962736372
0.307864953228515	0.107668636240967
0.320872458539489	0.0942158349620341
0.0932223782093277	0.0313532921626955
0.318199483154056	0.0897286262769385
0.740727028754629	0.455800435729429
1.71317049562734	0.82708892574799
0.80859104075448	0.405159146212099
-1.19337438766226	0.583436957433052
1.04992757516146	0.616555044545193
-0.675448775607037	0.318245197357441
-0.259113008574156	0.0956578314051353
-1.20460594987791	0.597682139703267
-2.01298609688579	1.0266200469614
-1.06581387697415	0.500615291973436
-1.08328339450837	0.370848428206928
-0.450157061857834	0.148335124455338
-3.9649744965498	1.76884208379733
-0.0971131176060117	0.0341615638715329
1.71317049562734	0.82708892574799
-0.0984210469965062	0.0338889543784348
-4.30054159804594	2.06506485185996
0.307494772375658	0.122145895340383
-0.796687585574621	0.316287072564495
-0.368261896627577	0.209292420210155
0.429396834115098	0.29267857899227
-0.00987920322255301	0.00634352371099084
-2.37867962494064	2.91323423005312
-0.3587566769626	0.258789480509234
0.249852195209645	0.165663902203403
-1.30948426189756	1.17985234103952
-2.32038848813287	1.30380098532918
-0.733352383942519	0.41200935079953
-3.37851112671298	3.24243145164198
0.113850001061863	0.0613908627693825
-3.05845820233357	2.43490494046864
0.623207939522148	0.46755206992746
-1.09119398865676	0.649500119361867
-0.0260805611236379	0.00970437704007724
-1.30591475442927	0.66595242455677
-1.54170302687143	1.06696829907566
-2.03585275015457	1.54040246997272
-1.69183907648244	1.32976112503812
-2.33450039906727	1.33470060535955
-0.0400490508460645	0.0218016705331077
-1.0154838833695	0.578061747603246
-0.665531034356167	0.312062747096026
-0.188821867063199	0.122382892310351
-0.591721023552616	0.358179863799317
-1.10757472587323	0.66622172028496
-1.70004930343637	1.11867061594931
1.11018502110902	0.772439564738337
0.128465470601701	0.0563198358048085
0.371528496938105	0.23860550662829
-0.600164505776416	0.405896924390422
0.184791918264745	0.111171818660777
-2.22030486683315	1.90193790205924
-0.261779161799885	0.0988007722481117
0.00281303531650077	0.0012048247133442
-3.50687908629214	1.36178811065727
-4.19822824036594	2.01891021727979
0.0811177871110321	0.0264452080361508
-2.49231208841664	0.741884845199983
-0.444716289974285	0.151933357237643
0.0910193832128281	0.0308333371148443
-0.636513267082468	0.340761694250621
-0.321956959619711	0.159906259241681
-1.58204281525283	1.25732470751048
1.25443175874662	1.0089562564714
-0.250800459059808	0.0944233596058781
-1.77787859565633	0.790599446137437
1.08741057226204	0.721667909212687
0.297678052340426	0.102554169243282
-0.235759541131017	0.0743536615313082
-1.62505547225941	0.67781973482518
0.721716261576624	0.296461826038008
-0.0848624491369843	0.0291881961091927
-1.87846461914193	1.26580005782999
-0.669993775624431	0.3246209856933
-0.515318572450159	0.267502080653982
-0.628528692518864	0.33353190295447
0.318426201040482	0.186177788349842
-0.910209307653729	0.492526881111681
0.277362933420349	0.135707043108706
-1.4210443423347	0.812313609772788
-0.162183924282488	0.0673406126555077
-0.147502840441095	0.0610628255958532
0.236999529027988	0.10784747863769
-1.75725538537538	0.788061152812166
-2.24847189273427	1.23872581601707
-0.0902654150841689	0.0320027311806853
-0.631694177618358	0.338661534898876
-1.1815189618768	0.5658048912198
-0.630502797836696	0.352181367255489
-1.00302293491174	0.551628043083302
-2.01788408870661	1.01157822938801
-0.80081062313533	0.331354624941771
-3.67486495496742	1.50848162780592
-3.84883919576694	1.59106895103064
0.977764248659306	0.445431114969648
-2.59846380020796	1.6656897078933
-1.88329550163491	0.879975850015394
-2.68928898378869	1.78583000495461
-1.33054578509242	0.704444091211542
-1.2877382724712	0.472485818693236
-0.602271047047445	0.326649392557559
0.238869329543138	0.128776819003895
-1.41268236188194	0.786402122860046
-0.0948696650822242	0.0321356620129594
-1.21894987564807	0.602917829027783
-1.18553752423907	0.747100915328306
-0.926409718548638	0.404037141298393
-0.438833896935274	0.150031893346032
-1.61641062678876	0.677783142096244
-0.261145587171713	0.100139972878915
-3.09404330590539	1.06245153955413
-0.0427468357836933	0.0149062666346596
0.125231217983012	0.0527562200613529
0.318092425170427	0.0932620700170988
-0.445921187412261	0.153465254623103
0.485027306229594	0.20531480853717
-0.0000807732271163688	0.000284443215030305
0.974300244999388	0.439826565732736
-0.623711933195703	0.225785156434714
-0.113970061640835	0.0387153263502666
-3.67430036803184	1.50154561405815
1.28606993555337	0.680476528281337
0.309627079941655	0.121537857802083
0.685903522467449	0.289586044177702
-0.627804473521817	0.228721475121195
-0.240484235509686	0.0709364119835786
-0.788557253640922	0.328184193825966
-0.54523290776924	0.239300849370933
-0.326462814194244	0.169554086121543
-0.830806272272846	0.497916555478006
-0.67618166450549	0.488380112872288
0.165550004263748	0.0985134207549948
-2.12149611003821	1.66036720876865
-0.683011431670876	0.323025263823277
-1.86877494628633	1.32521951484408
-1.93071539642883	1.40236988709678
-0.085848089221309	0.0295048806992122
-1.19850089467699	0.606353674121031
0.592950371231622	0.287312117647413
-0.830455144954038	0.486635223033888
-0.166054925781474	0.0689477619039775
-1.2727269730165	1.01567442301995
-1.31468870235332	0.687201024074355
-0.783698908156413	0.405414074732626
-0.110816427590635	0.0488399822961464
-1.76011294557399	0.776380443398049
-0.446623444724037	0.150184987532913
-0.281139931116567	0.117985997447718
-0.0866207331128502	0.0300826063464913
0.149140931998015	0.0664076882965529
-1.2799865854902	0.460762974468504
-3.98134770602015	1.71341831599981
-0.16757288575812	0.0699046784554894
-1.50353917113748	0.866012748086606
-1.61431783090154	0.676920669744437
-1.95040886209752	1.43701196448494
-0.399647076255079	0.193874495994962
-2.13604458503749	1.14908642235234
-1.29433717606533	0.452822180054932
-4.21339562295875	1.93024781779069
-0.512133593539089	0.269710182863896
-0.263310068351821	0.101859351826645
-0.29383157678766	0.133031404853814
0.695380257124282	0.299455775034068
-3.67542911223521	1.5080288603743
-0.832069625663695	0.254252617003816
0.501580359416223	0.209838970915293
0.570922662237066	0.204870378963107
1.49855748386729	0.992763413932299
-2.84187788877765	2.10944195232702
-0.415753198279933	0.194874396139953
0.374758137715185	0.184680328103842
-0.635810954321916	0.243471586768212
-4.33315269701165	2.11190210900361
-2.12956245820532	1.11714703190289
-0.671546634670234	0.3186515936729
-3.68766018273911	1.49077079124246
-0.0964495294358241	0.034018389411155
-2.82570625121832	0.918479199567565
0.0809206334772059	0.0279081224779662
-1.76235190824188	0.804750810334465
-1.18311908595845	0.745719703882824
-0.852168642999569	0.905594061741997
-1.06689328845806	0.739169935258867
-0.479569497014886	0.3195875855527
-0.968506031272343	0.629331920417942
-0.361274965377252	0.244174745120927
0.265647477690039	0.128822661791333
0.0210317225715803	0.00850049321010112
-3.12026366911193	2.61465640280237
-0.992900959781778	0.576439552566002
-2.34141360106222	1.35216999445534
-1.37128755759225	0.98047187216065
0.0284325354465054	0.0135742204597447
-0.734835211303026	0.403611930685426
-1.28719431106643	0.809768971834399
-0.0921731545503429	0.0407916174867737
0.284785741825835	0.124112078340776
-0.887418706812846	0.472136969583674
-2.23636115046328	1.24909694193447
-0.543442484813378	0.245651038939499
-1.81728742172653	1.21416097763619
-0.936511213830852	0.411947577374712
0.122121796758656	0.0482463694560791
0.918717170691163	0.634533790637155
-1.01339008910143	0.525936056789042
-0.450495992169575	0.241870297823073
-0.412854032468458	0.166740296563662
-2.11701655373629	1.09631134882933
-0.51714751843341	0.339969143634237
0.670043824531163	0.348076646002406
-0.425875801303008	0.192882198877055
-0.232977508148196	0.0728750919260725
-0.999831984194393	0.573322865028205
-0.820912728383437	0.509270207263477
-1.07187320968594	0.357882420410236
0.491148683822263	0.208745109001083
0.0175474715951843	0.00457046826837147
-0.629929938244015	0.236403727594826
0.125598447648393	0.0480535938528762
0.279599176681425	0.137949918964207
0.0185525720165945	0.00472697494929157
0.862873333738512	0.494862555792018
-0.524157442328988	0.266831854011783
0.114378556176026	0.062249528296858
-1.55086526035858	0.812074752658159
-0.671107855988265	0.410620213090693
-0.559064692001159	0.253531479236469
-0.176934274892065	0.0716317379843981
-0.998039512092776	0.579893261519274
-0.674268540043628	0.327980781990656
0.304201143997479	0.123650618516247
-1.18805490246577	0.598348431488578
-1.31444122059066	0.706309459335759
0.123947739007681	0.0476153128568005
-0.710345890711785	0.547392592406377
0.12392755826013	0.0646520910795326
-0.436260084894194	0.314417706106677
-1.72450186242881	1.78157421595112
-1.13441316668271	0.881449702892883
-1.00325773292939	0.879079011782707
-0.349099804529631	0.207283330170875
-0.692761898669498	0.434149943225657
-0.125904870242813	0.071386111460529
-1.6019367719185	0.990723967419108
-0.0733689274393983	0.0344535729497086
-2.87666202931021	2.00766582002301
-1.24980523027561	1.15478810582018
0.660791408604144	0.418853436833665
-1.88942511797521	0.884830927524615
-0.860436898741327	0.634447865050664
-0.892381750908391	0.475131690908955
-1.80268757320871	1.2335173612522
-0.784555265183359	0.405172681000193
1.07604361394956	0.741277702358616
-1.50957132373895	0.887133668527253
-0.103553513363312	0.0470060615624898
-2.12547442450376	1.13108270509841
-0.68038410048504	0.441369139659787
-0.440242513201768	0.268559274462441
0.453482431616749	0.212005540391749
-1.14423879661505	0.964454948130284
-1.17105539725198	0.707931257425063
-0.904551802526107	0.582526401448607
-0.181961160870737	0.0922204165546145
-1.09162819897389	0.670428251324096
-0.0911458983676346	0.0431516833035085
-2.10155517298678	1.66533944618696
0.456414548287566	0.255313613073776
-0.250198875055626	0.094226973818647
0.447488562122489	0.212763511346788
-0.260789077846498	0.176412039323648
-0.405357874373828	0.187183341186451
0.135910065207944	0.0542623937019089
-2.14200165007287	1.12114479616064
-0.821824173755854	0.513986134854178
-0.662491921438336	0.30862255984928
0.615528704959508	0.299954216970481
0.124936422025668	0.0496423357726526
0.874892512834432	0.341837768822866
-0.624471303104646	0.22446694059826
-0.226849105784928	0.130943731422788
-0.7396582526955	0.521620230646899
-0.527119838983827	0.265909503848294
-0.777466767270982	0.6353515240367
-0.314097076096261	0.187531377460712
-1.14630019295378	0.861487332594237
-1.18577092581933	1.04704780322945
-0.78076636773918	0.541240390642573
-1.0439935684215	0.710310535446802
-0.595648680637949	0.369284872871171
-0.0722157262322537	0.0346761698303205
-0.554896448025247	0.255839813545389
-0.247018996312843	0.132555431707408
-2.94247540528561	2.24734856280974
0.133749461369498	0.0694631678956973
-0.00761360342785732	0.00261173412085208
-1.38609696193358	1.09188913937475
-2.45116183738497	1.45998079119094
-3.68011279342947	1.50238720498449
-1.79360843216967	1.19695299825011
-0.028093174165206	0.0106101381626527
-0.449891637723765	0.271342810491404
-2.12776926292986	1.58668351829509
-2.12485801377024	1.10899067312213
-0.888051395888612	0.547276039111729
-0.0614362778467147	0.0295586245464791
-1.53933751553835	0.893051166285416
-0.617719221488125	0.337745441462478
-0.627509025533656	0.341134443374833
-2.35642431465449	1.34446642334945
0.391654925029764	0.244357041546224
-1.51338823208548	0.876028132261258
-0.529941676928405	0.339795213958526
-2.08904347594524	1.66192093225679
-1.06834933015666	0.496655058419182
0.298798441206582	0.173373073150976
-0.38118983956742	0.242304996802073
-0.00806567714981662	0.00335377250957771
-0.625891307244199	0.328284237652173
-0.40364888168144	0.168188664706721
-0.435150427546673	0.173325658869574
0.874356370755305	0.333112298526512
-0.276619030641334	0.103967737051519
-0.249136683933371	0.074110346861446
-0.780543144246457	0.390589890069659
-0.497389298347003	0.277183772257398
-0.422181756944701	0.197061194684296
-1.42615706481335	0.787601043178783
-0.798078348864909	0.376346893760632
-0.0667308208091868	0.0319461161003576
0.55252578565394	0.351380911971995
-0.845326208366166	0.479103390368977
-0.422338375013857	0.175201521592032
-2.10970690518812	1.69669995127187
0.147103754141966	0.0634702099672347
-1.85813418508578	1.29957429139372
-0.538831147211154	0.241561621271855
-1.60355333984542	0.964009537011153
-1.62414975296857	0.664954391468915
0.463693542054251	0.186906426287489
-1.77352782751618	0.786059077990759
-1.89577221825113	0.867033398399478
0.303689522881291	0.10416394237464
0.0881704999739479	0.0300611202755527
-0.784555265183359	0.405172681000193
-1.28879737062027	0.468122387716328
-1.7624221655659	0.806232270835682
-2.26913287613599	1.15445842654283
-1.28657463292871	0.468257244771916
-2.8427245388945	0.878379752655737
-3.09854591945789	1.06489183316454
-1.76458209163074	0.790165408323487
-0.417339152681637	0.19813524087822
0.00481819775019924	0.0016403559124974
-1.31969873906848	0.652276893783716
-0.00972621491329038	0.00351654156850454
-1.76317425460138	0.794727809124587
-4.31464183463597	2.14846806319689
-1.62905032387813	0.983586160157892
-0.166025848977164	0.0705397650518187
-1.62505547225941	0.67781973482518
0.479006232078372	0.204727151911686
-0.100186433325998	0.0342838040843329
-0.520647424947232	0.26663297621175
-1.75104921037494	0.768260769958453
0.706179595900226	0.307058650958136
-0.531876426593914	0.228194457691208
0.317238178134807	0.109147317077001
-0.951805195511345	0.616727143464638
-2.13089205934192	1.14883092150696
-0.0251103621833228	0.00960504737496915
0.271873768632045	0.118747948833324
0.010808964354021	0.00297117263683654
0.137562487452844	0.0535067843383243
-1.62028658617402	1.00582209614375
1.35393289862812	1.22276310632858
-1.00007487789416	0.569128328521267
-1.20101077761491	0.742571798454633
0.118153229723721	0.0460750434532864
-1.88925053803189	0.88764940565885
-2.51576865208489	1.59520110348898
0.330212320235659	0.177889028700651
-1.76469543710526	0.777531128100371
-0.459263917668832	0.157114103941558
-0.63277010841564	0.235433615665256
-0.317984742449923	0.159591894325304
-0.18818242712384	0.0953454718190555
0.135019714875586	0.0508948775302784
-1.48724452330425	0.535025518103941
-0.626359613204841	0.225485740621306
-0.0859455171621198	0.030485272098201
-0.241764267802179	0.0754067776190139
0.0293849172557479	0.0118254441153647
-2.83458329559744	0.91634542093066
-3.70117332767355	1.41201852161144
-1.28274301399264	0.471653732267616
-0.793922671462953	0.406768879267483
0.137226553494104	0.051699581760861
-0.833159166502476	0.254330875026579
0.866664023544977	0.336347169504764
-4.20949089386662	2.02694769444339
-0.521134881698349	0.263493537348474
-0.0154957020746665	0.00613018873944924
-0.454479710657869	0.146647408252322
-0.240438926085152	0.0746406049517052
-0.450921602432638	0.153888942718811
-2.68041696391993	1.83639537387702
0.0973692333953474	0.0326485590422308
-3.317043081878	1.23068131856223
2.04621636371752	1.1757694312477
0.694826386278981	0.49718297775586
-1.29181820802458	0.468330218032619
0.30559068026284	0.109901940605023
-1.76655535865564	0.768631442413327
-0.404008451601187	0.169441717286349
0.083689534189068	0.0278202499996894
-0.986083508514914	0.942154264043715
-0.712082905524645	0.45662068372909
-0.512908836157876	0.252745425761567
-1.1923120791039	0.577914295030622
1.20360468340676	1.19984877929955
-0.175790939530541	0.0837283096947409
-0.0046966816509533	0.00216827809738576
0.914591706186938	0.583849663284305
0.965443290120308	0.424716102903686
0.802130413865657	0.420923456194052
-0.235175374955605	0.0740295955887752
-1.30891047592571	0.695402487135445
-0.44538452339381	0.154460657274915
-1.75702439865362	0.794526585470322
-0.44538452339381	0.154460657274915
-0.288497647639257	0.128070858201442
-0.826886475386905	0.250046085549171
-3.3112024857887	1.20126544638792
-1.3007866458511	0.674868267321661
-2.13381163617053	1.141893242032
-2.24679147419748	1.22746447573185
-1.62176236543499	0.689619267245939
-0.942364834383172	0.396685408085029
0.884727409566124	0.333285960329792
-0.457078012151853	0.151564135033088
0.297414970340764	0.121613456778363
-0.419254980737515	0.204656795984964
-0.798014664473737	0.326087964255193
-0.0971131176060117	0.0341615638715329
0.478017205417625	0.202023742033386
0.434560637231251	0.204184519499346
-0.259973495311018	0.098006496120388
0.853557961197081	0.487072285595506
-1.29882958173772	0.453491052568215
-0.628337297748512	0.233882154870613
-1.75817315506553	0.794854384955456
-0.0205351930753814	0.00787814936916876
0.310562681477304	0.107899640684361
-0.41081810903855	0.166259864348983
0.0194710854595509	0.00493855371249526
0.0135505657717265	0.00345851928564241
-3.81986957771911	1.56199734516279
-0.243022891582299	0.0749283780587616
0.0190842251441769	0.00494141267484626
-0.309954264701051	0.153340713117891
-1.17677936924242	0.558128664537968
2.12283071146677	1.5325716414725
-0.907805156092422	0.465942048146505
0.288964981503248	0.130448394718697
-0.261429672374239	0.100802657387393
-0.255656871186732	0.0962429687779017
-0.629402459532119	0.241710413150332
0.0791569215093643	0.0263629152719653
-0.7756494968579	0.303335803151323
-3.09979316343933	1.06354521701068
-1.07336765963707	0.358272920144905
-1.61618471160663	0.664318077065495
-3.10544605664248	1.08457036666742
-0.551362798075795	0.239361242374517
-3.10225524298542	1.07674434808323
-3.31219836079853	1.21229419336227
0.744561566795475	0.232791161107715
-0.239084672817921	0.0755533408078037
-1.76352638520464	0.784680910330024
1.07845537207015	0.704419316236849
2.36340951086108	1.1510641538515
-0.269093047111066	0.101294136308163
-0.54440324648608	0.229376171658391
0.00678655858416488	0.00203306636950447
-0.62864132006221	0.231020094136989
1.87924672942552	1.16954765237346
0.295022182971534	0.117991481392747
-0.241844219552331	0.0752485040642155
-0.296908778949318	0.131919554674094
0.0012104676940613	0.0006772538402327
-0.231281040957701	0.0720387889490784
-0.246584354538776	0.0762228524851048
-0.542095133384428	0.24012479120307
0.879554968017146	0.341844876288003
0.546465924658674	0.128383503124171
-2.42449596194724	1.46332226192367
-0.0974446756807746	0.0433880842941563
-0.985474911898342	0.661896082426934
-0.287771719182312	0.128018198145034
0.0378011043461708	0.0181502855958295
1.07817671351308	0.697407083828462
-0.0297014571611912	0.0113489499475163
0.88531697715418	0.332016043133247
-0.540559823374219	0.239386050933462
-2.23327783513904	1.2500972128154
-3.32389604813218	1.22913311718987
0.490593399965504	0.199170072364592
-1.77998757745959	0.804662624343387
-2.04783485499909	0.571093548500225
-2.8448418531185	0.898193427255453
-1.19783299614345	0.575003967872584
-0.833063405948399	0.254155985426631
-1.89742456366904	0.920154818315901
-1.51559823421938	0.869789058579591
-0.0905908402461165	0.039404128165985
-1.76662277021825	0.791787510689201
-0.099827020486741	0.0452387202298268
-2.9681613991229	1.98457873859632
0.267084533854542	0.134373890286936
-1.45857458080414	0.579461263044106
0.554941238049775	0.20445710199686
-1.75635580289125	0.793444868497383
0.324329385368054	0.0959051461273956
-1.29435798572725	0.480339703041541
-0.0995973058669546	0.0224260918786388
1.28737071173399	0.577814087848204
-0.787584985060278	0.318852114838309
2.34997075181996	1.13288331823088
0.443615534715625	0.208806500190609
0.303271061148437	0.115995693135515
0.0138323337486188	0.003773407021755
-0.521940464782352	0.294238612421095
-0.890421801789686	0.481845118880852
0.439618585904423	0.204496937487677
0.295004502993458	0.117640244134795
2.0334321967504	2.35030433278489
0.613479199066363	0.298965163376415
-0.157744003459874	0.0662439782573252
0.142208065902797	0.0542992971645835
0.323237769806572	0.0954668421415237
0.793282696563098	0.403088212084085
-0.428300624013371	0.194151503730959
-3.31803372889694	1.2396293722172
-0.789605730849713	0.321738730331657
-0.835544826459878	0.252839292643732
-1.50666947413037	0.895948849394952
-0.1595450394458	0.0667216073463612
-1.29435798572725	0.480339703041541
0.100379173492612	0.0323219378411193
-0.175620818923011	0.0727398265472436
0.31328165581603	0.109015311499421
1.28000324530063	0.869491253610102
0.755274283473557	0.467030127021431
-0.626971436492507	0.239270302311326
-0.630616804090535	0.237643113799941
0.00669723385605416	0.00290257858731141
0.561421101249904	0.209976242507607
-0.529297048011354	0.138367921393896
-0.250438360879019	0.0775638663008411
0.739495127750292	0.229163664241222
-0.560699666442706	0.242408106257938
-0.174533422122879	0.0639015462322901
0.551450793636633	0.199123470518551
0.00464417371752416	0.00170233636697117
1.27864169881158	0.687541970521336
-1.27805932009521	0.464543188836519
0.86036813467143	0.506768492003671
0.134673371927656	0.0537346291837482
0.326044131549766	0.0939437624922731
-0.109685981079144	0.0373619679054784
-0.519662324847855	0.139505494309868
-2.04902373026814	0.584535062964325
-0.267184592160264	0.100921815158823
-0.835544826459878	0.252839292643732
-1.08231332567193	0.369176480609056
-0.790649947335911	0.322904544391737
-2.49582076805792	0.739355067527278
0.137616916029547	0.0566289462233417
0.298544056018449	0.10687186461455
-0.0962833901203116	0.0222038630107127
0.3180440364521	0.0908154860281659
0.311892544701275	0.108587888710346
0.555502228762901	0.198703860588588
-0.245852598736285	0.0770395409229067
0.0906741569998532	0.0293636275305842
0.324403762331451	0.0958764708145592
-0.622196360840249	0.229759915684022
-3.5134917290528	1.36974037157449
-1.89958901350148	0.920451115637036
-1.06239576846879	0.495426505087214
0.87339742529389	0.335340030560621
0.017979073648316	0.00466661923012803
-1.7579230668494	0.781987931603995
-1.47209769791352	0.561946037630158
-1.89199157715901	0.906348887947021
-3.31803372889694	1.2396293722172
0.0943720359696788	0.0313542924050311
-0.100773522662661	0.0350425554712166
1.28308827255637	0.615387686257593
-0.444309873807727	0.154215836062215
-0.932363423713495	0.412449320403969
0.74610547207819	0.228282542864155
0.495496351395076	0.209172418998579
0.558123520683649	0.21004165801113
0.29471708652913	0.117542818357145
0.0190842251441769	0.00494141267484626
0.859760913426449	0.46135917958863
0.0129153418849133	0.00344424604437407
1.77664786608342	1.24510899685183
