x	y
-0.314860067950109	0.137310988063046
-0.661366417974963	0.318253541699852
0.288302185854286	0.201874824804679
-1.06001103767976	0.495574847351305
-0.742358806021835	0.524666000744544
-0.324011686088416	0.290277130136938
-0.480885373212022	0.549651420769112
-0.724572146198503	0.407666064679082
-0.510686329503884	0.289248791533601
0.291275773340301	0.128612547695821
0.143866337951069	0.06877469625485
0.786569147393753	0.530031397256471
-0.604434302477403	0.417095957232703
-1.42448229795918	0.796864166400512
-1.22596805801765	1.37867386394887
-0.141174934183603	0.0897616787250951
-0.583594234499701	0.396351226639328
-0.512351224774919	0.260355700375337
-0.78826003159769	0.320047533568639
-0.781682812213966	0.3912338682689
0.0937168610317459	0.0319503355036189
-1.20866898575261	0.769088434961652
-0.387565956029472	0.178332469501336
-0.295608875454893	0.180458297299438
-0.704781783963149	0.567901174771354
1.08426965169266	0.907805137569345
0.0314100377926276	0.0158922677892146
-0.613865550181667	0.450032253629662
-0.218401889676602	0.103107019906129
-0.395611599452103	0.190483721058442
-0.417637757830935	0.227636349992803
-0.124602410305359	0.0669868087902202
-0.827724965712736	0.482295840228012
-0.297059014547144	0.207726992404299
-1.25276734391664	1.31992112179676
-0.350723918400017	0.241035049114979
-0.553689316193907	0.609180214197943
-0.299410746583507	0.231128282160983
0.640147844639386	0.40657293128109
-0.104460591858842	0.0688754112898013
-0.71257124715175	0.408339082176089
-1.12010771422903	0.613204952081075
-0.655000695240927	0.299743142507645
-1.27712437083868	1.00802687611899
-0.699593208758071	0.449521415741412
0.516320595956563	0.395101771487325
1.08768651132264	0.862684792866064
-0.910821001970176	0.691857153297412
0.097104962156276	0.0511629640778105
0.239822449061723	0.137344245007387
-0.807480024375481	0.717962606409045
-0.131079281228175	0.073629603019214
-0.451707850547106	0.279716828224128
-0.53414919341976	0.387755042232336
-0.411857399921466	0.336212059619906
-0.704111191366031	0.825596997511564
-0.684449896438778	0.76270631073062
-0.086500094922535	0.0501638721250801
-0.275312237989348	0.178319563144035
-0.0511596344928294	0.0259556262709075
-0.158481586347394	0.0835631336046153
-0.953293391780906	0.646518071858391
0.730026357865049	0.558204982570133
-0.633782605346529	0.48050682336979
0.845140916881042	0.689087743799896
0.177197198787908	0.12934060424371
-0.369903693209956	0.204027600087509
-0.309454849891429	0.227119212637702
-0.80874051645703	0.473722746068947
-0.530470965641548	0.375605767668834
0.241417219954434	0.178945051034971
0.576097214432786	0.475313361827918
-0.37837511940297	0.243292567692001
-1.49568162839717	1.74251284068922
-1.32100236177651	1.6745954694448
-0.343829725418983	0.261888521860518
-0.316189713332133	0.209474403346353
-1.34462701506995	1.16583658760734
-0.692357034411929	0.540549892485636
0.24593319019358	0.160569395025004
0.247283577126829	0.132665972671801
-0.405104262099829	0.307048522727972
-1.35437654934204	0.944674267379459
0.127410984591458	0.0613733707055978
-0.420240354429235	0.231394561301077
-0.0399916699049961	0.0214621522677627
-0.0946401693908069	0.0420606794149324
-1.5519403811132	1.42841045272331
0.356060508382877	0.198393596489881
-1.2036717922251	1.07469768265371
-0.967466856021387	0.985273070576394
-0.293566461794625	0.185431427454956
0.0232008056166082	0.0121440824637714
-0.0553707577905077	0.0393303011525528
-0.441744725546889	0.362734546496042
-0.920898705622691	0.978518790115269
-0.14930064720606	0.100444634853423
-0.801100828735846	0.617138318066871
-0.892364896074372	0.690520720064149
-2.10105618706868	1.69228435859134
0.0324650796049115	0.0175077383240648
-0.521011895147082	0.265028049312419
-0.926337115666773	0.95481937403904
0.24587554702133	0.138045328978282
0.530045782533606	0.373351963431545
-0.749323186571247	0.481676137632437
-1.71150490686137	1.06579669247708
0.0272260550139108	0.0149709262219369
-0.562309009101344	0.486563052687579
-1.24753278014619	1.69835417869507
-0.493464205827101	0.433850356468961
-0.274137713460892	0.1480264474297
-0.134087250017557	0.0901949606691105
-0.806295514739407	0.667168616548919
-1.28584752465652	0.987375976241583
-0.391471262824679	0.29068851057496
-0.67200759271824	0.436515729553538
0.109490794247927	0.0642539225628731
-1.06590182101647	0.995458739964663
0.237277607510974	0.155978007563096
0.0316225294497679	0.0163916025083995
-0.580628628713266	0.465601765185512
-1.45561297384973	1.72811124236902
-0.732154725684882	0.534791740033193
-0.894121342284011	0.484405047295739
-0.166443104036816	0.0846571474427904
0.960581770495186	0.72371643957957
-0.574179966967127	0.517598903968655
-0.668942842638612	0.587293378260233
-0.0126182109723457	0.00952276195239278
-0.449165274825617	0.569376158188997
-0.572270774631887	0.507210037796117
-1.25257004945462	1.94235532539805
-0.492349045040709	0.442488116463189
-0.600481836242821	0.39387820635534
0.026536519587557	0.0107717829684701
-0.175562796034868	0.0715682366445576
-0.747586140639357	0.566308256759296
0.851735332307552	0.682098884033984
-0.612829900328425	0.37611160596644
-0.21520203428399	0.125369080034987
0.289695209181103	0.212364659730516
0.0418292210441777	0.0273784799311056
-0.0481318057457354	0.0264566131423581
-0.170883439149216	0.08584824322818
-0.39583823427587	0.186172165080656
-0.752167900579958	0.612638068595326
0.0438963329204262	0.0269894939451478
0.110547918686473	0.0604903735087678
-0.609426904390596	0.328271624762886
-0.369304997628161	0.331870502625044
-0.258725598135179	0.188219594467071
-0.438612967848413	0.473481426147626
-0.332419463317663	0.335533998972419
-0.52501790662248	0.250304875620898
-0.222404339363519	0.138935634351926
-0.227136231153241	0.135396689841992
-0.231389951054538	0.165255389092655
-0.380941160867097	0.346771140301965
-0.878116238859968	1.36407865829371
0.176845428691526	0.107337655530092
-1.68454534250191	1.34348446843279
-1.23183070189659	1.17593560197084
-0.153096452430434	0.0995236764372038
-0.0125332951170979	0.00875607570535746
-0.572830160724913	0.540464114223274
-0.45226544066715	0.444533254493128
-0.829277270823159	0.919659134303359
-0.358828517334958	0.244280253064342
-0.110492061080776	0.0645080549555681
0.0239150884148351	0.0167898074277733
-0.610642566787136	0.538227062030779
-0.856355885697633	1.03630456555632
-0.669965760344677	0.484423640196856
-2.15211255726264	2.41071829116977
0.146608617499947	0.0665548396461308
0.0326893351578167	0.0174435653405747
-0.224079430754353	0.135342354689366
-1.01296142548946	1.04893437434521
-0.890123696782731	1.0530456207345
-0.479888116133386	0.398345441878982
-0.674714020450298	0.671331196848603
-1.77996808667831	1.6095071615809
-0.363911975179587	0.269910486030356
-0.0688895918001513	0.0341311029962063
-0.633166959580316	0.580554150642453
-0.728401931921887	0.811806635229621
-0.315959758103444	0.195161133150169
-0.61876030790668	0.340511975981881
-0.755019709269985	0.500369417082839
0.269027534277863	0.120272406447427
-0.414710996208248	0.19448554904977
-0.718256679709463	0.535385632922897
-0.0596138927380581	0.0468333302284464
-0.756342379882958	0.818894363690974
-1.46485771074009	1.54747390104192
-0.0331531468251286	0.0122485231738363
-0.406314073688947	0.416924170491325
-0.280236177705608	0.245439231527358
-0.157277656311417	0.0852143996033703
-0.861195696879649	0.85432136548
-0.400283589183982	0.192789328401536
0.284954605815204	0.177609135352093
-0.814435497151096	0.56106245740212
-0.209174410941211	0.127583535585991
-0.664466970788502	0.745547400156752
-0.281229869962176	0.173873988943874
-0.751297260304142	0.654179358237512
-0.0495051256879544	0.0229571915030745
-0.293679226987995	0.286906378685553
-0.678986519210075	0.71323443789816
-0.134994633774661	0.0754091981394537
-0.792807259549371	0.483372081224129
-0.908625042492331	0.480108818496341
-0.304945058393848	0.25911661258302
-0.55423928932474	0.247510081004029
-0.517300797597267	0.369614527909471
0.64604403961835	0.418044342361954
0.668613819874592	0.598701952216777
-0.00866954061242847	0.00607893841460439
0.96101360790179	0.989105661223227
-0.80374635160855	0.834246066070896
-0.0732194574933231	0.0427762471339595
-0.446611030414813	0.328420558019115
0.796902308853269	0.559355534689722
-0.820697626086784	0.566111273584233
-0.828547841807767	0.724168950114739
-1.108201745898	1.53081628570601
-0.226904682723308	0.157232947476603
-0.676674492438561	0.325349614639595
0.482808511298549	0.377894229699673
1.26395127308828	1.01213689227241
0.477755850203485	0.403573409806457
0.17026394483386	0.110147106797197
0.6857867060545	0.386080396311206
0.640860818502523	0.414411685250937
1.52934112839304	1.46129475456824
-0.300025312804676	0.130580048093233
0.0532380581395868	0.0332558001467111
-0.512312239800034	0.362283319751805
-0.226162149261586	0.14828489406447
-1.03379331360617	1.01349752919373
-0.339998384339719	0.194245720687815
0.00845184158647092	0.00478840112075898
0.403260472520159	0.237272015931076
-0.0632406229790358	0.0304057709080646
0.360086191194729	0.202943254523258
0.973192208012755	1.27369589981088
0.925163555259353	1.21446466640368
-0.235455364221556	0.136170712590455
0.942208032934165	0.889469288996076
0.469205356453047	0.352158889693333
-0.767506715359079	0.755806064723924
0.182241369312989	0.15429307992912
-0.271251255260107	0.240348491706179
-0.193048447916855	0.143271687565645
-0.0164992049267261	0.0113160809792365
-1.05930780882014	1.44527029108267
-0.453208935866684	0.410428562502492
0.599355277598638	0.603264481275439
0.198731899901497	0.170988729144375
-0.041493882380976	0.0220255169398512
-0.104603703961964	0.0742533446050106
0.450270708618454	0.303347450673818
-0.203358990471142	0.123029206388665
0.423573415529149	0.344118480597967
-0.4566875041197	0.313655101327798
0.0448703909703584	0.0287305681180793
-0.311582982067969	0.224940493240327
-0.262703125406011	0.183552013308437
-0.927251285204683	0.66828338357918
-0.90709733757624	1.12959839242433
-0.695419095084072	0.661518143447619
0.0748998322094887	0.0493751296646841
-0.785621416801663	0.779467689459254
-0.549089578733711	0.53449722041774
-0.123401796382384	0.088256223510165
-0.422514329460715	0.322396653913988
0.702104525457506	0.498644313444895
-1.18228890809247	0.735121278292402
-0.505025453674417	0.292844217524728
0.24164412129363	0.130790801136874
0.553377257512947	0.51610226941832
-3.04039469569133	2.47156806904773
-0.210080432807151	0.0953477764297025
-0.303613914970082	0.128842647042419
-0.689352827837108	0.490066287076222
-0.512114978946198	0.316221212782385
0.3276482292521	0.263718951468713
-0.393847292032798	0.393720127626078
-0.736875640123754	0.962412533580198
-0.0925857668062246	0.0800931464023819
-0.0926021864057044	0.0604797535286107
0.741228616692363	0.567717183506341
0.809288925257199	0.407931251315492
0.08377747461758	0.0535154935286733
0.953012708894602	0.804038056360479
0.534111091211378	0.336451631387246
0.607137072737538	0.41404801753957
-0.0638848408672917	0.032265547278235
-0.15212380029907	0.100780973418128
-0.500388959507786	0.322493369841327
0.975730531200189	0.792062908025686
-1.10938691106112	1.13523821455294
0.150081563979581	0.0698915528335034
-0.075158733832974	0.038297438876401
-0.983416024536334	0.668114660151713
-0.255209943489815	0.0939701389189078
-0.9907031042283	0.756008748621075
-0.523490472356954	0.268834817519462
-0.492010789213234	0.335115376217724
0.558259050123998	0.426160337871327
1.09027269345351	0.978060294929994
0.0337237624992646	0.0152978364577467
0.0791383224417074	0.0468312323080861
-0.677315461751137	0.677498696880415
-2.95495837403531	2.23797262765586
0.426527484277994	0.199236956060518
0.291453753540768	0.181540290995245
0.705140639382348	0.306941296606773
-0.567175491563771	0.24894096035912
-0.165191470189593	0.0660904327414516
0.282037461038475	0.131031625498711
0.0192633687897837	0.0119961573256994
0.389906516088479	0.203221561830512
-0.75329138674994	0.518280987352784
-0.981447154444103	0.779771624687332
0.829584859707485	0.805578798624381
-0.208418685200282	0.156330526835335
0.0912857089955688	0.0650469878261069
-0.127614838952643	0.0703377189774443
-0.590630258533443	0.524129785773102
-0.214483602785101	0.164206951870251
-0.520902086274235	0.398787463296823
0.105609416698225	0.072665958468507
-0.071142117017656	0.0348581248281171
0.460354706445289	0.348793968712376
-0.896492835586487	0.463351477685051
-0.0704285543947192	0.0336179922560523
-0.216993758163762	0.103244170288451
-0.396928807650619	0.209437311782003
-1.18544798271977	0.566361297970491
0.237356617544893	0.153915046438795
-0.799595658895102	0.49150025969736
-0.427204800008269	0.175663715626148
0.546400888550952	0.284255497733007
0.503585479425068	0.262324301006443
-0.578471591409255	0.386052817054086
-0.209440239515109	0.0946454934158561
-0.488932304632406	0.396240663910362
-0.340470755825404	0.308920051839383
-0.429758467099431	0.452023447862097
-0.183073817437787	0.156084711814165
0.578165630556181	0.438129044604048
-1.00778696252777	0.893453994408809
-0.638140220389918	0.614468456713344
-0.382404549742346	0.259545033518841
0.0988842162234215	0.0616411603330628
-0.450435414262394	0.302038987687595
-0.0644236944301744	0.0304330758337856
-0.0373627966311728	0.0137993889940878
0.144305790396951	0.0631288594983817
0.122687360141027	0.0644081425494498
0.443556235677313	0.213795996886829
0.0309633660871734	0.0138026458377456
-1.42348936181908	0.815895771108139
-0.422338375013857	0.175201521592032
0.13296520382726	0.0621780904252149
-1.50946734405688	0.896283026667665
-0.685377726502062	0.313906606590026
1.56517052919171	0.974134261499214
0.275933340699788	0.124048486568378
0.801519778118631	0.387615463884702
1.7683599052277	1.22817851360377
-0.249423619691085	0.133807092227758
-0.0939066605687832	0.0306235992942845
0.0182248771366631	0.0139084555337666
-0.834762855728551	1.01155579679838
-0.100200601684778	0.0715363256271106
0.321153930135495	0.242162584163495
-0.00504794938175016	0.00348960695537268
-0.254643562522681	0.186808563270328
-0.0841515171722466	0.0609405451350747
-0.601797872307308	0.585885764516106
-0.119471827558696	0.0680391061505865
-0.526543176361354	0.402858027729366
-0.0412012050658771	0.0220095769341363
-0.681793095821767	0.536333228224172
0.549467546880537	0.340177640903866
0.646466304767593	0.512873266931039
0.028333047489435	0.0144478431535725
-0.27828222920776	0.12407137736479
-0.232191774843571	0.108217816910641
0.37552082837651	0.2444490073944
-2.21931333776419	1.89907377844107
0.290630728144176	0.179750886468492
0.407387179937371	0.210150414325846
0.615011534364951	0.304889165902722
-0.544857162411345	0.247240012328127
-0.514720780463319	0.297613793934993
-0.787836134436954	0.312263420743246
-0.284346177877805	0.125686246697652
0.146037982734691	0.0992887638603006
-0.435944061834352	0.341837339584025
0.976492136405742	0.885934269223683
-0.586626686749831	0.483253970263368
0.287844239619017	0.211218601876642
-0.391415096689903	0.383573780163296
-1.00294348330539	0.737622947444382
-1.27347106502977	1.14418494241977
0.188393104478656	0.110533749285252
-4.52528326092479	2.4102197223481
-0.374795706979698	0.270256725794656
-2.35918641173556	2.15373070308895
-0.521475378579631	0.366963465120277
-0.842119767182349	0.595649049536384
-0.4098473987211	0.166297291804649
-1.25786669111803	0.843290041054435
-0.0491929684844302	0.0268077235786196
-0.293508693115061	0.173949515389769
0.592031076663774	0.281830079787194
-0.743773713386025	0.505128426950156
-0.453621671886969	0.302055554103406
-0.391066444641391	0.255494548230566
-1.99412840559193	1.46836508993234
-0.502793945607696	0.294779436096609
0.208346216236614	0.117281779972004
-0.211539628294441	0.121711787857817
-0.0656704328608185	0.032217888318766
1.49660624834737	1.78951714949864
0.0834231108743043	0.0467248659638798
-0.0610113830503763	0.0285288543036836
-0.327750280449067	0.198344826339188
-0.510461584220123	0.286999864517107
0.357216277251485	0.303292251953231
-0.395261367385204	0.356055990485554
-0.515395119257383	0.389124330853129
-1.93888171204807	2.28637834778238
-0.370512731404855	0.248781610945493
0.585751304894124	0.527253226535442
-1.76037633543713	2.44793118984279
-1.08591550041808	1.01711644341887
-0.776289231583644	0.634341169286103
0.0207801554955302	0.00959588001471482
-1.61221114685584	1.01468208559371
-0.65476498815143	0.47018981690424
-1.54039366332695	0.899276783024195
-0.607300369922356	0.380386922103825
-0.593599588560552	0.394978259635451
-0.616251622948046	0.306681036040368
-0.519739794289826	0.344750938523734
0.118373452535832	0.0459263624418572
-0.358052037466424	0.213298376691797
-0.41997178195708	0.256506048039475
-0.703317384236566	0.397670548600609
0.274332422581911	0.135321400697193
-0.0839549769061276	0.0392868617836512
0.235672076234571	0.150295081311878
0.239940344247212	0.157950331241267
0.690971525581535	0.48478336242656
0.142289046103372	0.065316362914096
-0.304707670640147	0.229188927019899
-0.960920768979037	0.979925519314272
-0.142768122319467	0.0916769426554186
-0.414171101463244	0.299859191406597
-0.866607874622068	1.29907595506124
-0.846189493848594	0.657866112450131
-0.719752259980432	0.761458379172009
-0.142910540166116	0.0930437629453989
-0.527778359137146	0.37323092011142
0.948045306809857	0.856483238680575
-0.125262031799957	0.055435043490373
0.0410920330645801	0.0218935034798642
-0.435207760547429	0.22332692849919
-0.495904484127996	0.253330460578979
-0.536155029960136	0.233749070874813
-0.25009146781044	0.129897926315603
-0.795628673608973	0.392230620967297
-0.507890182228147	0.287261200672168
-1.45414541273076	0.567873779920886
-0.512614401960069	0.26298151185383
-1.27084252251426	0.836292423520739
-0.527474435707538	0.275713916559455
-1.28684483379452	0.882874499788955
-2.02314040759382	0.960141855912943
-0.423747400601584	0.192803529081345
0.692976574671917	0.393066705973173
-0.141005387905764	0.0558583220680784
0.698579464835487	0.307940484205844
-0.544426726686261	0.229773217916422
-0.206537295410757	0.0982661491570764
0.142101904216962	0.0615538541232464
0.0969692895229423	0.0325412200438546
0.0159813001554608	0.00894751278017277
0.390180579942369	0.295697164387117
-0.252511508762409	0.16544916834443
-0.210925808913513	0.0982917799848724
-0.151488352684548	0.062767079773923
-0.229516319333325	0.133388306665278
-0.0629741680516651	0.0361357292900611
0.0266087519922167	0.0171396031225827
-0.0823805779994839	0.0536554989734028
-0.5024045996378	0.349569119490203
0.562794872288948	0.425895211597073
-0.927504628261499	0.689218473158268
-0.308902229300886	0.212037037841182
0.385461270830604	0.280001395539827
-0.241786787310071	0.143764943533028
-0.151406445872209	0.0814147121207399
-0.711043273971925	0.398157067699856
-0.276546330093891	0.122936040244323
-0.0213022061574502	0.00804012616112511
-0.113588256471231	0.0495286339308138
-1.88889935772444	0.884803414426339
-0.784098387788223	0.307081641046092
0.00693662458038492	0.00210489586305147
-0.937102097179862	0.417366704175018
0.859784333385358	0.490681532660393
-1.41942735113875	0.804868119889803
-1.41658087135096	0.797584301399166
0.142134855967937	0.0526665246978025
-0.470669738177301	0.270088464220609
1.28609899090487	0.772345787483419
0.605702374158366	0.280151754385286
0.438328501067759	0.203655264962278
-0.390840425820621	0.187224156253658
-0.448576036434	0.157226426303193
-0.520400638654727	0.137450762960971
0.809653448881864	0.401606572750991
-0.411989421782418	0.17198073012026
0.309832724387647	0.110305655091749
1.60948574799902	0.900781201867153
0.499784235792894	0.205924154341748
0.081657072751587	0.0279835749008303
-0.460512357729233	0.158532271375042
-0.0816258207727883	0.0280803499474174
0.0914745910080864	0.0309425165438606
-0.54214835429025	0.239248135969956
0.609382876457702	0.29700468999829
0.704888451306494	0.495082547037894
0.547321592123929	0.291882085036327
0.316836647327771	0.189762151163349
0.416234944568936	0.257130846477958
0.12316396399916	0.0623831223505975
-0.419841769597572	0.225460898073104
0.0100099263872952	0.0041495988960514
-0.430650625456648	0.226123257316287
-1.13909136127441	1.05938319699193
-0.245893716047336	0.169780135583354
-0.174518500549108	0.0860083822455107
-0.296831926397907	0.180307106415177
-5.1163002387117	3.4786701449794
-0.142328254095906	0.0882027526506783
-0.251942162099327	0.181943981688735
0.134047296455275	0.08996717648293
0.830695474500101	0.873237099634882
0.603914391400105	0.360377746991006
0.342780939055737	0.234275997349704
-0.891617026809897	0.487238861442285
1.5375861357363	1.49014148606406
0.96169968869573	0.849444730441802
-0.254776929178647	0.0963834923788793
-0.394196777011447	0.184512213004484
-0.27331668751553	0.12192912282359
0.30431622230896	0.126448747940884
0.0411750021705379	0.0219200203501639
0.871204410328167	0.4929046604791
0.936299484019148	0.707667500927181
-1.76641527145553	0.759986773013468
-2.13814210135691	1.15422367415959
-0.0213717990211654	0.00835260475645962
-1.62922468928977	1.01229258698278
-2.498964405108	0.767925687647617
1.05080657528028	0.598793830762224
-0.786450612239156	0.320186939791434
-1.77492312269043	1.19706175411221
-0.802384673511692	0.306658207931223
0.301529813206206	0.124013354971658
-0.410196717701134	0.19716990535128
-0.171457823972841	0.0706740719739831
0.153734663243029	0.0676972273475479
-0.0879696928436291	0.0391718919893349
0.557355604387933	0.204976570305999
-0.400396016023016	0.192641957914662
0.55664431799448	0.205638888691922
0.306349450740404	0.121176298701061
1.49933977995639	0.984311668243458
0.548238753267921	0.200198153194089
-1.3994389468849	0.754754669900595
-0.542866957744161	0.2442469935477
-0.557745643134017	0.241223130025314
1.0726637788228	0.693740016609032
0.0442366054807835	0.0218481650566061
-0.211024515292442	0.100186723798405
-0.257579297377524	0.138789639833788
0.230293163009356	0.122301835834356
0.371631609672494	0.202204049671698
-0.526792686926198	0.262092395186335
-0.392265608984	0.185866415022131
-0.170134137138811	0.0860281415450375
-0.613306447894261	0.358035790473557
-0.381517758182703	0.254526284291481
0.261588103724268	0.204065591149234
-0.19683815933657	0.125007322779296
-0.914254218205461	0.852287468168148
0.202789217601052	0.133609791050444
0.397255399034905	0.226802396172009
-0.427205697328303	0.236671251197095
0.156192656106344	0.0670091912628064
0.327726036554461	0.190466191052319
-0.218518280130175	0.105307009746474
1.09028014854491	0.846619921749333
-1.61113976344791	0.671631261735209
0.44106720531388	0.202660571881071
-0.271583318902252	0.102774989599489
0.21935104133219	0.124860849476273
1.86935051480774	1.08289971710681
0.41726467325588	0.193097915237469
-0.783712956487426	0.315596164513132
0.145753201947899	0.0630603598333348
0.258693874567125	0.128574090212208
0.308695712500692	0.110129111780495
-1.18664508142308	0.586541261992118
-3.50766607864638	1.37426814117007
0.881614815211715	0.332783342993644
-0.625961436039508	0.227280187732062
0.562752969850229	0.2091591293666
-3.09868623597984	1.08730133775312
-0.232787103490094	0.0708064205646363
-1.61743046392399	0.67058082027604
0.430603712523095	0.195060829720425
0.610953304866899	0.27358290883458
0.784864058776235	0.38418060336212
-0.0956609260577928	0.0215971171731289
-0.247891491958237	0.0781066270572334
-0.406980093516446	0.18458963963799
-0.442128644586968	0.146782074627962
-1.45468715645993	0.565479508224816
-1.07381227391188	0.355463167451648
-1.45522846411172	0.560246065559747
-0.993861593891772	0.566502385566514
-1.08441091677786	0.652038352796521
-0.411999633785489	0.210629056847644
1.6149378274203	0.89700042191902
0.895085598961251	0.559472026790577
0.188299036295906	0.11368476736685
-0.413995904044387	0.172363919069318
-0.135102231906213	0.05907542772094
-0.16548631444098	0.067983338060019
-1.16323247698794	0.9928581035269
0.166531266306652	0.125319703774402
-0.0778638051181655	0.0475412404668937
-0.221667924668925	0.151921588837136
-0.353546529702956	0.204474296100876
0.533253967232891	0.282400617858526
0.359477350016807	0.192951321833038
-1.88622744750065	0.901260415859402
0.65640237532203	0.427327892102709
0.683349958430189	0.368340464670228
0.499016555758745	0.20865290524038
-0.236696740212558	0.0737145165919981
2.05360404019619	1.15442334967429
0.87032900611893	0.328569436888906
-2.04902373026814	0.584535062964325
-0.793307347340022	0.32193325335293
0.0128775487639714	0.00353990912076751
1.26188588549621	1.00527577721075
-1.28758420887901	0.471090922947331
-1.07570589833403	0.363045486224643
0.0113884144713565	0.00313735292015733
0.308177783420709	0.109222461021131
-3.95422276048599	1.63489793378132
-2.50448779490627	0.739201463947818
1.71666308193427	0.820794228463132
-3.09404330590539	1.06245153955413
0.0982104744591689	0.0328661333126171
-0.0962833901203116	0.0222038630107127
1.06474957237807	0.589154777366353
0.294599311447269	0.120604374267169
-1.08328339450837	0.370848428206928
-0.09821864548052	0.0340294348617538
-0.833159166502476	0.254330875026579
-0.829062107836469	0.244140991162542
0.307930442617167	0.0863532800046713
-0.786475536199284	0.317216512131261
2.34433108117107	1.12244688505
-1.4639940154101	0.579205934292896
0.0978663081532091	0.032768887154907
-0.787313663505804	0.393744999557809
0.134262249430249	0.0531537267537335
0.55085406704429	0.203493129739022
-0.639082035085006	0.237492745595242
-0.448178786999639	0.15594907638673
0.434607899976504	0.205279602348751
-0.0776054174436459	0.0370356839224273
-0.17775592051071	0.110680894831649
-0.803897471958025	0.31013230267687
-2.06822945510662	2.17655363151025
0.023633232330198	0.0174384245800662
0.0707764288714845	0.0468749596834779
-0.37036616951556	0.202362140127728
-0.420390326100954	0.168799261035847
0.237988894455383	0.123865872941979
-1.73135081297202	1.53273342402178
0.286861051243031	0.116983625277654
0.551460291216583	0.345231323613922
1.49558422088856	0.99965444456964
0.859182740416862	0.481037364495335
1.56018481238485	0.959333209987055
1.06074499705144	0.644887229676368
0.701139876597173	0.29519272182424
-0.260875714134486	0.0978706840561324
-1.631776115156	0.678398223964901
0.0934893552686224	0.0317731553916026
-0.107361753578662	0.0361133668002583
-0.787901769698619	0.317380685784348
0.55083612409948	0.201467886341567
0.310154448981789	0.109367885817903
-0.799707865380422	0.327749122568086
-3.31518843568061	1.19835002370899
-0.943789537220019	0.39613486070962
0.708292777359554	0.313423039635969
-0.5223760081113	0.140414884928745
-3.6806634193175	1.50623217393168
-1.28331625133256	0.470420786668762
-0.0135616345794388	0.00542470309470238
0.310608693581919	0.122345653836225
1.30634714918011	0.528894578070315
-1.28962986610511	0.477635949130163
-0.231108789370875	0.0721774916639875
0.865966498570964	0.325510047347496
-0.281779970493525	0.12425711315708
-0.652610160126527	0.298765262128322
-3.67373535204402	1.48574641096711
-1.08328339450837	0.370848428206928
-0.041123223722038	0.0151058398766138
0.374158717291676	0.184148782592733
-0.413995904044387	0.172363919069318
-0.5223760081113	0.140414884928745
0.146336533274214	0.0625640073910987
-0.413245439478838	0.222402810970201
1.89579534587512	1.82065823096481
-0.415350465011645	0.16712359492277
-0.945502473797016	0.409296350105764
-0.629883302886521	0.344094829979781
-0.478289085112287	0.395978472710594
0.526990803226279	0.404256728865353
-0.380449618662261	0.367453746612477
-0.244950826772937	0.203569972614647
-0.811048476110117	0.676852498090717
0.468570643262335	0.369660460172326
0.850512189098587	0.708839920262985
0.835288955476091	0.606602553759731
0.433218760049544	0.264650825477421
0.25738285701179	0.132819737017776
-0.606900986379132	0.339752940850235
0.434082812834499	0.206058043421811
-0.269762291051882	0.100932438398409
1.2757487347179	0.753469473953644
-0.333913611275539	0.168290394986871
1.0274290983684	0.537105869187731
-0.00133645745138618	0.000192934263846775
0.706683110555322	0.306967532353609
0.0828899493781303	0.0278639020221689
1.55881965788362	0.965240396968303
0.296522481337342	0.101917145733346
-0.440709227349015	0.15165801227671
1.50304673590091	0.994668607749094
0.0911859666411709	0.0307413671123229
-4.07785833770613	1.84852594760428
-1.7581116796412	0.796319378971699
-3.09073159364739	1.06509583332195
-3.09183480000513	1.07302576822624
0.09828440563565	0.0320155398038887
0.298511703358936	0.104117148588735
-0.237275358357156	0.0740297101533226
0.879210324753055	0.333577896385666
1.28565611818843	0.582455107383399
0.316999011228212	0.0928334677014698
0.807414401947069	0.40828033661141
0.297390416771033	0.102368147021068
-0.516215201709685	0.137775183819285
-0.242506422393864	0.0753160757356815
-3.8440919706619	1.57727578998761
0.429394931474441	0.201523741201818
-0.0855223251717931	0.0287765044073378
0.488265151065733	0.205721087584376
-0.032359218156232	0.0121177910924843
-0.21251474191001	0.101027805904042
0.155836369877643	0.0745824991416213
0.292369129631096	0.119603230223302
-0.432099583951965	0.197838731725187
-0.410711853458663	0.29100107861723
0.684457424649021	0.584131443179625
-0.368217078349353	0.265338810969598
0.0299827210978055	0.0166710410460365
-0.311899492412085	0.158308610598236
-0.268984254910535	0.146334534660943
1.31432464903269	1.31608120137559
0.586179401429327	0.399512397520772
0.858559343616328	0.502241783362066
-0.546998123133341	0.239235900357429
-0.410205025556285	0.171238597448119
-0.406863286018797	0.189173115655627
0.710310754396457	0.374758905836774
0.0015547750555573	0.000720021214793046
-1.28369124992731	0.463666536386477
-0.441861126721075	0.144807247039459
-0.295110217393846	0.133867567595694
0.130133710220204	0.0514915573149021
-0.87523922864005	0.454808897080329
0.602559581803302	0.290131028852749
0.712492793896401	0.310850879822649
-0.398363232685579	0.188264918236945
-0.787836134436954	0.312263420743246
-2.33462091012591	1.30751689750561
0.00648316795501091	0.0028020776662423
-0.828502094065778	0.25094168663078
-0.00153740824949958	0.000215193543251446
0.973670890197544	0.445479037045078
-0.1011986944783	0.0345071306166295
0.129212904846228	0.0504859963118826
0.00972478893981658	0.00278683752860415
0.393547086585132	0.188210694739073
0.298693417314379	0.107292994882557
0.326209545965283	0.0938168495394168
-0.788653795986542	0.326914949380755
-3.68176333633466	1.48750125621771
-0.44827845243124	0.157314833464383
0.556283820225193	0.198673395198301
0.301300001060447	0.123635812919255
0.0971193813362326	0.0325649191658198
-0.399212623019639	0.193005080657057
1.29699247669457	0.706526645584934
-1.39692413922215	0.761296171147393
-3.67599283921959	1.50022965768208
0.551713709334611	0.195381175989561
-1.47538661331456	0.585002485480853
0.28459805388591	0.127639426735414
0.155109198272547	0.0650756738527038
-0.213327492107003	0.101294595925307
-0.187849959655033	0.0746433850907636
-0.421058769639287	0.171657575416133
-0.669836954543179	0.321538966768867
-0.660168393781193	0.39943365980921
-0.575212327604896	0.391802290915836
-1.18281226932656	1.28329254456285
0.678835540018205	0.575583651485344
0.396477519993725	0.205948200072591
0.605743850956947	0.288392106715184
0.0200412756981709	0.00819894088036968
-0.400295366095771	0.190276051410392
-2.23988304002574	1.21963616263357
1.41876304955081	1.1578001806579
0.539064418783031	0.272725479465867
-0.241914042811227	0.0752532861732076
-0.541884377063524	0.236735586480172
-1.19186736980825	0.565593172439486
0.739900789940366	0.227191955608612
0.0078907885918654	0.00233492760806004
0.713965159348937	0.300614809694907
0.562137745994624	0.203206298721199
-1.77244939896443	0.784349564558119
1.28104469877687	0.616130790347714
-2.8291542449386	0.893923832929712
0.487586320452112	0.199502520944535
-1.07719625785892	0.365069612392098
-3.67542911223521	1.5080288603743
-0.0989824574858418	0.0222456966330467
-1.0647234912829	0.505089155257276
0.328081123848185	0.0930774194558087
-0.10121851877543	0.0345140955038814
1.54833503303334	0.955368906490672
-0.241332228743908	0.0749337757950887
0.626468536012626	0.28900135480978
0.320872458539489	0.0942158349620341
-0.0945032483602891	0.0218370726435746
0.606663851010817	0.302015554556953
1.27508918710076	0.5976833428207
-1.05982358310216	0.492992156265639
-1.76546114960075	0.771423368704815
0.441982310733924	0.208015686932042
0.486817339154313	0.20162600553969
-0.633287278481493	0.239866463473891
-4.21689201843186	2.02272244994079
0.286580739557789	0.115513218006445
-0.317419586306773	0.163070467357235
-1.51624807225135	1.15913561147258
-1.60880773822385	0.956616799053175
-1.12313106219017	0.977808536986395
-0.0711693086961589	0.0336107592737296
-0.624849689864374	0.340916693087831
-2.04164780665089	1.52126300730219
-0.231476516696288	0.10986376771609
-0.782842443026985	0.404587384420481
-0.274213585484673	0.118979107603277
-2.54672632391568	1.56414773169413
0.13882280970274	0.0599693151795459
-1.30634458092826	0.662055792674656
-0.176926796589614	0.0902817159302413
-1.18630056458134	0.756972670631552
-0.866651869961817	0.827216554925827
-1.45468715645993	0.565479508224816
-0.363048439719126	0.276538244349062
0.10329968409178	0.0610878682683667
0.0752405764019602	0.045512772405145
0.146839687803587	0.113566336776597
-0.419682656523625	0.223810613708585
-0.512778283449055	0.330944543937252
-0.04299780439156	0.0228910899847956
-1.25656948525257	0.987049580196721
-0.552089152437936	0.45876886179642
-0.151152794225815	0.0623502568539363
-0.231742628234494	0.133753418138702
0.00995727010700824	0.00418911332431688
-0.25716354322821	0.13736678993642
-3.01808023497896	2.386167961528
-0.797779772480802	0.41095662300796
-0.0314081945858525	0.0116762643917325
-0.776562494649759	0.388167625432688
-3.5134917290528	1.36974037157449
-0.618038655000467	0.330810572978914
-1.18771999896283	0.600674198175474
-0.548643503094665	0.267881147162164
-1.06486448579633	0.492895466079247
-1.06510676062907	0.743951981608268
-0.941046747132612	0.397429114374544
-3.68766018273911	1.49077079124246
-0.837099534088992	0.249769720288877
0.0752288228177408	0.0258329880144021
-0.680230576215599	0.326524416542615
-0.521354276075847	0.140151065895862
0.092132239852392	0.0309081697583194
-0.29465747431259	0.19139416094147
-0.487250864812394	0.267504387228007
-2.42776732674299	1.39826547411712
-1.07523349239903	0.503630204778462
-1.59617788672862	0.928085632526891
-0.264459830308442	0.0968295994539424
0.119836980015023	0.0458957341254283
0.543343829543868	0.286823616152125
-0.119227348727425	0.051239313505145
-0.983304408294357	0.660052360638369
0.683349958430189	0.368340464670228
-0.662939339181857	0.309361472271643
-0.536444659960338	0.236540948808333
-0.0965439291255987	0.0432109057871766
-1.1817471225785	0.566556128153161
-0.927697264742994	0.403814054847775
0.300663493826457	0.107440465599507
-0.576060476096908	0.444973667237061
-0.65071185995106	0.436657714396123
0.00832607240485287	0.00473738446560463
-1.13276807429998	0.769616570255105
-0.164717696925283	0.0683542654087937
-0.200933819082063	0.0946123775385989
-0.130069936469727	0.0548179360564338
-1.05960009104539	0.479545893431363
-0.729144316049324	0.431183571908993
0.861685753446399	0.485583069280883
0.257751501364082	0.126891404752805
-2.71295674336887	1.74225276222309
-1.69861962499805	1.06321762023475
-0.538332021976491	0.24308151328152
-0.33029951062749	0.16854346062793
-0.889657169307545	0.561359913258339
-0.925320909291724	0.49581466291148
-0.17581184562907	0.0875313130207606
0.262594187962055	0.128606922148501
-1.12086482551946	0.958730461521483
-0.479755655370233	0.381163346843797
-0.119769947545209	0.080037120353378
-0.717478864790125	0.656544924277032
-0.191257466580224	0.135795158072085
-0.639348279518694	0.539737338337127
0.0543989421058638	0.038280845101934
-0.363159436712994	0.229690735617474
-1.26079610239997	1.01958595721991
0.172552221126993	0.107791214102933
0.322907951990872	0.19218155859264
0.138010462482005	0.0592437330246222
-0.881501086059645	0.463343023604088
-0.15479730892373	0.0767928920450453
-0.412531210957282	0.226191041164538
-0.444595582196725	0.151495565770649
-2.34874730750525	1.33312178589721
-1.31739199482016	0.680920839751597
1.71323621577529	0.784438885876482
-1.20629076523365	0.576895613219421
-1.08012006983284	0.627760680772495
0.475101836581989	0.19424934130876
0.304455245733321	0.104395047029698
-1.28358451008746	0.470403258949645
-0.233323389453537	0.0713962539133998
0.0986960181700811	0.0318288865282713
-1.07014016417103	0.507184725062768
-1.46603941705047	0.583389390662394
0.717315204050405	0.30039228614603
-1.62649237441874	0.696458443256091
-0.660226824963811	0.316111143367357
-3.96206708234216	1.68947057647729
-0.618719916794547	0.227872059743683
-0.455432621073778	0.159534431150736
-1.46015956548501	0.574745191187339
0.278565808548458	0.107881028448469
-1.89363232103688	0.89224637857827
0.26275286152882	0.135269632554398
0.110220464299068	0.042278849212325
-2.01774898477661	1.02295809547835
-0.286071278326689	0.127037491938776
-2.43196989999484	1.47284835066826
0.119209885673962	0.0466367716970803
0.139874441410718	0.0644808272380842
-4.09986797387282	1.86747351239895
-1.88719399127519	0.894586923360504
0.295131193781596	0.127028765801207
0.704925021979698	0.302234903711595
-0.543674147714873	0.242247985425922
-0.720517303882324	0.576747219537279
-0.516015821896536	0.302474474553996
-1.41687992875082	1.00273965032941
-2.8873959183692	2.16579588691567
-0.593897179749956	0.358225179893755
-1.40466080614044	0.768540779759426
0.0211897542158688	0.00932093657343735
-0.107424032061214	0.0466060559636408
0.801781318867138	0.395474252737403
-0.362438139169874	0.216504699334744
0.303620182039565	0.123540763142592
-0.78750387895432	0.326445898324451
-1.30891047592571	0.695402487135445
-2.00781552982355	1.5311805257569
0.799066474929716	0.402017632022469
0.145785453462736	0.0628717983429239
0.00339980046409055	0.00162873441964659
-0.419900904713344	0.173488198636388
-0.408322125286718	0.192026312364362
-0.3750896743616	0.272520070620945
1.21450679044145	1.18217559674024
0.846747231211964	0.874046987232933
0.0365760406201989	0.0225977509342081
-0.412126274145426	0.264369841697779
-0.540797183227382	0.385522464366102
0.646644580334368	0.508726352739988
0.132725138122449	0.08870306916487
0.587283896500753	0.394497470531098
0.179034981357807	0.111841817438498
0.518963071279632	0.266115474880097
-0.529869269078564	0.302033800314629
-1.13178110085561	0.842657213534433
0.304398202128796	0.122764256602985
-0.280112316567776	0.123105707643941
-0.107851512013274	0.0365790666885586
0.614900889882076	0.28543648944384
-1.06471172593406	0.498268645461943
0.303597579746189	0.106217971691155
-0.0151049127605809	0.00585401852713649
-0.841324460591787	0.254223558114739
-3.82489509334159	1.62306568605038
-0.454192588978091	0.157815009929203
-1.07292524711591	0.489092594177629
-2.05021356478115	0.569031985318464
0.969856931815071	0.44439372627545
-1.28350107612435	0.474836718450796
-0.521239785553401	0.140369579797354
-0.517351938617723	0.135137025900895
0.493643275735432	0.203833106114619
1.27983839403129	0.785391102695794
-1.29365563241636	0.47652004785956
-1.20393629533709	0.602441972403962
-0.444485005403671	0.149414723736195
-0.439883664094006	0.146715490751679
-3.67599283921959	1.50022965768208
-0.103948938199882	0.0233524604803125
-1.07336765963707	0.358272920144905
0.289418715608887	0.114389474311573
0.0864477468727684	0.0286754861515044
0.598967517674888	0.284724387596663
0.749070350540287	0.232504892288716
0.306440142341066	0.10440825396042
0.742846606800615	0.233354125368674
-1.47038522834037	0.584206087761708
-0.797655586934016	0.325026189023497
-0.242612421918724	0.0754243237901665
-0.415353451866963	0.165993720523869
0.749406512901027	0.459639693037945
0.151235082663401	0.065367111309993
-0.539174365211804	0.244078137576835
0.997572543635604	0.482498155644243
-1.7615802496647	0.784370608566685
-1.10372142568357	0.668876324714518
0.081562905910556	0.0274496228559605
-1.0066184755269	0.529470536562722
-1.44134151829978	0.978951527753727
-0.794619473297867	0.328682572879622
0.148031350788055	0.0811101840585702
0.262498162526451	0.132476447615864
-1.54445990031712	0.856432348963721
-1.85449038780795	1.24930002198849
-0.260771242325509	0.100357884316154
0.266505806243684	0.132662930005973
-0.121779565777437	0.0390347745114281
-0.0277042056269624	0.0104337077110093
-0.277634754909938	0.121050752368676
-0.937060648207288	0.410069435205644
0.0388989740754099	0.0177097123156956
1.27766562509963	0.755414189257491
-0.208028431246301	0.0998191198974434
0.423216737200077	0.188450777613086
-0.215656401860217	0.104893213937386
-1.1424629048196	1.21664728580199
-0.452428152705802	0.345839441090774
0.0202900501095947	0.0105260533971061
-0.297778633756501	0.193599416388961
0.476702257253263	0.433201859043695
0.400442439470131	0.313818699180049
0.468033614624593	0.448970386958227
-0.0930830730410894	0.042863344076917
-0.225539209867114	0.146519040075495
-1.09336252826182	0.634482419228745
0.223838509301723	0.116896359345173
0.866951867020251	0.474502191401482
-0.611885282354418	0.324893452070903
0.284588863351702	0.128590748173072
0.524844362882393	0.335572851823232
-3.51002640341346	1.35960019139027
0.543459268663519	0.280224767913305
-0.666028438893522	0.315049359545486
-0.437461358678386	0.233875792330142
1.02490949693172	0.5184099373823
-0.249995772580117	0.0954543724597823
-0.26127579728024	0.0984963659335344
-0.834249424385902	0.250115174033497
0.0981103371217987	0.0333511742721877
0.0123876104363821	0.00332088703147064
-3.50583984875533	1.29432061290483
-2.01816891149561	1.01712991388119
0.808849855149553	0.410427409647185
-3.52516812433106	1.30226102957505
0.0119481861389783	0.00319511477387208
-3.69124345456858	1.45644881270932
-0.777580364787184	0.308189687863907
-1.47038522834037	0.584206087761708
0.123784802739663	0.0463105963278341
-1.11428450671258	0.690633988928323
0.603278609703331	0.291461309617779
-0.253818270482826	0.0981712322721893
0.528939721674966	0.274264223793396
0.129332805946823	0.0513290012799519
-0.455432621073778	0.159534431150736
-0.538985217852542	0.234013012220242
0.963430325988521	0.4327844029241
-3.08962908394606	1.04057543600083
0.522456508952439	0.28168515701543
-2.50226013804269	0.743052864003894
-1.41900655248051	0.771016591994316
0.78978944868448	0.358583995791689
-0.286204065178172	0.127037398163599
-0.800919169386019	0.408456654888603
-0.239727110887924	0.0743503454063879
-0.233132272496996	0.0715602848705832
-0.19420659272394	0.0875161256430896
-0.779240178106922	0.392799683618494
-0.405142859674122	0.166980759551083
0.126331030479438	0.0474734284490117
0.794718267633749	0.387381589450467
0.432173957682176	0.201720574010236
-0.707552132436821	0.398375356555454
-0.708426428184208	0.676358136649845
-0.593123846441572	0.447983980309997
-1.41804763536237	1.04596400585227
-1.33257900023332	0.888958969959187
-0.552484103396649	0.24818468012845
-0.662504590081272	0.411765519915753
-0.674467264460911	0.322371077650949
-0.395611599452103	0.190483721058442
-0.960126680580613	0.625831745204196
1.25395518679385	0.817557004039041
-0.52537550449678	0.298803466452671
0.439517965835194	0.20540317409279
-0.113754891147996	0.0383229386876298
-0.427334191235932	0.23449536695047
0.803229110850722	0.541115127179778
-3.83292280985361	1.61174953394805
-0.162441805159643	0.0685977105901659
-1.29557444891991	0.838896565858604
-0.0301690924139219	0.0112030052842605
-0.0175115513683779	0.00673681675680822
-2.23541471571809	1.26370111462327
0.381406582735682	0.238750816138102
0.141087295833418	0.0723161784236501
-1.30090872350559	0.695535355516964
-0.41678327330388	0.222833292285915
-0.484942473149045	0.294469853109197
-0.121590875299418	0.0514151624704705
0.77697793367072	0.718536278017034
-0.470447783298138	0.410376867091131
-0.88993780907654	0.471931896650683
-0.0605031661992275	0.030496174943461
0.650749371343444	0.391995459491614
1.43935557421006	1.5341395939509
0.526046858684923	0.32096238173806
-0.650496103562825	0.588262817689877
-0.24519363025172	0.164693669451681
-0.00589401384810803	0.00350999730708125
0.622737693319946	0.487186216211708
0.257769215335777	0.136613657146068
-0.0768874813366728	0.0368573686095187
0.693748368179286	0.385999935886103
-0.219184134006667	0.105580801185324
1.62537506722573	1.33771747156544
-0.206867180789519	0.0965556913693617
-1.40737203409135	0.794639270654452
-0.401389939869751	0.193277100132851
-0.793656797395418	0.329827024483952
-1.62413903220705	0.682856112442981
-0.512899158794344	0.264034849141333
-3.52441505254766	1.32644897932442
0.257318969499222	0.107457795001209
0.310067660992668	0.0869061739325095
-0.548197020987896	0.238870776311505
0.614296320875483	0.298417944793204
1.280824290654	0.688643023226454
-0.638507631702955	0.241026629305365
-4.30675643516351	2.11757625453315
0.00618567685919006	0.00272782724248026
-0.453893423907307	0.15867311168819
-0.838292132460631	0.241553764999905
-2.43258453774436	1.48027055215745
0.0035442382966788	0.00129875765866884
0.521492555672569	0.273197357446907
-1.62231547686047	0.682367768511461
-0.539800169872108	0.238180641682685
0.296541424708308	0.103949973170314
-0.240317668556494	0.0731011278874579
-0.401052823865824	0.215673657519002
0.49012547659992	0.133048372290859
-0.238034464525448	0.072981385078238
-0.00218750817463674	0.000107543735465896
0.675407982484862	0.372216668018177
0.085876214696649	0.028964585403962
-2.42287732469882	1.47807075815276
1.05096209100319	0.614042652411245
-0.80547511192761	0.407380443237724
-0.531925863776647	0.217866644316979
-0.51102410207037	0.268607244362369
0.793537076685427	0.402346530824855
-0.68786754761572	0.307134482017773
-0.150020369522119	0.061744971044397
0.294599311447269	0.120604374267169
-0.232615628955298	0.0721074667826583
0.499016555758745	0.20865290524038
-0.468175141763389	0.365329683594205
-1.12773275329765	0.975451133851859
0.585972390612399	0.40374621990222
-0.642098847034544	0.583347606735531
-0.203037627999423	0.120090842072886
0.0915981071657115	0.0306476135657271
-0.284178095153054	0.142681084604061
-0.204421855480856	0.0960568683216231
0.529360858851344	0.289343492533086
0.12959724957967	0.0500126929249446
0.0231716551544877	0.0115800365132843
0.602283602478044	0.362136884512586
0.427221305280889	0.28170302742856
-0.403451221661977	0.165310160706186
-1.62033652671996	0.997966301718978
-0.000292601792020302	0.000198645623884051
0.815519631548002	0.399100654780592
0.399012596416633	0.202861947278995
-0.395239596642715	0.26860010712033
0.272632520462312	0.186838093381064
0.297890069790468	0.170273630303802
-1.51530449444384	1.08053320476563
1.26367875824534	0.933292103607427
-0.850211370790057	0.667734647297874
0.179067367928624	0.11368753088499
-0.537599793847506	0.235372215408279
-1.17861014415696	0.760726447583421
0.425960520052184	0.294775972673357
0.500960887866035	0.345103933771884
-0.133762315548798	0.0772481459862684
1.22984581558202	1.09878527568886
0.444911387841596	0.33878992196746
-0.128237621436487	0.0743332074901893
-0.439158006986792	0.271729873895585
-0.501992144295307	0.282139427718591
0.977869670496454	0.853431495131772
-0.181579019295159	0.136022825855417
-2.09295075127074	1.62393593736286
0.0118154587117339	0.00482187368272715
-0.00151944372900674	0.00101055320183581
0.381172438238788	0.191012445436888
0.0366655835864403	0.0164874231231406
-1.10092483049112	0.899805307553864
-0.706241861634645	0.404857889759171
-1.06056820146965	0.497761062574859
-0.508962583347718	0.260849691141445
-0.617288894308164	0.227543607740344
-1.07905705028879	0.748445841319786
-2.0077918310086	0.988919124197754
-0.292962844097169	0.127833101105493
0.295751275863449	0.120367588305018
-2.59857316255271	1.73494413036331
-2.02502980445868	1.58294824397423
-0.232392215557442	0.07113871128973
-2.00962190719691	0.985114278868133
-1.00402148583104	0.581771589614605
-0.116036049748365	0.0369830225965983
-0.251186964113774	0.0777510439822233
-3.09404330590539	1.06245153955413
-1.86643986952586	1.31739697706634
-0.617760082213029	0.222714919338101
-0.50312892068326	0.248570276442154
0.805982239808652	0.409031193313449
0.268992741943352	0.134004821985215
-0.570210737278868	0.247614852130113
-0.165562261090016	0.0800044938718796
0.927884970548151	0.638489849239687
0.151039636012757	0.0607563222724409
0.533840058076233	0.276758170539473
1.06218526432255	0.623685992473576
-0.54747732650562	0.248168025213716
0.00900982122986469	0.00381178550112796
0.54583511350962	0.292358310418506
0.695360251718267	0.369499091464087
-0.680234623109565	0.326187963696473
-0.78712587402645	0.313307634704253
-0.0859561204907672	0.0305470552638027
-0.397027418045046	0.154824825778395
-0.01423963218682	0.00566533714397547
-0.78476733551807	0.97262009095147
-0.7535040356259	0.864324146339955
-0.832241626142738	0.830406378592434
-0.261606724977425	0.188225102696085
-1.1799238883696	0.56499667310219
-0.317123853053	0.165174966152335
0.203779265528489	0.11931630181618
-0.901253118213497	0.558753280927142
-0.298493131119591	0.183137848856675
-1.85285137515336	1.29400708626857
-1.43122721673499	1.059495004739
-0.225665419658105	0.10847220141233
-0.834373999511446	0.491350796170139
0.909917507513625	0.57843397660639
-0.627952119806706	0.330012877692123
1.42386924658356	1.1775248863233
0.0471055462247901	0.0283240836349146
0.81021906026058	0.575078542171007
0.300337230115316	0.106969044286595
-0.715999719073271	0.418493482695156
-2.12631749173566	1.13318489005262
-0.0954124496428463	0.0436959601713796
-0.676416038206272	0.309594831927005
-1.52159502648514	1.40200112969715
0.15415698516282	0.0729436398042673
-0.0816874926565888	0.0378500876075924
0.942759069694594	0.851137387668255
-0.586484876660283	0.467776216810553
0.208658379567563	0.144464571225548
0.0309869469124284	0.0164635199917146
0.854755385313666	0.660641361943618
-0.231302683231839	0.148257702629736
0.378566779136155	0.345915149524106
0.0351357539714701	0.0160741197199781
-0.616029698320757	0.340414565337006
0.43376845664229	0.300044665490387
-0.610525123400121	0.373059938422884
0.846004630630913	0.667938841283061
-0.333952041887589	0.191067503531693
0.566756289196582	0.436970529189029
0.986155132942669	0.785237720186228
0.677627287746929	0.642456476377707
0.122402573584012	0.0627697790046351
-0.258541745498061	0.162595981288559
-0.183726273479227	0.128662910770817
0.0881448824477966	0.0577366240466112
-1.27633897714734	1.30057469553041
-0.0379242183927256	0.0235589865198044
-0.805882941119791	0.494986427374589
-1.34366750411928	1.11302008343058
-0.217460536334688	0.124776694391691
-1.33138333369381	1.06878325962278
-1.58578091111148	1.17528724106892
-2.33288424619111	1.34284042017143
-0.591950766107427	0.362384117237603
-0.155680588977986	0.0626607164406005
-0.413999297565238	0.168512362981614
-2.02510212831146	1.53607211604564
-0.881593861907174	0.451225752373489
-0.62174493610372	0.339258329249003
-1.96341739624436	1.8796461399685
-0.800676894516947	0.607820530735282
-1.39596183263183	0.965955973553445
-2.32220830822637	1.3397255671351
-0.827973934228269	0.248897601435703
-1.10929882748754	0.617004225471669
-0.116412375786744	0.0524804694568299
-0.281024896412311	0.126471412351668
-0.404130631363802	0.218632239344843
1.08270796646666	0.714574985416704
-0.12197765462392	0.0686418691933011
1.07034397422286	0.636370629917224
-1.08053465829252	0.634057807798801
-1.51949803052639	0.912747347050624
0.266225750969044	0.138638208634921
-4.40311908001833	2.15791183513591
-1.76763338215875	0.804520643970057
0.268678861811183	0.122608833461793
-0.536342293863637	0.23712269439291
-0.325481822021278	0.165946942169317
-0.526750598506105	0.446796472309181
-1.05939584187234	1.27925228430717
-1.17898717924301	1.03514028015203
-0.645368682630504	0.701794142587371
-0.520865054190095	0.507024794845227
-1.82868698830383	1.56540559243678
-0.627872055483329	0.503175619965055
-0.247145464001593	0.184426835926442
-0.307708568681155	0.18644076090798
-0.670179934021089	0.457303487144696
-1.32419823419307	1.10002540619299
-1.37900524818723	1.37062013362619
-0.91178593482037	0.83993219344602
-1.18088597615972	1.28414003032351
-0.259098960734487	0.143184265018977
-1.08148340069636	0.641365190802383
-0.426806596303582	0.20350393683693
-1.8321173704852	2.00063071026629
-1.46124030268177	0.568071741739232
-0.679802854717215	0.44338010627412
-0.890283967180019	0.557289063083382
0.116612358078166	0.0641058172544919
-0.889260624951881	0.656025130990526
1.0851430900782	0.719487685015393
-2.1494689195883	1.70565285623408
-0.0299092787178797	0.0110935633296614
-0.415922479055077	0.201565735175194
-2.04005055143182	1.00953441350694
-0.014791808667167	0.00846528420601888
-0.077023706990763	0.0368928234452468
0.140138774366738	0.073044978883633
-0.642694372285301	0.725920793418411
-0.59247109577623	0.436357106031957
-0.235236621298225	0.154767496461997
0.754319074634556	0.660174127514716
0.517799756149835	0.265941638726661
0.482495735010008	0.411140574043385
-0.778482504763915	0.710969264232936
0.153130169347777	0.074373796159699
0.400909795003037	0.206944877766622
-0.347124115916079	0.196533258784452
0.255074941811602	0.190439126035918
0.125976238456644	0.0848837445417936
0.378965127058424	0.243775642443066
0.034030908017768	0.0255434079276677
0.232742126532076	0.171541364072465
-0.315076486093032	0.214806721569393
0.0266678918073282	0.0165278748331988
0.969444414187855	0.849462417848245
-0.369135789560875	0.23400497088718
-0.442578993698209	0.421905349636276
-1.73942575387852	1.8365386282102
-0.867976454280784	0.794448869865217
-1.09641714980954	1.05134673845068
-0.438026963111034	0.276632313227676
-1.12988811489956	0.821980563366975
0.298697741437226	0.176131241828086
-0.821546715732994	0.519447571424355
-0.871094311799236	0.545538054259506
-1.02915426762363	0.707438455167285
-0.293046582107678	0.128138858673662
0.23053580181379	0.132169622662747
-0.99899423720226	0.534032404290841
-0.932767650703504	0.411128441719706
1.47839250085092	1.03230745761622
-0.28410011730566	0.126155565056641
-0.89543584000586	0.673285386738315
-0.447759120682798	0.157190994276233
-0.221432120157447	0.1067482228157
-0.547741748583435	0.243717539149531
-0.153938760550601	0.0838138478013281
-0.581746472013936	0.383600712112342
-0.293774132496823	0.169567833426789
-0.298948825534018	0.20450087782407
-0.154876160731949	0.0631139300574417
-1.86512080227329	1.30206871573155
-2.6996923683934	1.77867272441503
-0.79034816086174	0.539928802446192
-0.802748935293659	0.46439628008093
-0.0223263887313708	0.00824326304799065
-0.278563354427872	0.219588076049213
-0.285299464019529	0.14723675114748
-0.442602558652482	0.237742884578194
-1.26023261128383	1.0029674239546
-1.56660408783243	1.69095925187206
-0.960076845520443	0.905216257704428
-0.849382303054344	0.987875950665257
0.245802325629974	0.13360199009483
0.2691751396184	0.19155943970738
-0.0469531429130359	0.0270045262835038
-1.61992248606128	1.0237057051402
-1.25961291289484	0.964458644074966
0.968678972331951	0.907945180595072
-0.690215225406919	0.45691880446075
0.390701365396031	0.287683222817468
0.573360291454817	0.381253166441195
-1.06980728378665	0.507906811569143
-1.83588426842645	1.71512690370119
-1.58575315146428	1.23263493276732
-0.432395480733337	0.256602631739237
-1.07488035737971	0.506664999003077
0.0307840875425984	0.0143346478709494
-0.531236680670659	0.328255090026093
-1.45742968721612	0.573982234826054
-0.071367621510434	0.0331057099359237
-1.51529961747803	0.897416759725436
-0.191744911333207	0.0963297950149087
-0.337584543772139	0.175295039224206
-0.409556110793379	0.198127254264179
0.418273744730113	0.193294034212069
-1.01873675098149	0.568188727471728
-1.71261419994997	1.35682036479161
0.125258115128372	0.0758365988828798
-0.527196682712207	0.340632803111382
0.461513355242999	0.262811149248602
-0.38520476938428	0.245296710818398
0.568638696801491	0.474692377043726
-0.325720199498021	0.204722052977147
-0.869333908383326	0.778517848080713
0.209623592148616	0.156451314376313
-0.312210852827822	0.190881261077618
0.371996468004512	0.236269797991068
-0.243042104608364	0.145513715890658
-0.38323157775449	0.244598428372901
0.0819090372309595	0.0512978321155732
-0.24050893086712	0.173910984734729
-1.01185164579766	0.806159539979926
-0.201773015076513	0.131789436990776
-1.60325629104373	1.50454011531399
0.273539703596517	0.210684025111913
-0.38113086052903	0.276534574041087
-0.0706863397225747	0.0332549118693773
-1.22858740482123	1.11294043754673
0.239019170495902	0.12746836378437
-0.162381542570133	0.0886344528404835
-0.958766002355106	0.722853757807978
-0.373347395838704	0.212793049168976
-2.0177657638269	1.53614052583659
0.0209580085721064	0.0104362157690431
-4.68714511074465	2.64837881357987
0.392404448819849	0.204984103420927
-0.518222211981696	0.274340296487623
-1.0863250550844	0.644402247362141
-0.392796631635581	0.207493514794105
-2.68021902181908	1.81828433822417
0.13457305946189	0.0589961982255459
-0.100791052202268	0.0447112526915289
-0.138346389603151	0.0732665535074271
0.496501747519825	0.211337012258199
-0.427479188450183	0.172032017070027
-0.118774980350163	0.0721381661511207
1.28207132234237	0.842510237320045
-0.0127982915833014	0.00506658165135328
-0.155444715462684	0.061547885423447
0.31916177580145	0.0934913649873131
-0.403045796032792	0.19333626422389
-0.993801000079522	0.958598163362975
-0.540354721605409	0.395584538494609
-0.161397857214521	0.114897148950886
-0.361540188748067	0.244564532689632
-0.678455922060623	0.550107905121259
-0.056973251579325	0.0330680164406054
0.224805034527834	0.144427680790143
-0.292928387975261	0.188130360457548
0.175280474006562	0.110596988465009
0.569641548339522	0.473951582553047
0.547713685639135	0.347375270081162
-0.286162320809493	0.186372905965829
-0.322170571842913	0.159190065124873
0.475013338515688	0.196683427026516
-0.082704451865346	0.0286214529911149
-0.598114943492706	0.435560828234922
0.873554916186151	0.482997042767681
-0.977042966915273	0.657133798184046
0.224897397120685	0.128096563614383
-1.85338709201567	1.63076573862268
1.06291902643917	0.623745728743633
-0.0380535331666461	0.0195047068794386
-1.17730733125814	0.57536376802448
-0.0802093309196421	0.0391149057563665
1.29231082672151	0.746595739848371
-0.940074265148674	0.419837881214626
0.466861976950631	0.26704897226477
0.536275475356143	0.266272656825481
0.615011534364951	0.304889165902722
0.234107380648709	0.130859310696567
-0.0990191705439937	0.0434908895544684
-0.932723281525397	0.414330214242639
0.00369748380359422	0.00176480213592121
-0.157020924650414	0.0784907506572926
-0.0619982533746125	0.0309329788591181
-0.0573548026175732	0.031616580179122
0.145179789125398	0.0891229192116542
0.385327099355382	0.283115159133895
0.207193951890538	0.138552145428954
-0.896716502765979	0.736680081968264
-1.0742026777614	0.625916706721107
-0.0225538253516778	0.0136459913111326
-1.05674028713927	0.76780397165982
0.0123888175461653	0.005281034445742
0.176130248092712	0.102578028321294
-0.394724830326319	0.253776698537624
-1.05302097264893	0.826538502769313
0.581647059092626	0.427303418016205
-0.83077159672257	0.591384278122997
1.07915905166555	1.00535652420868
0.0211758021349832	0.0117103278603782
-0.0666270998317794	0.0316405921003167
-0.286869351968635	0.129701940891513
-0.220363496851465	0.123364730043261
-0.721921319997764	0.525703319657862
0.109914403910996	0.0624943327396388
0.118219215295553	0.0595853701727112
-0.874523448603693	0.466025845378903
1.24854586096557	0.979494685847302
-0.410971703513486	0.242590994132924
1.23541196637591	0.952037105894596
0.542048875690658	0.346564104945346
-0.426654579700126	0.233591663950225
0.868196797341435	0.335859606976429
0.0857523215716994	0.0288308659680587
-0.896353451957133	0.48305457736868
-0.454402163258654	0.158245707184904
0.132550122878654	0.0502900144418156
-0.240449734935957	0.0735856686443218
0.273882832383851	0.135017392352398
0.122060090521449	0.0487346798591578
-0.0411301635276498	0.0209789200930616
-0.397397261063858	0.18655965702681
-0.0971282706410786	0.03416374916004
-0.827064873721164	0.574748408247476
-2.75624042370235	1.9443227908866
0.42511496691909	0.194494670394184
-0.247267762923724	0.0773718761143215
-0.443420509412986	0.152848515587045
1.05674107147551	0.586428137137894
-0.59366989466386	0.226054143160697
0.74020185677976	0.451935056570259
0.000936988809160913	0.00104102797976079
-0.305315619517613	0.183779646662134
-0.611113996299197	0.32821268263072
-0.806580629719649	0.510650950807543
-1.3036314446574	0.688597926343071
-0.707083860375207	0.405729470010286
-1.01298904136488	0.570629417622421
-0.282041516722249	0.122485976601685
0.0161528170660744	0.00665264524216178
0.0170169246376005	0.00444878785056413
0.00964004959278483	0.00476702304183169
-0.544100564010508	0.34631749617112
-0.756192465398376	0.506184607804254
-0.276776711544981	0.123005415562848
0.29258374454914	0.117241896014821
-0.7736885696247	0.370615997263193
0.278211826200695	0.135275840209397
-0.08698664488375	0.0307314824627617
-2.01942756518329	1.01874881635741
0.712613686840819	0.311677307991536
0.30154792701785	0.104852028393963
-0.152661418431701	0.0634571336469216
-2.12085087900372	1.12440423400448
-1.89441643339847	0.905456029168231
-0.446492158818304	0.152687416959424
0.0163446448504499	0.00767808097046151
-1.45795860343198	0.578739232377799
-0.405974629396242	0.194009707026719
-0.89568688161988	0.493310823276939
0.0937312439786833	0.031362618974507
-0.624797783755033	0.231768805379722
0.619807257938224	0.291441334413206
-0.796349327119627	0.309337009337873
-0.826886475386905	0.250046085549171
-2.03853622664523	1.00895670484856
-1.20228832858679	0.595094869469759
-1.07086301169428	0.503665765543026
-0.632292619647439	0.239824117504326
-2.13215684156495	1.08807758916734
-0.798052495670853	0.323757690273308
-0.682244577970008	0.331615589363659
-0.171411688481156	0.0719601163743867
0.422336447776436	0.196659524958073
-1.15690991285245	1.153567039279
-0.215800302667926	0.104141973336732
0.301021691940073	0.120471353364271
-0.385778572400354	0.301284242001494
-1.36418807505164	0.937075343440019
0.302149893164727	0.199571221321904
-0.11519415506377	0.0634654512128248
0.613515196431226	0.360310533707199
0.192122306675747	0.11287298128373
-1.5609980842026	1.19276217635574
0.147708479254725	0.0745140365186233
0.38646194319128	0.194205566113595
0.0252570639917246	0.0114790585560342
-0.283343729730313	0.119707694115516
-3.9649744965498	1.76884208379733
0.605275647446641	0.301964046437774
-0.176380575160188	0.0723101632642732
-3.83029531174362	1.62917679111318
-0.426279743303028	0.175397895334641
-0.100433580666566	0.0223310096939592
-0.836751280465765	0.251030303081264
0.490424063378393	0.210336933336371
-1.29048650947702	0.472560976297956
-0.521100485940707	0.300883233273785
0.499006536253906	0.207096726121796
0.0947760196432281	0.0316897479366953
0.436491204599601	0.20635160671111
0.474719125786147	0.199175080782657
0.884365883656849	0.324215266751198
-2.04783485499909	0.571093548500225
-1.62118389069422	0.697505577276637
0.00350791855129671	0.00142535062195065
-1.08906704164876	0.361234119904197
-0.439452492527815	0.150583128708704
-0.952036300954895	0.410172728610031
-0.256252896030242	0.0972496176683072
-0.438624130791601	0.145383165455168
0.293282002102931	0.102250333454189
-0.24786081174021	0.0765341263355769
-0.717978343394025	0.595011011865657
-0.160654908252196	0.116758345077106
0.0738045533438239	0.0480992630536614
-0.657734963875334	0.458532295285841
-0.596430160198759	0.398671433946325
-0.509049458325896	0.267489924909957
0.0109837629207433	0.00554362495138695
-0.390581492832259	0.179763620657139
-0.272401247943314	0.119308667854962
-0.775078553404462	0.586207892570091
0.547647462303737	0.44944311590476
-0.0649264695825543	0.0348353387623005
0.278060255239266	0.138335407453387
-0.46766479370333	0.320157505848149
-0.670470825849838	0.325031646165415
-0.267667848846022	0.103096665439659
-0.30967191482894	0.159494856140571
0.329422475715113	0.19397622997992
2.03950685299593	1.1161248662781
1.02838174185216	0.541748540272476
-1.08657255227886	0.505581683735405
-0.406240761244575	0.161222367318323
0.0154686236437179	0.00659178540927888
-3.82998607722972	1.63731811389112
0.611937465638423	0.453769468592964
0.0387870436985974	0.0170985824824444
0.678060462968943	0.468108208360613
-0.159302367833268	0.0785337224591899
-0.519630851225735	0.270198705432863
0.274355603087938	0.135247096184832
-0.270211020077459	0.116401514572833
-1.60736442117856	0.98945365512053
-1.76840707552992	0.792660126904099
0.713829794155826	0.318196901064702
-1.4596316875172	0.579466965505686
-0.247587699090027	0.133187575427498
-0.630000657943013	0.228196484645111
-0.35003784383033	0.199958558703547
0.20416027462354	0.111815911511848
0.545956989837977	0.342729185233558
0.384189329150626	0.332663060986059
-0.450643095691656	0.26620315846821
0.350380895869177	0.279670045344983
-0.540194552083291	0.509216894469653
0.23001237745139	0.122600321770665
-0.747119280546784	0.500391788264864
0.777021068960689	0.678295876024103
0.61481866118476	0.432848088302693
-0.352325809034332	0.229717860380495
-0.998869795543786	0.569347476568567
1.28032745406524	0.591772071780012
-1.08329404473544	0.655649461425729
-2.01411473255244	1.01562764562716
-0.237789868496376	0.0719153126153633
0.497908537812226	0.208346567613351
-0.230401768750824	0.0701610180824533
-2.03961781627105	1.01203368328749
-0.518522788361015	0.137251012289687
-1.28846229775773	0.453205441448873
-0.0118082796888871	0.00482854335512134
-0.827509018985055	0.248646107200568
1.28413572674001	0.704617581617353
0.0881704999739479	0.0300611202755527
-0.423330712363673	0.169828197309543
-0.834929329269585	0.249294095305515
-0.623561304815685	0.234277836951613
-0.419184919465414	0.172641875713762
0.875674942303652	0.323589936965243
0.0993499340698415	0.0329190024021713
-0.561036568101663	0.24855260995062
0.131899767438798	0.0503831126346449
-1.46442092379468	0.588269800741158
-1.28962986610511	0.477635949130163
0.267549164087398	0.100761898474525
-0.619651793542837	0.224739496048608
-1.61266155096032	0.669508312215293
-0.685086616662805	0.317566787981871
-0.836634894627274	0.257543939751531
-0.667360198476261	0.316982813970381
-3.33995665820979	1.16854101993752
-1.4704506390989	0.585241846290948
-0.178163583705274	0.0911332713339011
-0.139843266843995	0.0842018703843579
-0.282755651547317	0.196519623710558
-0.846165735008108	0.597071950971317
-0.73311733754561	0.55558666020556
-0.160438099518616	0.0670798841896364
-0.763717749443671	0.518028290852694
0.00861363335129921	0.00368246045298239
1.24586534683631	1.05538729878692
1.29273385089155	0.793628933527926
1.35014733808497	1.35467821055895
-0.893598477439875	0.576007685472306
-1.07520387787109	0.494621153394773
1.40438418199602	1.18335946527535
0.356918305933223	0.195231332224895
-3.9593692473106	1.76336338718097
1.48874171099418	1.00109882359707
-1.21057095859959	0.590566849295281
0.29476271649223	0.118240182613288
0.140556252344991	0.0671271598739125
2.33209176606873	1.47560266316474
1.54405412953356	0.935657485615901
-3.8357297792508	1.62034819613435
-0.788607753111088	0.39503331266705
-0.103537816594555	0.0360452703150643
-2.35538039302825	1.33637360457346
0.305287714670481	0.123926045961371
-3.83602196189371	1.6056108106756
-1.18299610815917	0.56799033062212
-2.01942756518329	1.01874881635741
-0.0847361784057933	0.0397654865488492
-1.3116210242097	0.695872018454978
-2.83816850847321	0.90339074521464
-1.77566072489353	0.794937533123591
0.95038018099493	0.425052811041888
-0.162701532742886	0.0684198540618778
-0.624376378080157	0.231443819645008
-0.175557604834224	0.0711990970164781
-0.671048590752689	0.312716744255755
-0.171853978967824	0.0899464279242144
-0.250273971983832	0.131267432793931
2.01812731378923	1.81902206493673
0.582686026364108	0.401510548250413
-0.92525458793366	0.578464261667279
-0.217481704648444	0.10500564736441
1.36691744551998	1.61352339901966
-0.54762650066653	0.350751295966262
0.749903058164494	0.563919298337914
-0.0700670792650264	0.035260779364299
-0.171829654981935	0.0921734029031716
0.1390576945245	0.0694524156121431
-0.0906240904339639	0.0314796060678705
0.858807379287193	0.496188100775766
0.739482140963327	0.215113706141341
0.970182878902181	0.426933855270503
-1.50431291603862	0.868357832648878
-0.800480221731585	0.323537361470211
-0.616070981526526	0.226260345061306
-0.836634894627274	0.257543939751531
1.28905210467429	0.598482064514054
-0.245162035008588	0.0721110513883566
0.502665138889559	0.211132144472212
-0.960051739018995	0.406879331937527
0.913093837384143	0.580557684737861
-0.229236840920787	0.0696713583544589
1.29899082580271	0.514536593550654
-0.808754392210703	0.311142531345488
-0.516775237435231	0.138362889204207
-0.403457578243259	0.162670606028541
-0.41640538671496	0.173125844226474
0.0965968042860137	0.032725953209827
0.663223336315285	0.354928728028965
-0.245103939584321	0.0908941158097918
0.152391232959777	0.0637869522887974
-0.41922447742462	0.172988433948966
-1.61049682744984	0.670773178890503
0.317360803436169	0.104984981643143
-1.46658001845824	0.577925772695557
0.292857583505394	0.0992220136368053
0.812263106091864	0.414159669861561
-1.10652044658223	0.666791496150455
-3.51504620529804	1.35878374498678
-3.50845296259871	1.37767035504347
-1.07691539041537	0.500619218452265
0.862932098234641	0.32278056531688
-0.364094104221923	0.296549215718891
-0.23386745220427	0.173266483701189
-0.0594112015765943	0.0444174090416307
0.004998324761058	0.00343557678658734
-0.362237711677267	0.27929639832205
-0.0959713284127305	0.0736116974279983
-0.146285885801687	0.0781875738990747
-0.686402996679672	0.500254772400032
-0.120343443991201	0.0684639586939457
1.28595855341195	1.33111980699759
0.465694309248898	0.337289277273943
1.07821936118879	0.719530502168237
0.560083439000027	0.477968158591232
1.85451222204148	1.60202048956411
0.531832663934139	0.28342561346867
1.79224834348652	1.62815374251178
1.46995915068423	1.11193887332645
-0.721448949771661	0.414693885899028
0.415555307681228	0.253111793953603
1.27770605730876	0.588479213983119
-1.41726266572308	0.798430988812186
-1.34008156057248	0.940245740028896
-2.74804669142762	1.93748795942858
0.278060255239266	0.138335407453387
-0.291985707261471	0.127280855196854
-0.27705278229272	0.146569129572099
0.947572525998839	0.721374940280468
-0.420957060069274	0.297490177851937
0.845520072916601	0.720402797933935
0.0471618609028584	0.0243280745932029
1.70476120014352	1.56770961273048
-0.497294197028383	0.245751153457958
0.137565079451336	0.0606066745932604
-0.623372039679479	0.336213240279113
0.698835969754317	0.306841646560555
0.298426345790081	0.135363086207362
-1.71992899892182	1.08978241783046
-0.899976610124286	0.586568903885242
-0.483841784572373	0.301620285379592
-0.311697055681197	0.193416363116246
-0.0288770325831262	0.0178945791583166
0.190537197238729	0.132844594192687
0.386840407166103	0.280394939899999
-0.425394133205959	0.376482198606731
-0.355540522817348	0.26091052320054
-0.139237639397285	0.0897977323190598
-0.041111505965302	0.0221890016805656
1.28123292877831	1.3608471051253
0.732561043493693	0.617862012898871
-0.810769824957107	0.499812292848828
0.151572184003884	0.0696172243377784
0.605332610098613	0.363832278592896
-0.0363857326200817	0.0135720779235604
0.593282166594255	0.406071567453498
-0.625398437436091	0.340101966697661
2.05636647932817	1.12529159618593
0.560359148540457	0.198093123323878
-1.45367394103786	0.566173888855813
-1.6265138990564	0.683678108845735
0.474466327437744	0.192265967988137
0.00482957334444512	0.00225039274487863
-0.285605548519894	0.126508568130343
0.2978073326554	0.103554590776201
0.265746133612192	0.130946503172955
-0.62807858294027	0.233669094832555
-0.684281927563069	0.323077636355926
-0.253902905143883	0.095079343220367
-2.83911454540015	0.928351077103762
0.335434440787498	0.18520881982753
0.272705290534445	0.136246355464449
-0.52249050265137	0.262975617670914
-0.0845449411877476	0.0290310789029432
0.00423372798164386	0.00196260208172372
0.00114920753083164	0.000725084803232787
1.06861709994267	0.616867766133043
-0.458690817275241	0.157352338316826
0.693989576741214	0.383869668716038
0.272561277481639	0.134631583328522
-0.145267469075256	0.0587914128581328
1.97939030036226	1.52184015705084
-0.930689206419077	0.405889249817814
-0.454192588978091	0.157815009929203
-1.75817315506553	0.794854384955456
-0.976937366916782	0.542588857129411
-0.286734036827941	0.129083643407825
-0.184384732027733	0.0736862392216199
-0.684560285947904	0.326634321687101
0.707381732234023	0.311269625422386
-0.281008930379737	0.176436373271361
-0.25989192764733	0.136673581957961
0.226886594287164	0.113321322764999
-0.22106394365311	0.137860980661472
0.0553281112034637	0.0292047208632305
0.929129744988764	0.911541948457272
-1.76671543995599	1.52394450290065
-0.296765358784435	0.129886764350532
-0.102805050797591	0.0356840285282785
-0.0208032276343239	0.00813648479401212
-0.892552562909861	0.474373171876794
1.5323041030556	1.48428489093854
-0.934987173612257	0.410083689985764
0.48281471982297	0.205539756006577
1.60499003349438	0.864539432611195
-0.0953451185365488	0.0335646616700753
0.765048093595077	0.60009447048031
0.0867440550650705	0.0288280297163836
2.61702794473974	2.25576458163601
-0.80992578279495	0.405244063568673
0.15785962829768	0.0682775474945243
1.56484251697844	0.969173505017878
-1.19693637715784	0.600754577276924
-1.52420182296768	0.882654745354483
-0.455840549367423	0.153856922942926
-0.513800577472326	0.258101124272727
-1.1997725916831	0.596290655495418
-0.106803183211274	0.0364279911039515
1.5084224000802	1.0536394719887
-0.191742748394183	0.093454576394243
0.444250613422021	0.208776478057756
-0.0886627197995504	0.0380634530698079
1.0947994152399	0.737979926628246
-0.249225514792959	0.0958368401971283
0.916090521971989	0.567717280158687
0.420612403258889	0.197930400047695
0.0998115611085972	0.0495654766901064
0.621701719441156	0.298791724581494
-0.362535209796756	0.2053778727102
-0.0819160798673821	0.0379625393415878
-0.311306644951062	0.153926898001236
-0.777946667213055	0.518256461586523
0.373759371412712	0.265378456268447
-0.503179010894035	0.256671095960254
0.81362543072444	0.414885630457787
0.936062277553432	0.65905621020392
1.85366264198548	1.52716945636357
-0.936009407229862	0.413973239221843
0.974300244999388	0.439826565732736
-0.625176681051265	0.341494725596757
1.0721651485782	0.613081919605484
0.612427185407934	0.297804089534646
0.303777598929665	0.11992964999512
-3.67599283921959	1.50022965768208
0.123640107329929	0.0474380963826299
-0.240415257229644	0.0763442857745277
0.744005201370157	0.223367732806648
-0.617480203657334	0.226584057272386
-0.834249424385902	0.250115174033497
0.146433594974649	0.0562175575046505
-0.150400391648627	0.0600714804011264
-0.243643547648136	0.0716381292799293
-0.082704451865346	0.0286214529911149
-1.4655003597977	0.588266476209701
0.718210937505537	0.313411712914228
-1.29167388232756	0.463172134932641
-0.795751577284946	0.327260281268662
-1.47527405903056	0.569984864241643
0.681576250574404	0.359808801811997
-0.475110555033054	0.259419173249642
0.326763941420613	0.0938492014293281
3.24488053149604	1.41948128466378
-0.439977915338765	0.149637103054634
-0.52427974030057	0.136106393131316
-0.538797169924684	0.24275432328245
1.27548731776011	0.799881371698848
0.310154448981789	0.109367885817903
0.743418412008446	0.226976622674307
0.302772148242654	0.106889593163489
0.1246616885006	0.0493885688241899
-1.07966622788214	0.364695080877922
0.312330081932738	0.118374905459406
-2.0198475541714	1.01644263782991
0.135929664586353	0.0577263218278236
0.54008245809036	0.19348764185002
-0.629120617638175	0.242192445289825
0.293985279293878	0.103299517432334
-0.783648320414102	0.318565701867546
-0.326399578427121	0.208202149810001
1.18290988194663	1.4593070234946
0.156667618568898	0.110822168699243
1.03323611179261	1.11650458086908
0.454615200153639	0.364402407479501
0.173701269482588	0.128706591530885
-0.754500264802683	0.509119195175331
-0.202813774206319	0.150982715734016
-0.799421335277263	0.486141541724276
0.255937584321475	0.134530969308395
1.53491175036279	1.41937618789076
0.65747391748093	0.51917788643393
-0.318775097943613	0.16137650805727
0.800504885719512	0.53730089928008
-0.845110982467336	0.247223191336858
1.01906423761317	0.494385718173686
0.148194137499232	0.0641667523806068
0.771130576511146	0.481668776421394
0.314752876872412	0.1107609092559
0.860566546153292	0.489706922786051
1.69249528290857	1.24996025185088
0.333916577924973	0.182138475542213
-0.539157113390809	0.236090633837381
-1.40811047330644	0.797890703776316
-0.403046430630553	0.191960187279508
0.436985690026984	0.207486626233097
0.276954999204168	0.138254614106205
0.138569853659128	0.0624239373826644
0.135497280199085	0.0542731489347094
-1.52645535821377	0.883022440135126
0.27563308257777	0.134685478482535
0.562885593192821	0.33888780026465
0.605895521095677	0.283432513303346
-0.118470729530371	0.0521110709995152
1.24512318726536	1.07587595007839
-0.28880397077584	0.191119805788189
-0.52014079926424	0.305652923741612
0.271344730756207	0.196076009961825
-0.220627022463913	0.142395466591274
0.644550626399583	0.421149589134237
0.238505238668188	0.18021424629014
-1.18940419421574	0.913284604074089
0.316214075188069	0.262279521121573
0.428917290282007	0.292008276388084
0.182055329109684	0.114096840917346
0.0662055855271035	0.0343827680209647
-0.63785236830427	0.330646674782639
-0.167082546619319	0.0671191584484226
-0.564939840744951	0.246820263170793
-0.267978829893356	0.102605666771699
-2.22797782357619	1.18047631433742
0.017979073648316	0.00466661923012803
0.0178883471147905	0.00736555457832843
-0.439359006276446	0.149094115896008
0.720926580919022	0.305367797668048
0.96709812224772	0.455936926321517
-0.941743687888959	0.402226361014941
0.145496861727922	0.0560276256381193
1.28251236581276	0.768794760484992
0.303689522881291	0.10416394237464
0.493550453731057	0.198788579038896
0.298446365458647	0.133366720393717
0.0992531018651065	0.0330447715589924
0.605557061150528	0.292746668940212
-0.52099440693506	0.268681058915851
-0.447609649758914	0.147874894754394
-0.401685257894079	0.183583136063242
-0.788847574080247	0.32002840494186
0.0346676821857545	0.0139716507358063
-0.925928002011292	0.400298470363607
0.463738067648811	0.262017995581636
-3.32001561112394	1.2286468506821
-1.7581116796412	0.796319378971699
-1.63333488942739	0.693336799081355
-0.409619815355887	0.191980866611445
-0.815137679469249	0.314034544405672
0.877056025692956	0.341417439858904
-0.250536665747769	0.0766260758053864
-0.884045188086195	0.464801676318304
-1.28886622712064	0.480829304316831
-0.45166195169278	0.155188289957166
-0.668526446190529	0.312611601818812
0.306602452138073	0.120467844692107
-3.82521990339114	1.60354515589254
-1.63864349061342	0.654313890330742
0.0925503567146304	0.0303630306543973
-1.06942461822529	0.505111703072862
-0.246584354538776	0.0762228524851048
-0.30476544332537	0.132842304405056
1.54774509191043	0.958719799502148
0.252416171054265	0.125900903394542
-1.15035083085418	0.85828404559819
-0.220257992167052	0.103543343044412
0.863199355580126	0.481426672506603
0.128587713878607	0.0925694502023694
-0.493417522932882	0.239948559936285
0.813116478894934	0.604625373306995
0.411196426497325	0.241281203023358
0.108314041445111	0.0593307919154363
-0.604954911972968	0.33572064624833
-0.544751063339679	0.240741424861527
-0.106937959199963	0.0453429099514728
-1.77726272816132	1.18707435250999
-0.0176574179723383	0.00678989644833761
0.965151777729973	0.437926355734359
-0.796013418637272	0.315141575517631
0.682489852201601	0.379954786674104
0.288483154274477	0.116919910358206
-1.08553359004569	0.496741896834696
-0.448167625698378	0.153220758737676
-0.146773874517989	0.060901166884515
0.491094916666328	0.2090063757661
-0.264210060935337	0.0994438723011353
-0.507423724291398	0.255826921800225
-0.829590086194977	0.249784329587004
0.703992082841569	0.308924442601123
0.438683228268811	0.210665781846964
-0.410887818462511	0.160540084672706
0.746287337554133	0.222419549188941
-1.6220392506428	0.68791114186697
-0.449309141859221	0.151929538704476
-0.251935437370272	0.0769498665513122
0.274431784934348	0.125232106862465
-0.827509018985055	0.248646107200568
1.02770388323648	0.556059190598282
-0.455498369233501	0.152717187474874
0.0863674120182957	0.0291246915706063
0.245253928349937	0.118735853966385
-0.080884500705624	0.0369579976307293
-0.119085061689251	0.0680414595429324
1.75639016845673	1.94986975902387
0.874884885181073	0.47432997739747
-0.425436086713591	0.252600594475944
1.08650423615874	0.850950455820852
-0.287858298557077	0.126967687521112
-1.05419075461267	0.483796177296057
0.37741972583816	0.193824598113425
0.477399017742393	0.274662768603959
0.277109235863099	0.127681137293943
1.05217687865624	0.609769256324755
-1.19947803284721	0.585933213051591
0.706357956643113	0.293420202334426
-0.247205242268084	0.0751417832818237
2.05097724667366	1.1210289114724
0.319471424615017	0.0908018883567284
0.743418412008446	0.226976622674307
-3.83779631860546	1.63764932312898
-1.28962986610511	0.477635949130163
0.882701911537775	0.333532348293062
-0.0945032483602891	0.0218370726435746
0.806997230081421	0.40384804472447
0.874356370755305	0.333112298526512
0.551400030409573	0.201326514062608
1.39074595013018	0.449376726983695
0.321672801610281	0.0919423857259322
-4.41672511890992	2.31082830272341
-0.644205901721464	0.240686187132547
0.871901655227355	0.335000177560724
-3.52087122282309	1.31798114655133
-0.0277725868183079	0.0105984183281187
-0.429450743743554	0.170148137840937
-0.77742285465703	0.313024672115443
-1.45576933506402	0.549152736578666
1.70677744382804	0.821921273945037
0.0758180267265369	0.0257061673961921
-3.82998607722972	1.63731811389112
-0.83107905876281	0.253159203624365
3.2540909299333	1.34043567032651
-0.516215201709685	0.137775183819285
-0.634569326954581	0.237559273026907
-0.238560521164214	0.0724925990860189
-2.8291542449386	0.893923832929712
-2.04902373026814	0.584535062964325
-0.458980548836544	0.157692724517244
-1.76571113749554	0.762050301115515
0.547391394977736	0.128082186515472
1.94056540988317	0.801039885015426
-1.7632631464461	0.798138105161198
0.289214884255557	0.100381130881387
-0.842416267004409	0.251298774042738
0.541100401848291	0.127818857380943
-3.97881974016224	1.76073007227622
0.310372142066128	0.123583115044183
-0.700113526332232	0.446210565201283
-0.0659943119954767	0.0327587132827688
0.386062875993102	0.200056035054462
-0.0565733813852144	0.0309143519051574
0.476021234525426	0.313121089944938
0.737125997777775	0.424529201607521
1.41627976283386	1.58032494580363
-0.635417575323801	0.352773245981792
-0.079328998028604	0.0373443186524725
0.133250603382498	0.0639495061052068
0.134351383068815	0.0680225509748293
-0.0407183418136477	0.0148149108990674
-0.832584520931032	0.517812997039225
-0.296487368270039	0.134660313566489
-0.280234154528691	0.118945656007115
-0.739689450201522	0.426918515455247
-0.335765159582333	0.164353726172472
-0.406711685842924	0.219581777999586
-1.90732906634843	0.88600973025127
-1.61615783093139	0.681500593514244
-0.928515389293666	0.389957553370728
0.303700843548402	0.122680703560848
-0.55411214670907	0.240513969854378
0.308797039591081	0.109169701595502
-1.27748366018139	0.464006152680012
-0.78696529537417	0.394730502164277
-0.40733519815796	0.169388367999142
-0.258815030402917	0.0987453233756655
0.789689697995297	0.401619574858613
-0.0205351930753814	0.00787814936916876
-0.831547258034552	0.253419977958223
-0.157765737779612	0.0627588987745626
0.478720283405606	0.19910564428265
1.10289461919892	0.759679998441532
-0.277510971628733	0.151832207453107
-0.0145822108567371	0.00577552318570514
0.128811933229976	0.074829706157096
-0.34543985084153	0.194917219929228
-0.521492285615007	0.267621739386679
-0.274424344997338	0.148162144082257
0.713477478991711	0.542280887827204
0.38556708965825	0.275358858558888
1.33826535349478	1.63765379508083
0.417529266621805	0.247054765246261
0.825613464405618	0.603665817925826
1.30230861775564	1.34895865094066
0.715211023055456	0.551504597502161
0.149562841728766	0.0717723209599203
-2.34581224055947	1.37456386996951
-0.766406117664196	0.37077924982648
0.910605244524669	0.56261438395482
1.29834362916361	0.609547387828986
0.0981036889096247	0.0324617356916898
-0.404394913271378	0.170388006891083
0.607890957490696	0.301181193495583
-0.231810215251364	0.0706518959746122
1.29177955052096	0.61037192055373
-0.100630873298134	0.0231392113137372
0.312380518764378	0.109188278046217
-0.624495797860466	0.236471056247116
0.959560687465448	0.438638363345676
1.02242191790378	0.537366290796501
-0.407106459103715	0.194666602858495
-4.40938621042781	2.29204497916857
-1.76758184120578	0.80805060854661
-0.0327646873783004	0.0121104146926304
-0.781810674755879	0.317312553664566
-0.949884578166612	0.419128667519545
-0.932840598024494	0.400539648327546
-2.05021356478115	0.569031985318464
0.55664431799448	0.205638888691922
0.552163577903319	0.20193756900062
-0.29721311576072	0.135112515899128
0.00405033790477793	0.00155098599715572
-0.622725340264066	0.227833218920293
0.301130823647708	0.103278891759797
-2.83018604355835	0.915523433166795
-3.33306252811932	1.19665851399297
-2.83227465137555	0.898614140278031
-3.09758000874198	1.09367827811836
-1.84339926423567	1.21510316240743
-0.0205085095899866	0.00767353356862779
-4.08324078344821	1.88864618543069
-0.837840297745939	0.24818333713429
-0.787590229752133	0.32240228265395
-0.0923213670610865	0.0321124681804863
-3.81918727481022	1.59423504555658
-0.415569786508961	0.201070249005633
-1.45584302237519	0.560922149886694
0.740464274036165	0.227891483543122
-0.827817923362745	0.606502235712514
-0.374882318150934	0.241326693675818
-1.8080484098452	1.60630527479407
0.788281345677869	0.387241216239475
0.520247233588013	0.317873897037385
-0.0684505112688602	0.0365739523713162
0.868325762860248	0.475196159931891
0.613378236543972	0.300830878869845
-0.0974027447760817	0.0340510504694275
0.319885612741289	0.167486637465167
-0.761390404256492	0.555801939540179
-0.163752689478324	0.0670562861704565
-1.41558271023353	0.804274704001728
-0.0956609260577928	0.0215971171731289
1.29797217134323	0.517188527164908
-1.29386030914036	0.462476250039586
0.12506706473285	0.0478944696878188
-0.229236840920787	0.0696713583544589
-0.1464871418241	0.0600835586331537
-0.0852155774244655	0.0299944503830741
-0.453384214128714	0.157985460591412
-0.302522191847579	0.135601180551914
-0.782353837484859	0.318474896403818
3.24655992739218	1.4562540675439
-0.625705234557545	0.231051889327707
0.915079332687751	0.604097077413833
0.0872579478726451	0.029685650032423
2.69368722663851	1.47028733756086
0.695126629008099	0.293877505329937
-0.0797829810913175	0.0381038195354342
0.23923241557799	0.128261146633699
0.204653844585268	0.118208663526333
-0.326640101419433	0.168267367019593
0.0446501360031291	0.0224454555391374
0.0979050053214915	0.0591732932749951
-0.299197950496712	0.19502657988388
-0.639513086215534	0.344469804518559
0.222933174242048	0.131495456483714
-0.931292437841206	0.400211112228453
-1.93948973472555	1.34253041010107
-0.39824064686875	0.164367952464829
-0.0342702947521004	0.012781648487353
-1.08296701167161	0.355784995732612
-3.09404330590539	1.06245153955413
0.00891378266306723	0.00241722255067928
0.0067466198969804	0.00200999607894217
0.302606008383502	0.10520348884543
0.749070350540287	0.232504892288716
0.261706201224772	0.126074690226336
0.749070350540287	0.232504892288716
-1.28225088407572	0.472932749218288
0.745807085878937	0.22096910700923
0.310403955152459	0.109033607304468
0.290732734975954	0.120488463662021
0.00735778258142876	0.00220952642480193
0.327605807219218	0.0949123059262477
1.87110733943015	0.599602400649659
-1.07381227391188	0.355463167451648
0.31916177580145	0.0934913649873131
-4.07741548752021	1.81535900367917
-2.01474452163399	1.01530032408721
-0.428125879251936	0.161996318396078
-0.787584985060278	0.318852114838309
-3.09404330590539	1.06245153955413
0.0815498636883571	0.0278163972953431
-0.458268525203384	0.157747985177483
1.27960565288958	0.59498871613029
-2.0091766513649	1.0155400577912
0.851072421194851	0.478525805994569
0.317924444867071	0.0922952031177124
1.94749379841595	0.779510636852421
-1.75201622763541	0.774383088065055
-0.80206496577458	0.323218730939522
-1.46256153338719	0.56954386956858
-3.82720790327223	1.590150775239
-3.83807769141209	1.63288479578917
0.878017587688004	0.342346718641171
-0.932478144582737	0.403545285028222
-3.83807769141209	1.63288479578917
-1.45954265283905	0.57403561389523
-3.31518843568061	1.19835002370899
-3.32796440159522	1.20355437314332
-0.645344947793608	0.237848841803638
-1.08731433463151	0.359710178704569
0.0194710854595509	0.00493855371249526
-0.625705234557545	0.231051889327707
-0.791589373706908	0.745193228490624
-1.10431761709858	1.46953003769218
-0.309855641356238	0.236371973510681
-0.381667612802306	0.273543250326465
0.695434669720169	0.491780103666869
-0.286433465871694	0.222831637111525
-1.54815286657534	1.47178164086358
-0.475275706077548	0.34432618535497
-0.333151683671643	0.231435633691872
-0.475399125249927	0.283569605679811
-0.821869049930051	0.72373450886433
-0.271583318902252	0.102774989599489
-0.295237819076024	0.131242970249608
-0.0615708508280361	0.0319685104618769
0.432517146374493	0.205407311132683
-1.0581140096697	0.861203210620658
-1.089029527618	0.483795878905897
-1.87170175355848	1.32888521639147
-0.517730680321336	0.267917311312647
-0.285731244424005	0.122759055698463
0.959771305909686	0.710657193270922
2.87129489903408	3.64967700553987
-0.200891702672892	0.0951690033370526
1.0770379934921	0.970013983375279
0.934712268373787	0.829761490649311
0.0539030568951533	0.0265258025326165
0.0399407899614014	0.0213305953173391
0.105905959612307	0.0602953699606127
-0.66871534690199	0.437229641266355
-0.633534605725601	0.653924461846185
-0.535923276939889	0.421771015904968
-0.615513639798838	0.601665063780215
-0.254712975747631	0.207811290522219
0.336254239782896	0.228705446731654
-0.247019649039184	0.21092532369616
0.0346724858542148	0.0180609514333037
0.245697096611434	0.15270473895425
0.137406405544216	0.0876471408311553
-1.62336131703546	0.657732440960585
0.350254860839424	0.193435582398762
-0.215758161656157	0.103174905694752
0.283878960040343	0.124800388373675
-0.407169145406407	0.190348024270583
-0.993034555612957	0.571092040643767
0.696000139360931	0.291813374326272
0.692212170800797	0.296109649559936
-0.530032769396441	0.229309799671041
-0.783207092307331	0.320218446459616
0.428023221409137	0.198260449553224
0.0106311946281934	0.00296320050961708
-0.438400295562227	0.150343257405573
-0.826886475386905	0.250046085549171
0.877675865069772	0.325941326036972
0.139627403967474	0.0548424653419537
0.600148796559866	0.290131332339186
-0.982298025054524	0.763389798343217
-1.45848707018788	0.580198349067802
-0.618719916794547	0.227872059743683
-1.76221372574836	0.792930037971209
-0.909187100513126	0.492484876469805
-0.534480177374469	0.231595487620522
1.28035034995547	0.702391699918917
-1.21901433987564	0.574476508949154
-2.02481102545335	1.5788886937376
-0.079444871699729	0.0386417492945214
-1.84818727727677	1.69422075335162
-2.83573891845403	0.897342341993353
0.149569403836418	0.0654322594073129
0.311634026189066	0.121880685816174
0.155319178452321	0.0782586565395745
0.292836387019865	0.131482092275976
-3.3297814604609	1.20159573453125
-1.28810247494672	0.480815408735924
-0.0434968009623249	0.0160342783043231
-0.789809388456919	0.385390724462907
-0.92767492130264	0.408996723343078
0.53239704975635	0.285936005638036
0.0034562237132588	0.00166530726208944
-3.09293870382283	1.07206408964027
0.295657417680168	0.134757251706607
-1.09577392262863	0.35828723267502
-0.00792666926346348	0.00266821588396251
-0.44538452339381	0.154460657274915
-1.06725118123824	0.745643351347305
-0.787055369020625	0.383236006603972
-0.426743366536864	0.22667841671515
0.0086973884967566	0.00428568140144029
-0.165669520901523	0.0687340359604448
-0.0957027096313858	0.0335605978005346
-0.234419553957208	0.0731857418093444
0.564249698659467	0.211356481914538
-2.01525957972586	0.977264815709163
-2.13769733031701	1.13149672350049
-2.34917404441797	1.35748288048207
0.747104431576025	0.222303827447796
0.305287714670481	0.123926045961371
-1.19530190300696	0.582499224436925
-4.08916334343651	1.89139050331587
0.547205161634949	0.345692455263307
0.61696131823632	0.290292400670219
0.27068224374591	0.116976684371099
0.887842324086244	0.556220732409291
1.87746181011891	1.180583821741
1.30110747636288	0.498525090323233
0.300758705642092	0.119619389159999
0.375944878582088	0.188892877098224
0.109692865323889	0.0417590705780856
-0.195823034058493	0.0952251056110318
2.01201041766266	1.82639090629232
0.269072912151797	0.166135998622357
0.0606477040419916	0.0316567993862252
-0.307713888038562	0.149733173474663
0.152965907158398	0.0737628252422503
0.104252707944045	0.0450113855127259
1.07262238924228	0.735005619794616
0.294475342300846	0.132167461315278
-1.31893401624508	0.658249040303808
-3.8354369420012	1.62503471722526
1.04425308251896	0.590964797983867
1.29825292850614	0.702677294127534
-0.268608767013983	0.10215567925144
-1.28176912949453	0.45700070510312
0.74005934947756	0.228093775301913
0.488291985609869	0.20259658077484
0.710657109693274	0.304766897928048
1.38159292353248	0.445976872538675
0.303592190384728	0.107678751978863
-3.3356901257479	1.15570065858205
1.38605416874139	0.451696726388903
-1.07666813951648	0.36466782984443
-0.652075514225785	0.2284809679887
-2.04902373026814	0.584535062964325
-1.46015956548501	0.574745191187339
0.562137745994624	0.203206298721199
-3.50845296259871	1.37767035504347
0.307342633839957	0.107439934225689
-0.443420509412986	0.152848515587045
-1.46499540999209	0.579570739426929
-0.523513114305865	0.137679209591898
0.00521195475823335	0.00163044193678137
-0.529297048011354	0.138367921393896
-0.836229957159059	0.247317031216125
-0.637486248828705	0.230077164301887
0.552167227851702	0.197911335727316
0.297552255986844	0.104373108157182
0.750050902487593	0.226091187584343
-2.86656019418081	1.98346186938679
0.547153124490705	0.128061292620407
-2.04783485499909	0.571093548500225
0.749070350540287	0.232504892288716
1.38700545039046	0.431317113281278
-0.623210133264611	0.231567819784973
0.00526618147656546	0.00152611893018079
-0.829590086194977	0.249784329587004
-0.397644892453903	0.159299062503693
-0.251179221047774	0.0768746102616027
-1.37855256949683	0.369087290450251
-0.45342234017267	0.149337625794454
0.701974555894853	0.305430863866205
0.322081051353188	0.0929531789439972
-0.452610384984436	0.15121499431246
0.73385246045154	0.223936714768893
-2.15301974528101	1.74443071277676
0.0402937505449972	0.0197136654948232
-0.0460906971947506	0.0264347338994321
-1.27393604802638	0.836017639807921
0.483708998486775	0.31207139892951
-0.437944832892167	0.270304955507826
-0.790917551394623	0.405135171388643
-0.431691896268661	0.309684137467375
-0.361448258891039	0.164589460092145
-0.623385058658374	0.3378558331065
0.677133301392678	0.364885384681563
-0.66790596453106	0.426339249616001
-0.836064658631463	0.726869355050425
-0.922043686846989	0.478159377675461
0.263433125357707	0.132656717420577
-0.893265809071978	0.4738004443046
-1.90733027193539	1.78468936574295
-0.175010878026026	0.0893777830565437
-0.422749915903875	0.189247580203435
0.287931504672694	0.130102337916214
-0.661759436253933	0.419835806367807
0.294048330583259	0.131103752409138
0.445359159542557	0.209866136879572
0.0291402757052876	0.0152637692126061
0.79205496433083	0.50253165188351
-0.881593861907174	0.451225752373489
1.97614271831057	1.50390173915873
-1.03604499254013	0.702691662284644
-0.169195479662224	0.086335162242196
0.552495313271753	0.358953636771806
-0.083123580780879	0.0555717002110108
0.458697917820943	0.342949233004477
-0.312205867092142	0.193179138280733
-0.752122102170735	0.769791232681476
0.794951686129976	0.57177540770492
0.14782285476725	0.0984216341397355
-0.980203279391967	0.759623677917508
0.0350771246188483	0.0156574536311963
0.506773341084618	0.355132265041262
-0.217098244730141	0.106195216844197
0.0941796425578052	0.0535106611638825
-0.060660221391935	0.0285143203787781
-1.89545804591234	0.907402711771701
-0.309814800094974	0.154115929580557
-1.10250433664912	0.666792472995848
0.26789553234165	0.133414912318028
0.970618933525358	0.700755682051184
0.29957636632387	0.12201939436616
0.838721164441421	0.5963463584968
0.744980507015802	0.227659325846765
-0.0827369573681746	0.0285399232813526
-0.258528746743039	0.0753017452122856
-1.19797658244455	0.589676916790695
-1.07815892867015	0.363555579143483
0.859400114522754	0.485738731021022
2.35907603320335	1.15409151652836
-0.933922656575034	0.40806956566406
0.286441908569056	0.133640939285086
0.450816938271765	0.212413701260342
-0.62955232384828	0.226909045364173
-0.559227770009211	0.248837204681293
-0.614516987548896	0.333698069453489
-1.96293860580976	1.26740484610963
-2.11518214801899	1.09968080193378
0.799066474929716	0.402017632022469
-0.228537838404421	0.127287896291899
-0.399531699124892	0.163171234740008
-0.541672414648718	0.235392964935807
-2.01961498677825	0.978015555384934
0.13049186428114	0.0677117142586565
0.357688712618972	0.229976007524106
-0.732975440956778	0.547409642520287
0.408757290465605	0.203194296328971
0.859830455853306	0.500298068676408
0.703407489113293	0.307850676347274
0.125168385876957	0.0485937896114097
1.02155390703948	0.528658313366365
1.06932037762982	0.610892834042919
-1.05962932543354	0.493715201839457
-1.29286415881844	0.469943282235934
0.602646209514818	0.398823771866913
-0.259973495311018	0.098006496120388
-0.240415257229644	0.0763442857745277
-0.777183492600296	0.29513040274883
0.0166328919450953	0.00418655247743507
-0.95439386059076	1.01503636867014
-0.424624493371326	0.227053091747206
-0.0000316474373875052	0.000146685445871643
-0.257652611440352	0.144007903736339
-0.222200542002839	0.106189581167586
0.0115863902476243	0.00559868614530758
-0.314684105619057	0.161213162562217
0.319498070505703	0.229737673557362
0.594288604468578	0.351590093613693
0.665300395163346	0.433100691487165
-2.74709181578289	1.89843314524711
-0.410197344752477	0.218827012470473
-0.801020637969673	0.464021246424241
0.794709894788297	0.539113321957588
-1.12208262609865	0.677167999992157
0.366922869535409	0.204517143518678
0.134569875634186	0.0621216620567884
0.48662423590217	0.268790969814106
0.201449838454479	0.108213552568606
0.265293129435696	0.129861055688005
0.840001714075832	0.674206627616191
-0.68226826212033	0.464474331402198
-0.169402251430778	0.0657422890632863
-1.2199786818676	0.967927638337073
-0.345589060703752	0.197180675205676
-0.0534048056300571	0.0273628575683783
0.0288670856366463	0.0160028041894866
1.1937210340162	1.48264346771685
-1.10614199306866	1.28721836923509
-0.236942404476796	0.113633778028752
0.620630578334524	0.502620135249964
-1.15776320920277	1.54575678500895
-0.542526218345133	0.394533921229946
0.862289686368644	1.09801140482412
0.579187446623195	0.468019466512098
-1.07821715819328	0.732735715615697
1.06473256264047	1.02203432082024
-1.26656243126383	0.862070994525432
1.10088999185912	0.777999686025473
0.758186544733798	0.621316207942141
1.6488498802066	1.34585155366086
1.03385849059191	0.549099068565309
0.76458766758536	0.466091720459947
0.978878362014943	0.442375135918143
1.05676511349939	0.620000241470922
0.153298272669492	0.0679001472161777
0.558131315194218	0.20033221845755
0.619120677864349	0.305470005069155
0.328325097747485	0.0960689936716833
0.303832085838145	0.106706660512513
-0.527215050774644	0.140893224801063
-0.929992209726859	0.394759649091843
2.11893317361374	1.5141276764693
-0.615536842496	0.336050809975078
-0.236516139800868	0.0742890111474493
1.28737071173399	0.577814087848204
0.141703590582697	0.0551051881523206
0.797350198868521	0.405676430919885
0.427538986736021	0.194721296868625
0.272992662221759	0.112104389670885
-0.678307783270462	0.324547794309883
-1.76758184120578	0.80805060854661
-1.49966018142783	0.868501493601706
2.3057070827701	2.11003494058969
0.71845385533609	0.315760753384189
-3.96989141126524	1.67997137297522
1.89093779372301	1.21137858813657
-0.266942615797212	0.113069319726429
0.0378593377116051	0.020952508914973
0.302226856213934	0.121141025622144
1.30289125834591	0.518723286387351
-1.08341915477405	0.36369710803699
-0.260193857375371	0.0970066556468691
-0.083510266718677	0.0274010360907269
0.741192827520051	0.219706903960386
-1.53127212755895	0.861883797157822
-0.79405207276473	0.390421516981319
-0.615689344380558	0.324469615089643
-0.0427577598318781	0.0145450327481759
-0.517868729868994	0.305826222944575
0.139223100209276	0.0591283307042618
-0.756165958846641	0.639837784783518
-0.590795675161543	0.430509142831627
0.0383015082115678	0.0197945113552272
-0.519153528736166	0.404893578174063
-0.0918259793814707	0.0594861509111706
-2.1015409721238	1.65868418099589
-0.124293524300386	0.0754213734755338
0.556417771436253	0.418526054067481
-1.53818562835949	1.1425121409872
-1.69685419421826	1.09448318860755
-2.14577227545233	1.74338915454884
0.00629238293218912	0.00344402304556137
-0.28190783946083	0.122066259729743
-1.70853345860598	1.08966355353957
-2.03944493248734	1.48011641136683
-0.423664963150914	0.250549695945978
0.130289131615877	0.0728728697970241
-0.660305247737593	0.406422099522868
0.152156825066743	0.0662551726622648
0.754815116008167	0.459815558011991
0.28617030451643	0.180591493206224
1.06709930224182	0.700468992993158
-0.141148849080307	0.0778381876872791
0.858068647264288	0.734144237427601
0.843554750503412	0.656502369314893
-0.336863775602379	0.186152881732535
0.217201913217319	0.150989606117832
-0.655044620927089	0.454896173673795
0.39516654996804	0.207250803739172
-0.601459679743114	0.403627190830724
-0.415093205541883	0.253385570416914
-0.190518306983931	0.140470845466208
-0.15152122545603	0.0976225659470243
-1.25737348519998	1.14854774860556
0.0195010974106861	0.0118460457997774
-0.374849085797759	0.326787054042807
-0.253601415959453	0.155345503287079
0.570194549817989	0.506866740045846
0.773960646571336	0.743904326295005
-0.0397166201201266	0.0246407504816183
-0.0454759630768448	0.0240798529855798
0.572653245291154	0.430000643196519
-0.840918909541509	0.877656251639531
0.576818650268107	0.396493683360229
0.808381372612777	0.416626240249358
1.87288403186361	2.18153349708206
0.467436456601601	0.345879148849888
0.091731784172194	0.0315067560502082
-0.617481522925393	0.333419047934207
0.829571195901526	0.624547410565491
-0.412318802644657	0.163015086146914
-0.0359054263198307	0.0132913667201397
-0.0798633650039965	0.0271988300821814
-0.245086104881698	0.0766295358796992
-0.0984956525806512	0.0433094434262197
-0.51812082156918	0.137106412514332
0.356152699659609	0.19852070791562
0.0276472030623493	0.0113996064432042
-0.787975218116747	0.315833057335789
-1.45848707018788	0.580198349067802
0.2825850227568	0.124075709918537
-2.00860109866887	1.01201536805983
-0.499712341091312	0.288009753080945
-0.302936766875552	0.151387429354642
0.536305831358352	0.289644297065651
-0.291894219336971	0.126151435675663
1.62989202415198	1.33691315124465
-1.41098803305345	0.749052536369461
-1.13129664976123	0.829265050505352
-0.306525940501258	0.130107164984056
-0.79193668767505	0.323740455554184
-0.2596763778729	0.0951723819351129
-0.727783104269276	0.426119966367525
-0.611411480170853	0.456287500754553
-0.0941102971862113	0.0326586016877903
-0.402905548453288	0.166974077828335
1.02669946296269	0.539382002248002
0.704415556007449	0.308686375593857
0.0995985910283578	0.0577590746912334
1.03204066335394	0.541938484080918
0.740626794122684	0.454153955375347
-1.17127924585178	0.727028263626192
-0.594254051809431	0.355851116706528
-0.925911446668621	0.405378727838648
-0.418708371812513	0.232729368283667
-1.89259641500828	0.91276030314906
-0.50837084218682	0.296863873891561
-1.0759260701682	1.5633105127886
0.0343265390707214	0.0264286770111917
0.121785040713238	0.108949131638918
-1.05612638829426	1.28157765407629
-0.679888332571632	0.671833905442415
-0.631505722243703	0.484991025850535
-0.846378510021569	0.833294577708
0.494902866393874	0.393797410019081
-0.0967574478533587	0.0610142488040434
-1.31360336987236	1.60881704979507
-0.905411164285095	0.65953415292687
-1.67902920809429	1.67567064133013
0.217289483859802	0.136287254618736
0.819699933072887	0.851744673401513
1.35104859259864	1.64432284286887
-0.429632594409928	0.259746592932029
0.418332729191061	0.363917111184643
0.24033210302172	0.174987655317251
-0.0966823018766285	0.0681968756738361
0.0568979576363835	0.042737576515054
0.0529649267457024	0.0328540043848036
-0.00093257624297276	0.000036991500877121
-0.564518206347482	0.521713674512394
0.0768090125733598	0.0595725869597926
0.188351800770603	0.112778035979314
-0.537654246100636	0.232851814910926
0.80048468267649	0.532514930311209
-1.10429427298899	1.21619755888055
0.0932159379358811	0.0600778368239209
-0.338408306194386	0.196950586923651
-0.0604191343879898	0.0296137289576996
-0.284491063283688	0.171733454704787
0.326374310820747	0.289109325977881
0.731256436478736	0.775529943966893
-0.130033671263101	0.101849365053294
1.02130616146313	1.17223203958866
0.0673400202389566	0.0427246715199072
0.300458921510566	0.174751880414142
-0.366526838177293	0.242436048568936
0.64924038333791	0.520837744928829
-0.480265814586024	0.381649794646704
0.748931095879905	0.684838899985784
1.08210677530049	0.962724482036307
0.0213938265300799	0.0114611565008926
-0.392739926459445	0.250789709205061
-0.235376159087563	0.163110144699292
-0.0399220491897734	0.0218021797731005
-0.583304197237614	0.348735061799683
0.22051848718076	0.11271757260503
0.0421244913829215	0.022272432361926
1.08713080702146	0.674851697340489
-0.799777385748079	0.408534881128791
-0.507934231881997	0.251436686077861
-0.252500492417684	0.0940188033050978
-0.20702869013694	0.0991249954602004
-0.281447775229266	0.123252002356641
-4.89612817193311	3.07620755542598
0.397410300510634	0.247053097958013
1.06681202015446	0.663518782193917
0.459677124353481	0.364579970425018
0.0305225954102273	0.0161811801003547
-0.0413124702829157	0.0234132768307605
1.16835911080849	1.40889903177493
1.36005464560728	1.58410646287268
-1.18917157122151	0.878490593069681
-0.21114819282464	0.141141591088381
-0.121618574269695	0.0698611574978526
0.00533897577829207	0.00286878683453648
-2.00338010071461	0.990110358199985
0.137565079451336	0.0606066745932604
-0.498899447625731	0.293464555477735
0.552683817487748	0.434777901764144
-0.0437770858847758	0.0231715004659876
-0.148642265444241	0.0838730263733716
-1.63185573009656	1.34715137681314
0.472918850958848	0.272449428539195
-0.178301996952138	0.0881292164535906
-0.434993052812029	0.258511977110947
-1.50244429105687	1.3327498483419
-1.81808583583381	1.59156053266921
0.248476246405806	0.131244647936624
-0.118024703611305	0.0665702636496693
-0.66224464917499	0.309085930109787
-0.341223699597966	0.160767172517887
-0.295243619653524	0.23689926261374
-0.450583817446153	0.511781586841248
-0.0905308578248134	0.0787568692244272
-0.31263432640665	0.274263952481671
-0.81451049948151	0.90712494498555
0.0221625946304809	0.0194313858023598
-0.197139727055729	0.221736356611567
-0.475271728030792	0.482323750269166
-0.350424614007586	0.236704329443016
-0.680218912222203	0.672909866322423
-0.189419056333258	0.121457945361296
-1.30701518634043	1.07644938691304
-0.195956747467176	0.153441889896851
0.930528685482504	0.674947340222745
-0.0488640977818519	0.0283141158614085
-0.0504823307840301	0.0275795992591765
-0.457890392054671	0.341451046623411
-0.0132340338378588	0.00874236815192693
-0.184623756918587	0.118284277717612
-0.136711728382692	0.0963198910189725
0.501874217399405	0.422685933892612
0.384489832822339	0.330487180934643
0.19654310308905	0.161712760905423
0.295598156836558	0.206927577036932
-0.788739844541419	0.647976084207616
-0.0716865753797768	0.0453004451769596
-0.379742649784076	0.327019646711421
0.153803029643416	0.0773765978333581
1.0758705620492	0.82786070505569
-0.401771426226477	0.18916738862826
0.129843516492325	0.0654558292724321
-0.602189093583681	0.465227703901786
0.552509036354647	0.360178394672455
-0.716146263736919	0.568624193692218
-0.392431734707543	0.240701605289358
-0.0765715015459048	0.0436129521253959
0.346905026496265	0.337673670456139
0.228532391949102	0.171306919325299
0.750916052422794	0.597860147522387
0.134605870175272	0.086942719630652
0.20429029926775	0.134301513083267
-1.09506960338425	0.928587310608428
0.872256861652872	0.832810436238852
0.409299500906996	0.233042418511523
0.469230324134681	0.318700184620408
0.15004187624358	0.0718456576292211
-0.96632426157819	0.730326042757689
-0.0152457495743945	0.00586451785591508
0.268253394266806	0.199273524596952
-0.900689663290225	0.672890215956487
0.0363268234604097	0.0162890810770497
0.43877111262852	0.304854439165546
0.417869626931895	0.248198902862688
0.014876046446379	0.0059037169631955
-0.305303363235795	0.197240695243451
-0.135485465012248	0.0790532041025662
-2.34377681090015	2.14334560209084
-1.89317067279796	1.7723713781395
-1.27880868549963	0.845722073256235
0.108768008304844	0.0541493401599624
0.958227719254238	0.701877199427463
-0.165251019113455	0.0700014832592573
0.221182259149593	0.125306456953264
0.478824528466324	0.380493302800831
-0.590996509315653	0.361901207680342
-0.150714258268444	0.0821525301030474
0.656968511070016	0.561718941573444
-1.0675625388923	1.00843888687464
0.362162793486941	0.25154557953641
-0.260813945394849	0.14176351185862
0.086022287531621	0.0293556655550775
-0.515565335475952	0.255212172071803
0.411007501591533	0.248475958839042
-1.13851273348818	1.13850578855567
-0.101919721413196	0.0453275922047053
-0.0356176120776357	0.0194732623829329
-0.0674512375316737	0.0361276784447939
-0.0191060575065942	0.0106754377291648
-1.19905469973309	1.08480380621271
-0.329547370659514	0.229423271190423
-0.159522513549053	0.080407899733176
0.00728174117846302	0.00631223247091307
0.0571232280214609	0.0466223272466359
-0.724019494728628	0.951586112033178
-0.468950871529815	0.588537174953378
0.512198132682293	0.690520247959586
0.197023372528367	0.229583702269696
-0.358693351051783	0.408836989753104
-0.461119562937531	0.603470001566463
-0.299637321911892	0.358066934057596
-0.322695081900706	0.351202991561616
-0.687508945022417	0.979208775245325
-0.522463873422594	0.485288699939705
-0.128767859759467	0.0900229103622879
-0.00352869947133066	0.0015181823679303
0.13282802297394	0.10485204794945
-0.176319138443692	0.134561180043889
0.155445848206479	0.106904435069934
-0.0286534143938171	0.017441388040015
0.858299932413889	1.15327840479066
-0.513397627457666	0.388900124769892
0.766328687922195	0.777005371621265
-0.1844156916204	0.149503112852729
-0.208738839925248	0.171584393714477
0.449651882593293	0.443326867757001
0.305477366073516	0.261982526759444
0.313099896534486	0.328216951785834
-0.125900593786365	0.0939234704028888
0.113226583722127	0.0729642070701376
0.22818640095022	0.147292443932172
0.114734949247912	0.0954075808475943
0.134306362857481	0.0674584917850068
-1.11793632548962	0.811394480748865
-1.28044157614008	0.855841752785727
0.1174824242963	0.0603389158447855
-0.365979519869266	0.226455932431235
-0.464716926099273	0.436665586988159
0.0409992735075536	0.0252109469595762
0.156481760381511	0.134281488020853
0.181186243798228	0.135670917947424
0.414125662498173	0.439857671588413
-0.77099207309362	0.759515036828139
0.703311319896893	0.846562666374959
0.75161716276536	0.899629173445166
0.364904667293032	0.260886930522566
-0.50679704383368	0.434335828372641
0.643038514985526	0.662753598653963
-0.658880545382233	0.598543591864972
-0.509633561301586	0.50854941384908
0.761230456974472	0.905074494786029
-0.440634019536609	0.318049091845004
-0.168119549413969	0.130264982173781
-0.520478049612945	0.364259581093741
-0.713909477668802	0.571783691522633
0.610850068653169	0.36872303463086
0.264620781426625	0.193479536533137
0.543282332892953	0.433957535478958
0.0401138147319128	0.0221082539499382
-2.21752883864325	1.88444895274023
-0.13349305728466	0.0807901023794639
-0.714421836968754	0.414018366307807
0.587830933944691	0.407023823722968
0.042037132723169	0.0210567313498684
-1.08687362483343	1.29723866234861
-0.452716081729787	0.430997634449732
0.630794574738032	0.575459809617904
-0.117184583630135	0.0776622245158326
-0.54853103929398	0.496505963935591
-0.638633575771019	0.477096808156266
0.487049451331322	0.310032906404763
-0.212244943487529	0.129842748414589
0.832306356374895	0.662130700200325
0.0403957171895364	0.0212236037559737
0.734690775052913	0.569117593242187
-0.516447053110781	0.422276090167112
-0.758922610971748	0.680143600809062
-0.548515810394416	0.514562007636894
0.10104220572623	0.0756369329330978
-0.11972489709256	0.099327742375851
-0.446562295786976	0.455933630747567
-0.645133046480487	0.948290905864399
0.0365520329469885	0.0318829196904646
0.584608253872914	0.877633339851824
0.0218149845242326	0.0169131998327204
0.119521895842024	0.100047240616161
0.0438633599155484	0.0447845484789845
0.0359473456726909	0.0319752090262576
-0.586821963940604	0.734292425170728
-0.0964574189995916	0.0782379771702061
0.28015977021881	0.229079685913333
1.2145256788331	1.61413313384991
1.06995713271165	1.5038792415445
0.437885201639221	0.406895837000354
0.931661933720722	0.975868029531464
-0.636264106248624	0.720635889854589
1.80054369645063	3.14452924968322
0.64615154274104	0.543473250486275
-0.0438222582976764	0.0301284700931153
0.571471706962437	0.482244443454516
0.43671195001388	0.499999678406251
0.66961016968486	0.802103188683689
-0.550103279273389	0.493040487083054
0.134418190559743	0.0570975866590332
0.211960478730875	0.122201096092717
-0.0612963765961537	0.0286789788857204
-0.516434184093668	0.317205358301528
0.142758183370852	0.0716850105712461
-0.0880753037108463	0.0400156030210329
0.355204154666196	0.396321404085454
0.414508998752583	0.442672053180307
-0.598432611133033	0.678681287544748
-0.00670902818736411	0.00514019379889912
0.368783422000852	0.311063883454517
0.055873617602523	0.0394511054573218
0.876407407518814	0.965215899570446
0.143936035960721	0.0875838820716262
-0.159117278384013	0.0801344134576085
0.734152094842125	0.723316037607662
-0.25702910908856	0.207211887380879
-0.85741452130129	0.841809233053247
0.40164055319073	0.377396433173229
0.634599369392667	0.686801778003949
0.608960854378839	0.447119154486017
0.729049289740948	0.589449129794315
-0.591545990673284	0.310300397856642
1.40975664518044	1.59681263502818
-0.141353038740075	0.0823606194195879
0.500239830911886	0.356013627354853
0.668993297196164	0.432142186778128
-0.431269755194825	0.255395580282296
0.192942698948094	0.117087882850538
-0.88729956475778	0.780755192093072
-0.456599955037159	0.327255337873244
-0.251252737429241	0.178020476132789
-0.408049647354737	0.217126414967606
-0.42716269799515	0.357237748206175
-0.244610164842267	0.177069049498694
-0.557840861446542	0.484035896244004
-0.840499747144649	0.751793019505401
-0.0565745944191992	0.0414469889287301
-1.61298244723376	2.26532906510945
0.557127312765614	0.494219719488224
0.353588269980946	0.301397994995539
0.0290668950975886	0.0152902163817316
1.00409195273819	1.15437634578151
-0.256349208804608	0.147585448962032
0.2798470569471	0.198565429160007
-0.166823558138053	0.118812744442324
-0.252355032587781	0.271063810573429
0.109820184922918	0.091016420455567
-0.301417109783714	0.317469325245533
-0.22412133081227	0.22128652511084
-0.850456277587707	1.01546010871213
-0.332668328013137	0.385139477250066
-1.23037810507198	2.62833558964193
0.0875298561815223	0.0838852781468772
0.229315115288811	0.238866538632522
0.946997700598353	1.76464631416566
-0.478313684327596	0.319793496798787
-0.668028048286239	0.926197742525265
-0.797473252492373	1.22749929660895
-0.20788050174687	0.196358199629602
-0.0313655601230397	0.0240154795968258
-0.457836340104107	0.477976248232962
-0.462445210871776	0.370408969011986
-0.190842250652644	0.151238116750187
1.44922853332653	1.93965559744072
0.435848317925936	0.396055547154234
0.580270978670517	0.516706729133345
0.241289848920477	0.226275670189065
-0.422817228305927	0.377803893378722
0.556187098998608	0.49450950485057
0.112666921977356	0.0716318014353533
0.409025440509287	0.356273583837244
0.550440221413475	0.660908835839001
1.31975191240391	1.40239231542357
0.525241442770773	0.680154104173531
0.263071021972423	0.283420084159762
0.151031152245082	0.117508584509845
0.38739299678821	0.371370917592662
-0.162203561821701	0.098657466605642
0.20426851884875	0.170609144633182
0.122432972123231	0.0926673631355274
-0.100506636869997	0.0809700668743265
0.425229412953683	0.507644312192353
-0.0821080598186451	0.0519296328427508
1.88288675042843	3.16748564152705
-0.60268938166189	0.506388774919626
-0.691586713024626	0.590899086881781
-0.250066203086965	0.195159987335317
0.323943875207179	0.287971635158075
1.06718861152535	1.15040976550188
-0.113281806426091	0.0791768021189661
-0.590629763273636	0.466409395406997
0.599779691494452	0.483629151856264
0.310272540769673	0.208464795438915
-0.881628344256089	0.703845715682406
-0.618156698728297	0.478743991661609
-0.844447463824505	0.938711996247883
-1.51237661805504	0.884886915187709
0.223576406882785	0.127852586376801
0.722521138034077	0.721356290999601
0.122959411690349	0.0691648664109746
-0.167950103082588	0.110025808215999
0.0664124163770476	0.0403532259947486
-0.572382441984367	0.402847281179951
1.17540394949668	1.39130163487834
-0.0816553208108891	0.0580916678059683
-0.0853977876520159	0.0531778236021062
-0.381446422994028	0.2679897556955
0.195004876443536	0.130640197678232
-0.0261431613353961	0.0185436898718801
0.127361687981209	0.065034370506801
0.42987770748548	0.256173718822372
-0.0157147109527112	0.0110694955411608
0.0840020663283831	0.0596488129631534
-0.0569043920983095	0.0473396116846996
0.824898374545682	1.06658416033317
-0.261319113001188	0.290713572786113
-0.377508060021553	0.398090109388037
-0.560034803047511	0.857060106281114
-0.626199236621476	0.857344118965484
-0.221733805104324	0.244735225928419
-0.0947648456967515	0.0871171605890945
-0.0631834274022277	0.0448073287874011
-1.09928397000012	1.5623563289693
-0.763244162091177	1.05060298823621
-0.376630235666366	0.468821635435202
0.0180308085920928	0.0158529569626595
-0.442045473561222	0.49277661137896
0.107021253924253	0.0965478400197795
-0.16894393132852	0.13463858043323
-0.104915520101763	0.0700250021500403
0.847234639903849	0.844048764516828
0.250917857404256	0.16424751293557
0.783674115017039	0.757797244677959
0.829702639728276	0.636125435192672
-0.302425452381265	0.22501280958903
0.651600093654416	0.572769879852603
-0.302355631235132	0.234387701523846
0.261351017044407	0.200585387723831
0.473695640839569	0.391037760777153
0.0968607577276878	0.0551474498436987
0.0679437282030379	0.0435166537876376
0.306640512144934	0.225161193131252
0.228362087773348	0.205591847216278
0.00189807031636598	0.0016375008170417
-0.222910359235386	0.178474732131889
-0.151055784421454	0.138409954169514
0.0572092302667428	0.0462628177121383
0.488278518074379	0.32520018196366
0.348219801089736	0.18671526670532
-0.172434905774876	0.130477423893209
-0.0515522962355621	0.037077405150072
-0.30124403310639	0.218253375151557
0.283880708320224	0.247896802913055
-0.132802148534831	0.0943073956073329
-0.0939608474983875	0.0639997986382823
-1.19097727739711	0.732675797691064
0.0471078672124055	0.0229209544992044
0.950234895232788	0.801415901153703
0.288712258830458	0.178301941317602
0.14748625961463	0.0927382889890594
0.52746826166708	0.324371877771622
-0.0629527011317559	0.0388817179677012
0.535472267586052	0.50427878199624
-0.780058705507649	0.500046890568426
-0.0379329763026216	0.0231340638299093
0.0167674011673735	0.00939494368446766
-1.16918039754929	1.26784175129651
0.429204135715568	0.300960433008881
0.139354986067413	0.0947807345310675
-0.250649993674487	0.191705708740491
-0.132162312574149	0.0848979844866795
-0.411165987127711	0.33314591622318
-0.436510777415672	0.415150752495096
-0.0981594235329281	0.0692252666866634
0.540759492816177	0.624029383257027
-0.292554737846763	0.275757941606977
-1.02760990126314	1.79175091987394
-0.862521126356629	1.64025571155313
0.668456900949142	0.876319902083153
-0.886087547639316	1.2363957339894
0.0671522037848289	0.070620788089998
0.111228130139336	0.116147666020505
0.202537136169434	0.171416850823437
0.149477573669204	0.111467138158006
-0.311705965438294	0.335981665122858
-0.212742739791388	0.177493585901116
-0.995551387269498	1.42271628132122
0.517106618187979	0.668108196925556
-0.963257364741011	1.15734756859141
-1.18715096126702	1.7884658275357
-0.112238982411643	0.0796050587981456
0.104031087389021	0.0544269982030564
-0.654102803238427	0.489748069109871
-0.851665083683441	0.595686983590279
0.663927255107461	0.434372839719849
0.507874678257025	0.371472350993381
-0.416315166039122	0.219578301313213
-0.183591658047413	0.12870504448991
-0.0935555781423606	0.0584855285163778
-0.146331391769056	0.0906686600526154
0.173773661917033	0.116158351689386
0.00518740474691988	0.00275531021566545
0.856231104254262	0.77170416241746
0.863848201512934	0.863622628810537
0.135817522052172	0.110417121535812
0.0536004199008485	0.0329022823487379
-0.216640453078053	0.174033375049602
-1.41996380374531	1.91650112112117
-0.481483954606134	0.59529922703971
-0.0506683416928303	0.0335820013513706
-1.70348303067111	2.08353830115993
-0.473733046415031	0.398827506975487
-0.315123200707541	0.155692900253584
-0.348080824025038	0.250846507705686
1.04849801788921	1.31357605665706
-0.566188621190935	0.507454212500155
-0.652843363229045	0.524596735028287
-0.21059562157336	0.145603818813891
0.0154107921154149	0.00879884200994988
0.18327900604025	0.133071451631536
-0.343029247800724	0.242436619800392
-0.539921102431464	0.386976330319971
-1.63940250252163	1.63309207686044
0.0356599593020025	0.0233584009323991
-0.245681453343063	0.189058689836325
-0.595042184068052	0.50759006844797
0.183315138094669	0.192252397050476
0.951216805766864	1.13366545722888
-0.0544653547881425	0.0429654024899288
0.411278307747804	0.387618611615246
-0.8380582027809	1.42817028864789
-0.864064061367024	1.51555174493492
-0.966859266399128	2.26061350138231
-0.400196334303729	0.60533093940167
-0.202193862572504	0.224327543967289
-0.0801462162428539	0.0779722463092426
-0.453834784118793	0.510507863898757
-0.214686055685361	0.239053078560236
-0.731579607686974	1.1552709911204
-1.00090927696812	1.32947645057386
-0.890328553240336	1.54224921022929
-0.730836836217441	1.26654262697064
-0.419573359151396	0.430634132188944
-1.69872966332093	2.55340908169993
-0.862944864460799	0.914105629222962
-0.339193469905896	0.253118725595165
-0.1516345669066	0.0991031462864322
-0.376050865033805	0.284700830639377
1.26141541166354	1.6292020276311
0.541385611649053	0.536280145374526
-0.111887387974482	0.0623137433615179
-0.741981580722294	0.656416259566994
-0.522403982902113	0.480649274094906
-0.332653750531985	0.200654296895509
0.372853243232134	0.296244458671118
0.285212631046622	0.199804355121953
0.367793074232941	0.264965660341025
0.236517678695116	0.167694086191043
-0.898090630522938	0.961039094985065
-0.531672214280664	0.489818197386671
-0.505619260516063	0.469980869759943
-0.0381053087054404	0.0270343373386392
-0.929776994324973	1.1904533582146
-0.816071886675353	0.92015828913431
-0.621651613748623	0.476646059958243
-0.695595363777775	0.732424912021589
-0.650504568556463	0.651954621107422
0.108736529036029	0.0742214115484399
-0.153527370426984	0.113655260117521
-0.494921851931656	0.378045908958186
-0.401915495168448	0.338161077593616
-0.554651237342399	0.512465614498724
-0.0354754837574945	0.023259672368607
-0.665915202633753	0.713888604669985
-0.0579091846721626	0.0412133041429527
0.728410826600604	0.696479398769194
-0.503854532881854	0.641111322369104
0.302308504875136	0.314187960432225
0.918070572597472	1.22362941324916
-0.492113431313222	0.554728933419408
-0.280055209081084	0.360654891863895
-0.509336513304544	0.833241093039206
-0.754712185493597	1.48473696426013
-0.786886119782925	1.61499649510672
-0.623062330006842	1.24588951865597
-0.87956450338591	1.63554631263733
0.156664084392513	0.142347673351724
-0.929009629526138	1.78848696193448
-1.06634928762913	2.45550009194605
-0.89855306710172	1.33107362347259
-0.526096683620152	0.709541344308662
-0.668711106749516	1.28305773851854
-0.856366237734662	1.61372824901383
-0.684673207701979	1.15218725109189
-1.21737801416858	2.49353151604715
-0.766043510827865	1.12266039833976
0.0262963805817666	0.0179705339061339
0.396912690173509	0.35876421902283
-0.51342427777416	0.590203885395626
0.0361134968643971	0.0244922343886867
-1.07290401188725	0.848977980885073
1.29990521307424	1.32628140473702
0.554972440489556	0.550312861189942
-0.433559315369098	0.376219669425895
-0.163385566375499	0.0810178250858381
-1.10440317872627	1.04348763130845
0.311983646178764	0.236835944090153
-0.527555161364791	0.553735410252724
-1.33129764080663	2.51979440335564
-0.774137770197183	1.12745254335508
-0.724046605251139	0.978404286498529
-0.462050687065857	0.497425236998125
-0.828458106578102	0.955053809472941
-0.489087430748184	0.478476128809407
-0.183384884399843	0.158006925018862
-0.712532000399352	0.909382706693071
-0.154662890761361	0.114774600985306
-0.207887351175504	0.177030210177671
-0.504246563744249	0.418738428042466
0.0802009820474677	0.0639506548084075
0.0457755509957448	0.0425109643131048
-0.46125414185586	0.791924148096921
-0.81167900319538	1.30493120162649
-0.132548855892396	0.146400795810754
-0.667594729804768	1.44021486137732
-0.7728707567022	1.57352195380184
-0.357668518712203	0.383515123414931
-0.842292258004455	1.83661172520429
-0.840072451964221	1.51720703855699
-0.240054766996508	0.216032889939523
-0.320422329411124	0.357590708061544
0.194564323848222	0.203392385460154
-1.08647363822829	2.57505877118214
-0.655604937219105	0.936891522035256
-2.00575384139476	4.55263925150871
-0.319292678439563	0.29358512760351
-0.489808433588134	0.390743949918455
-0.955171406776618	0.813717949888903
0.392889422967833	0.33720994550445
0.577486155344673	0.387191861098595
0.667726468902475	0.565821872664595
0.854046994404484	0.79969178174463
0.382920248886359	0.306394847799447
-0.488098605346869	0.391970952164868
-0.296810954664925	0.181561415337878
0.780045914057398	0.704250368923245
1.36142324728495	1.55465665911646
1.05976561684358	1.10824942762249
-0.180123497818666	0.133230954888864
-0.676219348749487	0.814872350105581
-0.898917193790694	1.27176096677451
-0.862293028857233	1.02919562185095
-0.605957180963871	0.709505694108969
-0.177981145049465	0.169812060515581
-0.369466437367574	0.370472318959287
-0.226327591740027	0.215254501839653
-0.720844377053212	1.43618802894199
-1.06566299764612	2.96707012054398
-1.04764945738966	2.87186095755414
-0.566373016232614	1.17261979054705
-1.0212724788489	2.77163234529733
-0.0623922345333826	0.072279633537592
-0.712549771135427	0.994690393502864
-0.572193185686508	1.08387905336394
-1.22158687067164	3.22431705067341
-1.30739246029944	2.17538861002879
-0.580450197421443	0.798268325465713
-1.256358410664	3.12492241163252
-1.44164535873322	3.66619472222768
-0.476470454059776	0.681267397630724
-0.289020030503296	0.358674324589173
-0.226417885549382	0.180823351271869
-0.532495835919012	0.481295744130336
0.231300263924691	0.185826390275986
0.329611370702377	0.295078640250491
1.08189790938883	1.0695581398233
-0.102761934953958	0.0446876664700024
0.845817084415256	0.65582369580994
0.95557135274112	0.952142144012787
0.459503839596893	0.354481601907909
1.46337449770326	1.5338532174615
0.848692311629186	0.872018861776109
-0.81669204145294	0.879319077023717
-1.05453966633646	1.63953718137111
0.213285945776908	0.199070757542119
-0.763980537593696	1.5931201853006
-0.668673386498237	1.24200794685929
-1.14663956210046	3.39325949246857
-1.39650688927963	3.64956172015123
-0.402064304531733	0.626333644785282
-1.14695478296696	3.11170741804718
-0.524704066156204	0.635618307690545
-0.910525262806721	2.04804301595737
-0.585061015150704	0.889898482836367
-0.660810712084592	0.921960592256257
-0.96537184557085	1.88306663809506
-1.02302741501758	2.21009422122681
-1.01109894951167	2.09519907999015
-1.02214772119947	1.80950336633235
-1.11443808530443	1.95793698662484
-0.423202444060505	0.450933671633673
-0.279107036295877	0.230538473252439
0.241490162813535	0.182458295464183
-0.449965238673021	0.376578048524505
-0.649859945279429	0.543690020779565
0.271791389148697	0.22080696356001
0.208530974938969	0.144124038241489
0.0318364946278832	0.0237078874489499
0.234892469947823	0.23406410431926
-0.919094963423077	1.55807189531404
-0.22203530496327	0.255771029584723
-0.159140801341495	0.182603027605916
-0.324170606753013	0.385002515396168
-1.14369002842718	2.5813438531351
-0.23876668435669	0.290617250292729
-0.424372718609386	0.498475863793223
-0.549276278916155	0.798817755328866
-0.654567379985614	1.00450655394752
-0.485104460198456	0.512748662800404
-0.201626010891576	0.2165486003534
-0.810961155264921	1.61967385837898
-0.518322151978414	0.652219588989343
-0.320582992861802	0.400821758801437
-0.378270931408692	0.425044366716068
-1.47403143300868	2.29369604748313
-0.238005719640308	0.18951615328391
-0.851044775631645	1.01830365107866
-0.677326287207898	0.715286866130003
-0.272987702817023	0.176133128828035
0.396669031425374	0.310135139262027
-0.369680699690488	0.364689415211345
-0.198527370185523	0.171198944038299
-0.33027383432225	0.233284515504846
-0.241851830686876	0.21516924815205
-0.75912513990061	1.00802154694949
-1.14323373410547	1.7337876455967
0.241810510869635	0.222256434761196
-1.27081642913139	1.81954362645906
-1.13083372095077	1.99187703796307
-0.960960831549033	1.57181363046375
-0.847062080578851	1.25007875215954
-0.650513409650391	0.884935015248821
-0.881752192947932	1.55415402441332
-0.469677704361006	0.657873077840856
-0.645247200838321	0.827627560053379
-0.746038843525531	1.25917626051486
-0.631259827610342	0.903657240413276
-1.15692367118675	1.21003045697409
0.940093582237872	1.28071277827853
-0.507644239976876	0.581814760467274
-1.27111311888201	2.17465186806023
0.0567404981059269	0.0421321427818038
-0.506556619832595	0.516563267853798
-0.965589968280964	1.35871607029146
-0.651521227798579	0.808654639725688
0.680407735008429	0.791773567221577
-0.545844651791534	0.538744866070674
0.162293119459408	0.103119347258472
-0.855640586901087	0.844381619250463
-0.209315736296313	0.118613271138725
-0.616794628571024	0.468034565500552
-0.30469973214795	0.240002808001861
-0.201949566524198	0.173241545703329
-0.696043109087209	0.832092041183706
-0.115518515642233	0.0838519523994376
-0.085399441962325	0.0616253993979092
-0.378886750893709	0.348007429024793
-0.989141191930327	1.58142786523663
-0.309002048759056	0.273841797862922
-0.763834165938113	1.3200703936307
-0.750867645200604	1.09103893780195
-0.955028738491383	1.97754877859506
-1.61019284395261	3.31289779443274
-0.526291715129877	0.860011121709018
-0.438459161762733	0.662717579186571
0.342940760699849	0.352596082015697
-0.568946338627642	0.785853689729901
-0.684692046473848	1.09781255568997
0.0514077099022875	0.0397705913931144
0.114377840426106	0.109834203168408
-0.161088477776961	0.167963660545143
-0.738868586218193	1.18436273579544
-0.833944104024301	1.21003291303522
-0.544392598790158	0.750957294444971
-0.95970457237561	1.27789217739293
-0.396858038784293	0.410340037594463
-1.81582969371234	2.72110964801326
-1.14614702860042	1.83434716098095
-1.14219291665673	1.25784257943273
-0.56167502546107	0.506716951905692
-0.353281238059591	0.27315761370401
-1.03618426159774	1.29739292140461
-0.174196200978452	0.117974390270654
-0.220885846666294	0.177433168873507
-1.52492879976184	1.82720061953509
0.177139648483085	0.135657053080521
0.330752512107623	0.287966439908983
-0.0198050750345338	0.0155944491798322
-0.257110879150061	0.264445130753173
-0.137169228691676	0.120779873258866
0.402957932611271	0.362244916712436
-0.797607398322206	1.11883326143397
0.558089755044101	0.859925254967267
-0.760563358157872	1.16264072551839
-0.304137679362434	0.345928867839936
-0.428207594536919	0.616979154093086
-0.575025922318558	0.870440109843342
0.139996112669823	0.123130304475537
-1.02112198311338	2.29684413542075
-0.258784431404265	0.294936708260848
-0.104534741980601	0.0748388397604818
-0.225467114230155	0.196450805499066
-0.744201599702199	1.26414140198678
-0.377803046370222	0.39827120169704
-0.0648103556550335	0.0559214917766655
-0.151303067192812	0.109825072493305
-0.551693716375412	0.539060848065868
-1.25576216773542	2.01949285380358
-0.308410769690553	0.222967884251468
-0.797247811039925	0.861825122378745
0.0299528379770288	0.0196293432775126
-0.866232194448805	1.11868677461475
-0.890263750859878	1.00113807884998
-1.55517289291368	1.95400068547003
-0.267323232795995	0.230484930662114
-0.230421447288888	0.159867536033033
-0.539819027582691	0.553680141006535
-0.219340414193632	0.220675360573582
0.020753183411112	0.0159069471190257
-0.0831044442338971	0.0618062113238973
-0.00935093293987027	0.00881158673915142
-0.219665248191485	0.234417623413463
-1.02247856608861	2.08111432776736
0.0710303175852072	0.0709190622415322
0.0449123291672212	0.0500613675151914
-0.364044739885257	0.466567594086899
-0.327880911656871	0.365082718771829
-0.988155983741379	1.94959616646547
-0.133109933669667	0.137486023755454
0.508352740545321	0.569760105553859
-0.0957890851303521	0.0790767683814974
-0.199971872722584	0.217761113698597
-0.462809484802582	0.634785776235302
-0.916587971342723	1.19675950916208
-1.03837850567144	1.47144068083097
-0.440842097982327	0.459363055989226
-0.66716379550473	0.941445200441653
-0.137991707752194	0.100944391984217
-0.847194573608862	0.856690465037801
0.282044799174958	0.230113303749714
0.326371931766659	0.239076325582179
0.411479791531921	0.279275617011995
-0.544621427258618	0.566233217131844
-1.48694300803989	2.03915057634232
-0.340831288968695	0.208342731385933
0.0293277675435118	0.0194638418574084
-0.173437268591422	0.168599646837417
-0.243216837252442	0.222467367738123
-0.37904367593856	0.485525065907643
-0.018415947491336	0.0145603791578421
-1.1369729268287	1.4514359630744
0.463868116552386	0.468599541432796
-0.240534445047101	0.229708755937015
-0.751329546390089	1.20062744785245
-0.013286001119097	0.0131041150261479
0.320855154267144	0.410838948560174
0.298699513248791	0.374548333076487
0.316645838117708	0.352605237366388
0.121949483338185	0.0946272807808335
0.0430766143980183	0.0432153152038267
-0.868756752845047	1.40358205654871
-0.052990549519015	0.0363565715434791
0.303790919434657	0.29072838306999
0.197963581280829	0.18119969253914
-0.222023182867767	0.208907437494025
0.161633097749189	0.138485695160787
-0.625400522179367	0.750156498296187
-0.343972691858248	0.267254634366737
-0.117734340897035	0.0850548431820632
-0.0660241758728322	0.0410612606618358
-0.653517771810432	0.535355679434391
-0.0660308277501003	0.0487311173977404
0.13772841539594	0.0922328953466693
1.089324825184	1.02584164469499
0.8585623156386	0.764968138023208
-0.4484440880147	0.422689387507368
-0.430520643022937	0.292497903259571
0.154072105932555	0.1150080570436
0.667929756956449	0.692693385471746
1.20736997057193	1.08188723161192
-0.477566984420367	0.506431065449492
-1.18586958178191	1.80030283108013
-0.241089849983428	0.219177486232446
-0.389781385075035	0.393478392415283
-0.459120579799611	0.511907834786136
-0.402216197557983	0.391859216412082
-0.0521248599958445	0.0454419992490928
0.140296109186735	0.121894310027476
-0.100965078821766	0.0818035736301119
-0.202349973081455	0.216424561576374
-0.317596742731289	0.344093698027484
0.237071326858402	0.200889632326699
-0.019558818949294	0.0177877974978061
-0.0114095410078766	0.00884298410751167
0.24119167013426	0.208109414574701
-0.323773190703431	0.347368016863295
0.270252517705304	0.262811514721085
-0.481901692674505	0.465625415766746
-0.354968450084797	0.328862519071674
-0.256887898246158	0.250976771698611
-0.239783313081797	0.19939979478276
0.0437605105128622	0.0316607352687937
0.00994522767090501	0.00760961347142848
-0.607318993020055	0.661552950528423
-0.287694928465041	0.243321514215546
-0.0543393379075925	0.0428331283775402
-0.79262881263723	0.957138711307448
-0.494388132597433	0.45572962693407
-0.515139914375844	0.634988681429563
-0.181387562351757	0.126933047798756
-0.296837581874068	0.259561197273587
-0.181976416422448	0.113706565458606
-0.943872295012201	1.37746961020082
-0.33629617909471	0.281510625309072
0.214352932291023	0.177357625892277
-0.172482086369218	0.119990248971743
-0.0376520216520645	0.0299002973612629
-0.0847405178241334	0.060506773532033
0.494781844875867	0.497517582904144
-0.237569091218492	0.174524235746491
-0.0542353682448823	0.0394388724762541
-0.446737148550465	0.392018145415982
-0.42120678407218	0.472632230838046
-0.153828613543079	0.150455490705703
0.545196864279523	0.691973311373777
0.26295484836653	0.277257950418713
-0.162075361310149	0.164797031195417
-0.619737211739214	0.932432530347724
-0.807928198117535	1.06918784244687
0.193984025831202	0.225201799348068
-0.0393794775527692	0.0383380325837299
-0.08589930835445	0.0723550849761854
0.141673121846132	0.144712270256257
0.0883851027627715	0.0932326648415482
0.131988388232202	0.103512964904877
0.446144837685508	0.525120654377038
0.0740067742530047	0.0678218217318635
0.253993199236596	0.256579567349307
0.814673447467083	1.26796128167668
0.131185649793458	0.128025008408447
0.00581140048681509	0.00461831920448597
-0.28343279483763	0.3319953462085
-0.777032277923277	1.0400179905315
-0.900872185450841	1.53076071521506
-0.21773205091587	0.166566385778112
0.487656100916459	0.595381241849171
-0.227522018830135	0.173603039138947
-0.354592142075331	0.438468087397952
0.0623131487366405	0.0464080907893571
-0.468056293055722	0.508716731653777
0.0424563324271085	0.0277352668145406
-1.14672173524136	1.36758302889941
0.583721680725378	0.705269046714816
0.312368093459742	0.274141655376364
-0.133959750317016	0.0966547447179829
-0.668707266079163	0.655583482089497
-0.415911813023228	0.523344974805054
0.726993606475196	0.90749920075651
0.56192412063385	0.477710308576231
-0.625220943819737	0.770533903592814
-0.0339981608539591	0.0243716106073825
0.165553837878344	0.146889208706381
-0.246696414304553	0.225516894007092
0.892209407274133	1.03577984848465
-0.250399033466166	0.284313642793202
-0.0572655838177536	0.0446865295760994
0.252920423614268	0.244656375485983
-0.551245811139461	0.686287971305349
0.468349127333568	0.621404316689002
0.316729591459721	0.297270782263671
0.865330538754181	1.12311953771496
0.358578599031259	0.422109616719315
0.515358072544061	0.624808907228548
0.0104632345133129	0.00575329057618759
1.11950905302397	1.26648272777566
0.862360083922634	1.115918604462
0.239799286964662	0.191569182311471
0.482013531222591	0.528050569945332
-0.284212352059491	0.24756069820427
0.53018720464974	0.618595278940685
0.0520247289721359	0.0368507549478462
0.434526870364306	0.412847602759873
0.0671114816925172	0.0523115303383302
0.141995462680002	0.0971915320381753
-0.379523413845882	0.336990561502996
0.0359056808179893	0.0276745426385226
-1.38217377516896	2.15631533069002
0.209311695069539	0.175784146702178
0.402873157681897	0.327463592057711
0.139950592386913	0.106649550178624
-0.644309568991888	0.584174384065365
-0.483474698055659	0.457292454195646
-0.0688326254877934	0.046730415564667
-0.599992098160123	0.587773517112426
0.645030050576094	0.665642171655678
0.686108633098393	0.750828592488046
0.325327192279381	0.306221920419568
0.241981632706071	0.172111961015739
-0.402375606323732	0.365179707151152
-0.515062006816061	0.664610223204596
0.430880323517077	0.453509356360656
0.00339784238337127	0.00272737929752623
-0.297431856045314	0.312921052243033
-0.101874811921346	0.092253130647556
0.174984330010393	0.167639488126481
0.284323874049751	0.27784796816121
0.273951445827788	0.311626469358228
0.986654695739899	1.48034408138208
0.329696685251246	0.383544281543523
-0.00839248058330866	0.00679831854111745
0.683691264594301	0.824908662171092
-0.166803406088491	0.129156856291495
0.490019170275116	0.601881262772684
0.0374498822058121	0.0347273439899527
-0.414446946644712	0.38687937468684
-0.405394963047241	0.430509406788576
0.0637723873375591	0.0463872676813271
-0.0276787486497639	0.0238094571772914
-0.604874753352278	0.76791954755639
-0.207921026507468	0.168787403047333
-0.950555572012709	1.4240747473388
-1.00323281087865	1.23198545396545
-0.973951068208073	1.16935601289888
-0.536807663547684	0.532898073221573
0.0170037504151654	0.0127281453189307
-0.628245527143829	0.677328690300515
-0.279640782130699	0.261979134212718
-1.13380992014464	1.62350297854125
-0.106338919873703	0.0755889416087274
0.0379507992416602	0.0307545527594304
-0.515140569438558	0.565726219234855
0.38203036610922	0.322534670232417
-0.168880262244707	0.148104888809947
0.4082233914218	0.397053945792737
1.08860661521939	1.56199800287935
-0.0679302368328117	0.0466608255863691
0.00199501992678997	0.00162213022198119
0.00516125576784735	0.00467190057606015
0.158146596806473	0.154763712597291
0.620935653226302	0.648030021138207
-1.04650213728154	1.40984108748222
0.184148904281523	0.174700027938791
-0.177377295704028	0.176911065116599
-0.246607260786304	0.248278821618385
0.131924942520443	0.129498919794862
0.788041256979427	1.50362998888626
0.219686597676439	0.23239493959848
-0.140044804621951	0.110463393764064
0.451065954826346	0.537072871854178
0.0655711976507524	0.0510475822614879
-0.347320035640843	0.323705215947325
0.116130307514124	0.086206451537271
0.0294320854935458	0.024449678843945
-0.543707842763625	0.54574670475547
0.435465298933981	0.504820961909018
-0.265831149625237	0.256022852244757
-0.123067178733334	0.0895302138921278
0.397491233426396	0.35709567319429
0.17990890647638	0.152380771599719
-0.262863962589569	0.268084813734136
-0.242725154976073	0.172247798748699
-0.438294499624222	0.435625660793925
0.0959214891049495	0.0705962187595666
-0.874198817295366	0.966662487644155
0.745273922236116	0.906129169887028
-0.526506882547309	0.503335099048257
-0.425065994448908	0.430434004688597
0.413249360905426	0.475984525338468
0.338926616291595	0.309525061594073
0.26415519907624	0.230086197643484
0.261582222778236	0.239069287606508
-0.143287577419442	0.122899218218605
-0.253762903767541	0.28319748018239
-0.497645583867242	0.634183741855334
-0.229179179333888	0.231321197200258
-0.334446952831266	0.373404275367659
0.294499183984258	0.360113441631766
0.688335092084348	1.16022867157434
-0.181590676629613	0.203543865668734
-0.321171338177565	0.323280564226576
0.383866746497801	0.458584600668689
-0.124304389468128	0.129189609847708
0.252383234453285	0.2402498724141
0.395504904046496	0.515835414141113
-0.020193546844697	0.0168821329803426
0.104970105093953	0.0836793214817993
-0.954997443042312	0.986799603276971
-0.26027454058535	0.291340081985979
-0.186244805508865	0.18107820970172
-0.0793647504153358	0.070933850559396
-0.224066558815302	0.237317635804411
-0.300588098870639	0.31019952154791
-0.412412440422618	0.420826557944754
0.0825808079580498	0.0611889703738448
-0.992476640359835	1.37292391973044
-0.440319185997497	0.373025689210858
-0.980715178632719	1.42392652464151
0.426656496959251	0.391843751912447
-0.395148934969858	0.469442644271663
-0.227558937991422	0.199068857368562
-0.277796641301666	0.270573338621139
0.36806891793144	0.351325745864379
0.161968310895343	0.116086877471035
0.0641105244921175	0.0573928340712435
0.148661032438593	0.140806235056981
-0.484175744880938	0.435873049346907
-0.316310836572786	0.345716256030345
-0.273405255197088	0.338735064016312
-0.461379785116661	0.670008219737006
-0.453793265480025	0.586635738786951
-0.285006945875955	0.360628301756908
-0.333982390243493	0.368632432708232
-0.342996264357019	0.318973790549023
-0.205817044409196	0.191267938044005
0.0182617552309738	0.0158649555033092
0.484530205525854	0.655720599672234
0.340301917019614	0.357933702445917
0.555775146744243	0.752284585615506
-0.10252527691847	0.080433784327252
-0.307013642639453	0.269632840334845
-0.673314400430943	0.673131200197974
-0.578462781514971	0.497729442709507
0.94442964195627	0.902935119376397
-0.613388289114397	0.548944278672762
0.310952562597165	0.251787155137686
0.595815904206677	0.622302073826739
-1.2549929062932	1.43742456685688
0.778651640282324	0.829563212621404
-0.693335185500602	0.791276460010721
-0.189897868708081	0.132592317037519
0.409262973134118	0.414744271233237
0.00705071398823602	0.00562382762678295
-0.604223842193143	0.985075669537991
-1.1667488903155	1.92203590680197
-0.674324890712975	1.10119398327117
-0.150062008735911	0.144131622472592
-0.416624203954534	0.516694460468427
-0.299427361864782	0.332960845730868
0.448329150157259	0.470635250263256
0.688040401357033	0.915375204745619
-0.246779283540889	0.299937360611837
-0.05631553271992	0.0384826422151525
0.725277209147927	0.736718475896092
0.249285722152272	0.202150488264041
-0.792398267202891	0.724887266597898
0.48666126498023	0.413288713881407
-1.06066599135393	1.04100587325086
-0.192558676739891	0.126117680245581
-0.591749891237495	0.611156684916827
-1.493710670508	1.84209590327222
0.378105968841145	0.336816467546886
0.363531298002651	0.318272198456264
0.070667748268763	0.0595895495296747
0.0318366275570003	0.0264631201669704
-0.21638053127236	0.297338917051956
-0.672390031870247	1.42578130384875
-0.430033253830628	0.70106020270526
-0.429857520559553	0.611435068243506
-0.207916118545892	0.176427778721701
0.271714399322357	0.26468062043211
0.226030342859743	0.167260482255785
-1.10034700087412	1.59492581533463
-0.730361634616798	0.54147011794601
-0.339866080095979	0.337078175912387
-0.815209292995147	0.804593905712138
-0.193139224736381	0.144374613003289
-0.285132495709704	0.195915005772826
-0.34527638903683	0.258279927755911
0.147554909212351	0.113931521038978
0.0442827725341747	0.0354109876981614
-0.377843837295695	0.377177421005074
-0.647601797273965	0.914032518769594
-0.660903685697584	1.06899315483421
-0.595743740641682	1.16675157094463
-0.210230243074441	0.267100905899754
-0.410552715724524	0.762111936016351
-0.171256420614331	0.147804527974127
0.026001875634619	0.014017771870252
-0.54500241585548	0.587947497475323
0.614226263731513	0.532199381644514
0.49878092989124	0.464023689495303
0.923436332429146	1.40822106203668
-0.591655691233222	0.565264669769692
0.485657740830843	0.319867292716804
0.64447541557629	0.557451886350471
0.0683141632452128	0.0403353316076237
0.165180597675217	0.0970817485873401
0.854582684786886	0.980535879243739
-0.164414763182313	0.175620894030909
-0.183086381024971	0.193806681676744
-0.311782545862897	0.420493668284072
-1.00625171410504	1.71616017854569
-0.248067794071467	0.301230377245386
0.155066530824948	0.128185285610369
-0.454754470025996	0.479584348747487
0.165378638332745	0.124027095212235
-0.00173932468398787	0.0014048592569899
0.625137196177604	0.671379745137603
-0.493700970129262	0.599506637556227
-0.785463846262325	0.978017550798652
1.28223699995612	1.81429195319969
0.723420022023787	0.75594370715851
-0.0795608323134074	0.0484197323751558
0.883905190413065	0.995873528676526
0.733631479309262	0.7772623477829
-0.255911704249817	0.219724208956082
-0.322029126059727	0.450032843270259
-0.196149700706004	0.263601458815452
-0.289835522119919	0.349400228899837
-0.631890601967618	1.27802022323966
-0.297638096050561	0.435262620679511
-0.11910641223293	0.1328050536548
0.6984452570677	0.887900921111296
-0.467006192999841	0.477187660375537
0.885902696140579	1.36137325735723
-0.325464337020646	0.269524137827529
0.988528009718698	1.13717601191835
-2.2415794491901	2.45975062276411
-0.557814487477535	0.613235467594235
0.515894166787834	0.482940079268626
-0.113515607567672	0.0915805375988684
1.27743632929209	1.99344650206887
-0.0080468382542697	0.0066646988724766
-1.46594005039654	3.3898204279594
-0.0937227471811708	0.0908175170986707
-0.219229300808687	0.27698414281869
0.373753128074274	0.311599047801522
1.32871588563685	1.84647552853249
0.472352299159043	0.427947523560191
0.780210659938306	0.891689004235357
0.649766019168373	0.639946984601436
0.464031101566486	0.450829545557319
-0.0657938000627349	0.0482835769655117
0.644260392317298	0.663035976979686
-0.19336955988157	0.165694108743694
0.777094748483016	1.03791598178951
-0.0530054008429829	0.0486022022697381
-0.686996715874357	1.15761314479784
0.226567379455465	0.286910464053455
-0.904354395828268	1.3841727172896
-0.195152073370287	0.240924079898666
-0.0581330936061603	0.0613921155670765
-0.0264198848188317	0.0218195782686821
0.182202916478462	0.136328421003366
-0.500764188061716	0.545402033591629
0.140753746884936	0.114071248212016
0.47827001900532	0.525809799564404
0.283685466931084	0.268067388851638
0.488805775456512	0.435758686234135
1.04520269653377	1.27550921981867
-0.389449464861214	0.274131636343853
-0.191661184575101	0.153589934205263
0.0463721863703842	0.0334916947067333
0.00129189091437499	0.00113311762685038
-0.126664153226745	0.11049364220285
0.303087593592916	0.325307500335187
0.160734084955321	0.135828915899103
-0.284514949462322	0.330760213890959
0.258852639931537	0.221099917992805
0.0784823100797327	0.061252359202156
0.429961497655279	0.406373730118219
0.462721149414593	0.507437800305551
0.158875161247015	0.115844389826238
0.566064472151912	0.567946651083772
0.548919963439749	0.524376231045267
0.337932115514398	0.295968343084785
0.417061018837449	0.457112954309667
1.04804364948893	1.26054134819813
0.308246693471986	0.230925068828433
1.28036152842336	1.78936314246459
-0.0649737621502757	0.0578253860406517
0.0612101698108517	0.0626965285828452
-0.0251432529002924	0.0200181229641073
0.775547541229725	0.975621533280674
0.351325829374723	0.382433804912979
0.243142853421829	0.202834091768275
0.494217129991032	0.535872249075519
-0.220143537433198	0.187678731842339
0.663949215985809	0.822845563063864
-0.0269464511092022	0.0195383042647003
0.175855788057578	0.151667861718799
0.27687476285554	0.197981623680138
1.05467667015164	0.942476072419141
-0.0836552175411738	0.0578228230828332
-0.493274623563468	0.557667239815132
-0.300199122509743	0.228050693023907
-0.0679726759279474	0.0416382389391759
0.0591874572216649	0.0381031053643098
0.147717643501157	0.0960753039778628
0.128890629038887	0.0877088187887375
0.425860041020552	0.358619504541799
0.322788502154529	0.212942215458954
0.81952088160268	0.617496689412981
0.321041895305113	0.243979593193218
0.980333205118086	1.25699718910869
0.340812508627097	0.202886990693592
0.186816628761453	0.155325601922129
0.645762163280236	0.518866982603156
0.122332190443128	0.0813975251431471
-0.129426675316039	0.0824263188809966
0.169601812253898	0.140128907558631
