x	y
-0.183809097906341	0.140234152198527
0.106940129826103	0.0866238296487384
0.466639771260713	0.37235738690678
0.491546096048806	0.446851989420066
0.999394954481481	1.17283110463236
0.442266205724458	0.427533945982896
0.601685335180493	0.566827537039725
-0.0286544508183576	0.0193375081107596
0.217825823036589	0.19070778321598
0.74739557204301	0.657610658859902
1.2021090646206	1.34780438789197
0.409628493796765	0.340391847069151
0.831382350512961	0.811504214341568
0.636069382838388	0.622760655018915
0.379465668075874	0.288412911609276
0.386116681644705	0.275349127253569
0.402082676739109	0.272857526849369
1.07599430227643	0.707683239735169
-0.0223916334334417	0.0156286767590099
0.108980568361404	0.0828902800920855
1.10961943143292	1.25232822414724
-0.863734067045086	0.966983936249576
0.746115741633952	0.605760507127751
1.06011750652078	1.10296622566544
-0.303506990493333	0.213053473064368
-0.625266682320404	0.479553705892562
0.436431770411408	0.316398463162156
0.778022593766666	0.717682049374717
-0.10551042400222	0.0766134279775641
0.25754493797999	0.209468593201298
-0.33158521817152	0.186895899060559
-0.224993606159641	0.171614706837185
0.333820196642943	0.225167066449952
0.402880915107868	0.342438969501256
-0.632170997695236	0.563776232155343
0.0430000040021473	0.0278852872291694
-0.434576233881843	0.443057591397754
1.71022329965332	1.69719636278586
-0.259387920315404	0.209057358491152
0.294770019198306	0.217715507209701
-0.722928011983059	0.554628165077567
-0.248536364697774	0.198562506354487
0.236437097148102	0.153278232917823
0.907530842957817	1.07988098377585
-0.145068981627795	0.0921074495745283
-0.0718214566249471	0.0473625322998874
0.154303192080563	0.10618662697247
0.25859733389485	0.176305881087666
-0.0632736756000307	0.0433737784913525
0.376133120134982	0.295801212912334
-0.890819914244548	1.03072476674704
-0.252579496505034	0.131768537869868
-0.135663753152446	0.109235407243409
0.0384843780354526	0.0227526421472116
-0.300598401426232	0.247615861375903
-0.231941298075425	0.173258054155591
-0.891533390781868	0.580912375547703
-0.688543764442116	0.835820489770539
0.212478017052214	0.206713108609498
-0.451142069228805	0.591012772658933
-0.0378808717723739	0.0259070710914144
-0.00599110531859209	0.0049277181528774
0.0941914502471756	0.06068574472241
-0.221578510191244	0.150961709863365
-0.554359676315427	0.511863543478612
-0.522110904587659	0.431845856191105
1.01494316082578	1.61318350248078
-0.259446232889734	0.187609431626676
-1.35446456469494	1.94893846301702
-1.13838643872589	1.33240363973633
0.0544508736252402	0.0332047412540122
-0.325260553799831	0.316760315231648
-0.507892612594569	0.802244483437733
0.344067897481198	0.227756266233373
0.0312472355076263	0.0217162216381965
-0.402794138034206	0.351875207942756
-0.0118160786647069	0.00675240777512761
-0.205817749361775	0.136787338156926
-0.431091678291564	0.267461103951881
0.426308131140173	0.377177289937413
-0.288977154010842	0.182754804281027
-0.382038190008874	0.262669202812269
-0.388356382029285	0.318654790855664
-1.88745989406673	0.894598245289609
-0.0617694423131033	0.0407642884343113
-0.305912032629294	0.267478953526614
-0.801309226755884	0.9722935773229
-0.626323845472156	0.663157817640236
-0.0467882707165725	0.0316872964289144
0.826740848749256	0.996020358879678
-0.68249563124874	0.702321575824224
1.38722736324649	1.97745115321437
0.334562326394393	0.268601207245774
-0.473962501456132	0.388228579694338
0.838013058485837	0.894952759275117
0.57926925466167	0.555537874915308
0.488915164117475	0.390338762640919
-0.280536436280024	0.223397491080923
0.354941589877664	0.277990127456224
0.294680533172535	0.238866943775455
-0.225318325738308	0.154209581365825
1.22354971394357	1.32697959616829
0.188979251724053	0.148620045040122
0.267324984829611	0.215387873868421
-0.163392439314824	0.126103316600125
-0.650204259909551	0.662300551372339
-0.315546361549668	0.245651184726573
-0.200427809339498	0.150523745800841
0.0222612990718572	0.0116175035742207
-0.0352689816528065	0.021880817245898
0.0713364041488411	0.0432089720944252
-0.0710425347398772	0.0472072505560726
0.0407134804043703	0.0294445028534994
0.321778626601094	0.233146089125341
0.217611509767049	0.150579773295087
0.703368847185776	0.797949334475575
0.951491313945547	0.768878814976245
0.458152550542399	0.43267577484715
0.872601295425163	1.25742164532299
0.303807023394729	0.199715799481838
-1.64395588489115	1.82413739399782
0.699042041727842	0.388962483432247
-0.467075017593074	0.403774169814015
0.413619126949005	0.37392890076987
0.449855590188407	0.410650452525798
-0.382405909202289	0.349789843448574
0.54264709214871	0.43803643813032
0.911487463068107	1.02611053648098
-0.334492775191654	0.200207063684614
0.0450007315760336	0.0362437040446068
-0.571320383169605	0.496598844036957
-0.276113988354895	0.197440331081603
-0.159135959533602	0.0980857472515413
0.0712673001742473	0.0546540991288981
-0.150979150542565	0.146039602052153
-0.357285026106943	0.205536505432523
0.136160990862269	0.0856902636840015
0.334865690124802	0.284722640715044
-0.0133387438473642	0.00837749784138053
-1.33520541935607	1.22205471378676
-0.365867614319796	0.348996189077856
-1.36125014890266	1.45049499390194
-0.628222005245566	0.652281246211138
0.603208672911487	0.360328144488885
-0.393582399279319	0.330328682239495
-0.0662762288143664	0.0502101328235016
0.000746623022543165	0.000674314999212266
-0.610831003682103	0.816049361653688
0.168530323554604	0.141848984220827
-0.143706011791146	0.110240155101174
-0.50117627529575	0.530673997907922
0.0425977600639385	0.0321173005347743
-0.800304799494757	1.08501769830614
-0.173475703134912	0.145097730895417
-1.07508889435639	1.00870244710634
0.0946622942554894	0.068911054331065
-0.0493279298657003	0.0248056752062398
-0.190795672343594	0.15676168387503
-0.557214465148439	0.51802845982935
-0.23592879141	0.168852473171429
-0.415884090140513	0.228511798097347
0.333773580447352	0.270252317640777
-0.553560197844308	0.458251948207058
-0.296298995843402	0.212055687174302
-0.185884356231821	0.166958784956837
-0.355785414804286	0.208158619237048
-0.407432410494159	0.370916979899315
-1.67075140228544	2.0567670212741
-0.914735529285604	0.487989305203639
-1.66431835993251	2.45198916093341
-0.664232876444335	0.727400895492918
-0.233099790488639	0.193537431321556
0.466315245879298	0.365736704473336
0.469553163118524	0.378373006275107
-0.086678024633748	0.0555537119403122
0.75039369178115	0.779007608426832
0.00832333590272565	0.0047239279815002
0.0961228806865028	0.0537283217778433
-0.139460564824347	0.0953914840999663
-0.155575097384379	0.0649093094724443
-0.458203638987145	0.475046627312308
-0.247843394419486	0.186659309507307
-0.0698206706203153	0.0432344885553535
0.285352748827787	0.202242404652551
-0.0592903468017956	0.0415894025423495
0.12074573091591	0.0495859406289094
-0.0957594118120461	0.0674940372714717
0.243563848722988	0.180827828651508
0.0471958156874406	0.0290169090126919
0.214357396256226	0.121262938281215
0.708890677034386	0.534566821572506
0.754066856149707	0.613826094827918
-0.477171417253028	0.367158445652726
-0.201731619820318	0.129795949731938
-1.08071200302623	0.743730777627845
-0.0663192625693803	0.0337686740920624
-0.128773160085489	0.0807046389096782
0.204081144114634	0.120851642185173
0.303911637050483	0.17201629735324
-0.530203679022831	0.271180188385298
0.117753173295023	0.059082006924564
-0.871245534400009	0.628209967761549
-0.510388893342797	0.261461833111669
-0.547961265741434	0.241504899527367
0.465470164181604	0.303598474442234
-0.599197473094479	0.403787140963138
-0.0569915254774878	0.0288780279590419
0.122292143321317	0.0663633640111529
-0.76397213902592	0.754771872527601
0.470118552423598	0.350912707031165
-0.65933394287809	0.416553837100509
-0.610974598238387	0.368189905473679
0.349129791170207	0.219595396587319
0.517118747781424	0.307779776959091
0.518354554366362	0.258618178724413
-2.00785685431408	1.00470448498944
-1.09809054253988	0.662516570137161
-0.671852398128864	0.316732945477255
-0.937392904983779	0.412950554153299
-0.762713479989478	0.510534321338192
0.543772500539149	0.290732045690556
-0.45780290874446	0.270706574745527
-0.264008444425468	0.142846070809937
0.17225528804801	0.106058000916876
0.0715853263555131	0.0492642734866461
-0.280831613720252	0.153294738626407
-0.141095386885535	0.100983697597635
-0.16777246353845	0.0870280478608786
-2.04492096979121	1.54403910361498
-0.103360815466239	0.049745055636472
-0.327195367090934	0.166891023611388
-0.0142908523496986	0.00558200155787654
0.561905184316324	0.458165139930683
-0.353423468529656	0.23943287956468
0.0965968042860137	0.032725953209827
-0.429889386141554	0.172716550452679
-0.257606569178249	0.141184709186172
-0.370123532516589	0.233223188759663
0.362600100127031	0.197483226013529
-0.291434933600211	0.148232954252895
0.498490817210964	0.396560539547073
0.257237118768333	0.166590316440014
-0.443438999077862	0.316013730543502
-0.368055902160556	0.23038825425285
0.52875777913819	0.381780870263002
-0.898119345648774	0.489848959290916
-2.43928778842239	2.18021355710266
-0.27413625767341	0.149239793754619
0.208221700215913	0.144759073681828
-0.93235814842435	0.409423643681654
0.323237769806572	0.0954668421415237
-4.19155518742042	1.95102644468495
-0.813426123746211	0.315059944204646
0.270284443829326	0.133866591445508
1.50382477577878	1.02565532351888
0.151068624385597	0.0729403255149068
0.307342633839957	0.107439934225689
-0.0104023669643728	0.0042762896516446
0.110190029358636	0.0628044822638407
0.609163772410097	0.452370024093499
-0.188195739781316	0.0968910868949419
0.616372237276522	0.370645646664215
-0.138555436331984	0.0816321530182458
0.243322773834361	0.131832236075366
-1.01129156849741	0.569476627769811
0.0914745910080864	0.0309425165438606
-0.550120789581555	0.248611338747646
-0.743495416503369	0.427687261922311
0.245943452854113	0.131301758298748
-0.188660190194597	0.0954094458753968
-1.62638950945642	0.974193617673346
0.014160515373503	0.0058927702612025
-0.543350886829316	0.237568797552686
-0.62246118398693	0.229339194169979
0.346079346984591	0.237998019652502
-0.244707933166516	0.0750693928318381
0.0230065170799006	0.0108620558598187
0.273830708626758	0.167719908235983
-0.524629728837768	0.381851354626109
0.0700216259352576	0.0406941153237416
0.566759080751057	0.347151927254481
0.444313481586014	0.263960273698251
0.15162322536291	0.0730206810481935
0.185418761829152	0.124432878912654
0.135155073752622	0.068048347055856
-0.117223455889706	0.0692908942007889
-0.302690723368854	0.130838824751888
-0.0518891426765769	0.0294975764530428
0.333247694850309	0.177847417298616
-0.428449152005138	0.201613964445298
0.308852652659781	0.186443025554572
0.100484674291529	0.0333649822107095
-0.424747599309125	0.192249714951851
0.708557613892749	0.313641450781789
0.130164192104871	0.0702063891050532
-0.407442380209625	0.193895507651281
0.42110856808735	0.301923958419989
0.396339897720873	0.256164423863102
0.385685200916286	0.27753088209925
-0.128287589110639	0.077615029941114
1.17685654113567	1.19427024558754
0.76389042390087	0.740352087658383
1.08459596566427	0.967415088665503
0.123547263745288	0.0636945131357395
0.0422959611679457	0.0208884255542646
-0.667460332278115	0.472203920658256
0.283514796783943	0.110473108028576
0.268107110985597	0.129899990843801
-1.03612350666236	0.774202194936004
0.1246616885006	0.0493885688241899
0.00217241503276401	0.000893195508678755
0.274642898317796	0.125165421509714
-0.796765244156543	0.410520495801704
-0.158586716348605	0.105844731032073
-0.42077605024501	0.227213913155228
0.32050475195276	0.210895264221307
0.69353806600124	0.769072000989339
1.6006904831652	2.04691690959273
-0.379127005009546	0.264143671797419
-0.514051643054353	0.34053680917097
-0.232804421025833	0.111252201355325
0.345477222408035	0.193756672078369
0.841399197237684	0.463317151910568
0.480615950498921	0.317123550162694
0.147456364560413	0.0628165831118904
-0.837980270991306	0.253674993229383
-0.422040414882907	0.203378139477229
0.541313812232379	0.414803594374225
0.442964181383603	0.335562776067994
-0.487679193400945	0.363461636907265
0.488986629438799	0.280394221793801
0.696652998526604	0.789521227236148
0.522503673985483	0.377008845937301
-0.0882673831759053	0.0297843391394964
-0.29569750910744	0.134575362855734
0.086022287531621	0.0293556655550775
0.128311669300871	0.0859147241012791
-0.241332228743908	0.0749337757950887
-0.354073633335427	0.206968721271543
0.546271584693074	0.333514689724786
-0.00887111582849175	0.00522058020519901
1.65329993042026	1.96477502512787
-0.130422719578735	0.106023002856084
0.445785549171714	0.449302315861477
-0.0956880203520581	0.0431794157906985
0.5952971808518	0.353293099788146
-0.438953117316358	0.30759813847538
0.24509679213062	0.133110309876448
0.562472645095719	0.438001615217477
0.119803890466267	0.076911756424837
0.230569873781275	0.148095735982845
0.165514834186463	0.100356971283985
-0.279415401090803	0.196535411629123
0.134632630103252	0.0642970282551535
0.241107158491131	0.128410080979368
0.400545376177553	0.34042011575836
0.12577621915622	0.0641871273140591
0.709006589569973	0.510164766188547
1.20278918228576	1.17207606119652
0.591851413895121	0.34147360895183
0.737308610579703	0.592483824117619
-0.391509565965695	0.255831301343507
0.411574386491333	0.189506031797264
0.282642144081923	0.198401932174589
2.0244367032159	2.69506530024781
0.425860353291273	0.35608748847418
-0.015309689876928	0.00962907114853779
0.90180079230308	0.958413553038232
-0.227452836975712	0.133695951556085
0.4508468403108	0.342117886425727
1.09405397849897	0.797072541811422
-0.31929277277009	0.161290998584543
0.019616156112828	0.00497100285560108
0.791680807501278	0.544183192453692
0.122944001639084	0.0632138796527249
0.911583164153217	0.588123735699638
0.834972331835665	0.609833835876828
-0.46925455504929	0.287424940643755
-0.356121809855747	0.287677793376749
0.446318341168201	0.345060448950477
-1.14901147845585	0.851424737279902
0.464471989208555	0.248773097710239
0.663959389321726	0.526415616222246
0.283065661603921	0.130649043602406
0.200864278530193	0.114260411472418
0.131708998247905	0.057927183528009
-0.0270648207576858	0.0100759160538176
-0.249997066699736	0.0934738726491438
0.319781666217287	0.095251523392
0.613090154723398	0.278668264667297
-0.0148020017068139	0.00565850321790608
1.28549025381964	0.834086842156147
0.883392813192145	0.988895974471155
1.23753713613219	1.01161787345525
-0.468559308135403	0.388559590051552
0.359706228118757	0.240975685829699
0.586395966197663	0.398828236384755
-0.320891831852526	0.165153421027592
-0.540579137739783	0.312736297091672
0.42531169291313	0.192905485075515
0.302617948517011	0.103539628017455
0.689335796169133	0.388201596927275
0.350754564580895	0.190114909217809
-0.634041179165041	0.242733634927003
-0.100630873298134	0.0231392113137372
-1.2795883046487	0.459586639042885
0.303115951695961	0.107416386507649
0.581659102793901	0.271219817803667
0.945604434362475	0.405508128675207
1.27858844269794	0.862607958511367
-0.364465819691047	0.226393254757876
0.269970610307099	0.130549106846666
0.844654199528002	0.655213297107902
-2.82673152767057	2.10556575736417
-0.618650079016478	0.340185630627191
0.458607460247875	0.260701555984966
0.301621216830801	0.105112647563499
-0.667050991914349	0.317154609984512
-0.087068852358104	0.0306532404807538
-0.0964559340852433	0.0422312707506711
0.0793821550458007	0.0265122549469336
0.698715203215782	0.300661296149836
-0.0995973058669546	0.0224260918786388
0.48678692915222	0.209894586855647
-0.525823473591188	0.142192228149134
-0.402367078183592	0.162127621004502
0.293782555343645	0.10382255846023
-1.46095455551434	0.580997184039725
0.280493105915332	0.127583442983103
2.0303075096873	1.11679982654417
1.01705646205116	0.523037255870294
-0.629862851756701	0.343765723998041
-0.343185030106136	0.174377471754696
-0.39552313864075	0.209313403123915
0.133836524370632	0.0695234172654238
0.481787471533694	0.318979939538498
0.925764260818938	0.581557857810323
0.00718132828694767	0.00405309068169801
0.614813006066939	0.29161695963146
-0.427804813438713	0.199970235537641
1.24534646863142	1.06541806066262
-0.120811829088143	0.0535574614842578
-0.614953898047795	0.343337307121772
-0.156960858784038	0.064606420515424
-0.628172707173069	0.240289784886738
0.597784455266915	0.29010891192372
0.738355836787058	0.228487450174743
0.101723424582937	0.0335044779473995
0.0926277156652953	0.0308965401932162
-0.0953451185365488	0.0335646616700753
2.04693206649828	1.16543516765599
0.787662421417498	0.516591946107689
-2.00963088091962	0.995758737287702
0.308962929184085	0.0886786074491343
1.28933270085211	0.679837431305524
-1.33204633365402	0.701857255830481
0.560710140851591	0.204490514274638
1.27075153061051	0.832291857852441
-0.0199401940695281	0.00766259487813967
0.474755259565086	0.191494411518185
0.469304723225254	0.264338598102774
-0.661688765186491	0.469858427270928
0.40193268595186	0.207106012340047
0.535596602904995	0.376088139309296
0.303543009789681	0.180110428575616
1.10094767375886	0.853828795103735
0.612698646517692	0.355759332431819
0.607043253997758	0.368444325553986
-0.0990614912784758	0.044745416143484
0.112211682876758	0.0428110995162616
0.39342295401112	0.194696176717922
-1.61733521081788	0.685911357845271
-0.668331216860139	0.320505589551387
-0.162453693133947	0.0672793146094549
-0.00265981373247209	0.0000672767568376424
0.748493994360781	0.223270262832071
1.44330518385076	1.0455784773189
0.703205322939423	0.305696649716397
0.286064440555483	0.0956642844492687
3.65103548130572	1.82519710066045
-0.315802048134574	0.155481238298462
0.979600921550281	0.429211152466076
-1.90098314772396	0.847489653599167
1.60153800537787	0.862505603691061
-0.414925399733125	0.20500341752684
0.283098957659346	0.127021950759876
0.527555090720907	0.274779702951031
-0.287051240369309	0.127589373434818
-0.729908656905952	0.537286106623112
-0.743513270945447	0.49989592159858
-0.608609320498483	0.32923734545431
0.0189522019648935	0.008778861036706
0.734707814023544	0.552249468594584
0.407956299914361	0.333083477015526
-1.7931900355117	1.22524185980211
0.562171083899824	0.20945234556886
-0.906012207603847	0.481674177515538
-0.302272700220331	0.152572737858805
-0.0850192393742371	0.03691540358326
0.126351187865776	0.047657754108586
0.394582184253902	0.204612754895813
0.362705536184268	0.203545662328622
0.112640369049607	0.0439578232988402
0.543772500539149	0.290732045690556
-0.909268637443615	0.498016507110557
-0.0924982063303179	0.0321431011967746
2.12474227356399	1.81115610750124
-0.413200806338969	0.170218017241567
-0.836751280465765	0.251030303081264
-1.45530140517973	0.566168385659182
0.713732417061307	0.317886602885671
1.61206971975451	0.877323140682778
0.549674450038793	0.198604725915765
2.6327209527888	2.41429769222232
0.478369971229658	0.27997063341591
-0.352249698400225	0.236345432659009
-1.08012861638654	0.658459414502215
0.417868758514092	0.257347803064574
-0.368191358117724	0.208614146244348
0.685641217118794	0.37429252046569
0.0116751190787293	0.00656882434336143
0.399743407024721	0.207090269796465
-0.56318607026189	0.316391164216558
0.238811885978275	0.127689675798964
-1.40567593627216	0.782265868826858
-0.622780486317097	0.336368114313041
-1.86975880369952	1.32553424803565
0.79109532990483	0.380824520625694
0.0280725994683698	0.0113532401085575
-1.89239090900084	0.873050174273557
0.00913876512255594	0.00266781331555496
1.605837988311	0.904059797728858
0.318092425170427	0.0932620700170988
-3.09979316343933	1.06354521701068
1.7143201241531	0.794025030642124
0.713983734964926	0.320360443115051
-3.31518843568061	1.19835002370899
0.00988398501533402	0.00269365248353356
1.02553888874659	0.529599569298415
0.0170169246376005	0.00444878785056413
1.93609910556804	0.785706386427873
0.965294214391758	0.445553741962159
0.68795645298624	0.474869487800317
1.29337507943617	0.520832317482809
-0.30088783173252	0.12833155111164
0.270380700503841	0.136771830115263
1.29494058528572	0.792389181765623
-0.438102603240408	0.146251533050345
-0.610568111400192	0.332114194991054
-1.631776115156	0.678398223964901
1.94016088732929	0.80242414532779
0.961171602048577	0.44652518401734
-0.0312475998877116	0.0114330881463095
0.802577027872728	0.407224285304494
0.96758270370793	0.456437175810252
-0.236516139800868	0.0742890111474493
-1.46496086183775	0.589774817651462
-1.09198547307355	0.359334950014974
-0.0932449853356446	0.0423370050346925
-0.404780815641353	0.170780935156233
-1.63656272743436	0.662298502542154
0.319781666217287	0.095251523392
-0.516215201709685	0.137775183819285
-1.76960624290511	0.804814271110633
-1.07239798793769	0.358269457626047
0.280525980346396	0.128474361881368
-0.0895926060094955	0.0309655263321982
0.292282249930473	0.103875479282708
0.343591069044471	0.183721692105976
0.423850852807705	0.193405566947227
-0.403177340552807	0.15731812022704
1.07723469342149	0.681903941860178
0.923429759065427	0.63730916093782
0.702064117652323	0.295224340702426
0.562087231375029	0.198158894721193
-0.34740961842219	0.177894761801697
-0.5817516663836	0.46210251326254
0.125117364460371	0.0686710374735473
0.256646451383085	0.114070691175404
-0.742121518353334	0.434067159823963
0.426456316824044	0.202125020831053
0.847738146131977	0.752451354015237
0.235447585125637	0.131271631236807
-0.203172256474286	0.0984808891719983
0.609535698866178	0.307588715742023
-1.42113121755018	0.786770170705294
0.250094613126428	0.132307126716694
0.0921394359418343	0.0311556160626179
0.960607825043691	0.723995281454165
0.766935041912276	0.496769995031941
0.296718497629462	0.12152881023505
0.102524874756845	0.0552399054796444
-0.690389394688933	0.438662752421143
-0.941929538527164	0.409798612251747
-0.0747352457136651	0.0349106579157944
1.29106162403496	0.794182199498371
0.791577093221956	0.402537829129143
0.972642274306054	0.440530180837295
0.712722634863273	0.405300264739611
0.31026208937955	0.104770864422661
0.418943312610669	0.28909159961106
0.0282999844102597	0.0130538724100466
0.323237769806572	0.0954668421415237
-0.175197265261821	0.0897475208083808
0.541027819757502	0.28579471156615
-0.64104019782492	0.231432049033576
0.546043123068839	0.197498691732207
-4.21532126170301	2.0110735033633
0.287553136264843	0.116851954527943
-0.617283808351412	0.224511684712559
-2.02246509240493	0.991724140878629
-2.5249610760554	1.5852884426534
0.635616120476927	0.458078981440463
0.247458969515777	0.119367820742966
-0.407524042205483	0.222146127417349
-0.45165361007405	0.274587934399301
0.397777458651061	0.208070955695972
-0.0354515500068565	0.0134146585095524
-0.0956269114377395	0.0314186609995137
-1.3416270514534	0.695621359632295
-1.42065600359329	0.797785198448408
-1.07277027844271	0.491237187215552
-0.357849326384448	0.203566465823747
0.708825293737515	0.383289112758739
-0.676663857096811	0.317172739983557
-1.20024350817391	0.731105870674552
-0.0449205294614606	0.0240276480934044
-0.0550240675749657	0.0274798570566649
0.267266291911379	0.135287930470085
-0.134418997854324	0.0582798690391113
-0.275818232864529	0.143280305112139
-0.259175409911533	0.139952454892339
-2.24506834139496	1.23135132732431
-0.89205232132002	0.567487461495889
-0.453965431399218	0.157436208414778
-0.925019437819273	0.393520830781926
-0.268399430963377	0.102745974949046
0.402671328402337	0.204103877140292
1.02847296067055	0.550777427414865
0.598172610321082	0.28554624068969
0.138606441172509	0.0604579563729762
0.132329502927012	0.0662841668623314
0.0170169246376005	0.00444878785056413
0.482527112342082	0.20297771424368
0.596279300264435	0.352638702901356
-0.416932006950849	0.201044024503566
0.950616172255812	0.42403658812159
-0.629664113603843	0.236855172029265
-0.818072793032152	0.560134451240792
-0.29193346920261	0.199738120900609
-0.20015025169674	0.093453586337864
-0.752564315426762	0.514841290339522
-1.21072510392561	0.593097653736454
-0.898203002492548	0.479092590226491
-0.262093888333102	0.143722484191836
0.0481977465569293	0.0219463382638499
-1.41729220217752	0.775055378160145
-1.37495177773059	0.940373444450301
0.316234791240533	0.106333251304797
-3.50504390842947	1.32502571663792
1.60585255643833	0.851258189369887
-1.30596010657604	0.696873761147322
-0.121034065470742	0.0533155356564054
0.00305411866159732	0.00151393042222129
0.0154072577807886	0.00835611112809973
0.608595399517595	0.302495461249573
-0.437866694454916	0.238700845924539
-0.0454351819240428	0.0233725402984826
-0.585314290755213	0.38619714089565
0.139518938459904	0.0658856609267947
-2.03076173689854	1.02349919707508
0.153900877187641	0.0718528799503406
-0.399392117379909	0.166696592515304
0.0135684766576594	0.00550923905039274
1.55776626235013	0.962357096443428
1.24295009110609	0.982347563566688
0.673763314778236	0.372051855689495
0.671545849963313	0.425842603962243
1.56792885038039	1.35624929797831
0.876497931954945	0.486220753526583
0.66113469620497	0.437335315674742
1.06604762254901	0.62316430830229
-2.24676816050709	1.26259660533055
-0.281628253025937	0.124519244895864
-1.04334043285938	0.871924848380521
0.791759660864228	0.396720728967521
0.383159615587948	0.185804589973403
-1.41402252306656	0.802991802628973
2.03975491805169	1.10997352406855
-0.28630478509515	0.127852808613371
-1.28501684137984	0.471749653468482
0.553481650904362	0.204486381999125
-0.319609146545763	0.18761617001701
-1.94906026268397	1.42339886218485
-0.00173464553489403	0.000362388093992032
0.468635088192214	0.265646557844021
-1.61836870600157	0.964503003439039
-1.2169230768233	0.768309845088187
-1.51586983315552	1.13749254804017
-0.990909993852694	0.574969398769559
-1.17024979921987	0.860695216013831
-1.78467566793271	1.39358294851216
-1.88837758597174	0.886399216093691
-0.919625626620338	0.378472198470267
-1.90760525753821	0.910312324671241
0.132990354607796	0.062578691616919
-1.25444721432548	0.812699950425942
-0.603621967838619	0.411401286376124
0.117755107087603	0.0633839263267646
-1.09096820344225	0.660913188819405
-1.3084588679339	0.701468714476979
-0.137379217914911	0.0569377248814226
-0.681176931678022	0.417854612904919
-1.31229561147961	0.705910583962627
-0.542095133384428	0.24012479120307
-0.324359435897781	0.164384169495105
-0.900813220326291	0.501439654458681
-0.126378803004223	0.0566147813991978
-0.45593130572327	0.159098673126773
1.40138926823967	1.20324566863936
1.61194927346723	0.902545954528964
1.26635738754347	1.00765036346554
1.08590025982935	0.890439572318302
0.14048722110273	0.0604149189035959
2.10726648503525	1.44033860652897
0.0968891375673318	0.0586309495652507
-0.894026203446902	0.486464945960984
-0.989225076222846	0.562278340734009
-1.31772641572657	0.698888701351991
0.257345120418846	0.129291387069171
-0.642221464307312	0.423754812650291
-0.420003805546735	0.174017031144057
-0.00363469715384867	0.000910944211551619
-0.00445939667681074	0.000595470505321118
-0.63748737917422	0.240134896217542
0.134567319588416	0.0529157392994936
-1.89586839130373	0.853456191440667
0.545809695879371	0.284994193804319
-1.44221118254463	1.04412140055219
-1.80436869852118	1.20472903240916
-0.863726610033741	0.60372568436291
-0.0494364741623883	0.0248260585051018
0.126678955587771	0.0546958297272053
-0.203418272227281	0.0960872045607226
-0.532857259347826	0.390715167518009
-0.629583482774229	0.496592851159958
-0.898308359427908	0.490193923457571
0.257246452055194	0.124598825004938
0.0342268722506961	0.0156433946576208
-1.72003703191496	1.13736242482155
0.531027785073095	0.283384378858853
-2.73812058723942	1.82371942054252
-1.26546380552689	0.828921860232393
-0.797716195329489	0.46114269312281
-0.237108111400673	0.136278935332116
0.047589924004542	0.0229347135199633
-1.5046862860639	0.857564096882505
-0.856403447364234	0.614305027252248
0.383027269111717	0.198968786505532
-0.679421804612659	0.315192137177207
-0.993097856301331	0.563803952120413
-1.21121462600469	0.606567926592714
0.562884513415761	0.204562775575446
-0.988294882928833	0.565721493883721
0.860697499848417	0.326666559140234
1.32034466054405	1.37865495918651
0.298214761968299	0.103380068302638
1.25653072951501	1.00685711958061
0.250499307182744	0.134936273369271
0.0868361946506313	0.0296274415764483
0.444394820272976	0.213692488600043
1.28058697224881	0.702744820711046
-0.330958641307482	0.164785611628642
-0.614488938030545	0.335089348815154
0.755186638950815	0.473184525681894
0.0968744332440932	0.0474121375775941
-0.0173371184586882	0.00674774555656684
0.466443936467768	0.189285733696535
0.137145254700325	0.0535091742721343
0.317001500333132	0.185829277804746
1.05285331489615	0.621108174140169
0.0184004786988727	0.00753914963417789
-0.254518250255501	0.0963031528358612
0.30620904341499	0.103381657424553
-0.646522974436142	0.237813799960939
-0.089209924627931	0.0304301938978453
0.227011428600373	0.116572067130771
0.861304334294051	0.491000115535143
0.198542991264766	0.112002931184082
1.0857635574079	0.887821252360844
-0.127771031148855	0.0563825891379349
1.3931151142555	1.23607771501462
0.964370843546362	0.752019268781317
-1.44387558022409	1.07787186689831
-1.95873602112572	1.39722935738189
0.631783672744492	0.384710963915993
0.455839052596065	0.258560376727702
-0.271450662323159	0.145887242673754
-1.18595282501883	0.573740469901064
-1.40108182766702	0.772194401319663
-0.628905746490735	0.320992237928193
-1.18637007271828	0.579141549251884
-4.09420936042572	1.8773086875716
-1.09104404820147	0.500428876555908
0.248045138422626	0.162387239359854
-0.421283620372684	0.19792810522377
-1.51921970573127	0.892984618367598
-0.0764642858994438	0.0358906920902573
-0.758900105073078	0.504649153438549
1.21333418995384	1.09165178694217
-1.30192970988638	0.666342245882623
0.28225479015764	0.126868078493689
-0.817403611116311	0.489385705115682
0.0470236540166062	0.0211705916258957
0.380217065040861	0.24318197642616
-0.543918637416977	0.243716054805424
0.394705450525328	0.259880828659255
0.744584813740712	0.615295183462119
0.610992534038072	0.3591141838434
0.616597982410958	0.358974050496049
-0.289438664432739	0.125380716044107
0.74499855463756	0.458514494491634
0.754340529332455	0.597289080679615
0.779924480074913	0.524395774887772
0.272145654095178	0.116482981635793
0.135909674992185	0.0529855603325386
0.64294654380373	0.423192684571562
0.90092576116602	0.56789556364254
-1.06056820146965	0.497761062574859
-2.3325645177711	1.3630864322208
0.392607016790454	0.203067560040335
0.852777484358983	0.489399650803832
0.12648471230477	0.0646760523286546
0.278492996760507	0.126849442842072
0.297379912244065	0.115565393115151
2.55429057668769	1.85501504808492
0.350446740829721	0.193617950508031
-1.11041985467794	0.778097436753504
1.26269970666945	0.795142851826492
1.29701815932011	0.614851401370039
0.48428315161282	0.196894151534482
1.01120857248832	0.511719194043351
1.28862679133764	0.595957426832426
-0.243380523081411	0.0751664462060786
1.29615501571069	0.51983303607118
1.05118454666429	0.62204054179318
-0.00390945628102945	0.0011642265487482
0.0163940078170618	0.00864522685509806
0.715124300838878	0.484641632933391
-0.109675339539641	0.0481656273714248
-0.256213595887747	0.136414749164365
-0.0612545688093051	0.03266496299523
0.469676004100337	0.268445747986878
-1.21070165469581	0.933766704087864
0.262187444293589	0.119351443696791
-0.319532017728576	0.159366411524086
1.00910593118318	0.520524570446965
-0.259318714309432	0.0984841630899884
-0.914699920281908	0.454443815047475
0.741481505028317	0.442995987671192
-4.30982776670441	2.16136161626564
1.10347907809862	0.877970383465623
0.604473745763251	0.350510787389699
0.0246210615707353	0.00984176313598863
-0.162710158631001	0.0684764594233145
0.435544139786438	0.207648426199849
0.525838215230794	0.284700273838836
1.21077468979895	1.10680163256795
-0.112972539859493	0.0504240212203751
0.00330220569939618	0.00127030841263888
0.0817867604734184	0.0279810864379822
-0.106504236303645	0.0360493637047144
-1.18292979699753	0.588497313540904
0.866285879547804	0.494376178124581
0.898881845161514	0.561960259373192
0.605510453535922	0.293690288750714
-1.61915582127874	0.672916817289055
0.473577071625297	0.272772981604688
0.275100803177549	0.108152099001286
-0.162546110970326	0.0810667038385761
-1.08867987588058	0.669912054498107
-2.46340997450233	1.45018078015112
0.295432073295759	0.103342674272888
0.548332676093981	0.128537566389422
0.491521198245021	0.204820985196217
0.751890206920841	0.46755684881676
0.129511555722702	0.0557372072785562
-0.629564779959807	0.232250953504542
-0.250491063067262	0.0924372824345158
-1.0246171457866	0.577840901634744
-0.44612961660108	0.149569469328198
-0.631232450792816	0.340868505790087
-0.0272816475000782	0.0102183477297023
2.30788389885555	1.74786059573161
0.142882714146998	0.0687653248723116
0.12621806403302	0.0488595965025709
-0.712793749217484	0.402951970729962
0.389317028287136	0.200128211376552
-1.37855256949683	0.369087290450251
-0.250198875055626	0.094226973818647
-0.422392162183986	0.171688835223721
0.66994931444635	0.36872669138081
0.684887663952966	0.476801960531215
0.80592180205501	0.398229711556126
0.265580993797516	0.119484404352964
0.473634277270913	0.199596016410626
0.393536499300188	0.19383469269675
0.556776307096912	0.205253420093904
1.71440651276359	0.813273172005321
-0.837980270991306	0.253674993229383
-1.31488109335384	0.711038105396837
-2.83458329559744	0.91634542093066
-0.2605830481581	0.0999512446031102
1.39220252896263	0.437531654237884
0.294634099869961	0.119846419309663
0.144517209579513	0.0629683414230891
-0.676663857096811	0.317172739983557
-1.79971028750852	1.21061275637989
-1.16621754342668	0.662148832835381
-0.421268946923762	0.201034628681547
-0.637243723416002	0.23925770308152
-0.253446113902403	0.0944474777442268
-1.09820728225833	0.675118455905999
-0.801786194053382	0.323364245204886
0.559643887389226	0.189945057077733
-1.27608752123958	0.842030729053657
0.265667141928296	0.118991438166269
-0.674826972686034	0.326220711131537
-0.105620064750102	0.036238384268575
1.06701355816802	0.697519381782505
-1.43493181066119	0.796207755985938
-0.224791226759168	0.103536091389116
0.276217537461766	0.174235276352945
1.62097053012989	1.34713249757108
0.710047344570649	0.31194535356863
-0.772397710961826	0.38318971434419
1.28042354847441	0.677098568158947
0.93762405734566	0.63007564590489
-2.43310398534305	1.51054740807105
0.289056741238959	0.114746549782482
-0.41628097187565	0.170796951533273
0.211325029178164	0.106438232121386
-0.0245907255213677	0.0094057097001453
0.643491763565727	0.410955937275186
-0.937227115175414	0.412228742777122
-0.3349003343759	0.173079539610348
-0.935199219115761	0.388744722339118
-1.50959665723454	0.878682980786482
0.607890957490696	0.301181193495583
0.327854367618469	0.0960907721742113
0.438380811321742	0.212895282876913
0.486853661712299	0.203150931158381
0.293765285044727	0.10246980824363
0.896804802355757	0.569004149786672
-0.301924474521404	0.132148640779052
-1.47538661331456	0.585002485480853
-0.104219400432782	0.0463310673370622
0.300037161132102	0.104898264675757
-0.404105315696889	0.15761329513734
-0.0187514184731766	0.0072434442263303
-0.39149930034014	0.155837748352002
0.487594598564529	0.203153514499011
0.293142013420472	0.102504012883816
1.5515272291408	0.949639592734374
1.03696612710676	0.581056648090982
0.487896139620728	0.210200832278649
-0.784611194040652	0.306067667715203
0.302242852912948	0.106016758885149
0.59951462515758	0.284887070833628
-0.231108789370875	0.0721774916639875
-0.633839026773973	0.226463104787109
-0.235175374955605	0.0740295955887752
0.293511921713978	0.0996440772585109
-0.525823473591188	0.142192228149134
-2.835854011812	0.903413592096073
1.29501353742001	0.519595491969007
-0.243380523081411	0.0751664462060786
-0.245852598736285	0.0770395409229067
-0.0903105217557153	0.0304408239217116
0.141539280225895	0.0607227521255556
0.121955086369347	0.0534010200652705
0.287947844799188	0.116219255378299
0.816689589132808	0.594656099829162
-0.256353337331035	0.097127044987515
-0.0240664817642737	0.00916887835754207
-0.260958755379458	0.100420864850041
1.29438532655442	0.504686772711876
0.849206795925536	0.455218399091423
0.413400563404465	0.187678362596288
-1.54460002593305	0.826878259308183
0.288677632590861	0.132879790055007
1.01845688902781	0.531260183160308
1.93673765548103	0.794033939329963
-0.204331214840626	0.0940765165242385
-2.01546140662117	1.01679940313848
-0.245086104881698	0.0766295358796992
-0.00454196511043394	0.00219773831133215
1.26605557931565	0.733828530358933
0.956495440241491	0.436270611890297
-0.090320023627973	0.0318132195698899
0.681039150707759	0.369358782425022
-0.773578029508794	0.392153576182581
0.244958737584166	0.119121661788994
-0.996289385724392	0.55006141437719
-1.27882386728085	0.463370374340706
0.298869145325827	0.104561219955532
-0.283779897262312	0.127218256192646
0.269586502930078	0.0989330941511634
-2.21930954955097	1.20625336639185
0.966755970220939	0.442411904138521
-2.82800405415571	0.916370270350291
0.513645768484654	0.274436463279285
0.518663294317303	0.274356784286759
1.08041661322489	0.69684124299034
0.313538883785526	0.0925993903416709
-0.445040031010082	0.151596062677154
-0.616636634408028	0.22908099257379
0.878978946244799	0.335199243953659
0.134337768417234	0.0512001472684008
0.685666248651553	0.373736934661136
0.873083055042745	0.328888311878288
-0.0931895524889977	0.0325016308966472
0.857361095772884	0.314320342062975
-3.51504620529804	1.35878374498678
1.01425547137911	0.519069130638424
-0.83107905876281	0.253159203624365
0.548801149799279	0.195668970868549
-0.633577981341384	0.24046272972226
1.87492520164159	0.596544505245442
-1.0728426414874	0.357886269207487
1.70380688577139	1.32536578899733
1.30220050187184	0.511933404200704
1.38310568737594	0.45202977531251
2.68010250175849	1.48509132246664
-2.83249128745503	0.934154025578548
-2.49348075277667	0.760631300990853
-0.456236168876026	0.155609177195223
-0.106566471069748	0.0236156238664408
-2.498964405108	0.767925687647617
1.55296502584631	0.975299714765082
0.0174099554968716	0.00436355118616266
-1.09827422825229	0.354510100421418
1.87110733943015	0.599602400649659
1.3073795708041	0.49856283446071
-0.517911135702038	0.138411916640514
-1.89169197460193	0.899936555720019
-0.624196744051635	0.236405002380094
-0.094668565138134	0.0323361037256597
0.00481819775019924	0.0016403559124974
-2.03381676269345	1.00883844169837
-1.28282972300952	0.473490748576721
0.0768845571524115	0.026232482813406
1.3852161325822	0.449767700794641
-2.83133823353176	0.934971127868472
1.70846554854746	0.829732601380987
-0.519047917270715	0.135752304649831
-1.28921304637222	0.462862440526814
-0.626971436492507	0.239270302311326
1.38605416874139	0.451696726388903
0.000392278417188261	0.000641306235488737
-0.0973790569743821	0.0342107777463314
-0.626153812820767	0.227935822191843
1.87693466126903	0.595647178734079
-0.235759541131017	0.0743536615313082
1.72309008865435	0.797016906819219
-3.52954348675137	1.31951929019622
-0.846037680604406	0.245977303633098
0.540516763764104	0.126430146128776
0.320503935554356	0.0931219670988443
-1.08104804938639	0.480095082498331
0.695331308836529	0.298329087511547
-0.091016408882651	0.0320413972763376
0.498364996899766	0.209138180867969
1.29657951069244	0.507603252127817
0.0939450596857713	0.031925053159894
1.94830991468187	0.776924966798475
-0.443503145206976	0.153630551945751
0.878063035149765	0.332310344071191
0.307660314240472	0.107102350019462
0.294152666692444	0.11465800768347
0.289773498591845	0.117815978838977
0.297526561187672	0.115290608840982
0.599041963178419	0.279666483302706
-3.67430036803184	1.50154561405815
1.36667720749302	1.25872560045217
0.0924843785066713	0.0309489515067984
-1.29365563241636	0.47652004785956
1.61661671764802	0.897351740902843
0.955152215134709	0.436094167348458
-0.414402926229076	0.16771124719314
-0.234458028369952	0.0732314184953936
-2.84122014280315	0.895944192895078
-0.235722981375537	0.0716258211313845
-0.103948938199882	0.0233524604803125
1.02482711982357	0.523574933493316
-0.788557253640922	0.328184193825966
0.320503935554356	0.0931219670988443
0.31487073029497	0.10612028861621
-0.0869250128244455	0.0392550133405736
0.27405727199126	0.124550038709201
0.288915937801851	0.116516568507409
-0.826886475386905	0.250046085549171
-4.49464261446712	2.37809736674396
0.254431510815298	0.124633653367366
-3.32210621443406	1.20057228416852
-4.09420936042572	1.8773086875716
-2.66949691850978	1.81870512343485
-0.678584315300357	0.323954757913607
-1.61711325174392	0.677635979110965
-0.624196744051635	0.236405002380094
1.45068530171589	1.08533743575796
0.105724128914543	0.040946126332472
-1.07390451092355	0.359387288546195
0.303308096144699	0.123918667311236
-0.390543174211756	0.21909994743116
-0.145828316831543	0.0595976951627479
-0.793656797395418	0.329827024483952
-0.245797099254876	0.0771691158134994
-0.086358390679106	0.0304440917173083
-1.18186708573106	0.582627924765462
-0.910295521037134	0.47374054004293
-0.425499297514565	0.174765978961503
-0.92572053820773	0.404668060685216
0.300342959429877	0.120945764162239
-0.676263127110559	0.317495769798671
0.49939313847853	0.207325142839749
-3.95946047504474	1.75683331424598
-3.32001561112394	1.2286468506821
0.280823957168736	0.126981609021522
0.528449282026152	0.288577324750749
0.0140432923210534	0.00595746202379572
-0.0896290358552473	0.0309749898455396
-0.239833984559913	0.0760133865629607
-0.401007691461611	0.192809901025881
3.65103548130572	1.82519710066045
-2.02565977794774	1.03250109496575
0.307769258217555	0.122911810992881
-1.46347957914527	0.579182868489406
-0.261838462967717	0.0976937471175466
0.0391746005247913	0.0151819408439572
0.548635159811078	0.197831985684712
0.486808451361484	0.208630114606187
0.294840710518094	0.119700415274044
0.555844691625306	0.199296856533302
-1.19492035389905	0.593698859689245
1.28430803161159	0.704344052974678
1.92612633915277	0.761764690902876
0.325117911102895	0.0916937982959865
0.321596831485915	0.0953901221130846
0.00300977945299046	0.00117310960192282
3.24688433797277	1.45389803769784
0.00727795056105435	0.00213502079322114
0.092776461775912	0.0310362019529642
-1.28350107612435	0.474836718450796
1.39286395741949	0.437144521309055
-2.8448418531185	0.898193427255453
0.542143518060953	0.194687519541621
-0.836634894627274	0.257543939751531
1.87492520164159	0.596544505245442
0.292282249930473	0.103875479282708
0.486105179384383	0.208667087262631
0.324403762331451	0.0958764708145592
0.609050025531139	0.297530322135164
0.492880305445328	0.208245059210407
-0.393154162336172	0.161358688008092
0.542117387934627	0.191206155136407
0.00207180478695246	0.000993433400005261
-0.560288975608163	0.244315390489632
-3.68818733939199	1.50113592035426
1.28089311207463	0.598138682659345
-0.00133645745138618	0.000192934263846775
-0.0920822511388798	0.0327756274216671
0.541557554696	0.194114338129968
-0.437483052106694	0.149022159336257
-0.09255087392747	0.0319271348910695
0.433829594852908	0.206095780130193
0.438556040122342	0.203505457472448
0.305175047805392	0.106901152877455
0.0971193813362326	0.0325649191658198
-0.00611656531310045	0.00276674659132546
-0.638507631702955	0.241026629305365
-1.28300540309424	0.46985272572152
-0.240484235509686	0.0709364119835786
-2.02433365479729	1.0312359589468
1.28095907288958	0.658622781715133
0.0850054739196388	0.027358815143645
0.467864419083305	0.266456667282756
-1.19283267838226	0.604147989318503
1.00959237528863	0.496999417611455
-0.236696740212558	0.0737145165919981
0.0972437074566002	0.0328516333826303
0.015480665771631	0.0039883519427443
-1.47425200521584	0.581510791687367
-1.27872212980791	0.464687086631456
-0.560885810057129	0.242363296523912
-1.47361536288041	0.562053824260104
-0.884577903596513	0.480391043321747
0.0890254804728613	0.0297287343582824
-0.526556460648426	0.266227719629518
-1.08231332567193	0.369176480609056
1.30119672078077	0.502170868324475
0.47578104700015	0.198608857681778
-0.162540488873674	0.0673267955579222
1.10316390123798	0.765692061305072
-0.403621430980549	0.167806612310809
-2.46756679268756	1.46375882576462
-0.693566431636858	0.332270174274972
-0.175804205835804	0.0733884963898733
2.34788814587511	1.13508462707684
-1.07145940951003	0.477207466132015
1.26915521247623	0.656975720490541
1.7701119859751	1.20018601255329
0.700850941279649	0.293543619155931
-0.796471525637768	0.317538818518839
0.0119481861389783	0.00319511477387208
-1.42764005297608	0.81907500102039
0.0181247258078997	0.00468894262539778
0.711243688433747	0.314278984990167
0.547391394977736	0.128082186515472
0.301533202120874	0.105345327690483
-0.239499210469969	0.0736752339423243
-0.0978213193620585	0.0220638318542834
-2.0177305290041	0.999963063300877
-3.5134917290528	1.36974037157449
0.708292777359554	0.313423039635969
0.947423076123955	0.405910659127533
-0.170968451652556	0.0688591612625572
0.000852183033814175	0.000637075016185522
-0.246539768207762	0.0773565978250945
0.301462673774442	0.102706468226392
-1.45857458080414	0.579461263044106
-1.281024788334	0.460882451016039
-0.464559065850365	0.320610818858339
-1.89708523022551	0.913049810412864
-0.525408618190404	0.220806483307475
-0.195844954230367	0.0754468701469187
-0.521239785553401	0.140369579797354
-2.00889600092217	0.951239616977814
-1.32696863165498	0.691961500223279
0.782277207450326	0.52210074426901
-0.106566471069748	0.0236156238664408
-1.31568953464342	0.714067535587278
0.608327686152717	0.291367638732524
0.793413889144263	0.397338370523991
-0.254478054256091	0.0958175232165309
-0.63660044531218	0.232760219242627
-0.258848694813062	0.0997575623180418
-0.0957934086372164	0.0328132885050503
-1.18858652765898	0.595953993249995
-1.88781571134293	0.901518113432637
0.976545353093449	0.431763434910599
0.0990224829929577	0.0333606486676626
-0.256572943577263	0.097031954432904
0.302772148242654	0.106889593163489
0.294633564255578	0.102460813267619
0.488563237347517	0.204827038954231
-0.0927825069038623	0.0314943918114974
-1.76832753525401	0.786339276349453
-1.29276629091676	0.654151267307285
-2.14270036664592	1.13652520992128
0.29406197873844	0.118385393852309
1.60659820171136	0.857022313645912
-0.241844219552331	0.0752485040642155
-0.458268525203384	0.157747985177483
0.158837560335126	0.0746912775008676
0.253231271965051	0.121523223298476
0.152105429104095	0.082612709986707
0.923333512343038	0.572074389460958
-2.02963597596215	0.995702166271466
1.28300371656458	0.493988490230208
-2.00848536849875	1.00951561662394
0.288492887773143	0.115453788643049
0.681827513066125	0.36522526318381
-0.197381081846556	0.119205319879957
0.0267138454923583	0.0123707202249874
-0.265081941293433	0.100159636669363
1.28186273271868	0.748201143383472
-0.240568421637523	0.0735830318676972
3.64256396807776	1.77599909416839
0.621912530669421	0.293000588442198
-0.533241001405787	0.138073304052291
0.304122949888655	0.107086798187406
0.702773901346326	0.314554479210706
-1.46015956548501	0.574745191187339
0.48894435758922	0.205258663655679
-0.000758350045579922	0.000343562556853907
-0.439452492527815	0.150583128708704
1.93961424406146	0.785601693422132
0.518672770211678	0.268105647403272
0.29984856905661	0.105332789746835
-0.0704982614827596	0.0392102107357468
0.489178964331454	0.199554537796349
0.304465423007263	0.11016431089777
0.0801081511271862	0.0267287027344123
-0.68996523496442	0.326634983264678
0.692182851914386	0.301979464251249
-0.150658761694099	0.0622151145391707
0.329414764622806	0.0965032236713675
0.598306050411038	0.354191866473254
0.360545450828485	0.195569834788419
0.288312139293165	0.113986317057609
-0.101789050479357	0.022868379633766
0.972412698582417	0.43210115849053
-1.13336834343066	0.841557973124749
-0.438926619059665	0.150792103359398
4.49535085540626	3.13977714615619
-0.519047917270715	0.135752304649831
0.30481517056333	0.105194400366054
0.864987514285173	0.484076732066062
-2.60408784499485	1.68851608567234
0.306548583371177	0.12127282268244
0.0170169246376005	0.00444878785056413
-0.800810799762888	0.331350617298061
-0.448463306094732	0.154284994773856
0.0161528170660744	0.00665264524216178
1.0469268393417	0.605356579680716
-1.6158330740944	0.687200844863277
-1.31301110143882	0.708316439262564
0.426159580380732	0.203934340307275
-1.06127772655666	0.484149654185016
0.409669310629285	0.210999948682018
0.0171411427777952	0.00704105106363094
0.047259056255646	0.02306769646433
1.03386814424343	0.549102843849891
0.294737802732714	0.104236805695435
-0.635624825321417	0.23620000279713
0.552893324539326	0.204766376131463
-0.543472709451136	0.272717358703375
-0.621993545287718	0.333709957314754
0.649500855994455	0.533945956258626
0.606049320545741	0.360147957595696
0.121583115711006	0.051128528825313
-2.14838707102745	1.13610867838573
0.55679847982431	0.209914993943735
0.300141627025939	0.117535480206074
0.905214690101065	0.560467855961542
0.387860621815047	0.19641217376676
-1.05689281437407	0.74097613050264
1.27755454627732	0.856940841436699
-3.8375142842007	1.63330589210199
0.961171602048577	0.44652518401734
0.443689288059111	0.209528994908151
-0.454093292533392	0.158453637062728
1.27656661773504	0.748601683054587
-0.408938974583688	0.21480064488579
-0.237974788674939	0.0750087781254484
0.87339742529389	0.335340030560621
0.710360591428888	0.313646562678378
0.547502975700458	0.197491292364359
0.287932175093348	0.13365376827559
-0.619236001458195	0.333151859373744
-0.391608157203888	0.189348875178096
0.643338583084907	0.407097736885663
0.267814264215584	0.132406850770409
-0.268344322987837	0.101578687068814
-0.63581879962131	0.348066407817161
-0.306121150453152	0.147520536145312
-1.68785516358364	1.09093429133908
-1.00697483483835	0.574470915513331
-1.00137966103162	0.552643590196025
-2.12578647842736	1.12802144175964
0.697612817924242	0.306580514771783
0.546777293942336	0.198702803805087
-0.79353716036983	0.400312519669956
-0.52700194375868	0.263741917998531
-0.650524644737591	0.33913817951465
-0.118270289277695	0.0507805266269593
-0.235918652264616	0.0739415337889668
-0.0903025390092015	0.0320126130605842
-0.889258617676174	0.473650594111347
1.62516025483148	1.37053922878793
0.532392858723624	0.272010177969495
0.471493532858232	0.265868156549576
-0.650132643117129	0.23764871293971
-0.149204781203697	0.0613673795812272
0.294351284634262	0.118906358730642
-0.272115529791467	0.102305642472342
0.146941466505541	0.0682071095924396
0.308113021088722	0.124815511154478
0.704850866286365	0.294113152647728
-0.281339470637123	0.101932949420294
-1.49277913542184	0.835124408531802
-1.76097138572762	1.10611249848299
-0.275249776570635	0.102883986250902
-0.515656366457935	0.260705864276873
0.761766944892605	0.482002285193903
-0.156551124914083	0.0648558578734285
-0.286121377863177	0.127644042972853
-0.0969221543443291	0.0322178616365094
-0.78256884846223	0.31633998629166
-1.3124455987915	0.667548960459002
-0.39971163816383	0.163954716591179
0.485027306229594	0.20531480853717
0.31118225686456	0.110497295015127
-0.618149464948051	0.230462602270126
-0.619152046876317	0.223951744791244
-0.457839722544225	0.154533159598123
-2.49779134618292	0.753762077506182
-1.06434201774402	0.496728652436148
-0.945830856599166	0.405587751016247
-0.646755688345283	0.238650561400934
-1.89080956709279	0.889067937701986
-0.0974928366755688	0.0220000133147072
-1.62649237441874	0.696458443256091
-0.835242582387023	0.248047458204957
-1.29382430591043	0.470203078258027
-1.76536914383616	0.798392876309165
0.092776461775912	0.0310362019529642
-0.237974788674939	0.0750087781254484
0.74372659887162	0.214687855102197
-0.241844219552331	0.0752485040642155
0.0951523445115567	0.0312939226834183
-0.421747534074099	0.162250128362355
-0.625197224450558	0.230036031328211
-0.434385093347243	0.206723305160202
-1.07086301169428	0.503665765543026
-0.79517933382672	0.411205746813506
0.292948468859521	0.115886444957994
0.487396555600168	0.200183206514479
-0.958794158064057	0.413579287711832
-0.0903123377985894	0.0385436987117442
0.54750529503384	0.201453793502022
-0.245825532928544	0.0758252265485299
-0.276837197364398	0.102725143296864
-0.101902821650234	0.0457783281752856
-0.551628888597127	0.242046697278644
-0.266319106046704	0.101430728385422
-2.00344370701476	0.988140353466349
-1.62649237441874	0.696458443256091
-0.965456739394563	0.370700860512165
-1.41703201652018	0.775269975834073
0.30543038700108	0.107689107435054
0.284083323382413	0.112748757571605
-0.0941779390158178	0.0217731946290539
-0.653957171871019	0.232972341894058
0.536448439553893	0.282959515527483
0.799086269722801	0.401072487373166
1.30132339020861	0.504297146942311
-3.51136787314652	1.34167387473063
0.702598286912867	0.308638006988494
-0.896492105432636	0.485530342304399
0.550118410283197	0.201461739964901
-0.187677943462542	0.0737039461348265
-0.121167259380485	0.0674310041277935
-0.438926619059665	0.150792103359398
0.350235684637236	0.193663956171822
3.09086870606389	2.78259297375894
0.954862935332067	0.422469060431403
-3.83202912311112	1.63763004661274
1.60875438796352	0.876462110810124
-2.03076173689854	1.02349919707508
1.06554064517264	0.689289015820457
0.294251297023269	0.104038669432797
-0.454910431555179	0.156034564038016
-0.792583776822167	0.327353074593634
-3.09514860705818	1.03749547577687
-3.09404330590539	1.06245153955413
1.02226232373535	0.498022638089258
1.28477530067229	0.59690088435087
0.549559833414944	0.197873147007136
0.866606903739654	0.321034203340148
-0.449309141859221	0.151929538704476
0.137340245965803	0.0635853149413044
0.548332676093981	0.128537566389422
0.292549665293258	0.134871526651948
-0.239833984559913	0.0760133865629607
0.480718149703501	0.203911570055299
0.0906618554935407	0.0305901113886111
-1.61674255860421	0.673250277361113
-0.951692899222343	0.394467178731602
1.26732530166626	0.941201974903455
-0.9553972393222	0.400259791535578
-0.101816997733816	0.0350954094383563
0.0123876104363821	0.00332088703147064
-0.312258348215523	0.134372367834252
0.800838916277916	0.399069877993104
-0.412424019585441	0.167903118654302
1.70566560783903	0.8054802881639
-1.80552529612996	1.24561619714152
-0.166022978806692	0.0665218473206155
-0.539901121951754	0.227572483410882
0.0901219322917741	0.0299911170118929
0.127397288744872	0.0545146937501716
0.130046784825214	0.0515179829985201
0.00521195475823335	0.00163044193678137
0.709416818094321	0.298408494524936
0.287142317957775	0.112701450538264
0.96709812224772	0.455936926321517
-0.187701398573657	0.0969507556964031
-0.194713346077894	0.117896593731457
-0.667284006867236	0.411544203397327
0.315313078552819	0.18853263955144
0.398137737310324	0.235403228298368
0.431263293295874	0.208030081140643
-0.44412244545807	0.257502415733232
-0.107698607848049	0.0483804994680453
-0.158044897675048	0.063997686045096
-0.0994767870258344	0.0343208480785998
2.1258175547146	1.77787347285692
-0.317123853053	0.165174966152335
-0.0244413684211935	0.00929231340610934
2.35907603320335	1.15409151652836
0.557532205682564	0.204766766217193
1.50223721422767	1.00374564331487
1.25803405186883	0.922969577197212
1.88047013298382	1.14273859996235
1.27567391262735	0.589373759970902
0.304739178453704	0.107039717682374
0.100484674291529	0.0333649822107095
0.556600090640368	0.203586207706565
0.501550063307259	0.209813693213883
0.871968937258368	0.484400578560436
-0.299655944544092	0.151920053997313
-0.0878922456289127	0.0385386327217824
0.0285639168578195	0.0114660814848889
-0.525043881262935	0.273463889476574
-1.07142177228757	0.493310129298548
0.526884636586429	0.27931259858292
2.32356267026079	1.50050603432717
1.65864331476583	1.65209683395879
-2.13604458503749	1.14908642235234
-0.111199397997286	0.049019233182206
-0.272281857978085	0.10300867317221
2.45686994812553	2.89153915609046
-2.02791998901395	0.991478553195575
-0.265848621023731	0.102116627818756
0.388333466847147	0.2009626708786
-3.33306252811932	1.19665851399297
1.48547997141773	1.01451992301406
-0.23650308986099	0.0742636478244499
0.238793898195941	0.115201364656895
0.121332009399479	0.0474485955072878
1.01820606494365	0.519929997860209
-0.0192319657554354	0.00754532550133394
1.49935210410301	0.990024427169965
1.28565611818843	0.582455107383399
-0.157091232558179	0.0626193897499947
-0.510005745506106	0.305155140837679
0.0190248502202479	0.00860494396842469
-0.300982718153514	0.181786912609168
0.142472485614447	0.0743708590205946
1.65811309775637	1.61391384635386
0.280513419081322	0.130630294917258
0.831010158559165	0.593540540856815
0.740393331847001	0.455690769789353
-0.234458028369952	0.0732314184953936
1.28978556949677	0.608788501776037
0.685838611359479	0.384031794011267
0.668619048048043	0.359328445402117
0.549546603206529	0.195405475294764
0.70128856490813	0.301918456042301
2.04255160312515	1.10159417282155
-1.07478210680139	0.348692519382462
0.958708959914563	0.41206943674675
0.00721601039352863	0.00199363515840127
0.739159309272223	0.226450357269325
0.32010207269038	0.0929899727077881
-0.449504082612977	0.155524011362025
-0.0986538976590582	0.022181849463491
1.70249473880105	0.78637421984923
-0.943898059488924	0.418560680451734
-0.449991274179051	0.155111310235906
-0.283170967863037	0.126873673126205
-0.103800695476895	0.0352123754747504
-0.293625812383842	0.132808571267031
-0.085288265370546	0.0299166148809532
-0.841324460591787	0.254223558114739
0.560710140851591	0.204490514274638
0.978530867906529	0.425370192551797
0.0911859666411709	0.0307413671123229
-0.414185744974961	0.221346121759354
0.122969796235117	0.0531060952518589
-0.106566471069748	0.0236156238664408
-0.0929897117379515	0.0317478743282596
1.89495963296428	1.2207199889729
1.61599394204719	0.922638089944359
-0.239833984559913	0.0760133865629607
-0.626453246626016	0.235162891105832
-0.520400638654727	0.137450762960971
-0.668441187117838	0.318845582186499
-1.07730159325044	0.510261330456679
-3.5134917290528	1.36974037157449
0.491763638941413	0.203299270135872
2.32537471869048	1.54502484551882
0.618912401244776	0.297388762314001
0.323705695530232	0.095444827266487
0.553625486752731	0.192656637024674
-0.0420300368274973	0.0210221628281058
-0.568268935591768	0.368638379455027
0.691518284007453	0.48640741245322
-0.273285484657399	0.150683408920002
1.07324336985554	0.688195495548292
0.860810368274703	0.912669699043369
1.27168935536024	0.853084120059409
0.480098714182315	0.20031333814823
1.94504622593132	0.779893250723617
-1.77482121255035	0.810217176439148
0.792395157764618	0.386578336042155
2.46888070897025	2.08681421057693
1.27051030159917	0.762346342792266
-0.790613357327296	0.322899734298524
1.06463244698511	0.627252924185096
1.09923421285757	0.809999972900978
2.68559735391165	1.49627531206108
-0.0906240904339639	0.0314796060678705
0.0109808248201078	0.00291215169192999
2.29872740006584	1.78539457689556
2.31324324974903	1.47783733007966
0.525414845363598	0.271282507134698
0.59753933964313	0.2942694880549
0.877056025692956	0.341417439858904
0.124171234673538	0.0474808416482547
-1.75734275843736	0.78804982735828
-1.09047158756447	0.363834716407579
0.0102885721655652	0.0042510109302317
-0.432240116004392	0.234222763814588
0.444356858378074	0.206745988857569
-1.31144936343362	0.702215637095631
0.721150348213545	0.501206635143436
0.496716114787927	0.201406822036444
0.00252258717362925	0.000953137376538156
-0.4010268294437	0.191058198294226
0.531477943671802	0.28512728544364
-0.276311847042597	0.125136800151691
-1.33548180074742	0.668159783121155
-2.13300248253507	1.14957278772943
-0.306644598948823	0.153112510316665
-0.539318646189219	0.237385544860659
0.455794552868159	0.209529253183118
-0.23356248831657	0.0716408562189923
0.130713752001343	0.0503277705667071
0.792744979300099	0.404384920755787
-1.3236790557388	0.64777853919651
0.704899971420589	0.31614062112579
0.119103594717827	0.0452929339502797
2.1053367041547	1.46425358380624
0.368349298171818	0.181420073496038
1.29767731074144	0.690850427482302
1.06154179254167	0.621491404930663
0.0926386979383656	0.031892603661031
0.615733232298245	0.304997837334773
0.704485511375187	0.315474921744184
0.316773180797766	0.0914429038408354
-0.141124103795746	0.0761985986153675
1.09458847575847	0.914678744171136
-1.4671138530438	0.553436339199522
-0.281663160611266	0.126365844081137
0.599071034748899	0.287839944142727
-0.4284119933122	0.204475332989711
1.0432924453025	0.613348546071591
-1.28331625133256	0.470420786668762
-0.271911999187113	0.101602782678793
-0.207329977925386	0.0981502651304515
-1.18452557044706	0.57699198557472
0.966975576016642	0.435650532383676
0.86732704679268	0.491292605272053
0.120821640445573	0.0462292425612069
-0.521239785553401	0.140369579797354
-0.63895817661679	0.24075735891342
0.607552634589085	0.291650157201079
1.94886186358611	0.77215322826278
-0.41640538671496	0.173125844226474
-0.807213102585199	0.322243550861496
-1.08951402937366	0.369398243880082
-0.976540604745622	0.53220530663431
0.933254229897101	0.64619934472071
-0.230952649466823	0.105594971941644
-0.796294244760325	0.392351150974282
0.891961882823798	0.549571807143903
0.297891207223623	0.123259780316952
0.0275185134327185	0.0109662855365067
-0.547741748583435	0.243717539149531
-0.795697185895172	0.329678860390042
-1.10390433034129	0.661907715439429
1.05862849620997	0.62494468371727
0.486853661712299	0.203150931158381
1.45219398615425	1.05530214313467
0.559957072096363	0.204970014267313
-0.292800210370705	0.130791512073829
-4.10281324847113	1.89766722018225
-3.09183480000513	1.07302576822624
-0.644418918730446	0.237822401926239
0.0754539374035397	0.0256129899635263
1.28565611818843	0.582455107383399
1.03143879419408	0.587494984365286
1.07124111779079	0.671645582275749
-0.0956609260577928	0.0215971171731289
1.69114001833267	1.26929670548868
-0.679957879994248	0.311786397764405
-1.31001989878634	0.707586163662941
0.249310415622763	0.134057708557277
-1.85355844370006	1.29126112960591
0.225905909958312	0.147695497752983
-0.43404282745094	0.172651421732481
-0.821120935093866	0.589103228637471
0.0840734487072566	0.0277738060622005
-1.31288747600499	0.700261191912076
-0.100380372396949	0.0447085307891165
-0.241922827453425	0.0749956807265483
-0.932182891169896	0.402319066288043
0.96084255427122	0.431364566936938
0.945334309135389	0.408049767355071
0.955991317115208	0.435785240388872
-0.242622413069517	0.0769806307874468
-0.410057191606757	0.166488223051671
1.92479025093876	0.760899954334584
0.873940809644424	0.335451005226275
0.297335236594846	0.120734647343259
-0.0276517524797429	0.0102838421815628
0.954938097326619	0.426247292314937
-0.523513114305865	0.137679209591898
0.113572991146424	0.0529043412550361
-0.0635600287709809	0.0302005388901334
-0.666801825291952	0.308266471312384
0.288131924551444	0.129498213875798
-0.105836198629932	0.03619257121092
0.157447483550219	0.0675979581960922
-0.214451467290217	0.101282897831118
0.610848057363502	0.361681667442817
-0.808572174307743	0.392869724168656
0.277761609158844	0.122903497755272
-0.409067837507232	0.198329497938782
-0.103242498280674	0.0464310592595032
1.28056217388034	0.677042688105502
1.28437254624422	0.787123292533076
-0.291113828553734	0.127404307930675
-0.957135902832376	0.410135894430349
-0.0957638913226649	0.0333038417220946
1.27641681554813	0.600906476885549
1.02408601942834	0.542208430212394
1.6953800420165	1.25086268222465
-0.0914100204592325	0.0324642582411165
-0.592599417597094	0.395078285814751
-0.990962756836396	0.550923377222415
-0.327690256196052	0.164498575960527
1.19360139599158	1.01465171941094
0.146721924815553	0.0693857508742142
-0.665103272855238	0.411601836443374
-0.784234848399009	0.314362538024251
-1.29455516136911	0.470310777799816
-0.520802749971932	0.137595352476473
-0.0173802156921097	0.00684997422683791
-2.03117786070747	1.00694720489763
1.28285043168463	0.66474733396444
-0.305349492311517	0.134446562036922
1.26904527703782	0.576692423372598
-0.475096865739851	0.154539157766651
-0.0897903781945803	0.0422824110978965
-0.634305587955531	0.24141651818978
-0.254278904842024	0.097527726528455
1.26498519770105	0.904291516677087
-0.515816270677169	0.137630330187878
0.707381732234023	0.311269625422386
-0.694849213112156	0.324296596820106
1.01208855194431	0.5242502965629
0.0015547750555573	0.000720021214793046
-0.165304153460622	0.0683686722828947
0.137229311437485	0.0532309868168945
0.105109904438066	0.0343644060776417
0.00683375451844237	0.00295754865614875
0.0129551009384702	0.00534941367102785
0.137943258226502	0.0522388137981892
-0.813495551071593	0.508783828858847
0.287553136264843	0.116851954527943
0.0141083733921677	0.00578120642652584
-1.41698692843931	0.792422503255296
-0.624857841653275	0.340565444256642
-0.0975089363342028	0.034267901536498
-0.521239785553401	0.140369579797354
0.413204601953346	0.186713203550589
-0.794832276490262	0.316288055635143
0.299703773209112	0.120147087285067
-1.20153422472095	0.758253561639227
1.26595117945938	0.87705790578586
1.09426886223547	0.922742407313234
1.26728080011153	0.81243735416669
0.961360605661363	0.43409187232182
-0.0376022938346533	0.0139162201123791
-0.117209202249731	0.0517921867457284
0.74649249114672	0.459763910875159
0.049770069843364	0.0242208499418507
-3.09293870382283	1.07206408964027
0.289133297431972	0.114871047379967
-0.246374139547731	0.0919764409197315
-1.63549514925674	0.670415726940665
0.479952834958981	0.201542318016121
-1.29048650947702	0.472560976297956
0.310067660992668	0.0869061739325095
-0.225099448993819	0.104331733945137
0.884727409566124	0.333285960329792
-0.0310185000987448	0.011492300792679
0.272240328011593	0.13596802040213
-0.27004481576411	0.101973243538123
2.10306159812685	1.45571042473135
-0.625800746820824	0.2291852975833
-0.707751737835864	0.44915384325387
0.962029736481793	0.4377991151595
0.389772422341582	0.225668856104671
0.337218811773765	0.187670279430472
-0.0680380980636325	0.0319153973967315
0.304739178453704	0.107039717682374
0.137977116330196	0.0529681031858696
-0.79193668767505	0.323740455554184
0.593021800130597	0.344988547426379
-1.89187430887487	0.905154818149245
0.134567319588416	0.0529157392994936
-0.210503721681284	0.102969020917018
0.870181230259908	0.492898145130956
-0.167319898800437	0.0675771061039673
0.212030463858735	0.122797968461427
0.496546966114168	0.207721514383798
-0.504408989664039	0.282924273794943
0.136919831042826	0.0641880179536601
1.76796515705084	1.20556531159981
0.580000625223273	0.341095074519202
1.0414256946016	0.58837258980617
-1.61774704458481	0.656633168275327
0.685882616830146	0.368818511255182
0.65878605529409	0.427666376598337
0.911265096208483	0.573990220759889
-1.77048838456278	0.79832736209923
-0.418665930129319	0.170907655594362
-1.0805248563296	0.360561938702347
1.87680508733918	0.595685726697882
-1.2795883046487	0.459586639042885
0.298446365458647	0.133366720393717
1.28627463396002	0.612927169658483
-4.07774862177269	1.84860435967282
1.60763351173357	0.858287940155653
0.306560007608158	0.106939601876431
1.6104115188983	0.870044236146669
0.486149622974367	0.20505310236128
-0.516952935597397	0.134997042674037
-0.935939682823681	0.403531047598136
-0.453057354623893	0.157177597781163
0.262136817959461	0.112506560069606
-1.90912876176792	0.848831946345946
-0.618149464948051	0.230462602270126
0.924732600494394	0.636888984210026
-0.312985827955498	0.135489978635431
-0.410720059152032	0.170558127912939
0.316821941078007	0.123250136413656
0.747927529305998	0.226764681396792
0.797917382245025	0.400902601605751
-0.680918168735649	0.329456881900291
-1.4276621008211	0.778900408305029
-1.82451912797294	1.08679943777061
0.267790644986479	0.113170843408022
0.30827988708634	0.107059493935227
0.78129764905085	0.508345662949728
0.113886861772577	0.0487527507670343
1.09287575501576	0.894602249855914
-0.805010341049326	0.482116464780357
-1.93901457333247	1.42267772520971
1.07867161649628	0.690508892034635
0.537751310741949	0.279515755830327
0.135461942757152	0.058117127838154
-0.138987443848475	0.0739193069926843
-0.168384600526356	0.0692179153056741
-0.235178727896966	0.0737955949925185
0.860466564574499	0.491417877529746
-2.03322178105469	1.00013039369367
1.26344284733119	0.844071217250979
-0.111931715328547	0.037746057544416
-2.23268760279043	1.2132306188483
0.00598227781925519	0.00184953996679816
0.96022606969203	0.431778574052659
0.28731072523749	0.117114127235358
1.02306048785137	0.521963789640763
0.961670538024469	0.425858702754401
-1.29991154910279	0.469400557657009
-3.85510402821511	1.54057346679829
0.367826236416752	0.182172200913064
0.550685106414178	0.205185616059447
1.02017174785333	0.522247816480081
-0.943811087564307	0.402669177067316
-1.50998670364107	1.16604509917863
0.601519518808654	0.353790478491726
-2.66106390216423	1.75941989190993
-0.407965893488036	0.163470200179342
-0.523816790406427	0.342265220400539
1.3984680937866	1.22135029535614
0.84860926153391	0.712892625893062
0.0240981306036651	0.00964939224123911
-0.629683643727555	0.239999240308558
-0.143168591074689	0.0793444576132599
-0.101773000480635	0.0351486041878193
-0.543605543632776	0.239760841011578
-0.0765299532820046	0.0365749710535797
-1.18318647627541	0.587277128041659
0.0867326706898943	0.0284910776675993
-0.638780320132522	0.239756033006214
1.43807927498435	1.1494291017808
0.000574048463722289	0.000537872963617571
0.0752069304184286	0.0254889365241711
-0.67708379630537	0.330944618832959
-2.33572526489169	1.35598123515929
-1.29991154910279	0.469400557657009
-0.272933252641338	0.103856338851174
-0.0967443265458017	0.0330846069883817
0.155964922595239	0.0669222616335728
0.291278562418235	0.112450929025995
0.70276099356488	0.316435633135711
-0.259318714309432	0.0984841630899884
-1.29947634475096	0.688731007015168
-2.498964405108	0.767925687647617
-1.62178763673013	0.694441352855692
-1.90436214780629	0.919088992717046
-1.77980601081645	0.769669729573342
-2.82800405415571	0.916370270350291
-1.06435890371919	0.503476135520827
-0.260771242325509	0.100357884316154
0.324329385368054	0.0959051461273956
0.879022206987936	0.333185790829705
0.304122949888655	0.107086798187406
-2.82800405415571	0.916370270350291
-1.074876740847	0.35938944910669
1.29683099971579	0.487533768168518
-0.624376378080157	0.231443819645008
-0.941719263274633	0.414528834210533
-0.95435631424482	0.395656827216743
-2.24754270881949	1.22936056093153
-4.30780082349972	2.09029521121432
-2.02018821368826	1.01870634072816
-1.47267812930859	0.561643230655865
-0.38610372809081	0.18021676428178
0.275415219897856	0.12240816133677
-0.00470410013639955	0.00225679910555468
0.275933340699788	0.124048486568378
-0.490693667865221	0.284898604733733
0.00988398501533402	0.00269365248353356
-0.943845967547135	0.39645477574298
-1.20814521399558	0.594797710759678
-1.63057775901101	1.02400097804423
-1.07121472224422	0.502250353392386
-0.249363009986536	0.0755030858710947
-1.42874830478739	0.780539564456194
0.308862202465401	0.12450562753104
0.793439395455003	0.394750794415553
0.0911859666411709	0.0307413671123229
0.558288217783157	0.201173707345622
-0.410735383968308	0.185844943063066
-1.88606333250934	0.89830837442401
0.276150453822293	0.124473461133428
0.439088232474619	0.206390617371894
-3.50424787188215	1.33990468054318
0.142569770823471	0.0627889928022279
-0.941474143082628	0.402266242725274
-1.18805289460143	0.592991427083164
-1.46015956548501	0.574745191187339
-1.62045348751186	0.679851945269459
-0.619367207616931	0.228686224585603
0.270467724305567	0.105579837142461
-0.145017476066918	0.0592274556657114
-0.458748047282987	0.155922908862471
0.555314719298322	0.20529632658328
0.706413473054918	0.306752896651294
-1.07870097281678	0.366219315775194
-1.45910335908348	0.580923693024047
-1.61762799786025	0.679416308852116
-0.0952197919582271	0.0324071016242998
-2.04783485499909	0.571093548500225
0.285196888704449	0.111546576983354
-1.51822972508782	0.893788370215007
-0.300519748572467	0.180244832811439
-0.165974787698095	0.0667657138699714
-1.28019402692736	0.783747259693293
0.529879102013944	0.278838931713284
-1.17876651634416	0.56004830784626
-0.706241861634645	0.404857889759171
0.0424979597522386	0.0193854508641281
1.77480976620098	1.22475257396169
0.013624918959194	0.00657437884481862
0.13259563581574	0.051167419788208
0.255633947058359	0.126850491817241
0.129785913487517	0.0500163349659729
0.14435316463956	0.0624743763425612
-0.106818242112858	0.0334078601001917
-0.791342606746513	0.391218986303581
-0.799734826256622	0.316679906352724
-0.295364686132398	0.131713441387632
-4.20949089386662	2.02694769444339
-0.833971476168581	0.245682096121293
-2.83249128745503	0.934154025578548
1.88038914482564	1.14205818327859
-0.657785023827934	0.228484908423688
0.492973153792125	0.209022087263089
-0.0953446057041925	0.0333978383032941
0.157481751410368	0.0656548950074028
-0.5223760081113	0.140414884928745
0.297158865170126	0.13471160252363
-0.662815790175031	0.312548711629668
0.0795744037286716	0.026061630695461
-0.237974788674939	0.0750087781254484
-0.52427974030057	0.136106393131316
0.475415857825824	0.199145341275644
1.49837382563411	1.05718026339123
-3.09758000874198	1.09367827811836
0.00713763059336234	0.00212611679198555
0.961667817590737	0.447021746624851
1.55309474395384	0.983540661400047
1.38427123595822	0.453531705710845
0.426672685731598	0.202573212068313
-1.28962986610511	0.477635949130163
-0.927853882103122	0.406350556748386
-1.08107581042783	0.507261087885173
-0.839439651611475	0.246914268305005
0.486071138452092	0.202520445895793
1.02418023511339	0.53395658851542
-0.278623482142032	0.118319879022485
-0.548463997447534	0.232732457226733
-0.618043476906122	0.330121930701138
0.517332445120683	0.27043330836302
-0.07820066788142	0.0391117683610714
0.306317057720736	0.105234806415265
0.908630482807753	0.569110861156814
0.255063378649374	0.135255755411386
0.419676027536277	0.189148710467782
0.48686043940812	0.196410929815968
0.278439216821861	0.126846173319108
-0.020821953149992	0.00778547438785706
0.612554505401945	0.351909542796826
0.649637758214527	0.41488463932832
-0.543190178561474	0.242550106752969
-0.155486190929353	0.0651382119305819
1.62324826100937	0.888528017439547
0.682199699974233	0.365492757599615
0.856498849828022	0.488826725225779
-2.83831477399794	2.0789499989962
2.33596721372061	1.46547883446145
-0.40639214887223	0.167690896597002
0.301859405098215	0.120580060078142
0.850565152128512	0.478214778750317
0.116935208572	0.0433803524194006
1.03320198443613	0.528679481342278
1.62189995002579	0.917474274111926
0.563631405712644	0.204088819764702
0.523128149374213	0.268436596582774
0.710433719360648	0.3055805380513
-3.32488003028897	1.22287774231669
-0.0808667504886596	0.0284046400379507
-0.248626643728829	0.0772664229818247
-0.257110164509013	0.0938051847166088
-1.29611633134529	0.681220928135159
-0.628767350822917	0.308615394455438
1.38488871141273	0.450211777140325
-0.241869883769564	0.0770838111994731
-0.0826373032703219	0.0285121873407983
0.959697638141443	0.437728769349841
-0.423258914912032	0.176022711459395
0.304004768833694	0.123998974144084
0.955991317115208	0.435785240388872
-0.442435360259396	0.151935661114471
-3.09854591945789	1.06489183316454
0.88329121910934	0.314416857765885
-0.944502253540707	0.398325908487516
2.36641417563895	1.10899916347087
-3.81884519419511	1.60019183898405
-1.46117270819368	0.574580522286654
-0.414084354510681	0.169509687794446
-0.791116188027461	0.393871568882057
0.0779828916105857	0.0263819199755362
-0.262441646961938	0.0982529770962567
-0.787463614357534	0.457303053595145
1.55377816541604	0.937091925508373
0.840459694904517	0.66267805753604
0.693001923223395	0.394114960458925
0.517983024738765	0.266884667161001
0.132423961544247	0.0581184035385471
0.456143460176399	0.249830429661335
-0.145737316391736	0.0595560314371439
-0.106566471069748	0.0236156238664408
-0.673118257332562	0.317064867562735
1.01736276358997	0.540323171973952
0.337522726019895	0.185887259246495
-0.0910106160944187	0.0309311917944662
-0.445999133167541	0.153082157896496
-0.0014458457237306	0.000253140656383272
-0.150320697748389	0.0613665550428797
-1.40846765377633	0.789301108954876
-0.021312460611491	0.00817799610427319
-3.81918727481022	1.59423504555658
0.157668765497923	0.0677321437279112
0.705809600979599	0.298254704839124
1.49392896799398	0.969988655503019
0.869394976750458	0.327217369320998
0.608863415981462	0.296976640889753
-3.66849751396212	1.46463830117178
-0.898782545452175	0.477933849693865
0.0130716104055906	0.00546368803264661
0.437010571864612	0.205299275830688
0.388837200490498	0.203217086073726
-0.78770894730103	0.394031546131082
-0.79151610357604	0.312378726328044
-0.2843468523331	0.122533988868026
-0.0859751677516893	0.030298707283261
-1.07556842564702	0.491068123644625
-2.01584035999532	1.02017794385861
-0.414137342960897	0.226063541309969
1.28235485347779	0.603258924354418
-0.444094048691402	0.150722139392657
-0.469151507275135	0.157502513476142
-1.78513054691832	0.78032025692003
-2.835854011812	0.903413592096073
-1.46794888549671	0.567750277619328
0.00281303531650077	0.0012048247133442
-0.62864512918537	0.23482064188399
0.327234837391916	0.0938337212474048
-0.440273188511385	0.148150643109314
0.117922595305759	0.0463965994708349
-1.89701671545577	0.903788745418966
0.306560007608158	0.106939601876431
0.87581115296427	0.486888270155221
0.34797562011279	0.189375511023018
-1.05027898970828	0.756772816727238
-4.5879553502192	2.50711514832668
0.731914406203483	0.446657660670246
0.747403071118653	0.451601532666709
0.247346828352045	0.131250766781823
0.705527777608841	0.300948346694994
1.02132394731887	0.531556839975936
0.440968369292393	0.208420439144489
-0.66359771256721	0.321599774464838
-0.932844259541867	0.689485740242077
0.0199822022234417	0.00820296643372368
0.27692359424629	0.128070621823872
0.654101203019966	0.42265606794851
0.603060031899363	0.36485418641974
1.94830991468187	0.776924966798475
0.499016555758745	0.20865290524038
0.423893316137249	0.197286630816431
0.334619478533299	0.196458104696846
-0.317645974788637	0.156309166564383
0.872660843672905	0.477868286375135
-2.13549778471955	1.12963863697139
-0.67526205980755	0.310999165172279
0.549483397108133	0.294452289410861
0.523181777728189	0.277222201448905
0.536861714834162	0.337305726683945
0.611181449426265	0.300832356505649
0.390076294791276	0.200547249164244
-1.46496086183775	0.589774817651462
0.308265774355371	0.176342290799343
0.140718255879222	0.0609938248619275
0.352096561384557	0.186228032334765
-0.931830976114029	0.414474744186308
-0.0432433737010085	0.015926456857014
-0.241922827453425	0.0749956807265483
-0.462604539346233	0.15639387355092
0.310732062123924	0.124012679185873
-1.27729466356212	0.463367747774768
-0.10534148159083	0.0361440074930895
-1.29214762277513	0.47638735952852
1.86817939209545	1.11522316989131
0.319013553204546	0.0939803950694869
0.51917801063449	0.268846547767112
0.953167110955921	0.427246026470426
-1.62331925982069	0.683986905498861
-1.62546258423917	0.66161983777373
0.956765991065346	0.430301205466188
-0.094668565138134	0.0323361037256597
-1.06486448579633	0.492895466079247
0.558997825349389	0.204843676173057
1.26446835064006	1.01328652875338
-0.937994128079388	0.410826263777398
0.556080129440135	0.205787587423881
-1.61083363213657	0.67283194400067
-0.395189018802737	0.185711727324062
1.29781435663495	0.76556724899377
0.393825676085575	0.204193475366084
1.71489333984251	0.77072952989186
-2.5279378636387	1.64567695400606
0.70747537332535	0.315828587148491
0.135296322223117	0.0517473000037656
-0.0772778455623043	0.0416289885545321
0.972484124429556	0.757337865151649
0.386037410975365	0.202752682448746
0.087351560427361	0.0301077556828073
0.539550668350184	0.286245536911701
0.251834126421852	0.122772997461857
-0.401114718017832	0.159326753920004
1.05912066451516	0.619023008018718
-4.08336847037813	1.89161096028853
-0.94117053478253	0.403479060225369
-0.273684328865363	0.120891607274493
-0.407438705235193	0.168110848479858
-1.19906733459933	0.6075351963294
-0.0250521172463098	0.00907865650829284
0.144467638740623	0.0741545787970399
-0.404065878845328	0.169920189288236
-0.256553349741934	0.0958638060179816
0.242765687817625	0.128556434240608
1.09680323918081	0.893450033524579
0.551420674311984	0.201203412943521
0.30741388467592	0.124732501961723
0.915015412163716	0.589675708657864
1.2536235577806	0.985195969895529
2.35666064728462	1.13651075880581
1.2870281234509	0.68905189123312
0.693801110169135	0.373869100501381
1.02164911803136	0.542361996866053
0.686989906653771	0.482466195076285
0.397807589277321	0.201829535319073
0.240935691997123	0.127051291879908
0.027702938204044	0.0126546500447396
-0.999069212225836	0.576338085488928
-0.409831099192127	0.161602709663937
0.685903522467449	0.289586044177702
0.293066065343241	0.116870994946288
0.00735778258142876	0.00220952642480193
1.09057024609168	0.772318264293993
0.0058297042657946	0.00183122000694304
1.60704274979385	0.867384187104589
0.315904858319612	0.0906719899454981
0.0766817268564704	0.0255324999921403
-0.676742592256509	0.321833674280477
-4.29959820194526	2.09243050836241
-1.62860152720331	0.691267325060448
-0.44387350269083	0.147700336899302
-0.404065878845328	0.169920189288236
1.28661609640444	0.662153918346389
0.801162286062466	0.402174334063005
0.737071805186978	0.447776224624024
0.141862448146257	0.0612086343866379
0.381914165280316	0.19081668609836
0.777383035622079	0.521206217373852
-0.550965475342407	0.243233584005618
1.33394252820773	1.29487152288538
0.162981808583318	0.0776219088664798
-1.78238167408455	1.16400842648856
0.601332144170603	0.440293417275007
-0.254706780156995	0.14008195227555
1.42790971925358	1.17345916786016
0.908364744579334	0.556877605043754
0.00192666057133729	0.00107141998493373
-0.251511309584887	0.135654820920707
0.124123052380929	0.0677764207617724
0.460681691016044	0.266494814305938
-0.411135396989534	0.196381670069082
0.135245036328005	0.0722029187419849
0.555125338689788	0.36539071857218
0.25611760096036	0.137182483098938
1.87575888079673	1.17375541666662
0.600014338228977	0.350785966519999
-0.0290588010624748	0.0106240668383228
0.0919488298267001	0.0427055182010566
-0.392744604151413	0.179812857051949
1.06773669720856	0.615729196488356
1.02339591881587	0.554001529964476
-1.51627954824206	0.899932582911452
0.693534385827762	0.381027561355475
0.00639426220562561	0.00281131258956838
-0.18519520884369	0.0939246201390111
-0.124068117575539	0.0649889707119454
-0.41527378688725	0.197721883295208
-0.121791408456457	0.0643400707358784
-0.543371611287505	0.242859703809782
-0.0886657964822129	0.0302288663972425
0.250431459590759	0.122986584039949
0.51633095349998	0.355761921539919
0.587458255274525	0.492599199128456
-0.10490868039458	0.0465494313899931
-1.40773344729348	0.772008460061571
2.01770875275268	1.85289654020561
-0.259818219926943	0.100372823156486
-0.727232281186323	0.414788120910824
1.36395278497844	1.28794761227975
0.120432545400234	0.0460653154275508
-0.160034234881464	0.0958261443948616
-0.801903039945917	0.412182247801752
0.429304690296914	0.263367262739289
-0.0657545231127861	0.0350604876936171
0.0505882280121877	0.0240148292632762
-0.175614747924283	0.0893776725083402
-0.803096468998549	0.323840661974424
-0.448797325089838	0.156531394094799
0.00617489098700957	0.00188984685649286
0.468736757887028	0.266788394502675
-1.88706003428689	0.890655136850939
1.04975098547633	0.62961440323468
0.271279819603702	0.131741527341497
-0.420166502439681	0.168874805219363
0.699015716345993	0.308780338518715
-2.0068921435449	0.98802261668936
-1.19009860817236	0.590207710158313
-0.266226384574249	0.102370392276718
-0.554988425237309	0.248028570135575
1.28157840696811	0.703130636621567
-0.947493857667218	0.414395809679683
-1.19811483638688	0.914845209880117
1.22263583694855	0.983917933606618
-0.732245081216968	0.416953908503947
1.18712830263843	1.10122875546315
-1.87175088305512	1.30078026147831
-1.06500996059562	0.481215426891146
-2.42844298962235	1.40036429907792
-0.612560778708548	0.334629841383169
1.77975086478418	1.24103075715306
-0.77981696232756	0.389292671936792
0.95825409471092	0.435655818820448
-0.0273347978220418	0.0103351856661098
-2.6671235071832	1.79509837387316
-0.446972286186355	0.241123815184003
-0.0619613437545	0.0316536432034824
-0.539351507200017	0.244393747783388
-0.410181195552053	0.19495371055449
1.2824270592367	0.689720662629356
0.260402240621458	0.130261762312909
0.456067858704552	0.257090757084215
0.129462265303411	0.0482582848507853
1.01708599678945	0.523079058537659
-0.646987710870736	0.237932273786313
-0.302452540600534	0.128830958897662
0.583352227648196	0.335869749635251
-0.0325333394791483	0.0120515023717554
-0.0823558564419903	0.0395912179831345
0.434261212008993	0.258170188164737
-0.545614689496123	0.237474700498594
0.283966370556149	0.128573220952844
-0.4206298781111	0.170704445532364
-0.0974732041794594	0.0343241224330076
0.0159671133406535	0.0065373457160052
-0.806414370146875	0.500866792192507
-0.401637993401083	0.162670634913034
2.05096751680957	1.13399378488512
-0.00408046528969837	0.00124007043492791
1.4625393750322	1.07101808253665
-0.780255828342259	0.401470266776098
-0.100812513052783	0.0452320639760272
-0.0902843361220295	0.0320704264189181
0.50620804141354	0.299621615427709
-0.78614610257882	0.391452256841188
-0.668769655051037	0.316251611626877
0.567850763511245	0.467637610079615
0.913337410756697	0.569566330952499
0.237997751437686	0.164735291173111
0.101340971302541	0.0335348861374505
0.128986593463952	0.0685574567545562
0.487217620165528	0.205332723067472
0.395179429107624	0.201292154899598
-0.161443981242835	0.0648302103553169
-0.0660545621139449	0.0313310416800768
0.257857175915408	0.126646576454881
0.896818056844033	0.567602243328737
0.899859592960804	0.559746322074297
0.685018499105411	0.471273167570762
-1.17856024414263	0.579223237775337
-0.622328964810778	0.23417735226982
-0.618999941686363	0.323562300455508
-0.0912403220757119	0.031659140997342
0.552752180515757	0.201672651763843
0.308661672831289	0.1248484556131
-0.564380796679571	0.24303212236647
-0.562765686437537	0.239942032947377
-0.639504509089905	0.241803406618579
-0.168579452298356	0.0707036993269419
-0.360296589520358	0.208897418235301
0.536344122808319	0.374086162939169
0.855337734916457	0.47834879117217
-0.314218034878797	0.159764041551392
-0.439179524539545	0.262986120989422
-1.90953274780338	0.89794509968682
-0.913126063772361	0.698189202500259
-0.354711748111666	0.203063007985079
0.708773151940359	0.547376931292159
1.10121642473968	0.88017213160995
-0.912886737148559	0.47620332055585
-0.0204002686104393	0.0104418263813634
0.162407415275602	0.0759054844002819
0.295133800080927	0.131091867556897
1.0782345721886	0.81714380470919
-0.214738370215923	0.102516168057357
0.698643742181607	0.480190711513283
-1.32848164740245	0.797453750624201
-0.883134291949697	0.567859158973745
1.45421812928091	1.52456499710297
1.33805739109305	1.65043955034362
-0.412385787163262	0.172489127123721
0.614080062777143	0.298889009239032
-0.418900072783646	0.222345229906626
-0.0140299914978216	0.0055344208364252
-0.419267212423922	0.172593191225792
0.437548958257838	0.208659755956165
0.132524640361874	0.0573585155609607
-2.44270314029409	1.4632693133953
-0.0450740983014122	0.0227251098197063
0.821206734829844	0.60941928902162
-0.271583318902252	0.102774989599489
0.73682032022794	0.4460559117597
1.9782324158603	1.56863623430416
-0.169652615430708	0.0675557281898021
0.0160453672008028	0.00752981637893847
0.476801169422614	0.264683121988111
-1.43070860301939	0.798290807456336
0.0980373082753858	0.0565278132088134
0.772097726696207	0.687877755204506
0.520069367469993	0.322033288066039
2.63848465143401	2.50256790432331
1.77441531016434	1.91836198625652
-0.218440635646655	0.101943891299583
-1.47476326741356	0.579327434695538
-0.51102410207037	0.268607244362369
1.07986410774593	0.820410377294168
1.00967739168508	0.495886213602788
0.710938839392756	0.502549797859536
0.74897110829687	0.61768795808849
-0.604149568958552	0.367394563733961
-0.100785861787421	0.0348755552315201
-1.1130757576849	0.822986587756651
0.309695606890941	0.205927259861531
0.384286796104239	0.24904525165095
0.0127249886701403	0.00606948915979157
1.27175489783083	0.930223891451591
-0.0324109569417885	0.0176535869534219
0.3408277672111	0.186822992419027
0.533305479999493	0.387611175305623
0.0138323337486188	0.003773407021755
-0.0881340357611292	0.0305183483976039
-0.437483052106694	0.149022159336257
-1.56290138175819	1.40672938819556
0.435159370404179	0.279340753205377
-0.416523235032882	0.171713637273322
0.031753299934468	0.01446623095093
-0.0201912181555805	0.00778708132534848
0.294382385681986	0.131019240982259
0.491491542088575	0.382779352127886
-0.0673458747005376	0.0339228654743014
0.694678296129868	0.466773275973351
1.27888560844302	0.858429400180043
-0.930486662858475	0.402401855478477
-1.16917278224972	0.744762418140071
0.430528092642881	0.203615322598863
-0.271710012948127	0.120151430992047
0.111198225703716	0.047006828026155
2.93427773911018	2.58667886675811
-0.123095880222212	0.0658502258253501
0.434335498324064	0.200313445416788
0.91065315651472	0.607307314664331
-0.0719402261586475	0.0344515362385497
1.05982323974778	0.645692949516841
-4.32438492216738	2.17845781745614
0.280139836981963	0.124674520970989
-0.456236168876026	0.155609177195223
0.0205754681484222	0.00866527678646917
0.0880027565529773	0.0302403794085734
-0.32567257315561	0.16451760032413
1.7068754301512	1.30773757097829
-0.892580886742364	0.476169869288393
1.0861140482765	0.893287704644127
-0.65464733842207	0.302475165591841
-0.885591761489606	0.450221185954504
-0.098210247487165	0.0446602316381735
0.122528399637419	0.0473630352562185
0.280770495461128	0.126715836500493
1.07893217057496	0.698523261026814
-0.665075709435163	0.303398402764942
0.710360591428888	0.313646562678378
1.2409398419825	0.96050436957775
-0.342413949945846	0.194696217791196
-0.592295551456471	0.362737219742009
-0.1059981441146	0.0453790415625459
1.09290322884713	0.787898147041776
0.419127606525612	0.239566226628096
0.95475147318128	0.403109690553433
0.48678692915222	0.209894586855647
-0.190328119150734	0.0886202250714665
0.43764894856255	0.208332570154453
0.78383415477285	0.480886588797156
0.420467480619195	0.244701643857733
-0.778107567391049	0.399064944192527
0.427175937348361	0.194556586874691
0.356657499997323	0.213464317271349
-1.07220295489532	0.500637166723139
0.363918460941737	0.198809836781116
0.627282255258422	0.472709906126866
0.709992889149322	0.49250358511158
0.350791571277788	0.236714760730227
0.349090190392772	0.24484604256997
0.0387645203509454	0.0239365168881163
0.527231929300728	0.276128633994844
0.268079720214414	0.168164213171236
-1.08288551177685	0.363296447190239
0.370145278274273	0.20618322757971
-0.145817098006148	0.0799987437048635
-0.138856701090871	0.0748404942426882
0.251754168661339	0.126538626931948
0.651694049643861	0.420593082849072
-0.952833966592184	0.412134396766194
0.704007495674694	0.307133694930596
0.864345452449622	0.467118520570082
-0.414481686852318	0.190559166071775
0.0132810540892152	0.00551158884029946
1.93714531214761	0.792674531596657
0.615421248831752	0.302442618458113
0.323780413110012	0.0943043436593769
-0.91468744110308	0.491079100832185
0.615041987554869	0.366644495214754
1.44762888467995	1.05531847000604
-0.780782210510504	0.306494929002279
-0.619107158659622	0.34175081865257
0.293985279293878	0.103299517432334
-0.173812013586825	0.0876794053368471
0.605507978811981	0.401687601069292
-0.270267225625903	0.117509379622757
-1.31372630463575	0.708448230837552
0.716364739059111	0.310234964741811
-0.400421177974918	0.20924818713499
-0.42303840007857	0.190009796927655
0.160160722598553	0.0689998081664577
0.707765125891223	0.304753575884106
0.477027295781515	0.193331617875162
2.06625473905202	2.30895086692279
-0.542642863589137	0.241700971476862
-0.995219038678278	0.66636145144999
-0.425070121647013	0.1737336892095
0.493321253322526	0.205469642035507
-0.40906932032229	0.165038206625804
0.923214388757635	0.629049734328508
-0.238378664762337	0.0736408442257595
-1.46020281966071	0.568046754056652
-0.271583318902252	0.102774989599489
-0.194473995338451	0.09729392562146
-0.777849260593021	0.400486664597989
-0.55844666389896	0.252769843629777
3.2139835035622	2.29182817889018
0.606089392676534	0.351241671289655
0.962692978644185	0.437386718103106
0.0135684766576594	0.00550923905039274
-0.250042921130458	0.0953800773758432
0.308695712500692	0.110129111780495
0.499006536253906	0.207096726121796
1.9358229219252	0.791753670430818
0.974236117063661	0.789481997718875
1.25075361200869	0.909166270555386
-1.12376555622972	0.671199042506418
-0.983692907878381	0.648913378324052
1.2716051988551	0.901550395395984
0.414331987349986	0.250683542870214
0.139876946400533	0.0611373414479355
0.290531525987118	0.13062345844816
1.27248116938125	0.746454875093382
-1.12414887910547	0.83156696337845
-0.595743655952557	0.390305578427847
0.663081019635257	0.441757931510806
0.535433405949773	0.286855978751561
0.403949643853803	0.278398781764092
0.543630149228435	0.342929441887683
-0.254480650793511	0.0983490997546743
-0.827509018985055	0.248646107200568
-0.210842736150381	0.102672927774949
0.129415781877286	0.0497982116565796
-1.0014424783798	0.590931631349755
-1.07868953172486	0.488863404475413
1.26867067750507	0.990130246864792
-0.925210685934305	0.394185213051064
-0.414392042550128	0.172499943254464
0.036635393674312	0.0167718100467558
-0.904332996297863	0.563667245000747
0.0212240135800673	0.0113234208073254
-0.451040345468566	0.150552727367628
-0.412985597754073	0.167316681604901
-0.154759208091807	0.0645201048741613
-0.248560884301615	0.0946976476980784
-0.668545215365169	0.325058471748364
0.053194117544521	0.0272153090722684
0.94654652076113	0.742393301119325
-1.81766766435325	1.092616441194
0.144885612131478	0.0643646687647492
0.60769463387217	0.295585287133803
0.734441210500691	0.554544904565244
-3.67655613530484	1.4837106788346
-0.408519719851219	0.157094172944281
-0.648477184839808	0.235057636161144
0.865577139467091	0.465960388513697
0.395191500420808	0.199348452568288
-0.24418614090972	0.130328814688277
1.02166065818763	0.531643567717411
-0.158572211014233	0.0656772428144728
0.0926386979383656	0.031892603661031
0.491310629212473	0.20412862336278
1.29134196584949	0.759240998362999
-1.77993758011611	0.754384238561669
0.268196521085152	0.119603463429335
0.142509166490205	0.0524553132645344
0.913139957528938	0.589834480455874
-2.34777954996004	1.19155618038472
2.32104497948564	1.50812791465619
-0.422836762786988	0.176234073478362
-1.08568847280481	0.502996666768135
0.812471752268329	0.583393897848294
0.378300344602154	0.191341202164663
0.703765282336239	0.301592403321849
0.788658774079633	0.541411579218114
-0.0349433100288776	0.0125758816263711
-1.31639860959923	0.700288978945409
0.616014520564504	0.297418531927507
0.703830732024401	0.307979817972456
0.787008174855597	0.385302596423679
0.695768773705765	0.377078602100075
-1.10413157423411	0.64383273930444
-1.05997544899975	0.493158074262209
-0.918632721208439	0.601692933130352
-0.0668769696377694	0.0311180308467832
-0.234477351455609	0.135051574942522
-0.674509562700338	0.317997572481901
0.138280225335373	0.0652096263506512
0.102869204234923	0.0442390710102616
-0.890199053669902	0.469092337489592
-0.547907517862039	0.242492040382948
-0.127183000620738	0.0551612332037604
0.0305832086612614	0.0136379208390853
0.13530760014542	0.0742464559803709
0.36014834725418	0.192946597339162
-2.02321419782556	1.0252133827496
-1.10654754813253	0.337177414173739
-0.621811185635897	0.234126260883939
-1.50476432819545	0.86143155541044
-0.594145641480495	0.316538616402025
0.0866080968347163	0.0291212659375777
0.866553867200699	0.486084217544878
1.25026132593112	0.990902924586128
-0.0379030584790103	0.0139075319377008
-0.734249627555777	0.417126304652728
0.428921749244469	0.202582360215744
0.0827248568282804	0.0485336010757018
0.707112281819743	0.49307344785827
-0.893400704711138	0.465958702232653
-0.0911297553928261	0.0423036075952972
-0.795012917681561	0.318916030750128
-0.964728447865205	0.653289800077518
0.38553793332106	0.19109303711751
-0.31095431039859	0.161377626855022
0.366521373609716	0.239179136684263
-1.36850274647259	0.985473905820821
-0.158320953915273	0.0628460743794356
-0.805138506103912	0.328344166912452
0.781194382110755	0.52305620693674
1.25779877895767	0.888677285861776
-2.03301088111223	1.51909961700072
-2.13779057115925	1.12096693726239
1.38466540856927	1.20080397968077
0.800745570643222	0.540044644887475
0.137461567311146	0.0599148377765773
0.599269733698326	0.345751642551857
0.927122058063313	0.642324193927074
-1.07355480066119	0.504994377710558
1.05605860230262	0.669535760015011
-1.52609493819664	0.916876878028877
0.481466468547051	0.196940874990421
-3.50766607864638	1.37426814117007
-0.0871455724222255	0.0424421265920208
-1.18878708146489	0.59549855631434
0.301549542760342	0.120152528831671
0.0962032533574306	0.0317511006676715
-0.255581182867714	0.0993910615227828
1.43901107742405	1.50073339775165
0.668541850132711	0.569922828741349
1.09098534922203	1.00940491960978
0.930608036366334	0.63995748337209
-0.589704790008264	0.493402748351173
1.09112065551921	0.687028493783293
-0.117359278932028	0.050781499232264
0.85976409008939	0.479507248280682
1.05625639041754	0.618021040253064
0.672753783319347	0.369007264527289
1.08898289954007	0.842402497020317
-1.18856619713594	0.60333882946319
0.243720866442274	0.137745530524474
-0.0882295320261274	0.0386125448367117
0.636535398408441	0.47035984396227
0.429994779427056	0.291740106338814
0.264938825119345	0.171497240397777
-0.862526961512117	0.607610279582685
-0.0180854250831291	0.00704796907628761
0.0985118522677667	0.068856172237722
-0.318752107412809	0.19614690369012
-0.0676656387449051	0.0325116070973976
-1.89490374412884	1.35046686338501
-0.168271594010697	0.0871925027895714
0.319781666217287	0.095251523392
-0.833063405948399	0.254155985426631
-0.0978213193620585	0.0220638318542834
-1.28886622712064	0.480829304316831
-0.758382569006209	0.50876804112467
-0.203008231012355	0.0930502819232653
0.447900712887431	0.211784606527045
-1.40019764902114	0.757990013199285
-0.292197999141175	0.130269645712069
0.0826359688287636	0.0281433158874337
0.270077271535054	0.133806264643707
-0.404107283948718	0.1883988584707
0.963277593485065	0.42408295381095
-0.786834488525392	0.325201132114978
-1.19823019660297	0.586822493774184
0.687093373215476	0.379877335989097
-0.79193668767505	0.323740455554184
-1.10949444771107	0.654797783080423
0.00344644944561893	0.00166310734709893
1.280121057465	0.747694508471551
-0.16594471083448	0.068415697790661
0.567439669637161	0.300147246701567
-0.0868859180794045	0.0295717733548816
0.496556504478492	0.278597611895457
0.427908054019416	0.201504497326302
0.430606789982966	0.197707104972788
0.020575217840061	0.00518184212929662
0.303776484659036	0.129204971257252
-0.160871297937789	0.0664768471614887
-1.07847996742696	0.363856947530528
-1.62725348486991	0.670252700280479
0.485197669639357	0.200535787070792
0.907202821990361	0.618114474023892
-0.391165559222237	0.150615599359099
1.27269823158961	0.860942973488626
0.960744439582095	0.434515744995323
0.308988199970144	0.119763122762451
-0.887699577470816	0.480844679535456
-0.105829708374603	0.0357423094515873
-0.227646294685909	0.110592939348177
-2.43173382305639	1.48637184196604
-0.262169313751771	0.101141878235791
-0.100378142526833	0.0342901198178208
-0.782369161639343	0.39864299092357
-0.00691438413254525	0.00112247092835299
0.0910988889678676	0.0304750463093694
-0.916853303061631	0.585833071933397
1.98961690625181	1.75743456864527
-0.454192588978091	0.157815009929203
0.140026220507753	0.0624943847623195
0.443443707799521	0.203815754822738
0.631511163385145	0.402180867229737
1.76336417012521	1.24437157589219
0.27350360483674	0.130653075138407
0.1351919402127	0.0529187708827432
0.305474616579447	0.123107992621714
0.46102418659155	0.267012836160858
0.122949644571053	0.045386228045094
0.465410387689724	0.310919088247791
0.279225420648436	0.125475113844911
-1.62693070578776	0.683243061070472
-1.46496086183775	0.589774817651462
-0.51569595330785	0.264518125212379
-0.537002388847383	0.234882232080391
0.557538423079864	0.210347031905834
-0.53824242129927	0.240146443503336
-4.40703019739346	2.24912848966702
0.87138061161254	0.492120011227101
0.942193809706985	0.705362083835014
0.189681249710962	0.115360820611299
-0.418529096923548	0.167314807267193
-0.235759541131017	0.0743536615313082
0.12775387331668	0.0497551964450928
-0.639052343106136	0.236024144256726
0.0951724915673869	0.0315297019683077
-2.60810650662814	1.58086601193573
-0.669993775624431	0.3246209856933
-0.98722100519013	0.570438741564177
1.69170798452739	1.58850118124007
-0.780597875206534	0.386540875301987
0.516251202551914	0.271940562565521
-0.890703294741434	0.491127414939116
-2.03717146578439	1.00706190818512
-1.63188109750663	0.975482726351153
0.0264227393631457	0.0142336151469574
0.153168934957285	0.0677442463015093
-0.927301794432821	0.406121814588355
1.06866697617963	0.691529722340334
0.488616701937712	0.192975289859799
1.05195462758763	0.612544941709527
-0.432468714045586	0.254682384863406
1.56159291495138	0.978781285050563
0.917804921005387	0.577283783606507
-4.20671670479004	2.03071575373153
1.25002966175476	0.897769397296853
0.464481093644374	0.307279635599681
-2.43922927234036	1.49002225672134
0.124591555546685	0.0477565644944551
0.854508580722289	0.490153032168096
0.536822318932543	0.329538864503872
-0.539905432689742	0.245274948130555
1.01536526996377	0.527252380171683
1.93552598296725	2.17750920468393
-0.715785645012257	0.400963556345712
0.535268238769168	0.292814104272726
-0.176932512430448	0.10100684158953
0.858153384186608	0.46912785304796
-0.997136937632755	0.55253249113606
0.549921156253211	0.198233875452927
0.702757947426213	0.381282101091655
0.693302420115875	0.489038920060313
0.302965815991837	0.124066049924978
-0.243374819620522	0.0759703352600238
0.234413921804821	0.126063786417132
-0.627249213322446	0.239869750850956
1.099117382852	0.836850473971827
1.42437347942287	1.13287521269866
0.351082298349189	0.193444911106954
1.81103690755401	1.7942217150914
0.548235753538329	0.195411498445656
1.0886763920076	0.965327804313842
4.26373571181054	2.63383726282391
-0.623423237809093	0.236821055679704
0.426563619660025	0.200916926768638
-0.500377590368626	0.282822775073706
-0.251930876006009	0.0940828816270943
0.649680231717746	0.490832511019763
0.906647437131272	0.565730606777685
0.386710808658429	0.198991264162161
-0.0595996928475993	0.0282224889041852
1.5325364149178	1.47832358096858
0.545276801175953	0.34656227074909
0.221630267861733	0.128479956448815
-0.00878407571183018	0.00304613806500495
2.13871771890073	1.89308419396982
0.774440440150659	0.511851646637061
-0.495064455804388	0.366308846549978
0.0134355067859174	0.00568336507953347
1.69508077720534	1.91297147367401
-0.0507897554665534	0.0232947868747004
-0.516647670944974	0.257263708437963
-1.46826705863806	0.570175138551536
-0.272283213902539	0.119397194955175
-0.0957027096313858	0.0335605978005346
0.02767871075554	0.0110509653049691
-0.994762311512457	0.574358455374796
-0.514825534276935	0.260755327411811
-0.613285170566907	0.334137953626756
0.597873976275669	0.350378237332387
-0.103532886107048	0.0440111633879637
0.263012040378534	0.130520335128621
0.0281740044944659	0.0150412464014788
0.756585623843362	0.462045263926279
1.09235761044318	0.799440314222225
0.0290596938070835	0.0131524724103604
-1.49844198265835	1.16654291788072
1.19875151220989	1.13151663879414
-0.948459605977284	0.416351133330749
-1.17279966740161	0.748129941922994
-0.934718966249279	0.410013361817652
0.138249902775078	0.0760811257633032
-0.0535382582522405	0.0298494016285017
-0.881176131962749	0.549877633783487
0.0245969609024711	0.012713217166656
0.253332957998014	0.184142024552737
-0.629255475493598	0.437499922375533
-0.457071758426402	0.232985962266575
0.0260739698799323	0.0145740293549881
1.07077143773	0.993272169365828
-0.79449015379061	0.386333666702239
0.0381827801504289	0.0202224002429843
1.07996459504519	0.932855660307796
-0.879002301615351	0.442836039700344
-0.621920568854665	0.33547698550766
-0.17850084500593	0.0702300842443
-0.0145822108567371	0.00577552318570514
-0.0691356172228271	0.032301011409963
0.373173885679547	0.206186268844316
0.436430571123693	0.268997477022093
0.0257744841058512	0.0102038402091688
-0.0558636832354557	0.0275917566647108
-0.133922726405467	0.0551677653607079
0.434211236950071	0.19775293381028
-0.392392250404901	0.158739590972094
1.06390948754479	0.638942412896648
-0.656612657677784	0.463905942017278
-0.0765952009959858	0.0373527401705352
0.117840027336264	0.0486056395804481
0.788688465900561	0.538065456895486
1.69431085474982	1.5435648347563
0.445594583457134	0.206572590546064
0.302240621962535	0.121189050310109
0.648332216850664	0.41378609961824
0.536120388318259	0.332786247990804
0.687592716829536	0.496275436385279
1.26332512735929	0.807676450212488
0.312316436631861	0.107388915117986
1.24115052769194	0.910312303977255
0.0830366673809654	0.027826109876177
0.801912577509031	0.581373765382391
1.27970186197653	0.702508695930283
0.857224590852618	0.770858690952725
0.0505008943458994	0.0246921164097673
1.07992572562636	1.03250954768597
1.47827637106259	1.10536507652583
-0.416264014488511	0.228040977654508
0.513372501972101	0.272788717948273
-0.0160719522575253	0.00636137682565462
-0.8240675028862	0.510221572190457
-0.0477695482510346	0.0241126147003792
-0.281981329819582	0.124070921902843
0.595782846829862	0.352589817760908
0.0949229727904463	0.0633098929254925
1.03953537551945	0.599297456258539
-0.231399583822977	0.140781347482709
-0.249814295807248	0.0955308167807054
-1.62110135794881	0.680732230781001
-0.566838914884145	0.250599064592003
-3.10323230642891	1.0653082707597
-0.628836154068764	0.232442538085041
-1.19259861392704	0.595697141878966
-1.35053462277224	0.607079390752301
-0.284965671878397	0.125809461448145
0.286861051243031	0.116983625277654
1.10432587259489	0.864317994549018
-0.411456794006408	0.192667060715924
-1.75725538537538	0.788061152812166
0.686040711015935	0.37212673985243
-1.79503556991386	1.15743510988089
-0.0762803022991114	0.0363555684568033
-1.41701552797607	1.04007913994689
-0.560175002786319	0.247125223665213
-0.0184952394129127	0.00706155806979139
-4.21490329540095	1.97563305607759
-1.89352330955672	0.905821508503109
-1.94657631489342	1.41803518218786
-1.60651455578766	0.998730423890118
-0.536509575955794	0.257200487712659
-0.098199963631102	0.0433100119974783
-1.40108182766702	0.772194401319663
0.523948355575742	0.280493989646405
1.99633434877964	1.84929611188727
0.137790401546468	0.0593997852164169
-1.61049682744984	0.670773178890503
-1.19155401604747	0.58867659961808
0.708126734091799	0.315594292142489
1.5647739705957	0.969059830986627
-1.51348170485819	0.901443266056523
-1.05888286773106	0.490761669999646
0.931043130976469	0.671255753287039
-0.100630873298134	0.0231392113137372
-0.260029175172371	0.10064501268103
1.89184875294226	1.22037097835792
-0.151404643233853	0.0626265719421893
-0.679185338172875	0.311445644249797
-0.90385949327987	0.469453030020856
-0.105765161220439	0.0458761234909043
-0.410205025556285	0.171238597448119
0.0160545770394899	0.00419682354489619
0.660761736561967	0.414932671694212
-0.947860090670952	0.404388669859787
-0.181160577110446	0.0714217751946064
1.55804020433595	0.96374439816723
-1.63145642967464	0.955656924791512
0.270799015409056	0.121144459691458
-1.89205596923213	0.906829164460601
-1.07427595269363	0.507067572790011
0.00731340703961999	0.00327642346252281
1.26681193860361	0.747285875237825
-0.903494934818434	0.485126627326492
-2.23045270887078	1.21900353818921
-0.441861126721075	0.144807247039459
1.26483152267769	0.971021033298226
-0.029618236278911	0.0109961977476844
0.747765922854503	0.450731399421676
0.806476038222822	0.42112723617383
0.436060429349592	0.261592188544818
-0.17781529374659	0.0893223208840519
0.305373211709606	0.119336524944223
0.610199082959809	0.291330597681775
-1.34023751798138	0.918864768334932
0.541579867372486	0.335709340976428
-0.418206760403089	0.187936393431824
0.932661089356707	0.740530496352562
-1.0682631712797	0.493729185988412
0.572600253740754	0.381843600704608
0.363869373604069	0.19422318127893
0.21554904609707	0.12376153353275
-0.686882114870075	0.330017024952602
-0.158195883931696	0.065074849645491
-0.64655148139428	0.351064130526293
-1.60690729171726	1.00186767336467
-0.793036426280252	0.321231057348269
-1.41976756697591	0.809464063898002
-2.75803786067462	1.92387565364406
-0.670106107875486	0.319041708728212
-0.425016841134495	0.182357627459857
0.219400889878891	0.126730226446292
0.45806027218974	0.290963019036642
-0.404008451601187	0.169441717286349
-0.745441717266917	0.490292282745011
0.142932851625797	0.063521547835818
-0.170128718853725	0.0845546717280966
-0.151224761953915	0.0610242298820284
0.113579992702369	0.0482711987772531
-2.12738153866482	1.13172650673914
-1.4620176001365	0.565058381921733
-0.265032473415067	0.0992223758805192
-1.05143059058287	0.746248300101812
-0.169341194827897	0.0699230006662819
0.305780740910144	0.222520722478815
-5.06597023105786	3.38679860583317
-0.534848138604188	0.377509162153896
0.353978588395638	0.195026302007271
-0.151072028547903	0.0604693556835653
-0.456054362387999	0.277725294358996
-0.201831969366694	0.0972689998595436
-1.19443834101594	0.771950737377124
-0.665161618560197	0.4605575363649
-0.189814818129705	0.112775416653577
0.856196758500816	0.492766880059903
1.28095974069783	0.832474121333384
-0.51941352065172	0.338205545768042
-0.831974893269606	0.252927992747765
-1.63037089554379	0.992099163973568
-2.01720042002024	0.97176134030096
-2.24378425748119	1.27742162883481
-0.898625559059051	0.577593742670777
-1.04457105012982	0.854116048266673
0.235512712937191	0.130086823283343
-4.32548457981323	2.15175535170713
-0.534701909470787	0.265803238536004
-0.253491818306959	0.117021963392837
0.600966461759177	0.289129797034288
-2.90956596153357	2.19621187523735
0.313626941882936	0.183790323093862
-1.40161864343025	0.773698453452127
0.379301519395411	0.18387007618878
-0.153234884964148	0.0614017429845311
-0.454688822163917	0.337247069361083
0.0877910164299483	0.0300195073784517
-0.162713136180388	0.0831076977596182
-0.186406994910992	0.0760033918146188
0.00388808574927918	0.00182190472341423
-0.388265564791627	0.202569376491817
-0.688341708044344	0.454844437370801
-0.505568603361927	0.292504580511725
-1.09289725766448	0.99525799777567
-0.00782789073013555	0.00257546402966285
0.126646092596338	0.0611659886149918
-0.25156581181326	0.0951070587073571
0.593584924710854	0.349837037204339
1.25792549865517	0.932584184592184
1.05336218521917	0.62538578133734
0.29957636632387	0.12201939436616
-0.192475485461854	0.088664787725692
-0.822661969043526	0.463746822001339
0.45229274504926	0.211216548060318
0.148693045662888	0.0703747225344061
1.09858105037422	0.852007087659985
0.936789099746448	0.695627152408477
0.476603669081158	0.322239867634412
0.897087100749059	0.541615461541846
0.0414270709564989	0.0190601513016127
0.15772329582765	0.0685726897718279
-0.539630868988656	0.238441389752646
-1.30644936567212	0.691053538003766
0.780049765737377	0.503264360033885
-0.647879666085227	0.237045445362705
0.24328984322224	0.118770989999979
-1.19981553385126	0.604833623232266
-1.07858727700516	0.501867957804649
0.157478160451408	0.0715892569455315
0.441099507158638	0.203718794173287
0.600915649910499	0.295216153807033
0.271608236220811	0.11789789578127
-0.0148460199178414	0.00578784837050845
0.805919724905697	0.573103698924606
0.0181247258078997	0.00468894262539778
-1.01086497238379	0.587966770237185
-1.09294135310029	0.355687684751745
-4.08561555126139	1.84766071669768
-0.812032478508702	0.398571220035361
-1.77415148614487	1.16923464596718
0.141350600497985	0.058784023250746
-1.29899836538922	0.664270316088921
-1.30172550974981	0.698503783138307
3.09316500856805	2.68154881105638
0.466286442361681	0.188676325798329
-1.41176890642933	0.79136982079362
-1.4290322555295	0.79385433999642
-1.20814521399558	0.594797710759678
-0.0134264991695302	0.00486855550344243
-1.61590480413983	0.651206233480008
0.605856771530841	0.297935882146741
-0.25572691735214	0.0969211084358999
-1.2764685884657	0.818264394781614
-0.400996077715111	0.164741795778065
0.799066474929716	0.402017632022469
1.01435823808416	0.512781837195323
0.612556803353534	0.299270192415039
-2.5229964996873	1.64054808456429
-1.62232440324613	0.989490973601897
-1.19143529070294	0.780434265578945
0.136038391086496	0.0509656216974324
-0.154170467108083	0.0625389926629941
0.278470004555314	0.129417284596595
0.27797463704145	0.121050548955203
-1.07049481201127	0.482363895686588
1.62220254182397	0.906449369037229
-0.404695226061545	0.19902280591426
0.0409774272779104	0.0186145959953756
0.304122949888655	0.107086798187406
0.457637192974959	0.256828584928248
-0.631148959618949	0.342771744299516
-0.0251898538960525	0.00956720966593579
-0.150555212900835	0.0612857975771937
0.138035934328612	0.0597552897994782
1.0644045590313	0.621372155802816
0.00322655114038781	0.0015411849883505
-0.269762291051882	0.100932438398409
-0.314335128964888	0.128359571078198
-1.89313408079209	0.898954618073141
1.62127383628969	0.887866409911165
0.10888868335316	0.0488584034936884
0.762351306423914	0.466881205231811
0.144933095831645	0.0680952882758705
0.26753730542191	0.132911411362757
0.798232597475263	0.558969442995062
0.597770468581986	0.285364521490312
0.271555255040869	0.136302242495777
0.127261120733449	0.0649390034580545
0.80374352735515	0.406898891894843
0.321596831485915	0.0953901221130846
0.271721271703254	0.133745174076314
0.6606290716234	0.40739138161235
1.2558316850234	1.02030887343906
0.471730354295124	0.265030636189669
-0.0588048579697489	0.0266125642912198
-0.0202342510300775	0.00789800907000984
-0.0992489774048932	0.0470556254348436
-1.43824501056321	0.758844418965755
-0.794404924619804	0.314986827967631
0.973041629035681	0.446832477762353
-1.7736289183287	1.18347534114814
0.110805924883894	0.0635842490537423
0.142176021137222	0.0716620128698316
0.835287089139715	0.451031436920071
0.476992597267179	0.271757440729613
-0.0455411525290165	0.0163491300292292
0.740347209865021	0.437833071271616
0.150498133720547	0.0662305728114189
0.2754251400008	0.122681018441334
0.622795723611586	0.354334119755952
-0.566396063970609	0.249276686664304
-0.416314451502947	0.222852864627223
-0.902720650013278	0.730095533182501
0.0194737374375656	0.00975750070609932
-0.0915697467234966	0.0423875230391978
0.220912388365382	0.127866179273009
1.54163308392192	0.941313835565131
0.127429955272034	0.0492916279501651
-0.149082689076952	0.060597716664356
0.362018652389782	0.201502791445035
-0.156191746853269	0.0636102547134178
0.708211498814622	0.298613326950051
1.26103131631591	0.945718718135045
0.920345093510739	0.630928208642534
-2.22083670619476	1.16267415838151
0.871447306477848	0.479711701580941
0.762842904525282	0.451959678818034
1.05000967253214	0.597465382356529
-0.229987879487036	0.105282452481271
-0.254478054256091	0.0958175232165309
-0.105817274094596	0.0473035033204129
0.44478007828002	0.203563822266523
0.317960616992791	0.148884012126397
-1.07936017952826	0.655241420524178
-0.450122016779558	0.154816666035823
-1.31339843667659	0.705468261038649
0.253898685000775	0.127773518012847
1.16844661472758	1.20497830373591
1.26302032916796	0.928317988520442
0.0922481959261334	0.031852393202328
2.47862519766478	2.17903143573167
-0.151955576837962	0.0599990700014694
0.611072779209527	0.292472851785946
1.06436895587589	0.637352058831411
-0.0357742538165803	0.0133209645874583
0.300403021018753	0.106885910205667
-0.0933794756780366	0.0413268640544676
-0.29627381518677	0.132523040557668
-1.75134944946046	0.773354777526637
0.553797096475678	0.199555440872179
0.553797096475678	0.199555440872179
0.388604701535432	0.19913852245422
0.96709812224772	0.455936926321517
-1.26802254684945	0.841913714646718
0.304739178453704	0.107039717682374
-0.323581964778802	0.161631463189892
0.00412091573115036	0.00188689921223179
-0.0577226694389686	0.0292281502326943
0.577717559971488	0.385804548671241
0.73916805670531	0.603931342695214
-0.972203837250053	0.652836652391936
-0.0739995226482349	0.034716915519586
0.428518010313889	0.195003157131032
-0.0838477752549911	0.0391758346763146
0.727073278032513	0.428530448005459
0.51397930453197	0.266264639817382
0.0211904089990191	0.00868916874109163
0.0375017526514368	0.0195716756330188
0.488239050547931	0.206449729342678
-0.013387751181959	0.00525207714863607
0.0903237015813508	0.0297242675792188
0.421142226639303	0.189490607837036
-0.635303602003006	0.241959902735159
-1.47476326741356	0.579327434695538
-0.261948973038611	0.143206551236113
-0.287949800462505	0.123884900965166
-0.496246216076375	0.247468116093187
-0.523600860685469	0.303284923176026
-0.0783041424842509	0.0380637431914146
1.0747258487222	0.704641869597599
0.802480016193901	0.3993355554027
0.789227443774011	0.541293633857509
-1.20936020150096	0.597432978152748
0.964753183968285	0.437133648656612
-1.72179866870546	1.1081826875579
-0.78858354303837	0.396294126808191
-0.173360887175109	0.0882456857217644
2.48115764505826	2.1844265493733
0.140751616735839	0.0616704876230057
0.277754208921688	0.10985712219086
-0.549794440813967	0.236842580802727
-0.109118620914009	0.04882224598827
0.314000395848484	0.182945455255596
0.655463434185316	0.42190789292539
0.532120379169802	0.261591717832856
0.789918724128483	0.394480318633198
-0.562707361880814	0.244363478880583
-3.8354369420012	1.62503471722526
0.517965554813645	0.317521663904908
0.282771458028962	0.128795631059171
-0.158944779319342	0.06549283605682
1.91498798224596	1.89587969413584
0.0966217155263915	0.0317685870570242
0.743773196029959	0.447745796717982
0.47547687144978	0.273835449517979
-0.169133994553965	0.0710829844384242
-1.4655003597977	0.588266476209701
1.29502643467852	0.660761401035944
1.2643096142527	0.937698907488942
0.395145806797873	0.196711693490143
-0.0995641391253948	0.0440090771651026
0.266543437089536	0.134748861297394
0.965987262490461	0.809890441689943
0.82521369474161	0.635703848851216
2.00788594432881	1.82564841082785
0.597010112946863	0.291253859344495
0.550286032639515	0.195190037255161
1.80728505425328	1.75854233685437
-0.162385690184039	0.0652433387576612
-0.198185635445619	0.0785275971065202
0.661468855446883	0.420595648310302
-1.29226882261099	0.855910677016136
-0.0145410881527125	0.00562076890710176
-1.45421686388904	0.568575438155638
0.297182520548582	0.121107678572241
0.371732320618617	0.238661451571965
-1.89469829903457	0.892506810363115
-0.263551222397629	0.140260297652737
-0.337532059800448	0.172250249320204
-1.61193331497181	0.994261169418061
0.126670044881796	0.0497565709232097
-0.221164740198142	0.133469133256111
-0.0443091032857335	0.0223801002237739
-0.190567819652809	0.0972539061295905
-0.12146719841885	0.079504646136142
0.855440872715513	0.722146800016574
0.629127559655353	0.463265569448487
0.909547190874271	0.567732591682618
1.29087152963054	0.774316531494533
0.707143761072075	0.498426837206761
0.339391707792169	0.185430311957559
-0.732636754253534	0.427089996876517
0.484260519849199	0.297063337261567
-0.157311401224616	0.0653545849888451
1.0245089187185	0.544463722367326
-1.10113220785065	0.349670194467272
-0.517351938617723	0.135137025900895
-3.10447167066501	1.05661139143271
-1.37855256949683	0.369087290450251
-0.832884030316045	0.249681598941155
-0.247891491958237	0.0781066270572334
-1.07239798793769	0.358269457626047
-0.559046266160254	0.27631889230187
-0.30376100911793	0.132741383103458
1.27266966349847	0.774298448685107
-0.0914100204592325	0.0324642582411165
0.398832838015605	0.20012288398622
2.31623621252198	1.47323568597197
0.416936397911458	0.192798497586109
-1.07773590957251	0.364585466114807
0.308781197430096	0.120130097817033
-4.40938621042781	2.29204497916857
-3.9706675090944	1.75821571282393
0.25710257251877	0.126317507729834
-0.0212908063607328	0.00817353501951803
0.296444460825645	0.12045104675424
0.364339291329408	0.196083113280429
-3.83232766914954	1.63738876630433
1.47223407145482	1.10041262852261
-0.783207092307331	0.320218446459616
0.0114202123721441	0.00307192001957707
1.26127727738758	0.913687694078663
-1.28962986610511	0.477635949130163
1.28267376561747	0.671205441612362
1.04063729086315	0.532945107413085
0.121413266725841	0.056115050862187
-0.232034132008393	0.0717985129751814
0.0141979024473527	0.00593746992232833
0.599935343352567	0.295894339866732
0.491818238793676	0.20868766004943
0.12965287199334	0.0564582479256906
1.06720550962866	0.608409323822251
-1.60386107140728	0.992163056631499
0.8712862784312	0.334660303959563
0.486777255878182	0.208606453937074
1.5638112353767	0.98024471913656
0.389730065562532	0.201786078947564
0.801899439307064	0.409147456029992
0.292549665293258	0.134871526651948
0.47391941125028	0.200938116277191
-0.792790405953907	0.398693673271586
2.11970599482514	1.4669760399609
0.702898148172877	0.490124092006446
-1.18860949717026	0.594930384501913
-2.50013836544569	0.752963874303395
-0.444036372579586	0.153411790765877
1.6938378579031	1.32561347456171
-1.90131567857137	0.884056811839477
1.61086299421823	0.889160835790504
1.61283944304105	0.884050346520853
-1.62246158548029	0.951499800293863
-1.28978896715688	0.462885764615344
0.454994235355629	0.341355946205366
0.0912830416269887	0.0307626039244671
-0.153888745898724	0.0786828754512324
0.462441376110138	0.255968533813259
0.747629189450944	0.469701124188485
0.278492996760507	0.126849442842072
0.393343504974884	0.199117278469076
0.264565817906294	0.130831357864534
0.257802700891277	0.135355316795585
0.537241891280793	0.274916018395895
0.730897334014522	0.441461731870143
0.114879224204673	0.0436647072423446
0.312380518764378	0.109188278046217
0.128785519742424	0.0608073962726081
1.02339591881587	0.554001529964476
0.314671942949982	0.126636453098238
0.00901114148553817	0.00383956109045733
0.861977105392072	0.322438679957969
0.145847132344153	0.0683465827406929
-0.0830521825644955	0.040782307316111
1.08728237573884	0.774258677179909
-1.46227768975132	0.557704620739423
-0.839644646190034	0.246317573135243
-0.834152635363741	0.25296310080088
-0.231902249463905	0.0690277971400988
-1.31341906955705	0.70366211315567
0.28346808926225	0.125700138184128
0.310774980974658	0.106733697520563
-0.169861153335453	0.0684301875622624
0.289974468944627	0.114978126007556
-0.781538921660435	0.396430627601675
-0.445921187412261	0.153465254623103
0.152776759551576	0.0733309031847533
0.357126290640936	0.197709986690055
-0.0991570668214221	0.0349846242666348
0.136843141182143	0.0534267044800997
-0.438306959327916	0.167322854300601
0.15507953603312	0.0733400848365156
0.490421713510678	0.210333842045946
-0.938255953363146	0.410121396327493
0.583767302163286	0.271703795985428
-1.06672839293816	0.50963827224361
-0.297072894755115	0.135168334281548
-1.46658001845824	0.577925772695557
-0.549412467717932	0.233613712883215
-0.241844219552331	0.0752485040642155
0.702736678282557	0.301850337452759
-1.28962986610511	0.477635949130163
1.27187402975325	0.6671128269045
0.685090426903663	0.376538644114849
-1.90977343670864	0.897957000348742
0.149262067476877	0.0720155962393807
-1.28294379576949	0.463636792257058
-0.0212908063607328	0.00817353501951803
0.54426816891004	0.278094572327764
-2.83364520651914	0.914175126504655
-0.0364960803612824	0.0133701471167722
-0.244998046965139	0.0728209338454808
-0.295991968744903	0.126541977643151
1.71060512323724	1.64920880819375
-0.237275358357156	0.0740297101533226
0.321479705240392	0.192140400062538
-0.0863987951602957	0.0303552326705985
-2.83249128745503	0.934154025578548
0.865766389771103	0.508298533048622
1.08135305357162	0.772027866440795
0.260852238987345	0.128110550113647
-0.927609247421664	0.39658225467233
1.28463226509607	0.790708133184445
-0.125045609572079	0.0665690811903897
-1.75652409852464	0.779163618269777
-0.717198376990214	0.41322735670139
0.739495127750292	0.229163664241222
0.441685120197084	0.201458421149106
0.547153124490705	0.128061292620407
0.13012325137294	0.0626163723147244
0.0929689609240658	0.031110546617869
-1.62703350911954	0.679468129754924
0.309276859169346	0.181711465216951
0.277670695647269	0.125552506651251
1.06436895587589	0.637352058831411
-0.67557978699634	0.328154181461769
-0.805153395606146	0.32132344680045
0.303112747078238	0.1238199581228
-0.249244895097703	0.0761553805865339
0.134018283697096	0.0702253121669896
0.145173933093981	0.0629774142067265
0.142070128695932	0.0681836003866904
-0.796981152009615	0.323810222586097
-1.79071039842954	1.21994234093354
-0.794924013891273	0.320083228472032
-3.10642454683461	1.0410005723588
-1.61547677919067	0.68335736830004
-0.785264082049359	0.312658639765751
-0.294888499133865	0.130864842581892
-0.153544729362628	0.0618645560916669
-1.36202394087814	0.95263013776675
-1.0805248563296	0.360561938702347
0.582744381653508	0.401102707415466
0.362801192709029	0.202157152816578
0.512090991543007	0.310128419584763
-1.41588372160251	0.77310248890828
0.931339708165653	0.659475205752383
0.52847470873413	0.329519034353011
0.580774199676634	0.328753875568589
1.26492524385348	0.926722383815782
-0.21890363664837	0.102951331160742
0.330222339215269	0.190329577480376
-0.0588555084919357	0.0280500174126338
1.07097855533444	0.754830906589489
-0.409082053569139	0.192824455249739
0.658273761864254	0.426280888472605
0.306766346196767	0.108766983398113
0.201637404633846	0.12137894009478
0.299314701097728	0.101190804513459
-0.711945912360694	0.410220375956667
0.128785897326052	0.0506279509626166
0.538818932327903	0.280007156808543
0.274439815558802	0.136447665221837
0.849568012574627	0.476711995928584
-0.404739977295259	0.166222235211172
0.949567156626924	0.751282605270668
0.480531034367868	0.277220375449351
0.69391936708649	0.388759087292688
-1.89183868644164	0.895679410741853
-0.659384731278031	0.315013796211274
-0.508588401139104	0.261034141832876
0.740393331847001	0.455690769789353
-0.631609054680515	0.349429314363518
0.313237356443977	0.183409455602354
2.28422931497533	2.01561471019314
-0.631356003629654	0.233388501279133
-0.0961377108305347	0.0423369785494324
0.382405838953611	0.197134014614928
-0.453965431399218	0.157436208414778
-0.669230683832136	0.431158487807429
0.274615877795783	0.171203705034793
0.922814089581784	0.612158399498248
-0.449952784395641	0.153960443265327
-2.49582076805792	0.739355067527278
-0.527092889209519	0.264862813779448
0.555492691623485	0.206071394995507
0.723034051167792	0.573488404840324
1.0851879887979	0.833121642718854
0.0417836807696976	0.0189921194631017
-0.0140088065877488	0.00512714523841929
0.619427436618845	0.366803997128225
-0.888622160376504	0.77291226057777
0.43957047266441	0.212882783129264
0.137494008429243	0.0603079348240211
0.300804417978834	0.131831501722694
1.25586970689614	0.871380110015372
0.295724564152591	0.101200682623962
-0.511779248287537	0.266147815059314
0.261278089044057	0.114475712486774
-1.19399572283628	0.735047516580187
0.902857575372983	0.574651549066627
0.513099737746977	0.36967083244953
0.388614775463253	0.301226747751754
-0.137598746518857	0.0745906746215085
-0.697081878528042	0.395764919311201
-0.233888560337354	0.122621385158718
-0.258762049220109	0.140030600782808
-1.06387141159867	0.476759526918725
0.0626076735232388	0.0300776796132248
0.0422890056700955	0.018999791870816
-0.579445569951948	0.352991582085655
-1.18959343864972	0.741905545409393
0.0152956465491625	0.00700959679707882
0.29141859327105	0.18350532308102
0.130690938251446	0.0678579029039662
-1.9010582835646	1.25958973626177
-0.6236924599838	0.236360582268429
0.692468155003143	0.46865009349505
0.868784728809563	0.492446296594818
-1.88138404504066	1.21351812245189
0.0384100804090114	0.015271548945033
-1.90853358635425	0.88351634660147
1.24579277402454	0.862111206837872
1.09034023601032	0.69578653528649
0.663219102663035	0.414781013424061
-0.166039438072629	0.0806600123869711
-0.311529597078751	0.155374390357803
0.919717266981542	0.639182028685957
0.926157013688608	0.62090984470381
1.10257542851969	0.772697223860966
-0.628165333244825	0.350842780811889
-0.454767656508887	0.153662506602969
-0.623542765453704	0.317231394321931
-1.07885379671099	0.760050609703818
-1.41594102022883	0.807167445726209
1.36799002169681	1.29307900579237
0.545936653622397	0.342238682346987
0.858459345048564	0.492760824355472
2.49353515223462	2.13621452522077
0.651437499201339	0.512487607915976
-0.306730324904622	0.132292113294913
-1.4452974433117	0.790260018917735
0.667563160192283	0.420665309267888
0.440408986122673	0.208994242213316
0.79540019019118	0.54181059374738
2.56573789642083	3.26043965162192
0.0139959218523678	0.0036885772222902
-0.927367405235015	0.667165403714164
0.564214369953002	0.20910955697646
0.254455961155558	0.123123782830174
1.02407067665042	0.539687358418727
1.06941257371575	0.985619994151261
2.30373541143706	3.2025631708454
1.22054887873671	1.08904950068
0.847115568836791	0.674517019785825
0.304286039558645	0.187745059754388
0.0315280249759431	0.0144781909088538
-0.823145260214855	0.495139984159192
1.17649371774276	1.27840880663265
-0.0234823950131007	0.0119284809410156
0.873940809644424	0.335451005226275
0.541959445222697	0.294138245709435
0.142996683439851	0.0619097828842176
-0.157299958714932	0.0668626709356147
-0.423957685835956	0.20295085121178
0.371736394389455	0.241982218833583
0.302433966399517	0.124307732553449
1.96749639713979	2.68927376061719
0.219377906259129	0.126828247176591
0.655077804515784	0.419062373227828
0.0125826366824476	0.00605380046166194
-1.07597459657912	0.507312881979007
-1.02372500139417	0.810799141425559
-1.19995375501819	0.736534346112088
-0.624794206308367	0.235640817465508
0.423780529273467	0.251719886360123
0.646891299535897	0.408560971769482
-0.0860441338172395	0.0408585554336544
1.46547260721795	1.13379473276187
1.08089124210917	0.750521561238782
-0.147293522001816	0.0617499402634705
0.536162597127539	0.292018969799415
0.584718685566428	0.405329327902478
0.681888487299429	0.38194121522526
0.316958110073995	0.090545195255423
1.77759697105623	1.24259472372127
1.47982416763057	1.09870205467537
0.599805796713899	0.293247077481553
1.76794102458232	1.20773819683528
0.527181702973701	0.278609065733036
-0.512133593539089	0.269710182863896
0.316123364387971	0.124430732919154
1.915198537243	1.83508113183387
0.114548492235539	0.044314947675244
1.01456433037951	0.534494357896282
-0.254631763054634	0.135791635059063
-0.0169197053632664	0.00665044762990888
0.669077232653645	0.441995340465931
1.46094989724095	1.12776993129185
1.04944444973568	0.602718638363086
0.610510116065161	0.298357107009059
-0.0201514330073879	0.00778770053971435
-0.286463297310312	0.128095920240084
0.692551597029913	0.493539925662948
0.853734758053119	0.704156546222693
-0.900778376968382	0.475716557242454
2.34788814587511	1.13508462707684
1.05382245737115	0.665113208258599
0.651302954084503	0.414516036457639
0.124630642983726	0.0480086366306022
0.137233335587218	0.0689160331401942
-0.0931895524889977	0.0325016308966472
-0.554988425237309	0.248028570135575
-0.1972336304816	0.109759788147646
0.959920409231686	0.432685663875469
0.850570686035339	0.675585912006179
0.588878503725189	0.277066317493036
0.822391269704377	0.653144454398736
-0.0294274362566879	0.0111015670492535
0.242040490807773	0.126606496087905
0.519298045427276	0.377320298599678
0.538971155366264	0.335277677972542
0.536973729413963	0.342586056577731
-0.136488094573209	0.082312864290467
0.848648570103477	0.751939964385457
0.167869587217939	0.113473020402339
0.142391757230727	0.0662713461930904
-0.0944399238101652	0.043691340156114
-0.32069305310635	0.164371236693159
-0.707299480987842	0.410301510293496
-0.213914583068634	0.0933821262753774
0.0251319424562507	0.0102221778278652
0.480730616167773	0.275930472980589
1.26925162477621	0.938660774497275
0.770830148645316	0.509615672869556
0.0151378641236807	0.00834465623271059
0.521262899717163	0.318618327207604
0.482242827123811	0.318455737566099
1.32321768071015	1.36901580836545
0.0990224829929577	0.0333606486676626
-1.18880612887573	0.747803650569534
-0.936905814078044	0.417313431823351
0.867660277742626	0.49167999613217
0.395589395270495	0.204765103337218
0.251751456009193	0.132146358508715
0.214108462171458	0.120226630542835
-0.0560656767422893	0.032543135702716
0.006299889772372	0.00276124918409773
-0.434945664154095	0.26806542072607
0.971800514801694	0.783077191172803
0.471105832951954	0.318953034179137
-0.321628822617164	0.13397499812244
0.823663309227008	0.628273308880083
0.358568683371823	0.227881968701572
-1.7518668194494	0.776852639717593
-0.0286479231636368	0.0110287277351527
-0.083959505956648	0.0409105056741441
-1.29510469428056	0.478449739353142
0.0250073769876074	0.0102182258675226
0.858659526719715	0.487701953452095
-0.100951796681802	0.0455582546283543
-0.357314335217216	0.204823604073141
-1.53258183056111	0.88950253549983
0.370711789610827	0.204453468848965
0.41421271795129	0.193783961102497
0.433999268655119	0.265608701131849
2.69670695929009	1.49402340643791
-0.550120789581555	0.248611338747646
-1.07782862266863	0.633393968030795
0.868620538033448	0.491339771335744
0.0903009370673402	0.0514919609770424
-0.526843210486341	0.333597706025255
0.44262373094323	0.28604804301918
0.0449447042629365	0.0219820262770336
0.0868323868597121	0.0292837018488055
0.589651132237349	0.406927089160762
0.308862202465401	0.12450562753104
0.687960320947601	0.381605679483503
-0.515786443696199	0.268002333533182
0.746163162377639	0.455156787032825
1.06697324695409	0.634808757344211
1.07222356025941	0.707058771824452
0.310774980974658	0.106733697520563
-0.537510485758848	0.238999165455191
2.2884907565469	2.12554437104792
0.446395411789461	0.202536655434846
-0.149731347912368	0.0616931288363037
0.531781360260528	0.38587271054178
0.654062505947302	0.545823522889189
0.389771479989036	0.198634326184382
1.69060058715169	1.30520798681635
0.840012364301831	0.646955184772527
-0.225443924783976	0.107536253858273
-0.124419283915542	0.0763835177016965
-0.532104606089332	0.377989995435905
-0.422241202453836	0.226067747424329
0.682767549499221	0.477966908161085
-0.436128877252532	0.171161373719457
0.781016761443061	0.531439430371853
1.07723785289897	0.815838719726636
-0.412471681522054	0.196729390481566
-2.24176435577589	1.22234532076165
-1.08629368973101	0.884513217061303
0.314080092583554	0.183048591374414
0.679984594695091	0.37288380679313
-0.152396833165589	0.082115419511158
-0.946542380081664	0.832369233306142
-0.877953171194268	0.60417505906837
-0.914189263177417	0.696942848740019
0.0502660071562357	0.0228615295219144
0.873699246067397	0.500196503885956
-0.810159766031118	0.533849162355386
-1.53135025303062	0.878189383207596
0.826640159713926	0.613947023796818
-1.32591803469615	1.12350693826089
-1.52338189685467	0.918349392139315
-0.0394962313659052	0.0211702891668791
0.418297045355073	0.282256445980869
0.227240168429012	0.146718483688366
0.480218767826774	0.315503502328758
0.176889654112522	0.110743327509379
-0.527742050246252	0.269944793724868
-0.588292394980563	0.3594015048057
-1.11593449700962	0.658176540288449
0.111681339130651	0.0438238345389855
-1.52883770165651	0.915769596926236
-1.26526238114791	0.827233704919266
0.764601544119344	0.716457028917455
0.119091107750585	0.0664421373043954
0.607634396341479	0.294410687394891
-0.628918104270995	0.344516670815907
0.224823215361988	0.141650795351084
1.08303697066596	0.762437800507782
0.620981799398071	0.297238130949573
-1.30745877141922	0.692938649121832
1.34109596283114	1.29266887809578
-1.31997054601696	0.709790476380905
0.231713275962355	0.125895014169635
0.428132666072039	0.20516225583527
0.97229051605655	0.409018858084682
0.397872067926922	0.204925034285459
1.29659782285803	0.794437631083937
0.385101723250813	0.248105916907814
-0.774504200052177	0.535933271702924
0.486125951016702	0.209968036858556
-0.789737299765084	0.531088385464585
-0.260193550826342	0.0948271996160007
0.359613031221354	0.225709658825498
-0.398201925761274	0.253314810267387
-0.0549623184879381	0.0258081370886705
0.317560028853511	0.190007618896663
-1.10173824531291	0.837962113411215
0.0126148891760983	0.00521301564001775
0.921584410654113	0.620038480608216
0.142294445390883	0.0546349228786015
-0.370915052045647	0.207160296680383
-0.777476060798531	0.312541688460069
0.355003680562115	0.198979841085682
-4.9735507328096	3.18125813936431
0.476664510258646	0.199912235786054
0.419173261098642	0.253954991779283
0.579600517547487	0.397259087446659
0.640316780614008	0.407058146769789
0.226986819863635	0.125241024260817
0.708028614538735	0.311045725845194
0.138976505278594	0.0640615643829341
-1.10897718649472	0.905104894097819
0.375687884839337	0.238478009871794
0.706006629446759	0.510249684752967
1.05397257178584	0.590686144122656
-0.407503857293642	0.252207623538617
-0.317972359876208	0.135987833946993
-0.274243557998563	0.170081356218019
-0.427624624248141	0.255788012706571
0.587214056429673	0.278267756689571
1.48069648002501	1.40821573343894
0.280498175608666	0.127151907176368
0.959038367358942	0.786855017735388
-0.32253339265201	0.180114401183979
-0.680794166480476	0.491546300220151
1.08932546208675	0.773867548512351
1.07714204725069	0.770362178982614
-0.348351410940982	0.175217704583812
-0.102802909165685	0.035512103627688
-0.402712975090145	0.213798984316172
1.85383331922256	1.55608478606393
0.256860223103521	0.137883535740482
-1.09867975334952	0.871009231230635
-0.327810647495291	0.184324159292293
0.26762483635336	0.161868720056076
0.226630522492939	0.127575755673107
0.691975360719426	0.487320306518994
-0.660175469079327	0.413828558538718
-0.0656318958334441	0.0398846154911525
-0.308077776578659	0.188782900204811
0.120849255032621	0.0471438032904622
1.56288935934646	1.40438825582486
0.660958694968942	0.568312575338038
0.00835078827639515	0.0036843134651567
0.0489261244524748	0.0223438691036436
-0.0328159704415092	0.0121834133883049
1.24324587738533	0.982003150632773
0.469491388959333	0.268272546362619
0.608797897268675	0.293425796523144
0.228626049447982	0.129634437169887
0.00998463142499641	0.00424082468858545
-0.0712476762575855	0.0320053750145325
-0.669167972756309	0.311319358234721
0.131074775831336	0.0708029837066446
1.08868906073804	0.832491879779809
0.528606235706033	0.283686289940813
-0.096082266951005	0.0429421364592241
0.667395643679455	0.578754226821109
-0.192999828643553	0.0997490513458805
0.467660083146446	0.272020730704482
-1.15933944233174	0.97918384543779
-0.52865635247337	0.380295965752381
-1.18435707450782	0.757704160678827
-0.827595360939766	0.744379211357895
-0.295772057900061	0.143527143143558
0.270723430434515	0.122878546397921
-1.26377147842907	0.862585636386131
-0.525796290419741	0.2701872434531
-2.61084921641297	1.73571186037365
0.966712433871386	0.718365324542836
-0.584215594066491	0.349876829897184
-0.169806466574911	0.086574542580634
1.08052191291015	0.705923582464303
0.590991587670143	0.333398815657758
0.591271898256932	0.402970363759108
0.380731154113595	0.192788800357502
0.135299838769629	0.0731319269401206
0.45447359476092	0.264014250745361
0.56982561561355	0.387014623981681
1.08896178179471	1.28842512189033
-0.999764663213373	0.55210081124721
1.70144560318649	1.31463470699567
-0.404697258041762	0.264910940736758
0.679182906029938	0.637927921451886
0.32727331156542	0.193937911793217
0.105840273957448	0.0602221188545537
0.477892381038193	0.353492818033836
0.359705682660161	0.197483678341847
-2.11929782858544	1.11528247932474
-1.00880512766069	0.574171798035781
0.0375072055005851	0.0228640264560498
0.0279797836298997	0.0125700599021895
0.320284126068179	0.187494610723609
0.275474740320189	0.173261899204991
-0.687231334425189	0.411363147419364
0.324814550754689	0.218117371568154
0.0475143954272387	0.0213048517650944
0.566509027515087	0.47139533450939
0.38834535376186	0.21035431768134
-0.26818945186347	0.102878543299452
0.0188622072341173	0.00762617670168956
0.141285251871902	0.0543775748429142
0.0130109673576593	0.00554347930414998
-1.11565568599523	0.645931924873764
-1.05850569327977	0.485530284188704
1.45224824325017	1.10577501360171
0.644575957942763	0.426620123068838
0.627974786595837	0.395926095258253
-0.412775998979306	0.22420014007551
-2.41118381067428	1.42585331355717
-0.613176882039216	0.343570202292922
0.12775387331668	0.0497551964450928
-0.495852609429477	0.272096497620615
0.779603305523614	0.513985190173127
1.61507082766025	0.861372278304834
-2.222848120497	1.22092764747477
-0.0908746280807473	0.0302642001524905
0.705526388390873	0.307264313783224
-0.999681950382307	0.573097437926336
-0.266259629039285	0.101397071629085
-0.414629435482191	0.22310230600519
0.146830865489688	0.0639203406668419
0.121356484282194	0.0561853478060333
-0.514074859471994	0.292004082337721
-0.699901003558667	0.313009559687257
-1.88273212825131	0.879946513755102
-3.67023133792318	1.47260138710082
0.441150153317424	0.210357007747777
-0.171590923886616	0.0870890836640685
2.25816546889959	1.91587551876123
0.491621658167976	0.281957542902237
1.48534094683166	1.48311575083573
-0.692409816024761	0.538477900375528
-0.893340144142131	0.478423647378795
0.536487924871118	0.283817569504645
0.388871213149905	0.199301777219582
-0.553783243990901	0.243786461803288
-1.79645017280869	1.21767303380407
1.27724311689263	0.85408627595103
-0.733214236737138	0.427808834330903
0.972032608780034	0.702023837463542
0.326763941420613	0.0938492014293281
-0.412877672180842	0.201671452449967
-0.212040172004472	0.1004475661644
-1.7188914167194	1.12286024401316
1.9978793176286	1.83100470479142
1.08426156468981	0.694384945443252
-0.639273439791424	0.242574833724341
1.53975819755885	1.47884702081312
0.494369004872332	0.326502781840588
0.0278768867130536	0.012883661890551
1.06350301096106	0.672963835081179
1.87023416874664	1.59222667852838
0.654627622000169	0.518114102540748
0.243084626561259	0.131105136430116
-1.34334683764125	0.90809435515969
-0.703610931244629	0.442873696025759
1.03471726003627	1.07025583666837
0.15399813887754	0.0736071797790452
-1.17771580224742	0.561072453131532
-0.320011070085961	0.218620773580571
1.02772812604764	0.553415742888945
-0.148264021997834	0.0792224849801594
-0.323048843488019	0.162571484609473
-1.21017539695314	0.770492660227394
-0.302193477854803	0.150813930471373
0.314303993415189	0.108815061682868
0.257345120418846	0.129291387069171
-0.640539705591737	0.240479615860057
-0.521148816086507	0.297866740009322
0.479026225759846	0.205495703267578
-0.51369577186913	0.335272294849121
-0.397501775155517	0.161688525796419
0.527426753868438	0.323601541898858
0.357943859633556	0.197255796748918
0.908994576128591	0.542414350389919
0.0294154436145488	0.0137959081872023
0.150174057593777	0.07722376020626
0.149472602855097	0.0634543516408588
-0.659268021890014	0.309746345892715
0.557542476811568	0.205754940084151
1.27819419182616	0.735005634238853
-1.45910335908348	0.580923693024047
-0.933417248051596	0.414517667289299
-2.59404182366588	1.70932696107612
-0.584471529611037	0.343738322986206
-0.448863486383709	0.153713100154534
0.541228385611488	0.276387046523129
1.28803245972886	0.784775112662719
-0.0827625108325742	0.0396970146833329
-0.553582626607781	0.242421254668192
-1.08015793302142	0.500063420780008
1.26803493903937	0.926784902201682
0.695103735797702	0.299022000768726
0.308177783420709	0.109222461021131
0.706179595900226	0.307058650958136
0.682804771353266	0.366646718367203
0.483199034355479	0.274018504969687
0.90174049973174	0.580445390938808
0.609246189502071	0.298880386558216
-1.10401703551324	0.674897101530675
-1.05891853305902	0.481365637096788
0.934739147869751	0.658036213481676
0.381677457764308	0.196316227343613
-0.11292737841536	0.0378850015313371
0.819418961283552	0.404874396562516
-1.51473715240871	0.907379556787516
0.389060343091804	0.195964076367765
0.797099136804771	0.412730703341482
0.80218315411072	0.412122437374565
1.60891594589103	1.27065330980222
-0.0302220006417659	0.0114252657074246
0.427607474375015	0.198882307686017
-0.900154920194665	0.488874091364342
-0.630466435686574	0.337200164585337
-0.508751575411496	0.259207310805916
0.686353090761196	0.374585662894725
1.25993361876951	0.696210814611465
-1.31860001940628	0.696853062390753
1.62973514732456	1.36719336885511
0.913835712253997	0.584753892655697
0.196021752319881	0.108363443855068
-0.795596061729218	0.393248617887027
-2.01298609688579	1.0266200469614
0.260548253991318	0.156472626079512
0.52431865879922	0.321921435781229
0.262215084087063	0.129837222068564
-2.67392208124312	1.83023713127322
-0.03468018543475	0.0127456476912921
-0.0963398263631672	0.0337960541373773
0.608391561525278	0.301240064470838
-0.240839936147655	0.126858334316404
0.405870294800566	0.205338340297209
0.872376970723919	0.73180846591343
0.892789215667537	0.54207078670799
-1.90416113883212	0.910152931029681
-1.75618121577045	0.779214883038083
-0.670355292699317	0.315429346988391
-0.0764236064004958	0.0365452452607732
0.268403298729375	0.163606635229911
0.504665301165431	0.296190753314443
0.122601936811179	0.0511424130373044
0.115049793657988	0.0446696616026037
-0.0241820791240095	0.00881669487403264
0.0341881802705371	0.0158894136886174
0.37804711655675	0.192762985842906
-0.396134963283538	0.17943318193065
-1.41644665551424	0.76472421962973
-0.795734163510306	0.329679680447072
-0.714789271882028	0.417687558407448
1.7198319303409	0.841521629859451
-1.18759136032358	0.575055318912823
-0.628063251958157	0.326366969855623
-0.326431316628878	0.163237625146342
0.774397569578037	0.526652810888128
0.377043593734622	0.18696087335985
0.550376871521867	0.293385895870946
-2.32711142123779	1.33420524300161
-0.626971436492507	0.239270302311326
-0.65726280702791	0.306753563285435
-0.933828441306108	0.401564770830951
-0.649452538126263	0.237447357551861
0.0911859666411709	0.0307413671123229
0.217781718920273	0.123909261806289
0.266408615758288	0.121322403951682
0.838828588769225	0.639109277098103
0.0249881717681949	0.010020255852863
1.06694474191361	0.63850000924748
0.135909674992185	0.0529855603325386
2.41597208611164	2.41326263615904
0.90404090825258	0.578542257578831
0.483616326502621	0.319327471318944
0.738711914334103	0.461670249911756
-0.926944276244778	0.405562061822198
-0.496611227812054	0.282006879912746
-0.0250790610251258	0.00950255816193749
-0.108900145502606	0.0370790595637811
-1.89205596923213	0.906829164460601
-0.30636594329657	0.185333584184243
-3.98771081673823	1.67679104980714
-1.05124578623261	0.745227391517358
-1.62466254997145	0.681165018364722
0.120809650319271	0.0474731139912504
-1.69888156210125	1.0956002692947
1.07880039085565	0.950060485568679
0.460427288248823	0.307804914095483
-0.21041183812608	0.0994713356262237
-0.161399189277128	0.0670432397285664
0.134246733905039	0.0514555075746983
0.142656911207785	0.0689024717500486
0.143303544553085	0.0669184380300305
0.735845652799819	0.555913574692787
0.559934173296341	0.347718138495843
0.605807917674174	0.43446110662522
-0.519408663338713	0.26972423946957
-0.262632560618599	0.143090954048718
1.87457932054372	1.5736245475103
0.611398709906148	0.367301348037228
-0.0206985468007224	0.00768045813464292
-0.89142310332908	0.475698107519817
0.682067019303584	0.469390289910892
-0.102852519521849	0.0469455497261531
0.141662081551761	0.0727703096784383
-0.423734118057027	0.200339906006158
0.276562766913226	0.121863731197568
-0.623961017662321	0.234724887715385
0.587632782928918	0.342583250029788
0.542388720058569	0.332416527970017
-0.453965431399218	0.157436208414778
0.549921156253211	0.198233875452927
-0.518011421118633	0.261096446426296
0.0367319313591562	0.0165357168335227
-0.16874437017402	0.0922488996698166
0.865265707869403	0.492446128294612
-4.41973486344408	2.28467797564669
-2.15042663720748	1.1284257857201
0.772453920755813	0.510162769456282
-1.44126694405924	1.02518777244407
-0.122550698785825	0.0550670159408349
0.109655052847003	0.0394678737981225
-0.412753233094591	0.167698173466126
0.708823123676285	0.311682465064307
-0.557940715109432	0.250565282028736
-2.00890659613168	0.983704941099854
-1.75201622763541	0.774383088065055
0.00823802131184518	0.00240009513923294
0.276817375642777	0.12287057542164
0.708557613892749	0.313641450781789
1.60338263279288	0.86752994569065
-0.504075450393236	0.256023128570039
1.04370514261523	0.60969301562639
-0.506398017249171	0.256970840433783
-0.775672155252547	0.39654814001553
1.26426281960798	0.743915779584061
0.154686101205519	0.0647710771124181
-2.02782153133069	1.02559361303253
-0.608094460155999	0.324902361135218
-0.155575097384379	0.0649093094724443
0.789227443774011	0.541293633857509
-2.14554652137544	1.14909620182545
-0.271651952395228	0.117166555080709
-0.669269634610462	0.325311119515533
0.881160398034224	0.334604102006826
-0.909621282747934	0.498326165150728
0.697607566922098	0.39154762171685
0.956765674278432	0.439728330783884
-0.759445778109569	0.510074426498661
-0.388682000244908	0.182131438255985
0.602724955566145	0.359485877261064
-0.188349193426335	0.0954198550931018
-0.642509348380994	0.239468268243746
-0.453384214128714	0.157985460591412
0.280525980346396	0.128474361881368
-1.76768422025516	0.796784022431971
-0.776369270019832	0.310937270936863
-0.512585533683207	0.2628058290205
0.01991065710604	0.0093227964768127
0.49007568065716	0.204720803736581
0.708028614538735	0.311045725845194
-0.783582984664379	0.320169878523895
-0.121555088108603	0.0534353162873713
0.0199139328408301	0.00812448736161149
0.293782555343645	0.10382255846023
0.278975782061553	0.138656184047885
-0.272133524867067	0.100170678629215
0.467975981197149	0.266231206994987
0.223929064650346	0.129641562197764
0.434700092395906	0.262852184827132
1.06199529392271	0.620517285560917
0.294428173978414	0.119497475826097
-0.259278301022991	0.0999013169565866
-0.645344947793608	0.237848841803638
0.514602647334214	0.269829418674655
1.25476028243391	0.778314637867615
0.609787715900827	0.354678782765993
1.50542724386023	1.0154477502465
-0.938769489006205	0.410504344023377
0.872303590610921	0.32949612455723
-0.447342648353496	0.154115929928931
0.0893574208941067	0.0291024883168248
0.714725360218146	0.304331227136401
0.96252144443821	0.446705894295756
0.0885811095611677	0.0297461383001263
0.605678316224224	0.296825691789926
0.092211757744215	0.030176556701921
-0.904540062111887	0.47716647320019
-1.46042236233527	0.582462127928243
-4.09124850479094	1.89295319407247
1.04810862362135	0.603473075133425
-2.00338010071461	0.990110358199985
0.960047450228615	0.43086116144677
-0.519047917270715	0.135752304649831
1.96885105211765	1.48532891654845
-1.68925577450124	1.10023111622679
0.306352832678793	0.122896001831201
-1.07930825470993	0.493719609090652
0.00104606834938729	0.000818613391766019
0.472663086588352	0.193528131153246
-1.2877382724712	0.472485818693236
-0.604159181555753	0.32508723767429
-0.524823528051577	0.136435723217665
-1.62208854557427	0.687770927901318
-3.32001561112394	1.2286468506821
0.962832197010472	0.444430119079501
-0.231862268579772	0.0723509071259154
0.0866001454157251	0.0281831357972508
-0.942483019061296	0.415076446559624
-0.0924448308255589	0.0322326130440454
-2.51101499701144	0.723730492548591
-0.457788503887853	0.157618482656744
0.782502131514627	0.387363510612549
-3.10225524298542	1.07674434808323
-1.62018197422291	0.685354727673582
-2.83911454540015	0.928351077103762
0.739498461318299	0.224344540791199
0.0821214429388905	0.0277714234643413
-0.0941779390158178	0.0217731946290539
-1.21256566550255	0.61071498914682
0.324956939010549	0.0923135161050064
0.961670538024469	0.425858702754401
-0.622774487201807	0.235945624597286
0.616107870892493	0.295895619954336
-1.28331625133256	0.470420786668762
-1.7821293948583	0.789419433369336
0.718449663934286	0.400247428475524
-1.08859376817231	0.508558487478703
-0.506852396535903	0.264650482155458
1.29316493601369	0.76139043230976
0.679726885262607	0.376565037463759
0.290885460146095	0.116259972361273
-0.0920822511388798	0.0327756274216671
0.709358724268349	0.322993485508799
-1.06753968067718	0.499873654152545
-0.458464353123078	0.158103272835044
1.55824756941008	0.971547757120312
-0.631585085269308	0.230188266766388
-0.0310047614868053	0.011700611000907
-0.902795607745682	0.591623169236922
0.748713283858934	0.453794374265548
0.0104810965646079	0.00436868264440811
-1.89292698740389	0.907098575585774
-1.61733521081788	0.685911357845271
-2.83249128745503	0.934154025578548
-0.638780320132522	0.239756033006214
-4.07774862177269	1.84860435967282
-0.236661795904665	0.0730041471970701
-0.927301794432821	0.406121814588355
-1.27729466356212	0.463367747774768
1.55266492378284	0.968114383891161
-1.60607064016835	0.982009518325506
-0.913441053451736	0.480196337981573
0.0869924197764989	0.0291593145656927
1.58072634809621	1.34587848093511
0.321596831485915	0.0953901221130846
-0.232615628955298	0.0721074667826583
-2.0319714457242	1.03822789104845
-1.41468757900453	0.764557762689682
-0.814550163947716	0.471692890274931
2.97287470678696	1.85001840994038
-0.534780943602677	0.238891314668824
0.302960068584436	0.1207726836628
1.93400096432528	0.789526308766741
0.520531450402067	0.274843705555494
0.447081888140287	0.202572372404859
0.714383218207367	0.309365795978662
-0.111563386358751	0.0501167411958458
-0.235937790139879	0.0739705012996475
1.06625521215402	0.636316885951982
-0.15533214102171	0.0632877525177033
-0.808160159374973	0.317709378824981
-1.91224259674175	0.89843292262847
0.294802871892192	0.131452637987666
-0.386388282760949	0.177309976151785
-1.61083363213657	0.67283194400067
0.489091628127959	0.27546117128624
0.810520848678697	0.402395566316863
0.86205551474006	0.327454016979256
-0.40677372197223	0.165462286966888
-1.08589556734498	0.35395629495229
-0.261143214947935	0.10048647376975
1.27726103528928	0.768488477984509
-0.147513576792171	0.0613288795085877
0.272761332348703	0.135183989664309
1.02880330991158	0.554903925683511
0.710011333850278	0.313999086294604
-0.258815030402917	0.0987453233756655
-0.426425815487879	0.170523944587572
1.00690965593128	0.516576416614527
0.744265310640807	0.464205220307709
-3.10336310613868	1.07624884357692
-0.153777348331946	0.0641173475114757
-2.42440998305113	1.45123476040849
0.86276980311186	0.469734626740065
-0.558185576791391	0.251361482754818
-0.795734163510306	0.329679680447072
0.692832484190709	0.301770069648481
-3.97635607437737	1.7355789233167
0.436103793039148	0.203445668460983
-3.09868623597984	1.08730133775312
-0.109312423506388	0.037634276558689
0.505807043832514	0.261557437465993
-1.41228116105369	0.768253250600014
-0.397343451237221	0.18621349485252
0.300374828340113	0.119940172210779
-0.920673026968351	0.394967854465645
-2.00779473280651	1.51719363204601
-0.120825965400691	0.0524185860135943
-0.102530037289864	0.0358074709444906
0.873835270339654	0.329058386585936
0.370367378263027	0.197501862484756
0.51487832584903	0.267188092139035
1.55147912346549	0.893725212113899
0.316614267667375	0.109207751694024
0.75739204736084	0.456723352654371
-0.44538452339381	0.154460657274915
-3.68343929226872	1.50245061428202
-1.18078556213694	0.563558911463654
-1.46113979194988	0.562924130647427
0.493618990150175	0.20427149450237
-1.28904102514027	0.470679738640395
-0.791528555665156	0.319096467653083
0.00689519736362391	0.00214533757856851
-0.430438820740042	0.226062513874787
0.125863412060263	0.0489222287704801
-1.62805513728739	0.698714956833948
0.552891734251425	0.205564356278539
0.304356340939828	0.12397300805124
1.0294536314166	0.550569916544762
-0.800810799762888	0.331350617298061
0.538480581573089	0.286988506754821
0.972412698582417	0.43210115849053
0.686852728279281	0.373307318725604
0.140430608469524	0.0545747343803692
0.130339548883329	0.0501076173458485
0.414334779144375	0.257454673473489
0.307718086620221	0.120326547590073
0.504884657340313	0.353269042895363
0.112133500191723	0.0431897453471198
-0.408196660991456	0.169402121788034
0.428319938912075	0.203640029190384
0.609030994620321	0.299357749703904
-0.00228457098244678	0.0000266478609149354
0.128964608041752	0.0503635387777838
-0.899316735918506	0.553286265112108
0.744980507015802	0.227659325846765
-0.938538205138613	0.409535756871234
-0.892966194850255	0.475988815048459
-0.837840297745939	0.24818333713429
-1.88181929888005	0.881903642559595
-2.82800405415571	0.916370270350291
-1.77457670506574	0.79319459143269
-0.106510375280598	0.0365056692647568
0.608607695208245	0.356555140548462
1.29035156729064	0.757879737024606
-1.75817315506553	0.794854384955456
-0.801903039945917	0.412182247801752
-0.92191301094667	0.398063179679408
1.61586381898831	0.901548063846418
0.129076964130452	0.0558481711480001
-1.75629830602486	0.792011732683294
-0.83918257049564	0.250905796711351
-0.393702305024585	0.152938334381117
-0.93909255136472	0.417790193012004
0.302242852912948	0.106016758885149
-1.75142277852014	0.768217968868271
-0.776941111050945	0.304422595219828
0.686259543383113	0.29195408529646
-0.787590229752133	0.32240228265395
-0.275655370954483	0.117081447985429
0.785589768112133	0.391205441650587
-4.09453712023831	1.89308235610627
0.423850852807705	0.193405566947227
-0.679491787682861	0.322894637452172
0.313573903499624	0.0910825225441505
-0.164506399159879	0.067622497444046
-1.08043456838936	0.361340664763697
-2.01411473255244	1.01562764562716
-0.834249424385902	0.250115174033497
0.304309543056557	0.105985334072238
-3.8245696517211	1.63380713958109
-1.61247294163541	0.990965040054882
0.0181828294346708	0.00756181244264657
0.0914745910080864	0.0309425165438606
-0.162447336279047	0.0672078581195771
1.0442116064776	0.604418590772782
-0.623267243107903	0.235097818840234
-1.07105525251926	0.482299954272679
0.470329409422792	0.19550225377288
0.803147601737059	0.40411916261669
-0.0994702052200921	0.0336249561078805
0.32419932066976	0.0930352783219064
1.07234708237194	0.608712735460507
0.703176559277424	0.308408070233999
0.279906893407859	0.108141151824427
-1.06788845848922	0.496709449260021
0.906726906620428	0.585984272146253
-0.429025367877146	0.201872026434686
-0.266581189918631	0.0996393225344869
0.525573672809813	0.281728419790484
0.560671239660952	0.2085215745404
-1.07427595269363	0.507067572790011
-0.444036372579586	0.153411790765877
-0.831547258034552	0.253419977958223
0.323315190973095	0.0941448616051168
-1.91581720936951	0.90610386418322
0.870364730008976	0.335477467606884
0.744573107812477	0.227859030370143
-1.19224680133055	0.581460874163071
0.0934893552686224	0.0317731553916026
-0.402347963740968	0.187148320733214
0.598576704500196	0.295072931787565
-0.642285760072196	0.240213295921161
-1.06580024546541	0.507256087052187
-0.5522191171764	0.24776913830979
-0.83107905876281	0.253159203624365
-0.238615839462782	0.111860970097169
-0.92767492130264	0.408996723343078
0.387496550087969	0.199398552959665
-0.536593817272565	0.2741573000005
1.61920614328141	0.853471549852614
-0.162426908250206	0.0659556087283792
-0.783648320414102	0.318565701867546
0.45945746426832	0.18214902906948
0.836505578283972	0.598219517790305
1.719994918143	0.811829696208371
0.0960479458597839	0.0318097885914881
-0.414694241455377	0.1683761108667
0.49432303739755	0.201719498169098
-0.294424490678461	0.129096588762991
-1.46042236233527	0.582462127928243
-0.536461015089801	0.257186873940901
0.289073518322972	0.117724467428888
0.246162881014481	0.114373649382533
-0.264109006492703	0.163002291240749
-0.640495015182375	0.243979151332699
0.292819967021139	0.120790132819949
-0.393240580098685	0.187596851964237
0.252692159375903	0.120621198953016
-0.108873007817416	0.0372490172059085
1.21106950421364	1.2322796899987
0.309053918377959	0.108663090535965
1.27060970258008	0.667212036979604
-2.05650312187694	0.572642061324397
0.477944607053593	0.200277735656717
0.699538567174295	0.294387985983269
-3.09868623597984	1.08730133775312
-3.09183480000513	1.07302576822624
0.877675865069772	0.325941326036972
1.29491783660743	0.694840910644989
0.328325097747485	0.0960689936716833
1.38925128836968	0.448354899211588
-0.797631533532605	0.325029985786743
0.300577492820281	0.103122304658967
-0.453661958033717	0.15768897072405
0.321596831485915	0.0953901221130846
1.38746482707804	0.438324100518707
1.61944170950196	0.873915265813877
-0.667631181179189	0.319862819768565
-2.50662138300429	0.751156666336677
0.302242852912948	0.106016758885149
0.555335330454088	0.204846342829437
-1.6267767880758	0.690765388967529
-3.31219836079853	1.21229419336227
-0.438833896935274	0.150031893346032
-3.82720790327223	1.590150775239
0.556953952637411	0.200860223586132
-1.07912178722694	0.357132861316791
-3.33306252811932	1.19665851399297
0.0143217884608953	0.00371661229200184
1.28626866786196	0.614354404413717
-1.45951204258043	0.57460003559255
1.29851872905576	0.515432791161323
-0.462253023939067	0.155917951472546
0.744963299474828	0.2325771171156
0.750788370120738	0.226789242785611
0.884365883656849	0.324215266751198
1.70291372810485	0.808605719093491
0.563467749471445	0.209628028394203
0.0129153418849133	0.00344424604437407
0.308556517804713	0.108392815605308
-0.519662324847855	0.139505494309868
1.84410856834296	1.5047104098611
-0.0961861221738995	0.032052719052168
0.35917554412448	0.193383299243538
0.695553178964671	0.296289628609907
-0.454093292533392	0.158453637062728
1.28433937836949	0.694761017292366
0.708758615522885	0.306170625416449
0.79582482201582	0.386691980940649
-0.0272101624616849	0.00984474879423004
1.45367550330288	1.06515671027976
0.0993499340698415	0.0329190024021713
-0.40391482110044	0.168312413510042
0.47013354173098	0.188810501505617
0.676910308326485	0.369072771804029
0.678755109107549	0.371755068486111
0.30431662343539	0.105364123039092
0.886979213694965	0.517990718762315
-1.27824794160988	0.462836347549431
0.748331792113693	0.226571962978259
-0.080250609678389	0.027591390547924
-0.549880417853644	0.247266543953178
-0.624376378080157	0.231443819645008
0.290473797137717	0.116062175142679
-0.403311685990349	0.162897471321053
-0.255656871186732	0.0962429687779017
-0.299574412451034	0.131696263346147
0.0842891417985001	0.0282014304242103
-0.0877499895296623	0.0305626089250785
1.63030309868123	1.37501852061232
-2.83133823353176	0.934971127868472
-0.80785922607609	0.394337206883421
0.719594198136489	0.305877478253039
0.514960926389128	0.317173899484243
0.285897548164619	0.132203917121983
0.746570556876411	0.468486784046958
0.599935343352567	0.295894339866732
0.0118237600693153	0.00316782879588578
0.5596098913531	0.199837373752998
2.1092512045783	1.54679030337833
1.50485361351541	1.03184132864538
1.29687604573864	0.503348445569695
0.958588643045757	0.429657213074018
0.600419362437478	0.291322310255727
-3.31419133549641	1.21069698468705
-1.46042236233527	0.582462127928243
0.878017587688004	0.342346718641171
0.74005934947756	0.228093775301913
0.101608785977622	0.0335587271049162
-0.539413641530611	0.242948279702065
-0.933265904436459	0.408097355725433
0.316493723224506	0.10609032329859
0.871334268002569	0.336391145853041
-0.448336145628267	0.1516262597088
-0.825335027523982	0.248598183771305
-0.622623335823878	0.234242513863495
1.07573097987579	0.759027868087927
-1.28486297953742	0.470411391030251
0.0993499340698415	0.0329190024021713
0.0125294548513759	0.00346079386071412
-1.46308347403791	0.565057543559853
-1.08043456838936	0.361340664763697
-0.100630873298134	0.0231392113137372
-0.0989824574858418	0.0222456966330467
1.93609910556804	0.785706386427873
0.431908926886929	0.196903746994453
-0.103948938199882	0.0233524604803125
0.710167635828131	0.304042754150593
0.480982984348125	0.200383492596071
0.968395087398897	0.418715074797868
-0.998133032672232	0.573226379181702
-0.0994767870258344	0.0343208480785998
-0.103478113003357	0.0353228232788329
-0.835142304985754	0.250144926202691
-0.260193857375371	0.0970066556468691
0.96452454455452	0.427553260700364
-0.239835231419673	0.0743429357564094
-0.45166195169278	0.155188289957166
-0.102132371672523	0.0450163654998118
-0.408851187352875	0.16484209374683
0.0115804123976581	0.00323217008026935
0.0934893552686224	0.0317731553916026
-0.0860929900137285	0.0385212472397703
-0.521048855151166	0.138255992379653
-1.88943388784662	0.851988500603045
-0.938538205138613	0.409535756871234
-3.52441505254766	1.32644897932442
-3.69044727291588	1.46106040587526
-1.47038522834037	0.584206087761708
-0.245401036512096	0.130036545232376
-0.632166089434139	0.240425804288787
-1.19207652804063	0.593123164976683
0.327300445681734	0.0942378191565741
0.124984768051197	0.0468522448635341
-0.448576036434	0.157226426303193
-0.443771889503014	0.15296660626614
-0.269084052589251	0.101375323619585
-1.76964722665995	0.808319368985556
-1.50960599486497	0.887897705177804
1.71426957190746	0.846267024469648
0.547391394977736	0.128082186515472
-0.834670737656865	0.249889401637271
-0.72312468834101	0.407899138839466
-0.277340664290079	0.104525628032372
-0.00639697332718148	0.00216045961968274
0.313193062456546	0.0900378644904659
-2.32923882921113	1.36744212580436
1.00718841435156	0.514113891349804
0.537788909562916	0.28528582995057
-2.16829025897842	1.09683250978068
-0.788043351564902	0.41060556865554
-1.46450798665349	0.575571060293547
0.292819967021139	0.120790132819949
0.0870410142876139	0.0288693117955536
-0.790685826953648	0.321686990100227
-0.628223762007556	0.235876230209215
0.0794276523074606	0.0269065428704433
0.446246684630136	0.202035934009634
2.29362787635611	1.80239473236389
0.954163437751691	0.420374160862509
-0.444569155710993	0.152430712893071
1.85004231936012	1.49850850267462
0.369204409177725	0.204989847905682
0.27269981769088	0.124190328462762
0.271639569398835	0.134973445966079
0.310154448981789	0.109367885817903
-0.62928208558402	0.235545871325552
-0.630887700547098	0.238225433462368
0.236604353745152	0.124830114290308
-0.71263906642913	0.407265195622807
-0.082064135868727	0.0282559883136858
-1.19839480493633	0.581359733127377
1.78032734767366	1.56243700493784
-0.537389541915377	0.232912625938331
0.794591242268424	0.398996604697194
0.300626408499561	0.102759128800348
-0.535765466377864	0.235577226921533
-0.0214828774931618	0.0079342094506193
-0.190493451645645	0.0948909132318462
0.756606430336219	0.460616530041534
-1.89229534128663	0.91580294216214
0.563467749471445	0.209628028394203
0.321732586382555	0.189120209749436
-0.148329915257275	0.0601989221760432
0.35137503924776	0.194000987439907
-1.07239798793769	0.358269457626047
-1.89937205416639	0.909977075846015
0.874892512834432	0.341837768822866
-0.0161397006731478	0.00632886530121145
-0.422666076874957	0.166801559545793
-0.623153351587542	0.236236146640588
-0.229819459699791	0.0713436708638103
0.450473357045224	0.209292819488158
-1.08231332567193	0.369176480609056
-3.09183480000513	1.07302576822624
1.29329960917392	0.504317970016831
-0.677478181371008	0.323690519475708
0.716722568734842	0.29860928605116
0.141815837974266	0.0544525515178006
-0.942207052998486	0.417043954537336
-0.798052495670853	0.323757690273308
-1.76540052121303	0.794960484556526
-0.250438360879019	0.0775638663008411
1.96800008174538	1.52336765900005
0.951286236584584	0.689816630538203
1.06082753878629	0.635456881754069
0.80374352735515	0.406898891894843
-2.4946503122275	0.759347999169937
-1.61711325174392	0.677635979110965
-2.05650312187694	0.572642061324397
-0.0951265447799466	0.0216293083269459
-0.453661958033717	0.15768897072405
-0.101789050479357	0.022868379633766
-0.629450964183805	0.237236316920027
-1.78516071134974	0.796033235241865
-0.797631533532605	0.325029985786743
-0.524823528051577	0.136435723217665
1.39286395741949	0.437144521309055
0.0119481861389783	0.00319511477387208
-1.07966622788214	0.364695080877922
0.0972437074566002	0.0328516333826303
-0.241164713270331	0.076244858485767
0.29419417066558	0.0989568901006606
1.96621026419961	1.47447104401914
0.309391571941243	0.106554943906293
-3.83602196189371	1.6056108106756
-0.101728290714063	0.0350698671610683
-0.67449653389822	0.315982472791927
0.870750812262333	0.488867765459412
0.136517213168352	0.0641074348879638
0.910918864555444	0.530857773115769
2.32151489392712	1.46285379045297
-0.0809931840946628	0.0385502641595009
1.29119922705024	0.862392244784156
0.735800277566472	0.448337904827128
0.542832281480017	0.28849864507437
0.750761366320844	0.453917473373447
0.401537736325216	0.205019894393169
0.703964946661981	0.503621977284295
0.532129865397896	0.334394485615303
0.418464633881646	0.188231985202698
2.84929300509956	3.69119603282166
0.321343621282208	0.0941965604079644
0.315369632343434	0.12646452764695
-0.0962833901203116	0.0222038630107127
-0.622504943148763	0.2353651709422
0.787768046513985	0.385281153769584
2.11297167068999	1.43001022937465
0.613929425404999	0.371474234597885
0.123476101836657	0.0488353015303636
1.0656138181287	0.687958655377414
-1.76832753525401	0.786339276349453
-1.07907020625058	0.505134923199969
0.560504200643311	0.203743960824199
-0.0971282706410786	0.03416374916004
0.324403762331451	0.0958764708145592
1.07316055406618	0.622477525429168
0.812428243738553	0.600230423185488
0.159338914338977	0.0762829033981787
0.973934860888066	0.42290348408225
0.499016555758745	0.20865290524038
-0.146397604255109	0.0572019207527912
-1.01020737120446	0.543081397364682
0.872402302731733	0.335910307317155
1.28032756513432	0.775783245243018
0.090598345031063	0.0296407014684005
0.305086736050013	0.110103147221894
0.745703811636536	0.228481367728924
-1.00377281665571	0.566901806318514
-0.826886475386905	0.250046085549171
0.60840954999592	0.296633171025218
1.29575696580222	0.691966817002214
0.705526388390873	0.307264313783224
0.162340956865235	0.0808850645072813
0.647885327102937	0.419359804672586
0.241498323186935	0.117487327357816
-0.0923623045811191	0.0316317637700287
1.58709989712479	1.40089932596975
-0.938161493775913	0.419467745730972
-0.638710743210389	0.241514946941206
-0.549974868249723	0.248530011966146
-0.260029175172371	0.10064501268103
-0.0350574107250399	0.0130496603301525
0.767975166322488	0.495739081029505
0.545797622316961	0.289019556037284
0.953207637969824	0.698671600119401
1.54067434208421	1.42936066860118
0.430170311471182	0.256549526165733
1.37561056215185	1.25364016461844
-0.176337240858921	0.0701325437139008
0.0167071354174961	0.00690729163501742
-0.301073117037375	0.1477252036844
-0.541672414648718	0.235392964935807
0.12660277417998	0.0488804521593308
0.352703991698617	0.19858250316023
0.500888163083546	0.207173462447877
-1.08328339450837	0.370848428206928
1.28308827255637	0.615387686257593
1.69025972111471	1.30112145948795
1.76356237911678	1.23313565390943
0.557355604387933	0.204976570305999
-0.0967325852482324	0.0327805971226857
0.128037384914389	0.0511267585233957
1.05998181148257	0.626735001209306
0.676992393862081	0.364690290922267
-0.548472425512628	0.244883006109469
1.85765584907919	1.53612408168425
1.27366131270449	0.592648515597065
0.00866705764748314	0.00250892523770994
0.312831180025471	0.105802260550064
0.147353271301897	0.0635964840998678
0.804479056665419	0.397678227044817
0.308461785784733	0.124747830652558
0.292773093943381	0.104076384455481
0.892353269912933	0.552860232472979
-1.75208989324658	0.769232717535251
0.59880414528477	0.350336324308073
-1.29382475848449	0.863830670043679
1.29030392607171	0.593346654994484
1.29154243329185	0.780140604589819
0.134433197321118	0.0524819016851888
-0.114392420087936	0.0486286846569533
0.157155098024974	0.07879023043913
-0.542824169800835	0.241268498745753
0.865369087801152	0.49154774844573
0.276686581535262	0.126490136742444
-1.08449523246678	0.641918542045882
-1.3222137072667	0.714757323740366
0.157415790067824	0.0688816398775027
0.0171262259446445	0.00712995174910209
-0.0055297677130729	0.00181254337525166
0.696409026729774	0.309746537385621
0.566650553806318	0.20507854476826
0.302772148242654	0.106889593163489
0.248130728476115	0.123243332498719
0.605362523823504	0.36557616884953
0.119703180908424	0.0605095503578431
-0.301397884902324	0.132089671656737
0.288250006257612	0.131444649642811
-0.405993140199286	0.166111334144985
-0.399634063189309	0.196526337935169
-0.0185819186325105	0.00709327290253184
0.14874185171382	0.0663463539736565
1.09307690537201	0.787903049495374
-0.249225514792959	0.0958368401971283
0.810446757754015	0.39891865215414
0.601532449319755	0.35354110355739
1.05454554785091	0.626138638193414
0.0235873511931269	0.0111345960376229
0.784534380112336	0.521777911178121
0.0449349674485958	0.0206411457036326
-0.445699667114953	0.27199814531021
-0.300709478391921	0.131609609650441
-1.42190277090496	0.813631375115616
0.737597521280151	0.443472633980072
-0.518522788361015	0.137251012289687
-0.936124576281147	0.38376410408916
-1.28300540309424	0.46985272572152
-0.254681716589054	0.0987595307910649
-0.10314454902063	0.0352061147468486
0.615333917857959	0.300477384981363
0.0514465516809972	0.0228471326734054
1.27298017717073	0.949143617332624
1.28238048184675	0.589162638749535
1.27339981848718	0.763581525236826
0.699316736633503	0.380350580778607
0.916964668557503	0.597838378420565
-0.140389285930749	0.0772133548319305
0.857327514886872	0.489664267325246
0.141887108885206	0.0673417036907627
0.531070116981836	0.375230426725168
-0.181479541282872	0.0736922613967837
-0.19796835728559	0.077287931903184
1.54972203603841	0.952387366559072
-0.0920822511388798	0.0327756274216671
-1.07945716189932	0.363853566224814
-1.72623305819342	1.52911709607065
0.0971193813362326	0.0325649191658198
0.138450074230002	0.0607600180006477
1.26177472030304	0.931553419977951
0.453789082095759	0.252463120898833
0.0485333454591118	0.0215952643870984
0.704446002745074	0.287498281033898
0.804816564937386	0.409522470681615
-0.0437185716156176	0.0160263485370268
1.28626866786196	0.614354404413717
0.214293304238857	0.113200414770552
0.134642517012214	0.0589614367712725
-1.30649622545058	0.700653158362702
1.05047160838104	0.621586754790498
-0.671122186657312	0.306399540077303
0.315208962222958	0.0911817061531431
1.29113706680622	0.712562973958357
-0.505754192095938	0.262139720877503
2.10884351233135	1.46506970982176
1.70797693425629	1.27646280323336
-0.256449233063098	0.0976422581392566
0.298688079326615	0.161644035759065
0.849330913822361	0.482872793001555
-2.4946503122275	0.759347999169937
1.59197750053768	1.37736226218112
0.117942913401249	0.0465741232404185
0.129960393886016	0.0479292530659195
0.122783388120764	0.0478103891362977
1.2961473432342	0.790403967185667
0.486071138452092	0.202520445895793
0.794758966031079	0.389330219405225
1.00265465854505	0.50269373641591
1.50693626760897	1.07210735390411
