x	y
0.297914548624172	0.121632358815689
0.806018553800691	0.409251152165225
0.481935840695233	0.197241505160393
1.0182859029535	0.534681682563826
0.558152841326255	0.201039339198775
1.08136502414203	0.709249251907303
0.929955747316649	0.648099336290709
0.0110140980902782	0.00470712440683947
-0.099827020486741	0.0452387202298268
0.806729579138522	0.407135002601379
0.719270315772166	0.411539593122087
0.746140485165494	0.455808082396601
1.69789207636643	1.24708951012714
0.239459075520552	0.127545961943634
0.527959833581018	0.277890112295868
1.09341676909656	0.855463920120479
1.10750773997058	0.855614593564897
1.05811039194338	0.630286289036831
0.82480835148076	0.638381517652084
1.30044500898451	0.681643524835184
0.808793848343019	0.793076872348483
0.385221644468654	0.191055153903101
1.56445501688458	0.979464573313776
0.120598201654724	0.0463441350109806
0.217285603850664	0.111165223551152
0.430458253447325	0.264083107666209
0.121083752473686	0.0575312005056782
0.00563475400857832	0.00255875803954624
1.47578839012425	1.07912924999649
1.25960142518924	0.978208539451305
1.08141910373709	0.673733855821656
1.49019948157096	1.49618898442178
2.483503563178	2.10563519140363
-0.229119277616837	0.106807633263012
0.812437568158147	0.407536174167909
0.139106672148063	0.0923556130930324
0.252755908914462	0.123201752153839
-0.603560231634638	0.408988325693604
2.55363940773738	1.89738448523508
0.7889286410422	0.536002691095416
-1.09324962456424	0.657958966155268
0.125957575001189	0.0809344167481805
0.435969528152773	0.262592272426111
0.506038609680066	0.365807098958316
1.26652397496466	0.836258125722859
0.891841882612145	0.544233532694534
0.910591033959532	0.587177011328802
1.26360804575127	0.905280268749988
1.57352972841629	1.43020791285476
1.12023778695489	0.889183859607563
-0.216181890907592	0.0967975176867856
0.250312776467039	0.135073677084259
0.184331892332707	0.102708941237596
0.414533698605717	0.247878625839218
0.700359820118355	0.504974990572373
0.141466417328622	0.0583203445499205
0.58995510326027	0.350261312154593
0.560710140851591	0.204490514274638
0.514810360141266	0.308526716164679
1.60669482539872	0.886467113373432
1.28380837815905	0.599734003751352
0.486125951016702	0.209968036858556
-1.78906063207942	1.22130613216243
-0.101132795418173	0.0447944180427523
0.551180968147886	0.556075793461798
0.147569087114293	0.0984103079424128
0.2344075003999	0.125466840168636
0.116591375974703	0.0634100498467757
-0.586173105282906	0.393373318130895
1.09105875878794	0.774279208466539
0.778636903057717	0.519656638153941
1.07327598687921	1.05735483413564
-0.25736270344682	0.187106085912098
0.061845105727997	0.0301449580432859
1.35002257700291	1.34571562025136
-1.26926710102884	0.839299619688833
-0.531985363687066	0.383079060567215
0.362784877537317	0.201503601176232
0.149569403836418	0.0654322594073129
0.470212371509107	0.316193092384739
2.7630640537615	2.50836824552825
-0.373090866072631	0.221689061340974
-0.00808684221055676	0.00337600008908123
-0.733446373442768	0.407899355856836
-2.53114492817953	1.63744896933901
0.740959616276696	0.463134288863326
0.678855735433372	0.3619651023651
0.791620786319975	0.396650884365705
0.540274986045954	0.291304425268878
0.303343766930786	0.12363746591326
0.283381120260214	0.11313426030459
0.703522120451787	0.368116262696717
0.427218568579447	0.262567636085495
-2.23690826796794	1.23872938518899
-0.367877286717687	0.205387597962256
0.252129177231415	0.124290719491708
-0.926925962748738	0.39443248611498
-0.632660772671469	0.347924104397996
0.350413964473163	0.241033723632719
1.06201703867061	0.684905285755501
1.58131093105416	1.39802290926901
-0.0890460357266695	0.0436158972697699
0.299998876439761	0.106399477185425
0.520642890626445	0.273861280710601
0.478480608615029	0.314210331724185
0.544161221598531	0.411953515514691
0.109075438690643	0.0591499445164847
-0.349137768771605	0.20052281468676
0.756291060835934	0.464874914760579
2.03179775044339	1.73172073898912
-0.401790298606931	0.21131898771396
0.384503767834268	0.27515045266855
0.120443132927803	0.0609522518974617
-0.631510183674008	0.346595371923496
1.26974023300808	0.837575111683891
0.738804757299799	0.567244970569789
0.484011138936161	0.205852046952375
-0.276328439179198	0.190743816547876
0.62989049353408	0.510827477015678
-2.44402322139723	1.49358103758422
1.08564439158517	0.68331326201871
-1.329176715342	0.680379629281726
0.661825968094239	0.431226061664582
1.25897168506946	0.910099349444152
0.96928532800063	0.790327011817779
2.26546469775513	2.0186371783814
0.0986004407796034	0.0336955754451977
-0.727332966191467	0.428852611850115
1.29058532295098	0.774790071561872
-0.446649108026879	0.227859690515834
0.146296556379506	0.0628171474914069
1.57337368895936	1.37929285878372
0.528090818179878	0.338858045555998
-0.411940871244839	0.22300440105791
1.24165695689019	0.960415926953634
-0.725463207897099	0.40156594263003
2.1509394725075	2.15584439597696
1.11047807405467	0.841875493471955
0.550934145349922	0.285073709040064
0.431761239538582	0.258527763145929
0.536236812230687	0.287945155410472
0.126243968731639	0.0545028947908344
0.937559593880193	0.654148178590544
1.09296489140665	0.757783579215255
0.606513741761712	0.295035024874023
-0.805631310050397	0.496785988003138
-0.188127892388041	0.0735067290336018
-0.78850792326069	0.326892092037814
-0.166847428327999	0.0865047573282977
0.13626561803983	0.0648627369375192
0.531532225680112	0.274075670999667
-0.519146854453805	0.301130848723164
2.12331939943013	1.75244517477801
1.2795971430277	0.788947086835183
0.461655330572321	0.367822946451579
0.181010098457906	0.108750424893004
0.314143585954624	0.182039164218565
-0.187153854160164	0.0764416075964904
-0.266861404771365	0.174299728446045
0.292534839803959	0.132527023830214
0.121337207058851	0.0475147548448056
0.828134934103424	0.653684648128952
-0.163516927983267	0.082381988933985
0.835081452028434	0.645525421512098
-0.447053703525793	0.153258240882995
-0.731277406522364	0.422539870176515
0.276514033267426	0.138855751913576
0.106766395719839	0.0708901481402698
0.677661782882949	0.62100964867743
-0.388010710742383	0.180528308650399
-0.0685914787194266	0.0322488105562995
0.854084858556319	0.729792962858952
-2.02825635080486	1.5212874417235
-0.427820493674932	0.22184574632071
-0.086358390679106	0.0304440917173083
0.841644368826202	0.446282800686422
0.263524886550695	0.116430030886358
-1.07057093678215	0.508089088176909
-0.874763147526085	0.452593982421086
0.254374762863175	0.127127925828533
0.708020439122221	0.379071770008236
0.145308635737771	0.0683361774809049
-0.0883450042383279	0.0391490738037103
1.40963950071334	1.15119365259536
2.77270981657924	2.72803628722749
-0.555846533718767	0.246035950293583
0.3214385646046	0.187774975573449
-0.293445159193994	0.128274343948838
0.356682806106162	0.200788225870172
0.130972005976749	0.0518365135511243
0.598838707468958	0.351034121584633
0.70747537332535	0.315828587148491
-0.0990614912784758	0.044745416143484
0.275996498658018	0.108882014818788
0.544736158552181	0.195916011765574
0.933934098556355	0.657683046591668
0.485077092659501	0.209736342306776
0.142129016665086	0.0548805383330186
-0.687156500559928	0.324949338305414
0.435544139786438	0.207648426199849
0.326498945365775	0.194487835408825
0.551564756500136	0.197937222310164
-1.85419278143027	1.30730356765904
-0.402354780717062	0.167779581987783
-0.034331247262267	0.0196951621245535
-0.0960500939715307	0.0453173068715376
0.283545550145383	0.109034366886304
-1.46888870891571	0.570875749637581
1.30579363417277	0.505323397178712
-1.27509471351677	0.843724588345606
-0.297898826841011	0.146992233606748
0.126336824172749	0.0531022212263097
-0.41046038778976	0.212271700219849
0.131160932590669	0.070909307170875
-0.0866207331128502	0.0300826063464913
-0.422611383308926	0.22767239522198
-0.392151415503787	0.186267324468426
0.0292785896329676	0.014396373834054
0.961204407474098	0.752111719245615
0.794234512967971	0.394952525859197
0.936022576151249	0.648446194026538
-0.0953433685787438	0.0329240710809118
-0.661162633077637	0.301824095757577
-1.21021238691442	0.598580343347882
1.29580355976211	0.694469833056682
0.642459494790761	0.455588240659484
-0.168349137313091	0.0706643712324961
0.675552855427761	0.365441933143441
0.965294214391758	0.445553741962159
1.7683599052277	1.22817851360377
-0.0862754493812915	0.0303196992486434
-0.100433580666566	0.0223310096939592
-0.00624014935284521	0.000790666291498405
0.963636143491009	0.434488027186146
1.2703326813481	0.876317827235479
0.294785101123119	0.102825566298056
-0.235759541131017	0.0743536615313082
0.0809138065028183	0.026479086278355
-0.0251898538960525	0.00956720966593579
0.409911716848349	0.284114372067468
0.791748683031807	0.540154453795003
0.421009062760568	0.193279635917331
0.859288518618763	0.488874215010719
-0.984895455619067	0.567274199326138
0.600871325687111	0.281495771880734
0.565929439167078	0.459900937819039
0.0171650322908815	0.00438522297611842
0.571371234265662	0.391421657098406
0.82575961872554	0.601536801748458
0.538128668594845	0.287105727311893
0.546241344924855	0.349093258007903
0.00221934357613427	0.00120966186368672
-0.0863172753704861	0.0304322275480612
0.0983550481415305	0.0336114230903965
-0.222892689258545	0.10491037024967
1.02584104743723	0.522246010239294
1.01499897402238	0.51168116335474
-0.237212415301336	0.0748327439790269
0.323705695530232	0.095444827266487
0.552891734251425	0.205564356278539
-0.442668914483889	0.153258638973545
-0.417737229583052	0.174088046512555
-0.108262355423444	0.0363681990029817
0.880075887626372	0.33319859479264
1.28643329256404	0.600545913576946
0.00180289364207399	0.00107273937543814
1.63018163369153	0.852263082516087
0.29839829311084	0.117550504349424
-0.243374819620522	0.0759703352600238
0.0856045860427463	0.0296357485858222
0.291635689406412	0.118019113558409
-0.449099734035736	0.158277241802759
0.548824187685504	0.199937258236108
0.0112081355016869	0.00310776757060267
0.961513199615659	0.823485544492025
0.940967524500974	0.679427182042088
0.226920075205752	0.120116965750126
0.355318765605105	0.194962424362031
0.668747719958963	0.344657475570932
1.01980128509359	0.529766654797192
1.71640325670064	1.67193298756065
1.28195059198468	0.784882821918332
0.496511958615908	0.212623348401981
0.0125770160118149	0.00341390833792685
-0.260029175172371	0.10064501268103
0.101092886273393	0.0388315749264962
1.2749903818028	0.864574253890089
0.685735733256208	0.385517625035711
0.798033669068596	0.410835522197496
1.29775260580164	0.611429353584948
0.374229685641459	0.187547512102433
0.0181242215716642	0.00763245739163135
0.850486336669898	0.721725396152488
0.00735778258142876	0.00220952642480193
-0.444715648875347	0.151272252651129
-0.114281106210482	0.0477563095328001
1.29227613548407	0.506656794450709
0.570335415400792	0.205156499065008
0.122980028264532	0.0480257052309356
1.93515399033225	0.792188355021487
-0.0931050541983957	0.032276797827632
0.498292007298498	0.211826322687492
-0.11575148741119	0.0389084503409896
1.93400096432528	0.789526308766741
1.28410066446612	0.762759009235625
1.71811050697673	0.761540488295268
0.303458320509223	0.107537338686125
1.71887780323167	0.862960826081481
-0.0290588010624748	0.0106240668383228
1.68978312347152	1.28081463689523
0.299713212530336	0.107018532078874
0.54857087575441	0.128558386573012
0.74442044520706	0.226970742670611
-0.834152635363741	0.25296310080088
-0.258848694813062	0.0997575623180418
-2.2490289694371	1.22720353246148
0.301533202120874	0.105345327690483
1.28005476154871	0.789750621604486
0.331059341247749	0.0965806007825434
0.0981945478545039	0.0327131213909426
0.331059341247749	0.0965806007825434
0.540516763764104	0.126430146128776
0.00735778258142876	0.00220952642480193
0.0132986595705727	0.00364904689139703
0.316067710693948	0.122649409970994
2.38496008828001	2.71852472868231
1.09200761623835	0.758073290090505
0.702604239470879	0.502638680105228
0.86036813467143	0.506768492003671
0.43227338810677	0.205458710381337
0.343725520264643	0.192541245730059
0.870924852703802	0.738663724267809
0.317862415444979	0.105760008866057
-0.238281379134718	0.073026313244872
1.27012781506586	0.751054554724029
0.798482088351855	0.408505883339118
0.957232930067052	0.434010375926612
1.2757487347179	0.753469473953644
-1.07142851728416	0.35578122297751
0.804347150585356	0.406412654838779
0.50266314061474	0.209549583398552
0.475649699617106	0.196416882179672
0.481038759077523	0.202086319948691
0.294321115998373	0.118134150907223
0.480055926560091	0.205882287111606
1.06364907836343	0.626344480420002
1.62870715009682	1.36520921084912
0.806043544756681	0.4086504803906
0.957000040150721	0.428560554132988
0.818018221756471	0.407338983739337
1.2524675961672	0.921952516848199
-0.0851400425772954	0.0296575331937571
2.05169678387542	1.16846346692989
1.29848103342909	0.612605293364199
0.696845655925844	0.30524524743131
1.60461056448217	0.81525859122757
0.0949487964623006	0.0315524866664236
-2.49348075277667	0.760631300990853
2.04371991801897	1.17488886592512
2.69494154600299	1.52836121726408
0.867769489278378	0.329132831925164
-0.827414816822434	0.249739591539434
0.749070350540287	0.232504892288716
-0.829369965901945	0.248779369121827
0.562171083899824	0.20945234556886
0.482164957571231	0.20089029204209
-2.83133823353176	0.934971127868472
1.38862995695289	0.439716681685414
-1.29108890735412	0.462636067986867
-0.840233233068302	0.250814356122496
0.955487671417145	0.427325149881794
-0.246539768207762	0.0773565978250945
-0.0962833901203116	0.0222038630107127
0.744963299474828	0.2325771171156
1.87110733943015	0.599602400649659
1.87680508733918	0.595685726697882
0.715218354233268	0.312788294758657
0.950026384802679	0.423182021873961
0.562558974481856	0.19851906437593
1.39074595013018	0.449376726983695
1.38159292353248	0.445976872538675
-0.100630873298134	0.0231392113137372
0.306936562723294	0.110093542290928
1.2660336003406	0.723534887911105
-0.0933464908639628	0.0212702965815671
0.0015547750555573	0.000720021214793046
-1.88772311476687	0.883787689385251
1.04283058522923	0.615434518557892
0.30741388467592	0.124732501961723
2.05732544465248	1.09374611795863
-1.07945716189932	0.363853566224814
-0.628838118507978	0.241580521936116
3.24272896954597	1.42547214627273
0.738190443583785	0.227698765264521
1.38488691804201	0.443152527504214
-1.29917489848011	0.476122054473989
1.28321570978636	0.585068594472004
0.578025558164696	0.328538878387505
0.535268238769168	0.292814104272726
0.683245332687548	0.55659252542284
1.05992486843381	1.04801620152222
0.787965428902511	0.53227200189389
2.30039979496403	2.15848124591958
1.30070328472945	0.779510220654902
0.598400167204022	0.401541269261606
1.26546482601629	0.882922300358679
0.92773533117721	0.642594150006895
-0.0904718179451637	0.0306322070838002
-1.6220392506428	0.68791114186697
1.26870366994685	0.747202298081855
0.601633062642501	0.293440123927236
0.422836547906919	0.193028960836109
0.785861325257607	0.38867106695135
0.959701142016171	0.437272667017061
0.738355836787058	0.228487450174743
1.2937420225936	0.769266175033779
0.294428173978414	0.119497475826097
-1.61525292386888	0.684271272958226
1.93504218209457	0.775047818510556
0.603465785562223	0.290417009947111
1.25791548356658	0.977603880106815
0.289218096156933	0.126895356040595
0.806942512444005	0.408376947340524
1.44166125258369	1.12707015493499
0.848751951614073	0.645931986894282
0.317740581646402	0.109364622537775
-0.111372261390302	0.0379156030190949
0.925330545907558	0.643358369234607
-0.0219399647404412	0.00854610952806056
-0.106869180894077	0.0470418556407459
0.302100908012559	0.104934604275071
-0.783171766310964	0.321443155948497
0.568131518697229	0.210993711274774
-0.266650434959785	0.0984520850730106
0.796385381147695	0.410213979267056
-0.419486817795414	0.17369373995937
-1.59682740436246	0.942425509983052
0.548955309270444	0.19564108523989
1.87693466126903	0.595647178734079
0.743418412008446	0.226976622674307
-0.628337297748512	0.233882154870613
1.28849337642813	0.600439704214692
1.87492520164159	0.596544505245442
0.321596831485915	0.0953901221130846
-0.520802749971932	0.137595352476473
0.883237743966731	0.342149835436585
-1.46015956548501	0.574745191187339
0.017979073648316	0.00466661923012803
0.54857087575441	0.128558386573012
0.310351255406493	0.109857579082588
2.6816034963822	1.4859351440792
1.27617098171512	0.684569008832809
-1.0885566476252	0.369289157276746
0.562884513415761	0.204562775575446
-0.101056359436139	0.0338402573662196
0.965625522208066	0.446761103672938
0.323721577140901	0.0911876413216331
0.557538423079864	0.210347031905834
0.809071136780467	0.406694241058394
2.31598496913223	1.75894519553903
-2.04902373026814	0.584535062964325
1.29792027770602	0.4884100633989
-0.0945032483602891	0.0218370726435746
-0.832168409431155	0.248980114167423
1.29373322625114	0.599928439271135
-2.49348075277667	0.760631300990853
-1.29664887772643	0.460600036224433
-0.239665675174267	0.0758816081140354
0.330443145225439	0.0942616611757758
-0.831974893269606	0.252927992747765
-0.454722770731292	0.157047340723483
-1.28207481227429	0.473471454058406
1.29046747502969	0.718550281473813
-0.234079804153495	0.0711718356160425
-1.0781831686054	0.351497185158558
-3.09758000874198	1.09367827811836
0.299289508402458	0.103231854853593
1.94293661506833	0.755785609585475
-0.39838293893738	0.156847816907654
0.28540719837485	0.0954209129753226
1.77146809204719	1.2548845012656
1.30110747636288	0.498525090323233
0.308695712500692	0.110129111780495
-0.662185660940703	0.31404886137638
0.742858566830602	0.222845210348703
1.72040876410359	0.838164948840007
0.00713763059336234	0.00212611679198555
-0.229774502064716	0.0712751761818791
1.38310568737594	0.45202977531251
1.27884729103687	0.590310150705149
0.262081057448453	0.130273560348753
0.875820304628002	0.783065731702668
0.529550257585334	0.335321842146672
1.09458799059668	1.02486707492473
1.23594147146507	1.03174294765052
0.691430827290328	0.383330498608107
0.956888747849711	0.723243221244452
0.756535468120324	0.458935748735915
0.705047754809303	0.381417655375087
2.29619754813189	1.78107770066926
0.866454487892075	0.312196096418755
1.07979305776639	0.721927380782466
1.89414956074296	1.19015297652601
1.25932193840713	0.924605305804835
0.304086008515495	0.107490987527901
0.675089645173424	0.365632730725261
1.89940630326856	1.20347304951534
1.97407299700749	1.55288742710709
1.021638312475	0.544909904594361
-1.00723464873334	0.589764185783501
-0.779194763218412	0.30747379692713
-0.778502679092996	0.402564872177849
0.708291927733409	0.509020285863872
-0.423693688595722	0.203625336997663
0.78171288465373	0.382612551951911
-0.449806099370683	0.154893005476604
-0.623561304815685	0.234277836951613
-0.246509348849218	0.0774697718467404
0.912573030307222	0.563126837670512
2.06187710783545	1.12949014749871
0.857235818266669	0.475822747888445
0.0930620358941536	0.0310993091805095
0.482306752712878	0.272466591204168
1.0864749041362	0.70033180039174
0.132222510355809	0.0506812024537311
-0.0906240904339639	0.0314796060678705
0.605906598163356	0.287534959540064
0.131867637955546	0.0626541648317214
-0.442887594380354	0.153064672097082
0.563519148073657	0.210932625353315
2.32466448030609	1.50984437255355
0.908433038102212	0.563276097985314
1.29121903042544	0.680528576821437
-0.249732114272074	0.0744195615192263
0.0910988889678676	0.0304750463093694
3.64256396807776	1.77599909416839
1.29820724073192	0.572115677501493
0.559584005737016	0.209985261051233
-1.07187320968594	0.357882420410236
1.77352496156124	1.25468718758705
-0.0997743775639277	0.0332678214959678
1.28549430878087	0.69549170209551
1.60978434186796	0.89353585821059
-0.514680488872461	0.137579947568615
0.866664023544977	0.336347169504764
0.566079538688115	0.206288602812544
-0.235937790139879	0.0739705012996475
1.38427123595822	0.453531705710845
1.71124584343972	0.822852173955855
-0.10075853176445	0.022608042052954
-3.50345173957519	1.34706552782025
1.29089541196436	0.716260587192615
3.65847338742299	1.84527996042632
1.29447340564201	0.509609664420835
1.29297248126587	0.773098569222263
1.4962479627981	1.01173821063581
1.28436416976343	0.704959730520412
3.65927777306904	1.83817233580402
1.28089311207463	0.598138682659345
0.012167656323443	0.00333100009968121
0.546465924658674	0.128383503124171
-0.0962833901203116	0.0222038630107127
-1.45421686388904	0.568575438155638
1.30289125834591	0.518723286387351
0.866920466008549	0.331491107023402
2.36179210582169	1.18626902630941
1.38427123595822	0.453531705710845
-2.49231208841664	0.741884845199983
0.29522480154212	0.103030416845687
-1.07773590957251	0.364585466114807
1.94056540988317	0.801039885015426
-0.521239785553401	0.140369579797354
-1.61547677919067	0.68335736830004
-1.37736686643192	0.369817212053887
0.615011534364951	0.304889165902722
-0.100433580666566	0.0223310096939592
0.789852338975022	0.385357035289001
0.312443322608447	0.0909266558831122
-0.0866207331128502	0.0300826063464913
-0.833408040905954	0.250484038706387
0.965473188073921	0.436301410882668
1.06992716743877	0.623628332383813
1.3852161325822	0.449767700794641
1.93725201045493	0.788334484788622
-0.106566471069748	0.0236156238664408
0.559957072096363	0.204970014267313
1.39103758254509	0.436160405221504
0.314633899723433	0.0916227904320196
0.0937168610317459	0.0319503355036189
-0.0962833901203116	0.0222038630107127
1.34813260528744	1.2507692920649
1.62008978101909	1.32090691433149
0.718839515997567	0.560477732087943
2.10772116374834	1.45541066823036
0.224779095154022	0.127450971565903
0.698584510488914	0.299017387512654
1.09617953053645	0.890902588218547
0.95562698440667	0.427492230655025
0.297414970340764	0.121613456778363
1.85663397656704	1.53217050636038
1.4907123549078	1.51220610851483
0.709358724268349	0.322993485508799
1.70053799971459	1.95181167336186
0.89518328118589	0.567112120486421
1.28433937836949	0.694761017292366
1.06869910856877	0.620393427206331
1.00938642341845	0.516518861478672
2.04693206649828	1.16543516765599
2.30689566673892	1.85740653277078
0.444549222877273	0.202477257013311
0.79956387573571	0.412728158541787
1.7793843982906	1.63891361074042
1.51228322809993	1.04458711704308
0.86967394210376	0.319722900244165
0.00783116269067423	0.00242541239617725
0.784599635611463	0.384821443972912
1.56581434520816	0.933923994959959
-1.08522412925042	0.362643044085522
-0.105110575947249	0.0235349560977657
0.973514533381084	0.447298882318083
-0.836634894627274	0.257543939751531
0.44525328360152	0.211961203427413
1.27991846100538	0.677133210119761
1.26209250669444	0.895847858619082
1.89878077507914	1.8466133265718
1.62028562175908	0.875575549908905
1.70016302690231	1.59386793177126
0.797484422414885	0.394242882660695
0.0129153418849133	0.00344424604437407
1.63328662155075	1.35929898089307
0.40329584722166	0.201264395989319
0.685149070197403	0.371163914570914
1.78028093407349	1.24594669488552
0.443556235677313	0.213795996886829
0.141846101229262	0.059679420850952
0.395067488808082	0.201371090746057
0.746218473927948	0.4559042112339
-1.28879737062027	0.468122387716328
0.814629304460256	0.400664471186662
-0.241117232203474	0.0766152348332909
1.06747904217622	0.639615850307143
0.0971483151866662	0.032914274380793
0.713585971715274	0.312928731392991
0.620794487030289	0.301787821378211
1.61222018851353	0.888305075634061
1.90082603569117	1.19259931708309
0.547153124490705	0.128061292620407
1.39041632652022	0.449818911651812
1.30102180487049	0.702679482775719
1.68974054898531	1.26669899264771
0.747433875359793	0.222937106239901
0.553647914008372	0.279187210063542
0.704047760239107	0.308131702398861
-0.516775237435231	0.138362889204207
0.541100401848291	0.127818857380943
1.29668222334057	0.486242051396532
0.54857087575441	0.128558386573012
2.04247760359377	1.1458232892976
0.00859363590143225	0.00255785366118792
1.72094631236716	0.835589840004041
0.320252995132102	0.0952285767224367
-1.29435798572725	0.480339703041541
0.750616379759355	0.228057597960547
-0.836229957159059	0.247317031216125
0.885145150564903	0.335959819350958
0.547153124490705	0.128061292620407
0.290707507423877	0.119218035844751
0.429408020028848	0.199180628812333
1.3786569368744	1.16845008197616
0.751930232922322	0.222847951020874
-1.45662803321498	0.56764051133421
-2.4946503122275	0.759347999169937
1.0154522652651	0.518458220525475
1.02310670149152	0.524293903806638
-0.095335539902063	0.0215346615173759
3.25273664292548	1.4467390679083
0.324797204236395	0.09588222613702
1.93751829135661	0.789287735908168
-1.07815892867015	0.363555579143483
-3.32013518200022	1.21087626955713
0.872821635610177	0.342952084236384
0.551450793636633	0.199123470518551
1.87693466126903	0.595647178734079
0.314633899723433	0.0916227904320196
1.30743690386423	0.517391142582921
0.307710514458015	0.0895071223373938
2.61651297471531	2.35877256388513
0.745703811636536	0.228481367728924
0.296022516264402	0.116282764864778
0.00735778258142876	0.00220952642480193
-0.0995973058669546	0.0224260918786388
-2.05314601736911	0.57654870638546
1.29342382351581	0.506504029225842
1.94131353117111	0.805172253180273
0.877056025692956	0.341417439858904
-2.05021356478115	0.569031985318464
-0.445101493970742	0.149949319551661
1.39136829124984	0.446170964769697
0.0148490360916572	0.00383708291074221
1.93057704206056	0.781405269039522
0.940194886835471	0.861588438810692
1.09787812950063	0.704721847861849
0.0927002628812514	0.031098282472655
0.924214198339166	0.625721484400496
2.13810396316408	1.86130989868855
2.13987081615658	2.05782639776188
1.07366643108454	0.694528477687406
1.57983051713305	1.39996624968664
0.954362011640306	0.705666279053812
0.876524123259095	0.342013035419938
1.2702285517256	0.853868580573364
1.39836946791362	1.22682831548263
2.16236396615536	2.11123522588035
2.1074363283024	1.51877719607731
0.782536118826374	0.513207630958763
1.52641582968587	1.43288542019734
0.80815075919572	0.408252837604969
1.2697125288744	0.745727428546611
0.613479199066363	0.298965163376415
-0.305386920995258	0.133709996026025
1.2760691966636	0.861083594888912
-3.69988550558847	1.30009545767115
0.877878316146411	0.48143989940393
0.59131061599958	0.340615661238135
1.49849758327793	1.0205959872325
1.29133136914074	0.798587596133929
0.0932223782093277	0.0313532921626955
0.677744826396376	0.371712381689821
1.60942238232372	0.873959652952204
1.26551319111268	0.816934483833407
1.6199258941265	0.898126535705115
0.562929792440279	0.205790146683062
1.30063400545627	0.513389256943184
0.0892332100554281	0.0305698953116113
1.60570227530683	0.891344730226498
0.878063035149765	0.332310344071191
0.801397205464477	0.40431598501759
-1.18135285425291	0.583528461427401
1.29256672880806	0.605141655536341
0.319287557243445	0.0899958441554912
0.7872991610789	0.386466762116377
0.798707267881683	0.40089614594497
0.0440387982990125	0.0215091282353807
0.423675668985781	0.196694106561677
2.63685664028566	2.39765303783127
1.82029556694941	1.92319281458652
0.409244726041498	0.184700202387528
1.38605416874139	0.451696726388903
2.30223939855473	1.78365546437969
1.70312749465178	0.803679175817727
-2.82685472330953	0.922711444031235
0.306560007608158	0.106939601876431
0.963648934683512	0.437093984517148
0.54857087575441	0.128558386573012
0.323705695530232	0.095444827266487
1.46244825153792	1.09937145118746
0.553053926811495	0.195160325348435
2.5522505566241	1.78019396216545
1.30573303100557	0.499554229927306
-0.0035044494090112	0.000374007980371103
0.0123876104363821	0.00332088703147064
-0.78197195380695	0.308051966450716
0.0119481861389783	0.00319511477387208
0.0879359489495166	0.0297443015196944
0.548332676093981	0.128537566389422
0.81174200225606	0.417562909445421
-1.757167323677	0.785545886007129
0.322762749874878	0.0935836834104354
0.0801528827643402	0.0275072143393075
0.304739178453704	0.107039717682374
0.0138323337486188	0.003773407021755
2.05312638378833	1.14018274028891
2.35060552746542	1.13799890496524
1.6118302750873	0.859612983232824
0.561463326366569	0.200946365819002
0.544175487457479	0.126874637564392
-0.835242582387023	0.248047458204957
1.87492520164159	0.596544505245442
0.552752180515757	0.201672651763843
-0.517911135702038	0.138411916640514
1.72040876410359	0.838164948840007
-2.49348075277667	0.760631300990853
1.30587132432272	0.514753546836138
2.35552473992416	1.14103117192265
3.65262338895493	1.87036661789963
0.309214100843144	0.110363401502379
1.87110733943015	0.599602400649659
1.61845199841436	0.899350132704348
2.04547809956047	1.14059129930121
0.299798186741266	0.105958409663638
0.548235753538329	0.195411498445656
1.94226546101719	0.798478773934451
1.39041632652022	0.449818911651812
-3.10114808039898	1.05727517208626
-3.31219836079853	1.21229419336227
-0.835242582387023	0.248047458204957
0.547153124490705	0.128061292620407
0.739498461318299	0.224344540791199
-0.825799730446553	0.248850296046326
0.301123571929309	0.104530159141793
0.555492691623485	0.206071394995507
-0.0941779390158178	0.0217731946290539
1.87680508733918	0.595685726697882
2.0497052655746	1.16910843118802
1.94016088732929	0.80242414532779
1.71386472322979	0.838621915186081
-0.521239785553401	0.140369579797354
0.744963299474828	0.2325771171156
1.90237378315101	3.07193272354835
1.07028989170621	1.24324453812645
1.39219545510406	1.22392660171687
0.932072627817742	0.642440329506396
1.21498670653596	1.09670262438493
1.2459430711943	0.996581928310263
0.784013809812779	0.522072448392584
0.228699317835227	0.131688794921622
0.135848536248917	0.0595308011894224
-2.14497810746854	1.15616119912175
1.87876551723365	1.17793893281702
1.77704619894451	1.64820637799342
0.748116901780599	0.461342224946322
-0.530828167333377	0.260708798891418
-0.412877672180842	0.201671452449967
0.800095546797299	0.386809658839966
0.385676646408999	0.199235168321801
1.54801702744654	0.995906322529025
2.14414305981702	2.18014111608787
0.145800734697594	0.0682492351631823
1.28552192220054	0.613124667947747
1.0876258660883	0.840626819010758
0.27130582932733	0.122074774518615
0.968277016187416	0.434227778818125
1.71277646147975	0.80063934071007
0.55455585257059	0.203890364084656
-0.169018694070606	0.0659897000996647
0.615665563281429	0.283597836173491
0.0211553956955767	0.00874690878516059
-0.166775799061481	0.0695269466395856
-0.442254109710339	0.149429090871993
-0.439359006276446	0.149094115896008
-0.250438360879019	0.0775638663008411
1.54089746899861	0.951193815740681
-0.727691291726606	0.422239066555112
1.28047634888139	0.597133001347817
0.872086834279008	0.33780025631223
1.55956355036184	0.958494508955648
1.37716257864656	1.30548653802498
0.608329090955404	0.355043534165056
1.29110075600474	0.576131322994264
2.9210441560669	2.37782047553015
0.121404670709432	0.0480528086442515
-1.19941316966557	0.594652162783136
0.667697167683876	0.430137842219659
1.09421433799919	0.767608479557742
0.808542228274281	0.406573906646696
0.377755246737742	0.195269096491436
1.88668254761905	1.21174184503352
1.08306281509647	0.703809646233932
1.0762629372837	0.817430007693792
1.28272773379598	0.584367796057237
0.922814790024761	0.625825354871327
1.68978143197746	1.33560841380712
1.27454372487386	0.871014406115399
1.02309086988095	0.537372373785596
2.04299505813823	1.17349124697439
1.02848036087057	0.546553660374466
-0.442887594380354	0.153064672097082
-0.83757359279952	0.250025558200439
-0.10075853176445	0.022608042052954
-0.249258623078413	0.0738118239659757
0.492204204495752	0.213779670632434
0.870966829392787	0.325637817023092
-2.49348075277667	0.760631300990853
-0.0945032483602891	0.0218370726435746
-0.519047917270715	0.135752304649831
0.48012327230106	0.201036048390236
0.861737786132312	0.318789414360134
-2.50108453829271	0.757473465243405
-1.0728426414874	0.357886269207487
0.749070350540287	0.232504892288716
-2.04902373026814	0.584535062964325
0.539209030828055	0.288601435136921
-1.27671926915382	0.462832993252838
1.71292388560741	0.837310537356507
0.487880630924803	0.205274440667375
0.542280131446209	0.128299417175899
1.62286104697638	0.894838773311448
2.05214727143777	1.13030261319217
0.552163577903319	0.20193756900062
1.28116144768961	0.68723282905313
2.35514553396731	1.16621588601112
1.37404570848254	0.438630313948128
2.56026186239146	1.82428425129469
-2.83342854030316	0.917117446615148
1.88856478662067	1.20620380196308
0.546465924658674	0.128383503124171
-2.06284972653458	0.556417435006898
0.482086148507566	0.204807048606453
-1.28835776401867	0.461594430380261
1.28643329256404	0.600545913576946
-2.83249128745503	0.934154025578548
-0.836488039593396	0.252939757569518
0.00735778258142876	0.00220952642480193
2.04220531340161	1.08580033073481
0.562721254126936	0.208189832473217
0.567545398065843	0.205910886978542
1.29751498966241	0.778448665208783
-0.446427706467887	0.14953909256036
3.65501033476153	1.80461802346455
0.743418412008446	0.226976622674307
3.65887547992175	1.9017957742477
-1.45360323354618	0.567880172583835
-0.450823450694333	0.151829489074017
-2.498964405108	0.767925687647617
1.28033647418264	0.594809227788828
1.94056540988317	0.801039885015426
-0.443583379766788	0.153060525677545
0.589574073837671	0.274467249516494
-0.0994736170795967	0.022542834663039
0.317993061091882	0.0929150104958621
1.39103758254509	0.436160405221504
1.61782859528243	0.902142439023213
1.29687604573864	0.503348445569695
0.966642709874233	0.434461264616371
0.546465924658674	0.128383503124171
0.739495127750292	0.229163664241222
0.964063648972797	0.836908189203809
1.40420076238541	1.23419222693408
0.870771978314127	0.500463600948655
0.0203767783271821	0.0105760889917726
0.929240089761893	0.617505336378559
-0.178690152545764	0.0734105476731723
0.624817885450787	0.490103568825133
-1.31470058888325	0.693791791707288
1.77422155271391	1.24985777328346
0.473267802195448	0.264047372769979
-0.639055857377433	0.23600661893794
0.854068374037745	0.670259603302939
3.01392703879762	3.42569434727683
0.711843237325694	0.311063549693177
2.00879675989947	1.82657395420641
2.32795266052361	2.90379799362036
2.31162090868098	1.86515095716422
0.811046822138567	0.408485076700233
2.49016743921445	2.18084548025193
-0.8102535958462	0.326145372155626
0.617154959590371	0.298079324198225
1.92659539711991	2.10578937064231
1.04179969181059	0.508663512667166
1.29501353742001	0.519595491969007
0.11097942541116	0.0409624450169549
-0.0932423034776973	0.0318356470584923
0.494308160554141	0.202934101475801
1.25017023219409	0.979653550793993
0.139782370761286	0.0548015175334386
0.125812637359738	0.053716886209575
0.713829794155826	0.318196901064702
0.605741719722671	0.302329541831122
0.709786293263236	0.313906242274869
1.27128737897928	0.742072816880014
2.6423105217342	2.90723662403787
1.6215712852218	0.877777607599133
2.68613384719174	1.52462037683613
1.89027862826145	1.22582538590185
1.04964413508838	0.617207352797272
1.89112341709859	1.18720354727732
1.77545746205733	1.18401166407244
1.05955469370738	0.628241553012873
-0.534477890198718	0.234265228299841
-0.246912496939271	0.0708526507082952
0.53767513633467	0.292640734002563
0.971567677902125	0.416827835017238
0.744980507015802	0.227659325846765
0.74005934947756	0.228093775301913
1.62629521933176	1.37171845501513
0.698323640891714	0.306455278985785
0.713005054854861	0.313401364255304
0.964783366499003	0.442669054159181
-0.0131532254139728	0.00508493164547828
-1.62862391599524	0.689208309165456
1.29456107641461	0.59564748437442
-0.0882708713400912	0.0395639482791666
0.299289508402458	0.103231854853593
-1.28810247494672	0.480815408735924
1.7798179079109	1.22247048539029
1.94171798110185	0.803776539333411
-1.37855256949683	0.369087290450251
0.303614068060687	0.123356495660046
-1.61646396324469	0.670459942535756
2.9849658796689	1.8758937337406
1.27566399587955	0.576276523359525
1.08230320342928	0.698639858394622
0.489310980643846	0.203017333336753
-1.08341915477405	0.36369710803699
2.70507217841151	1.01576685039178
-0.245797099254876	0.0771691158134994
-0.522739884222163	0.138889648292059
0.0033902800440036	0.00124992013857833
0.42294913740732	0.183598521130395
0.709786293263236	0.313906242274869
1.28905210467429	0.598482064514054
2.68905610385657	1.50039788837066
0.482062702878581	0.194455290591992
1.38488871141273	0.450211777140325
-0.237963257749459	0.0732516619499167
-0.244707933166516	0.0750693928318381
1.02847035489446	0.546517858372686
-2.8427245388945	0.878379752655737
0.688805623980647	0.366631235865026
-1.91095241875551	0.895376562630805
1.60247743776027	0.856223142605001
0.602139963890051	0.295588858524198
-0.838916844488222	0.243381439558329
-1.47868767000537	0.542809971619241
1.3852161325822	0.449767700794641
-1.200394200889	0.608286755797561
-0.517911135702038	0.138411916640514
-0.247164684427361	0.0720735417428904
2.69501131532824	1.00895292772661
1.53709300232216	0.900530591023157
0.00635385736249993	0.0019867419106961
0.542071704546615	0.126697206817108
-0.244974630406592	0.0759744483821371
0.113962301391692	0.0431035419177279
0.0884370247604803	0.0301505476318097
-1.62057757666912	0.687795280757092
0.552158914931119	0.201610333631011
1.05541821451042	0.594948957413721
2.36636591102188	1.16067381436678
2.0432191809564	1.116972696657
0.545286400011961	0.127906532067442
-2.50013836544569	0.752963874303395
1.55240447894449	0.962553005715254
0.738348160190416	0.228612711329341
0.48678692915222	0.209894586855647
1.94131353117111	0.805172253180273
-2.50544223207936	0.750736650496268
1.71384393354623	0.797454980608161
3.24073059107654	1.43390582371323
-0.101093822641608	0.0343658885468306
0.743681786854231	0.22623674195837
0.0143217884608953	0.00371661229200184
3.66274992212324	1.80353598556691
0.556190576533617	0.354065699831026
0.524488528562517	0.364252239546803
0.00581668314236213	0.003174296633204
0.137927573535637	0.0586832452460924
-0.313016903289763	0.127533256827249
0.362016583474273	0.203033182896721
1.24490764540361	1.00431726507172
1.53447766348523	1.43124435727741
0.938061838998965	0.656243111859029
2.56251312004561	1.79000342488848
1.10158703910412	0.851190906997214
1.90496725966364	1.83999241795257
0.282658153234689	0.125333963136286
0.807948247223861	0.392701117311753
1.26628173244435	0.843592863508191
0.976770590306671	0.425715293616436
0.854970922301359	0.449817344639311
1.85395745816726	1.51590252200528
1.55663840354112	0.9420206372129
1.07592010019568	0.695574332749334
1.77813720512548	1.28973873733335
1.28114225924386	0.690397880810919
2.11817152744142	1.53922654521614
0.908577951819691	0.568361748020646
0.901476098404873	0.582449003546427
0.873083055042745	0.328888311878288
0.434329309971196	0.204946647347771
1.07607915028473	0.717907935887095
1.52556269117954	0.834934166381998
0.41438703615131	0.189488212109382
0.650467969761323	0.404195081427879
1.45355216940648	1.08864848679621
3.2224420937607	2.18870104617544
-0.442738987804005	0.149719436890101
-1.28777545889079	0.461063188580087
0.290679305843263	0.116394048352136
1.2763096118266	0.75820215239172
1.77690889453164	1.28251619074601
1.27928117048953	0.934066024762601
3.20289984803587	2.30316674745047
0.748292280909312	0.453695722117861
-0.659509796826426	0.3170900179161
-0.0353325860621092	0.0132665743377401
1.63887116621736	1.3339545934896
1.50693626760897	1.07210735390411
0.862227469472743	0.326243498251806
0.657670666704151	0.414996346772826
1.96912368897576	1.55459925081876
1.31933278678631	1.32388494170438
1.56113088634992	0.932393678719535
0.610318285544347	0.300154606107943
0.864429664476584	0.484611546686914
-0.261881889946932	0.100100756865531
1.27552549066739	0.684670855889518
2.05824780916107	1.13583670166041
1.63018163369153	0.852263082516087
2.05038310790133	1.16351850903499
1.76645315422945	1.84850777931385
1.28701553717023	0.599868303068835
0.962832197010472	0.444430119079501
-0.637079340312777	0.23851574127309
2.04358518649124	1.1410348648452
0.436368573842988	0.205374823487393
1.71638921006439	0.817942574905501
0.309449404767159	0.123063193974784
1.38638151288191	0.451248877983357
0.880891808060356	0.316946915902946
-0.519047917270715	0.135752304649831
0.74005934947756	0.228093775301913
2.36684445134	1.12508220443283
2.35969963123218	1.15936697279271
0.322688990359234	0.0958307659053989
1.38638151288191	0.451248877983357
-0.523513114305865	0.137679209591898
0.966723749442522	0.437789753679784
0.309355176709334	0.127755898973924
1.55557711892051	0.966607810009934
2.69571403303188	1.5210268019616
1.29702455559248	0.692880881115878
1.05646133064447	0.628300629961286
2.34467219475294	1.12043019983351
0.867769489278378	0.329132831925164
1.27457139360989	0.768948192615802
-0.238967145654963	0.0724168592993159
0.00988398501533402	0.00269365248353356
4.25498786721044	2.6853469367405
0.545286400011961	0.127906532067442
-3.09536965170522	1.06547156586543
-2.82685472330953	0.922711444031235
-0.948615562321757	0.395067001964861
0.562171083899824	0.20945234556886
0.740307794316603	0.226991725061648
-0.519047917270715	0.135752304649831
0.321596831485915	0.0953901221130846
0.743418412008446	0.226976622674307
-1.05642595633197	0.474441080577147
0.862227469472743	0.326243498251806
-0.100630873298134	0.0231392113137372
0.298326490204286	0.0978427559259424
0.973676770535679	0.441122816731194
1.02917239880651	0.530024566231858
1.70163844819519	0.803393533297536
2.29755925526635	1.82283724857846
1.30063400545627	0.513389256943184
1.71846016678013	0.812045487215935
0.322762749874878	0.0935836834104354
-2.83249128745503	0.934154025578548
2.69343775115827	1.53418855382058
-3.31902457203743	1.23889070538812
1.39253316011569	0.447615222737444
-1.37736686643192	0.369817212053887
-0.0995973058669546	0.0224260918786388
1.38595983416379	0.444174825449718
0.541100401848291	0.127818857380943
-0.0992708777956576	0.0221496476688967
2.32856862979553	1.53389503043687
1.08901160671645	0.867900329065707
0.64076461718616	0.50327138881681
1.17561200672193	1.108918840596
1.44963780281274	1.90407747521347
1.19721606121681	1.19356995042069
1.21322508685845	1.03815706439711
1.37897971859384	1.20100457849596
-0.504414214083555	0.249946333399407
1.06512299737699	0.687757833243247
1.03476949818503	0.57081328593976
2.35962141829206	1.10951642535962
2.76835595914294	2.03776566504926
-3.50265551196981	1.34769454815451
0.944361756182878	0.63560557468496
1.61055444518622	1.28955452649168
3.24240681893828	1.42771156811189
2.03309502016092	1.11450454480772
1.49817402035441	1.03334360849697
0.932761793126507	0.696359161860729
0.00526618147656546	0.00152611893018079
0.299059771751477	0.106690879367608
1.27354266884097	0.748868187685713
0.300429416798991	0.0996252661247518
0.447162520652347	0.21215835518924
0.782930295672659	0.381107048676408
1.28495522820302	0.60164886990943
0.550118308576297	0.201904572525521
0.308487406266726	0.123327951433241
-0.0992682459221017	0.0441684727705228
0.671403927960015	0.345446241853475
0.701900586318442	0.304043620853853
1.24226213037968	0.878808632254317
0.299009891702011	0.120061696475213
0.705753317015457	0.308710722488694
0.853054428680571	0.489922415320117
2.32255104346053	1.47223495610879
0.896355457856543	0.54168572806992
3.98005445536616	2.21637524003928
1.07536379919738	0.760288867408651
0.713983734964926	0.320360443115051
0.0813136571056207	0.0273732284671398
0.908774345062273	0.568495424889263
0.498364996899766	0.209138180867969
0.80439038843895	0.40778932220174
0.304583266337342	0.109460856293357
0.495834163988676	0.207766725330708
1.28193977716335	0.786183177301293
0.70763644141587	0.315494567480271
-0.0062137036652419	0.00210294571372626
0.713732417061307	0.317886602885671
1.78099649851603	1.22965192188187
0.737518237896477	0.455910730705129
0.868383757197081	0.493915487042791
1.01831943163472	0.543992591081239
-2.05433974854713	0.576107769870825
-0.40862111846693	0.171370823940697
0.547153124490705	0.128061292620407
1.30077294845549	0.507362226009535
1.55281360331929	0.926125422685905
1.60044010334776	0.862457280861493
2.69271828248002	1.5602876997545
3.24272896954597	1.42547214627273
-0.107015470881838	0.0228398179619613
2.32300466180689	1.47329696288644
0.874892512834432	0.341837768822866
-0.100630873298134	0.0231392113137372
-0.0929750106025476	0.0314994494071561
0.976902796417112	0.444968943858289
2.35242825336942	1.13511690169107
3.24488053149604	1.41948128466378
1.38638151288191	0.451248877983357
1.38159292353248	0.445976872538675
1.94408897336323	0.75817790180106
-2.82455863670409	0.896736460929173
-0.0951265447799466	0.0216293083269459
0.750616379759355	0.228057597960547
4.25065469602576	2.67266495587508
-3.10114808039898	1.05727517208626
0.313573903499624	0.0910825225441505
2.35969963123218	1.15936697279271
1.29337507943617	0.520832317482809
0.874984603417501	0.333832999577272
-0.102511432464238	0.0356270562181251
2.68010250175849	1.48509132246664
0.9764108862439	0.446733257634424
1.95414524101587	1.523489991922
0.955152215134709	0.436094167348458
0.875949042195908	0.334726256506935
0.00359562472707502	0.00137167257788358
-2.05021356478115	0.569031985318464
-0.245142940666999	0.075197969225855
-0.103064944755034	0.0337917705903411
2.93924066481752	2.59156321591567
0.541100401848291	0.127818857380943
0.955060054236321	0.422473869192129
1.61172514597514	0.926458912120795
1.29792027770602	0.4884100633989
3.74704502450529	3.33903931791382
-0.442969474223489	0.15316865166785
0.0841429283327254	0.0285052699721219
0.879129326153264	0.331203265714694
2.04897363886492	1.13452843649341
-2.12382323672878	1.09925182197562
-0.0941779390158178	0.0217731946290539
0.0914747002527568	0.0307765615856386
-0.833063405948399	0.254155985426631
0.315683826062786	0.0911691941138853
0.559584005737016	0.209985261051233
-0.0978213193620585	0.0220638318542834
-1.45608214826289	0.570053697959349
1.70291372810485	0.808605719093491
-0.524121956492059	0.1376511210086
-2.05433974854713	0.576107769870825
0.545286400011961	0.127906532067442
-0.519662324847855	0.139505494309868
1.93725201045493	0.788334484788622
2.36946132322271	2.73497825551902
0.945345455357131	0.683372610085235
-0.252696755634583	0.0938235162491615
2.37727160297007	2.58768504165583
0.619333044495518	0.296559980189169
2.28022395336128	1.95455191675679
-0.787827623875961	0.317867099948621
-0.0452476301860765	0.016214664374009
1.60413214070638	0.878121815628101
0.927527690308423	0.635432855400789
-0.513545588916538	0.134680065307493
0.558123520683649	0.21004165801113
-1.43859409641365	0.732053340184738
1.0580095509064	0.623712043086572
-0.559242801902651	0.237516051472429
1.26192252866358	0.823758874325632
0.132113388155467	0.0505992351234179
1.44702262693238	1.03267686769483
0.134028067187255	0.0516723817084057
1.89009337084278	1.2002066974135
2.69362723069961	1.52657370170446
0.478726025880653	0.197051349163052
1.54304756649526	0.930985530511306
1.29797217134323	0.517188527164908
1.53668552707753	0.940554932036191
0.90396344434864	0.582360369082216
0.0929689609240658	0.031110546617869
0.538944171344272	0.279321732759091
1.08706280368013	0.845899106929853
-0.234458028369952	0.0732314184953936
0.589395882704039	0.272758089713757
-0.44050288686448	0.147239203969114
1.51267805571776	1.01812702531902
0.315208962222958	0.0911817061531431
-0.25379044206834	0.0730203018588927
-0.000598075085446517	0.000435120356704848
3.21375528897612	2.31185929164358
1.55138114861253	0.974399056632733
2.12344291562323	1.46822808977642
-2.22061382329569	1.20876741436534
0.864419263156801	0.4681317448205
0.566650553806318	0.20507854476826
0.448639328118603	0.205710478029587
1.28558247805234	0.804289543619492
1.29271260499978	0.777329107445774
0.613443457356475	0.299671010070706
0.29957636632387	0.12201939436616
1.4813065921933	1.07897828368437
1.4393056341493	1.14092831513971
1.23752503788561	0.943936815557723
1.6199517427763	0.845140156109192
4.50616885719188	3.06743128412862
2.32014552005532	1.50605357969659
1.29295278026825	0.607796555476468
0.0110443161825471	0.00310815526477013
2.92394182607961	2.52809743086618
0.326763941420613	0.0938492014293281
2.36575090510711	1.12148718583025
1.87110733943015	0.599602400649659
0.73875223205486	0.226649424561653
1.3852161325822	0.449767700794641
0.883237743966731	0.342149835436585
-0.831974893269606	0.252927992747765
1.29447340564201	0.509609664420835
1.38427123595822	0.453531705710845
0.743272223281135	0.22643329731518
1.94185989941243	0.776377543811128
-0.239101893383982	0.0741595255503974
0.0150920310044378	0.00389913615268285
1.72183343453324	0.821438968889573
1.28495522820302	0.60164886990943
0.563467749471445	0.209628028394203
2.70685532156478	1.00994202653964
2.69823126992314	1.55871121786574
-1.29031071965297	0.471244509692648
-0.40352564864758	0.168977184998291
1.28558872920641	0.703256618500055
1.61095048101305	0.876672480903925
1.28639988055704	0.59764223297256
2.1252833675777	1.47320006198659
1.28014049508571	0.582796903918113
1.39253316011569	0.447615222737444
0.547391394977736	0.128082186515472
0.319287557243445	0.0899958441554912
1.38807595397222	0.442047911275176
0.0969692895229423	0.0325412200438546
1.72557358600144	0.838776985184898
-2.50662138300429	0.751156666336677
1.93961424406146	0.785601693422132
1.37840095144117	0.447135658650554
-0.521239785553401	0.140369579797354
1.30008540260843	0.529163191041818
0.743988900194572	0.228997201004662
2.7070930845416	0.983565510601036
-3.09758000874198	1.09367827811836
-0.526964267085977	0.140208674753714
-2.82455863670409	0.896736460929173
-0.834249424385902	0.250115174033497
0.752335392046826	0.227565334947581
-0.527215050774644	0.140893224801063
0.308058968631856	0.105900998829496
0.545286400011961	0.127906532067442
1.28787487269065	0.575335290130421
0.748493994360781	0.223270262832071
0.541100401848291	0.127818857380943
1.61612614441038	0.884832883176866
1.71220827395166	0.847703053380469
2.69501131532824	1.00895292772661
1.19173792792708	1.23782821113227
1.57615552495141	1.39531207681238
-0.565650856258329	0.24828384141572
0.589773590244175	0.390113764091203
1.57862212756726	1.40173638687002
3.20604348466307	2.25871432588996
1.28104228774952	0.774752312643243
0.883073577309553	0.328779376707233
-0.794605073746729	0.327948039100182
-0.61663590718052	0.331491650646853
2.93892542842327	2.50787578464096
-1.28207481227429	0.473471454058406
0.60662400683189	0.297868615583613
0.876094260395771	0.332887015478337
1.28031316188076	0.598820967699884
0.281615065037299	0.111449445291808
3.96842809560182	2.15542526790257
2.75518623798321	2.24212706600756
1.30063400545627	0.513389256943184
-0.0862754493812915	0.0303196992486434
2.9795406940441	1.92098594827096
3.24272896954597	1.42547214627273
1.93710742202868	0.767767183948741
-3.67764744025752	1.47487100615931
-1.18794077914618	0.576356201182527
-0.544149868339494	0.235557520842212
-2.0157734561021	1.01273370600312
2.29837742466037	1.74280563610741
0.693950458291622	0.380909879293475
0.911456837056686	0.569046989646743
2.97426311795911	1.89246060009176
1.5314798538315	0.91655414270762
-0.284025468432475	0.104925613478457
0.0180983340569727	0.00842611728528036
2.62660357544536	2.4626343004806
2.69902559231597	1.02942646113875
1.37992663094243	0.444768794438503
1.38633307834389	0.431695879803105
0.0101575856162158	0.00282804364824852
-0.0964495294358241	0.034018389411155
1.87948556636249	1.17029225957649
2.1340134150468	1.8825256680679
0.383636051836062	0.189646884011784
0.283630799073144	0.126928100078333
0.695938332154692	0.379766165401094
-1.29123907773681	0.44681508334121
0.793554007533815	0.539546592920855
-0.258470465652416	0.0971474163985329
0.87032900611893	0.328569436888906
0.95610683938126	0.426921759925641
2.0637824978814	1.07868026968715
2.75313445894473	2.18641922220052
1.71177833939613	0.821856637490597
-3.51641305151825	1.37181535069588
0.293985279293878	0.103299517432334
0.714235733388839	0.320574661157273
0.320503935554356	0.0931219670988443
0.546465924658674	0.128383503124171
0.537881681620156	0.126600678583075
2.55888352116563	1.79500324311716
0.321401590721784	0.0920874856649889
-0.00728870736550676	0.00117925534172109
1.92612633915277	0.761764690902876
2.70483549323043	1.01668215592958
0.8712862784312	0.334660303959563
0.542621526180842	0.126608567713006
-0.516952935597397	0.134997042674037
1.94845258371678	0.773451919147563
1.94056540988317	0.801039885015426
0.325420265820851	0.094389207791434
-0.228486955443837	0.0695012238814201
0.568131518697229	0.210993711274774
1.71720378764428	0.818337566768339
1.38310568737594	0.45202977531251
0.871463876666351	0.326278868410334
0.799407845125754	0.378223189562683
0.871901655227355	0.335000177560724
2.36430374277424	1.08955702785135
1.29851872905576	0.515432791161323
0.750788370120738	0.226789242785611
0.750050902487593	0.226091187584343
-0.102208622300794	0.0226916030253293
0.310067660992668	0.0869061739325095
0.69813244794188	0.296130186242655
-1.08492058721772	0.364828477810771
0.750456405947033	0.221324751963573
-0.0933464908639628	0.0212702965815671
2.70305318313569	0.992389817262118
0.324403762331451	0.0958764708145592
1.39074595013018	0.449376726983695
2.35907603320335	1.15409151652836
0.30559068026284	0.109901940605023
1.87680508733918	0.595685726697882
-0.834496273690232	0.250566139839872
-1.37736686643192	0.369817212053887
0.322688990359234	0.0958307659053989
1.07252986485577	0.740039156992523
0.319235701030726	0.0941325908845634
0.545286400011961	0.127906532067442
1.2936801437545	0.606671443471466
3.24856443687887	1.44757234479347
0.872869083088539	0.316906065869358
1.30070760593386	0.518463879015317
0.758630727465645	0.468120911808617
0.677186796395973	0.369499602372305
0.0316850676383274	0.0165527151605872
1.88829443767814	1.20210344523597
0.76092547753748	0.452761163623508
1.02419127395254	0.538001542798794
1.28646465228177	0.705435806828579
1.25923728154396	0.618125375973883
2.89990353417374	2.95120550352402
-1.07719625785892	0.365069612392098
1.55300207487931	0.963926187137877
1.07620819269418	0.698247485960006
1.29410591912553	0.694738413712038
0.267004164888221	0.133121090335306
0.301562486775991	0.133000407654746
1.71177833939613	0.821856637490597
0.0919896526272347	0.0317637050453618
-0.827509018985055	0.248646107200568
1.04168639567991	0.518807620244558
-1.28921304637222	0.462862440526814
0.744963299474828	0.2325771171156
2.32230087948665	1.84696439106474
1.28883762912364	0.595418553587317
-0.236329814784665	0.0706698120934644
-1.77387908797551	0.773245050550091
2.34788814587511	1.13508462707684
1.39136829124984	0.446170964769697
1.30008540260843	0.529163191041818
0.299379968968207	0.106447509821458
0.0015547750555573	0.000720021214793046
0.966135846393688	0.431764918388518
2.6809655533421	1.50382741029052
0.74382021694343	0.226781474929542
1.6173809330734	0.881980946411831
-0.515816270677169	0.137630330187878
2.11866721936791	1.49984182036747
-0.828902080556811	0.248526627312195
0.483764418319497	0.196708370841074
-0.232237043165134	0.0715765498020676
0.306359203557229	0.0998950194194388
1.29722005701929	0.710910616538989
0.613479199066363	0.298965163376415
0.612284132963445	0.300292083104105
2.78104822616673	2.73140349634363
0.122783388120764	0.0478103891362977
0.879536619864746	0.343062626938762
1.29112255201653	0.699467462247696
-0.621015745202941	0.232274100319165
1.07059721895286	0.615811045258482
0.302606008383502	0.10520348884543
0.710167635828131	0.304042754150593
0.315208962222958	0.0911817061531431
1.61906609647108	0.894993602340273
0.312883483973695	0.106111669587858
-0.834152635363741	0.25296310080088
0.877485930398228	0.342946519506239
1.30587132432272	0.514753546836138
0.00913876512255594	0.00266781331555496
-0.240405159172257	0.07237640966484
-2.49582076805792	0.739355067527278
1.87110733943015	0.599602400649659
-3.3112024857887	1.20126544638792
0.326519368094921	0.0959325958169173
-0.513545588916538	0.134680065307493
1.29851872905576	0.515432791161323
1.70911553999497	0.806502983735524
0.750212262173245	0.228253921774654
-2.49348075277667	0.760631300990853
0.537881681620156	0.126600678583075
1.28829261599005	0.663583516034202
0.542621526180842	0.126608567713006
1.3852161325822	0.449767700794641
1.30180277895894	0.517747030050603
0.558278501752345	0.207066796355056
0.956907876821625	0.435461214888865
-0.0994736170795967	0.022542834663039
-3.10323230642891	1.0653082707597
-1.45804535329944	0.574692839163122
0.880482966956423	0.337900837313136
0.546465924658674	0.128383503124171
1.94412619221573	0.763671572863666
-2.04902373026814	0.584535062964325
-3.51504620529804	1.35878374498678
0.786954196322846	0.354075667692289
0.318539902136847	0.0939999634422529
-1.486930094679	0.564507478926439
0.869156369709655	0.330891166249493
-1.2877382724712	0.472485818693236
2.69476093917602	1.51649403167202
0.0095493181685138	0.00274112871982817
2.35305037074739	1.11174370525686
-2.50226013804269	0.743052864003894
0.54857087575441	0.128558386573012
2.70305318313569	0.992389817262118
1.38427123595822	0.453531705710845
0.944818929747305	0.406122725904135
-2.49582076805792	0.739355067527278
-1.07847996742696	0.363856947530528
0.744005201370157	0.223367732806648
-1.38250936278202	0.367021552852188
2.70305318313569	0.992389817262118
1.5956490210479	1.73742992956848
1.07427084183116	0.757979379415285
0.938613128176866	0.633433446356448
0.848657602942243	0.469839230881948
2.34997075181996	1.13288331823088
1.71373622264435	0.823758900743152
0.362438993050902	0.195571354361784
1.27199247208846	0.814012485728828
-0.251801234611963	0.0783058207103456
1.0181803042197	0.523683355514545
0.69813244794188	0.296130186242655
0.300498644380872	0.105791781319552
0.733688888113985	0.223064583294332
1.27837641491348	0.790693015048759
-0.234303088431131	0.0720657058555488
-0.260029175172371	0.10064501268103
0.886267883356015	0.332872664563692
0.87339742529389	0.335340030560621
1.71331005852002	0.821575901965213
2.69577168780119	1.50819900120084
1.02669946296269	0.539382002248002
0.546465924658674	0.128383503124171
1.02914211081527	0.521615935029493
-0.410354406397934	0.170503485375608
-0.0463737424283708	0.0171089684077518
0.866733197615228	0.327562459436921
1.60444791803204	0.854444317138826
1.93226924968694	0.778978691425575
2.36326872371903	1.09786758367309
0.74610547207819	0.228282542864155
0.557538423079864	0.210347031905834
-2.84579613079574	0.893328293302029
0.560671239660952	0.2085215745404
2.33336091331048	1.42137105366397
-0.100434300343095	0.0347471788798021
-0.521354276075847	0.140151065895862
1.28700529892342	0.60245389301027
0.315208962222958	0.0911817061531431
0.0982104744591689	0.0328661333126171
-0.153047798986945	0.063841416408536
0.879554968017146	0.341844876288003
1.88481973730614	1.2053235962678
2.33145726435544	1.46778028621339
-0.621015745202941	0.232274100319165
-0.831547258034552	0.253419977958223
3.2482390271058	1.40375263383915
0.322432541081385	0.0902032010044821
1.71945712084817	0.814212190812017
1.71521298038173	0.774268523971825
1.28641696660213	0.603133812078787
0.748331792113693	0.226571962978259
1.55776626235013	0.962357096443428
-0.100630873298134	0.0231392113137372
0.310154448981789	0.109367885817903
0.323721577140901	0.0911876413216331
-0.106504236303645	0.0360493637047144
0.715138170118957	0.309959060024359
0.321596831485915	0.0953901221130846
0.311199403423324	0.0897711466132797
-0.102329697110192	0.0221028159522019
1.37981396507491	0.447741419807757
0.739482140963327	0.215113706141341
0.88057759822662	0.324891591494934
-0.83067879407783	0.244996107213328
-1.37736686643192	0.369817212053887
3.65302200715964	1.86807930827937
1.71846016678013	0.812045487215935
1.37992663094243	0.444768794438503
0.496511958615908	0.212623348401981
0.557850047655041	0.190596056510333
1.29157617855243	0.498114853416598
0.749070350540287	0.232504892288716
-0.100433580666566	0.0223310096939592
2.69501131532824	1.00895292772661
0.876524123259095	0.342013035419938
-3.09514860705818	1.03749547577687
0.976545353093449	0.431763434910599
-0.852420574617572	0.244370538073632
-2.49779134618292	0.753762077506182
-1.38476212339261	0.366878631153991
-0.0951265447799466	0.0216293083269459
1.27576823912686	0.570839066288106
3.99954198414278	2.12101508453507
0.544175487457479	0.126874637564392
0.749070350540287	0.232504892288716
0.544175487457479	0.126874637564392
-1.28300540309424	0.46985272572152
0.747927529305998	0.226764681396792
0.00735778258142876	0.00220952642480193
-0.240484235509686	0.0709364119835786
-0.527215050774644	0.140893224801063
0.325420265820851	0.094389207791434
0.546803454870823	0.199808768500467
1.29110075600474	0.576131322994264
-0.62808112104044	0.237331995698312
0.705757498937996	0.299563071352219
0.874962787632921	0.502381144824475
0.859851855017272	0.482459786724279
1.07497225303485	0.804926114856066
-0.262187187578195	0.0986096919727559
-0.466586491594535	0.156277526181261
-0.836751280465765	0.251030303081264
0.323237769806572	0.0954668421415237
-1.45882310678548	0.564811586085747
-0.244404230776752	0.0740104478310546
-0.530441565236403	0.138655344135078
1.90063542945759	1.19198185448669
1.55911754714922	0.988334453223543
-1.61936346703188	0.679835322309904
1.88102950870733	1.21636358625632
-2.50013836544569	0.752963874303395
0.0148490360916572	0.00383708291074221
-2.49582076805792	0.739355067527278
1.29447340564201	0.509609664420835
0.302488026629238	0.123211045640527
0.307864953228515	0.107668636240967
1.72255057084123	0.820795400343673
0.54857087575441	0.128558386573012
-0.444485005403671	0.149414723736195
-0.523874505862576	0.135964042671109
-0.0977501040625098	0.0335852780734078
-0.520400638654727	0.137450762960971
0.299012580995977	0.104703340166663
0.305814321322195	0.107647250829956
0.495613662800504	0.207294683820482
-1.45954265283905	0.57403561389523
0.695138630987934	0.296066918643736
2.36183750518913	1.10557024059403
1.51793649188909	1.04097163369968
0.873404419897262	0.327133743883242
0.491846617352072	0.209196481096676
1.39074595013018	0.449376726983695
1.39074595013018	0.449376726983695
1.55781205849847	0.933757298150037
4.26406827630359	2.65224166704307
3.24688433797277	1.45389803769784
-0.0992708777956576	0.0221496476688967
1.38638151288191	0.451248877983357
1.93725201045493	0.788334484788622
0.742846606800615	0.233354125368674
-1.29214762277513	0.47638735952852
0.963758693922302	0.406516059700788
2.70080453911676	1.02336096831486
2.70685532156478	1.00994202653964
1.87680508733918	0.595685726697882
2.56559398613242	1.78450034842323
1.87110733943015	0.599602400649659
1.30634714918011	0.528894578070315
2.70080453911676	1.02336096831486
1.54027582675654	0.943253024450796
1.61033039607778	0.856887164106931
-0.0933464908639628	0.0212702965815671
0.324797204236395	0.09588222613702
0.0143217884608953	0.00371661229200184
-3.31219836079853	1.21229419336227
1.87693466126903	0.595647178734079
1.94301249410525	0.778922300814368
-0.0930212583066807	0.0212077808526859
-0.238335235289078	0.0741842674711404
0.748331792113693	0.226571962978259
0.545286400011961	0.127906532067442
-1.37736686643192	0.369817212053887
1.30117936897975	0.517554607827081
0.559957072096363	0.204970014267313
-2.84156305415565	0.877722703099681
0.546465924658674	0.128383503124171
-1.37736686643192	0.369817212053887
0.744573107812477	0.227859030370143
1.87680508733918	0.595685726697882
2.35561718010513	1.16476487863117
0.801172452106881	0.412236107737175
1.77247195225976	1.23770210580199
2.49030089003763	3.37935778296979
-0.256212353762082	0.0944059603205725
1.62463537901159	0.884630022327557
0.708177279953234	0.311908604491436
2.0497052655746	1.16910843118802
1.70751057851298	0.828423074401213
1.96555916318438	1.5450037674246
0.48718192784421	0.206990283683643
1.68785215485882	1.29196148772585
0.540182373486059	0.193660529539629
0.0175928292076634	0.00448036146983496
0.479321820868757	0.201135801459179
1.08421250783287	0.679665659809824
-1.07570589833403	0.363045486224643
1.27837234773365	0.657115661483854
0.31525908040324	0.11166310394229
1.61599394204719	0.922638089944359
1.27958730524823	0.601837074453938
-0.442128644586968	0.146782074627962
1.27809817857111	0.583373908512629
1.28388959229747	0.719368804330887
1.0420330303438	0.596361809023378
0.498377532943238	0.207584748347695
1.56047950384788	0.927533944256866
-1.64961432930114	0.662809982220193
0.0100948519151125	0.00284046221840572
0.667332315391745	0.351125726728475
2.33839255167011	1.4896644948764
1.94341798296218	0.801191315472705
0.311802155235833	0.107797358968214
0.620473261573337	0.302749626113064
0.894328660966707	0.569927512057944
3.42556291817847	2.66205278691518
-1.45475935214366	0.568568727829898
1.28970770787992	0.50473601053067
2.97040015739918	1.88606057559104
1.61661671764802	0.897351740902843
-1.28905982097698	0.471219453128939
0.313415766538056	0.0922461770616532
1.30228241750149	0.502575860991841
0.883828410686571	0.32474226691361
0.812477527418557	0.415572108654844
0.792987485364526	0.402970032957118
0.542280131446209	0.128299417175899
-0.518522788361015	0.137251012289687
2.96838818674216	1.93269115934331
1.29498023826476	0.49419557236473
1.87110733943015	0.599602400649659
2.70507217841151	1.01576685039178
-2.83249128745503	0.934154025578548
1.38605416874139	0.451696726388903
1.37876066568467	0.443326011148766
0.327234837391916	0.0938337212474048
0.321596831485915	0.0953901221130846
-1.4650214922576	0.565248963086559
-0.828502094065778	0.25094168663078
0.746287337554133	0.222419549188941
1.38310568737594	0.45202977531251
0.541100401848291	0.127818857380943
1.71794899659971	0.801290277084268
-0.515816270677169	0.137630330187878
1.55048203664581	0.972447879091078
0.542071704546615	0.126697206817108
0.803546891323137	0.388672451023936
0.869156369709655	0.330891166249493
0.737082487485786	0.219666828763558
-1.07187320968594	0.357882420410236
-3.50504390842947	1.32502571663792
-2.50757633600411	0.731266994599381
-0.523513114305865	0.137679209591898
1.87110733943015	0.599602400649659
1.93057704206056	0.781405269039522
0.864382815090718	0.312973634476842
-0.659982429912889	0.293850363403231
0.964783366499003	0.442669054159181
-0.835662837615585	0.247701971806053
0.487117296948403	0.210305911546565
1.6149378274203	0.89700042191902
1.30751419777952	0.494839119329236
-0.458268525203384	0.157747985177483
-0.928515389293666	0.389957553370728
0.966842076141972	0.433728308720617
-0.00143401786869043	0.000256714197490276
1.71713044399557	0.785833141386368
1.28922064641587	0.586970301576303
0.560504200643311	0.203743960824199
0.750616379759355	0.228057597960547
-3.09293870382283	1.07206408964027
1.61132983445791	0.881316613859218
3.24272896954597	1.42547214627273
1.28847110753695	0.599897434509282
0.885194206212046	0.322414603229469
0.737285527779378	0.441988634520239
1.39220252896263	0.437531654237884
-3.09868623597984	1.08730133775312
1.2951381525795	0.834797182699627
-0.098488861150623	0.0346690753468352
0.690166798645916	0.370982605735387
0.325491744897893	0.0948457252496635
1.02586131440305	0.524555582158815
0.74825082327023	0.222820268129314
0.298641629260079	0.119467782943419
1.55884534355855	0.872163429515791
0.301021292579855	0.106836397471133
0.440426604113037	0.19934651970683
-0.0921141311054269	0.0317860051120269
1.7127405224929	0.846616688175764
0.304587284222523	0.102969216486468
-0.241764267802179	0.0754067776190139
-0.0906734305984962	0.0314938637935219
1.29553758412569	0.517916458545851
0.549921156253211	0.198233875452927
-1.28992269386484	0.453351500694236
-0.251893310842604	0.0763584948733381
-1.08231332567193	0.369176480609056
-2.49231208841664	0.741884845199983
-3.1080710993807	1.04889386539633
-0.0989824574858418	0.0222456966330467
1.30337072783878	0.503497753750976
-1.07806840059686	0.358050711442116
-0.832636786270048	0.249232691777988
0.547153124490705	0.128061292620407
2.97054372133678	1.89546120344397
1.87110733943015	0.599602400649659
1.93685000669188	0.789660825523142
1.70718105187138	0.802455917564289
2.35566011857872	1.12848179175216
0.548332676093981	0.128537566389422
-0.0978213193620585	0.0220638318542834
0.748493994360781	0.223270262832071
1.7034465526409	0.807641367330928
1.87110733943015	0.599602400649659
-0.253165872070459	0.0763999527271149
1.87492520164159	0.596544505245442
-0.516215201709685	0.137775183819285
1.7034465526409	0.807641367330928
-2.50226013804269	0.743052864003894
3.24655992739218	1.4562540675439
-0.517911135702038	0.138411916640514
0.752335392046826	0.227565334947581
1.93400096432528	0.789526308766741
-2.04902373026814	0.584535062964325
-3.09183480000513	1.07302576822624
0.745719693963199	0.22840082916161
1.93673765548103	0.794033939329963
1.29391597149827	0.505537434088164
-0.260394173026319	0.099132518436125
0.87961827199407	0.324061087432619
-0.828502094065778	0.25094168663078
0.8690878564784	0.328872144623754
-0.0974411559193684	0.0219556283179796
0.541100401848291	0.127818857380943
1.87693466126903	0.595647178734079
-0.5223760081113	0.140414884928745
-1.37736686643192	0.369817212053887
-0.254403059087165	0.076304033244498
0.95542419458326	0.420975585405291
0.74610547207819	0.228282542864155
0.541100401848291	0.127818857380943
3.2482390271058	1.40375263383915
-0.5223760081113	0.140414884928745
1.29337507943617	0.520832317482809
-2.49582076805792	0.739355067527278
2.70483549323043	1.01668215592958
0.868729012857603	0.335284425618905
1.28846237261408	0.616618537678008
-3.08962908394606	1.04057543600083
1.39041632652022	0.449818911651812
3.98052127354551	2.27589863711635
-0.233323389453537	0.0713962539133998
0.332147052581879	0.0950871161574312
0.491521989440763	0.208775644478449
-0.839071234022021	0.253754074663262
-0.234458028369952	0.0732314184953936
0.71103136622881	0.299857736707222
0.0725370801477356	0.0243269671645188
-0.637730351874267	0.239386145517236
0.562752969850229	0.2091591293666
1.94056540988317	0.801039885015426
0.321672801610281	0.0919423857259322
0.557355604387933	0.204976570305999
-2.06067219017022	0.565089611828464
-3.50766607864638	1.37426814117007
0.553797096475678	0.199555440872179
-2.82685472330953	0.922711444031235
2.70103916327475	1.02243498183666
0.545286400011961	0.127906532067442
0.547391394977736	0.128082186515472
1.38925128836968	0.448354899211588
0.873776058960847	0.337729092586157
-3.1080710993807	1.04889386539633
1.28568614947829	0.615087982230164
-1.37736686643192	0.369817212053887
-0.101045830438201	0.0225101564182204
1.38925128836968	0.448354899211588
1.87492520164159	0.596544505245442
1.61306882926306	0.856957476184843
0.551594831735529	0.190636404358456
-1.46838881456181	0.572989903000432
1.38488871141273	0.450211777140325
1.37992663094243	0.444768794438503
-0.0951265447799466	0.0216293083269459
0.537881681620156	0.126600678583075
-0.101045830438201	0.0225101564182204
-1.37736686643192	0.369817212053887
-2.83364520651914	0.914175126504655
-2.49231208841664	0.741884845199983
-1.37855256949683	0.369087290450251
0.545286400011961	0.127906532067442
1.38629273260838	0.443742611119823
2.32600039883987	1.54074359587332
0.015480665771631	0.0039883519427443
0.432903579641889	0.198619638914509
0.300509850473933	0.107017194790929
0.430847829619194	0.197363607898712
1.2810221723149	0.765637722193068
1.29227613548407	0.506656794450709
0.559957072096363	0.204970014267313
0.485027306229594	0.20531480853717
0.132190545759562	0.0515778482969145
0.321343621282208	0.0941965604079644
0.750788370120738	0.226789242785611
0.0924159222909131	0.0310650694177018
1.38862995695289	0.439716681685414
1.04491798604013	0.600860186620649
0.955808720057209	0.406593799487852
-0.0995973058669546	0.0224260918786388
0.866733197615228	0.327562459436921
2.56570081177445	1.83242677193054
0.873214383363853	0.322071914756552
2.06030172089315	1.11832180850104
1.28134742063138	0.701038878497818
1.70707934657489	0.802308074281104
2.96711536431762	1.89810411308661
0.743988900194572	0.228997201004662
1.71734621049439	0.84227113243023
0.606663851010817	0.302015554556953
0.0135236619994021	0.00363736486668893
-2.82455863670409	0.896736460929173
-0.235175374955605	0.0740295955887752
-0.0886623341671673	0.0302261440253641
1.71364999356433	0.820749408201471
0.604238303358496	0.289114985483564
-1.75917461630353	0.778956967177539
0.494308160554141	0.202934101475801
-0.26973752783233	0.100629652877367
-0.827509018985055	0.248646107200568
-0.402779057608055	0.186446770860834
0.599993855275185	0.295509489483135
-0.445434727947814	0.194039097070014
-0.66373422189483	0.320663908330175
-0.153417847106866	0.0638304187137925
0.0204714736508045	0.00508549706000717
0.496949343927991	0.205786386579955
0.330503838615018	0.0950000287859347
0.971331187575948	0.451383301573445
-0.0956609260577928	0.0215971171731289
-1.46933428462261	0.587940718405459
1.03993364726313	0.539269751390408
0.542280131446209	0.128299417175899
-0.835758223655926	0.247067093704583
-0.106566471069748	0.0236156238664408
1.28831126704833	0.596349513971902
-2.05021356478115	0.569031985318464
-0.413194130663112	0.194571591895863
1.72040876410359	0.838164948840007
1.37981396507491	0.447741419807757
0.0968722284088889	0.0328872884476291
0.871108575433325	0.313399178029647
0.751599032641694	0.226662610300221
2.04563086406261	1.17621127525015
0.540516763764104	0.126430146128776
0.86205551474006	0.327454016979256
-3.51779918439184	1.30846612312444
2.70080453911676	1.02336096831486
1.72597945000225	0.821367818771861
3.25273664292548	1.4467390679083
-3.50923973767825	1.37307967191977
1.38159292353248	0.445976872538675
-0.0941779390158178	0.0217731946290539
-3.09965171459907	1.06948551034403
1.93673765548103	0.794033939329963
-2.4946503122275	0.759347999169937
-0.0986538976590582	0.022181849463491
1.39286395741949	0.437144521309055
1.42691592059238	1.04631094465717
0.445498980552692	0.20382280659131
0.70555210278911	0.303088565908571
-0.565265364041706	0.248473491509835
-0.232615628955298	0.0721074667826583
-0.0865966721602092	0.0294573444009015
0.746287337554133	0.222419549188941
0.091731784172194	0.0315067560502082
0.74610547207819	0.228282542864155
0.314247143423856	0.108641231287563
-3.83484930544933	1.6064082147232
0.317450626633379	0.0923100636628705
0.561626672146408	0.202205452023394
0.309214100843144	0.110363401502379
0.744561566795475	0.232791161107715
-2.82800405415571	0.916370270350291
-0.0974411559193684	0.0219556283179796
-0.105403264318774	0.0234336358495098
1.02957599017247	0.534968344523381
-0.79903194487187	0.326511367925339
0.734999759270719	0.224471934267942
2.33705258290255	1.49281181550774
1.29251756467523	0.596225173130457
0.704415556007449	0.308686375593857
1.02053421012122	0.527536129547854
0.311077595700536	0.107486520096188
2.11971415156986	1.54250829951257
-0.253244919111015	0.0946635717520122
1.93961424406146	0.785601693422132
2.04575693784257	1.14325329859513
0.00207180478695246	0.000993433400005261
0.602078505651283	0.286124454510989
-1.6120413341432	0.674452972396136
-1.29727146856404	0.668945262211602
-1.41444653416704	0.800246823897483
-0.794719094694732	0.321614616554827
1.71528004542494	0.816623241016505
-0.25572691735214	0.0969211084358999
1.0899450312431	0.745037471928614
1.29155151925109	0.509729678006905
2.70376736146899	1.47455278607378
0.749474540728185	0.232293679945897
0.324797204236395	0.09588222613702
-0.824249101673745	0.243531934977677
0.865758573678066	0.326685916203701
-0.827973934228269	0.248897601435703
1.38427123595822	0.453531705710845
2.3123371831469	1.40319325297334
-0.24434842993096	0.0733940202855367
1.29080114223754	0.505682581631107
-1.08714078500731	0.366580849372236
0.314633899723433	0.0916227904320196
-2.49990984232575	0.743825215086762
-2.04902373026814	0.584535062964325
0.54857087575441	0.128558386573012
-0.000191559455084697	0.000494295899157471
1.39136829124984	0.446170964769697
0.968637262385521	0.425562633113319
1.30422780479301	0.517017505008842
1.87680508733918	0.595685726697882
-0.095335539902063	0.0215346615173759
-0.837725680837318	0.257618742248887
0.878017587688004	0.342346718641171
0.546465924658674	0.128383503124171
1.39286395741949	0.437144521309055
2.68762956719658	1.52860354952549
0.0723895157673123	0.0243004603374556
-2.82685472330953	0.922711444031235
0.746695784046274	0.227164306604738
1.7081484040975	0.825866472225595
1.2896031626042	0.580577090646617
1.87110733943015	0.599602400649659
1.37876066568467	0.443326011148766
0.718045003071686	0.30868391454314
0.44409862009386	0.212591073458192
0.707646241418024	0.313655536733035
-0.783171766310964	0.321443155948497
-3.82998607722972	1.63731811389112
0.713983734964926	0.320360443115051
-0.458893490979761	0.158333469256775
-3.50185918952661	1.34172410200291
0.485110526480671	0.210548395277359
0.590050238892523	0.274778491424351
1.71642149503818	0.797935733443194
0.0123436296170815	0.00341524440635948
0.972453020864026	0.441332611254885
1.77650317522339	1.25557225271975
-0.443693212546937	0.154384665933085
0.289214884255557	0.100381130881387
-3.83496477675133	1.55102274628764
1.30690219216964	0.499413227511121
0.550685106414178	0.205185616059447
1.7038739102418	0.80986689823013
1.07520892491277	0.705862297971784
-0.399353212619827	0.19172624369627
-1.28886622712064	0.480829304316831
1.28627463396002	0.612927169658483
0.318062174243524	0.213372758030163
-0.542241190127194	0.235588886161187
1.94291902091572	0.769222937089974
1.95862653767533	1.56482874391236
0.486125951016702	0.209968036858556
0.0117176669728644	0.00484079972360455
1.40764575385043	1.06979680999822
0.955451754001251	0.760664735767025
-0.103800695476895	0.0352123754747504
0.257525767326872	0.12529876845295
1.10303420254092	0.777126514134224
-0.782416221285588	0.318997314687106
0.12079391448724	0.0512476135928219
-0.835142304985754	0.250144926202691
0.434865318201236	0.260577638500663
1.29779126303497	0.50420630795905
0.306383246299538	0.122958665205521
0.491490423767178	0.208003585359145
0.589298148573014	0.279237123529392
-0.0925944161345108	0.0307208266614059
-1.07945716189932	0.363853566224814
1.28251729226748	0.596496153109862
1.29181978240442	0.597153877175775
0.299998876439761	0.106399477185425
0.972952172087438	0.439623587391806
0.87961827199407	0.324061087432619
-0.239084672817921	0.0755533408078037
0.544175487457479	0.126874637564392
0.715218354233268	0.312788294758657
1.38417744407969	0.434349052798279
0.74382021694343	0.226781474929542
-0.255979227374445	0.0984158585568511
0.313538883785526	0.0925993903416709
0.110692825488039	0.0423823482572113
-0.519260285802177	0.139357225000014
0.74382021694343	0.226781474929542
0.54857087575441	0.128558386573012
-0.100630873298134	0.0231392113137372
0.314303993415189	0.108815061682868
0.547153124490705	0.128061292620407
2.69501131532824	1.00895292772661
1.30011025722183	0.501253559441747
0.570185357306036	0.205342825769399
0.310774980974658	0.106733697520563
0.478986972878255	0.201517421222977
-1.06822716561915	0.500091388204566
-0.450354032785219	0.152103119499093
0.701974555894853	0.305430863866205
-3.31914994622452	1.20241570444432
1.29337507943617	0.520832317482809
1.27518887967768	0.831564012736575
3.24073059107654	1.43390582371323
1.3086027330406	0.48522086650786
0.968304314207132	0.430021077444076
1.29500867242607	0.760214497598081
-0.0930212583066807	0.0212077808526859
1.28035034995547	0.702391699918917
0.958708959914563	0.41206943674675
1.03822043581429	0.595517377492712
0.00783116269067423	0.00242541239617725
0.861079133914468	0.483770918749641
-0.449408352190264	0.1541722756129
-4.08843407952738	1.85284543981214
0.822117621646129	0.596234815263096
0.60794502191341	0.291950851444488
1.28976826041341	0.580103458235825
2.04371991801897	1.17488886592512
0.686224002765479	0.383614759013973
0.587020922748663	0.276782942268276
0.642216805038219	0.401224731163638
1.02793251846369	0.523461359282481
0.6976990650057	0.38262427726386
-0.724797168998514	0.414074064980006
-0.151403077343535	0.0604914956476022
-0.105559027812159	0.0229141552468654
-0.875904903052998	0.450143292165846
0.0866926811000423	0.0291336214070509
0.714725360218146	0.304331227136401
-1.08151996490376	0.35778753960116
0.878447533819783	0.335757040645889
-4.09469999404121	1.889064511837
-3.51081295933243	1.328782244186
-0.0964635724076324	0.0331124012056104
-0.515816270677169	0.137630330187878
0.00617489098700957	0.00188984685649286
-1.2842721298882	0.46420483180485
0.0123436296170815	0.00341524440635948
0.747927529305998	0.226764681396792
0.305086736050013	0.110103147221894
1.38925128836968	0.448354899211588
-0.836890025784853	0.249170164056957
-1.07293248593122	0.356885713259243
1.38746482707804	0.438324100518707
-2.82570625121832	0.918479199567565
0.744980507015802	0.227659325846765
0.0210026406503935	0.00530066748254911
0.868196797341435	0.335859606976429
1.06602107605167	0.602439289192563
0.930724700855128	0.683028144835348
0.324403762331451	0.0958764708145592
0.973451801314943	0.430631528896648
0.698173282634823	0.390736851690862
1.72136021492481	0.818275143602808
0.0138776727479394	0.00371737921651206
0.739900789940366	0.227191955608612
1.28459367745435	0.699077218833864
0.561421101249904	0.209976242507607
1.30392453508718	0.501558679412961
0.9683893359636	0.431182777518056
0.80261738121739	0.401206498416263
1.69899640162701	1.33374587144368
-0.793656797395418	0.329827024483952
0.134820870269278	0.0578084930435669
-0.909192144086351	0.494826587883159
-2.50108453829271	0.757473465243405
0.316614267667375	0.109207751694024
-0.099176913953017	0.0343215403219564
-0.160286286437373	0.0663995556649947
0.0229755265490533	0.00929523461995571
-0.24494378547169	0.072233742467716
-3.50265551196981	1.34769454815451
-0.634936397989818	0.332208484110421
1.71258353281414	1.60997401573064
-0.264334732049905	0.101116468422521
-0.258210558875686	0.0969663746224535
0.692754348250114	0.292792002492529
0.284356192036273	0.12818436943242
0.0968702085673419	0.0323171063307705
-0.104101583288209	0.0224537248463839
1.02957287014134	0.538986556171134
-2.83133823353176	0.934971127868472
0.553637778957436	0.2024528354646
-1.18805289460143	0.592991427083164
-0.782068981133628	0.311691215121823
-0.105110575947249	0.0235349560977657
1.87110733943015	0.599602400649659
1.2923606421195	0.696661375512784
0.732539947315021	0.222533630956855
0.0133548025132433	0.00354419894438937
-1.07815892867015	0.363555579143483
0.546465924658674	0.128383503124171
2.69501131532824	1.00895292772661
0.560710140851591	0.204490514274638
0.610392073326232	0.299968122233397
2.70103916327475	1.02243498183666
4.26513820625053	2.636361020247
2.55011290771299	1.84743779934101
0.790670891792721	0.397231601122135
0.324253356636744	0.0936437687839325
1.09179571320444	0.712397074863867
1.37876066568467	0.443326011148766
2.30595299111922	1.85947853350292
-1.08810382039827	0.366696523215772
-0.250872811264864	0.095620727504521
0.604229534921877	0.36556219620283
0.95487373740072	0.388441496598529
-1.07292524711591	0.489092594177629
0.873042356599598	0.485882417723495
-0.183919045552818	0.0946932278020659
-1.76873561357494	0.795467529807176
1.25797415206669	0.937549559241268
1.0950416839008	0.817267503545583
-0.441536047371873	0.150070399152731
0.267568792891746	0.130164344996999
1.07908868450006	0.900552768985693
1.55904082825847	0.93525164498048
0.474528788608214	0.270671175523585
0.811059006084093	0.412068764412369
0.310641608899233	0.123980290111716
-2.498964405108	0.767925687647617
0.00217241503276401	0.000893195508678755
0.299752025682311	0.124003693931216
-0.515816270677169	0.137630330187878
-1.07668512364141	0.350432672534082
2.69902559231597	1.02942646113875
0.969975505619353	0.44113032463539
0.328325097747485	0.0960689936716833
2.05492071595638	1.14561781950667
-0.523881983385789	0.13702530803748
1.29575696580222	0.691966817002214
1.87680508733918	0.595685726697882
-2.04902373026814	0.584535062964325
0.318594824305168	0.0927054681918381
-0.445999133167541	0.153082157896496
1.94504622593132	0.779893250723617
0.542280131446209	0.128299417175899
-1.38476212339261	0.366878631153991
0.744985653727228	0.221081609571464
1.70751057851298	0.828423074401213
1.87492520164159	0.596544505245442
0.843028533417989	0.467667926466097
0.499691390903334	0.201849824873498
0.559614866561437	0.20581666180185
0.715465875804763	0.312989407711817
0.317116989205297	0.10942582012991
-1.29382430591043	0.470203078258027
-1.08243529149616	0.355402310100994
0.881074429532371	0.333365876035966
0.309053918377959	0.108663090535965
0.614193772672878	0.305483947493307
1.54726663280616	0.935261693310465
0.315882031364061	0.108943955487529
-1.47322807155579	0.569660980757377
-0.513545588916538	0.134680065307493
-1.20612326845539	0.586827912571907
1.62055105199666	0.920103703811042
0.958107199178509	0.420066860174583
-0.613758209970499	0.318705575525802
1.97046743411758	1.52888747663815
-0.502478506748865	0.290406443144713
0.0428061685490994	0.0211709071553299
0.0285017238384581	0.0129264254111496
-1.4601038558071	0.568742589999827
0.264101257888882	0.107849257453004
0.802392146957199	0.399997638033416
-0.100630873298134	0.0231392113137372
-3.9755461730665	1.69074970021087
0.561076244606517	0.200706731156312
1.30634714918011	0.528894578070315
1.71887780323167	0.862960826081481
-0.523881983385789	0.13702530803748
-0.451149105441528	0.155940872611905
0.972642274306054	0.440530180837295
0.546465924658674	0.128383503124171
0.54857087575441	0.128558386573012
1.28568614947829	0.615087982230164
-0.241117232203474	0.0766152348332909
0.0826821364231443	0.0281876856602832
0.311199403423324	0.0897711466132797
-0.105110575947249	0.0235349560977657
-0.106566471069748	0.0236156238664408
-0.0992708777956576	0.0221496476688967
1.28163043231801	0.615384548715425
1.29775247024884	0.777554974430346
2.35998536792498	1.11238960438542
0.564255594826921	0.199203262434161
-0.79732512011581	0.309360964417892
1.87680508733918	0.595685726697882
-3.10906010816386	1.05402488361272
0.602850048221132	0.290419211876361
-0.443181295919416	0.154262678774109
-1.07390451092355	0.359387288546195
-0.438926619059665	0.150792103359398
1.4505510714549	1.02772612853037
0.331675523051172	0.0931943718165391
0.954950088359894	0.433174696284301
0.393456442514017	0.203494801534365
1.29038837867359	0.775788559468296
-0.525823473591188	0.142192228149134
1.2869814001634	0.804616464777704
1.72557358600144	0.838776985184898
0.29555332560951	0.119346092974682
0.589473834837687	0.349041197927765
0.655926503884182	0.434171586725435
0.444549222877273	0.202477257013311
1.10119664834136	0.824608216802905
1.28553581174061	0.68879306698079
0.819657678981644	0.393611800140661
0.700551843210309	0.296131123713592
2.37104879381557	1.05538636258872
0.291119297135456	0.099760335286268
0.962029736481793	0.4377991151595
0.0923811753006992	0.0316360588258278
-0.0986538976590582	0.022181849463491
0.74005934947756	0.228093775301913
0.546465924658674	0.128383503124171
0.331059341247749	0.0965806007825434
0.317862415444979	0.105760008866057
-0.0994736170795967	0.022542834663039
2.69501131532824	1.00895292772661
0.330503838615018	0.0950000287859347
0.746209163567698	0.221842090412264
-2.84122014280315	0.895944192895078
-3.97324011016106	1.7436464985896
2.70080453911676	1.02336096831486
1.30690219216964	0.499413227511121
0.750212262173245	0.228253921774654
1.30587132432272	0.514753546836138
0.543933997993288	0.126853376726706
0.31735308945251	0.0907036802894991
-2.83911454540015	0.928351077103762
0.551434132025428	0.205612163968176
0.715498722604542	0.315089525826161
1.61261306836316	0.858041128700338
1.63026783611856	0.871753280229119
1.28831126704833	0.596349513971902
1.2776986489601	0.728570823287229
0.479960835525152	0.197803400629963
0.548332676093981	0.128537566389422
0.480982984348125	0.200383492596071
0.300188627521144	0.107243079057824
-0.409746017999883	0.167344918047082
2.76517369595798	2.11180516689251
-1.31444122059066	0.706309459335759
0.812186060269769	0.413343712544218
1.09346949159708	0.981787448662913
0.020575217840061	0.00518184212929662
-0.934928203384676	0.41165946619209
-1.07763056835217	0.363157385349633
2.48602824224756	3.01435383195056
0.875071608665375	0.324281132281828
-0.264210060935337	0.0994438723011353
0.323705695530232	0.095444827266487
-1.45954265283905	0.57403561389523
-0.232615628955298	0.0721074667826583
-0.0962833901203116	0.0222038630107127
0.739495127750292	0.229163664241222
2.70685532156478	1.00994202653964
0.878596041681437	0.340923351052913
1.28905473604928	0.582977930295974
-0.841324460591787	0.254223558114739
2.05691862182046	1.16850325785248
1.39220252896263	0.437531654237884
1.87110733943015	0.599602400649659
0.319287557243445	0.0899958441554912
0.741703403287808	0.227480384928699
-0.515816270677169	0.137630330187878
1.39103758254509	0.436160405221504
0.54857087575441	0.128558386573012
-0.100102853846225	0.0222670185448718
0.0937168610317459	0.0319503355036189
3.98052127354551	2.27589863711635
0.564378422400644	0.200595141431475
0.737212301794485	0.222878174874788
0.313538883785526	0.0925993903416709
0.746287337554133	0.222419549188941
-1.38250936278202	0.367021552852188
-0.518522788361015	0.137251012289687
1.87680508733918	0.595685726697882
-1.37736686643192	0.369817212053887
0.325117911102895	0.0916937982959865
1.93569702954421	0.787022063832923
0.321343621282208	0.0941965604079644
0.116185779720429	0.0434898200548958
1.28181047681102	0.703477441252206
-0.523513114305865	0.137679209591898
-0.0945032483602891	0.0218370726435746
2.3504863950083	1.1489781777777
3.25240895172135	1.40307420120783
3.40393063286529	2.65879039626191
0.55455585257059	0.203890364084656
-0.841324460591787	0.254223558114739
0.74382021694343	0.226781474929542
2.76774793437224	2.80090049958313
-0.10075853176445	0.022608042052954
-1.46244931402258	0.564955966972045
1.94544177496736	0.764516893481653
-0.825335027523982	0.248598183771305
1.37981396507491	0.447741419807757
0.549936205820441	0.20134992087055
0.871463876666351	0.326278868410334
1.87680508733918	0.595685726697882
1.87492520164159	0.596544505245442
-0.100102853846225	0.0222670185448718
-0.525823473591188	0.142192228149134
1.87693466126903	0.595647178734079
1.39041632652022	0.449818911651812
-1.37736686643192	0.369817212053887
1.38746482707804	0.438324100518707
-0.0933464908639628	0.0212702965815671
3.24889001277915	1.39940637273176
3.24655992739218	1.4562540675439
1.27317310772093	0.571933803919468
1.87680508733918	0.595685726697882
1.87693466126903	0.595647178734079
0.545286400011961	0.127906532067442
1.30070760593386	0.518463879015317
1.93609910556804	0.785706386427873
-0.833063405948399	0.254155985426631
-0.517351938617723	0.135137025900895
1.89595210285209	1.1966468811578
-0.0921045365303987	0.0325707669803623
0.308177783420709	0.109222461021131
1.29548272616691	0.518673455471275
0.0921394359418343	0.0311556160626179
-0.444371002135405	0.147045174471483
0.605018749464386	0.295845907093384
0.48930941010302	0.197955899178608
-0.792531312936611	0.327347522671821
0.956099983188999	0.414554206380401
-1.29309778376277	0.46446559457579
-0.39978883771825	0.166049314766886
2.0217964238728	2.15767179622951
1.40927280479128	1.20503548345693
0.0164363773381535	0.00773088139114601
-0.293234234255052	0.132303839078597
0.961697151951978	0.696100605716695
0.0531640349074991	0.0237877904254461
1.49248569666613	0.973533573835271
1.28641696660213	0.603133812078787
-0.232392215557442	0.07113871128973
2.35713972820728	1.16843248607596
1.70718869526427	0.824218154581734
0.546465924658674	0.128383503124171
2.69902559231597	1.02942646113875
0.74610547207819	0.228282542864155
-2.49990984232575	0.743825215086762
-1.37855256949683	0.369087290450251
-2.498964405108	0.767925687647617
1.87693466126903	0.595647178734079
0.537881681620156	0.126600678583075
0.733654048415931	0.223169745300359
1.0294536314166	0.550569916544762
1.38310568737594	0.45202977531251
-0.107015470881838	0.0228398179619613
0.546465924658674	0.128383503124171
1.3852161325822	0.449767700794641
1.87492520164159	0.596544505245442
2.70080453911676	1.02336096831486
0.321953495094911	0.0919169186090849
0.878997635219319	0.33433328412556
1.39041632652022	0.449818911651812
-0.25519468229137	0.0755787005047233
-1.46256153338719	0.56954386956858
-1.37855256949683	0.369087290450251
3.2482390271058	1.40375263383915
-2.49582076805792	0.739355067527278
1.87492520164159	0.596544505245442
1.00453913452701	0.475382503980015
-0.105110575947249	0.0235349560977657
0.877485930398228	0.342946519506239
0.296096009716454	0.115027831522116
0.878978946244799	0.335199243953659
0.499016555758745	0.20865290524038
-0.0995973058669546	0.0224260918786388
0.744561566795475	0.232791161107715
0.746133826300268	0.22159527187311
2.76346571398804	2.14996145389927
0.968449627849094	0.444223408914659
1.03384956873657	0.544919453625113
1.39041632652022	0.449818911651812
1.06460683313911	0.672742254242406
-0.833408040905954	0.250484038706387
1.05809059111257	0.614557296348024
0.304792771481564	0.108647655476924
0.0138822919165315	0.00366683406239973
1.39041632652022	0.449818911651812
0.101340971302541	0.0335348861374505
0.742846606800615	0.233354125368674
-0.0962833901203116	0.0222038630107127
1.29797217134323	0.517188527164908
-0.834670737656865	0.249889401637271
0.323852106909211	0.092624951286266
-0.0978213193620585	0.0220638318542834
1.29451811796078	0.507454154699879
0.0128775487639714	0.00353990912076751
2.30995576965161	1.42880766035369
2.04563086406261	1.17621127525015
1.38427123595822	0.453531705710845
-2.05433974854713	0.576107769870825
0.327300445681734	0.0942378191565741
2.69902559231597	1.02942646113875
0.54857087575441	0.128558386573012
0.00617489098700957	0.00188984685649286
2.70685532156478	1.00994202653964
3.66474854315619	1.84499804364373
-0.235756809331476	0.074113881734835
0.307710514458015	0.0895071223373938
-2.498964405108	0.767925687647617
0.866664023544977	0.336347169504764
-0.793656797395418	0.329827024483952
0.707765125891223	0.304753575884106
0.00300977945299046	0.00117310960192282
1.9674935987186	1.52766540320358
1.27946558352507	0.687871688113056
-0.617565993138864	0.224574679101074
-0.633287278481493	0.239866463473891
1.46274609020114	1.09185776966677
0.879129610969961	0.327283686882244
1.55865509706327	0.965006355399288
0.881046488591968	0.325527677700471
0.967769529401163	0.443514360810736
0.281741823334863	0.129210007853605
0.517475155695403	0.276587370380455
1.07006728813191	0.614336104216347
0.243910862920837	0.124539812120389
0.306538654427739	0.101558382371477
1.06375189970988	0.622977101922637
1.39041632652022	0.449818911651812
2.36069552011449	1.18219783335312
0.547153124490705	0.128061292620407
0.737082487485786	0.219666828763558
-0.51812082156918	0.137106412514332
-0.0951265447799466	0.0216293083269459
-0.0941779390158178	0.0217731946290539
0.547391394977736	0.128082186515472
0.0035442382966788	0.00129875765866884
0.542280131446209	0.128299417175899
1.30220050187184	0.511933404200704
3.2482390271058	1.40375263383915
-0.525967721160877	0.136720395702645
-2.04783485499909	0.571093548500225
-1.38250936278202	0.367021552852188
-0.095335539902063	0.0215346615173759
0.313573903499624	0.0910825225441505
0.544175487457479	0.126874637564392
-0.100630873298134	0.0231392113137372
0.544175487457479	0.126874637564392
-0.103948938199882	0.0233524604803125
0.547391394977736	0.128082186515472
1.94301249410525	0.778922300814368
1.87110733943015	0.599602400649659
1.2996134727987	0.530136221804645
1.71364999356433	0.820749408201471
0.559765445297734	0.19207852845525
0.489527114824593	0.203857290329838
1.39220252896263	0.437531654237884
0.870618373304035	0.320055418324896
1.30281978304653	0.516382390088555
1.87492520164159	0.596544505245442
0.54857087575441	0.128558386573012
-1.37736686643192	0.369817212053887
0.322559993977293	0.0903760163562387
0.0168516567538235	0.00436024888284146
0.322081051353188	0.0929531789439972
-2.49779134618292	0.753762077506182
-1.38250936278202	0.367021552852188
1.28926465203234	0.697667731226766
2.33705258290255	1.49281181550774
0.00482835701584117	0.00166038423580541
1.03749429888863	0.525936217207811
1.99904624370026	1.77931826322471
1.2937921504295	0.698931805427553
0.622455194813087	0.35384184214089
0.276867430473018	0.125056828052039
0.000232962816302694	0.000400393579667144
0.492198450022755	0.215124259553815
0.537506947754364	0.291442523872658
0.807699828327621	0.394906960338301
0.877728663900217	0.330108389696685
-0.627105398121994	0.230380559008138
0.494386494713562	0.202976211949665
0.727830039453642	0.215738906943839
0.318690280544721	0.0935093374158256
1.87680508733918	0.595685726697882
1.38638151288191	0.451248877983357
1.28496033606635	0.584908260768225
-0.513944376026364	0.134820394971873
0.325491744897893	0.0948457252496635
1.28879390759049	0.507324075109526
0.749474540728185	0.232293679945897
0.749070350540287	0.232504892288716
0.54288857639052	0.192742420766484
-2.05650312187694	0.572642061324397
-2.49231208841664	0.741884845199983
-2.50226013804269	0.743052864003894
0.324329385368054	0.0959051461273956
-0.0986538976590582	0.022181849463491
2.36846576503628	1.15131790485951
0.54857087575441	0.128558386573012
-0.525823473591188	0.142192228149134
0.294144334155523	0.119615019601227
0.0102996100062506	0.00299504081459205
0.548824187685504	0.199937258236108
1.94790175613624	0.801728943573825
-1.46442092379468	0.588269800741158
0.752335392046826	0.227565334947581
-2.83133823353176	0.934971127868472
-1.77763810303092	0.75926951954539
1.28134742063138	0.701038878497818
-0.526073516359683	0.138632567811719
0.879536619864746	0.343062626938762
0.449494013498974	0.21345719708568
2.76540056688339	2.21606053684851
0.441685120197084	0.201458421149106
-0.0200599744053928	0.00753776523391244
3.42250538340697	2.65029945378321
1.61762160015749	1.28636432732604
0.70201114621339	0.381789966038341
2.14787349870553	1.85306400378378
0.284637665303017	0.126465504277167
0.120625401021865	0.046762422565892
0.614572095916229	0.307804394362723
1.0581859651473	0.680847934456485
1.88792998107117	1.17165660924261
0.0142535041620434	0.00382646304133508
-0.155904514085631	0.0625334436609968
3.65688292413478	1.85726368679842
0.503340720301756	0.209088916411815
2.35209749975337	1.11607936625565
1.87693466126903	0.595647178734079
-0.0941779390158178	0.0217731946290539
1.30907952765528	0.502200351601847
-0.103948938199882	0.0233524604803125
1.71567593720833	0.818576662266368
-0.826421666340134	0.249792102287426
-2.04783485499909	0.571093548500225
-0.243022891582299	0.0749283780587616
-2.04902373026814	0.584535062964325
-0.520104445364255	0.137370661910804
-1.38250936278202	0.367021552852188
-0.0962833901203116	0.0222038630107127
0.561076244606517	0.200706731156312
0.749070350540287	0.232504892288716
-0.111383370843136	0.0237444154501064
1.6118302750873	0.859612983232824
1.87110733943015	0.599602400649659
0.0160545770394899	0.00419682354489619
1.39220252896263	0.437531654237884
-0.241142022218638	0.0734807086322996
1.28922064641587	0.586970301576303
3.24856443687887	1.44757234479347
-0.523513114305865	0.137679209591898
1.71571899262307	0.819535919943623
-0.834929329269585	0.249294095305515
-2.50108453829271	0.757473465243405
0.807635064915773	0.417546545605912
1.29855717659435	0.677247453596382
0.547391394977736	0.128082186515472
0.966755970220939	0.442411904138521
1.0905184838268	0.70057815244157
1.28800900863227	0.755402166968741
0.798250320627161	0.40276538436623
0.0936284576124036	0.0311172709448712
0.555563588262552	0.191724514807669
0.254891144426168	0.106532114781521
-0.0974928366755688	0.0220000133147072
1.94749379841595	0.779510636852421
-0.0986538976590582	0.022181849463491
1.37992663094243	0.444768794438503
0.326994851850523	0.0940281343579022
0.751193601971895	0.231756848435628
0.74005934947756	0.228093775301913
1.39169916614548	0.435776864920201
2.69013327967159	1.48673122743988
-1.08522412925042	0.362643044085522
1.87110733943015	0.599602400649659
-0.100630873298134	0.0231392113137372
0.318987913881366	0.0890371914573196
0.549559833414944	0.197873147007136
1.28235485347779	0.603258924354418
1.27713599726264	0.597037305724088
-0.0933464908639628	0.0212702965815671
2.36333695390092	1.13792054370565
-0.628333474800111	0.237393467121109
0.28453822262853	0.127602772437127
-0.236469869030363	0.0728958324225427
2.35566011857872	1.12848179175216
-0.241180944822932	0.0750844735638015
2.36436356647028	1.10130411085815
1.87160476942341	1.59110058190019
-0.63748737917422	0.240134896217542
1.719994918143	0.811829696208371
0.750616379759355	0.228057597960547
2.35378983186861	1.1411575221367
1.71571899262307	0.819535919943623
0.0200435301438727	0.00515627532800797
3.25273664292548	1.4467390679083
1.38958098938758	0.447916404365245
-2.4946503122275	0.759347999169937
-2.51101499701144	0.723730492548591
0.319235701030726	0.0941325908845634
-2.50448779490627	0.739201463947818
0.547153124490705	0.128061292620407
0.737082487485786	0.219666828763558
0.884779751210965	0.332585768931519
-0.0224995705410404	0.00868646951313192
1.30453082984367	0.503354122110679
1.5453404686243	0.952280557905745
0.747927529305998	0.226764681396792
2.35660624241896	1.12406063577825
2.69902559231597	1.02942646113875
1.94131353117111	0.805172253180273
0.97170745816346	0.441345174892688
-0.24499217521743	0.0756293075658818
-0.263246549160467	0.0987226493621665
0.555335330454088	0.204846342829437
0.115032522745329	0.0449109290120712
1.07271176311677	0.627462581573845
0.721815818377552	0.307381311302422
0.520399585618944	0.271199148135699
0.739498461318299	0.224344540791199
0.80449387955084	0.401176589445551
-0.0940780652966872	0.0328558696304517
0.00170151988312735	0.000919519003973003
0.707888121267843	0.314060260886546
-0.0951265447799466	0.0216293083269459
-3.10336310613868	1.07624884357692
0.307437013207317	0.108513033682142
0.537881681620156	0.126600678583075
1.37992663094243	0.444768794438503
0.546777293942336	0.198702803805087
0.547153124490705	0.128061292620407
-0.521239785553401	0.140369579797354
1.29545761113306	0.670912654042714
-1.09092571278087	0.356986564234546
0.750212262173245	0.228253921774654
-2.05650312187694	0.572642061324397
0.739495127750292	0.229163664241222
-1.38250936278202	0.367021552852188
-2.4946503122275	0.759347999169937
1.87680508733918	0.595685726697882
0.566302473794753	0.205610200227485
1.29250419617626	0.587915939787892
0.322145418202747	0.0932126195967607
0.543933997993288	0.126853376726706
-0.227736947367193	0.0689465179637311
0.609745229661861	0.292971054534349
0.88309866534746	0.316482498267812
0.309053918377959	0.108663090535965
1.29155151925109	0.509729678006905
1.71426957190746	0.846267024469648
1.38605416874139	0.451696726388903
-0.447053703525793	0.153258240882995
1.27925714198815	0.676400514180908
2.75109220979999	2.19599900870785
-0.515079347934818	0.137725022751014
0.544175487457479	0.126874637564392
0.746133826300268	0.22159527187311
1.87110733943015	0.599602400649659
-0.0994736170795967	0.022542834663039
1.30682322108311	0.512948087652244
1.94674956995814	0.799022202593746
3.25072666874496	1.4127868106449
0.739495127750292	0.229163664241222
0.288967156800492	0.0971164014304723
-0.0978213193620585	0.0220638318542834
-1.37736686643192	0.369817212053887
1.38605416874139	0.451696726388903
0.541100401848291	0.127818857380943
2.69501131532824	1.00895292772661
-0.249689628154661	0.0763683522303043
0.979600921550281	0.429211152466076
1.38605416874139	0.451696726388903
0.565711986963923	0.205907579487061
0.319781666217287	0.095251523392
0.735770815498294	0.222513514651666
0.750050902487593	0.226091187584343
2.95788864862042	1.83581976733019
3.24655992739218	1.4562540675439
1.53665384492557	0.943350555173773
0.377314360584618	0.188738776348491
1.96825392132795	1.52981392332643
0.0123436296170815	0.00341524440635948
0.00919789971719187	0.00263503856727176
-0.0945032483602891	0.0218370726435746
-1.28274301399264	0.471653732267616
-1.07945716189932	0.363853566224814
1.87110733943015	0.599602400649659
-0.240438926085152	0.0746406049517052
3.24688433797277	1.45389803769784
0.555532368634209	0.200074881991253
1.39253316011569	0.447615222737444
1.30361074821549	0.502479573897617
0.870600838384333	0.332136832376633
0.316999011228212	0.0928334677014698
0.319235701030726	0.0941325908845634
0.742846606800615	0.233354125368674
0.554214921039666	0.201658412630185
0.318092425170427	0.0932620700170988
2.70685532156478	1.00994202653964
1.28596334482637	0.703024951941749
1.2756814016603	0.670448773163287
0.865701601549378	0.330118174874167
-0.526216284316551	0.138422940417082
-2.49231208841664	0.741884845199983
0.543933997993288	0.126853376726706
0.318199483154056	0.0897286262769385
0.54857087575441	0.128558386573012
2.70483549323043	1.01668215592958
2.35404451991948	1.16226475553687
0.740307794316603	0.226991725061648
2.70305318313569	0.992389817262118
1.94830991468187	0.776924966798475
2.69902559231597	1.02942646113875
0.331531281032729	0.0946784968791169
2.053012919647	1.15795097119134
0.565121816013371	0.19933179639524
1.94131353117111	0.805172253180273
-1.08328339450837	0.370848428206928
-2.49231208841664	0.741884845199983
-0.521239785553401	0.140369579797354
-2.50757633600411	0.731266994599381
-0.520214695772985	0.137880826745706
1.94333020818935	0.790747622547669
2.70080453911676	1.02336096831486
2.69501131532824	1.00895292772661
0.872430756427031	0.334437841582982
0.546465924658674	0.128383503124171
-0.835142304985754	0.250144926202691
0.863022863544138	0.322774251622034
1.87693466126903	0.595647178734079
0.568131518697229	0.210993711274774
1.87110733943015	0.599602400649659
0.802825237674267	0.410432638039504
1.28879390759049	0.507324075109526
-3.31319464395181	1.21509579750581
1.94674956995814	0.799022202593746
-2.83573891845403	0.897342341993353
-0.100630873298134	0.0231392113137372
0.308177783420709	0.109222461021131
-0.839071234022021	0.253754074663262
0.746127020258956	0.228199966307787
-0.243651132894253	0.0733660925939839
1.38488871141273	0.450211777140325
-2.83133823353176	0.934971127868472
-0.447660229415192	0.156725286930136
0.320503935554356	0.0931219670988443
0.878596041681437	0.340923351052913
-0.0941779390158178	0.0217731946290539
-0.444309873807727	0.154215836062215
-0.0945032483602891	0.0218370726435746
-0.521239785553401	0.140369579797354
0.308797039591081	0.109169701595502
1.3866691796729	0.441467883753617
-2.84238126500622	0.883000413893631
-3.10225524298542	1.07674434808323
-2.04902373026814	0.584535062964325
-1.09340675546078	0.365263131667136
-0.234419553957208	0.0731857418093444
-0.648118337193862	0.237112755130385
1.29797217134323	0.517188527164908
-2.50662138300429	0.751156666336677
0.548332676093981	0.128537566389422
-1.48071166987483	0.561439415765941
-0.248560884301615	0.0946976476980784
1.9450293309274	0.765794333090056
-0.245852598736285	0.0770395409229067
0.746955111733649	0.221481668896502
0.541100401848291	0.127818857380943
1.3852161325822	0.449767700794641
-2.49582076805792	0.739355067527278
-0.516775237435231	0.138362889204207
0.0150068543424621	0.00400223514785284
0.548088685499627	0.197244372372254
0.552893324539326	0.204766376131463
-0.439452492527815	0.150583128708704
0.479960835525152	0.197803400629963
-0.516775237435231	0.138362889204207
0.559584005737016	0.209985261051233
-1.37855256949683	0.369087290450251
2.69501131532824	1.00895292772661
0.564249698659467	0.211356481914538
0.86558687654216	0.325269645412061
-1.08468828603038	0.364000574994916
-0.235756809331476	0.074113881734835
-0.513545588916538	0.134680065307493
0.317924444867071	0.0922952031177124
-0.522494745184589	0.138224827015017
1.29045577372635	0.50876744619852
0.546465924658674	0.128383503124171
0.542280131446209	0.128299417175899
1.37876066568467	0.443326011148766
2.70507217841151	1.01576685039178
1.71317049562734	0.82708892574799
0.880088006913954	0.332071169795692
0.00988398501533402	0.00269365248353356
0.327234837391916	0.0938337212474048
0.0129427177648686	0.00351566625402241
0.541100401848291	0.127818857380943
-0.0930212583066807	0.0212077808526859
0.548332676093981	0.128537566389422
0.00860170294494074	0.00254293128322386
0.0104526084615773	0.00279053576603641
1.37840095144117	0.447135658650554
0.547391394977736	0.128082186515472
1.87110733943015	0.599602400649659
0.741703403287808	0.227480384928699
1.70706293607184	0.807741449072463
1.38417744407969	0.434349052798279
0.305790646028795	0.106855648819102
0.313538883785526	0.0925993903416709
-2.82570625121832	0.918479199567565
-0.517351938617723	0.135137025900895
0.00349019507817179	0.00116942549552859
0.881160398034224	0.334604102006826
2.70305318313569	0.992389817262118
0.328081123848185	0.0930774194558087
1.87110733943015	0.599602400649659
0.744561566795475	0.232791161107715
-0.0035044494090112	0.000374007980371103
-0.51812082156918	0.137106412514332
-0.0941779390158178	0.0217731946290539
0.880348934756593	0.328626871879175
3.65262338895493	1.87036661789963
-2.04783485499909	0.571093548500225
-2.04783485499909	0.571093548500225
0.541100401848291	0.127818857380943
0.318143538060255	0.0951754671461897
-0.832069625663695	0.254252617003816
-2.83018604355835	0.915523433166795
0.321596831485915	0.0953901221130846
0.318092425170427	0.0932620700170988
-1.08430487157504	0.509032794857555
0.319679353434423	0.0929806897824858
0.749070350540287	0.232504892288716
0.00429094105789197	0.00127251095959964
-1.08714078500731	0.366580849372236
0.705307687273377	0.306105178374576
1.87693466126903	0.595647178734079
0.548332676093981	0.128537566389422
-0.0945032483602891	0.0218370726435746
0.961527941057267	0.438388173793819
0.871334268002569	0.336391145853041
2.69902559231597	1.02942646113875
0.750788370120738	0.226789242785611
0.562752969850229	0.2091591293666
0.872086834279008	0.33780025631223
1.28882031973458	0.509916660884464
-1.38250936278202	0.367021552852188
-2.04902373026814	0.584535062964325
-2.05314601736911	0.57654870638546
-0.0906734305984962	0.0314938637935219
-0.560144899495041	0.246252507798847
1.39253316011569	0.447615222737444
0.136455334221044	0.053215451018615
0.744561566795475	0.232791161107715
-1.61733521081788	0.685911357845271
0.313903323796669	0.108970060037775
-0.8247136985442	0.243775063199332
0.547558548130265	0.196891351535487
0.537881681620156	0.126600678583075
3.66634213848017	1.76950666337425
-0.520802749971932	0.137595352476473
2.70661769444647	0.984474181856912
1.29447340564201	0.509609664420835
1.38159292353248	0.445976872538675
2.29102750800227	1.71931978951263
-0.0974411559193684	0.0219556283179796
0.558261003568795	0.204433623642819
0.0811504616124863	0.0273614944454216
1.75949421709481	1.18443809448908
-1.08193607918032	0.363184830319551
1.94341798296218	0.801191315472705
0.0186569003215561	0.0047237706613622
-1.37855256949683	0.369087290450251
0.568860395232501	0.204289738872054
2.70103916327475	1.02243498183666
0.545286400011961	0.127906532067442
0.537881681620156	0.126600678583075
-0.514680488872461	0.137579947568615
-2.82570625121832	0.918479199567565
1.39136829124984	0.446170964769697
1.38746482707804	0.438324100518707
0.296745320900308	0.102995591314352
0.0892766618911163	0.0298110149846715
-0.0930212583066807	0.0212077808526859
-3.50845296259871	1.37767035504347
2.70507217841151	1.01576685039178
-2.04783485499909	0.571093548500225
1.28643329256404	0.600545913576946
0.547153124490705	0.128061292620407
1.39253316011569	0.447615222737444
1.61858841546264	0.86636311377866
0.744985653727228	0.221081609571464
1.39103758254509	0.436160405221504
0.321343621282208	0.0941965604079644
0.3146648104573	0.0913579545285187
-2.1286603499132	1.13509494686453
0.590520537401338	0.289074271132201
1.27430428568996	0.683962535635719
-0.455432621073778	0.159534431150736
-0.00153740824949958	0.000215193543251446
1.29717636174854	0.516738119899894
-1.37736686643192	0.369817212053887
0.740464274036165	0.227891483543122
-0.44050288686448	0.147239203969114
1.29423139225466	0.595518288524337
1.94463924036391	0.78116955421641
-1.38250936278202	0.367021552852188
2.55464536475894	1.83521445651262
0.541100401848291	0.127818857380943
0.537881681620156	0.126600678583075
-0.10845777398567	0.0233524190605643
1.94056540988317	0.801039885015426
1.94960472032889	0.775961175491429
-0.245706961116326	0.0771878188329649
3.2049958229152	2.20526934448766
1.30241203858052	0.505225871771883
0.326846174266233	0.0919447585280568
0.860776186458668	0.323305598192771
-1.37736686643192	0.369817212053887
0.317050779303299	0.0934221837279994
0.872402302731733	0.335910307317155
0.741558474710576	0.221487355376608
0.00721601039352863	0.00199363515840127
0.475961479325366	0.199937775297
0.547153124490705	0.128061292620407
3.64256396807776	1.77599909416839
-0.101789050479357	0.022868379633766
1.38427123595822	0.453531705710845
-0.230736242153773	0.0685542308304705
0.303832085838145	0.106706660512513
-0.832884030316045	0.249681598941155
0.873305107708526	0.472770730469469
0.875949042195908	0.334726256506935
0.707646241418024	0.313655536733035
-1.61583809752011	0.677674767104293
-2.12275824188251	1.1030831396137
-0.788557253640922	0.328184193825966
-1.46710975909479	0.576509225561684
-1.07666813951648	0.36466782984443
0.741611120992749	0.22843729874227
-0.522739884222163	0.138889648292059
-0.105403264318774	0.0234336358495098
1.37876066568467	0.443326011148766
0.542071704546615	0.126697206817108
2.70305318313569	0.992389817262118
0.0119225788609242	0.00326071718689357
-0.0945032483602891	0.0218370726435746
0.325965678058945	0.0948266143615199
-0.0956609260577928	0.0215971171731289
0.299575951151118	0.105189422164479
0.542280131446209	0.128299417175899
-1.29791561705274	0.45020112192803
-0.00254968326399179	0.000144947009145568
1.30241203858052	0.505225871771883
0.744561566795475	0.232791161107715
0.551574639096523	0.201876306117284
2.35353066395244	1.1388728578873
-2.49231208841664	0.741884845199983
1.39253316011569	0.447615222737444
0.872868568433269	0.335906314973334
0.542280131446209	0.128299417175899
2.04766715333225	1.20250256959907
1.27489084485126	0.876855037786506
2.04547809956047	1.14059129930121
-0.449952784395641	0.153960443265327
3.25474849590009	1.39311606285903
-2.82570625121832	0.918479199567565
-0.827509018985055	0.248646107200568
0.537881681620156	0.126600678583075
0.743988900194572	0.228997201004662
-2.50013836544569	0.752963874303395
0.542280131446209	0.128299417175899
-1.61802398556261	0.66673616838083
2.03644274984988	1.14377129280548
1.38629273260838	0.443742611119823
-2.83911454540015	0.928351077103762
-0.0945032483602891	0.0218370726435746
0.292773093943381	0.104076384455481
-2.83701082493837	0.917156293169085
-0.258848694813062	0.0997575623180418
0.322688990359234	0.0958307659053989
-0.524683569236692	0.139865316336557
0.742846606800615	0.233354125368674
-0.835758223655926	0.247067093704583
1.87110733943015	0.599602400649659
-0.0945032483602891	0.0218370726435746
-0.628172707173069	0.240289784886738
2.03635894441834	1.13959001147255
0.868196797341435	0.335859606976429
0.87436388314064	0.328531023698108
2.98013382710827	1.85664366583335
-0.836634894627274	0.257543939751531
1.39136829124984	0.446170964769697
-0.835544826459878	0.252839292643732
0.316298484439334	0.09145581819607
0.309391571941243	0.106554943906293
-0.241771822755102	0.0753851712454007
2.70507217841151	1.01576685039178
0.749474540728185	0.232293679945897
-0.0956609260577928	0.0215971171731289
-0.0951265447799466	0.0216293083269459
-2.83249128745503	0.934154025578548
2.7070930845416	0.983565510601036
-0.5223760081113	0.140414884928745
0.886267883356015	0.332872664563692
-1.46398655246063	0.575847622541843
-1.08255639517178	0.362075346638336
0.556080129440135	0.205787587423881
0.87961827199407	0.324061087432619
0.744561566795475	0.232791161107715
1.38807595397222	0.442047911275176
1.38159292353248	0.445976872538675
-0.00823616698577932	0.00140043147141575
-0.0989824574858418	0.0222456966330467
0.868408382180835	0.326173970844823
-0.0945032483602891	0.0218370726435746
-0.836890025784853	0.249170164056957
-2.82455863670409	0.896736460929173
-0.100630873298134	0.0231392113137372
-0.100630873298134	0.0231392113137372
-2.6767499874386	1.8180400693493
-3.51504620529804	1.35878374498678
0.0164454119915526	0.00420432162168112
-0.62743022255047	0.236458954058241
1.61831704624788	0.879273183608495
0.47578104700015	0.198608857681778
1.7188190558547	0.826212177630495
-3.09293870382283	1.07206408964027
1.93843279058735	0.76862147113365
2.35209749975337	1.11607936625565
0.541100401848291	0.127818857380943
0.874310845194386	0.337151126771116
1.28308827255637	0.615387686257593
2.36179210582169	1.18626902630941
1.31003386074933	0.482929212648182
0.700650060759792	0.298228914286325
2.70685532156478	1.00994202653964
-3.10075820893695	1.06347774708302
-0.811013094189645	0.326625908083389
-0.835142304985754	0.250144926202691
-0.836634894627274	0.257543939751531
-3.32001561112394	1.2286468506821
-0.0826373032703219	0.0285121873407983
0.0033902800440036	0.00124992013857833
0.541100401848291	0.127818857380943
0.738355836787058	0.228487450174743
-0.403199296964705	0.16319551950396
0.433964560743006	0.20033870555968
-1.45414541273076	0.567873779920886
0.302172581221871	0.107370979890393
0.711125880573345	0.304476090162941
2.75277985642951	2.16641057345802
1.02671661407528	0.535382806692525
1.30329291960977	0.501331516547675
0.882117085745703	0.335485521708417
0.313960828573921	0.0920614225806
0.321596831485915	0.0953901221130846
1.87693466126903	0.595647178734079
0.543933997993288	0.126853376726706
1.38192352524709	0.445539230492256
0.0118237600693153	0.00316782879588578
1.87110733943015	0.599602400649659
0.320159186534265	0.0929647852056076
0.706406172629957	0.308500002985906
1.93673765548103	0.794033939329963
1.30070760593386	0.518463879015317
0.288052952998142	0.114370878264668
0.568123089580233	0.20012604893381
0.739495127750292	0.229163664241222
-2.4946503122275	0.759347999169937
0.541100401848291	0.127818857380943
-0.230527830817266	0.0718656003295706
-3.09647448091884	1.08882943702806
-2.50331029614104	0.738785504632067
-3.51856852145392	1.34364082261708
0.320315073371118	0.0918159211540541
-2.4946503122275	0.759347999169937
1.29294609674321	0.59105941389206
0.553498324909003	0.197888219952536
0.0920541324995392	0.0302837411930883
-1.62331925982069	0.683986905498861
-0.834152635363741	0.25296310080088
1.9295547672234	0.769435364746732
0.489086110950737	0.205253897732382
0.298361493690826	0.105394945355239
0.79818783435358	0.393254258526569
-0.231281040957701	0.0720387889490784
-0.0956609260577928	0.0215971171731289
0.751599032641694	0.226662610300221
1.30070760593386	0.518463879015317
-0.0945032483602891	0.0218370726435746
3.24904408724811	1.36442606108832
-0.520400638654727	0.137450762960971
0.320252995132102	0.0952285767224367
-0.0941779390158178	0.0217731946290539
-3.10336310613868	1.07624884357692
0.0186569003215561	0.0047237706613622
0.549559833414944	0.197873147007136
0.548332676093981	0.128537566389422
1.87492520164159	0.596544505245442
1.38427123595822	0.453531705710845
-0.0994736170795967	0.022542834663039
0.874892512834432	0.341837768822866
-2.05021356478115	0.569031985318464
1.28948290047151	0.554926480587368
-2.49348075277667	0.760631300990853
0.484040733783511	0.205120504650065
2.05505522788662	1.15896780478761
0.750788370120738	0.226789242785611
-1.07570589833403	0.363045486224643
1.27330791935721	0.691251960860738
0.0140606264458052	0.00383139484675481
2.0497052655746	1.16910843118802
0.331531281032729	0.0946784968791169
1.28178169455014	0.605442812551977
-0.235046215319406	0.0714500938133261
-3.50345173957519	1.34706552782025
1.27647131692581	0.660598724040486
1.54118379094676	0.935545493499992
0.542280131446209	0.128299417175899
1.94919571531816	0.747858737811986
0.320503935554356	0.0931219670988443
1.93569702954421	0.787022063832923
-0.0945032483602891	0.0218370726435746
2.70661769444647	0.984474181856912
1.29874438174713	0.502480804066515
0.016585367115239	0.00431836572446858
0.330033439664547	0.0950177430381346
1.26635237558809	0.546636904261106
1.29391597149827	0.505537434088164
3.65103548130572	1.82519710066045
-0.24575827096075	0.073771591936147
0.327130737736728	0.0929907722561203
2.35451633396825	1.16082609605918
-0.516775237435231	0.138362889204207
0.542280131446209	0.128299417175899
1.38925128836968	0.448354899211588
1.87492520164159	0.596544505245442
0.741703403287808	0.227480384928699
-0.245054293878174	0.0759544977827301
1.29092848334153	0.50788985992879
0.747927529305998	0.226764681396792
0.320503935554356	0.0931219670988443
0.448221479538701	0.208254442408127
1.29090491046116	0.611936199912831
2.35613305794462	1.15995040614845
-0.44538452339381	0.154460657274915
1.02130126919938	0.52268252589113
2.05183195554062	1.13631559055551
1.93925039428541	0.766100967478704
0.558860133875838	0.200725308146252
1.87110733943015	0.599602400649659
-0.0989824574858418	0.0222456966330467
1.2990676838516	0.506236864226172
1.72349969125847	0.84516537344933
0.0185525720165945	0.00472697494929157
0.750212262173245	0.228253921774654
2.36527219527999	1.15681792667492
-2.82570625121832	0.918479199567565
-1.37736686643192	0.369817212053887
1.29669975780372	0.503274111545444
0.734999759270719	0.224471934267942
0.326846174266233	0.0919447585280568
-2.05314601736911	0.57654870638546
1.72040876410359	0.838164948840007
-0.521354276075847	0.140151065895862
-3.31219836079853	1.21229419336227
-0.235756809331476	0.074113881734835
1.94171798110185	0.803776539333411
0.097425064154823	0.0327877982403345
-0.00218750817463674	0.000107543735465896
0.602965283336963	0.298611171172311
0.127542554812896	0.0539195782672402
0.0148300751683945	0.00394546608157829
-1.62231547686047	0.682367768511461
-1.08341915477405	0.36369710803699
0.123725114485687	0.0464630472001831
0.675659755965309	0.364548286296407
0.443521888178443	0.211856207263201
-0.230527830817266	0.0718656003295706
0.315765753383336	0.111891435964924
0.31918510108582	0.0918256878577977
0.742903188663823	0.214782142792871
1.54665110315428	0.950236812117843
-0.237455577639937	0.0726757661657155
1.94171798110185	0.803776539333411
-1.07847996742696	0.363856947530528
1.37404570848254	0.438630313948128
-1.09435690334372	0.361447110742382
-0.094668565138134	0.0323361037256597
0.312443322608447	0.0909266558831122
3.66046651592269	1.84087546022703
-0.0974928366755688	0.0220000133147072
1.30172719822363	0.527893955741567
-0.0930212583066807	0.0212077808526859
0.304455245733321	0.104395047029698
0.861087956500786	0.321588252299041
-3.31219836079853	1.21229419336227
-3.67764744025752	1.47487100615931
-0.0907699839848508	0.0311962621701164
0.886145417827067	0.316443898648468
1.29337507943617	0.520832317482809
0.542071704546615	0.126697206817108
0.738355836787058	0.228487450174743
2.96232637478775	1.86831460401662
0.868729012857603	0.335284425618905
1.38310568737594	0.45202977531251
0.542143518060953	0.194687519541621
0.866664023544977	0.336347169504764
-2.498964405108	0.767925687647617
2.04621636371752	1.1757694312477
1.39136829124984	0.446170964769697
3.25072666874496	1.4127868106449
0.321596831485915	0.0953901221130846
0.877675865069772	0.325941326036972
1.93609910556804	0.785706386427873
-0.454192588978091	0.157815009929203
-0.830458254376926	0.253340793357874
0.3100566608327	0.0889507748310693
0.32894420016729	0.0965259148221703
-1.29031071965297	0.471244509692648
0.737082487485786	0.219666828763558
2.36293285533371	1.10906413408592
2.70103916327475	1.02243498183666
0.70747537332535	0.315828587148491
2.70080453911676	1.02336096831486
0.0907563967989846	0.0307452864281546
1.87492520164159	0.596544505245442
-1.07773590957251	0.364585466114807
1.93400096432528	0.789526308766741
1.30117936897975	0.517554607827081
1.30058646900633	0.678116441194396
0.877489361188153	0.308689292062417
0.31918510108582	0.0918256878577977
-1.28645061480087	0.462589721944726
1.87492520164159	0.596544505245442
0.713005054854861	0.313401364255304
1.87492520164159	0.596544505245442
0.0880585559789285	0.029952623189587
0.550685923418775	0.199566504789894
0.100379173492612	0.0323219378411193
1.878113491627	1.20665810248532
1.28882031973458	0.509916660884464
0.566823590507379	0.205803973897459
0.542280131446209	0.128299417175899
1.30059200143714	0.51449928780964
0.325491744897893	0.0948457252496635
0.332147052581879	0.0950871161574312
0.872303590610921	0.32949612455723
0.54857087575441	0.128558386573012
-0.233323389453537	0.0713962539133998
1.38427123595822	0.453531705710845
0.739495127750292	0.229163664241222
0.87926404659627	0.318422606440623
-0.100102853846225	0.0222670185448718
1.29899082580271	0.514536593550654
0.536321049886131	0.126331019370992
0.54857087575441	0.128558386573012
0.540516763764104	0.126430146128776
0.73385246045154	0.223936714768893
2.69501131532824	1.00895292772661
1.87693466126903	0.595647178734079
0.543933997993288	0.126853376726706
0.563467749471445	0.209628028394203
2.36017402157391	1.15795785992873
1.29615501571069	0.51983303607118
0.866997480871674	0.304366177178282
1.30125102714201	0.506508118541824
2.70483549323043	1.01668215592958
1.29899082580271	0.514536593550654
-1.37736686643192	0.369817212053887
2.98173537937166	1.75743005315111
-2.50662138300429	0.751156666336677
-1.0810615465356	0.358112768059313
-0.0962833901203116	0.0222038630107127
-1.38250936278202	0.367021552852188
-0.517351938617723	0.135137025900895
0.541100401848291	0.127818857380943
1.87110733943015	0.599602400649659
0.869156369709655	0.330891166249493
2.69501131532824	1.00895292772661
0.541100401848291	0.127818857380943
-0.523513114305865	0.137679209591898
-0.105110575947249	0.0235349560977657
0.545286400011961	0.127906532067442
-0.522739884222163	0.138889648292059
0.749070350540287	0.232504892288716
-0.0930212583066807	0.0212077808526859
0.715623219055146	0.309652452052776
1.87693466126903	0.595647178734079
0.00866705764748314	0.00250892523770994
1.87110733943015	0.599602400649659
2.04516600565085	1.14673404055597
0.560731012894632	0.202419074731314
1.29391597149827	0.505537434088164
1.37981396507491	0.447741419807757
1.87492520164159	0.596544505245442
1.87693466126903	0.595647178734079
0.747927529305998	0.226764681396792
0.746127020258956	0.228199966307787
-0.515640221203127	0.13543764457855
-2.05314601736911	0.57654870638546
0.548332676093981	0.128537566389422
1.87693466126903	0.595647178734079
-0.102208622300794	0.0226916030253293
1.87110733943015	0.599602400649659
0.542071704546615	0.126697206817108
-0.516775237435231	0.138362889204207
1.87110733943015	0.599602400649659
1.93267444315592	0.777685872279347
0.541100401848291	0.127818857380943
0.738348160190416	0.228612711329341
2.36226787493059	1.1485668424344
0.30436272682439	0.105074895212539
1.93843279058735	0.76862147113365
-0.0995973058669546	0.0224260918786388
-0.245825532928544	0.0758252265485299
-0.454327946526315	0.15062073722292
-3.67599283921959	1.50022965768208
1.2996134727987	0.530136221804645
0.00526618147656546	0.00152611893018079
1.30751419777952	0.494839119329236
-0.240583170030325	0.0759160124673235
1.87693466126903	0.595647178734079
0.74382021694343	0.226781474929542
0.866275571370471	0.325508103442031
-2.04783485499909	0.571093548500225
0.292773093943381	0.104076384455481
0.74735203385171	0.227266926935782
0.734999759270719	0.224471934267942
-0.103948938199882	0.0233524604803125
0.746695784046274	0.227164306604738
-2.05314601736911	0.57654870638546
0.548332676093981	0.128537566389422
-0.0989824574858418	0.0222456966330467
0.542071704546615	0.126697206817108
-2.50013836544569	0.752963874303395
1.87492520164159	0.596544505245442
-0.100630873298134	0.0231392113137372
-0.237275358357156	0.0740297101533226
-0.0994736170795967	0.022542834663039
1.37992663094243	0.444768794438503
0.542280131446209	0.128299417175899
1.94016088732929	0.80242414532779
0.541100401848291	0.127818857380943
0.547391394977736	0.128082186515472
2.36737362764066	1.14754196873369
-0.238737053888655	0.0747430206022402
0.00445338126136901	0.00158323801644898
0.559204120580594	0.203591472992351
1.2963386643937	0.708693951233194
1.30799116030862	0.512772800018718
-1.76321905273824	0.798147569058936
1.94226546101719	0.798478773934451
1.29391597149827	0.505537434088164
1.38488871141273	0.450211777140325
-2.82685472330953	0.922711444031235
-0.519662324847855	0.139505494309868
-2.82685472330953	0.922711444031235
1.30690219216964	0.499413227511121
1.60413214070638	0.878121815628101
1.93925039428541	0.766100967478704
-3.31219836079853	1.21229419336227
0.543933997993288	0.126853376726706
0.536321049886131	0.126331019370992
0.545483783115961	0.196315993891257
0.0119481861389783	0.00319511477387208
1.71418955232001	0.842991378766293
0.703473386652755	0.308580336990344
1.87680508733918	0.595685726697882
2.70080453911676	1.02336096831486
2.05532197870841	1.08495975504773
0.315904858319612	0.0906719899454981
0.0138323337486188	0.003773407021755
-0.787551179122806	0.321854672051478
-2.04902373026814	0.584535062964325
1.30008540260843	0.529163191041818
0.101621107825667	0.0320637336888345
2.69501131532824	1.00895292772661
3.65461048834511	1.86564770143453
-0.0953449071694144	0.0335654654475731
0.542621526180842	0.126608567713006
1.87110733943015	0.599602400649659
-0.10075853176445	0.022608042052954
0.305474422549267	0.108369636919311
-0.0994736170795967	0.022542834663039
1.38638151288191	0.451248877983357
0.546465924658674	0.128383503124171
1.87110733943015	0.599602400649659
0.548332676093981	0.128537566389422
0.739498461318299	0.224344540791199
-0.524683569236692	0.139865316336557
-0.529185838361098	0.134591918202236
1.87110733943015	0.599602400649659
-0.520214695772985	0.137880826745706
0.321672801610281	0.0919423857259322
0.732539947315021	0.222533630956855
1.39041632652022	0.449818911651812
1.87680508733918	0.595685726697882
2.70305318313569	0.992389817262118
-2.49348075277667	0.760631300990853
0.546465924658674	0.128383503124171
-2.84944303528553	0.860985511506725
2.69902559231597	1.02942646113875
0.548332676093981	0.128537566389422
1.87110733943015	0.599602400649659
0.545286400011961	0.127906532067442
-0.0962833901203116	0.0222038630107127
-2.05433974854713	0.576107769870825
1.87693466126903	0.595647178734079
1.38746482707804	0.438324100518707
-1.37855256949683	0.369087290450251
0.541100401848291	0.127818857380943
-0.102329697110192	0.0221028159522019
-0.095335539902063	0.0215346615173759
1.87492520164159	0.596544505245442
-0.242612421918724	0.0754243237901665
1.87110733943015	0.599602400649659
-0.101789050479357	0.022868379633766
2.69902559231597	1.02942646113875
0.545286400011961	0.127906532067442
-0.10075853176445	0.022608042052954
0.537881681620156	0.126600678583075
0.541100401848291	0.127818857380943
1.87693466126903	0.595647178734079
0.54857087575441	0.128558386573012
2.70305318313569	0.992389817262118
-0.0945032483602891	0.0218370726435746
0.54857087575441	0.128558386573012
-1.37736686643192	0.369817212053887
-1.38250936278202	0.367021552852188
1.87110733943015	0.599602400649659
1.87110733943015	0.599602400649659
0.0131142270434902	0.00360375812483881
-1.37736686643192	0.369817212053887
3.25240895172135	1.40307420120783
1.87693466126903	0.595647178734079
1.87693466126903	0.595647178734079
0.541100401848291	0.127818857380943
1.87492520164159	0.596544505245442
-1.37736686643192	0.369817212053887
3.24904408724811	1.36442606108832
3.65262338895493	1.87036661789963
2.70483549323043	1.01668215592958
1.87492520164159	0.596544505245442
0.305701774302562	0.105272334450119
1.87110733943015	0.599602400649659
-0.521354276075847	0.140151065895862
0.312443322608447	0.0909266558831122
1.70138918379356	0.808892367992738
-0.623153351587542	0.236236146640588
1.87110733943015	0.599602400649659
-2.05314601736911	0.57654870638546
0.545286400011961	0.127906532067442
0.00693662458038492	0.00210489586305147
0.317993061091882	0.0929150104958621
2.70305318313569	0.992389817262118
-1.28501684137984	0.471749653468482
0.879129610969961	0.327283686882244
0.552891734251425	0.205564356278539
-2.82570625121832	0.918479199567565
-3.09868623597984	1.08730133775312
-2.50013836544569	0.752963874303395
-0.0994736170795967	0.022542834663039
0.86967394210376	0.319722900244165
-0.235175374955605	0.0740295955887752
-0.0904718179451637	0.0306322070838002
1.56274696203803	0.983776045406697
1.94408897336323	0.75817790180106
-0.0153433138629346	0.00604340424317964
1.37992663094243	0.444768794438503
1.94171798110185	0.803776539333411
0.548332676093981	0.128537566389422
0.544175487457479	0.126874637564392
2.3638864145071	1.1477888825569
0.878063035149765	0.332310344071191
0.0204714736508045	0.00508549706000717
1.30117936897975	0.517554607827081
-0.0941779390158178	0.0217731946290539
-0.829369965901945	0.248779369121827
-1.08425366242167	0.369278140646016
0.318539902136847	0.0939999634422529
1.39253316011569	0.447615222737444
-2.49348075277667	0.760631300990853
-2.05433974854713	0.576107769870825
1.94159988851009	0.768372309549234
1.93400096432528	0.789526308766741
-2.82455863670409	0.896736460929173
1.38310568737594	0.45202977531251
-1.37736686643192	0.369817212053887
-0.103948938199882	0.0233524604803125
1.29701815932011	0.614851401370039
3.24272896954597	1.42547214627273
1.71164458523943	0.808309300651645
1.87110733943015	0.599602400649659
1.94504622593132	0.779893250723617
1.87492520164159	0.596544505245442
0.331675523051172	0.0931943718165391
0.54857087575441	0.128558386573012
1.38746482707804	0.438324100518707
-0.515640221203127	0.13543764457855
0.734999759270719	0.224471934267942
1.29447340564201	0.509609664420835
0.541100401848291	0.127818857380943
-0.829369965901945	0.248779369121827
1.29657951069244	0.507603252127817
0.547153124490705	0.128061292620407
0.547391394977736	0.128082186515472
0.00678655858416488	0.00203306636950447
0.015480665771631	0.0039883519427443
0.74382021694343	0.226781474929542
0.548088685499627	0.197244372372254
-0.100630873298134	0.0231392113137372
-2.04902373026814	0.584535062964325
-0.228900797764582	0.06943111070728
0.0991286235709909	0.0325546315017351
-1.06024252615019	0.49155592673266
-0.517911135702038	0.138411916640514
0.542071704546615	0.126697206817108
-2.4946503122275	0.759347999169937
-1.38250936278202	0.367021552852188
1.38595983416379	0.444174825449718
0.546465924658674	0.128383503124171
2.70483549323043	1.01668215592958
1.38310568737594	0.45202977531251
1.30117936897975	0.517554607827081
0.536321049886131	0.126331019370992
1.87680508733918	0.595685726697882
-1.37855256949683	0.369087290450251
-2.04783485499909	0.571093548500225
-2.49779134618292	0.753762077506182
-2.05021356478115	0.569031985318464
-2.05314601736911	0.57654870638546
2.70080453911676	1.02336096831486
-0.634157428331175	0.238348919957715
0.73385246045154	0.223936714768893
0.741611120992749	0.22843729874227
2.70305318313569	0.992389817262118
1.29851872905576	0.515432791161323
0.74005934947756	0.228093775301913
-0.452610384984436	0.15121499431246
1.92612633915277	0.761764690902876
-1.37736686643192	0.369817212053887
-2.49990984232575	0.743825215086762
-2.05433974854713	0.576107769870825
0.547153124490705	0.128061292620407
0.547153124490705	0.128061292620407
3.66515434386281	1.84005717791393
-0.844947735192529	0.24559549530664
2.70103916327475	1.02243498183666
-0.0933464908639628	0.0212702965815671
1.72047561840163	0.796834131265249
1.87693466126903	0.595647178734079
1.38159292353248	0.445976872538675
0.547391394977736	0.128082186515472
-0.103948938199882	0.0233524604803125
1.87110733943015	0.599602400649659
-2.49348075277667	0.760631300990853
2.69501131532824	1.00895292772661
-0.52427974030057	0.136106393131316
0.011766618186433	0.00320083593015579
-0.101789050479357	0.022868379633766
0.541100401848291	0.127818857380943
1.87110733943015	0.599602400649659
-2.04783485499909	0.571093548500225
0.563666582757074	0.195568406377246
3.24856443687887	1.44757234479347
-2.83249128745503	0.934154025578548
-1.37855256949683	0.369087290450251
-1.09589905940478	0.346786489812796
-1.37855256949683	0.369087290450251
1.38427123595822	0.453531705710845
-0.522494745184589	0.138224827015017
-2.04783485499909	0.571093548500225
-2.50331029614104	0.738785504632067
3.24688433797277	1.45389803769784
-2.05849704146216	0.555726647791374
1.29851872905576	0.515432791161323
1.29080114223754	0.505682581631107
1.29847095889952	0.503333175694979
0.875128917541102	0.324132694671381
0.546465924658674	0.128383503124171
-2.05314601736911	0.57654870638546
0.54857087575441	0.128558386573012
0.541100401848291	0.127818857380943
0.319235701030726	0.0941325908845634
-0.230355191806055	0.0715834026633865
-2.49348075277667	0.760631300990853
0.7041223866192	0.305701710073331
1.30422780479301	0.517017505008842
0.73875223205486	0.226649424561653
1.28831126704833	0.596349513971902
-0.525823473591188	0.142192228149134
0.745703811636536	0.228481367728924
-1.37736686643192	0.369817212053887
-2.50757633600411	0.731266994599381
-1.37855256949683	0.369087290450251
-2.49779134618292	0.753762077506182
-0.525967721160877	0.136720395702645
-2.49990984232575	0.743825215086762
-2.05849704146216	0.555726647791374
-1.37855256949683	0.369087290450251
-0.0951265447799466	0.0216293083269459
0.325965678058945	0.0948266143615199
-0.839439651611475	0.246914268305005
1.39136829124984	0.446170964769697
2.69501131532824	1.00895292772661
-0.0962833901203116	0.0222038630107127
0.541100401848291	0.127818857380943
1.38310568737594	0.45202977531251
1.87492520164159	0.596544505245442
0.536321049886131	0.126331019370992
-1.37736686643192	0.369817212053887
-0.234303088431131	0.0720657058555488
-0.0962833901203116	0.0222038630107127
1.87110733943015	0.599602400649659
1.93134584850783	0.776793335260034
-0.521239785553401	0.140369579797354
-3.32909605112018	1.17396989475489
-0.10075853176445	0.022608042052954
1.87693466126903	0.595647178734079
1.94185989941243	0.776377543811128
0.313573903499624	0.0910825225441505
0.0138776727479394	0.00371737921651206
1.29045577372635	0.50876744619852
1.39074595013018	0.449376726983695
1.87110733943015	0.599602400649659
-0.83067879407783	0.244996107213328
1.87492520164159	0.596544505245442
-0.528357476837837	0.138974057943311
2.69902559231597	1.02942646113875
-2.4946503122275	0.759347999169937
0.883773856754879	0.332422546060242
0.546465924658674	0.128383503124171
-2.82685472330953	0.922711444031235
3.24856443687887	1.44757234479347
0.878590094646168	0.336676425845444
0.739498461318299	0.224344540791199
1.38633307834389	0.431695879803105
-1.08010190469453	0.359548596166992
-1.074876740847	0.35938944910669
0.570185357306036	0.205342825769399
-2.82570625121832	0.918479199567565
-2.49582076805792	0.739355067527278
-1.75295299599967	0.778578674934881
-0.10075853176445	0.022608042052954
3.24488053149604	1.41948128466378
1.60876224754463	0.863183973049096
0.537881681620156	0.126600678583075
0.78273736002539	0.375305958527231
-2.49779134618292	0.753762077506182
-2.498964405108	0.767925687647617
1.87693466126903	0.595647178734079
-0.101045830438201	0.0225101564182204
0.745719693963199	0.22840082916161
-0.0933464908639628	0.0212702965815671
1.38427123595822	0.453531705710845
0.016585367115239	0.00431836572446858
-0.100630873298134	0.0231392113137372
1.87110733943015	0.599602400649659
0.0813136571056207	0.0273732284671398
-1.37855256949683	0.369087290450251
0.881614815211715	0.332783342993644
-0.530441565236403	0.138655344135078
0.743681786854231	0.22623674195837
-2.04902373026814	0.584535062964325
1.93714531214761	0.792674531596657
0.315812338430821	0.0922152129845068
0.73875223205486	0.226649424561653
0.546465924658674	0.128383503124171
-2.05433974854713	0.576107769870825
1.29416962060533	0.4825494075978
1.87110733943015	0.599602400649659
-0.516775237435231	0.138362889204207
0.545286400011961	0.127906532067442
0.96820793327244	0.443148007475481
0.710864598971565	0.30427251701122
1.38417744407969	0.434349052798279
-2.83018604355835	0.915523433166795
-0.449622976654422	0.158402020614659
3.24488053149604	1.41948128466378
-0.105110575947249	0.0235349560977657
0.318143538060255	0.0951754671461897
0.545286400011961	0.127906532067442
1.87110733943015	0.599602400649659
0.542280131446209	0.128299417175899
1.39041632652022	0.449818911651812
0.733654048415931	0.223169745300359
2.70029602769921	1.49574539024736
-0.644284406601919	0.220368622603458
0.745703811636536	0.228481367728924
2.69902559231597	1.02942646113875
1.93846155103018	0.782999086281044
1.38488871141273	0.450211777140325
1.28030784150997	0.603928163833868
0.55455585257059	0.203890364084656
1.94341798296218	0.801191315472705
0.96709812224772	0.455936926321517
-0.0945032483602891	0.0218370726435746
0.00487266274740583	0.00159990718475562
1.72296070566239	0.822986335752422
1.38427123595822	0.453531705710845
-0.0941779390158178	0.0217731946290539
0.547153124490705	0.128061292620407
-0.0995973058669546	0.0224260918786388
0.873835270339654	0.329058386585936
-1.37736686643192	0.369817212053887
-0.521239785553401	0.140369579797354
0.313538883785526	0.0925993903416709
1.87693466126903	0.595647178734079
3.65103548130572	1.82519710066045
3.25105335460588	1.41061150643205
-0.0933464908639628	0.0212702965815671
1.87110733943015	0.599602400649659
-0.515079347934818	0.137725022751014
-2.04783485499909	0.571093548500225
1.38925128836968	0.448354899211588
-2.50108453829271	0.757473465243405
1.86644784385924	1.16819286608052
1.87110733943015	0.599602400649659
0.548332676093981	0.128537566389422
0.963636143491009	0.434488027186146
1.87110733943015	0.599602400649659
0.325965678058945	0.0948266143615199
1.87110733943015	0.599602400649659
-0.513545588916538	0.134680065307493
1.38605416874139	0.451696726388903
0.00743682356183939	0.00222974932293904
-0.100630873298134	0.0231392113137372
1.87110733943015	0.599602400649659
-0.781364613564976	0.318552580329589
-0.105403264318774	0.0234336358495098
-0.0994736170795967	0.022542834663039
0.565575332913485	0.205209211542751
0.537881681620156	0.126600678583075
1.28759839962758	0.506721673535971
1.94715780166299	0.774405383728766
2.35588387942719	1.16714717779771
1.87492520164159	0.596544505245442
0.861737786132312	0.318789414360134
1.87492520164159	0.596544505245442
0.868729012857603	0.335284425618905
0.547391394977736	0.128082186515472
1.29506211489774	0.518841499105638
0.020575217840061	0.00518184212929662
0.747842248818904	0.227701174634983
2.35561718010513	1.16476487863117
-0.515640221203127	0.13543764457855
0.741192827520051	0.219706903960386
1.72696866344056	0.762020341126679
-1.37855256949683	0.369087290450251
-2.49582076805792	0.739355067527278
2.70661769444647	0.984474181856912
1.87110733943015	0.599602400649659
1.38925128836968	0.448354899211588
-0.239665675174267	0.0758816081140354
1.71317049562734	0.82708892574799
0.536321049886131	0.126331019370992
0.316902995496274	0.093915469753694
0.872430756427031	0.334437841582982
1.27956027143213	0.583423287088228
0.749070350540287	0.232504892288716
0.305264686060251	0.107270696450013
2.70661769444647	0.984474181856912
-1.37736686643192	0.369817212053887
1.38958098938758	0.447916404365245
-2.82685472330953	0.922711444031235
0.542280131446209	0.128299417175899
0.545286400011961	0.127906532067442
1.38417744407969	0.434349052798279
0.73875223205486	0.226649424561653
-2.05021356478115	0.569031985318464
-0.525823473591188	0.142192228149134
-0.836751280465765	0.251030303081264
0.536870783013144	0.189257675400698
0.751193601971895	0.231756848435628
0.742846606800615	0.233354125368674
-2.05021356478115	0.569031985318464
0.74610547207819	0.228282542864155
-3.317043081878	1.23068131856223
0.322688990359234	0.0958307659053989
1.87492520164159	0.596544505245442
-0.526964267085977	0.140208674753714
0.74735203385171	0.227266926935782
2.70080453911676	1.02336096831486
1.39253316011569	0.447615222737444
0.800478824588074	0.412136327493837
0.322688990359234	0.0958307659053989
1.38958098938758	0.447916404365245
-0.0933464908639628	0.0212702965815671
1.87492520164159	0.596544505245442
1.71945712084817	0.814212190812017
-0.0945032483602891	0.0218370726435746
-1.38250936278202	0.367021552852188
-0.103948938199882	0.0233524604803125
0.548332676093981	0.128537566389422
-3.3112024857887	1.20126544638792
1.30344375217873	0.50243543840451
0.541100401848291	0.127818857380943
-1.37855256949683	0.369087290450251
-2.05433974854713	0.576107769870825
1.93070812445836	0.771954514457349
-0.103948938199882	0.0233524604803125
0.96252144443821	0.446705894295756
0.546465924658674	0.128383503124171
1.94226546101719	0.798478773934451
0.54857087575441	0.128558386573012
-0.516775237435231	0.138362889204207
0.54857087575441	0.128558386573012
0.542280131446209	0.128299417175899
0.548332676093981	0.128537566389422
1.93609910556804	0.785706386427873
-0.462770914827071	0.145828850868349
-2.50226013804269	0.743052864003894
0.324877862296843	0.0958537387888753
1.87110733943015	0.599602400649659
1.38310568737594	0.45202977531251
1.39253316011569	0.447615222737444
0.73385246045154	0.223936714768893
1.39253316011569	0.447615222737444
2.70103916327475	1.02243498183666
-1.37736686643192	0.369817212053887
3.24655992739218	1.4562540675439
-2.49231208841664	0.741884845199983
-1.37736686643192	0.369817212053887
0.324329385368054	0.0959051461273956
-0.261302742511044	0.0754543156125658
2.70080453911676	1.02336096831486
3.24488053149604	1.41948128466378
1.87110733943015	0.599602400649659
0.541100401848291	0.127818857380943
0.547153124490705	0.128061292620407
1.87492520164159	0.596544505245442
1.87110733943015	0.599602400649659
-0.0945032483602891	0.0218370726435746
-0.517911135702038	0.138411916640514
2.70080453911676	1.02336096831486
1.87110733943015	0.599602400649659
-3.09183480000513	1.07302576822624
0.546465924658674	0.128383503124171
1.39074595013018	0.449376726983695
-2.05530739097121	0.573074172318947
0.319628588618048	0.0930060930695022
0.548332676093981	0.128537566389422
-1.38250936278202	0.367021552852188
-1.37736686643192	0.369817212053887
-3.09965171459907	1.06948551034403
-1.37736686643192	0.369817212053887
-0.519047917270715	0.135752304649831
1.37992663094243	0.444768794438503
-0.5223760081113	0.140414884928745
-0.103948938199882	0.0233524604803125
0.536321049886131	0.126331019370992
0.969013395660795	0.42946100467074
-2.05021356478115	0.569031985318464
-0.516775237435231	0.138362889204207
-2.50448779490627	0.739201463947818
-0.517351938617723	0.135137025900895
1.87110733943015	0.599602400649659
2.70685532156478	1.00994202653964
2.35451633396825	1.16082609605918
0.311199403423324	0.0897711466132797
1.87110733943015	0.599602400649659
1.70598350748554	0.809458316023506
3.2482390271058	1.40375263383915
-1.37736686643192	0.369817212053887
-2.83249128745503	0.934154025578548
2.31819005557878	1.51361800117114
-0.832168409431155	0.248980114167423
1.87110733943015	0.599602400649659
0.862227469472743	0.326243498251806
-0.10075853176445	0.022608042052954
1.28906167266882	0.597099236327132
1.87680508733918	0.595685726697882
1.30281978304653	0.516382390088555
1.87492520164159	0.596544505245442
-1.37736686643192	0.369817212053887
-0.240449734935957	0.0735856686443218
0.00805077718853927	0.00247862994066672
1.30501144343995	0.502473923795224
0.550701290819179	0.197287642565192
-0.0933464908639628	0.0212702965815671
3.25240895172135	1.40307420120783
1.93515399033225	0.792188355021487
1.2996829005879	0.506422768004036
2.04634818556352	1.10229758146972
0.541100401848291	0.127818857380943
1.38605416874139	0.451696726388903
-0.0994736170795967	0.022542834663039
2.69501131532824	1.00895292772661
0.739495127750292	0.229163664241222
-0.840233233068302	0.250814356122496
-2.04902373026814	0.584535062964325
-0.526964267085977	0.140208674753714
0.545286400011961	0.127906532067442
2.69902559231597	1.02942646113875
0.548332676093981	0.128537566389422
0.542280131446209	0.128299417175899
-1.37855256949683	0.369087290450251
-0.101789050479357	0.022868379633766
-0.0962833901203116	0.0222038630107127
3.24073059107654	1.43390582371323
0.546465924658674	0.128383503124171
0.969945125655073	0.402490884241994
-1.37736686643192	0.369817212053887
-0.101789050479357	0.022868379633766
0.741611120992749	0.22843729874227
-0.0994736170795967	0.022542834663039
1.94341798296218	0.801191315472705
0.872675525768746	0.331155856649455
0.747927529305998	0.226764681396792
0.322688990359234	0.0958307659053989
-2.49779134618292	0.753762077506182
-2.05314601736911	0.57654870638546
-1.37855256949683	0.369087290450251
0.332147052581879	0.0950871161574312
0.305811752901983	0.10692707774959
0.321596831485915	0.0953901221130846
0.744005201370157	0.223367732806648
-1.38250936278202	0.367021552852188
1.87492520164159	0.596544505245442
0.740464274036165	0.227891483543122
0.947572419136224	0.405389565740835
-0.10075853176445	0.022608042052954
-1.37736686643192	0.369817212053887
0.330443145225439	0.0942616611757758
0.744561566795475	0.232791161107715
0.541100401848291	0.127818857380943
1.87693466126903	0.595647178734079
-0.520214695772985	0.137880826745706
-2.05314601736911	0.57654870638546
-3.09183480000513	1.07302576822624
-3.09404330590539	1.06245153955413
0.536321049886131	0.126331019370992
0.54857087575441	0.128558386573012
1.87680508733918	0.595685726697882
3.24073059107654	1.43390582371323
0.329971039447924	0.096148941949692
1.87492520164159	0.596544505245442
0.747433875359793	0.222937106239901
2.70685532156478	1.00994202653964
-2.4946503122275	0.759347999169937
0.742846606800615	0.233354125368674
0.546465924658674	0.128383503124171
1.3852161325822	0.449767700794641
0.3100566608327	0.0889507748310693
-0.530441565236403	0.138655344135078
1.37876066568467	0.443326011148766
2.70305318313569	0.992389817262118
0.542071704546615	0.126697206817108
0.0118237600693153	0.00316782879588578
-0.52427974030057	0.136106393131316
0.738348160190416	0.228612711329341
3.2482390271058	1.40375263383915
0.542280131446209	0.128299417175899
1.87680508733918	0.595685726697882
-0.0945032483602891	0.0218370726435746
1.87110733943015	0.599602400649659
1.37992663094243	0.444768794438503
1.37992663094243	0.444768794438503
-2.50013836544569	0.752963874303395
1.28031316188076	0.598820967699884
-1.38476212339261	0.366878631153991
-1.37855256949683	0.369087290450251
0.875562112538139	0.333435340872029
-2.82570625121832	0.918479199567565
-0.520104445364255	0.137370661910804
0.537881681620156	0.126600678583075
0.552215766436336	0.19574824085073
3.23659418314006	1.39602123304027
1.2841048878958	0.497323132873791
2.70507217841151	1.01576685039178
1.87110733943015	0.599602400649659
-3.09758000874198	1.09367827811836
-1.37736686643192	0.369817212053887
2.70103916327475	1.02243498183666
1.37981396507491	0.447741419807757
0.547391394977736	0.128082186515472
0.547391394977736	0.128082186515472
0.542280131446209	0.128299417175899
1.38605416874139	0.451696726388903
-0.100630873298134	0.0231392113137372
0.537531856559809	0.186627990701283
2.70483549323043	1.01668215592958
0.548332676093981	0.128537566389422
-0.825335027523982	0.248598183771305
4.25937705345408	2.5803360165211
1.37981396507491	0.447741419807757
-1.37855256949683	0.369087290450251
-0.0974411559193684	0.0219556283179796
1.94056540988317	0.801039885015426
0.547391394977736	0.128082186515472
-0.103948938199882	0.0233524604803125
0.547391394977736	0.128082186515472
0.316999011228212	0.0928334677014698
-1.37736686643192	0.369817212053887
0.546465924658674	0.128383503124171
0.745703811636536	0.228481367728924
0.546465924658674	0.128383503124171
1.87492520164159	0.596544505245442
-0.0945032483602891	0.0218370726435746
0.547391394977736	0.128082186515472
1.37992663094243	0.444768794438503
1.87110733943015	0.599602400649659
2.70507217841151	1.01576685039178
0.733654048415931	0.223169745300359
0.326763941420613	0.0938492014293281
1.29899082580271	0.514536593550654
0.878596041681437	0.340923351052913
-1.37855256949683	0.369087290450251
0.544175487457479	0.126874637564392
0.750616379759355	0.228057597960547
0.319235701030726	0.0941325908845634
2.69501131532824	1.00895292772661
-2.06067219017022	0.565089611828464
-0.229069304699041	0.0711714015119185
-0.833063405948399	0.254155985426631
-2.04783485499909	0.571093548500225
-1.4786929743926	0.547725794846797
-1.08492058721772	0.364828477810771
3.64256396807776	1.77599909416839
0.546465924658674	0.128383503124171
0.544175487457479	0.126874637564392
1.28047634888139	0.597133001347817
0.742846606800615	0.233354125368674
0.0754570878423861	0.0256468721926445
1.38595983416379	0.444174825449718
1.87492520164159	0.596544505245442
3.25507753131222	1.33456493087094
1.38605416874139	0.451696726388903
3.23659418314006	1.39602123304027
-2.04783485499909	0.571093548500225
-0.237212415301336	0.0748327439790269
1.37876066568467	0.443326011148766
0.548332676093981	0.128537566389422
1.87680508733918	0.595685726697882
0.73385246045154	0.223936714768893
1.87110733943015	0.599602400649659
-3.1080710993807	1.04889386539633
1.27857009840114	0.574446432221558
1.38958098938758	0.447916404365245
2.35860147431723	1.15548875286299
1.28568614947829	0.615087982230164
0.540516763764104	0.126430146128776
0.865758573678066	0.326685916203701
1.38605416874139	0.451696726388903
2.69902559231597	1.02942646113875
1.30172719822363	0.527893955741567
-0.0933464908639628	0.0212702965815671
0.324877862296843	0.0958537387888753
0.541100401848291	0.127818857380943
1.38958098938758	0.447916404365245
0.746133826300268	0.22159527187311
0.750616379759355	0.228057597960547
1.87693466126903	0.595647178734079
0.537881681620156	0.126600678583075
1.87680508733918	0.595685726697882
0.00544942641168639	0.0017496573720835
0.708823123676285	0.311682465064307
-1.07187320968594	0.357882420410236
-0.082704451865346	0.0286214529911149
-0.522739884222163	0.138889648292059
1.27895790069566	0.6747223825656
1.71386472322979	0.838621915186081
1.29253618362671	0.675966933113505
0.0119936048600317	0.003337070239106
-2.83249128745503	0.934154025578548
1.30289125834591	0.518723286387351
-2.04902373026814	0.584535062964325
2.69902559231597	1.02942646113875
1.87110733943015	0.599602400649659
2.69501131532824	1.00895292772661
0.739498461318299	0.224344540791199
-2.83816850847321	0.90339074521464
-3.09758000874198	1.09367827811836
-2.05433974854713	0.576107769870825
-3.32112060479918	1.21020607655163
-0.519662324847855	0.139505494309868
-0.835242582387023	0.248047458204957
0.741703403287808	0.227480384928699
1.60461056448217	0.81525859122757
0.541100401848291	0.127818857380943
1.39074595013018	0.449376726983695
0.316999011228212	0.0928334677014698
-0.0994736170795967	0.022542834663039
0.750456405947033	0.221324751963573
1.39136829124984	0.446170964769697
2.69501131532824	1.00895292772661
0.32894420016729	0.0965259148221703
1.29451811796078	0.507454154699879
-0.0986538976590582	0.022181849463491
0.542071704546615	0.126697206817108
-0.648231731218336	0.228246309903768
-1.37855256949683	0.369087290450251
1.38159292353248	0.445976872538675
2.36017402157391	1.15795785992873
1.94226546101719	0.798478773934451
-0.830458254376926	0.253340793357874
1.87110733943015	0.599602400649659
-3.09647448091884	1.08882943702806
0.00617489098700957	0.00188984685649286
0.742846606800615	0.233354125368674
-0.0986538976590582	0.022181849463491
0.544175487457479	0.126874637564392
1.88802427371305	1.17257542021012
0.734999759270719	0.224471934267942
1.30172719822363	0.527893955741567
1.87693466126903	0.595647178734079
-0.523874505862576	0.135964042671109
1.87693466126903	0.595647178734079
0.54857087575441	0.128558386573012
0.738190443583785	0.227698765264521
1.38605416874139	0.451696726388903
2.34788814587511	1.13508462707684
1.55011428388569	0.935093774540194
-3.5193362253966	1.34918194374378
0.744963299474828	0.2325771171156
-3.09758000874198	1.09367827811836
1.2876853535941	0.69603321453132
1.28879390759049	0.507324075109526
-1.07570589833403	0.363045486224643
0.331531281032729	0.0946784968791169
-1.88978050136706	0.880702247246293
-2.49582076805792	0.739355067527278
1.29451811796078	0.507454154699879
-1.38476212339261	0.366878631153991
0.741192827520051	0.219706903960386
1.9358229219252	0.791753670430818
-0.231281040957701	0.0720387889490784
-0.100630873298134	0.0231392113137372
1.30422780479301	0.517017505008842
-1.28761288766524	0.469346286108944
1.38427123595822	0.453531705710845
-0.105403264318774	0.0234336358495098
2.69501131532824	1.00895292772661
0.743418412008446	0.226976622674307
-0.235937790139879	0.0739705012996475
0.736674428358857	0.219845410207826
1.9358229219252	0.791753670430818
1.92924710364861	0.780502266086047
0.497283854456511	0.212152028788728
1.94171798110185	0.803776539333411
1.38629273260838	0.443742611119823
0.300826381220001	0.107171071529326
0.58188007516397	0.262067194837687
0.8690878564784	0.328872144623754
-0.100630873298134	0.0231392113137372
-0.837840297745939	0.24818333713429
1.87680508733918	0.595685726697882
1.38310568737594	0.45202977531251
-2.06284972653458	0.556417435006898
0.328410119270765	0.0920683609997333
-0.105110575947249	0.0235349560977657
-0.832884030316045	0.249681598941155
-0.105110575947249	0.0235349560977657
0.542071704546615	0.126697206817108
0.548332676093981	0.128537566389422
0.875844030305876	0.336682424821453
-0.100630873298134	0.0231392113137372
-1.37855256949683	0.369087290450251
1.30440556890711	0.483005034544761
0.94261527240826	0.411358938133573
0.749070350540287	0.232504892288716
-1.37855256949683	0.369087290450251
0.548332676093981	0.128537566389422
0.693193517683987	0.297937312890185
0.544175487457479	0.126874637564392
0.547391394977736	0.128082186515472
0.546465924658674	0.128383503124171
1.28700752432662	0.615083194476865
-0.0994736170795967	0.022542834663039
0.557383851253066	0.209611312130569
0.74442044520706	0.226970742670611
0.547626825569817	0.198862245514348
0.331531281032729	0.0946784968791169
-0.516952935597397	0.134997042674037
1.30573303100557	0.499554229927306
0.542280131446209	0.128299417175899
-1.37736686643192	0.369817212053887
1.27809817857111	0.583373908512629
-3.10186540327758	1.04102889151319
-0.832069625663695	0.254252617003816
-0.101789050479357	0.022868379633766
-0.515816270677169	0.137630330187878
0.293289913030801	0.120760519895703
-2.04902373026814	0.584535062964325
-0.105110575947249	0.0235349560977657
0.313538883785526	0.0925993903416709
-1.37855256949683	0.369087290450251
-0.0974411559193684	0.0219556283179796
-3.32698574109241	1.2280591673737
-0.236449934238729	0.0742106876529409
0.298204940566646	0.120120922115745
1.29826769863472	0.517718185768294
-0.0285057314252483	0.0108827642400539
-2.06067219017022	0.565089611828464
0.545286400011961	0.127906532067442
-0.830458254376926	0.253340793357874
1.87693466126903	0.595647178734079
1.87110733943015	0.599602400649659
1.87492520164159	0.596544505245442
1.37876066568467	0.443326011148766
3.98921267371417	2.31830149719429
-1.37855256949683	0.369087290450251
-2.04783485499909	0.571093548500225
0.542071704546615	0.126697206817108
-1.37855256949683	0.369087290450251
-3.3449576312262	1.14499799583378
1.39074595013018	0.449376726983695
-2.05849704146216	0.555726647791374
1.39074595013018	0.449376726983695
0.545286400011961	0.127906532067442
0.74005934947756	0.228093775301913
-2.4946503122275	0.759347999169937
-1.37736686643192	0.369817212053887
1.29391597149827	0.505537434088164
2.70305318313569	0.992389817262118
1.37981396507491	0.447741419807757
-2.04783485499909	0.571093548500225
0.748331792113693	0.226571962978259
1.26437240095568	0.567888436125552
1.87492520164159	0.596544505245442
0.547391394977736	0.128082186515472
0.542280131446209	0.128299417175899
1.9382043335288	0.747639872317429
0.549936205820441	0.20134992087055
3.24272896954597	1.42547214627273
0.802157143352574	0.397261046228616
0.103807427765709	0.0331323465039053
0.711243688433747	0.314278984990167
-0.839644646190034	0.246317573135243
-2.83249128745503	0.934154025578548
-0.641988708819823	0.23370597642175
-3.09073159364739	1.06509583332195
0.875562112538139	0.333435340872029
-2.82800405415571	0.916370270350291
0.545286400011961	0.127906532067442
-3.52301705998267	1.3320779008944
1.93609910556804	0.785706386427873
0.882283753121493	0.333677907856533
0.329354418528673	0.0921568546366442
0.745807085878937	0.22096910700923
2.69501131532824	1.00895292772661
-2.05021356478115	0.569031985318464
0.74382021694343	0.226781474929542
-0.105110575947249	0.0235349560977657
2.05446466560032	1.1625282151067
-2.50886944242606	0.705759631992294
-0.633473897914986	0.232292631233138
0.30543807789728	0.10769195594896
0.325965678058945	0.0948266143615199
1.29337507943617	0.520832317482809
-0.0994736170795967	0.022542834663039
3.25441962880894	1.39530782780555
0.950232381801996	0.429087613261896
0.31918510108582	0.0918256878577977
-1.38476212339261	0.366878631153991
2.56438534831877	1.7677104058341
0.547153124490705	0.128061292620407
0.542071704546615	0.126697206817108
1.71154385482702	0.80018863108865
0.555844691625306	0.199296856533302
0.540516763764104	0.126430146128776
0.0123876104363821	0.00332088703147064
0.320230873484154	0.0909235469325668
1.87110733943015	0.599602400649659
-0.826328253600043	0.244633196851002
-2.49348075277667	0.760631300990853
2.69501131532824	1.00895292772661
0.747433875359793	0.222937106239901
-0.629664113603843	0.236855172029265
0.741703403287808	0.227480384928699
0.542071704546615	0.126697206817108
-1.37736686643192	0.369817212053887
0.0114202123721441	0.00307192001957707
0.316902995496274	0.093915469753694
0.542280131446209	0.128299417175899
1.39103758254509	0.436160405221504
-2.04902373026814	0.584535062964325
-0.5223760081113	0.140414884928745
2.69501131532824	1.00895292772661
1.93792936345456	0.765239008746793
-1.08231332567193	0.369176480609056
1.2896031626042	0.580577090646617
1.87492520164159	0.596544505245442
1.38310568737594	0.45202977531251
-0.101789050479357	0.022868379633766
1.37404570848254	0.438630313948128
0.320252995132102	0.0952285767224367
0.545286400011961	0.127906532067442
0.715940922894339	0.315430206476909
0.299335899354378	0.121900877282397
1.88717199659801	1.2254794090024
2.35660624241896	1.12406063577825
1.27711737010671	0.589130100414836
0.0938723253618401	0.0322216299179572
0.00635385736249993	0.0019867419106961
3.24272896954597	1.42547214627273
0.0819113981842857	0.0279790750871798
-0.0962833901203116	0.0222038630107127
0.746209163567698	0.221842090412264
1.37981396507491	0.447741419807757
1.39253316011569	0.447615222737444
1.94804350546653	0.745550324190357
0.311506181335628	0.121164889781997
-0.0962833901203116	0.0222038630107127
-0.0945032483602891	0.0218370726435746
2.34922392576496	1.14772304329027
0.884779751210965	0.332585768931519
-2.4946503122275	0.759347999169937
0.744561566795475	0.232791161107715
1.94333020818935	0.790747622547669
0.542280131446209	0.128299417175899
-1.28955410631332	0.471219645247885
0.552728312940146	0.204858330511584
-0.522494745184589	0.138224827015017
-0.521239785553401	0.140369579797354
-0.101789050479357	0.022868379633766
0.750616379759355	0.228057597960547
1.94301249410525	0.778922300814368
1.28769304219518	0.49398464612106
0.110384766980214	0.0464729156547894
1.38310568737594	0.45202977531251
-0.827509018985055	0.248646107200568
1.87680508733918	0.595685726697882
-3.1080710993807	1.04889386539633
-2.05433974854713	0.576107769870825
0.547391394977736	0.128082186515472
0.965988485534382	0.435736872047921
2.70661769444647	0.984474181856912
0.546465924658674	0.128383503124171
-1.37736686643192	0.369817212053887
-2.49231208841664	0.741884845199983
2.35723250533556	1.16387286572674
1.61831704624788	0.879273183608495
-2.49348075277667	0.760631300990853
0.00536857625563566	0.00178334866301932
-0.0986538976590582	0.022181849463491
0.0947257964779879	0.0313848112472855
-0.828502094065778	0.25094168663078
1.39074595013018	0.449376726983695
-2.04783485499909	0.571093548500225
-2.50013836544569	0.752963874303395
-2.49348075277667	0.760631300990853
0.324877862296843	0.0958537387888753
-2.05314601736911	0.57654870638546
1.87492520164159	0.596544505245442
0.546465924658674	0.128383503124171
0.305453187953203	0.0846822299152919
-3.317043081878	1.23068131856223
0.00072444902375619	0.000686388234480685
0.560671239660952	0.2085215745404
2.70507217841151	1.01576685039178
1.27110186899756	0.575019194822403
1.94131353117111	0.805172253180273
0.54857087575441	0.128558386573012
0.541100401848291	0.127818857380943
-0.0962833901203116	0.0222038630107127
-0.841324460591787	0.254223558114739
1.30281978304653	0.516382390088555
-1.37736686643192	0.369817212053887
0.546465924658674	0.128383503124171
2.69501131532824	1.00895292772661
0.743418412008446	0.226976622674307
1.87110733943015	0.599602400649659
0.302033883362233	0.103671580998117
0.323852106909211	0.092624951286266
0.85574083029836	0.311635931947051
1.29202406141592	0.508848498630214
1.87680508733918	0.595685726697882
1.87110733943015	0.599602400649659
0.742846606800615	0.233354125368674
0.785618531718582	0.38150241602977
0.872821635610177	0.342952084236384
2.69824905683656	1.49534517099166
0.325887977908023	0.0943713534542507
-0.237821068514325	0.0720732228806758
1.03239130316793	0.528502357875791
1.30008540260843	0.529163191041818
0.542280131446209	0.128299417175899
1.93884149178635	0.790193936391235
1.29657951069244	0.507603252127817
0.741703403287808	0.227480384928699
-0.0945032483602891	0.0218370726435746
1.93609910556804	0.785706386427873
0.558261003568795	0.204433623642819
-2.04783485499909	0.571093548500225
0.541100401848291	0.127818857380943
-2.83249128745503	0.934154025578548
-3.33899824153154	1.18226769740498
-1.37736686643192	0.369817212053887
-0.103948938199882	0.0233524604803125
0.329354418528673	0.0921568546366442
0.318199483154056	0.0897286262769385
-2.835854011812	0.903413592096073
1.71220827395166	0.847703053380469
1.87110733943015	0.599602400649659
0.54857087575441	0.128558386573012
0.314696779235562	0.0857891772818458
1.39169916614548	0.435776864920201
1.26620227957811	0.847746160669156
0.74382021694343	0.226781474929542
0.739498461318299	0.224344540791199
-1.28350107612435	0.474836718450796
1.87693466126903	0.595647178734079
0.545286400011961	0.127906532067442
1.87680508733918	0.595685726697882
0.546465924658674	0.128383503124171
1.29548272616691	0.518673455471275
-2.83342854030316	0.917117446615148
1.38638151288191	0.451248877983357
-0.0951265447799466	0.0216293083269459
-2.50662138300429	0.751156666336677
2.70507217841151	1.01576685039178
-2.04902373026814	0.584535062964325
-2.49348075277667	0.760631300990853
0.871334268002569	0.336391145853041
0.325420265820851	0.094389207791434
1.37876066568467	0.443326011148766
1.87693466126903	0.595647178734079
-1.37736686643192	0.369817212053887
1.3852161325822	0.449767700794641
0.744561566795475	0.232791161107715
1.38310568737594	0.45202977531251
1.87110733943015	0.599602400649659
-1.28554122662327	0.468658253918031
0.318143538060255	0.0951754671461897
-0.521239785553401	0.140369579797354
0.547391394977736	0.128082186515472
0.547153124490705	0.128061292620407
1.28287549046811	0.490212513528371
1.37981396507491	0.447741419807757
0.537881681620156	0.126600678583075
0.547153124490705	0.128061292620407
-0.0956609260577928	0.0215971171731289
-2.04783485499909	0.571093548500225
0.743418412008446	0.226976622674307
1.87680508733918	0.595685726697882
0.0907290702767433	0.0297394986097721
1.61369432215142	0.901636144938842
0.305260002057243	0.10884222613702
1.28104469877687	0.616130790347714
0.32894420016729	0.0965259148221703
0.738355836787058	0.228487450174743
-0.0933464908639628	0.0212702965815671
0.308330551068279	0.10199162958756
0.329354418528673	0.0921568546366442
-0.841584907418502	0.253607767209229
0.0153648602419546	0.00414817620770069
1.29595997386936	0.513483690432354
0.876380205594059	0.327237864012727
-0.0962833901203116	0.0222038630107127
1.01467343140079	0.519410642726955
-0.103948938199882	0.0233524604803125
-2.49231208841664	0.741884845199983
0.537881681620156	0.126600678583075
-3.09647448091884	1.08882943702806
0.016585367115239	0.00431836572446858
-0.101045830438201	0.0225101564182204
-1.63535854853734	0.660790049354776
0.318092425170427	0.0932620700170988
1.39169916614548	0.435776864920201
2.3638864145071	1.1477888825569
-1.37736686643192	0.369817212053887
-0.515816270677169	0.137630330187878
-2.05314601736911	0.57654870638546
-1.37736686643192	0.369817212053887
0.558847458170007	0.209558363468952
3.24655992739218	1.4562540675439
1.61514271484711	0.903854408331732
-0.453822648269436	0.155313459997019
-3.32389604813218	1.22913311718987
1.87693466126903	0.595647178734079
2.70103916327475	1.02243498183666
-1.37736686643192	0.369817212053887
-1.37855256949683	0.369087290450251
0.863508361777388	0.322042247090337
0.747927529305998	0.226764681396792
-1.38476212339261	0.366878631153991
0.329971039447924	0.096148941949692
0.749070350540287	0.232504892288716
1.30470249408315	0.51612438736542
0.745703811636536	0.228481367728924
1.39169916614548	0.435776864920201
0.546465924658674	0.128383503124171
-0.0995973058669546	0.0224260918786388
0.872402302731733	0.335910307317155
-1.08810382039827	0.366696523215772
0.742858566830602	0.222845210348703
2.70685532156478	1.00994202653964
1.37992663094243	0.444768794438503
0.873356668868827	0.342342623972022
1.87492520164159	0.596544505245442
-0.0994736170795967	0.022542834663039
1.87680508733918	0.595685726697882
1.87492520164159	0.596544505245442
0.871463876666351	0.326278868410334
2.36257105614912	1.13350239647501
1.2996134727987	0.530136221804645
0.542280131446209	0.128299417175899
2.69902559231597	1.02942646113875
1.87492520164159	0.596544505245442
2.70080453911676	1.02336096831486
-2.04902373026814	0.584535062964325
-2.04783485499909	0.571093548500225
0.545286400011961	0.127906532067442
2.11783697477151	1.47659033883288
1.29227613548407	0.506656794450709
3.24272896954597	1.42547214627273
0.96562945520488	0.422291190917214
-2.04902373026814	0.584535062964325
0.432235328831766	0.199577106727469
0.00640337316097934	0.00197920330670484
-2.4946503122275	0.759347999169937
-1.08492058721772	0.364828477810771
0.0132986595705727	0.00364904689139703
2.70103916327475	1.02243498183666
0.320252995132102	0.0952285767224367
1.38807595397222	0.442047911275176
0.742846606800615	0.233354125368674
1.28769304219518	0.49398464612106
-2.49348075277667	0.760631300990853
0.541100401848291	0.127818857380943
-2.05021356478115	0.569031985318464
0.746209163567698	0.221842090412264
-0.529297048011354	0.138367921393896
2.34887460670815	1.12249844714633
0.546465924658674	0.128383503124171
0.325887977908023	0.0943713534542507
1.2996134727987	0.530136221804645
0.319781666217287	0.095251523392
-2.4946503122275	0.759347999169937
0.546465924658674	0.128383503124171
2.70483549323043	1.01668215592958
-0.5223760081113	0.140414884928745
0.96820793327244	0.443148007475481
1.62041057327262	0.899276382179975
1.71124584343972	0.822852173955855
0.741206268974865	0.228640771349315
3.25441962880894	1.39530782780555
0.547391394977736	0.128082186515472
1.87693466126903	0.595647178734079
1.87110733943015	0.599602400649659
0.537881681620156	0.126600678583075
1.87110733943015	0.599602400649659
1.29092848334153	0.50788985992879
0.697262152546329	0.294804133632576
0.737212301794485	0.222878174874788
1.38807595397222	0.442047911275176
-0.513944376026364	0.134820394971873
0.540516763764104	0.126430146128776
-0.10075853176445	0.022608042052954
1.87492520164159	0.596544505245442
0.747927529305998	0.226764681396792
-2.83249128745503	0.934154025578548
-0.521239785553401	0.140369579797354
0.541100401848291	0.127818857380943
2.69217071859464	1.5305149142785
2.69501131532824	1.00895292772661
0.312326990789244	0.091967371353939
1.71734621049439	0.84227113243023
-2.04902373026814	0.584535062964325
-2.05530739097121	0.573074172318947
-2.05314601736911	0.57654870638546
2.34899340148313	1.13886083375562
3.24904408724811	1.36442606108832
1.87680508733918	0.595685726697882
2.70103916327475	1.02243498183666
1.87110733943015	0.599602400649659
-0.516952935597397	0.134997042674037
1.87492520164159	0.596544505245442
0.55679847982431	0.209914993943735
0.8690878564784	0.328872144623754
-2.49582076805792	0.739355067527278
0.554219728318029	0.2021866666598
0.547391394977736	0.128082186515472
2.69501131532824	1.00895292772661
1.70623963507807	0.822931706446587
1.29045577372635	0.50876744619852
-2.49348075277667	0.760631300990853
-0.241117232203474	0.0766152348332909
0.543933997993288	0.126853376726706
0.546465924658674	0.128383503124171
-0.526964267085977	0.140208674753714
0.321596831485915	0.0953901221130846
0.750616379759355	0.228057597960547
1.87110733943015	0.599602400649659
1.87492520164159	0.596544505245442
-2.05530739097121	0.573074172318947
2.0981731320299	1.45689757186798
0.00891378266306723	0.00241722255067928
1.87110733943015	0.599602400649659
-1.38250936278202	0.367021552852188
1.93961424406146	0.785601693422132
1.87110733943015	0.599602400649659
-2.49582076805792	0.739355067527278
0.541100401848291	0.127818857380943
1.2836769548431	0.786659202017641
0.94261527240826	0.411358938133573
1.38455183481553	0.44358644253081
0.541100401848291	0.127818857380943
1.87680508733918	0.595685726697882
2.70305318313569	0.992389817262118
1.7229171552724	0.799831210410832
-2.82685472330953	0.922711444031235
1.38427123595822	0.453531705710845
2.70305318313569	0.992389817262118
0.736674428358857	0.219845410207826
-2.49779134618292	0.753762077506182
-0.519047917270715	0.135752304649831
2.69501131532824	1.00895292772661
1.39253316011569	0.447615222737444
-0.5223760081113	0.140414884928745
1.39041632652022	0.449818911651812
-0.0941779390158178	0.0217731946290539
1.87110733943015	0.599602400649659
-2.05530739097121	0.573074172318947
1.38051172707338	0.444942223043784
0.7095259176494	0.313691611748809
-0.516775237435231	0.138362889204207
3.99317581790692	2.2104432198242
1.29345460730484	0.694814961589679
1.87693466126903	0.595647178734079
0.744985653727228	0.221081609571464
1.37840095144117	0.447135658650554
0.857031502844651	0.318621205964129
-0.515079347934818	0.137725022751014
-0.0933464908639628	0.0212702965815671
3.66046651592269	1.84087546022703
0.788940599533654	0.404978418670691
2.05169678387542	1.16846346692989
0.017979073648316	0.00466661923012803
0.321401590721784	0.0920874856649889
1.29516899256822	0.601366351285031
1.605837988311	0.904059797728858
-0.0995973058669546	0.0224260918786388
1.87680508733918	0.595685726697882
0.541100401848291	0.127818857380943
-3.09868623597984	1.08730133775312
0.719929602913577	0.315273091029592
-0.528755112302826	0.136160278442436
3.24856443687887	1.44757234479347
0.322688990359234	0.0958307659053989
2.70080453911676	1.02336096831486
0.73385246045154	0.223936714768893
-0.520644673111812	0.138109482713933
-0.521239785553401	0.140369579797354
0.548332676093981	0.128537566389422
1.87110733943015	0.599602400649659
0.326209545965283	0.0938168495394168
-2.05021356478115	0.569031985318464
0.973041629035681	0.446832477762353
0.541100401848291	0.127818857380943
1.94341798296218	0.801191315472705
1.38958098938758	0.447916404365245
1.29451811796078	0.507454154699879
-0.0933464908639628	0.0212702965815671
0.545286400011961	0.127906532067442
1.39074595013018	0.449376726983695
-0.100433580666566	0.0223310096939592
-3.1080710993807	1.04889386539633
-0.523513114305865	0.137679209591898
0.545286400011961	0.127906532067442
0.546465924658674	0.128383503124171
-1.37736686643192	0.369817212053887
-2.05650312187694	0.572642061324397
-2.05021356478115	0.569031985318464
0.537881681620156	0.126600678583075
1.29553758412569	0.517916458545851
1.38310568737594	0.45202977531251
0.537881681620156	0.126600678583075
0.543933997993288	0.126853376726706
-3.09293870382283	1.07206408964027
-1.37736686643192	0.369817212053887
0.542280131446209	0.128299417175899
-0.0974411559193684	0.0219556283179796
0.543933997993288	0.126853376726706
-1.37855256949683	0.369087290450251
-2.05314601736911	0.57654870638546
0.548332676093981	0.128537566389422
-0.0956609260577928	0.0215971171731289
-0.0974411559193684	0.0219556283179796
1.38862995695289	0.439716681685414
-0.5223760081113	0.140414884928745
0.544175487457479	0.126874637564392
1.87110733943015	0.599602400649659
-1.37855256949683	0.369087290450251
-1.37855256949683	0.369087290450251
0.548332676093981	0.128537566389422
-1.37855256949683	0.369087290450251
1.30634714918011	0.528894578070315
1.28495522820302	0.60164886990943
0.963430325988521	0.4327844029241
1.30281978304653	0.516382390088555
1.37876066568467	0.443326011148766
0.537881681620156	0.126600678583075
0.540201945287989	0.182208379088829
-1.37855256949683	0.369087290450251
0.546465924658674	0.128383503124171
1.38427123595822	0.453531705710845
-2.05433974854713	0.576107769870825
1.29506211489774	0.518841499105638
-0.103948938199882	0.0233524604803125
1.38192352524709	0.445539230492256
1.9450293309274	0.765794333090056
1.37992663094243	0.444768794438503
-2.82455863670409	0.896736460929173
0.749645597891801	0.221434616636846
1.87110733943015	0.599602400649659
3.24688433797277	1.45389803769784
1.87492520164159	0.596544505245442
-0.0930212583066807	0.0212077808526859
0.541100401848291	0.127818857380943
0.543933997993288	0.126853376726706
-0.519260285802177	0.139357225000014
0.547153124490705	0.128061292620407
0.734999759270719	0.224471934267942
2.70685532156478	1.00994202653964
2.69902559231597	1.02942646113875
1.37992663094243	0.444768794438503
-0.517911135702038	0.138411916640514
-0.103454251251196	0.0224939498894034
-2.82800405415571	0.916370270350291
-1.08468828603038	0.364000574994916
2.35096157585567	1.14757070765658
-1.37855256949683	0.369087290450251
0.31916177580145	0.0934913649873131
1.87680508733918	0.595685726697882
0.320252995132102	0.0952285767224367
0.73385246045154	0.223936714768893
0.327300445681734	0.0942378191565741
0.331059341247749	0.0965806007825434
-0.0956609260577928	0.0215971171731289
1.87110733943015	0.599602400649659
-0.519047917270715	0.135752304649831
0.745807085878937	0.22096910700923
0.548332676093981	0.128537566389422
-0.0951265447799466	0.0216293083269459
-0.0951265447799466	0.0216293083269459
0.0185093777604819	0.00478759989815322
0.541100401848291	0.127818857380943
-2.83911454540015	0.928351077103762
0.540516763764104	0.126430146128776
-2.82570625121832	0.918479199567565
-2.04902373026814	0.584535062964325
1.38310568737594	0.45202977531251
-2.05021356478115	0.569031985318464
-0.0995973058669546	0.0224260918786388
-1.37855256949683	0.369087290450251
1.3852161325822	0.449767700794641
1.94056540988317	0.801039885015426
-0.0986538976590582	0.022181849463491
1.29717636174854	0.516738119899894
1.39220252896263	0.437531654237884
1.87110733943015	0.599602400649659
-0.516775237435231	0.138362889204207
-0.0962833901203116	0.0222038630107127
-0.107015470881838	0.0228398179619613
0.548332676093981	0.128537566389422
0.548332676093981	0.128537566389422
-0.0977119242097124	0.0335753267222859
4.25498786721044	2.6853469367405
1.87693466126903	0.595647178734079
0.740464274036165	0.227891483543122
1.87680508733918	0.595685726697882
1.87110733943015	0.599602400649659
3.24688433797277	1.45389803769784
1.38427123595822	0.453531705710845
-1.37736686643192	0.369817212053887
-1.38476212339261	0.366878631153991
2.69501131532824	1.00895292772661
1.39169916614548	0.435776864920201
1.28163043231801	0.615384548715425
2.70080453911676	1.02336096831486
1.2990676838516	0.506236864226172
1.87693466126903	0.595647178734079
1.87110733943015	0.599602400649659
2.69501131532824	1.00895292772661
1.39169916614548	0.435776864920201
1.29447340564201	0.509609664420835
1.87110733943015	0.599602400649659
-2.05849704146216	0.555726647791374
-0.0951265447799466	0.0216293083269459
-1.37736686643192	0.369817212053887
0.546465924658674	0.128383503124171
-2.49231208841664	0.741884845199983
-0.841584907418502	0.253607767209229
-1.37855256949683	0.369087290450251
-1.37855256949683	0.369087290450251
1.87110733943015	0.599602400649659
-0.826421666340134	0.249792102287426
-0.0933464908639628	0.0212702965815671
1.87693466126903	0.595647178734079
-1.07142851728416	0.35578122297751
0.541100401848291	0.127818857380943
0.325491744897893	0.0948457252496635
1.87110733943015	0.599602400649659
1.87492520164159	0.596544505245442
0.318092425170427	0.0932620700170988
-0.937102097179862	0.417366704175018
0.157265754703183	0.0670595700195269
1.27845620324524	0.658807041307361
0.866275571370471	0.325508103442031
2.32356267026079	1.50050603432717
0.0125770160118149	0.00341390833792685
2.69902559231597	1.02942646113875
0.326519368094921	0.0959325958169173
2.69902559231597	1.02942646113875
0.546465924658674	0.128383503124171
-1.28358451008746	0.470403258949645
-3.32210621443406	1.20057228416852
-0.521239785553401	0.140369579797354
1.94131353117111	0.805172253180273
3.24889001277915	1.39940637273176
0.742846606800615	0.233354125368674
0.322145418202747	0.0932126195967607
-0.105110575947249	0.0235349560977657
-0.0941779390158178	0.0217731946290539
-0.5223760081113	0.140414884928745
-0.0994736170795967	0.022542834663039
0.548332676093981	0.128537566389422
-0.518522788361015	0.137251012289687
0.548332676093981	0.128537566389422
-0.0941779390158178	0.0217731946290539
3.25441962880894	1.39530782780555
-0.100630873298134	0.0231392113137372
-1.4571734857899	0.562367487751103
1.28882031973458	0.509916660884464
1.94131353117111	0.805172253180273
0.743988900194572	0.228997201004662
-2.82800405415571	0.916370270350291
-0.516775237435231	0.138362889204207
-0.0982281809864239	0.0340315342863402
0.545286400011961	0.127906532067442
0.547153124490705	0.128061292620407
-1.37855256949683	0.369087290450251
0.540516763764104	0.126430146128776
0.970814528110247	0.43504550976376
0.562884513415761	0.204562775575446
-0.522494745184589	0.138224827015017
-3.09293870382283	1.07206408964027
-0.515640221203127	0.13543764457855
-0.241869883769564	0.0770838111994731
-0.230401768750824	0.0701610180824533
0.878947192338599	0.330028635427448
1.87680508733918	0.595685726697882
1.87680508733918	0.595685726697882
0.0826247501380557	0.0273265150315608
0.74382021694343	0.226781474929542
-3.51504620529804	1.35878374498678
0.868196797341435	0.335859606976429
-0.831974893269606	0.252927992747765
0.88531697715418	0.332016043133247
1.30281978304653	0.516382390088555
1.93725201045493	0.788334484788622
0.739495127750292	0.229163664241222
-0.26456556987888	0.0972314427308437
-0.0994736170795967	0.022542834663039
0.747842248818904	0.227701174634983
-0.825335027523982	0.248598183771305
1.94171798110185	0.803776539333411
3.98005445536616	2.21637524003928
-1.37855256949683	0.369087290450251
-2.83018604355835	0.915523433166795
0.536321049886131	0.126331019370992
-3.10447167066501	1.05661139143271
-0.531841967384847	0.140696319301189
1.94408897336323	0.75817790180106
-2.498964405108	0.767925687647617
0.316999011228212	0.0928334677014698
1.87110733943015	0.599602400649659
0.969472993269282	0.43118418252477
-0.5223760081113	0.140414884928745
-1.37736686643192	0.369817212053887
0.544175487457479	0.126874637564392
1.87110733943015	0.599602400649659
-0.0962833901203116	0.0222038630107127
-0.103788179411775	0.0225578986451196
-1.37855256949683	0.369087290450251
2.34997075181996	1.13288331823088
0.748493994360781	0.223270262832071
0.562137745994624	0.203206298721199
0.747104431576025	0.222303827447796
-0.233872192272255	0.0714898842543921
-0.240415257229644	0.0763442857745277
-0.095335539902063	0.0215346615173759
1.2990676838516	0.506236864226172
2.35566011857872	1.12848179175216
0.318690280544721	0.0935093374158256
0.744561566795475	0.232791161107715
1.30799116030862	0.512772800018718
-0.521048855151166	0.138255992379653
0.537881681620156	0.126600678583075
-0.100630873298134	0.0231392113137372
0.314633899723433	0.0916227904320196
0.542621526180842	0.126608567713006
0.0171650322908815	0.00438522297611842
-0.840233233068302	0.250814356122496
0.720998948649128	0.303335988209206
-1.07682181488009	0.350121000398315
1.87110733943015	0.599602400649659
-0.525823473591188	0.142192228149134
0.000172385462027933	0.000539001775897179
0.0968722284088889	0.0328872884476291
2.06116412200485	1.09803352846565
0.953302936646804	0.425906116687131
1.94131353117111	0.805172253180273
1.38862995695289	0.439716681685414
1.39253316011569	0.447615222737444
-0.83107905876281	0.253159203624365
1.38417744407969	0.434349052798279
1.87680508733918	0.595685726697882
-0.101997947972724	0.0220402603950303
0.00147931566778941	0.000796099035925127
1.94749379841595	0.779510636852421
0.541100401848291	0.127818857380943
1.30531911227828	0.506160101023626
2.70080453911676	1.02336096831486
2.68150257946746	1.50317532796164
0.547153124490705	0.128061292620407
-2.06067219017022	0.565089611828464
-2.82455863670409	0.896736460929173
0.541100401848291	0.127818857380943
-2.49990984232575	0.743825215086762
0.320503935554356	0.0931219670988443
0.548332676093981	0.128537566389422
0.314633899723433	0.0916227904320196
-0.105403264318774	0.0234336358495098
1.93057704206056	0.781405269039522
1.37981396507491	0.447741419807757
1.87492520164159	0.596544505245442
-0.0995973058669546	0.0224260918786388
1.87693466126903	0.595647178734079
1.87680508733918	0.595685726697882
0.00988398501533402	0.00269365248353356
0.541100401848291	0.127818857380943
0.324797204236395	0.09588222613702
1.05940542676562	0.598258982913897
0.249314161703258	0.120518252075487
0.135817962849064	0.0514166021677738
0.298361493690826	0.105394945355239
-0.249430826381995	0.0962354423311527
0.0149480141956578	0.00396582610339533
-0.515816270677169	0.137630330187878
0.00823802131184518	0.00240009513923294
-1.09435690334372	0.361447110742382
1.93714531214761	0.792674531596657
-0.101789050479357	0.022868379633766
-3.85464486589171	1.56378902337934
0.0148300751683945	0.00394546608157829
0.887218602105412	0.326360741716084
-0.515079347934818	0.137725022751014
0.54857087575441	0.128558386573012
-0.252436422575617	0.0743968211075898
0.741192827520051	0.219706903960386
1.87492520164159	0.596544505245442
1.39041632652022	0.449818911651812
0.312381520129569	0.123576024606228
0.558847458170007	0.209558363468952
0.31918510108582	0.0918256878577977
-0.106566471069748	0.0236156238664408
-3.32100684598019	1.20134190913051
0.741206268974865	0.228640771349315
0.0839084781290804	0.0278892377897464
-3.31902457203743	1.23889070538812
1.28124560104375	0.805020575535995
-0.235759541131017	0.0743536615313082
-0.840162915748125	0.249620261679602
1.93400096432528	0.789526308766741
2.70507217841151	1.01576685039178
1.93673765548103	0.794033939329963
0.742846606800615	0.233354125368674
2.70685532156478	1.00994202653964
0.312441167454425	0.105832682723445
-0.0986538976590582	0.022181849463491
1.87110733943015	0.599602400649659
-0.0930212583066807	0.0212077808526859
0.318199483154056	0.0897286262769385
1.30220050187184	0.511933404200704
-0.516952935597397	0.134997042674037
-1.46511152077137	0.580275520005264
0.548332676093981	0.128537566389422
1.2960334328399	0.582645592310145
0.872086834279008	0.33780025631223
1.38417744407969	0.434349052798279
0.537881681620156	0.126600678583075
-0.101789050479357	0.022868379633766
2.35404451991948	1.16226475553687
1.87110733943015	0.599602400649659
0.743418412008446	0.226976622674307
0.74382021694343	0.226781474929542
0.54857087575441	0.128558386573012
-0.834249424385902	0.250115174033497
2.68613384719174	1.52462037683613
1.29955883066389	0.504260967961614
0.743418412008446	0.226976622674307
-0.526073516359683	0.138632567811719
1.87492520164159	0.596544505245442
0.545286400011961	0.127906532067442
0.0110764603558877	0.00305094220881584
-0.792631063594749	0.318974204407789
-0.105403264318774	0.0234336358495098
-0.244346536173026	0.0764432926892936
1.29089093592549	0.608442894704527
0.542377859137839	0.126587100412967
-2.05021356478115	0.569031985318464
0.742706746030761	0.222005869309688
1.39103758254509	0.436160405221504
1.93400096432528	0.789526308766741
0.542280131446209	0.128299417175899
0.32010207269038	0.0929899727077881
0.548332676093981	0.128537566389422
-2.49231208841664	0.741884845199983
1.37992663094243	0.444768794438503
0.537881681620156	0.126600678583075
1.87680508733918	0.595685726697882
1.38925128836968	0.448354899211588
2.70661769444647	0.984474181856912
-1.37736686643192	0.369817212053887
-2.04783485499909	0.571093548500225
-0.828502094065778	0.25094168663078
-1.37855256949683	0.369087290450251
0.546465924658674	0.128383503124171
-0.101789050479357	0.022868379633766
-2.04902373026814	0.584535062964325
2.34467219475294	1.12043019983351
1.87680508733918	0.595685726697882
2.70103916327475	1.02243498183666
0.547391394977736	0.128082186515472
1.93504218209457	0.775047818510556
1.37992663094243	0.444768794438503
1.3852161325822	0.449767700794641
1.87693466126903	0.595647178734079
-0.106566471069748	0.0236156238664408
1.87680508733918	0.595685726697882
0.546465924658674	0.128383503124171
0.544175487457479	0.126874637564392
-1.38476212339261	0.366878631153991
0.546465924658674	0.128383503124171
-1.37855256949683	0.369087290450251
1.87680508733918	0.595685726697882
-0.105110575947249	0.0235349560977657
0.747842248818904	0.227701174634983
0.543933997993288	0.126853376726706
1.87110733943015	0.599602400649659
-2.04783485499909	0.571093548500225
-0.100630873298134	0.0231392113137372
-0.103948938199882	0.0233524604803125
0.322613450856061	0.0931969730661386
-2.05433974854713	0.576107769870825
2.69902559231597	1.02942646113875
-0.230401768750824	0.0701610180824533
0.286531925134986	0.0958082779420967
3.25441962880894	1.39530782780555
0.318917627731656	0.0909639115421384
-2.49348075277667	0.760631300990853
0.540516763764104	0.126430146128776
-1.2950768866502	0.460399473544809
2.70542033962081	1.51058209325163
1.93843279058735	0.76862147113365
-3.11492136687143	1.02782884244904
0.326763941420613	0.0938492014293281
3.2482390271058	1.40375263383915
0.54857087575441	0.128558386573012
0.548332676093981	0.128537566389422
0.546465924658674	0.128383503124171
-3.09854591945789	1.06489183316454
2.70483549323043	1.01668215592958
-0.10075853176445	0.022608042052954
-2.498964405108	0.767925687647617
-0.239833984559913	0.0760133865629607
-2.04902373026814	0.584535062964325
0.74610547207819	0.228282542864155
-2.49779134618292	0.753762077506182
2.35060552746542	1.13799890496524
0.968277016187416	0.434227778818125
-0.100630873298134	0.0231392113137372
0.547153124490705	0.128061292620407
1.87492520164159	0.596544505245442
1.38310568737594	0.45202977531251
0.739498461318299	0.224344540791199
2.36340951086108	1.1510641538515
1.87110733943015	0.599602400649659
0.322145418202747	0.0932126195967607
-0.245706961116326	0.0771878188329649
0.563631405712644	0.204088819764702
-0.524683569236692	0.139865316336557
-0.838817185962132	0.25328760025507
-0.0941779390158178	0.0217731946290539
1.87492520164159	0.596544505245442
-0.519047917270715	0.135752304649831
1.2996134727987	0.530136221804645
-1.37855256949683	0.369087290450251
-0.833159166502476	0.254330875026579
0.319013553204546	0.0939803950694869
1.71638921006439	0.817942574905501
0.330503838615018	0.0950000287859347
0.542280131446209	0.128299417175899
-0.515816270677169	0.137630330187878
-0.104101583288209	0.0224537248463839
1.87492520164159	0.596544505245442
0.875949042195908	0.334726256506935
-0.103948938199882	0.0233524604803125
-0.239697493519569	0.0717161251027855
0.716953288080782	0.309338656432224
0.747842248818904	0.227701174634983
-0.105110575947249	0.0235349560977657
0.477405385161195	0.189128766974902
0.803711255941617	0.380907592148592
-1.46603941705047	0.583389390662394
1.29663031685399	0.518904168462675
0.669186661615434	0.3619974296162
1.3852161325822	0.449767700794641
1.28014049508571	0.582796903918113
1.87492520164159	0.596544505245442
0.869688339014639	0.330345133683594
0.0100861335019789	0.00286449573951946
1.37876066568467	0.443326011148766
-1.07187320968594	0.357882420410236
-0.0962833901203116	0.0222038630107127
-0.836634894627274	0.257543939751531
-2.50013836544569	0.752963874303395
-2.49582076805792	0.739355067527278
1.71418955232001	0.842991378766293
-0.0941779390158178	0.0217731946290539
-0.833159166502476	0.254330875026579
-0.103948938199882	0.0233524604803125
2.55429057668769	1.85501504808492
1.94056540988317	0.801039885015426
-0.522494745184589	0.138224827015017
1.93057704206056	0.781405269039522
0.541100401848291	0.127818857380943
0.327234837391916	0.0938337212474048
0.298520442506414	0.103293919798475
0.54857087575441	0.128558386573012
1.38310568737594	0.45202977531251
0.548332676093981	0.128537566389422
-0.0994736170795967	0.022542834663039
-2.04783485499909	0.571093548500225
0.00770693508204256	0.00227367695076611
-1.08351437608145	0.362192856986952
-3.50583984875533	1.29432061290483
0.546465924658674	0.128383503124171
-0.237212415301336	0.0748327439790269
0.880130577997704	0.327456719372116
-0.520214695772985	0.137880826745706
2.70685532156478	1.00994202653964
1.87110733943015	0.599602400649659
-0.0994736170795967	0.022542834663039
0.737212301794485	0.222878174874788
-0.24786081174021	0.0765341263355769
1.93685000669188	0.789660825523142
0.7433147921486	0.219110890573237
-0.259511966368168	0.0992957668747852
-3.50583984875533	1.29432061290483
0.0910988889678676	0.0304750463093694
0.13093110786446	0.0512586015587621
-0.520214695772985	0.137880826745706
-3.32100684598019	1.20134190913051
-3.31902457203743	1.23889070538812
-3.95918473214883	1.75710015431081
-0.235756809331476	0.074113881734835
-0.519662324847855	0.139505494309868
-0.522739884222163	0.138889648292059
-0.830458254376926	0.253340793357874
2.03883443809564	1.11519258170274
1.38427123595822	0.453531705710845
1.93843279058735	0.76862147113365
1.29615501571069	0.51983303607118
1.87693466126903	0.595647178734079
-2.05650312187694	0.572642061324397
0.739159309272223	0.226450357269325
0.323167496216499	0.0946334134428824
0.950376747273782	0.4226512035998
1.38427123595822	0.453531705710845
-2.04783485499909	0.571093548500225
1.87110733943015	0.599602400649659
1.39136829124984	0.446170964769697
1.39041632652022	0.449818911651812
-0.101789050479357	0.022868379633766
-3.09183480000513	1.07302576822624
-2.50226013804269	0.743052864003894
-3.50185918952661	1.34172410200291
-1.27977617378736	0.450199378050911
0.700017330566958	0.308893095070524
-1.27824794160988	0.462836347549431
0.874028983138552	0.324257523300072
0.323237769806572	0.0954668421415237
1.28309912265591	0.591287124344652
1.39136829124984	0.446170964769697
1.87492520164159	0.596544505245442
0.752335392046826	0.227565334947581
-0.237648439544201	0.0734586611499596
-2.04902373026814	0.584535062964325
-0.523513114305865	0.137679209591898
1.94131353117111	0.805172253180273
0.325887977908023	0.0943713534542507
-0.103788179411775	0.0225578986451196
0.886805144042467	0.320910086180834
1.93673765548103	0.794033939329963
-0.241094091973615	0.0719914217300358
-2.83911454540015	0.928351077103762
-0.0945032483602891	0.0218370726435746
0.727830039453642	0.215738906943839
1.87110733943015	0.599602400649659
0.54857087575441	0.128558386573012
0.541100401848291	0.127818857380943
1.28716175869778	0.608002664784361
0.547153124490705	0.128061292620407
-0.453195224696431	0.154740829368904
0.873083055042745	0.328888311878288
0.542280131446209	0.128299417175899
-0.0869015949909303	0.0303805928677264
1.87110733943015	0.599602400649659
0.74372659887162	0.214687855102197
-2.50013836544569	0.752963874303395
1.87492520164159	0.596544505245442
-0.245750819454419	0.0770070334360556
0.548332676093981	0.128537566389422
1.02302842079857	0.526075717594327
0.30481517056333	0.105194400366054
0.0896180902225542	0.0287052605370024
-0.832636786270048	0.249232691777988
0.884365883656849	0.324215266751198
0.290102042468594	0.111514389872298
-0.442232251658776	0.15202597443553
-0.5223760081113	0.140414884928745
0.558285462041786	0.199241387780298
0.329499178227133	0.0941776028831613
-0.832320382669931	0.246087207850852
0.0067466198969804	0.00200999607894217
1.95001392691319	0.774652324339923
-2.83342854030316	0.917117446615148
1.94301249410525	0.778922300814368
0.739159309272223	0.226450357269325
1.87680508733918	0.595685726697882
-0.104101583288209	0.0224537248463839
0.874892512834432	0.341837768822866
-2.49990984232575	0.743825215086762
-0.517911135702038	0.138411916640514
0.546465924658674	0.128383503124171
1.39074595013018	0.449376726983695
-1.37736686643192	0.369817212053887
-2.06284972653458	0.556417435006898
-0.5223760081113	0.140414884928745
1.38629273260838	0.443742611119823
3.24889001277915	1.39940637273176
-1.37855256949683	0.369087290450251
-0.436535298307047	0.144901656055213
-3.50845296259871	1.37767035504347
2.70507217841151	1.01576685039178
0.564839094088679	0.205627257880701
1.28091946380605	0.664903915002486
2.70305318313569	0.992389817262118
0.861977105392072	0.322438679957969
0.546465924658674	0.128383503124171
2.70507217841151	1.01576685039178
-2.498964405108	0.767925687647617
-2.04902373026814	0.584535062964325
-2.05314601736911	0.57654870638546
1.37981396507491	0.447741419807757
2.70080453911676	1.02336096831486
1.38017895223059	0.445381587444785
0.74610547207819	0.228282542864155
-0.101045830438201	0.0225101564182204
0.546465924658674	0.128383503124171
3.25105335460588	1.41061150643205
0.542071704546615	0.126697206817108
2.70483549323043	1.01668215592958
1.87492520164159	0.596544505245442
1.87693466126903	0.595647178734079
1.87492520164159	0.596544505245442
-1.08240525658556	0.345901116423918
-1.37736686643192	0.369817212053887
0.321672801610281	0.0919423857259322
-2.49348075277667	0.760631300990853
0.542280131446209	0.128299417175899
1.87492520164159	0.596544505245442
0.0133548025132433	0.00354419894438937
0.104137840853689	0.0340694619804522
0.563519148073657	0.210932625353315
-0.790572794272307	0.309010593246972
-0.628449505455588	0.238599962714579
-1.77868243323678	0.772804498450286
0.971059908785265	0.437272850945284
0.129716142022395	0.0508300320584494
1.78301258841605	1.20807251452869
1.28395598866577	0.56543273032755
0.326763941420613	0.0938492014293281
0.721237366068891	0.303517840381512
1.38488871141273	0.450211777140325
0.542280131446209	0.128299417175899
-2.05021356478115	0.569031985318464
0.549936205820441	0.20134992087055
-0.444595582196725	0.151495565770649
2.70103916327475	1.02243498183666
1.30110747636288	0.498525090323233
0.322688990359234	0.0958307659053989
0.741603378191414	0.219530428170169
-2.498964405108	0.767925687647617
-2.83249128745503	0.934154025578548
0.543933997993288	0.126853376726706
0.313573903499624	0.0910825225441505
0.00770693508204256	0.00227367695076611
-0.103788179411775	0.0225578986451196
0.751193601971895	0.231756848435628
1.70665134152732	0.803392487107385
2.69501131532824	1.00895292772661
0.551434186077279	0.199959140267561
-0.516215201709685	0.137775183819285
0.882820112575788	0.324571578461956
0.31087024465771	0.10813929543069
1.28554411495368	0.600973184701413
0.00252258717362925	0.000953137376538156
-0.10075853176445	0.022608042052954
-0.521239785553401	0.140369579797354
1.38746482707804	0.438324100518707
0.562198780138918	0.206583627143683
3.25072666874496	1.4127868106449
0.562558974481856	0.19851906437593
0.547391394977736	0.128082186515472
1.2996134727987	0.530136221804645
0.748331792113693	0.226571962978259
0.304583266337342	0.109460856293357
-1.29290169114264	0.478388857584729
-0.0994736170795967	0.022542834663039
0.317450626633379	0.0923100636628705
1.87680508733918	0.595685726697882
0.738355836787058	0.228487450174743
-0.526964267085977	0.140208674753714
0.0150920310044378	0.00389913615268285
0.876913273177095	0.327984636137175
0.74442044520706	0.226970742670611
0.732539947315021	0.222533630956855
0.886805144042467	0.320910086180834
1.38427123595822	0.453531705710845
-0.0994736170795967	0.022542834663039
3.24073059107654	1.43390582371323
1.87110733943015	0.599602400649659
0.541100401848291	0.127818857380943
0.327234837391916	0.0938337212474048
-0.514680488872461	0.137579947568615
-1.37736686643192	0.369817212053887
-1.08301615780283	0.358886141189871
-0.100102853846225	0.0222670185448718
0.542377859137839	0.126587100412967
0.563631405712644	0.204088819764702
0.0175928292076634	0.00448036146983496
0.323315190973095	0.0941448616051168
1.61135280415596	0.860693032557264
0.0907290702767433	0.0297394986097721
0.609745229661861	0.292971054534349
-1.29240497270788	0.468880986863489
1.02817439102177	0.514364071204899
2.05505522788662	1.15896780478761
-1.07945716189932	0.363853566224814
1.71638921006439	0.817942574905501
0.103807427765709	0.0331323465039053
-0.241844219552331	0.0752485040642155
0.312326990789244	0.091967371353939
0.712871858049628	0.305761161250488
-2.83249128745503	0.934154025578548
-0.841584907418502	0.253607767209229
0.303832085838145	0.106706660512513
0.739495127750292	0.229163664241222
1.30470249408315	0.51612438736542
0.745703811636536	0.228481367728924
0.54857087575441	0.128558386573012
1.37992663094243	0.444768794438503
-0.521239785553401	0.140369579797354
1.87693466126903	0.595647178734079
0.73704183663585	0.227152369479022
1.87110733943015	0.599602400649659
-0.523513114305865	0.137679209591898
-2.05849704146216	0.555726647791374
-3.10114808039898	1.05727517208626
1.38488871141273	0.450211777140325
-0.0994736170795967	0.022542834663039
0.0123876104363821	0.00332088703147064
1.59335507443836	0.844178286755811
0.54857087575441	0.128558386573012
-0.0930212583066807	0.0212077808526859
1.94226546101719	0.798478773934451
-0.103948938199882	0.0233524604803125
0.540516763764104	0.126430146128776
1.38427123595822	0.453531705710845
0.878269844450612	0.338553545383499
0.542280131446209	0.128299417175899
2.04547809956047	1.14059129930121
-0.0974928366755688	0.0220000133147072
-0.0930212583066807	0.0212077808526859
-3.08962908394606	1.04057543600083
1.94749379841595	0.779510636852421
2.36231432978325	1.14726817819118
1.38774204173137	0.432251742729871
0.751930232922322	0.222847951020874
2.69902559231597	1.02942646113875
1.29438532655442	0.504686772711876
-2.8291542449386	0.893923832929712
-0.243854309809445	0.0724519596796741
-0.5223760081113	0.140414884928745
0.547391394977736	0.128082186515472
-1.08051293725493	0.350922137424097
-1.0728426414874	0.357886269207487
-1.38250936278202	0.367021552852188
1.93093850251096	0.778089921780373
2.70661769444647	0.984474181856912
1.39074595013018	0.449376726983695
2.70305318313569	0.992389817262118
-0.0956609260577928	0.0215971171731289
1.87492520164159	0.596544505245442
-1.38250936278202	0.367021552852188
1.87492520164159	0.596544505245442
0.322613450856061	0.0931969730661386
1.30059200143714	0.51449928780964
-1.38250936278202	0.367021552852188
-2.50886944242606	0.705759631992294
-1.37736686643192	0.369817212053887
0.542621526180842	0.126608567713006
1.70718105187138	0.802455917564289
0.703849201577106	0.305484957182033
0.0138323337486188	0.003773407021755
-0.62808112104044	0.237331995698312
0.884779751210965	0.332585768931519
0.556776307096912	0.205253420093904
-1.29386030914036	0.462476250039586
1.70835636740112	0.789291657300105
-0.449991274179051	0.155111310235906
0.744963299474828	0.2325771171156
0.748331792113693	0.226571962978259
0.323517499162924	0.0904680191539424
0.548332676093981	0.128537566389422
2.31952347779831	1.54492292110743
0.542280131446209	0.128299417175899
-1.38476212339261	0.366878631153991
0.863022863544138	0.322774251622034
1.38427123595822	0.453531705710845
-2.04783485499909	0.571093548500225
2.55473330295608	1.72876271758432
1.28300371656458	0.493988490230208
-2.83795601700087	0.914236934316833
-0.0951265447799466	0.0216293083269459
1.87492520164159	0.596544505245442
1.95001392691319	0.774652324339923
1.87492520164159	0.596544505245442
1.87110733943015	0.599602400649659
0.878050861512608	0.328354002896354
-4.08916334343651	1.89139050331587
1.39169916614548	0.435776864920201
0.878063035149765	0.332310344071191
-0.449504082612977	0.155524011362025
-0.0994736170795967	0.022542834663039
-0.10845777398567	0.0233524190605643
0.542280131446209	0.128299417175899
-0.100433580666566	0.0223310096939592
-1.38250936278202	0.367021552852188
0.542280131446209	0.128299417175899
0.548332676093981	0.128537566389422
1.29342382351581	0.506504029225842
1.39041632652022	0.449818911651812
0.696831890652021	0.300585478480249
-3.08962908394606	1.04057543600083
2.70103916327475	1.02243498183666
-0.519260285802177	0.139357225000014
-0.0945032483602891	0.0218370726435746
0.322145418202747	0.0932126195967607
0.746955111733649	0.221481668896502
-0.839071234022021	0.253754074663262
-2.50448779490627	0.739201463947818
3.65262338895493	1.87036661789963
-0.101789050479357	0.022868379633766
1.93961424406146	0.785601693422132
0.744561566795475	0.232791161107715
1.29337507943617	0.520832317482809
0.542377859137839	0.126587100412967
-0.103948938199882	0.0233524604803125
1.87492520164159	0.596544505245442
1.38427123595822	0.453531705710845
1.38427123595822	0.453531705710845
1.87693466126903	0.595647178734079
-0.837009287157639	0.250429068093976
-2.50013836544569	0.752963874303395
-0.841584907418502	0.253607767209229
3.24904408724811	1.36442606108832
1.30172719822363	0.527893955741567
0.0996699415087121	0.0327336590243276
0.751930232922322	0.222847951020874
0.738355836787058	0.228487450174743
0.317924444867071	0.0922952031177124
-0.514680488872461	0.137579947568615
-1.37736686643192	0.369817212053887
-1.37736686643192	0.369817212053887
1.29874438174713	0.502480804066515
-0.0962833901203116	0.0222038630107127
0.541100401848291	0.127818857380943
0.547153124490705	0.128061292620407
0.542071704546615	0.126697206817108
2.70685532156478	1.00994202653964
-1.38476212339261	0.366878631153991
3.2482390271058	1.40375263383915
1.87110733943015	0.599602400649659
1.87110733943015	0.599602400649659
-1.37855256949683	0.369087290450251
0.547153124490705	0.128061292620407
1.94619846171611	0.782458353090485
-0.0989824574858418	0.0222456966330467
-1.38250936278202	0.367021552852188
0.537881681620156	0.126600678583075
-0.249689628154661	0.0763683522303043
0.541100401848291	0.127818857380943
-0.095335539902063	0.0215346615173759
2.70305318313569	0.992389817262118
0.545286400011961	0.127906532067442
1.87680508733918	0.595685726697882
3.24655992739218	1.4562540675439
-2.8291542449386	0.893923832929712
-1.37736686643192	0.369817212053887
0.745703811636536	0.228481367728924
-2.06284972653458	0.556417435006898
-1.37736686643192	0.369817212053887
-2.06067219017022	0.565089611828464
-0.103948938199882	0.0233524604803125
-1.37855256949683	0.369087290450251
0.545286400011961	0.127906532067442
0.313798735620108	0.0903207393732068
1.37981396507491	0.447741419807757
0.542280131446209	0.128299417175899
-2.498964405108	0.767925687647617
-1.37855256949683	0.369087290450251
1.94016088732929	0.80242414532779
-1.37736686643192	0.369817212053887
2.69501131532824	1.00895292772661
2.69501131532824	1.00895292772661
1.87110733943015	0.599602400649659
0.540516763764104	0.126430146128776
1.87492520164159	0.596544505245442
-2.49348075277667	0.760631300990853
-0.831974893269606	0.252927992747765
1.87110733943015	0.599602400649659
1.02559209165533	0.521091469870292
1.03310872793306	0.547295318351816
-3.09758000874198	1.09367827811836
0.0114202123721441	0.00307192001957707
1.8843179868266	1.16288827713211
1.38427123595822	0.453531705710845
0.553473956317758	0.205279910473574
0.537881681620156	0.126600678583075
-0.122006514418245	0.0392313821569067
0.545286400011961	0.127906532067442
1.38310568737594	0.45202977531251
0.566664574690767	0.206020861265899
0.545286400011961	0.127906532067442
-0.095335539902063	0.0215346615173759
0.551450793636633	0.199123470518551
-0.522739884222163	0.138889648292059
-0.0974928366755688	0.0220000133147072
1.87680508733918	0.595685726697882
0.541100401848291	0.127818857380943
0.294508464807412	0.103142150250426
2.7070930845416	0.983565510601036
-2.498964405108	0.767925687647617
1.93714531214761	0.792674531596657
-1.37855256949683	0.369087290450251
-0.0941779390158178	0.0217731946290539
-0.0923623045811191	0.0316317637700287
3.65728398123049	1.85503807942785
-0.0994736170795967	0.022542834663039
0.54857087575441	0.128558386573012
-0.515816270677169	0.137630330187878
0.545286400011961	0.127906532067442
0.877998179391884	0.334864359102219
-3.09965171459907	1.06948551034403
-2.05021356478115	0.569031985318464
0.952213502657828	0.419979496251992
1.87110733943015	0.599602400649659
-1.37855256949683	0.369087290450251
-2.49779134618292	0.753762077506182
-0.0994736170795967	0.022542834663039
-0.100433580666566	0.0223310096939592
0.727830039453642	0.215738906943839
-2.83795601700087	0.914236934316833
1.87680508733918	0.595685726697882
-0.095335539902063	0.0215346615173759
3.64877393639529	1.82209827707924
0.542280131446209	0.128299417175899
0.749070350540287	0.232504892288716
1.29227613548407	0.506656794450709
0.542280131446209	0.128299417175899
-0.0941779390158178	0.0217731946290539
3.23659418314006	1.39602123304027
-0.0951265447799466	0.0216293083269459
1.87680508733918	0.595685726697882
1.87492520164159	0.596544505245442
-0.5223760081113	0.140414884928745
-0.095335539902063	0.0215346615173759
0.542280131446209	0.128299417175899
-1.37736686643192	0.369817212053887
0.545286400011961	0.127906532067442
2.69501131532824	1.00895292772661
-0.878097409932259	0.458869504871458
1.29089093592549	0.608442894704527
0.885730904160914	0.333446178819067
-1.07433753222606	0.355844441385825
-1.38250936278202	0.367021552852188
0.0100861335019789	0.00286449573951946
-0.519047917270715	0.135752304649831
-0.229069304699041	0.0711714015119185
2.69902559231597	1.02942646113875
-0.22831902735436	0.0705888473659655
-0.0962833901203116	0.0222038630107127
2.7070930845416	0.983565510601036
0.741703403287808	0.227480384928699
0.0933438009913244	0.0312257220293571
-0.0930212583066807	0.0212077808526859
-0.0994736170795967	0.022542834663039
0.31983741969336	0.0918283568487579
0.881614815211715	0.332783342993644
1.87680508733918	0.595685726697882
-2.4946503122275	0.759347999169937
-0.110650696276089	0.0374484378453586
1.30070760593386	0.518463879015317
0.304940561865536	0.107877977454965
0.960202173382677	0.429557615067125
0.547153124490705	0.128061292620407
-0.0978213193620585	0.0220638318542834
0.545286400011961	0.127906532067442
3.24073059107654	1.43390582371323
-0.105403264318774	0.0234336358495098
-1.08201146281252	0.361073846238358
0.545286400011961	0.127906532067442
2.70103916327475	1.02243498183666
0.00891378266306723	0.00241722255067928
1.39169916614548	0.435776864920201
0.316773180797766	0.0914429038408354
1.29851872905576	0.515432791161323
-2.05433974854713	0.576107769870825
1.38925128836968	0.448354899211588
0.322688990359234	0.0958307659053989
3.24655992739218	1.4562540675439
2.70483549323043	1.01668215592958
0.315812338430821	0.0922152129845068
-2.49231208841664	0.741884845199983
-2.50886944242606	0.705759631992294
1.37981396507491	0.447741419807757
0.73385246045154	0.223936714768893
-0.102208622300794	0.0226916030253293
1.87110733943015	0.599602400649659
2.70507217841151	1.01576685039178
1.38746482707804	0.438324100518707
1.30329291960977	0.501331516547675
1.37981396507491	0.447741419807757
1.87680508733918	0.595685726697882
2.69902559231597	1.02942646113875
1.87693466126903	0.595647178734079
0.537881681620156	0.126600678583075
-0.833063405948399	0.254155985426631
0.542280131446209	0.128299417175899
1.29182851256763	0.681577326356013
1.39220252896263	0.437531654237884
0.326846174266233	0.0919447585280568
0.742846606800615	0.233354125368674
2.03575101853871	1.11409425707664
1.38488871141273	0.450211777140325
-0.525823473591188	0.142192228149134
2.70305318313569	0.992389817262118
-0.101997947972724	0.0220402603950303
0.545286400011961	0.127906532067442
0.541100401848291	0.127818857380943
1.87110733943015	0.599602400649659
0.54857087575441	0.128558386573012
0.732539947315021	0.222533630956855
3.24073059107654	1.43390582371323
2.35427012454503	1.13978736529826
0.74735203385171	0.227266926935782
-0.238737053888655	0.0747430206022402
0.000172385462027933	0.000539001775897179
1.70526579266917	0.772479106579464
2.70685532156478	1.00994202653964
-2.04902373026814	0.584535062964325
-0.103948938199882	0.0233524604803125
0.73875223205486	0.226649424561653
0.542280131446209	0.128299417175899
-0.454722770731292	0.157047340723483
-0.522190909373952	0.136407044608739
3.98052127354551	2.27589863711635
0.542280131446209	0.128299417175899
0.541100401848291	0.127818857380943
2.70080453911676	1.02336096831486
-0.0992708777956576	0.0221496476688967
-2.83249128745503	0.934154025578548
-2.04902373026814	0.584535062964325
1.87680508733918	0.595685726697882
-0.0941779390158178	0.0217731946290539
0.3180440364521	0.0908154860281659
0.879022206987936	0.333185790829705
0.560245748304493	0.192671439834773
-0.0951265447799466	0.0216293083269459
-0.237840971349863	0.0733807921416021
1.87680508733918	0.595685726697882
-0.513944376026364	0.134820394971873
2.70507217841151	1.01576685039178
0.74442044520706	0.226970742670611
1.87680508733918	0.595685726697882
1.87110733943015	0.599602400649659
1.87110733943015	0.599602400649659
0.318143538060255	0.0951754671461897
0.542280131446209	0.128299417175899
-2.49231208841664	0.741884845199983
-0.513944376026364	0.134820394971873
-0.104101583288209	0.0224537248463839
-0.0963398263631672	0.0337960541373773
0.0129153418849133	0.00344424604437407
-0.00228457098244678	0.0000266478609149354
0.325117911102895	0.0916937982959865
-0.0978213193620585	0.0220638318542834
0.748331792113693	0.226571962978259
1.87110733943015	0.599602400649659
1.37992663094243	0.444768794438503
-2.49231208841664	0.741884845199983
-2.04902373026814	0.584535062964325
0.542280131446209	0.128299417175899
0.886145417827067	0.316443898648468
-0.106566471069748	0.0236156238664408
-0.826421666340134	0.249792102287426
-0.0930212583066807	0.0212077808526859
1.38807595397222	0.442047911275176
0.547153124490705	0.128061292620407
0.322557654004936	0.0929384197794441
-0.833159166502476	0.254330875026579
0.304451224723907	0.107272560675297
0.548332676093981	0.128537566389422
1.94845258371678	0.773451919147563
-0.832168409431155	0.248980114167423
0.543933997993288	0.126853376726706
0.742846606800615	0.233354125368674
0.542621526180842	0.126608567713006
1.87693466126903	0.595647178734079
-0.783171766310964	0.321443155948497
-3.09293870382283	1.07206408964027
0.547153124490705	0.128061292620407
-0.100630873298134	0.0231392113137372
0.545286400011961	0.127906532067442
2.69501131532824	1.00895292772661
0.541100401848291	0.127818857380943
0.541100401848291	0.127818857380943
0.547391394977736	0.128082186515472
1.29822744911418	0.69118304078616
-0.516775237435231	0.138362889204207
1.87110733943015	0.599602400649659
1.61565611421328	0.90156615163134
0.0808386128787452	0.0274515996668615
0.547391394977736	0.128082186515472
-2.04783485499909	0.571093548500225
-1.07847996742696	0.363856947530528
-0.101789050479357	0.022868379633766
1.29789060206286	0.59180575386331
0.307548357431163	0.087844038271657
-1.28569997208888	0.465517460289009
-1.08906704164876	0.361234119904197
2.35561718010513	1.16476487863117
-0.268678534015763	0.098901810007728
-0.0956609260577928	0.0215971171731289
-0.102208622300794	0.0226916030253293
-0.0956609260577928	0.0215971171731289
0.542280131446209	0.128299417175899
0.318092425170427	0.0932620700170988
2.70661769444647	0.984474181856912
0.542071704546615	0.126697206817108
2.36279140256036	1.1440180558691
1.87492520164159	0.596544505245442
1.30313589135616	0.503304620455349
1.38427123595822	0.453531705710845
-0.106566471069748	0.0236156238664408
-0.520400638654727	0.137450762960971
-0.0992708777956576	0.0221496476688967
0.881695120122191	0.334060021430021
-2.05021356478115	0.569031985318464
-2.04783485499909	0.571093548500225
0.541100401848291	0.127818857380943
-0.516215201709685	0.137775183819285
0.748331792113693	0.226571962978259
-0.106566471069748	0.0236156238664408
-0.0945032483602891	0.0218370726435746
-0.0930212583066807	0.0212077808526859
-0.523513114305865	0.137679209591898
-0.0974411559193684	0.0219556283179796
1.93226924968694	0.778978691425575
-0.525823473591188	0.142192228149134
0.74735203385171	0.227266926935782
0.548332676093981	0.128537566389422
3.24688433797277	1.45389803769784
0.881046488591968	0.325527677700471
1.87492520164159	0.596544505245442
3.25441962880894	1.39530782780555
1.93609910556804	0.785706386427873
1.39041632652022	0.449818911651812
-0.0951265447799466	0.0216293083269459
0.878596041681437	0.340923351052913
-0.101045830438201	0.0225101564182204
0.541100401848291	0.127818857380943
-0.5223760081113	0.140414884928745
1.87680508733918	0.595685726697882
-0.519047917270715	0.135752304649831
0.547153124490705	0.128061292620407
0.738355836787058	0.228487450174743
0.738348160190416	0.228612711329341
2.69501131532824	1.00895292772661
1.87693466126903	0.595647178734079
3.24272896954597	1.42547214627273
1.87680508733918	0.595685726697882
1.87693466126903	0.595647178734079
-1.37855256949683	0.369087290450251
1.87110733943015	0.599602400649659
0.541100401848291	0.127818857380943
-0.098940228440894	0.0220856852040079
2.69902559231597	1.02942646113875
-0.52427974030057	0.136106393131316
-0.515640221203127	0.13543764457855
0.745719693963199	0.22840082916161
-1.37736686643192	0.369817212053887
-1.09684750092557	0.347168655678056
2.37104879381557	1.05538636258872
0.542280131446209	0.128299417175899
-0.101789050479357	0.022868379633766
1.87110733943015	0.599602400649659
-0.103948938199882	0.0233524604803125
1.94341798296218	0.801191315472705
1.87680508733918	0.595685726697882
-2.05530739097121	0.573074172318947
-0.0941779390158178	0.0217731946290539
2.69501131532824	1.00895292772661
1.87110733943015	0.599602400649659
0.547153124490705	0.128061292620407
0.548332676093981	0.128537566389422
1.87110733943015	0.599602400649659
2.69501131532824	1.00895292772661
1.94463924036391	0.78116955421641
2.05414553334845	1.09849715300591
-0.0989824574858418	0.0222456966330467
0.880534327938635	0.322256306323742
1.38310568737594	0.45202977531251
-0.521239785553401	0.140369579797354
-0.101789050479357	0.022868379633766
-0.0945032483602891	0.0218370726435746
0.537881681620156	0.126600678583075
-0.521239785553401	0.140369579797354
-1.08714078500731	0.366580849372236
-2.05314601736911	0.57654870638546
-2.04902373026814	0.584535062964325
0.541100401848291	0.127818857380943
-0.0941779390158178	0.0217731946290539
-1.37855256949683	0.369087290450251
-1.37855256949683	0.369087290450251
0.325432342788482	0.0942165040747729
1.87680508733918	0.595685726697882
-1.38476212339261	0.366878631153991
0.542839150871165	0.194045953277952
-0.0951265447799466	0.0216293083269459
0.739498461318299	0.224344540791199
1.38925128836968	0.448354899211588
0.312443322608447	0.0909266558831122
0.542071704546615	0.126697206817108
0.329971039447924	0.096148941949692
-1.37736686643192	0.369817212053887
1.87110733943015	0.599602400649659
-0.520104445364255	0.137370661910804
1.87492520164159	0.596544505245442
-3.09868623597984	1.08730133775312
-0.101789050479357	0.022868379633766
1.87693466126903	0.595647178734079
-1.38250936278202	0.367021552852188
0.541100401848291	0.127818857380943
1.93714531214761	0.792674531596657
0.54857087575441	0.128558386573012
-0.249181679074282	0.0753357060675413
-2.05530739097121	0.573074172318947
-1.37736686643192	0.369817212053887
0.54857087575441	0.128558386573012
1.87492520164159	0.596544505245442
1.87693466126903	0.595647178734079
0.542280131446209	0.128299417175899
0.324329385368054	0.0959051461273956
0.562786771931934	0.206308657563318
-3.09293870382283	1.07206408964027
0.320252995132102	0.0952285767224367
-0.519503582578891	0.135921654883701
1.87492520164159	0.596544505245442
-0.101789050479357	0.022868379633766
1.93846155103018	0.782999086281044
1.87680508733918	0.595685726697882
-0.520214695772985	0.137880826745706
1.87492520164159	0.596544505245442
1.87492520164159	0.596544505245442
0.542280131446209	0.128299417175899
1.87110733943015	0.599602400649659
0.313538883785526	0.0925993903416709
0.545286400011961	0.127906532067442
1.38958098938758	0.447916404365245
-0.0994736170795967	0.022542834663039
-0.825799730446553	0.248850296046326
0.0108539775293926	0.00294215097137045
1.30008540260843	0.529163191041818
0.730466790534972	0.215964113979967
1.87680508733918	0.595685726697882
3.66155994319632	1.79616651487068
0.0993989498206142	0.0327071880501388
1.87693466126903	0.595647178734079
0.541100401848291	0.127818857380943
1.87110733943015	0.599602400649659
-0.0941779390158178	0.0217731946290539
1.87693466126903	0.595647178734079
2.70483549323043	1.01668215592958
1.87680508733918	0.595685726697882
1.38427123595822	0.453531705710845
-2.49231208841664	0.741884845199983
1.87110733943015	0.599602400649659
1.87110733943015	0.599602400649659
1.87693466126903	0.595647178734079
2.70080453911676	1.02336096831486
-0.0941779390158178	0.0217731946290539
0.537881681620156	0.126600678583075
0.541100401848291	0.127818857380943
1.87110733943015	0.599602400649659
-2.498964405108	0.767925687647617
-0.0933464908639628	0.0212702965815671
-0.0933464908639628	0.0212702965815671
0.54857087575441	0.128558386573012
0.734999759270719	0.224471934267942
1.87492520164159	0.596544505245442
-0.0974928366755688	0.0220000133147072
2.70685532156478	1.00994202653964
1.38862995695289	0.439716681685414
1.93609910556804	0.785706386427873
2.69501131532824	1.00895292772661
-0.0962833901203116	0.0222038630107127
0.542071704546615	0.126697206817108
0.751193601971895	0.231756848435628
-0.0989824574858418	0.0222456966330467
-0.833159166502476	0.254330875026579
3.25273664292548	1.4467390679083
-0.524823528051577	0.136435723217665
0.741206268974865	0.228640771349315
0.744561566795475	0.232791161107715
1.87693466126903	0.595647178734079
0.546465924658674	0.128383503124171
0.54857087575441	0.128558386573012
-2.84122014280315	0.895944192895078
-0.825799730446553	0.248850296046326
0.00652256714415291	0.00211111264220543
1.87110733943015	0.599602400649659
-0.100630873298134	0.0231392113137372
0.74825082327023	0.222820268129314
0.460420886098943	0.183575319529242
-0.520214695772985	0.137880826745706
-1.37736686643192	0.369817212053887
-0.519662324847855	0.139505494309868
0.547391394977736	0.128082186515472
0.0104526084615773	0.00279053576603641
1.30258364589298	0.500235281307435
1.2849391297721	0.613854056922096
1.38638151288191	0.451248877983357
-0.105403264318774	0.0234336358495098
0.0160545770394899	0.00419682354489619
0.541100401848291	0.127818857380943
-0.0912323023238712	0.0310475695223643
1.87680508733918	0.595685726697882
-0.449622976654422	0.158402020614659
0.739498461318299	0.224344540791199
1.87680508733918	0.595685726697882
-0.0994736170795967	0.022542834663039
2.69501131532824	1.00895292772661
1.38605416874139	0.451696726388903
1.87492520164159	0.596544505245442
