x	y
-2.83249128745503	0.934154025578548
-3.83484930544933	1.6064082147232
-3.32001561112394	1.2286468506821
-2.43258453774436	1.48027055215745
-1.47002442078286	0.578639685309597
-2.01621875510723	1.02015624261099
-1.29313272175493	0.46898865804936
-3.51002640341346	1.35960019139027
-0.922103567314828	0.391931509257031
-1.62208854557427	0.687770927901318
-1.37855256949683	0.369087290450251
-4.52022384426651	2.4369778795127
-0.101789050479357	0.022868379633766
-3.84119888972289	1.60102378285863
-2.11217080427934	1.03775555379676
-0.544176230725036	0.240181676273942
-1.07187320968594	0.357882420410236
-0.839439651611475	0.246914268305005
0.00819122517007483	0.0024173107426008
-1.63362671825798	0.923576732733457
-3.50923973767825	1.37307967191977
-3.8354369420012	1.62503471722526
-1.00032774701739	0.574813247935524
-1.33412002689943	0.89793012861233
-0.0214828774931618	0.0079342094506193
-1.61110650563519	0.660237274365073
-3.50923973767825	1.37307967191977
-1.00300633176333	0.581816295964853
-0.584102150190871	0.34408133459739
-0.93215943401449	0.405868580406624
-2.83133823353176	0.934971127868472
-2.84122014280315	0.895944192895078
-2.83364520651914	0.914175126504655
-0.716677012323108	0.421419211423914
-2.14956103771212	1.15260633237563
-3.82936568046265	1.62990953026003
-1.20112848112324	0.610904116983259
-3.10544605664248	1.08457036666742
-0.832636786270048	0.249232691777988
-2.14167532392422	1.10755077863064
-3.50845296259871	1.37767035504347
-1.89241726765782	0.899959789335909
-1.17180109077849	0.723317360678827
-2.14103133264907	1.10645119060936
-1.29309778376277	0.46446559457579
-4.1985457189273	2.01261013584513
-0.889217047663396	0.473430916385518
-1.52082789590189	1.13530885235406
-1.53403582426103	0.837190261480502
-1.44396219206631	0.758811127833526
-1.75713797326246	0.788541628720663
-1.26370824635168	0.850258154303158
-1.49714508780143	1.11659388455091
-2.01888611073408	1.01863087143504
-0.607547650464004	0.426250526272704
-2.21685526086047	1.76945726946644
-1.29383584152203	0.458126598834964
-0.338860142236693	0.169322631600341
-1.21494880892529	0.595141611127713
-0.782534575106262	0.31901355985889
-4.30497027366486	2.14417388135179
-1.61554332344352	0.687211374779358
-2.50013836544569	0.752963874303395
-1.28979740573221	0.463399150638861
-1.30735705241814	0.705640319908466
-1.46308347403791	0.565057543559853
-1.31157983523777	0.701003445567364
2.69501131532824	1.00895292772661
-0.442346972281103	0.149833639236887
-1.29917489848011	0.476122054473989
-0.88198273852927	0.464454460943819
-0.244388635276482	0.0756509158901029
0.0110443161825471	0.00310815526477013
-1.61733521081788	0.685911357845271
-1.42065600359329	0.797785198448408
-0.947120467840374	0.680859771912594
-0.792790405953907	0.398693673271586
-4.33315269701165	2.11190210900361
-0.444036372579586	0.153411790765877
0.0792732013040384	0.0257448184672477
-2.02136028113181	1.02583214886004
-1.61489860322867	0.686313419006943
-0.724105181481788	0.414493969234917
-0.412424019585441	0.167903118654302
-2.83364520651914	0.914175126504655
-0.926461541798364	0.397672348379541
0.303187946368876	0.121436817303135
0.0392784068019274	0.0194063556293792
-2.82800405415571	0.916370270350291
-1.29727146856404	0.668945262211602
0.0186569003215561	0.0047237706613622
-0.665042722432698	0.318536505071268
1.06919808005947	0.610522870458589
-1.63414403204292	0.975788218464729
-3.50345173957519	1.34706552782025
-3.32001561112394	1.2286468506821
-1.18476750254627	0.892503226224284
-1.62438449612929	1.64456104864355
-1.10961164169139	0.676610609962432
0.315904858319612	0.0906719899454981
1.27034967454602	0.584442827780608
-0.62620567484056	0.235102600209879
-2.24458452403649	1.20260015041745
-1.19635114874517	0.599590816067696
-2.01106699132416	0.997179500214944
-0.5223760081113	0.140414884928745
-1.6220392506428	0.68791114186697
0.316112019057402	0.108362341767163
-1.63057494324505	0.670950318506723
-3.69096410495639	1.46075389585729
-3.67655613530484	1.4837106788346
-1.40981800660071	0.78582154183465
-0.927853882103122	0.406350556748386
-0.528095899788321	0.232672849346159
-0.523874505862576	0.135964042671109
-2.50662138300429	0.751156666336677
-1.90066347645473	0.872331578761624
-0.618149464948051	0.230462602270126
0.747104431576025	0.222303827447796
-1.28703085292588	0.468797183826642
-1.08341915477405	0.36369710803699
-0.938543295053047	0.414259885372627
-1.61729777869211	0.670456152115093
-1.76543118984401	0.787435369926486
-1.88639089007176	0.901264022286009
-0.519260285802177	0.139357225000014
-3.97881974016224	1.76073007227622
1.38638151288191	0.451248877983357
-1.27977617378736	0.450199378050911
-3.10225524298542	1.07674434808323
1.29227613548407	0.506656794450709
-3.6806634193175	1.50623217393168
-2.83342854030316	0.917117446615148
-2.12525504312961	1.11888304279206
-0.655819361906794	0.303136051434548
-1.77975294968266	0.784886518772186
-0.229819459699791	0.0713436708638103
-1.28433917302664	0.461686846187326
-1.08425366242167	0.369278140646016
0.135223264178535	0.0511585965333779
-3.31419133549641	1.21069698468705
0.564984570536885	0.205505038318756
-3.31618594475123	1.17061745626373
-0.6236924599838	0.236360582268429
-1.29531385281946	0.45591725892214
-0.522190909373952	0.136407044608739
-1.28375979772231	0.461156370176204
-3.32210621443406	1.20057228416852
-1.41645823574153	0.779640857285215
-4.60010262523848	2.31357319586417
-0.982363522057733	0.556335657349521
-1.6114185786326	0.669536959149701
-3.32210621443406	1.20057228416852
-3.96739014010282	1.76555281676816
-0.826886475386905	0.250046085549171
-0.101331707427354	0.0339248807729025
-3.52073578217799	1.35843254411252
-2.1175289598554	1.08898213735677
-1.05712606940195	0.47700328286015
-1.27882386728085	0.463370374340706
-0.592713951316847	0.312162755835892
-1.18526827843323	0.580738886880438
-0.892911911412556	0.472984461093514
-1.71324633247621	1.13416050251869
-1.6267767880758	0.690765388967529
-0.799619023026273	0.401063991065888
-0.0903025390092015	0.0320126130605842
0.705681199742176	0.297025173309044
-0.947196726485673	0.41369891619175
-0.116145014106375	0.0501079484077381
0.492973153792125	0.209022087263089
-1.28612272133958	0.469207730976362
-1.61518801598484	0.686303083163625
-0.798771323395438	0.32143048263206
-0.630195095108477	0.234797909933637
-1.78424237854338	0.758625810891649
-2.13139487903268	1.12013600091275
-0.834152635363741	0.25296310080088
-1.88301515593133	0.885030503404263
-2.03689793399823	1.00559921493693
-0.406472300119842	0.168159186294712
-1.37736686643192	0.369817212053887
-2.82800405415571	0.916370270350291
-1.28486297953742	0.470411391030251
-2.00278094297365	0.99072975816621
-1.89904235763082	0.903448933674841
-1.61266155096032	0.669508312215293
2.10724275333108	1.52027520570546
-3.6708084484862	1.46290246266027
-1.89313408079209	0.898954618073141
-1.28179212857486	0.451952898828184
-4.23170450369136	1.93930830432776
-1.07219140684451	0.491978900175591
0.809288925257199	0.407931251315492
0.3100566608327	0.0889507748310693
-1.37855256949683	0.369087290450251
-1.07336765963707	0.358272920144905
-0.83107905876281	0.253159203624365
-2.21947571917064	1.20296228605419
-0.793716685236124	0.326670795264617
-3.33375079370681	1.15546114051264
-0.0941779390158178	0.0217731946290539
-1.07187320968594	0.357882420410236
-0.442738987804005	0.149719436890101
-2.50544223207936	0.750736650496268
-1.47502737492914	0.555732608023831
-2.50013836544569	0.752963874303395
-1.07254709077269	0.507857897896929
-1.08141218675319	0.354337401935134
-1.45840281061316	0.557469119761971
-0.629564779959807	0.232250953504542
-2.83342854030316	0.917117446615148
-3.82594716571875	1.5910860804574
-2.82800405415571	0.916370270350291
-1.63518090964376	0.67753884260004
-1.46511152077137	0.580275520005264
-0.841324460591787	0.254223558114739
-0.0944033706412525	0.0313000293533767
-1.08951402937366	0.369398243880082
-1.63017162795423	0.667907108281049
-4.21569065460359	1.99779228442361
0.566166411540919	0.19819592810841
-0.0915534860855769	0.0397429081117692
-2.22921088284211	1.23574500802359
-0.270559276668483	0.100265815597472
0.880348934756593	0.328626871879175
0.48752049453183	0.203105245092521
-3.09979316343933	1.06354521701068
0.256029740382996	0.136799186865855
-1.28358451008746	0.470403258949645
-0.534034886426977	0.233258005948059
-1.28408966487073	0.471627669451728
-0.828597086324465	0.243898539550448
-0.952036300954895	0.410172728610031
-1.4655003597977	0.588266476209701
-0.5493858416106	0.247409019240847
-3.97558064737465	1.70811761193355
-1.45414541273076	0.567873779920886
0.0872620434387969	0.0299296743881726
0.317238178134807	0.109147317077001
-1.28810247494672	0.480815408735924
-1.28554122662327	0.468658253918031
-3.97328304152263	1.70372710740428
-0.825799730446553	0.248850296046326
-1.07390451092355	0.359387288546195
-1.76838127288087	0.794617795424709
-0.519662324847855	0.139505494309868
-1.28131977836248	0.470305005529611
-3.09293870382283	1.07206408964027
-1.34655849961588	0.689703420063677
-0.901073196367755	0.493074651480675
0.130005228978695	0.0520491512338777
-2.20536258844948	1.81096634763287
-1.29537859018987	0.659824671431547
-4.29723199254677	2.06810080659391
-1.28501684137984	0.471749653468482
-0.52427974030057	0.136106393131316
0.308695712500692	0.110129111780495
0.125085171200605	0.048774115040854
-1.90960756647331	0.910453676899932
-0.829990262317023	0.25307982627687
-1.47071123076661	0.56323811775733
-2.50108453829271	0.757473465243405
-2.82685472330953	0.922711444031235
-3.32100684598019	1.20134190913051
-4.10262205615217	1.89782334525988
-1.75112530821208	0.773383294428734
-0.410212143971799	0.170935356720615
-3.51504620529804	1.35878374498678
-0.783582984664379	0.320169878523895
-1.76469543710526	0.777531128100371
-1.42304415536043	0.786571715199692
-1.46940142323248	0.577918531828735
-1.77389941153173	0.792117844278967
-1.76768422025516	0.796784022431971
-1.08328339450837	0.370848428206928
-1.31699339145133	0.682154317714998
-1.88258960888731	0.873208414188014
-1.40892169348735	0.798959957501312
0.44824682400095	0.205807557375476
-0.249368202923735	0.0909522621045894
-2.00370839028024	0.992669435213872
-0.0930212583066807	0.0212077808526859
-0.799712897696791	0.329621619894089
0.294386282404269	0.0988048107817228
-1.08488019339229	0.50436555146057
-1.20264193157333	0.579067902474692
-1.38476212339261	0.366878631153991
-3.31419133549641	1.21069698468705
-0.667856001387847	0.298370772759824
-1.07336765963707	0.358272920144905
-1.7643363695176	0.785695493118303
-1.09684750092557	0.347168655678056
-1.4676390491404	0.571902690160981
-0.834670737656865	0.249889401637271
0.55845128678345	0.199336373436963
0.559022536164984	0.200951166800369
-1.09342088464485	0.662944602520531
-1.37736686643192	0.369817212053887
-0.945340933243731	0.421240904050032
-3.50185918952661	1.34172410200291
-1.0885566476252	0.369289157276746
0.860776186458668	0.323305598192771
-3.09404330590539	1.06245153955413
-2.05433974854713	0.576107769870825
-3.68397934608947	1.48834927068878
0.562721254126936	0.208189832473217
0.0145157169832241	0.00374290541306739
-1.08328339450837	0.370848428206928
0.874740884994986	0.491148164450927
-3.10447167066501	1.05661139143271
-2.04902373026814	0.584535062964325
-1.77601205335194	0.772696198281433
0.301621216830801	0.105112647563499
1.7058015999651	0.790297633375329
-0.801786194053382	0.323364245204886
-2.83816850847321	0.90339074521464
-2.12826879967297	1.09125716084552
-1.08492058721772	0.364828477810771
-1.6164769347628	0.682715368152891
-0.83757359279952	0.250025558200439
-3.32389604813218	1.22913311718987
-0.23650308986099	0.0742636478244499
-0.832168409431155	0.248980114167423
-1.61915582127874	0.672916817289055
-1.62915376900594	0.890638435887115
-2.50013836544569	0.752963874303395
-3.51564280032336	1.37231939594184
-1.27882386728085	0.463370374340706
-2.50331029614104	0.738785504632067
-1.29365563241636	0.47652004785956
-4.34177645631753	1.87707480369599
-1.45530140517973	0.566168385659182
-0.631453686172714	0.228318764094452
-4.0853330548625	1.8072177715669
-1.08951402937366	0.369398243880082
-1.46970404858049	0.574468072369267
-1.18512606701015	0.754498688953742
-1.0824694771194	0.363585631280859
-0.452552563545414	0.157598522081711
-1.62055698821767	0.687949146614241
-0.783577570284629	0.405969885315993
-1.32435849387729	0.70136550256691
-3.3297814604609	1.20159573453125
-3.3112024857887	1.20126544638792
-3.31419133549641	1.21069698468705
-0.627802787003507	0.23772302269956
-1.47538661331456	0.585002485480853
-0.783648320414102	0.318565701867546
-3.09404330590539	1.06245153955413
-3.33075846267934	1.18185789797909
-3.68451894430026	1.45563904232572
-1.29619806232643	0.681930445941378
-1.07584917555014	0.356945538003037
-0.841584907418502	0.253607767209229
-2.498964405108	0.767925687647617
-1.62418771607978	0.661327377841106
-3.51426902866386	1.36923995903935
-3.50424787188215	1.33990468054318
-1.08225636408953	0.49791119050011
-0.52526767593918	0.137938892200619
-3.33006916041774	1.15205845551935
-3.09404330590539	1.06245153955413
-2.83249128745503	0.934154025578548
-3.82424357900002	1.63744524450498
-1.6249532981261	0.655104968856219
-2.4946503122275	0.759347999169937
-1.28425901874629	0.474855091321997
-1.47166449471343	0.567560055394316
-1.89992738152279	0.899185533248264
-2.05650312187694	0.572642061324397
-3.09183480000513	1.07302576822624
-2.49582076805792	0.739355067527278
-3.31319464395181	1.21509579750581
-0.923677276807128	0.390576690273325
-1.76452436828128	0.79159680546658
-1.19253746594513	0.59875846578535
-0.0913873643857119	0.0325218615622525
-0.788512777004478	0.312398493565406
-3.68231262623632	1.4547959020232
-3.6708084484862	1.46290246266027
-0.434488971286203	0.173636762752839
-4.52233841898187	2.36527905499167
-2.22934478583886	1.22671789859593
-0.677836916840605	0.327277329731144
-1.76943769785476	0.790112852733229
-1.07433753222606	0.355844441385825
-1.75223514660865	0.744504419172691
-0.622677176569132	0.234080035152868
-1.19527330992014	0.604749613057301
-1.43151636216853	0.807194687225213
-1.89428059588546	0.897505208314758
-0.841584907418502	0.253607767209229
-1.06720043742364	0.493477673842321
-1.77907345243785	0.783833127623
0.287711841673148	0.100408688039265
-3.67655613530484	1.4837106788346
-3.317043081878	1.23068131856223
-0.544857162411345	0.247240012328127
-1.53458524438707	0.880367624444649
-0.673187017366594	0.307344115276827
-1.19997132802718	0.601093116443326
-0.408689547271398	0.168506496347299
-0.543130037637111	0.239698956775163
-1.28225088407572	0.472932749218288
-1.61576489238783	0.676910008479007
-3.5193362253966	1.34918194374378
-2.13629147900017	1.12738154854995
-3.95379451212572	1.72183213288577
-1.08141218675319	0.354337401935134
-1.76968750370504	0.808308877688104
-0.247027789345146	0.0721275792119485
-1.28350107612435	0.474836718450796
-1.19692214570962	0.571853719864958
-3.50424787188215	1.33990468054318
-1.21375455432364	0.560929737550365
-0.514542379104436	0.303813162833187
-0.625448360588615	0.232607646954251
0.00273106674426453	0.00128846035233418
-1.28035263172813	0.450704752422279
-2.01264751351182	1.02194374152386
-2.83911454540015	0.928351077103762
1.0386196746881	0.514901505634975
0.304214123847467	0.10617473038417
2.70685532156478	1.00994202653964
-2.50013836544569	0.752963874303395
-3.3258641954105	1.19859969202884
-1.46496086183775	0.589774817651462
-3.31902457203743	1.23889070538812
-1.20142319036538	0.602360389991863
-0.237275358357156	0.0740297101533226
-2.01512378760157	1.01866939480236
-3.67023133792318	1.47260138710082
-0.842078116460681	0.246187588064198
-2.83249128745503	0.934154025578548
-1.07719625785892	0.365069612392098
-2.82570625121832	0.918479199567565
-1.08010190469453	0.359548596166992
-0.833159166502476	0.254330875026579
-0.827973934228269	0.248897601435703
-0.825335027523982	0.248598183771305
-2.50662138300429	0.751156666336677
-1.08565296822568	0.362522334307197
-1.2849491997548	0.465488761067731
-4.19759158733711	2.01351896797759
-1.62055698821767	0.687949146614241
-1.61266155096032	0.669508312215293
-3.31518843568061	1.19835002370899
-1.4655003597977	0.588266476209701
0.481061077926459	0.205300507028882
-0.00314820445117615	0.000331224078050422
-0.517911135702038	0.138411916640514
-1.77697006919884	0.781288712798474
-3.50345173957519	1.34706552782025
-1.19039472857724	0.593544235197298
-1.07336765963707	0.358272920144905
-0.1011986944783	0.0345071306166295
-3.51856852145392	1.34364082261708
-0.788605877934119	0.328191620139746
-0.629690480729103	0.235979927799694
-2.04902373026814	0.584535062964325
-0.826421666340134	0.249792102287426
-2.50013836544569	0.752963874303395
-1.07666813951648	0.36466782984443
-1.62927792086436	0.671986589269896
-1.08906704164876	0.361234119904197
-2.83227465137555	0.898614140278031
-2.82800405415571	0.916370270350291
-1.08010190469453	0.359548596166992
-1.89229534128663	0.91580294216214
-1.89239090900084	0.873050174273557
0.965489342139079	0.434920735805973
-1.08425366242167	0.369278140646016
-0.444309873807727	0.154215836062215
-0.911940925792149	0.486457867551425
-0.978067957052134	0.631385606373361
-0.648118337193862	0.237112755130385
-0.771548030917751	0.381120246507198
-1.8884496726271	0.89530918204565
-3.96183041795534	1.730207816732
-1.07945716189932	0.363853566224814
-1.07050888185555	0.491155805880191
-1.63786031544703	0.691784426807218
0.563378690489653	0.201546622028168
-0.449622976654422	0.158402020614659
-2.83133823353176	0.934971127868472
-1.28563619486867	0.466502345115354
-3.83029531174362	1.62917679111318
-1.46442092379468	0.588269800741158
-1.61049682744984	0.670773178890503
-1.50692834788869	0.87506990078247
-2.1340721115303	1.1494308993776
-1.1920284584884	0.707853755004294
-0.192830080296395	0.0886043930797672
-0.783776892711308	0.30968993239065
-3.68181640326566	1.48978867284205
1.55185380139385	0.900429496580598
0.329499178227133	0.0941776028831613
-1.61612217536236	0.684247297535747
-4.40163487077249	2.24107726836611
-0.634579138350272	0.233722381684044
-0.520854278995402	0.266978505663005
-0.160935992843993	0.0662083592344008
-1.47476326741356	0.579327434695538
-1.52007898771847	0.891602295451651
-1.62302847332844	0.6839930382907
-1.88230255955269	0.843652974411741
-2.01697386922514	1.00959799175007
-1.06034018823282	0.495700254370539
-1.07912178722694	0.357132861316791
-3.82489509334159	1.62306568605038
-0.628172707173069	0.240289784886738
-1.45468715645993	0.565479508224816
-1.29435798572725	0.480339703041541
-1.07682181488009	0.350121000398315
-3.09979316343933	1.06354521701068
-1.61679540852867	0.681474236997958
-3.8245696517211	1.63380713958109
-3.50845296259871	1.37767035504347
-2.84696108253111	0.893963540748489
-2.00755310529612	1.00752332723828
-0.244532610936449	0.0898910556103061
-2.82685472330953	0.922711444031235
-0.665537096755947	0.317791513471364
-0.914663381471363	0.498450919761516
-0.830458254376926	0.253340793357874
-2.5109372991441	1.5363821863628
-0.105519675773868	0.0355098128625819
0.287410788676075	0.129809875389219
-1.27824794160988	0.462836347549431
-0.445921187412261	0.153465254623103
-1.6238743977679	0.688397939757867
-4.3266495218631	2.11897446154534
-3.97643156702613	1.68360835336092
-3.10075820893695	1.06347774708302
-0.901036732000259	0.479098090373195
-1.62649237441874	0.696458443256091
-0.958835761880386	0.396488288573911
-1.61762799786025	0.679416308852116
0.0181247258078997	0.00468894262539778
0.871980882922227	0.488120212081342
-0.676040293460328	0.322784554184699
-1.45771850536436	0.551193229853489
1.30799116030862	0.512772800018718
-3.32880462830973	1.20190562208253
-0.954041479577153	0.388099663169601
-4.077967389131	1.8431611931179
-0.947196726485673	0.41369891619175
-1.75719371170381	0.780206829048438
-1.37736686643192	0.369817212053887
-4.41389205563907	2.2880541148332
-3.95390259405754	1.71344564188039
-3.51504620529804	1.35878374498678
-1.76475105891078	0.761307545902132
-3.32112060479918	1.21020607655163
1.94329713868791	0.737741920983247
-3.95964086989462	1.72068379682166
-0.782757196720487	0.388078824492508
-4.41456574970705	2.29429084128643
-0.781364613564976	0.318552580329589
-0.902805249381429	0.478796612895169
-2.13300248253507	1.14957278772943
-0.654311554936951	0.289743602861913
-0.840728106978528	0.246697148611125
-1.90156873366873	0.878727516125862
-1.41553272669177	0.793506830458077
-2.03446764063341	1.01401574540964
-1.61859179333478	0.987902472993789
-1.2844385705487	0.460762202132447
-1.29065265574961	0.446313875217768
-2.01981034940835	1.01182941085658
-1.05418826045965	0.467826283582541
-1.89681630088289	0.899895769982689
0.307821648839163	0.124491112521284
0.549156492609813	0.194151339704107
-0.103834322037255	0.0459162993768633
0.562788744491654	0.206971949619702
-3.31803372889694	1.2396293722172
-0.51812082156918	0.137106412514332
-2.127568797242	1.12829366005547
-3.81815917706376	1.59505751292442
-3.09293870382283	1.07206408964027
-2.34574935489252	1.34712265295805
-1.46603941705047	0.583389390662394
-1.51536072247411	0.889154152158979
0.681606646448326	0.28687023424441
-1.55072610809532	0.834216269452259
-2.24378425748119	1.27742162883481
-0.92572053820773	0.404668060685216
-4.20267895401163	2.00034059574244
-4.20843124063997	2.00463864244345
-0.979592461505212	0.533929621546673
-0.101010125387044	0.033661667608735
-1.08468828603038	0.364000574994916
-1.89444422595676	0.900428063344328
-1.77390849132454	0.792127216697872
-1.62649237441874	0.696458443256091
0.00913876512255594	0.00266781331555496
0.547391394977736	0.128082186515472
-3.09868623597984	1.08730133775312
-1.46826705863806	0.570175138551536
-3.09979316343933	1.06354521701068
-0.792369493079967	0.309579425314528
-2.82570625121832	0.918479199567565
-3.95927733295005	1.76345363906642
-0.526964267085977	0.140208674753714
0.311411876128232	0.104814851091586
-0.253252576670544	0.0740099187589226
-3.10186540327758	1.04102889151319
-0.523513114305865	0.137679209591898
-1.46042236233527	0.582462127928243
-0.236368398325536	0.0730293150937992
0.0734646118737104	0.0242675169570826
-1.10308875230457	0.668680603334579
-1.06202573444911	0.498473443136394
-3.67023133792318	1.47260138710082
-1.61711325174392	0.677635979110965
-2.4946503122275	0.759347999169937
-1.29065265574961	0.446313875217768
-3.09868623597984	1.08730133775312
-2.49582076805792	0.739355067527278
-1.08255639517178	0.362075346638336
-4.20913823653273	2.02728484847108
-1.07945716189932	0.363853566224814
-0.832884030316045	0.249681598941155
-0.105110575947249	0.0235349560977657
-1.29214762277513	0.47638735952852
-3.10655377271392	1.06457394169685
1.28981793049717	0.585259132697257
-0.525967721160877	0.136720395702645
-1.28905982097698	0.471219453128939
1.93990228480325	0.77242970639265
1.87492520164159	0.596544505245442
-0.0978213193620585	0.0220638318542834
-0.634184023322692	0.239858616342236
-2.82800405415571	0.916370270350291
-0.6794093409919	0.327676414360103
-4.19727241340838	2.00146101623971
-3.98203989145717	1.70161175600871
-1.08402053888593	0.511648148294001
-1.29031071965297	0.471244509692648
-0.235178727896966	0.0737955949925185
-0.517911135702038	0.138411916640514
0.322081051353188	0.0929531789439972
-1.37855256949683	0.369087290450251
-1.37855256949683	0.369087290450251
0.878063035149765	0.332310344071191
-1.09198547307355	0.359334950014974
0.70624374865799	0.306405378831504
1.30501144343995	0.502473923795224
-3.52087122282309	1.31798114655133
-0.944206861443769	0.413808415888897
-0.247267762923724	0.0773718761143215
-3.31319464395181	1.21509579750581
-0.241869883769564	0.0770838111994731
-3.83602196189371	1.6056108106756
-0.805138506103912	0.328344166912452
-1.07433753222606	0.355844441385825
-0.615989116767087	0.22336209648655
-3.95927733295005	1.76345363906642
-3.3258641954105	1.19859969202884
-3.31618594475123	1.17061745626373
-0.844386915427024	0.238789394078706
-3.67655613530484	1.4837106788346
0.55627329732846	0.191944715104247
-3.51002640341346	1.35960019139027
0.74825082327023	0.222820268129314
-0.521354276075847	0.140151065895862
-0.241844219552331	0.0752485040642155
-1.28992269386484	0.453351500694236
-2.50108453829271	0.757473465243405
0.698969997327569	0.306236328080802
-3.09647448091884	1.08882943702806
-1.77177609446268	0.778511602234623
-4.19727241340838	2.00146101623971
-1.45848707018788	0.580198349067802
-0.371065324500024	0.212236328654511
-1.29039339142466	0.468637473359059
-2.49582076805792	0.739355067527278
-2.83133823353176	0.934971127868472
-3.31319464395181	1.21509579750581
-2.50448779490627	0.739201463947818
-3.67820160344977	1.4675144156287
-0.545905706491126	0.239321154599165
0.00640337316097934	0.00197920330670484
-2.498964405108	0.767925687647617
0.737212301794485	0.222878174874788
-0.524683569236692	0.139865316336557
-1.07815892867015	0.363555579143483
-2.49231208841664	0.741884845199983
-0.951513194365641	0.409385066590234
-0.469628458800573	0.156274356040991
0.700017330566958	0.308893095070524
-0.835242582387023	0.248047458204957
-1.46531308563971	0.58072512893609
-1.290466951487	0.454966906683766
-0.793687097718645	0.329086903059302
-0.837840297745939	0.24818333713429
-3.95357630980117	1.72202793991801
-2.8291542449386	0.893923832929712
-1.29440944611051	0.468518573990154
-2.498964405108	0.767925687647617
-1.28921304637222	0.462862440526814
-1.08522412925042	0.362643044085522
0.317050779303299	0.0934221837279994
-1.29510469428056	0.478449739353142
-1.4571734857899	0.562367487751103
1.87110733943015	0.599602400649659
-1.47384053104714	0.569699823283169
-2.49348075277667	0.760631300990853
-2.4946503122275	0.759347999169937
-2.83133823353176	0.934971127868472
-0.23115207063199	0.0699458135496967
-3.10075820893695	1.06347774708302
-0.459970666219758	0.151524229144397
-3.10323230642891	1.0653082707597
-1.28992269386484	0.453351500694236
-3.50980813755273	1.34273849079814
-2.4946503122275	0.759347999169937
0.541100401848291	0.127818857380943
-0.448336145628267	0.1516262597088
-4.08311242966795	1.87933380762221
-0.516952935597397	0.134997042674037
-0.621546705264955	0.234576969241518
-0.539174365211804	0.244078137576835
-1.28962986610511	0.477635949130163
-0.94393491657817	0.408616245783158
-3.5134917290528	1.36974037157449
-0.828502094065778	0.25094168663078
-1.62729230818375	0.667474794145845
-1.07478210680139	0.348692519382462
1.37992663094243	0.444768794438503
-0.239499210469969	0.0736752339423243
-1.07868953172486	0.488863404475413
-3.32488003028897	1.22287774231669
-3.69228816573427	1.45598252132089
-3.10447167066501	1.05661139143271
-2.50108453829271	0.757473465243405
-3.317043081878	1.23068131856223
-3.51426902866386	1.36923995903935
-3.83232766914954	1.63738876630433
0.707650198634064	0.30823668378134
-3.83989436033398	1.58558586161456
-0.244707933166516	0.0750693928318381
-0.827509018985055	0.248646107200568
-0.0941779390158178	0.0217731946290539
-0.782130115568903	0.308073914666867
2.56665060011996	1.75202892815531
1.87492520164159	0.596544505245442
-3.32001561112394	1.2286468506821
-3.10075820893695	1.06347774708302
-1.20142319036538	0.602360389991863
-2.8291542449386	0.893923832929712
-1.37736686643192	0.369817212053887
-2.50226013804269	0.743052864003894
-3.10447167066501	1.05661139143271
-1.75201622763541	0.774383088065055
-1.47425200521584	0.581510791687367
-2.50013836544569	0.752963874303395
-2.04783485499909	0.571093548500225
-2.8291542449386	0.893923832929712
-0.0978213193620585	0.0220638318542834
-1.37736686643192	0.369817212053887
0.565575332913485	0.205209211542751
-1.90691581457941	0.897622387831129
-2.06067219017022	0.565089611828464
-0.447141212503182	0.156601589905302
-2.82685472330953	0.922711444031235
-2.83133823353176	0.934971127868472
-2.04902373026814	0.584535062964325
-1.28358451008746	0.470403258949645
-3.09868623597984	1.08730133775312
-3.51214756302181	1.32897242356633
-1.77353584272253	0.786051735375316
-1.45771850536436	0.551193229853489
-1.46642501975576	0.581800365436347
0.749070350540287	0.232504892288716
-0.827973934228269	0.248897601435703
0.751193601971895	0.231756848435628
0.706998137525727	0.308444692021642
-2.83573891845403	0.897342341993353
-1.28577454354567	0.462985486546454
-1.75635580289125	0.793444868497383
-0.630471568095685	0.228264326679175
-1.6158330740944	0.687200844863277
-0.0933464908639628	0.0212702965815671
-3.09868623597984	1.08730133775312
-2.8291542449386	0.893923832929712
-1.76530426336255	0.794989246573585
-2.04902373026814	0.584535062964325
-0.547176550217669	0.241349966929246
-2.4946503122275	0.759347999169937
-1.46337505324424	0.578484924186545
1.28643329256404	0.600545913576946
-0.826421666340134	0.249792102287426
-1.08043456838936	0.361340664763697
-1.62649237441874	0.696458443256091
-2.82800405415571	0.916370270350291
-1.46015956548501	0.574745191187339
-3.3258641954105	1.19859969202884
-1.28645061480087	0.462589721944726
-3.31419133549641	1.21069698468705
-0.242385232639521	0.0707665407586128
-1.08231332567193	0.369176480609056
-0.834152635363741	0.25296310080088
-3.09758000874198	1.09367827811836
-3.09183480000513	1.07302576822624
-1.89383462037389	0.900231495435002
-1.6164769347628	0.682715368152891
-3.10336310613868	1.07624884357692
-3.09979316343933	1.06354521701068
-1.61049682744984	0.670773178890503
-1.07381227391188	0.355463167451648
-1.29718756973633	0.454466819343313
-1.89132528485546	0.871246478281135
-3.09965171459907	1.06948551034403
-3.10336310613868	1.07624884357692
-3.68121360049036	1.50160480915984
-0.239499210469969	0.0736752339423243
-2.82685472330953	0.922711444031235
-2.50013836544569	0.752963874303395
-2.83133823353176	0.934971127868472
-4.23359056955467	1.87661346277167
-4.09950175127603	1.80621167571445
-2.05314601736911	0.57654870638546
-2.83816850847321	0.90339074521464
-3.67023133792318	1.47260138710082
0.294154847429885	0.116741958833771
-1.75641260070291	0.791990598598698
-3.10225524298542	1.07674434808323
-1.29365563241636	0.47652004785956
-2.05021356478115	0.569031985318464
-1.37736686643192	0.369817212053887
0.750456405947033	0.221324751963573
-0.523881983385789	0.13702530803748
-2.835854011812	0.903413592096073
0.74735203385171	0.227266926935782
1.87680508733918	0.595685726697882
-0.10845777398567	0.0233524190605643
-1.48576103678992	0.531200533293335
-0.524121956492059	0.1376511210086
-2.82685472330953	0.922711444031235
-0.519047917270715	0.135752304649831
-2.8291542449386	0.893923832929712
-2.49348075277667	0.760631300990853
-2.49582076805792	0.739355067527278
-2.83249128745503	0.934154025578548
-0.521239785553401	0.140369579797354
-0.834670737656865	0.249889401637271
0.561391103933223	0.19901342128711
-1.529541841768	0.842466956357677
-0.150771966694251	0.0636429955481133
-0.92552895361607	0.40255657750898
-1.61915582127874	0.672916817289055
-1.37855256949683	0.369087290450251
-1.64456147873303	0.673061984489542
-3.32600725437378	1.23438140630258
-0.937583703834871	0.413992755351725
-3.09293870382283	1.07206408964027
-0.838817185962132	0.25328760025507
-1.28486297953742	0.470411391030251
-3.32210621443406	1.20057228416852
-3.31518843568061	1.19835002370899
-0.446623444724037	0.150184987532913
-1.46726742417366	0.570065550127816
-3.83262556487914	1.62926501765094
-0.92801648302384	0.399293985539477
-2.83701082493837	0.917156293169085
0.0170169246376005	0.00444878785056413
-1.62649237441874	0.696458443256091
0.973310418104633	0.43877624231534
-3.96519496499446	1.73281893123096
-1.28761288766524	0.469346286108944
-2.4946503122275	0.759347999169937
-0.834152635363741	0.25296310080088
-0.0986538976590582	0.022181849463491
-0.922273156353408	0.3959725618329
-0.522190909373952	0.136407044608739
-1.28300540309424	0.46985272572152
-1.40845175877217	0.986621820996578
-1.08088121375288	0.48170025186682
0.798323595556736	0.396650620034088
-1.44647410266859	0.790448557983977
-0.398917731682429	0.16210132607324
-1.18590943407164	0.569497916431995
-3.50424787188215	1.33990468054318
-1.88692367877391	0.902542824843069
0.626547063126794	0.298156477842555
-1.61083363213657	0.67283194400067
0.0857523215716994	0.0288308659680587
-1.89742456366904	0.920154818315901
-0.230355191806055	0.0715834026633865
-1.31205881740506	0.61653424264208
-3.10225524298542	1.07674434808323
-1.7581116796412	0.796319378971699
-0.0995973058669546	0.0224260918786388
-0.635810954321916	0.243471586768212
-0.776369270019832	0.310937270936863
-1.28761288766524	0.469346286108944
-0.0962833901203116	0.0222038630107127
-1.07763056835217	0.363157385349633
-0.282966570038244	0.102161948431478
-0.628449505455588	0.238599962714579
-1.08739405204136	0.355028792937831
-1.0918775599341	0.351939247827751
-1.08825670158944	0.356015443183214
0.325762034597271	0.0928588401766378
-0.438102603240408	0.146251533050345
-0.526073516359683	0.138632567811719
-0.09821864548052	0.0340294348617538
-1.27901211296881	0.459061428425146
1.87693466126903	0.595647178734079
-1.64018668840003	0.667786104631963
-0.398119923048522	0.157770409956652
1.37992663094243	0.444768794438503
-3.03314533216042	2.49151104279711
-2.41682373319936	1.46163787880484
-1.63149555660992	0.687752788075338
-0.932009135566695	0.415216911847897
-2.13576596663708	1.13996686566189
-2.00813888143313	1.00147839336171
-1.88995279830066	0.886675496839036
-4.31083865812323	2.15374466282369
-1.77784740060263	1.21335879476225
-1.46726742417366	0.570065550127816
1.29080114223754	0.505682581631107
-1.46496086183775	0.589774817651462
-4.39775026230449	2.22139776586108
-3.69906096137408	1.39901872849589
0.30431622230896	0.126448747940884
-2.8436786365212	0.897528788955238
-1.0620541289812	0.488706613688241
-1.46117270819368	0.574580522286654
-3.68121360049036	1.50160480915984
-1.46175835409361	0.563608141412101
-1.89721645486738	0.903795979475274
-0.251085025058268	0.0927157478683349
-1.62208854557427	0.687770927901318
-0.933415044567387	0.407198822555963
0.015480665771631	0.0039883519427443
-0.241117232203474	0.0766152348332909
-0.0906734305984962	0.0314938637935219
-1.37736686643192	0.369817212053887
0.747927529305998	0.226764681396792
-1.37855256949683	0.369087290450251
1.28423116141909	0.497010254740198
0.016585367115239	0.00431836572446858
-0.930775007337711	0.406621663940098
-1.47251303134557	0.57463842871873
-0.524121956492059	0.1376511210086
-0.5223760081113	0.140414884928745
-0.0945032483602891	0.0218370726435746
-0.845106788642632	0.234204890144541
-0.514680488872461	0.137579947568615
-2.83342854030316	0.917117446615148
-0.232615628955298	0.0721074667826583
-1.07870097281678	0.366219315775194
0.308962929184085	0.0886786074491343
-0.630887700547098	0.238225433462368
-1.2882929487527	0.472495939919855
-0.826328253600043	0.244633196851002
-0.92767492130264	0.408996723343078
-1.08767680791752	0.650385010994857
-1.08685188608565	0.504004827968206
-1.62178763673013	0.694441352855692
-1.91071322111175	0.893650515110819
-2.2375345091509	1.25188912778027
-1.19777335568953	0.766605797334696
-4.33391802075473	2.11590050471066
2.03838125596578	1.14694698471941
-0.946991310536101	0.411066008476049
-2.1406902028526	1.13320340609221
-0.445921187412261	0.153465254623103
-1.07815892867015	0.363555579143483
1.39136829124984	0.446170964769697
-1.19258720103398	0.595867173411484
-1.39618384380274	0.758332415871962
-2.49348075277667	0.760631300990853
0.546465924658674	0.128383503124171
-1.29771393677078	0.47012637242649
-1.29108890735412	0.462636067986867
-0.255836178749723	0.0950421496472643
-2.05650312187694	0.572642061324397
-1.08436899766257	0.35831168119697
0.558261003568795	0.204433623642819
-0.097622755741984	0.031816794067363
-0.943388883006941	0.372601809983288
-0.788605877934119	0.328191620139746
-1.62240561691872	0.688432622813356
-1.28886622712064	0.480829304316831
-1.63122783285569	0.692084581296506
-0.150789312263943	0.0618811478929916
-0.455638054885149	0.153651062494282
-1.2844385705487	0.460762202132447
-1.37855256949683	0.369087290450251
-0.940074265148674	0.419837881214626
-1.08425366242167	0.369278140646016
0.96561070237304	0.446281214010883
-1.46933428462261	0.587940718405459
0.0873776230886892	0.0286910300246687
-3.52595733736116	1.29648223782012
-3.95400999623019	1.69878349506632
-1.28025734148033	0.464687579341
0.874984603417501	0.333832999577272
-1.89701671545577	0.903788745418966
-1.88606333250934	0.89830837442401
-0.833063405948399	0.254155985426631
1.28568614947829	0.615087982230164
-1.16925775211507	0.742722541949499
-1.40896607604607	0.781512009784933
-2.2417374659003	1.24519582394888
-5.07221966282892	3.30883331802478
-2.52791784287885	1.51556201167061
-2.22607038993331	1.91491199917052
-4.40163487077249	2.24107726836611
-4.2231051940816	1.89832385100075
-1.60663662976259	0.970434214400138
-4.32860605276433	2.15069062095916
-0.449694814311162	0.15358882801764
-0.520802749971932	0.137595352476473
-1.63615985056528	0.649137503321509
-0.93254809768454	0.410235104710225
-1.4677674812712	0.572283921565341
-0.246539768207762	0.0773565978250945
-1.07336765963707	0.358272920144905
-0.949293620594317	0.413681704128385
-1.458957638336	0.569140758224209
-3.11016549362482	1.06811464422329
-2.25739956803878	1.24735522043088
0.0923811753006992	0.0316360588258278
-3.32488003028897	1.22287774231669
0.000172385462027933	0.000539001775897179
-1.07390451092355	0.359387288546195
-0.450668094423509	0.1551307676817
-1.08328339450837	0.370848428206928
2.35561718010513	1.16476487863117
-0.517911135702038	0.138411916640514
-0.255877099335249	0.0767696589893396
-1.76543118984401	0.787435369926486
-1.27948978848226	0.465867855603237
-0.838292132460631	0.241553764999905
-3.09404330590539	1.06245153955413
-1.08425366242167	0.369278140646016
-1.37855256949683	0.369087290450251
-0.102565084777255	0.035641240762071
-0.826886475386905	0.250046085549171
-0.449408352190264	0.1541722756129
0.0181247258078997	0.00468894262539778
-1.76873561357494	0.795467529807176
-2.84122014280315	0.895944192895078
-1.46095455551434	0.580997184039725
-0.0962833901203116	0.0222038630107127
-0.788457886948058	0.32406154302566
-3.09404330590539	1.06245153955413
0.965294214391758	0.445553741962159
-0.839071234022021	0.253754074663262
-0.0984394051459342	0.0336873673117525
-1.07180299500229	0.893628238115925
-0.881729884411785	0.475309350753086
-2.06700613922968	1.59167250492256
-2.00365746297317	1.4414608780442
-1.6196025983652	0.960916334105518
-0.0180781870691371	0.00694382443730021
-1.27824794160988	0.462836347549431
-0.518522788361015	0.137251012289687
-0.827973934228269	0.248897601435703
-0.395794708929996	0.181784426340367
-1.62176236543499	0.689619267245939
-0.773893070615408	0.38622322273785
-0.93186126687613	0.40945543844255
-2.13097324772542	1.13125997605713
-1.70635414672233	1.09699762205102
0.137168648451817	0.0522125407812478
-0.781749331150124	0.317809245172377
-0.847394309018231	0.250897940164924
-0.272673319280233	0.102420973783327
-0.250146905019726	0.0953795198999926
-0.415280612391772	0.171533223862283
-4.11135690184491	1.83565639521806
-1.45553583155685	0.570061238497424
-3.50504390842947	1.32502571663792
-0.547948209355529	0.244216759761613
-0.632692778272739	0.235585147257406
0.612463313742062	0.295020329790249
-0.235198082626501	0.0723113387664395
-1.28703085292588	0.468797183826642
-1.4676390491404	0.571902690160981
-0.514680488872461	0.137579947568615
-1.31076108526645	0.698076514815499
-1.27901211296881	0.459061428425146
-1.07340532040014	0.506168091626746
-1.08810382039827	0.366696523215772
0.548238753267921	0.200198153194089
0.320315073371118	0.0918159211540541
-1.18713393303981	0.570181625560981
-1.08365847808353	0.511432542717508
-0.785787449387033	0.311031492743656
-0.841324460591787	0.254223558114739
-0.835142304985754	0.250144926202691
-2.33498094213413	1.3537132344532
-1.6207243388421	0.666831116428383
0.537881681620156	0.126600678583075
-3.83321940362723	1.57484194396165
-1.42508130622869	0.747244967262686
-3.67599283921959	1.50022965768208
-2.83364520651914	0.914175126504655
0.696903814875191	0.302054305923328
-1.61990979941793	0.687049913742447
-0.662185660940703	0.31404886137638
0.297514018105047	0.104355122054982
-1.89691455207416	0.903133465112992
-3.83060390306879	1.61163531430718
-0.519047917270715	0.135752304649831
-2.02337864525771	0.989515712033415
-1.62178763673013	0.694441352855692
-0.842416267004409	0.251298774042738
-0.789612491160744	0.317372759143179
-0.0961861221738995	0.032052719052168
0.48755718799697	0.203589687168318
0.4705976464175	0.191881361457799
-1.07584917555014	0.356945538003037
-0.246509348849218	0.0774697718467404
-3.84097232313832	1.53853050500417
-0.399322300237323	0.165746899993121
-1.52338189685467	0.918349392139315
-3.31618594475123	1.17061745626373
-1.45771850536436	0.551193229853489
2.05516994222847	1.13300449406134
-1.62110135794881	0.680732230781001
-3.68397934608947	1.48834927068878
-1.28486297953742	0.470411391030251
-0.101773000480635	0.0351486041878193
-0.521354276075847	0.140151065895862
0.139965166977485	0.0519574253849315
0.00521195475823335	0.00163044193678137
-0.249841971785854	0.0743160172211026
0.0190842251441769	0.00494141267484626
-1.08328339450837	0.370848428206928
0.963430325988521	0.4327844029241
-0.839071234022021	0.253754074663262
-3.31803372889694	1.2396293722172
-0.830887096458826	0.2476956260607
-1.2795883046487	0.459586639042885
-0.441217370807169	0.152641861724314
0.542280131446209	0.128299417175899
-1.30107105682205	0.455045577890577
1.30125413943374	0.513736277714362
-3.95955101596746	1.74324307872537
-2.49582076805792	0.739355067527278
-3.97310709028628	1.77110483482116
-3.52301705998267	1.3320779008944
-0.516952935597397	0.134997042674037
-1.0805248563296	0.360561938702347
-3.50504390842947	1.32502571663792
-1.29167388232756	0.463172134932641
-3.10114808039898	1.05727517208626
0.0138776727479394	0.00371737921651206
-2.04902373026814	0.584535062964325
0.744963299474828	0.2325771171156
-1.90807188910731	0.887888467780375
1.28601689633993	0.720008987891269
-0.627617130673673	0.240161726947865
0.959560687465448	0.438638363345676
0.738355836787058	0.228487450174743
-1.27805932009521	0.464543188836519
-1.07945716189932	0.363853566224814
-2.4946503122275	0.759347999169937
-0.515640221203127	0.13543764457855
-0.521786654766086	0.136264079752736
-2.05021356478115	0.569031985318464
-2.83249128745503	0.934154025578548
-0.826421666340134	0.249792102287426
-2.83249128745503	0.934154025578548
-3.95422276048599	1.63489793378132
-2.498964405108	0.767925687647617
-0.840162915748125	0.249620261679602
-2.83133823353176	0.934971127868472
-0.0951265447799466	0.0216293083269459
-0.775600295018447	0.302874586434819
-2.49582076805792	0.739355067527278
-1.77484313059607	0.808174025801272
-3.09758000874198	1.09367827811836
-3.69937649552807	1.45203047269263
0.323705695530232	0.095444827266487
-1.62302847332844	0.6839930382907
0.550685106414178	0.205185616059447
2.69501131532824	1.00895292772661
-2.04783485499909	0.571093548500225
-0.516775237435231	0.138362889204207
0.744980507015802	0.227659325846765
-0.0962833901203116	0.0222038630107127
0.311654311538099	0.108921324221323
0.0035442382966788	0.00129875765866884
-3.53544425601885	1.28203845177999
-3.68514135023859	1.43504937058255
-1.62582267260009	0.677858050090999
-0.833159166502476	0.254330875026579
-0.826886475386905	0.250046085549171
-1.78301834115046	0.772497890061371
-0.415774553228356	0.174043837678939
-1.18750798599136	0.59604819374484
-0.883914951045512	0.481953019239085
-1.17803905900708	0.738847283246544
0.130074022305514	0.0498795882216565
-3.9593692473106	1.76336338718097
-1.97204069711897	1.47103465748107
-0.247267762923724	0.0773718761143215
-2.24319498613282	1.25847323406484
-0.29367634026959	0.130779091850191
-0.934176196671667	0.39903200904797
-1.29795634148651	0.456686507292998
-4.19791019641284	2.01921620753843
-0.549036925191116	0.246267638322795
-1.07688861634234	0.505647349061657
-3.69453848599467	1.47622328748813
-0.67202110320169	0.323324527413646
0.0123876104363821	0.00332088703147064
-2.4946503122275	0.759347999169937
-0.521852108321265	0.261719755543097
-1.45848707018788	0.580198349067802
-1.31605239059231	0.679782816119962
-3.10917902294542	1.03561947360895
-0.626608885704098	0.229036752056097
0.159293103417317	0.0692412827377174
-1.13897664371401	0.828489404383508
-3.68343929226872	1.50245061428202
-1.51529961747803	0.897416759725436
-0.44645741007271	0.150949621264543
-0.453667658623906	0.154867657786918
1.04929459452802	0.610305539589829
-0.515816270677169	0.137630330187878
-3.09979316343933	1.06354521701068
-0.104216269124763	0.036366586664283
-1.76330653558045	0.794700766284415
-1.09719239700078	0.345059589305672
-1.07945716189932	0.363853566224814
-3.95368575063867	1.72463124922668
0.74005934947756	0.228093775301913
-3.3258641954105	1.19859969202884
0.313828690325097	0.0891501321650877
-0.831547258034552	0.253419977958223
-3.81986957771911	1.56199734516279
-0.514680488872461	0.137579947568615
-3.32210621443406	1.20057228416852
-3.3297814604609	1.20159573453125
-3.51856233104499	1.30804474671761
0.542143518060953	0.194687519541621
-1.08328339450837	0.370848428206928
-2.04773620650947	0.975214449788831
-2.82685472330953	0.922711444031235
-1.28207481227429	0.473471454058406
-0.520802749971932	0.137595352476473
-2.59630561941849	1.7080474996911
-4.21458080183698	2.01175201801906
-2.36642012765434	1.3235764044012
-1.46117270819368	0.574580522286654
-0.27468637405163	0.100062529111031
-3.96175014747305	1.73028154136774
-2.83701082493837	0.917156293169085
-0.83067879407783	0.244996107213328
-0.449622976654422	0.158402020614659
-0.459496279840481	0.155547395894627
-0.0927913304613111	0.0320866021858745
-0.548229797735984	0.240870077277003
-2.1370363502317	1.13188096653978
-0.554722398484958	0.240251879939473
0.694046255488489	0.372960045792282
-0.0994736170795967	0.022542834663039
0.289277385114	0.116996822819769
-0.792924940810233	0.325174383514389
-1.61679540852867	0.681474236997958
-1.65088165476274	0.63664835824114
0.0123876104363821	0.00332088703147064
-1.46460653917915	0.576564017211295
-3.09647448091884	1.08882943702806
-0.5223760081113	0.140414884928745
-0.833971476168581	0.245682096121293
-3.67430036803184	1.50154561405815
-3.33075846267934	1.18185789797909
-1.07584917555014	0.356945538003037
-0.78826003159769	0.320047533568639
-1.62517265744936	0.676985595914732
-3.70524886597832	1.41795650227219
-3.32812310638927	1.17959383167194
-1.46726742417366	0.570065550127816
0.304739178453704	0.107039717682374
0.541100401848291	0.127818857380943
-2.82685472330953	0.922711444031235
-2.83249128745503	0.934154025578548
-0.835242582387023	0.248047458204957
-1.0709039786641	0.355398926111619
-1.07815892867015	0.363555579143483
-0.111383370843136	0.0237444154501064
-0.827973934228269	0.248897601435703
-0.519662324847855	0.139505494309868
-1.08288551177685	0.363296447190239
0.967603774151794	0.43437884051461
0.326209545965283	0.0938168495394168
-3.32488003028897	1.22287774231669
-3.3297814604609	1.20159573453125
-3.10114808039898	1.05727517208626
-1.4841000331035	0.553031781219135
-0.101789050479357	0.022868379633766
-3.33615857579719	1.13684853726701
-1.09217649196336	0.349303834109522
-3.09404330590539	1.06245153955413
-0.250438360879019	0.0775638663008411
-3.32001561112394	1.2286468506821
1.38310568737594	0.45202977531251
-3.32210621443406	1.20057228416852
-2.4946503122275	0.759347999169937
1.38746482707804	0.438324100518707
-3.51504620529804	1.35878374498678
-2.4946503122275	0.759347999169937
-1.07870097281678	0.366219315775194
-2.05650312187694	0.572642061324397
-2.04783485499909	0.571093548500225
-0.447759120682798	0.157190994276233
-1.37855256949683	0.369087290450251
0.010808964354021	0.00297117263683654
-2.49348075277667	0.760631300990853
-2.03961781627105	1.01203368328749
-3.09647448091884	1.08882943702806
-3.10544605664248	1.08457036666742
0.322688990359234	0.0958307659053989
-3.6708084484862	1.46290246266027
-1.37736686643192	0.369817212053887
-0.529297048011354	0.138367921393896
0.298511703358936	0.104117148588735
-0.842557907502347	0.246438374928177
-1.07478210680139	0.348692519382462
-0.623502558747576	0.227529074957746
-1.4571734857899	0.562367487751103
-3.32880462830973	1.20190562208253
-3.31518843568061	1.19835002370899
-0.5223760081113	0.140414884928745
-0.452552563545414	0.157598522081711
0.701900586318442	0.304043620853853
-1.90671054037046	0.893839136500493
-1.62110135794881	0.680732230781001
-0.0343337299537883	0.0123056993887033
-1.08810382039827	0.366696523215772
-1.07221059813267	0.512568761417797
-3.32389604813218	1.22913311718987
0.0964676272444151	0.0324374119478731
-1.27748366018139	0.464006152680012
0.305306107267082	0.133155251363393
-1.88692367877391	0.902542824843069
-0.444094048691402	0.150722139392657
-3.6806634193175	1.50623217393168
-0.812135543398682	0.313553144480709
-3.09514860705818	1.03749547577687
-3.31902457203743	1.23889070538812
-1.47638963475503	0.585095741089904
-2.4946503122275	0.759347999169937
-3.50923973767825	1.37307967191977
-0.262642398367935	0.100968401647632
-0.405593575506738	0.163102936951604
-0.699681045029131	0.400177522645907
-0.448178786999639	0.15594907638673
0.476756928917093	0.199736053470938
-1.76334921999765	0.78716472700589
-2.84027394665539	0.914172854697073
-3.09183480000513	1.07302576822624
-0.798521302959844	0.310261656628214
-0.832884030316045	0.249681598941155
-1.21111934956214	0.604610803841914
-1.61733521081788	0.685911357845271
-2.05433974854713	0.576107769870825
-0.238034464525448	0.072981385078238
-2.02401304810506	1.01268304198761
-2.23473896842418	1.26028079247065
-0.834152635363741	0.25296310080088
-1.61612217536236	0.684247297535747
-1.27948978848226	0.465867855603237
-3.51002640341346	1.35960019139027
-0.627599197576186	0.225810669378103
0.00713763059336234	0.00212611679198555
-3.10906010816386	1.05402488361272
0.0732270902588744	0.0239005838596759
-2.4946503122275	0.759347999169937
-2.83249128745503	0.934154025578548
-1.08522412925042	0.362643044085522
0.321596831485915	0.0953901221130846
-1.7643363695176	0.785695493118303
-3.69228816573427	1.45598252132089
0.0933668611384729	0.0314005612625027
-3.68673224861288	1.3893652065296
1.94171798110185	0.803776539333411
-2.83133823353176	0.934971127868472
1.37876066568467	0.443326011148766
-3.82626330740636	1.60082454394528
-2.84027394665539	0.914172854697073
-3.50504390842947	1.32502571663792
-2.82570625121832	0.918479199567565
-3.52225678051299	1.35768942957962
-1.37855256949683	0.369087290450251
-0.839071234022021	0.253754074663262
0.294115175982365	0.104278913980451
-3.82489509334159	1.62306568605038
0.878868388293833	0.32346835688146
-0.835544826459878	0.252839292643732
-3.50345173957519	1.34706552782025
-2.8291542449386	0.893923832929712
-1.62292676396146	0.681217186249375
-0.778895962529459	0.381326714092405
-3.31419133549641	1.21069698468705
-0.229236840920787	0.0696713583544589
-1.28501684137984	0.471749653468482
0.861087956500786	0.321588252299041
-1.47133798812165	0.580145869720215
-2.01739845386468	1.00938134953937
-0.836634894627274	0.257543939751531
0.124936422025668	0.0496423357726526
-1.41161328611234	0.762008393606769
-4.40507608970801	2.23413982751866
-3.9649744965498	1.76884208379733
-0.832636786270048	0.249232691777988
-1.19237000733542	0.594538208232664
0.741703403287808	0.227480384928699
-0.155804195507015	0.0642973275288531
-0.803786113779787	0.317482784296055
-0.256055878551453	0.0964640443391894
-1.30813172262971	0.453711678781729
-3.6828987834499	1.50707331041532
-0.253408034734977	0.0976945190484711
0.87746030983968	0.335420623423298
-0.403672066580288	0.156978471036215
-3.32389604813218	1.22913311718987
-2.01470182640834	0.997797111116812
-1.46603941705047	0.583389390662394
0.554219728318029	0.2021866666598
0.555314719298322	0.20529632658328
-1.01863516326251	0.579742091038003
1.27598245721065	0.952224054804273
-0.167525269094294	0.0699610336492724
-0.788815027695438	0.318826236169455
-0.39801777235434	0.160271325703154
-0.947950284074601	0.412989916141727
-0.0253230719155291	0.00968560576173838
-1.61266155096032	0.669508312215293
-2.05433974854713	0.576107769870825
-0.798563278302967	0.311890230676526
0.0822358907447714	0.0277273698888572
-4.29675743025931	2.04558359478946
-1.46600236752991	0.565606168646258
-0.797936869132771	0.326075856160034
-1.88781571134293	0.901518113432637
-3.81884519419511	1.60019183898405
-0.680973220127945	0.327305234305643
0.865758573678066	0.326685916203701
-1.27824794160988	0.462836347549431
-1.28563619486867	0.466502345115354
-2.4946503122275	0.759347999169937
-3.97889792384092	1.70250445722553
0.303463348060815	0.107539895525808
-1.37736686643192	0.369817212053887
-3.84330002531454	1.62112171249132
0.747433875359793	0.222937106239901
0.0100948519151125	0.00284046221840572
0.0104526084615773	0.00279053576603641
-3.83525059396428	1.53548598517327
-0.636063615374908	0.242146582728434
-1.37855256949683	0.369087290450251
-0.959731944201869	0.405148882382164
-0.445374492995517	0.14936325710071
-3.31902457203743	1.23889070538812
1.94016088732929	0.80242414532779
-1.37855256949683	0.369087290450251
0.546465924658674	0.128383503124171
-1.76840707552992	0.792660126904099
-1.77695132315084	0.789382975357306
-3.10225524298542	1.07674434808323
-0.787547408079597	0.325183443103057
-0.514680488872461	0.137579947568615
-2.82800405415571	0.916370270350291
-2.04783485499909	0.571093548500225
-2.83018604355835	0.915523433166795
-3.67820160344977	1.4675144156287
-1.28025734148033	0.464687579341
-2.8291542449386	0.893923832929712
-0.0986538976590582	0.022181849463491
-0.794255577134604	0.313204480909895
-0.520214695772985	0.137880826745706
0.492278418498089	0.204755486371966
-3.09183480000513	1.07302576822624
-3.09758000874198	1.09367827811836
0.1391554445126	0.0520702017381267
0.0919896526272347	0.0317637050453618
-0.452552563545414	0.157598522081711
-0.520104445364255	0.137370661910804
-3.32013518200022	1.21087626955713
-1.08180201287274	0.504313468455259
-1.20099246599104	0.582103529171082
-0.233872192272255	0.0714898842543921
-0.839071234022021	0.253754074663262
-1.09435690334372	0.361447110742382
-0.671670381482937	0.315655732157899
-3.83863845050727	1.5827570151144
-3.67655613530484	1.4837106788346
-0.39478062134051	0.180289723535609
-1.07187320968594	0.357882420410236
-1.08589556734498	0.35395629495229
-1.07381227391188	0.355463167451648
-3.68871402735119	1.50080168214842
0.495454841912236	0.209142950818353
0.522938051502168	0.273374194455088
-1.75708153552604	0.793068370113705
0.121361679896022	0.0461784883785226
0.315812338430821	0.0922152129845068
-0.825804285087656	0.487579353075879
-2.59007165034395	1.67928605514353
-0.547692980873639	0.239338252138524
-0.911996698935482	0.496786993066496
-0.794924013891273	0.320083228472032
-0.814174945388309	0.407210538005557
-0.629586114857246	0.302690753918519
-1.63033687450665	0.67340761675866
-0.941999865768737	0.416049405410649
-0.935811427249546	0.410337852814449
-1.75702439865362	0.794526585470322
-1.08372379356844	0.362405255849129
0.0347399370660492	0.0161633896401767
0.0866080968347163	0.0291212659375777
-1.28277655041533	0.461168050564253
-1.77696105464488	0.78747518031826
-0.946760319192449	0.410109860151234
-1.43672847979291	0.73163131461555
0.558261003568795	0.204433623642819
-1.08390554610844	0.510945408362876
-3.31618594475123	1.17061745626373
-1.45662803321498	0.56764051133421
-1.27805932009521	0.464543188836519
-1.62259104364055	0.669253363279676
-0.414926441875746	0.17318787890448
-3.10544605664248	1.08457036666742
-1.75194186964297	0.776842665407723
0.547391394977736	0.128082186515472
-3.5134917290528	1.36974037157449
-2.50013836544569	0.752963874303395
0.953302936646804	0.425906116687131
0.688017545576025	0.292351411418546
0.741206268974865	0.228640771349315
-4.31941170736128	2.10037993036386
-3.50766607864638	1.37426814117007
-1.40492741089183	0.779147515851948
-0.105073498406955	0.033901632476461
-1.772734092732	0.802375849571221
-3.96198888556123	1.71101849032429
-0.935425437787333	0.391901032764563
0.787247753783537	0.514661361419641
0.0114202123721441	0.00307192001957707
-1.2844385705487	0.460762202132447
-1.90258194234799	0.91695460096304
0.0811504616124863	0.0273614944454216
-3.10544605664248	1.08457036666742
-2.84027394665539	0.914172854697073
-3.68343929226872	1.50245061428202
-2.83573891845403	0.897342341993353
-3.51718317028196	1.36132270404602
-1.18259635268782	0.587485490425005
-1.62725348486991	0.670252700280479
-3.69148045812749	1.45049086110142
-3.31518843568061	1.19835002370899
-0.933750072678253	0.397453337141939
-2.82455863670409	0.896736460929173
-3.96978679814102	1.65148533240358
-1.08141218675319	0.354337401935134
-1.46603941705047	0.583389390662394
-2.43310398534305	1.51054740807105
0.963770064387605	0.432244077353846
-0.843763796846368	0.254087368808892
-1.61733521081788	0.685911357845271
-1.47091001652217	0.573558052645274
-4.23170450369136	1.93930830432776
-1.76026384191359	0.780678628152249
-0.775839265488622	0.293679366350111
-0.833159166502476	0.254330875026579
-0.800810253788917	0.32945743563465
0.618819834061032	0.296764917400717
-2.05314601736911	0.57654870638546
0.00823802131184518	0.00240009513923294
-0.781931259605345	0.31282796974575
-0.655108831790807	0.296762210317897
-4.09453712023831	1.89308235610627
-0.786834488525392	0.325201132114978
-0.454933456075915	0.158845027425575
-0.522494745184589	0.138224827015017
-0.931385813138228	0.396853599180824
-0.657829903812325	0.312362885165785
-2.13144819418806	1.13136351218657
0.0136517205912842	0.0036607123727363
-3.09293870382283	1.07206408964027
-2.05021356478115	0.569031985318464
0.301529813206206	0.124013354971658
-0.246439141799044	0.0773722564020785
0.327854367618469	0.0960907721742113
-1.61489860322867	0.686313419006943
-1.28369124992731	0.463666536386477
-0.00445939667681074	0.000595470505321118
-0.515079347934818	0.137725022751014
-3.31902457203743	1.23889070538812
-1.61489860322867	0.686313419006943
-1.21651285097563	0.571886072109953
-3.09758000874198	1.09367827811836
-1.6267767880758	0.690765388967529
-1.62413903220705	0.682856112442981
0.84809925939744	0.477222291343899
-0.399461134894585	0.161585572445643
-0.515816270677169	0.137630330187878
-0.446719082429879	0.153425048547218
-0.515079347934818	0.137725022751014
-3.09758000874198	1.09367827811836
-0.444204663740861	0.153630145359664
-0.247862332711845	0.091922503378715
-2.04902373026814	0.584535062964325
-1.28921304637222	0.462862440526814
-0.516215201709685	0.137775183819285
-2.83249128745503	0.934154025578548
-0.256562030848732	0.0772037578643343
-0.241142022218638	0.0734807086322996
-1.08425366242167	0.369278140646016
-2.05021356478115	0.569031985318464
-1.07719625785892	0.365069612392098
-3.51002640341346	1.35960019139027
-2.4946503122275	0.759347999169937
-3.82521990339114	1.60354515589254
-1.34058925434799	0.695035408562378
-2.82800405415571	0.916370270350291
-3.31319464395181	1.21509579750581
-0.105110575947249	0.0235349560977657
-2.83701082493837	0.917156293169085
-2.50013836544569	0.752963874303395
-1.07870097281678	0.366219315775194
0.542280131446209	0.128299417175899
-0.627249213322446	0.239869750850956
-0.0313779951935166	0.0116740387062949
0.553481650904362	0.204486381999125
-1.75641260070291	0.791990598598698
-0.833159166502476	0.254330875026579
-2.82800405415571	0.916370270350291
-2.02700052505176	1.02112198366174
0.318092425170427	0.0932620700170988
-1.28425901874629	0.474855091321997
-1.07313478568303	0.502899974889704
1.28769304219518	0.49398464612106
0.880075887626372	0.33319859479264
-1.61113976344791	0.671631261735209
-2.05530739097121	0.573074172318947
-3.32309201071688	1.1748141858821
-1.07945716189932	0.363853566224814
-1.20362182072389	0.593832501501814
-1.90044480296848	0.85515267514433
-1.47199813139003	0.585318217484717
-0.285520589828827	0.104856582429453
-0.0964337092530264	0.0336099748209069
-1.30792333768812	0.687899581837636
-0.260193857375371	0.0970066556468691
0.709124623466922	0.321372310120861
-0.627895248759834	0.240765810914701
0.317924444867071	0.0922952031177124
-3.50980813755273	1.34273849079814
-0.424578007172872	0.173986216857656
-1.89199157715901	0.906348887947021
-3.11016549362482	1.06811464422329
-1.29771393677078	0.47012637242649
-3.95390259405754	1.71344564188039
-0.106881829632238	0.036449676324568
0.131555326317931	0.062639875485958
-0.264945998614412	0.141477568411334
0.672103298293027	0.428984280593026
-3.53245928216239	1.26030954886026
-0.634702791052312	0.232928390798801
-0.408151560092453	0.168940843562479
0.80698389122407	0.405399479713376
-0.420824287574464	0.174301420970155
-2.498964405108	0.767925687647617
-0.240415257229644	0.0763442857745277
-4.30525285077804	2.07351167699226
-1.18421820752734	0.592984789741499
-3.11492136687143	1.02782884244904
-2.22911257334064	1.24807165768896
-1.07381227391188	0.355463167451648
-0.519047917270715	0.135752304649831
-0.796974201818451	0.325630099975428
-1.2059418469883	0.598247488887125
-0.623961017662321	0.234724887715385
-0.450145763660367	0.157606799880192
-3.50345173957519	1.34706552782025
-1.28501684137984	0.471749653468482
-0.523513114305865	0.137679209591898
-1.46450798665349	0.575571060293547
-0.457839722544225	0.154533159598123
-2.01739845386468	1.00938134953937
-3.09979316343933	1.06354521701068
-3.32001561112394	1.2286468506821
-0.243380523081411	0.0751664462060786
-0.444715648875347	0.151272252651129
-1.07239798793769	0.358269457626047
-0.834152635363741	0.25296310080088
0.320503935554356	0.0931219670988443
-0.833159166502476	0.254330875026579
-0.556063749151211	0.223678315910309
-0.640800015817509	0.236731962302497
-2.11804820526193	1.10372508788334
-3.83514345058661	1.62076982629366
0.321596831485915	0.0953901221130846
-0.525823473591188	0.142192228149134
-0.834152635363741	0.25296310080088
-2.05021356478115	0.569031985318464
-2.4946503122275	0.759347999169937
-1.07584917555014	0.356945538003037
0.562752969850229	0.2091591293666
-0.0033946932516305	0.00178456170756577
0.954512903876673	0.427437904586849
0.551450793636633	0.199123470518551
0.303624180000361	0.107235236201798
-0.453057354623893	0.157177597781163
-1.45954265283905	0.57403561389523
-2.83249128745503	0.934154025578548
1.39041632652022	0.449818911651812
-0.241771822755102	0.0753851712454007
-0.837725680837318	0.257618742248887
-0.943458679991952	0.414420995935405
1.38488871141273	0.450211777140325
-0.619367207616931	0.228686224585603
-1.06525520376557	0.49783012137148
-0.839071234022021	0.253754074663262
-0.779309877616411	0.305571999153015
0.0015547750555573	0.000720021214793046
0.321596831485915	0.0953901221130846
1.38159292353248	0.445976872538675
-0.522494745184589	0.138224827015017
-0.623999900983063	0.3240457486158
-3.32488003028897	1.22287774231669
-1.4677674812712	0.572283921565341
-1.77601205335194	0.772696198281433
-2.8291542449386	0.893923832929712
-0.793307347340022	0.32193325335293
1.2871437706905	0.598801389678295
1.29438532655442	0.504686772711876
-1.28425901874629	0.474855091321997
-0.834670737656865	0.249889401637271
-2.50013836544569	0.752963874303395
-0.413705858328766	0.172568065864404
1.028406340269	0.539283690647413
-0.241332228743908	0.0749337757950887
0.80505224003307	0.407054212441907
-0.597791975559608	0.301596896710588
0.28285019680172	0.127557167814149
-1.45530140517973	0.566168385659182
0.59981190967748	0.340843274130009
-0.885414705450918	0.554730033922187
-0.79072099604232	0.319005283602338
-3.50345173957519	1.34706552782025
-0.239833984559913	0.0760133865629607
-4.422584512532	2.31580514405086
-1.07478210680139	0.348692519382462
-0.393696239987447	0.181930361420812
-0.235918652264616	0.0739415337889668
-0.513545588916538	0.134680065307493
-1.62201751889261	0.685835550337397
-1.2946287108674	0.674241544405848
-0.669664716855328	0.309328763533127
1.02586131440305	0.524555582158815
-3.95411671844046	1.67598377489513
0.492196664165005	0.213779702945331
0.330033439664547	0.0950177430381346
-1.08236714515629	0.507272464512679
-0.662224674697115	0.318512607251152
-1.07623377496826	0.363444231148948
-1.27671926915382	0.462832993252838
-0.791911871503761	0.32610867113537
-1.08565296822568	0.362522334307197
-1.46933428462261	0.587940718405459
1.2905096202971	0.598543776182175
-1.07239798793769	0.358269457626047
-0.779252671180508	0.307017767103066
-0.524683569236692	0.139865316336557
-0.103454251251196	0.0224939498894034
0.328410119270765	0.0920683609997333
-3.31419133549641	1.21069698468705
-3.95927733295005	1.76345363906642
-3.96751565612156	1.76542496946504
1.94131353117111	0.805172253180273
-0.448696884627933	0.153527743118027
-1.63149555660992	0.687752788075338
0.0861520901958243	0.0283991931382049
-0.0989824574858418	0.0222456966330467
0.326994851850523	0.0940281343579022
-0.10075853176445	0.022608042052954
0.000392278417188261	0.000641306235488737
-2.00986567723581	1.0094280498709
-2.50662138300429	0.751156666336677
-3.3258641954105	1.19859969202884
-2.82570625121832	0.918479199567565
0.954640327476542	0.419012165826705
-1.37855256949683	0.369087290450251
0.618679233907038	0.369451213549177
-0.243380523081411	0.0751664462060786
-2.4946503122275	0.759347999169937
0.0865642245318729	0.029691681957256
0.870015557274137	0.330353824024558
-0.638213834520444	0.237069999047047
-0.448463306094732	0.154284994773856
-0.500734839845363	0.248826350160598
0.427812460525862	0.19137605030367
-0.0902843361220295	0.0320704264189181
0.297945763691194	0.117445470750829
0.277633409829267	0.124512613541206
-0.03616146654911	0.0129828251583912
-1.46888870891571	0.570875749637581
0.0879046458389413	0.0298173025734727
-0.789389913085595	0.307966927661876
0.307699267594299	0.106070526954783
-3.50923973767825	1.37307967191977
-0.788276207304291	0.314545701009724
0.307167678734228	0.104669777468408
-0.791528555665156	0.319096467653083
-3.10447167066501	1.05661139143271
0.0135505657717265	0.00345851928564241
0.363250759696108	0.1984361317262
-0.885771526394143	0.473256298705957
-0.286444975358333	0.127614889391537
-0.0992942280094062	0.0325578871748204
-1.915131907635	0.906070672213875
-3.9649744965498	1.76884208379733
-1.37855256949683	0.369087290450251
-0.621160841220001	0.228147224074041
-1.47251303134557	0.57463842871873
-0.096178775099488	0.0452419093608005
-0.794633155317618	0.327946865245155
-2.4946503122275	0.759347999169937
-1.39842264651683	0.755727288079627
0.547502975700458	0.197491292364359
0.539494814645825	0.19055290014197
2.36017402157391	1.15795785992873
-0.442854494553987	0.149144169155624
0.316999011228212	0.0928334677014698
-1.27805932009521	0.464543188836519
-3.83602196189371	1.6056108106756
-1.08425366242167	0.369278140646016
-1.47267812930859	0.561643230655865
-0.796016247813305	0.315134604530397
-0.937227115175414	0.412228742777122
-2.00790299948055	1.0120628959364
-1.28025734148033	0.464687579341
-0.0989824574858418	0.0222456966330467
-0.523513114305865	0.137679209591898
-1.78081062290092	0.783642583698419
-0.229069304699041	0.0711714015119185
0.87401995697227	0.325753131953289
-0.100630873298134	0.0231392113137372
-0.525967721160877	0.136720395702645
-0.528357476837837	0.138974057943311
-0.23650308986099	0.0742636478244499
-0.80512073220479	0.326522754330394
-0.0166478012253864	0.00657560859555032
-1.47091001652217	0.573558052645274
-0.830887096458826	0.2476956260607
0.734999759270719	0.224471934267942
-3.10323230642891	1.0653082707597
-1.07584917555014	0.356945538003037
-0.826886475386905	0.250046085549171
-0.830887096458826	0.2476956260607
-2.12631749173566	1.13318489005262
-3.52366182463919	1.33249983440651
-2.04783485499909	0.571093548500225
-2.04902373026814	0.584535062964325
-1.46061957813435	0.577061024615412
1.28250145930367	0.599683117096951
-0.705824938915686	0.407002738922616
-0.947950284074601	0.412989916141727
-0.625197224450558	0.230036031328211
-1.06714136899968	0.502779931290686
-0.834249424385902	0.250115174033497
-1.07220295489532	0.500637166723139
-0.935719045147803	0.396557859869828
-1.3037217174247	0.688375164956764
-0.658821876037889	0.306801038683943
-4.31105587257519	2.12760107417801
0.0106311946281934	0.00296320050961708
-0.233872192272255	0.0714898842543921
-0.234458028369952	0.0732314184953936
-1.28886622712064	0.480829304316831
-1.28294379576949	0.463636792257058
-0.782416221285588	0.318997314687106
-1.63282212492405	0.697750055486097
-0.931385813138228	0.396853599180824
0.0765177380540342	0.0256907473490406
0.852516216080818	0.478551537271196
-0.399089579284365	0.182898655634425
0.442541363603606	0.20797898218541
-4.81226765915161	2.77029729500535
-0.411191916142076	0.169597790766529
-1.47476326741356	0.579327434695538
-0.518320249562509	0.264254758374343
-2.21947571917064	1.20296228605419
0.310173608016653	0.122699133513655
-0.438308336698429	0.150238381381934
-3.96757736747084	1.75404642837165
2.36069552011449	1.18219783335312
0.719214318191667	0.306558882266811
-0.408631330565471	0.165206841526373
-1.75863468164915	0.749972245829579
-3.67655613530484	1.4837106788346
0.302475555303623	0.10711753891463
-0.239689010674365	0.0744800040485844
-0.785264082049359	0.312658639765751
0.0872620434387969	0.0299296743881726
0.0024348895089195	0.00103360283751351
0.0856045860427463	0.0296357485858222
-1.46531308563971	0.58072512893609
-0.634431211779711	0.236064234425243
1.30634714918011	0.528894578070315
-1.27824794160988	0.462836347549431
-1.08825670158944	0.356015443183214
-0.833159166502476	0.254330875026579
-3.3258641954105	1.19859969202884
-2.4946503122275	0.759347999169937
-2.50108453829271	0.757473465243405
-3.3112024857887	1.20126544638792
-1.30890289519258	0.453097858893005
-1.07945716189932	0.363853566224814
0.423115167461525	0.195232554189571
-0.520802749971932	0.137595352476473
2.69501131532824	1.00895292772661
-0.0440737044126057	0.014731968781946
0.290298056462867	0.0989007132357861
-1.28207481227429	0.473471454058406
-0.0927913304613111	0.0320866021858745
-0.799980183194711	0.324338395799336
-0.516215201709685	0.137775183819285
-2.05021356478115	0.569031985318464
-1.07719625785892	0.365069612392098
-0.640539705591737	0.240479615860057
-0.516775237435231	0.138362889204207
0.090610466828921	0.0302884379401897
-0.920673026968351	0.394967854465645
0.016585367115239	0.00431836572446858
0.298470923066961	0.115041768543586
-1.43448956505653	0.77402352879492
0.312443322608447	0.0909266558831122
-3.32488003028897	1.22287774231669
0.280550363946309	0.125023898275762
-1.69980572412154	1.07090873781069
-1.56880033125452	1.21719021567825
-0.673729016011961	0.433710233219731
-3.5201037926835	1.34294434319126
0.320252995132102	0.0952285767224367
-4.20234172225564	1.97254647932755
-0.249510238898574	0.09175551030067
-0.0963398263631672	0.0337960541373773
-1.63890835130777	0.663704819911669
-3.52736888479667	1.33827787372688
-2.83701082493837	0.917156293169085
0.327854367618469	0.0960907721742113
-0.793745559817571	0.320934004738644
-0.516952935597397	0.134997042674037
-3.67023133792318	1.47260138710082
-0.512133593539089	0.269710182863896
1.30422780479301	0.517017505008842
-0.0941458741394357	0.0324156227435793
-1.28300540309424	0.46985272572152
-0.627802787003507	0.23772302269956
-3.51426902866386	1.36923995903935
-1.06435890371919	0.503476135520827
-1.62238881100881	0.673617388905717
-2.0276977166919	0.966788895267016
-1.7603609283515	0.768364922727887
-0.090957121149108	0.0316300551212227
-0.16594471083448	0.068415697790661
-1.62466254997145	0.681165018364722
-0.251179221047774	0.0768746102616027
-3.50845296259871	1.37767035504347
-3.81850249478477	1.60047097380669
-1.4488514927468	0.725194588795026
-3.50923973767825	1.37307967191977
-0.0978213193620585	0.0220638318542834
-1.47330216290365	0.562323520650288
-1.45988972273975	0.580992914684139
-3.11546533127864	0.995158343191548
-1.28577454354567	0.462985486546454
0.0868707009761971	0.0294458913950892
1.71373622264435	0.823758900743152
-0.93303275757969	0.404383806686568
0.704047760239107	0.308131702398861
-0.835242582387023	0.248047458204957
0.00521195475823335	0.00163044193678137
-2.8427245388945	0.878379752655737
-3.67542911223521	1.5080288603743
-3.32796440159522	1.20355437314332
-0.527607629801519	0.135880040165819
-1.08425366242167	0.369278140646016
-0.844023348872275	0.249993302196548
-0.944116789774186	0.417674568359301
-0.797789795119468	0.317868466462071
-0.095335539902063	0.0215346615173759
2.35343225697888	1.10683067955934
-1.08906704164876	0.361234119904197
0.540516763764104	0.126430146128776
-0.101789050479357	0.022868379633766
0.741206268974865	0.228640771349315
-2.50662138300429	0.751156666336677
0.55664431799448	0.205638888691922
-0.526892435940578	0.259906885497623
0.537881681620156	0.126600678583075
0.127083377287533	0.0488745269724663
-0.0301721024873117	0.011281649828
-0.153047798986945	0.063841416408536
-1.17653886266456	0.756233100554212
-1.34674344570899	0.926264468234221
-0.2605830481581	0.0999512446031102
-0.391447418117715	0.15419134643928
-1.08805223321384	0.482924071472218
-0.958530966100497	0.412117150860932
-0.667347628338639	0.310591700975666
-0.618435017372534	0.229675726568853
-0.242622413069517	0.0769806307874468
-0.623423237809093	0.236821055679704
-1.08147998671592	0.360679861491602
1.93400096432528	0.789526308766741
-0.526470339622257	0.268220101165008
-1.28501684137984	0.471749653468482
-0.623043367043011	0.235489444745503
0.553797096475678	0.199555440872179
-0.79291451649689	0.313249976009065
-1.45584302237519	0.560922149886694
-0.629564779959807	0.232250953504542
-0.935811427249546	0.410337852814449
-1.46117270819368	0.574580522286654
-0.790297335511022	0.320631329724181
0.44100187887744	0.201966221658646
-0.254776929178647	0.0963834923788793
-2.49348075277667	0.760631300990853
-0.095335539902063	0.0215346615173759
-1.07912178722694	0.357132861316791
-0.0299963765457433	0.0110612936558573
-1.61943714365105	0.66675333885564
-1.76330653558045	0.794700766284415
-1.28886622712064	0.480829304316831
-1.89701671545577	0.903788745418966
-0.837840297745939	0.24818333713429
-2.05433974854713	0.576107769870825
0.0084216735632355	0.00254956236898003
-1.30172550974981	0.698503783138307
-0.806874292767327	0.323269283809796
1.71277646147975	0.80063934071007
0.306349450740404	0.121176298701061
-0.454459342203207	0.155249630941759
-0.796966531776917	0.325631646074432
-3.09183480000513	1.07302576822624
1.30149034674545	0.487598430887064
-0.933024221533112	0.389549517715982
-2.05021356478115	0.569031985318464
-3.32013518200022	1.21087626955713
-0.826886475386905	0.250046085549171
0.560320692791404	0.206741512170632
1.37876066568467	0.443326011148766
-0.0287507777952479	0.0107147758090003
-0.095335539902063	0.0215346615173759
0.87746030983968	0.335420623423298
1.38605416874139	0.451696726388903
0.541100401848291	0.127818857380943
0.0143217884608953	0.00371661229200184
0.866920466008549	0.331491107023402
0.318092425170427	0.0932620700170988
-3.09758000874198	1.09367827811836
0.295751275863449	0.120367588305018
-1.5112077685602	1.17503671911554
0.291798965427128	0.131270716990179
-1.17126047137185	0.740468091363292
-0.991813862490815	0.572578221007313
-2.01778396116085	1.01526137642254
-1.61711325174392	0.677635979110965
-1.61266155096032	0.669508312215293
-1.30939815175473	0.694939219911642
-1.5177956096427	0.871832769466607
-1.72116315938769	1.10437969108501
-0.240583170030325	0.0759160124673235
-0.604954911972968	0.33572064624833
1.06626820551433	0.629813744980899
-2.835854011812	0.903413592096073
-0.543714090756278	0.245239105614182
-1.46061957813435	0.577061024615412
-1.21134276831206	0.603931293633699
-1.63307884397196	0.697754172943155
-1.61525292386888	0.684271272958226
-2.01332411447213	1.02812325866382
-0.437873522663374	0.149149095257415
0.324956939010549	0.0923135161050064
0.0806215104839879	0.0271389088594079
-0.786450612239156	0.320186939791434
-0.405391538389722	0.193396904208399
0.429050737103272	0.203869085551203
-0.696886029250025	0.394808142533844
-0.453471035981687	0.1578610941041
-0.7930911121643	0.315432491096174
-1.07859867331795	0.358439828286282
-0.412328326107492	0.161986432075756
-3.84908693520423	1.59759474023872
-2.50013836544569	0.752963874303395
-1.37736686643192	0.369817212053887
-2.84027394665539	0.914172854697073
1.71792347951508	0.837185397100152
-2.44039974448111	1.49476495406372
-0.788605877934119	0.328191620139746
-1.88765553982616	0.895281848149954
1.02516501853613	0.540325584444139
-0.239835231419673	0.0743429357564094
-0.666930852682883	0.318391314189346
0.500873762671814	0.20520249158328
0.295022182971534	0.117991481392747
-1.61990979941793	0.687049913742447
-0.413999297565238	0.168512362981614
-0.517911135702038	0.138411916640514
-0.438102603240408	0.146251533050345
-0.521354276075847	0.140151065895862
-0.513944376026364	0.134820394971873
-3.9813616438264	1.69848548636428
-4.08872779183518	1.89173842013028
-0.519662324847855	0.139505494309868
-1.07239798793769	0.358269457626047
-0.623897045359651	0.23544042153972
-1.29655586947677	0.460540771165544
1.87110733943015	0.599602400649659
-0.101789050479357	0.022868379633766
0.860776186458668	0.323305598192771
1.06697324695409	0.634808757344211
0.0880027565529773	0.0302403794085734
-2.63196699649039	1.70987293352452
-0.960946881205745	0.661590846368261
-0.896706110001818	0.485972170845575
-0.399231278403942	0.185458657139491
-1.40885780035823	0.777782924288712
-0.787691219275995	0.404584667948043
-2.60854569365649	1.74122662464955
0.277213833410195	0.129159731940277
-1.45771850536436	0.551193229853489
-1.07584917555014	0.356945538003037
-0.126537012919176	0.0558206959753391
0.307342633839957	0.107439934225689
-3.82783443823981	1.53516389959264
0.71210895616919	0.311047045199533
-1.20329197058432	0.588344730030243
-0.997921225309071	0.555461449922055
-3.10447167066501	1.05661139143271
-3.09183480000513	1.07302576822624
-0.444036372579586	0.153411790765877
-0.463270546660279	0.156847842270181
-0.448879059203796	0.154944449391861
-3.32210621443406	1.20057228416852
-0.543918637416977	0.243716054805424
0.149189796600736	0.0634119806098348
-0.811910135327138	0.494901780774147
0.411944299899875	0.209608616487742
-1.20851393231936	0.582952873790112
-3.10186540327758	1.04102889151319
-0.633577981341384	0.24046272972226
-1.06825943289798	0.488278583216414
-3.82783443823981	1.53516389959264
0.329971039447924	0.096148941949692
1.87492520164159	0.596544505245442
0.970864971364143	0.433448601866312
-0.78324170903363	0.31752168112008
-1.20404126315	0.60327997665211
-0.800087268933934	0.324350283402923
-0.784354021178452	0.310689851889223
0.736674428358857	0.219845410207826
-0.411765041990477	0.168541578109635
0.151684110744239	0.0674567351468316
-0.0148042134413839	0.00582930296301181
-2.05021356478115	0.569031985318464
-1.62832866336978	0.696958855066713
0.083134995612766	0.0283066524566154
-1.06652598254773	0.502650747606043
-0.833063405948399	0.254155985426631
-0.455721344272577	0.155433568215753
-0.463963504334701	0.145555701757691
-1.28628610867284	0.470598272863016
2.35566011857872	1.12848179175216
0.302172581221871	0.107370979890393
-0.314125200629778	0.160527247989452
-1.43656397627561	1.02191616704148
-0.0977313738577326	0.0336428546630097
-0.109376501377809	0.0489684223117769
-1.42502044763941	0.783767567745326
-2.83249128745503	0.934154025578548
-0.927301794432821	0.406121814588355
-0.547310391874415	0.239668216397047
-0.523513114305865	0.137679209591898
0.711634102527683	0.300957533713018
-0.608148861032903	0.372544908751631
-0.792531312936611	0.327347522671821
-1.28369124992731	0.463666536386477
-0.931312530729826	0.413570224716546
-0.634569326954581	0.237559273026907
-2.82800405415571	0.916370270350291
-1.5193845311691	0.865859436218726
-1.46496086183775	0.589774817651462
-3.31219836079853	1.21229419336227
-0.62089670369598	0.228562977760283
-1.46148630165531	0.576250740418482
-0.113687654353066	0.0502112992764806
-0.643124304630575	0.341415668863591
-0.284969875360945	0.129703314490593
0.469358229544351	0.264293155786274
-0.103948938199882	0.0233524604803125
-0.617847523110752	0.223844997088774
-3.32100684598019	1.20134190913051
1.02572863078678	0.514254027380984
-1.27805932009521	0.464543188836519
0.395643709281831	0.205216150964267
-2.12223223831325	1.09345573000645
-0.834496273690232	0.250566139839872
-0.630471568095685	0.228264326679175
-0.826421666340134	0.249792102287426
-2.01662576973625	0.976947144308249
-0.527763558325227	0.263643484725524
-0.510448850609485	0.263040681586932
-0.254673450694649	0.0917003813261124
-0.62414748274349	0.228328471610809
-3.8354369420012	1.62503471722526
-3.50504390842947	1.32502571663792
-1.89183868644164	0.895679410741853
-0.425301834809727	0.174836492870856
-0.255829568258952	0.0962036548809724
-4.09437357565872	1.88932055844366
-1.29031071965297	0.471244509692648
-1.0885566476252	0.369289157276746
-1.48245850181304	0.572277514286801
-2.50448779490627	0.739201463947818
-0.787568439842869	0.321149222971719
-1.08193607918032	0.363184830319551
-0.953245782357646	0.414437137480438
0.699225473034796	0.307716195411737
0.796135771350708	0.404368637517405
0.293611283063886	0.118890930127119
-0.248517025878332	0.0759759985654882
-0.102805033373704	0.0355100992074531
-0.834152635363741	0.25296310080088
-3.3297814604609	1.20159573453125
-1.06581387697415	0.500615291973436
-3.81850249478477	1.60047097380669
-1.20621188083428	0.579781828799593
-0.832168409431155	0.248980114167423
-0.546089722488469	0.239665910300411
-2.11760844342703	1.0770872437014
0.304122949888655	0.107086798187406
-0.799712897696791	0.329621619894089
-0.796974201818451	0.325630099975428
-1.00215223573155	0.556100990260035
-0.825799730446553	0.248850296046326
-0.934440397606952	0.41009874954051
-0.623267243107903	0.235097818840234
-1.62208854557427	0.687770927901318
-0.106849345920711	0.0357298072176162
-1.08351437608145	0.362192856986952
-2.498964405108	0.767925687647617
-2.83249128745503	0.934154025578548
0.00727795056105435	0.00213502079322114
-1.62620730611787	0.698214490010259
-0.45166195169278	0.155188289957166
-1.76150361116991	0.795266266017858
-0.939463297364338	0.406579463926047
-0.52526767593918	0.137938892200619
-3.10114808039898	1.05727517208626
-1.07190469347691	0.488364044073737
-0.145999937628494	0.0591457452252913
-0.391549800135846	0.150740231866818
-2.0313214670237	1.01627096418964
0.844040319767271	0.45846526885731
0.306936562723294	0.110093542290928
-3.31902457203743	1.23889070538812
-0.517911135702038	0.138411916640514
2.70661769444647	0.984474181856912
0.308177783420709	0.109222461021131
-0.519047917270715	0.135752304649831
0.0175474715951843	0.00457046826837147
0.556058672479127	0.205920348876455
-0.455252502660757	0.154645004008499
-0.408713723167903	0.168150490922959
1.70903701612267	0.805752139404422
-0.837840297745939	0.24818333713429
-0.547727925304231	0.231688920220396
-3.52595733736116	1.29648223782012
-0.260514462960033	0.0965648650212708
-0.163954689503208	0.068065308918386
-0.404026963221823	0.165552027753811
-2.02396106306167	1.03321398593153
0.548974674116778	0.198121973140907
-0.0909756710375126	0.0315755933490062
-2.82800405415571	0.916370270350291
0.0144127031489886	0.00391569660959579
-3.81850249478477	1.60047097380669
-1.88556695416104	0.86236618295206
-0.0219212861913521	0.00815210084664286
-3.81986957771911	1.56199734516279
-0.100630873298134	0.0231392113137372
-4.31592946883751	2.06414467578016
0.796604715118323	0.410421490100627
-2.04783485499909	0.571093548500225
-1.0775029851148	0.361295530740018
-0.443693212546937	0.154384665933085
0.0843441486123432	0.0285811818778705
-0.62761431694469	0.338052274228913
0.00670126165408739	0.00289600560719273
-0.236696740212558	0.0737145165919981
-1.30506167048119	0.685477576300447
-0.554515010686662	0.238899146966057
-3.6787553260205	1.45189113308096
-1.2814962411484	0.472913125289254
-1.08043456838936	0.361340664763697
-1.17782991300757	0.576847908813404
1.69175216327073	0.7672639343979
0.756501638422335	0.45487264712809
-2.15800238829302	1.12337612716032
-1.75835339250682	0.765361353959228
-0.253746058266237	0.0749096520079684
-1.07390451092355	0.359387288546195
-3.51856852145392	1.34364082261708
-0.779194763218412	0.30747379692713
-0.0971282706410786	0.03416374916004
-0.261068043892924	0.0969368660305426
-0.777040174981359	0.30443917987033
0.302969209529315	0.107728925993264
-1.75719371170381	0.780206829048438
-0.735436110238541	0.401746729187144
-0.402446334833739	0.188366609884552
-0.425359483973612	0.199453563420398
-0.414126072623827	0.164349090457953
0.51362177266855	0.260831835969539
1.40779149544531	1.18437731170761
0.123020038522297	0.0469742257954563
-1.07902520016919	0.356627607659337
0.0979411367117738	0.0322598907759217
-1.77352782751618	0.786059077990759
-0.543799459053952	0.227511936985242
-4.1224372006712	1.69153167973276
-2.83816850847321	0.90339074521464
-1.28300540309424	0.46985272572152
-0.665033960909619	0.310308481782604
-1.46117270819368	0.574580522286654
0.0145157169832241	0.00374290541306739
-0.201064410890074	0.0937307114265906
-0.254979012774045	0.0980791382115734
-2.01904640345062	1.01282914251545
-1.45954265283905	0.57403561389523
-3.50504390842947	1.32502571663792
-0.183964651098499	0.0698584904772592
0.125793506696239	0.0489968868640772
-0.242622413069517	0.0769806307874468
-0.444036372579586	0.153411790765877
-0.668100424994871	0.300805017526744
-3.84568668909819	1.58580865762551
-0.831547258034552	0.253419977958223
-1.31017113205983	0.698498479731548
-1.4596316875172	0.579466965505686
-0.447839637485951	0.153715260046215
-0.439359006276446	0.149094115896008
-0.939137637620983	0.40393008667679
-0.833159166502476	0.254330875026579
-2.02868507511389	0.998670113421098
0.121765833332038	0.0470784186199919
-0.321018574377351	0.168123792824104
0.591761137766094	0.347338809350556
-2.13442057038639	1.12324058845422
0.233130970787538	0.118280312040315
0.695602232207161	0.476165183137027
1.02847296067055	0.550777427414865
0.324729623853496	0.0936277682101276
0.980036123402943	0.400861289083364
0.440065137747491	0.207445232085514
0.0250220146000581	0.00998351383353283
-0.27888098512046	0.11978231504298
0.558111232390697	0.204493417300908
-0.516215201709685	0.137775183819285
-0.903488385470762	0.484728433604864
-0.636349414192064	0.234902918947858
-3.31518843568061	1.19835002370899
-1.2795883046487	0.459586639042885
-3.09514860705818	1.03749547577687
-0.247997274039211	0.0917566589692965
-0.833159166502476	0.254330875026579
-0.53394534162895	0.134098468483585
-0.417223279707818	0.198720365021229
-0.793307347340022	0.32193325335293
-0.641836497661643	0.235893828812095
-1.29457243041114	0.659432559787784
0.150231136530679	0.072231863356048
-0.454910431555179	0.156034564038016
0.309911671289505	0.108427464973387
3.98532996307509	2.25969945946315
1.01806542916184	0.532525952383537
-1.76968750370504	0.808308877688104
-1.61762799786025	0.679416308852116
-1.27882386728085	0.463370374340706
-3.51564280032336	1.37231939594184
-0.520802749971932	0.137595352476473
-0.937227115175414	0.412228742777122
-2.49779134618292	0.753762077506182
-0.803843910701417	0.324980435724606
-0.406790601162895	0.168608381910727
-0.297714977074409	0.127673514607067
-0.26956258912835	0.0993585500312189
0.744561566795475	0.232791161107715
-3.11391921524906	1.00462535356116
0.00349019507817179	0.00116942549552859
-0.234458028369952	0.0732314184953936
-0.7976402710512	0.326863235505141
-0.444595582196725	0.151495565770649
-1.32748076255886	0.689746888044715
-0.255852984890813	0.0953173460438403
-0.933539694821433	0.402067917877763
0.852847115214409	0.478835586806712
-0.93909255136472	0.417790193012004
-3.68176333633466	1.48750125621771
1.87680508733918	0.595685726697882
-0.635902646172145	0.234628954959488
0.966614034921962	0.446627762003013
-1.63682953612087	0.976805492788638
-0.255891564509337	0.0971289116277754
-0.628838118507978	0.241580521936116
0.969353623646441	0.441558533787799
-0.525823473591188	0.142192228149134
-0.0810054240525374	0.0277993795514352
-1.2844385705487	0.460762202132447
0.291972435835321	0.100541616890006
-1.62175695343725	0.687530838444021
-0.0489530463802496	0.025276407891378
-0.404394913271378	0.170388006891083
-0.519047917270715	0.135752304649831
0.866275040003996	0.482037273201886
-0.034445189260465	0.0127581142681606
-0.628333474800111	0.237393467121109
0.130867647367522	0.0519715722806752
-0.250511216637007	0.0960707667918606
-1.39992834942034	0.761934186859596
-1.89383462037389	0.900231495435002
-1.61766702295098	0.67411198791177
0.0015547750555573	0.000720021214793046
-0.628184219891277	0.231610741095655
-1.5295999281207	0.902339696311489
-3.32291224913404	1.22391735684743
-2.11963250443962	1.10740121135696
-0.108564064286138	0.0374850097923917
-0.405710968044365	0.167366034992526
0.542280131446209	0.128299417175899
-2.83364520651914	0.914175126504655
-0.9421147106966	0.41337288517068
-1.62227741536606	0.680334369033438
-1.46068699236648	0.563608746368949
-1.28501684137984	0.471749653468482
-0.239499210469969	0.0736752339423243
-1.0720853129131	0.766974789168307
-0.613326488803832	0.335790666425849
0.604251148369272	0.288491914089051
0.255329167228331	0.126576809299637
1.07065763899836	0.681112741932355
-0.679171781556088	0.32178741706123
-0.946677936956869	0.40355006015615
-0.785241572022036	0.31523251143686
-0.409628231021646	0.216250384370963
-1.45360323354618	0.567880172583835
-2.82685472330953	0.922711444031235
-3.85272553455265	1.51438766898903
-1.61615783093139	0.681500593514244
-0.163205283149742	0.0691240904211787
-1.631776115156	0.678398223964901
-0.829590086194977	0.249784329587004
-0.77294435109989	0.38272678807287
0.861022782410685	0.473451290849
1.27489599579305	0.811856202617472
-1.61743046392399	0.67058082027604
-0.842809859873287	0.247804433748461
-0.623314590878046	0.230885797131292
-0.835585081561538	0.246540125529941
-0.446220639079719	0.149093649220392
-0.459499522807888	0.15827624095221
-0.292582113601064	0.131745160928623
0.118935362252069	0.0448294875578312
0.852602860947255	0.480202387327736
-1.19063123873065	0.593045063575474
-0.519233924991358	0.264872113056285
-1.29031071965297	0.471244509692648
-3.50583984875533	1.29432061290483
-3.52087122282309	1.31798114655133
-3.32001561112394	1.2286468506821
-3.32100684598019	1.20134190913051
-0.237104756210844	0.0734627705647419
-0.243226626454687	0.0743575881362681
0.0867326706898943	0.0284910776675993
-0.798708925130783	0.321428539168428
-0.524823528051577	0.136435723217665
-0.256790670631106	0.0969178925859369
-1.47100361499343	0.567188705014738
-3.10642454683461	1.0410005723588
1.38427123595822	0.453531705710845
-0.835544826459878	0.252839292643732
-2.49348075277667	0.760631300990853
-0.62620567484056	0.235102600209879
-1.08402053888593	0.511648148294001
-2.00305124503563	0.984820893691725
-3.31419133549641	1.21069698468705
-0.45593130572327	0.159098673126773
-0.23650308986099	0.0742636478244499
-1.6158330740944	0.687200844863277
-1.63122783285569	0.692084581296506
0.962391461310097	0.436186941674645
-1.89674319979936	0.883489349025859
-2.8291542449386	0.893923832929712
-3.10336310613868	1.07624884357692
-1.48268511973935	0.533367430300632
0.751599032641694	0.226662610300221
-1.37855256949683	0.369087290450251
-1.08425366242167	0.369278140646016
-1.07945716189932	0.363853566224814
-1.61915582127874	0.672916817289055
-1.47476326741356	0.579327434695538
-1.61733521081788	0.685911357845271
-0.544217840969304	0.243849780936206
0.149597096231596	0.0636880500067198
0.277872583627965	0.137144457415723
-0.023959439686785	0.00891451138252315
-2.82685472330953	0.922711444031235
-0.110926956347918	0.0361117116692106
-0.458464353123078	0.158103272835044
-0.414425707205267	0.168988793082153
-1.88781571134293	0.901518113432637
-0.622988829227548	0.224175681607856
-1.09741161747082	0.64801035978005
-0.0939517433662323	0.0436973560044123
-0.408874223614278	0.215799154361501
1.69432142062063	1.6133815033503
-1.76221372574836	0.792930037971209
-1.28962986610511	0.477635949130163
-1.51671020438515	0.856436338458299
-2.00683935702447	1.00605020646973
-3.09868623597984	1.08730133775312
-1.77999354790468	0.785165895990348
-1.08468828603038	0.364000574994916
-0.634569326954581	0.237559273026907
-1.29050884267279	0.453868410338061
-0.0989972266359872	0.0324024899858313
-0.633129072532505	0.235698093693742
1.9295547672234	0.769435364746732
-1.46113979194988	0.562924130647427
0.317050779303299	0.0934221837279994
-0.463697184414172	0.155713670387756
-0.634431211779711	0.236064234425243
-1.47038522834037	0.584206087761708
-1.77691636804555	0.770157400925016
-0.941410734020275	0.393141635060023
-0.0989824574858418	0.0222456966330467
-0.244148522572292	0.0741203558513873
-0.930954858448265	0.410636856651602
-1.2842721298882	0.46420483180485
-1.61400490878903	1.00248624499359
-1.2844385705487	0.460762202132447
-1.37855256949683	0.369087290450251
-1.08147998671592	0.360679861491602
-1.08825670158944	0.356015443183214
-3.32389604813218	1.22913311718987
0.00891378266306723	0.00241722255067928
-1.4571734857899	0.562367487751103
0.882820112575788	0.324571578461956
-0.837840297745939	0.24818333713429
-0.00360207910392968	0.000289020449298929
0.0114202123721441	0.00307192001957707
-0.836634894627274	0.257543939751531
-0.269132073495088	0.0990485296595833
-3.51426902866386	1.36923995903935
-1.08141218675319	0.354337401935134
-0.528755112302826	0.136160278442436
-0.930891112253468	0.407503478132811
-0.529185838361098	0.134591918202236
-0.946993324648358	0.410661125511702
-0.828597086324465	0.243898539550448
-0.623502558747576	0.227529074957746
-0.842416267004409	0.251298774042738
-3.83807769141209	1.63288479578917
-0.931463331645391	0.404300855955128
-1.88765553982616	0.895281848149954
-1.63542451099155	0.665744414916586
0.550685106414178	0.205185616059447
-0.792557901706233	0.328085474256847
-2.04902373026814	0.584535062964325
-0.238737053888655	0.0747430206022402
-0.622328964810778	0.23417735226982
-2.82570625121832	0.918479199567565
0.803950289077631	0.403693806225359
0.0819113981842857	0.0279790750871798
-3.09404330590539	1.06245153955413
1.60745642910807	0.87395643223277
-1.28207481227429	0.473471454058406
-3.09979316343933	1.06354521701068
-0.792583776822167	0.327353074593634
-1.39682372738535	0.728038122528884
-3.09758000874198	1.09367827811836
-2.83249128745503	0.934154025578548
-1.7632631464461	0.798138105161198
-0.800809723999635	0.329469093270273
-1.47476326741356	0.579327434695538
-1.281024788334	0.460882451016039
-1.85890824201206	1.30579899306573
-2.61118568357398	1.71242489545629
-0.922103567314828	0.391931509257031
-1.41380236347465	0.777440233144571
-0.260277073552715	0.096854578085175
-1.05607505349905	0.471177499434702
-1.19103107835325	0.581791365540876
-1.89586839130373	0.853456191440667
-1.41788817135326	0.98998288308637
-1.43131690571641	0.76558014948917
-1.76221372574836	0.792930037971209
-0.164463702833998	0.0671761937557845
-1.62118389069422	0.697505577276637
-1.08043456838936	0.361340664763697
-0.410487434215982	0.166960526225399
-0.417333121416573	0.173948940707376
-0.274245800911391	0.14167716524171
-1.85796601486614	1.27410101336944
-3.10433890137635	1.08509397093051
-1.61762799786025	0.679416308852116
-0.804760998082895	0.407066899168822
-0.631126232046184	0.234099810194076
-1.75208989324658	0.769232717535251
0.712723557163528	0.30374469736539
-0.522190909373952	0.136407044608739
-1.62201751889261	0.685835550337397
-1.0773233749912	0.513339867582969
-1.51671858069036	0.865701385566066
-2.03768906180803	1.52309829318346
-1.61173027348558	0.673267037744111
-2.14574049260123	1.12063286169029
-1.2633777428925	1.1211411139857
-1.68747252547362	1.07571828115393
-0.546900980183119	0.239518325287337
-0.993667137276476	0.561588516605019
-2.1427429404775	1.11896842177234
-1.72516370404899	1.45449504336424
-2.12965135979097	1.07179934094257
-0.79193668767505	0.323740455554184
-1.20170321722626	0.583538230813312
-4.50629861919032	2.30820085918987
-2.01739208216835	1.01072375435515
-2.25940558316098	1.23373602916805
-1.30281077803593	0.684792148500501
-2.43489251513431	1.49948445570431
-2.01584035999532	1.02017794385861
-1.46061957813435	0.577061024615412
-3.6708084484862	1.46290246266027
-0.428366279699135	0.177227717248098
-2.02283992497541	1.01399021899475
0.31916177580145	0.0934913649873131
-0.177548193082004	0.0699640119658036
-0.798052495670853	0.323757690273308
-0.62793356383172	0.235271478886622
-1.89922525141522	0.913353352311963
-3.3258641954105	1.19859969202884
-1.77177359174173	0.78329800959888
-2.44120966255436	1.47278640681073
-1.06914858683857	0.477853477185609
-1.25566023476835	0.958423483741737
-1.49719247268627	1.12831035906837
-2.25064144503798	1.21172286051838
-4.32692247598404	2.13557158172036
0.316298484439334	0.09145581819607
0.545286400011961	0.127906532067442
-0.837725680837318	0.257618742248887
-0.796974201818451	0.325630099975428
-0.153234884964148	0.0614017429845311
-2.0068921435449	0.98802261668936
-1.27948978848226	0.465867855603237
-0.656744722690043	0.302306225030955
-1.90323147742663	0.897231824732049
-3.09404330590539	1.06245153955413
-1.76228963621753	0.769461517890193
-1.45522846411172	0.560246065559747
-1.42079729104271	1.01640943133476
-2.00178255645968	0.974523893755337
-2.68545824226418	1.86492873505274
-0.78197195380695	0.308051966450716
-1.47425200521584	0.581510791687367
-2.82570625121832	0.918479199567565
-3.09514860705818	1.03749547577687
-3.5134917290528	1.36974037157449
0.431456398833583	0.200212602628105
-0.0980432779574371	0.0335687848200213
-3.32001561112394	1.2286468506821
-0.795734163510306	0.329679680447072
-1.28645061480087	0.462589721944726
-0.268125056828714	0.103062015225684
0.542377859137839	0.126587100412967
-1.75696656280513	0.793089517764612
-0.237648439544201	0.0734586611499596
-0.628952320356525	0.234888797264658
-2.82800405415571	0.916370270350291
-0.519047917270715	0.135752304649831
-1.07433753222606	0.355844441385825
0.298717201542599	0.1207552437754
-0.5376821757426	0.225760774670874
-3.51856852145392	1.34364082261708
-1.77566072489353	0.794937533123591
0.745719693963199	0.22840082916161
-3.83439116809398	1.55840208886517
0.304575245523583	0.121240207008982
-0.305724423943566	0.133864973756337
-2.12522197773844	1.14043870682059
-1.43769007424142	0.77245752367515
-1.26914489099035	0.854356992575047
-1.77178553033158	1.19687859920151
-0.256093611664021	0.09638656108963
0.32894420016729	0.0965259148221703
-3.31518843568061	1.19835002370899
-0.827973934228269	0.248897601435703
-1.76943769785476	0.790112852733229
0.870364730008976	0.335477467606884
-2.83364520651914	0.914175126504655
-0.92552895361607	0.40255657750898
0.698462454169174	0.289872365568296
-0.28889172362666	0.132150956788841
-1.61144525710837	0.667911252717994
-3.81918727481022	1.59423504555658
-1.45795860343198	0.578739232377799
-1.62418771607978	0.661327377841106
-1.88706003428689	0.890655136850939
-0.985825132164486	0.550078520278867
-0.798585769651002	0.410613198513439
-3.8245696517211	1.63380713958109
-1.88474953917863	1.22521647632604
-0.779072910212407	0.388291279417804
-0.931830976114029	0.414474744186308
-0.832884030316045	0.249681598941155
-0.783648320414102	0.318565701867546
-3.32698574109241	1.2280591673737
-1.77565004391616	0.775934178520552
0.0128775487639714	0.00353990912076751
-3.31803372889694	1.2396293722172
-0.448178786999639	0.15594907638673
-0.095335539902063	0.0215346615173759
-0.442354235496594	0.152605591796983
-1.28962986610511	0.477635949130163
-3.5201037926835	1.34294434319126
-2.05021356478115	0.569031985318464
-3.9756474725053	1.7159696055981
-1.07215225447034	0.502728084217787
0.0949747143417951	0.0314746818435673
-1.07381227391188	0.355463167451648
-1.61547677919067	0.68335736830004
-3.32291224913404	1.22391735684743
-1.46940142323248	0.577918531828735
-2.8291542449386	0.893923832929712
-0.267403248255819	0.100538975858261
-3.68700719441244	1.47673450956062
-3.53544425601885	1.28203845177999
-0.0995973058669546	0.0224260918786388
-0.640849088511884	0.234003420753034
-3.51504620529804	1.35878374498678
-0.0279168980180882	0.0105419671981353
0.290778134487561	0.100349695846058
-1.91467672344239	0.866240945631091
-0.454722770731292	0.157047340723483
-2.01472290528005	0.998834454496874
0.55083612409948	0.201467886341567
-3.09854591945789	1.06489183316454
-4.41973486344408	2.28467797564669
-0.633473897914986	0.232292631233138
0.748624486900186	0.452184787224692
1.38051172707338	0.444942223043784
-0.101789050479357	0.022868379633766
1.30642506155241	0.482630911322824
-1.28035263172813	0.450704752422279
-1.45608214826289	0.570053697959349
-3.84832391699346	1.52548602563909
-1.19970999638372	0.527283506678239
-1.45576933506402	0.549152736578666
-0.0933774025482124	0.0307744604261356
-1.75103455517629	1.4132298287743
-1.11152055398975	0.63317276545661
-0.304017119084272	0.151462252861209
-0.49545313171829	0.281240510932166
-0.216266641120646	0.10370025592625
-0.88370472844677	0.44594176804083
-0.823823315228544	0.505852011587068
-2.01980816870663	1.02062953097936
0.296368945931855	0.0988624976547732
-0.302526426640213	0.147092434596311
-0.414533834890523	0.172442293195497
-0.787975218116747	0.315833057335789
-3.09758000874198	1.09367827811836
-1.28835776401867	0.461594430380261
-1.33470841914771	0.662420056356009
-3.50923973767825	1.37307967191977
-0.4455554059269	0.150890592075422
-1.62556761166124	0.682057712157096
-0.837725680837318	0.257618742248887
-2.4946503122275	0.759347999169937
-2.14225787852405	1.11829487112553
0.0731638257737098	0.0243595752564604
-2.83133823353176	0.934971127868472
-0.933347198092619	0.39441264772416
-0.517911135702038	0.138411916640514
-0.163975118077543	0.067122863215098
-1.47071123076661	0.56323811775733
-1.08441322616615	0.349532384666712
-1.90542718621105	0.899585839614121
-1.7603609283515	0.768364922727887
-3.97881974016224	1.76073007227622
0.12550403453804	0.0473752216032166
-0.807209280958368	0.322238678834488
-0.782067242417272	0.389607658373266
-1.40566576434744	0.770811177167695
-3.5134917290528	1.36974037157449
-0.78145634932143	0.314711153700686
0.123446959546933	0.0483600027824033
-0.00323253803772744	0.00168617746969407
-3.98452778846722	1.73838433894899
-1.07381227391188	0.355463167451648
-0.933731514365621	0.405945738115588
-0.890317438679736	0.662373814975245
0.101990228359528	0.0336590195883447
0.961046037567207	0.437921233800787
1.7183030101406	0.8220825010122
-0.0945032483602891	0.0218370726435746
-2.00952144657247	1.01402527992091
-0.100630873298134	0.0231392113137372
-0.617480203657334	0.226584057272386
-0.29013316211841	0.127445953943184
0.299087284341313	0.10316236871788
-2.50982806931696	1.56566664637755
-0.144428542454276	0.0594674397064809
-0.883488524688461	0.464861631312885
-0.505583585753383	0.259857403309021
-0.244707933166516	0.0750693928318381
-0.397923865620378	0.18417768407898
-0.946454608574191	0.403294272657585
-1.21256566550255	0.61071498914682
-1.0726189156642	0.5095395321135
-1.08614909636195	0.640625064882928
-0.803096468998549	0.323840661974424
-0.836014147880182	0.252678075995422
-3.68121360049036	1.50160480915984
-0.392773485711629	0.160345875599503
-0.78646343242416	0.319488556356472
-2.04902373026814	0.584535062964325
-0.424124513005277	0.173356502013286
-2.4946503122275	0.759347999169937
-0.94964721063127	0.416670583917788
-0.79072099604232	0.319005283602338
-0.942351652826574	0.401388429664485
-1.76941996191172	0.798517026810057
-0.234474684507588	0.0707644862350408
-2.49348075277667	0.760631300990853
-4.10846735351976	1.88153811258035
-0.229069304699041	0.0711714015119185
-0.519260285802177	0.139357225000014
-3.09404330590539	1.06245153955413
-2.49582076805792	0.739355067527278
-3.69505021630467	1.44940468488895
0.71399841223938	0.309565319370162
-1.89725523413101	0.918429440872901
-1.18345372176961	0.57041231038453
-0.928679663578912	0.398490866630996
-2.8291542449386	0.893923832929712
-0.876138262003859	0.572545530445517
-1.62950940784196	0.667961102512346
0.308802131329017	0.0897825254077325
-0.528357476837837	0.138974057943311
0.325117911102895	0.0916937982959865
-1.4744659176266	0.570401002176852
-1.07347368821047	0.500957943039111
-1.1925729624892	0.58589497022885
-3.32880462830973	1.20190562208253
1.72094631236716	0.835589840004041
-0.555297238978846	0.237832624678537
-1.76431009999098	0.793187648967718
-0.939316347152835	0.40600047146804
-2.21444588724267	1.88587412012688
-0.444945467433728	0.296601755680149
-1.69822575116543	1.10136334141503
-1.07340401106751	0.638115666553952
-1.40998682609076	0.704760467492461
-1.18665436921531	0.593451422824639
-0.149411408904612	0.0809418961767862
-1.2814962411484	0.472913125289254
0.0839084781290804	0.0278892377897464
-2.43897047276469	1.48995660209853
-2.24478295249877	1.21621458104261
-0.234458028369952	0.0732314184953936
-0.517911135702038	0.138411916640514
1.02847035489446	0.546517858372686
-0.424789876470564	0.200367230709115
-0.413705858328766	0.172568065864404
-0.0859751677516893	0.030298707283261
-1.0654365322489	0.507171685409573
-0.25572691735214	0.0969211084358999
-2.00073613994065	0.960670456356165
-0.0974411559193684	0.0219556283179796
-4.08324078344821	1.88864618543069
-4.09108996282752	1.87838998303736
-1.76228963621753	0.769461517890193
-2.15164384112639	1.12374933923179
-0.407438705235193	0.168110848479858
-1.40679307575278	0.778111721626719
0.0831328753901939	0.0264793653788189
0.284688624788411	0.111333801784006
-1.46460653917915	0.576564017211295
-2.22351796731781	1.22886602552755
0.911844243650398	0.551752243057283
0.529857411111507	0.325913186750708
-1.30743167958768	0.692230621960764
-0.231281040957701	0.0720387889490784
-0.932994095426061	0.395526476176878
0.802303530545268	0.395749091334669
-2.3287360696214	1.35653208424348
-0.444371002135405	0.147045174471483
1.38605416874139	0.451696726388903
-1.46442092379468	0.588269800741158
0.443645723589194	0.27129786709066
-1.11131004561771	0.621975528580427
0.12920006947648	0.0502129574349877
-1.29435798572725	0.480339703041541
-0.78454469935414	0.315232088317778
-1.8887227576167	0.878854728941488
-1.53809035679458	0.894388899361271
-3.33685693555483	1.19224253998413
-1.28686787327505	0.471151862954024
-0.0927946550541012	0.0320884737272239
-0.787459642523644	0.326439375284111
-2.24203410558713	1.2475248181652
-1.2709284293143	0.840459091857989
-0.0808627854251728	0.0379453174617065
0.136694131521501	0.0643987645618181
-1.52319579523092	0.875699155902665
-1.06053998940573	0.494980924567283
-0.991066603117507	0.569860556207813
-1.75823393246066	0.79030729809719
-1.4620176001365	0.565058381921733
-1.30171292853917	0.669824284612204
-1.29843809661392	0.476015367236875
-1.37736686643192	0.369817212053887
-0.238955252029968	0.0733266434292356
-3.81986957771911	1.56199734516279
-3.10696373587064	1.03536570265388
-3.82998607722972	1.63731811389112
-1.62360939608361	0.681099849112713
-3.50424787188215	1.33990468054318
-3.3297814604609	1.20159573453125
-3.31419133549641	1.21069698468705
-1.07719625785892	0.365069612392098
-1.88960753117404	0.870742478445892
-1.08630885829326	0.350050118635201
-4.40807240916417	2.28074457873081
-0.442232251658776	0.15202597443553
0.305086736050013	0.110103147221894
1.62127383628969	0.887866409911165
-3.96512216921394	1.75374103711308
-4.09404447466338	1.85506752105677
-1.77601205335194	0.772696198281433
-3.70133319806563	1.31999627664485
-1.34813045559184	0.934623636647989
-1.19207652804063	0.593123164976683
-0.079793454480821	0.0274539022440937
-2.12738153866482	1.13172650673914
-0.789646907006563	0.403673795897654
-1.31040944447742	0.670895897911777
-3.6787553260205	1.45189113308096
-0.83067879407783	0.244996107213328
-1.07570589833403	0.363045486224643
0.324956939010549	0.0923135161050064
-0.534051798836524	0.237748507250143
0.550685106414178	0.205185616059447
-0.0925799806163358	0.0296181818218297
-1.28686787327505	0.471151862954024
0.0114202123721441	0.00307192001957707
-3.69423379512902	1.34733569534334
-1.44361942781859	0.737355584102416
-1.06597350039091	0.499852559372261
-3.32309201071688	1.1748141858821
-0.523874505862576	0.135964042671109
-0.248518429176241	0.0747061454787088
1.30180277895894	0.517747030050603
-1.79327869723192	1.25097136297431
-0.575326758764278	0.34380122900924
-0.559064692001159	0.253531479236469
-1.62556761166124	0.682057712157096
-0.628337297748512	0.233882154870613
-1.46826705863806	0.570175138551536
-1.29934700770979	0.653187639058571
-0.419496079815771	0.172213426850252
-3.31518843568061	1.19835002370899
-3.97567982309295	1.70800983580491
-0.100378142526833	0.0342901198178208
-3.09293870382283	1.07206408964027
-1.76840707552992	0.792660126904099
0.49766152314763	0.207468403904545
-1.61615783093139	0.681500593514244
-2.01264751351182	1.02194374152386
-0.887840925371021	0.46912505565475
-1.07815892867015	0.363555579143483
-2.32220830822637	1.3397255671351
-1.07815892867015	0.363555579143483
-2.05021356478115	0.569031985318464
0.0844888751135818	0.0276924135025255
-0.777040174981359	0.30443917987033
-1.28904102514027	0.470679738640395
-0.659918200604846	0.304015441144722
-2.05650312187694	0.572642061324397
-2.8291542449386	0.893923832929712
-1.07145566732386	0.512390143397834
-0.930775007337711	0.406621663940098
-3.84147447091931	1.58987421773746
0.289705428294815	0.127450331270888
-2.002115916981	0.982911433369605
-0.897093955060602	0.479946942417119
-1.19077467917055	0.731345101739955
0.73875223205486	0.226649424561653
0.00985112133250351	0.00270490566336264
-0.438004265768244	0.148097615757373
-1.47917396309221	0.570476165457648
-4.21346593170875	1.92856658896241
0.323705695530232	0.095444827266487
-1.37855256949683	0.369087290450251
-1.28282972300952	0.473490748576721
-1.08522412925042	0.362643044085522
-0.92552895361607	0.40255657750898
-3.32001561112394	1.2286468506821
-1.29031071965297	0.471244509692648
-2.83018604355835	0.915523433166795
-0.443503145206976	0.153630551945751
-3.12074103700771	2.50368487137298
-0.54707305515507	0.454331597175804
-1.41803554682554	1.01716366034456
-0.800919169386019	0.408456654888603
-2.15485301160191	0.969032854540593
-1.20152409082042	0.881810826382244
-2.329260401918	2.00748356149056
-0.426369784817547	0.163121977213745
-2.01310411121707	1.55570312581117
-1.42425798889526	0.780363350239829
-1.24502874592165	0.755743865995085
0.0835336339805847	0.0284482232371102
-4.82402509514468	2.92917784628263
-2.12836985587249	1.12542952226795
-0.912127606239351	0.547517628701905
-3.95946047504474	1.75683331424598
-1.09660824038518	0.640669785494286
-1.07691325429565	0.447117521914153
-0.410210572786002	0.167330720725409
-2.50013836544569	0.752963874303395
-1.28962986610511	0.477635949130163
-2.2674855443385	1.18511599058055
-0.937102097179862	0.417366704175018
-0.235783878210007	0.0711276716647602
-1.3001616065329	0.692490435146967
-1.89332903248143	0.904152519565053
-2.74164896658976	1.88379257382837
-1.52643191047067	1.15592764574632
-2.980210648009	2.37539884374589
-0.896097962179867	0.469087171932811
-0.527547613430248	0.230984050656964
-1.18608391073058	0.580104953365407
-1.00353542631201	0.615206463422658
-0.486969039853022	0.270533553461466
-0.542708318808991	0.237853979129055
-1.2795883046487	0.459586639042885
-3.67430036803184	1.50154561405815
0.516235749556717	0.268932674314515
-1.07697872045661	0.487483724011586
-0.830458254376926	0.253340793357874
-1.63220358330882	0.681812031246998
-0.517911135702038	0.138411916640514
-0.797453194631843	0.413948350939834
-0.778107567391049	0.399064944192527
-1.76361054992533	0.795516968860381
-4.84127523563096	2.98610071501427
-0.916381909818991	0.501382245610785
0.146265624107459	0.0635365237651014
-1.06024252615019	0.49155592673266
-2.23002780846137	1.23794534028746
-0.873580871399108	0.557922154798348
-3.15351801700859	2.6406799078198
-1.00086732403633	0.794691896757306
-1.17949442427987	0.757932105840295
-0.493771192001955	0.248762588642379
-0.543371611287505	0.242859703809782
0.388667784333414	0.20302955216593
-0.632814605777393	0.241319323390882
-2.3341379846359	1.33475977276378
0.0105228153806523	0.00430219086507213
-4.20870622075555	1.933684311967
-1.07177827904495	0.496199815741467
-0.837840297745939	0.24818333713429
-1.47038522834037	0.584206087761708
-3.33685693555483	1.19224253998413
-0.402379734380868	0.163963718899666
-0.633074591502359	0.240018360820871
-2.23609015154227	1.26356265742447
-0.418335141495435	0.165367950410216
-1.88083168762661	0.870180319483716
-1.46388871001429	0.574859239236688
-1.08436899766257	0.35831168119697
-0.926975461335032	0.407389843574411
-0.252577855641776	0.0776603213326079
0.0156230644713918	0.00401920121428535
0.303115951695961	0.107416386507649
-0.253283625198849	0.0776701131372032
-0.559488686995038	0.243009259498546
-0.644963629852008	0.242285014666757
-0.527215050774644	0.140893224801063
0.87093453084744	0.326797302657577
-1.05383211861781	0.481821452370026
-1.51599705299113	0.900750653743223
-0.113642684881647	0.0386181916067036
-2.8291542449386	0.893923832929712
-1.46442092379468	0.588269800741158
-1.90734072657338	0.866364634808882
-1.08425366242167	0.369278140646016
-0.458980548836544	0.157692724517244
0.435198283770351	0.196520059356805
0.797341852296712	0.401844953243353
0.0143217884608953	0.00371661229200184
-0.827509018985055	0.248646107200568
0.326044131549766	0.0939437624922731
-4.10223776954551	1.86875618485569
-1.08951402937366	0.369398243880082
-1.70888817043626	1.47898683967212
-3.5105880644975	1.34597780163031
-2.01264715821162	1.00858580424431
-0.549718204688012	0.234702052829879
-1.4655003597977	0.588266476209701
0.103751400200764	0.0345868780860066
-1.46826705863806	0.570175138551536
-0.738699629848269	0.48182537107655
1.24028294783841	1.06774503134725
-1.28195418760682	0.862126017863915
-1.09092571278087	0.356986564234546
-2.43921926565409	1.39053238843783
-0.793307347340022	0.32193325335293
-1.76533705784264	0.798402831559342
-3.68647118353199	1.48748332659894
-1.46940142323248	0.577918531828735
0.00866705764748314	0.00250892523770994
-1.28433917302664	0.461686846187326
-3.83060390306879	1.61163531430718
-1.28501684137984	0.471749653468482
-1.76217471183966	0.796352087631961
-1.28962986610511	0.477635949130163
-4.07785833770613	1.84852594760428
-2.49348075277667	0.760631300990853
-1.2795883046487	0.459586639042885
-0.0933464908639628	0.0212702965815671
-0.449408352190264	0.1541722756129
-1.40846765377633	0.789301108954876
-0.807213102585199	0.322243550861496
-0.519047917270715	0.135752304649831
-1.28025734148033	0.464687579341
-0.0941779390158178	0.0217731946290539
-0.456606685854453	0.151261944019447
-1.77458543601492	0.793203882185253
-1.46117270819368	0.574580522286654
-1.0728426414874	0.357886269207487
-1.07343600971178	0.5004333326296
-3.32389604813218	1.22913311718987
-0.105110575947249	0.0235349560977657
-3.70490958673347	1.37453857516316
-0.503316814477458	0.255425272430758
-3.32210621443406	1.20057228416852
-0.672013400507399	0.314614298933758
-0.237275358357156	0.0740297101533226
-1.46549912656781	0.575932942383045
-2.05314601736911	0.57654870638546
-0.252542499838731	0.078491207224713
0.426993579493807	0.200307867548992
-0.438004265768244	0.148097615757373
-1.6220392506428	0.68791114186697
-1.37855256949683	0.369087290450251
-0.237974788674939	0.0750087781254484
-1.47461927956948	0.543460532988446
-3.5134917290528	1.36974037157449
-0.827973934228269	0.248897601435703
0.707346921234346	0.385582380837073
-2.84156305415565	0.877722703099681
-0.00153740824949958	0.000215193543251446
-1.3018172441322	0.68948397114855
-0.267136072395769	0.145513434511125
0.264515978285653	0.119501350275019
0.0364833691916574	0.0181884653647093
-1.12426945782751	0.587653501862049
-4.3062556717937	2.10944950986369
-0.994345696951295	0.533479207479068
-2.02642099558689	0.940848799339547
-0.258361038223128	0.0964297389496868
-0.782499592407879	0.320227678643957
-3.33075846267934	1.18185789797909
-4.49811011819324	2.31966125434334
-2.50544223207936	0.750736650496268
-0.804605197690895	0.40356615019852
-1.06980448465022	0.498764891490382
-0.834670737656865	0.249889401637271
0.287946027945817	0.112727405056718
-1.60988459797453	0.670792612470687
-0.230736242153773	0.0685542308304705
-1.29435798572725	0.480339703041541
-0.265071921393143	0.101139338454176
-1.28035263172813	0.450704752422279
-1.28358451008746	0.470403258949645
0.324797204236395	0.09588222613702
-1.07955571609739	0.357013396475091
-1.45901508686364	0.578745519428271
0.883773856754879	0.332422546060242
-2.4946503122275	0.759347999169937
-0.662183235989858	0.319442029290011
-0.0980558618908028	0.0337335589400348
-0.83918257049564	0.250905796711351
-3.83172992721083	1.62997015426509
-0.235043551892684	0.0719927906206638
-0.453893423907307	0.15867311168819
-1.28962986610511	0.477635949130163
0.547153124490705	0.128061292620407
-0.52567506533391	0.13808514237228
-0.408477773689215	0.159025770414342
1.87110733943015	0.599602400649659
-1.89239090900084	0.873050174273557
-0.246539768207762	0.0773565978250945
-0.829590086194977	0.249784329587004
0.558847458170007	0.209558363468952
0.440165890079358	0.211451237352626
-3.31902457203743	1.23889070538812
-1.09023009101224	0.357644090237506
-1.28433917302664	0.461686846187326
-1.75208989324658	0.769232717535251
-1.08051495784232	0.657562703190581
-1.58972290828874	1.25523495371833
-1.83696723338845	1.6491752008051
-0.243832944631799	0.118290029149965
-0.667846297926076	0.323191908292642
-0.169647778969085	0.0861186204577264
-0.62414748274349	0.228328471610809
0.0981103371217987	0.0333511742721877
-0.536955037117553	0.23429902112527
-1.28686787327505	0.471151862954024
-0.546788772529112	0.241098003933604
-3.6708084484862	1.46290246266027
-0.450784420823564	0.15191818314732
-1.0728426414874	0.357886269207487
-2.05433974854713	0.576107769870825
-3.31803372889694	1.2396293722172
-1.46891141044784	0.575655903962986
-0.826886475386905	0.250046085549171
-1.07584917555014	0.356945538003037
-0.832636786270048	0.249232691777988
-0.0846169404564521	0.0289603793445122
1.93609910556804	0.785706386427873
-0.833063405948399	0.254155985426631
-0.523135590479346	0.13582242225782
-1.37736686643192	0.369817212053887
0.545286400011961	0.127906532067442
-0.93738975098528	0.406145043141869
0.318143538060255	0.0951754671461897
-0.101789050479357	0.022868379633766
-1.46603941705047	0.583389390662394
0.549156492609813	0.194151339704107
-0.152814953189583	0.0634334571160128
-1.46006976749378	0.562926270920661
-0.526964267085977	0.140208674753714
-3.10696373587064	1.03536570265388
-0.517351938617723	0.135137025900895
0.312443322608447	0.0909266558831122
0.317924444867071	0.0922952031177124
-3.09293870382283	1.07206408964027
-4.08374752926349	1.8623165714962
0.00936072073503697	0.0028007833562192
-1.07433753222606	0.355844441385825
-0.937060648207288	0.410069435205644
0.737212301794485	0.222878174874788
-0.232615628955298	0.0721074667826583
-0.835242582387023	0.248047458204957
-0.623220326568131	0.502762954571122
-2.36434491309595	2.070680385582
-4.8440658553256	2.91996886270636
-0.710710380647249	0.409991311383457
-4.4181768036033	2.20083473097406
0.620349569965657	0.30534108621569
0.798950080740225	0.401099211289276
-1.52109168333563	0.897437128556527
-1.30849515011365	0.701381683826596
-1.69546274557215	1.07743549670753
-3.82489509334159	1.62306568605038
-2.13550366582776	1.14521179010838
-1.62607706046076	0.665919030838267
-1.75702439865362	0.794526585470322
-1.08010190469453	0.359548596166992
-2.24531233189956	1.22356834028294
-0.806087649956858	0.298807561409819
-3.5201037926835	1.34294434319126
0.325117911102895	0.0916937982959865
-0.103113624434496	0.0350944337901131
-0.0956609260577928	0.0215971171731289
0.0112081355016869	0.00310776757060267
-0.100397591633356	0.0347340304428276
-0.621811185635897	0.234126260883939
-1.28886622712064	0.480829304316831
-0.101398479522333	0.033824447846383
1.71418955232001	0.842991378766293
0.0181247258078997	0.00468894262539778
-3.81918727481022	1.59423504555658
-2.05650312187694	0.572642061324397
-0.462812921258613	0.150613145920053
0.478493252759002	0.274463862098445
-0.0152306936149444	0.00616545461138567
0.556058672479127	0.205920348876455
0.0138822919165315	0.00366683406239973
0.969223579774499	0.418707616832321
0.320503935554356	0.0931219670988443
-0.437255866049067	0.148606661616553
-1.61547677919067	0.68335736830004
-0.657258809598775	0.31233267165109
0.000248325712370832	0.000448906633406193
-0.712220772347251	0.420583357912014
-0.419974241073507	0.200216152607792
-0.819050149724452	0.493508467104377
-0.788047968946587	0.31296467339245
0.447558900208061	0.202044239367179
-1.05619415399708	0.488620999315796
-1.85055309728974	1.27475977662212
-3.83172992721083	1.62997015426509
-2.36420027167405	1.29377590148031
0.958402470547406	0.417938145473097
-0.538722339094224	0.22727811563918
-1.496407630899	0.534099707212515
-2.83364520651914	0.914175126504655
0.565575332913485	0.205209211542751
0.282296972007684	0.124957547329376
-0.629402459532119	0.241710413150332
0.570335415400792	0.205156499065008
-3.51641305151825	1.37181535069588
-0.926788896905803	0.406672869680913
-1.07187320968594	0.357882420410236
-0.0941779390158178	0.0217731946290539
-3.67138514264253	1.44546961487977
-1.62336131703546	0.657732440960585
1.55848822850076	0.960261643416927
-0.414425707205267	0.168988793082153
0.289679062186533	0.128384672714878
-1.3094750143302	0.668015804671115
-0.788701007645364	0.324101818855728
-0.828902080556811	0.248526627312195
-1.6120413341432	0.674452972396136
0.293649781055442	0.134072378521195
-0.623210133264611	0.231567819784973
-0.620026690267711	0.226739887299974
-0.837980270991306	0.253674993229383
-0.62869318288085	0.231002420908773
-0.183994142281384	0.0744399244887206
0.328882146589737	0.093927256480872
0.739900789940366	0.227191955608612
-4.59709116215014	2.44409354845772
-2.01584035999532	1.02017794385861
0.45660095106838	0.244397099567314
-1.06464216138305	0.479582764076384
-3.95955101596746	1.74324307872537
-1.76564252590785	1.16280882108259
-1.43024732715066	0.805373216031506
-4.32496159199336	2.06953166572251
-3.50345173957519	1.34706552782025
-3.97077929973703	1.73122640981802
-0.933589046836044	0.410521125594469
0.0139959218523678	0.0036885772222902
0.0144127031489886	0.00391569660959579
-3.97813261955417	1.61888906115376
-0.833063405948399	0.254155985426631
-1.37855256949683	0.369087290450251
-2.82800405415571	0.916370270350291
-1.89631582444402	0.902504616262603
-1.77353584272253	0.786051735375316
-3.31518843568061	1.19835002370899
0.550685106414178	0.205185616059447
-0.83107905876281	0.253159203624365
-2.13437409610227	1.14182445659473
1.00921084461847	0.513244514959695
0.0852819803620181	0.0281972278920171
-1.07435210536495	0.477436468087006
-1.61743046392399	0.67058082027604
-0.554102300414327	0.235159482651835
0.541398592099005	0.192120058576559
0.742846606800615	0.233354125368674
0.705300157258346	0.301753883686761
-0.0982369940889445	0.0338699787928084
-0.101488518681949	0.0347341584639571
-1.2952858588193	0.46376330053476
-1.78301502053213	0.769622034321964
-1.28979740573221	0.463399150638861
-0.243051820381954	0.072777302682525
-0.0909897073291721	0.031424462166374
-3.67542911223521	1.5080288603743
-3.51582325847333	1.33026263386513
-3.10225524298542	1.07674434808323
-2.49582076805792	0.739355067527278
-0.237275358357156	0.0740297101533226
-0.0941779390158178	0.0217731946290539
1.94226546101719	0.798478773934451
-1.09092571278087	0.356986564234546
-0.517911135702038	0.138411916640514
-2.50331029614104	0.738785504632067
0.746695784046274	0.227164306604738
-2.83364520651914	0.914175126504655
-1.08141218675319	0.354337401935134
-0.514680488872461	0.137579947568615
-1.07912178722694	0.357132861316791
-0.832069625663695	0.254252617003816
0.744963299474828	0.2325771171156
-0.443693212546937	0.154384665933085
0.0185525720165945	0.00472697494929157
-0.0974411559193684	0.0219556283179796
-0.0962833901203116	0.0222038630107127
-0.243374819620522	0.0759703352600238
-1.62805513728739	0.698714956833948
-0.453057354623893	0.157177597781163
1.38958098938758	0.447916404365245
0.0175474715951843	0.00457046826837147
-4.69396252360358	2.66640307199127
-1.06470741806741	0.502220029819871
-0.254480650793511	0.0983490997546743
-0.453195224696431	0.154740829368904
0.87746030983968	0.335420623423298
-0.438624130791601	0.145383165455168
-0.235198082626501	0.0723113387664395
-2.05021356478115	0.569031985318464
1.30016114799754	0.505572084147575
-0.523513114305865	0.137679209591898
-3.67023133792318	1.47260138710082
-0.10075853176445	0.022608042052954
0.548332676093981	0.128537566389422
1.87680508733918	0.595685726697882
-0.829590086194977	0.249784329587004
-2.05314601736911	0.57654870638546
-0.517351938617723	0.135137025900895
-3.09404330590539	1.06245153955413
-1.09340675546078	0.365263131667136
-2.8291542449386	0.893923832929712
0.881695120122191	0.334060021430021
0.547153124490705	0.128061292620407
-2.50448779490627	0.739201463947818
-3.52149635441226	1.36410181417727
2.36899566346157	1.11537115725685
0.00133357378033698	0.000869162384964369
0.745703811636536	0.228481367728924
-0.453057354623893	0.157177597781163
-1.07859318466578	0.356748386023769
1.37876066568467	0.443326011148766
-1.03168381869725	0.546142415278191
-0.686880448012695	0.303145580760279
-1.21849103711549	0.586125331319555
-0.544132245477513	0.236439445195587
-1.63307884397196	0.697754172943155
-3.6708084484862	1.46290246266027
-2.84238126500622	0.883000413893631
-1.28282972300952	0.473490748576721
-3.68818733939199	1.50113592035426
-3.68818733939199	1.50113592035426
2.05038310790133	1.16351850903499
-2.50013836544569	0.752963874303395
-3.50845296259871	1.37767035504347
-2.12055519705398	1.11358676358537
-0.644418918730446	0.237822401926239
-0.239727110887924	0.0743503454063879
-1.07966622788214	0.364695080877922
-3.09758000874198	1.09367827811836
-0.779366382362108	0.302892747288808
-0.795734163510306	0.329679680447072
-0.1109260208498	0.0367457554264984
-2.84122014280315	0.895944192895078
-2.83458329559744	0.91634542093066
-0.837725680837318	0.257618742248887
-3.81884519419511	1.60019183898405
-1.08617793565474	0.360691437847595
-1.08043456838936	0.361340664763697
-0.80927180463986	0.307736972592256
0.329354418528673	0.0921568546366442
0.307864953228515	0.107668636240967
-0.409106984224298	0.21730347545496
-2.04059394551632	1.56421316222546
-0.873528608511802	0.545537540520266
-1.26001617922177	0.830193337026977
-2.35128426359915	1.34914645293087
-2.03237357216093	1.03358358819942
-0.271505500371302	0.110207070502813
-1.46449121841795	0.579550237706506
-0.256644889490813	0.097707379029878
0.081562905910556	0.0274496228559605
0.563305071791318	0.202668158522571
-3.83232766914954	1.63738876630433
-0.536501575845376	0.23059049204868
-3.83525059396428	1.53548598517327
3.24889001277915	1.39940637273176
-1.61576489238783	0.676910008479007
-1.07719625785892	0.365069612392098
-1.08043456838936	0.361340664763697
-2.83364520651914	0.914175126504655
-3.09868623597984	1.08730133775312
-1.62887372834319	0.677811845876981
-3.10075820893695	1.06347774708302
0.289486575548995	0.100158699596696
-1.46347957914527	0.579182868489406
-3.50845296259871	1.37767035504347
-0.831547258034552	0.253419977958223
-1.45906608011894	0.562836180549601
-3.32001561112394	1.2286468506821
-1.07945716189932	0.363853566224814
-1.18645749540068	0.595500222324128
0.317050779303299	0.0934221837279994
-1.27948978848226	0.465867855603237
0.00727795056105435	0.00213502079322114
-1.2864200321571	1.0366332752184
-1.89916676476469	0.906032798716334
-0.696417554486669	0.327756279264112
-3.84070383666931	1.57127207766429
-3.99022051880228	1.67483954204572
-2.49779134618292	0.753762077506182
-4.32496159199336	2.06953166572251
-1.6120413341432	0.674452972396136
-2.50013836544569	0.752963874303395
-1.61641062678876	0.677783142096244
0.326519368094921	0.0959325958169173
-1.45954265283905	0.57403561389523
-0.236696740212558	0.0737145165919981
-3.51932533580126	1.2987351485439
-1.4655003597977	0.588266476209701
0.536321049886131	0.126331019370992
-3.50345173957519	1.34706552782025
-1.08565296822568	0.362522334307197
-1.08425366242167	0.369278140646016
1.30180277895894	0.517747030050603
-0.0995973058669546	0.0224260918786388
-3.82657881120233	1.60377659277169
-1.07478210680139	0.348692519382462
0.331531281032729	0.0946784968791169
0.323517499162924	0.0904680191539424
-0.234474684507588	0.0707644862350408
-0.515079347934818	0.137725022751014
-1.37736686643192	0.369817212053887
-0.833408040905954	0.250484038706387
-2.05021356478115	0.569031985318464
2.04621636371752	1.1757694312477
-1.90800158327427	0.900701323324548
-0.790056106288253	0.399470795638656
-1.61049682744984	0.670773178890503
-1.07763056835217	0.363157385349633
-4.21219108818159	2.04309756685919
-0.928165091428561	0.407621951355376
-2.83133823353176	0.934971127868472
-2.82685472330953	0.922711444031235
-1.27671926915382	0.462832993252838
0.0015547750555573	0.000720021214793046
-3.3258641954105	1.19859969202884
-0.0300128009027036	0.0113326166246387
-0.237789868496376	0.0719153126153633
-0.835242582387023	0.248047458204957
-2.82685472330953	0.922711444031235
-1.61990979941793	0.687049913742447
-1.45421686388904	0.568575438155638
-4.07785833770613	1.84852594760428
-1.08141218675319	0.354337401935134
1.87110733943015	0.599602400649659
-1.28358451008746	0.470403258949645
1.37876066568467	0.443326011148766
-2.83458329559744	0.91634542093066
-1.37855256949683	0.369087290450251
-0.0945032483602891	0.0218370726435746
-4.09360934756736	1.78850618265944
-2.83249128745503	0.934154025578548
-0.922442070690337	0.39841033492025
-0.444204663740861	0.153630145359664
-0.260175221045435	0.0935340275785609
-1.20142319036538	0.602360389991863
-2.3333226997609	1.36528304982482
-1.46337505324424	0.578484924186545
0.549921156253211	0.198233875452927
-0.438525024434648	0.145750799281216
0.288161004545982	0.114574052522255
-0.515079347934818	0.137725022751014
-3.33995665820979	1.16854101993752
-1.29031071965297	0.471244509692648
-0.83107905876281	0.253159203624365
-0.78646343242416	0.319488556356472
-3.11127143495882	1.05422430722101
0.545286400011961	0.127906532067442
-2.82685472330953	0.922711444031235
-1.46726742417366	0.570065550127816
-2.82800405415571	0.916370270350291
-1.08010190469453	0.359548596166992
-0.828502094065778	0.25094168663078
-1.1817471225785	0.566556128153161
-0.837840297745939	0.24818333713429
-3.1080710993807	1.04889386539633
-2.05021356478115	0.569031985318464
-0.244148522572292	0.0741203558513873
-0.0974411559193684	0.0219556283179796
-1.08141218675319	0.354337401935134
-1.63017162795423	0.667907108281049
1.87492520164159	0.596544505245442
-2.82685472330953	0.922711444031235
-3.83439116809398	1.55840208886517
0.606663851010817	0.302015554556953
-1.45910335908348	0.580923693024047
-1.76228963621753	0.769461517890193
-1.76813134120189	1.1761601350144
-0.40945684039182	0.172162750833961
0.524771221112454	0.276954449052093
-0.448696884627933	0.153527743118027
-0.523881983385789	0.13702530803748
-0.0848577545417675	0.0293646948741436
0.488265151065733	0.205721087584376
-3.51002640341346	1.35960019139027
-0.827414816822434	0.249739591539434
-0.0399209066667911	0.0141357706276846
-0.827509018985055	0.248646107200568
-0.833159166502476	0.254330875026579
-1.07945716189932	0.363853566224814
-3.09293870382283	1.07206408964027
-1.07530760554696	0.349059729381252
-0.0995973058669546	0.0224260918786388
-0.516215201709685	0.137775183819285
-0.441725045785078	0.152762734038631
-1.62360939608361	0.681099849112713
-1.37736686643192	0.369817212053887
1.28581348704423	0.786024706204981
-3.53108209557944	1.26789885277297
-2.83342854030316	0.917117446615148
-0.235937790139879	0.0739705012996475
-3.31518843568061	1.19835002370899
-3.33685693555483	1.19224253998413
-3.32001561112394	1.2286468506821
-1.61822160796073	0.665179209731519
-0.798771323395438	0.32143048263206
-1.89310433224127	0.908780025165508
-0.826886475386905	0.250046085549171
-4.20878501868893	2.02009559687347
-2.49582076805792	0.739355067527278
-2.50226013804269	0.743052864003894
-2.33881027489366	1.35285151135299
-2.23409567082924	1.23922077197582
-0.654588519632885	0.302368280672895
-2.50662138300429	0.751156666336677
-0.827509018985055	0.248646107200568
0.752740749945134	0.22273469507249
-3.51582325847333	1.33026263386513
-0.52220937217669	0.259302572202522
-3.8245696517211	1.63380713958109
1.87680508733918	0.595685726697882
-2.82685472330953	0.922711444031235
0.879129326153264	0.331203265714694
-1.28645061480087	0.462589721944726
-3.09404330590539	1.06245153955413
0.541100401848291	0.127818857380943
-1.61235176012732	0.673246153208457
-1.27948978848226	0.465867855603237
0.0133548025132433	0.00354419894438937
-2.4946503122275	0.759347999169937
-0.264721124436583	0.0989800222497558
-1.08328339450837	0.370848428206928
-2.8291542449386	0.893923832929712
0.740464274036165	0.227891483543122
-3.09868623597984	1.08730133775312
-3.50504390842947	1.32502571663792
-0.834152635363741	0.25296310080088
-3.83602196189371	1.6056108106756
-3.67655613530484	1.4837106788346
-0.638852005587128	0.240914261097449
-1.29576794738092	0.453231977074986
-1.61547677919067	0.68335736830004
-1.45901508686364	0.578745519428271
-2.4946503122275	0.759347999169937
0.324797204236395	0.09588222613702
-2.04902373026814	0.584535062964325
-1.18711567539546	0.572713539459672
-0.727569511365235	0.407802484854399
-1.41066982145718	0.787987581234648
0.305761353945874	0.124492896922726
-0.289931094865474	0.131484284685872
-1.46788844070669	0.57076637753465
0.97825215287619	0.443681885891194
1.29391597149827	0.505537434088164
0.130527872801956	0.0500375898903106
-3.6806634193175	1.50623217393168
-0.515816270677169	0.137630330187878
-2.05021356478115	0.569031985318464
-2.83249128745503	0.934154025578548
0.326763941420613	0.0938492014293281
-1.37736686643192	0.369817212053887
-0.832069625663695	0.254252617003816
0.721815818377552	0.307381311302422
-3.09979316343933	1.06354521701068
0.814006486978524	0.389363745355437
-3.53245928216239	1.26030954886026
-0.638507631702955	0.241026629305365
-2.49582076805792	0.739355067527278
1.30063400545627	0.513389256943184
-0.0974411559193684	0.0219556283179796
-3.09404330590539	1.06245153955413
-1.07584917555014	0.356945538003037
-1.07584917555014	0.356945538003037
-0.645428744517896	0.242048446472289
-3.31319464395181	1.21509579750581
-2.49582076805792	0.739355067527278
-1.09857125689293	0.656328734729076
-0.715300018006154	0.394413386585995
0.937968087167552	0.707521888085658
1.51451502763235	1.03420571348476
-0.261202601778037	0.10052637491834
-1.30172550974981	0.698503783138307
-1.29108890735412	0.462636067986867
-0.444204663740861	0.153630145359664
-3.10075820893695	1.06347774708302
0.553623221504307	0.202576754201857
-1.08522412925042	0.362643044085522
0.55455585257059	0.203890364084656
-2.835854011812	0.903413592096073
0.883828410686571	0.32474226691361
0.304465423007263	0.11016431089777
-3.33093121729107	1.21899757019967
-0.456975849737958	0.154659918820365
0.0015547750555573	0.000720021214793046
-0.635810954321916	0.243471586768212
-2.83249128745503	0.934154025578548
-0.444485005403671	0.149414723736195
-0.522494745184589	0.138224827015017
-1.07530760554696	0.349059729381252
-3.51271430694623	1.36017277331587
0.00526618147656546	0.00152611893018079
-1.07433753222606	0.355844441385825
-3.52954348675137	1.31951929019622
-0.237275358357156	0.0740297101533226
-3.51271430694623	1.36017277331587
-3.81986957771911	1.56199734516279
-3.5229084411089	1.32715333449488
-2.04902373026814	0.584535062964325
-1.63843067131232	0.672470477711296
-4.31001857351762	2.04079179055845
-1.60047033996798	1.17536977003078
-1.52228067889025	0.890905029932442
-1.39687612045466	0.761212174121493
0.678070428694595	0.360301434105136
-0.0953451185365488	0.0335646616700753
0.134732002503602	0.0592724272392784
0.489896964912136	0.200907806515204
-1.4596316875172	0.579466965505686
-1.28974569768279	0.474397534696002
0.0950812430721548	0.0314138833687324
0.090610466828921	0.0302884379401897
-1.37855256949683	0.369087290450251
-2.11774094270881	1.06463935649512
-3.31618594475123	1.17061745626373
-3.09758000874198	1.09367827811836
0.0951724915673869	0.0315297019683077
-3.33287391744538	1.19822953446063
-3.09293870382283	1.07206408964027
-1.89526912152582	0.909071247723625
-0.437384076814886	0.144599974717955
-0.832884030316045	0.249681598941155
-0.523513114305865	0.137679209591898
-3.32488003028897	1.22287774231669
-3.31518843568061	1.19835002370899
-1.22193866262044	0.597648580641538
-0.267529958276659	0.100000886829702
-1.28501684137984	0.471749653468482
-2.84156305415565	0.877722703099681
-1.48236765129163	0.557951713161571
-2.82800405415571	0.916370270350291
-2.22983385109733	1.24410282828514
-2.13042189263552	1.13132737545384
-1.80614410333826	2.6249384895881
-2.5279378636387	1.64567695400606
-1.40354511518942	0.780975056506133
-1.86685204878982	1.2971135413548
-0.691045399616893	0.38585468332794
-0.666594952374017	0.298180216990811
-0.0971239428783341	0.0343345814651862
-0.933539694821433	0.402067917877763
-1.07336765963707	0.358272920144905
-2.498964405108	0.767925687647617
-1.46068699236648	0.563608746368949
-0.523513114305865	0.137679209591898
-0.608702330263081	0.316398142403357
-1.88301515593133	0.885030503404263
0.716317040359125	0.304590610719623
-1.61518801598484	0.686303083163625
-3.51504620529804	1.35878374498678
-1.62318633381736	0.668166801789031
-1.77696105464488	0.78747518031826
-2.13420183015553	1.13612417291704
0.319781666217287	0.095251523392
-1.27948978848226	0.465867855603237
-0.834249424385902	0.250115174033497
-3.09868623597984	1.08730133775312
-0.0989824574858418	0.0222456966330467
-0.465037125304295	0.156724730994369
-0.22831902735436	0.0705888473659655
1.28744235190226	0.4881256305428
-1.2958512655768	0.470376500192705
-2.03076173689854	1.02349919707508
-0.0896290358552473	0.0309749898455396
-0.886937843998643	0.478542591273924
-1.28331625133256	0.470420786668762
-2.03672366333122	1.94934399694301
-0.740425994223906	0.617136782855934
-1.65753721421683	1.29949306322526
-0.613502517528804	0.337731603236733
-1.28501684137984	0.471749653468482
-0.22176295104121	0.101263352631554
-1.88127097153807	0.881921652398899
-3.68941217465069	1.42313932161357
-3.31319464395181	1.21509579750581
-2.82800405415571	0.916370270350291
-0.833159166502476	0.254330875026579
-0.920325233155328	0.388609715265527
-0.112900147154915	0.051208225134627
0.318690280544721	0.0935093374158256
-0.521239785553401	0.140369579797354
1.55724170423564	0.88595506332851
0.322145418202747	0.0932126195967607
0.490420090381367	0.2090602058775
-1.75845932371649	0.77930058669249
-0.787901769698619	0.317380685784348
0.299998876439761	0.106399477185425
-0.234997367422216	0.0735002161516419
0.0857523215716994	0.0288308659680587
-2.83701082493837	0.917156293169085
-1.89916676476469	0.906032798716334
0.0078907885918654	0.00233492760806004
-0.0896290358552473	0.0309749898455396
-2.04902373026814	0.584535062964325
-3.51856233104499	1.30804474671761
-1.41772201336147	1.00765904018576
0.0945226174178585	0.0316056079737698
-1.19320017207825	0.603684735644847
-1.29917489848011	0.476122054473989
-1.43718377128428	0.778142469016303
-1.46521118329057	1.54052723582202
-1.62868189539569	1.60427162226307
-1.35497160136852	1.13794990832184
-1.30843466106923	1.26213588527693
-1.11302346219556	0.818113580568729
-1.1279724100531	0.918712595567806
-2.50356228838493	1.53443404222733
-2.10803478301297	1.64544296031914
-3.6708084484862	1.46290246266027
-1.27729466356212	0.463367747774768
-0.621930871268767	0.229216253631712
-0.534610610166243	0.228685046798006
0.309908709185864	0.126263067242358
0.0889972752790842	0.0303942563763448
-0.887796040751559	0.477624150750181
-0.015798859871545	0.00606981084118252
-0.402832808662978	0.163144576133942
0.615942003646976	0.299087039276189
-3.83835840218951	1.61789474972899
-0.93235814842435	0.409423643681654
0.957557099197866	0.419888558102136
-4.20870622075555	1.933684311967
-0.556128171280471	0.244994545546311
-2.33054549057848	1.31998820019757
-0.626453246626016	0.235162891105832
0.226519280312217	0.105344568066348
-2.02056664655499	1.01794353268303
-1.61679540852867	0.681474236997958
-1.31648849534228	0.694796070600644
0.680812835196271	0.371309154750652
-4.41022043405109	2.27423912275518
-3.66965381157033	1.47602873590866
-1.5331755708413	0.897102238441448
-1.09003485161599	0.666388878741184
-1.20796651002055	0.593984989484945
-2.58155194527549	1.64757369853535
-2.11856702501253	1.11360277692302
-0.888066880858358	0.627758654161557
-1.19256903871714	0.759515156202051
-0.575944477910278	0.342996946211859
-3.18868566519473	2.7778842961847
-2.83249128745503	0.934154025578548
-2.4946503122275	0.759347999169937
-0.254979012774045	0.0980791382115734
0.49766152314763	0.207468403904545
0.540201945287989	0.182208379088829
-0.564744832744757	0.235827448724089
-1.06034018823282	0.495700254370539
-2.83701082493837	0.917156293169085
-1.62055698821767	0.687949146614241
-0.513545588916538	0.134680065307493
0.872994057269659	0.325805920085504
-2.49779134618292	0.753762077506182
-0.937826824372128	0.410005771583112
-0.687156500559928	0.324949338305414
-1.50688715679063	0.894496288697018
-1.08522412925042	0.362643044085522
-2.82685472330953	0.922711444031235
-4.41022043405109	2.27423912275518
-1.07976713217248	0.517030553362844
-3.3297814604609	1.20159573453125
0.29823450217126	0.118318600622616
-2.25379785912457	1.27242489872332
-3.09514860705818	1.03749547577687
-3.09183480000513	1.07302576822624
-4.09968519846647	1.84793446180579
-0.92191301094667	0.398063179679408
-0.40852255859335	0.166928607194314
-0.158483939648098	0.0812674689834604
-3.5193362253966	1.34918194374378
-1.28777545889079	0.461063188580087
-3.09404330590539	1.06245153955413
-2.23610396316822	1.22532994688222
-2.24835687586008	1.24756959629724
-2.01888611073408	1.01863087143504
-1.39654948752363	1.67924752172827
-3.10775964374476	2.61352379409473
-0.317849796815455	0.16295368722873
-1.52066048703754	1.57345371279796
-2.28324372318017	1.87696604337865
-4.50126889399718	2.41562376950713
-3.83202912311112	1.63763004661274
-1.4596316875172	0.579466965505686
-0.785799206623259	0.308916359944029
0.710200851574469	0.310342442257753
0.0848133597181143	0.0275082493817579
-4.21339562295875	1.93024781779069
-1.62110135794881	0.680732230781001
-0.231862268579772	0.0723509071259154
-1.47133798812165	0.580145869720215
-0.829990262317023	0.25307982627687
-0.235795154542193	0.0723758371470537
3.25240895172135	1.40307420120783
-0.828502094065778	0.25094168663078
0.303458320509223	0.107537338686125
-1.63149555660992	0.687752788075338
-3.51504620529804	1.35878374498678
-1.61110650563519	0.660237274365073
-0.0940895302968344	0.0329213612772457
-3.33093121729107	1.21899757019967
0.482840117685043	0.205552594560505
0.10296224514354	0.0345478743151817
-0.0871088898208279	0.0304402829888901
0.329499178227133	0.0941776028831613
-1.1882521818225	0.601610590646545
-1.61729777869211	0.670456152115093
-1.77486433548235	0.801551442738401
-1.45951204258043	0.57460003559255
-2.05530739097121	0.573074172318947
-1.40374606755957	0.732256509671446
-3.09404330590539	1.06245153955413
-1.7666438172446	0.789843538223155
-0.547692980873639	0.239338252138524
-5.09980043654992	3.48431479981573
-1.84504501534203	1.59166513836894
-1.92394260413451	1.31650921989362
-2.33304172177482	1.33636444460083
-4.7487153693114	2.76138939460076
-0.998835463866281	0.516379749101191
-0.624495797860466	0.236471056247116
-1.71188522260358	1.12455890800381
0.757634390650525	0.460702260138984
-3.67599283921959	1.50022965768208
-3.09979316343933	1.06354521701068
-0.832069625663695	0.254252617003816
-1.61049682744984	0.670773178890503
-2.8291542449386	0.893923832929712
-1.27948978848226	0.465867855603237
-1.4620176001365	0.565058381921733
0.872430756427031	0.334437841582982
0.548332676093981	0.128537566389422
0.301714007416234	0.103990226146677
-0.83107905876281	0.253159203624365
-0.249897129347874	0.0917979334245833
-1.20195923286737	0.584254129577608
-3.50583984875533	1.29432061290483
-1.07763056835217	0.363157385349633
-0.516952935597397	0.134997042674037
-3.68593471296041	1.48780732400381
-1.37855256949683	0.369087290450251
-0.623043367043011	0.235489444745503
-0.0962833901203116	0.0222038630107127
-3.33499399948295	1.17681145169074
-0.79601619132912	0.307902018303672
-1.38250936278202	0.367021552852188
-1.90205777677574	0.888282875345398
-3.10336310613868	1.07624884357692
0.561253668735043	0.208232044396856
-1.46148630165531	0.576250740418482
1.7198319303409	0.841521629859451
-3.10336310613868	1.07624884357692
-2.76456723842881	1.9494136828433
-2.44319281208896	1.49974879326901
-1.43670619207743	0.98637855023834
-1.48684497587061	1.12468882772143
-1.70040096403107	1.43984518125526
-1.08013011412913	0.654392418241424
-1.67819293197366	1.36842182082046
-0.517156089651082	0.256529483847278
-1.21587615484509	0.918689594894966
-0.844503886084596	0.595973101204253
-2.22222232326388	1.19624875868385
-2.03058296346054	0.951359058172459
-0.937583703834871	0.413992755351725
-1.75216286629714	0.76065165141419
-1.46006976749378	0.562926270920661
-0.784440365174519	0.393465362757549
0.0109808248201078	0.00291215169192999
-0.933224239810551	0.406489331696405
-1.07239798793769	0.358269457626047
0.325117911102895	0.0916937982959865
-0.257047575665918	0.095351772698259
0.438380811321742	0.212895282876913
-3.83060390306879	1.61163531430718
-0.26484202564543	0.0996049458060535
0.744963299474828	0.2325771171156
0.380186012889396	0.191245290973306
0.503342368674735	0.210657665641261
0.910999307940185	0.570887750126983
-1.20979207558241	0.590743912564607
-2.498964405108	0.767925687647617
-3.96745324694829	1.76911739248286
-3.96183041795534	1.730207816732
-0.79153811912624	0.317362772146544
0.328325097747485	0.0960689936716833
-3.31618594475123	1.17061745626373
-2.51576865208489	1.59520110348898
-1.48492065415355	1.07348753988348
-1.34198758305228	0.949706797241526
-2.155544889388	1.08989296121034
-0.66461607389885	0.406590896097613
-0.550440729932987	0.24784518196981
-0.786421672007665	0.407761721782297
-2.02690553707061	1.02359484021644
1.93093850251096	0.778089921780373
0.0175474715951843	0.00457046826837147
0.29809938800277	0.118020157529154
0.558261003568795	0.204433623642819
-0.44605764485128	0.149288077635786
-0.233872192272255	0.0714898842543921
-1.37855256949683	0.369087290450251
-2.498964405108	0.767925687647617
-2.02565977794774	1.03250109496575
0.540516763764104	0.126430146128776
-0.649209710488716	0.229118011191163
-1.06838226296715	0.500523950302779
-3.50923973767825	1.37307967191977
-0.965154465893766	0.398917597481701
-0.0264961196338545	0.010209052188717
-2.22560424489664	1.23677062324051
0.324877862296843	0.0958537387888753
-0.265886936886581	0.0991050331206246
-1.75926297715385	0.766696313644229
-3.10433890137635	1.08509397093051
-4.42931509550522	2.20876748469459
-4.32917421633599	2.16438313575508
-3.68121360049036	1.50160480915984
0.747927529305998	0.226764681396792
-1.45662803321498	0.56764051133421
-0.832636786270048	0.249232691777988
-3.95964086989462	1.72068379682166
-4.85164887255914	2.95414440569266
0.087351560427361	0.0301077556828073
0.741703403287808	0.227480384928699
-1.08677755063373	0.359316932647716
-2.83364520651914	0.914175126504655
-1.08010190469453	0.359548596166992
-3.09293870382283	1.07206408964027
0.971954348284159	0.438563743594931
-3.68700719441244	1.47673450956062
-1.28369124992731	0.463666536386477
-1.89725523413101	0.918429440872901
-1.07945716189932	0.363853566224814
-1.61794464418584	0.671314104400233
-1.08522412925042	0.362643044085522
-2.02396106306167	1.03321398593153
0.612726340936315	0.289638979368669
0.128266728952859	0.0490463414054953
-0.234458028369952	0.0732314184953936
-0.230569491876735	0.0711093139281134
-1.46634836871229	0.566697782961005
-3.09868623597984	1.08730133775312
-0.0977681147054505	0.033386452805716
-0.604625218145621	0.369855017389561
-1.62426100901656	0.660084666395284
-3.5193362253966	1.34918194374378
-0.836229957159059	0.247317031216125
-1.45662803321498	0.56764051133421
-1.08589556734498	0.35395629495229
-1.38250936278202	0.367021552852188
0.692646894094219	0.370101572646107
-1.45901508686364	0.578745519428271
-3.10336310613868	1.07624884357692
-1.4639940154101	0.579205934292896
-1.5151714175219	0.834570879795111
-0.526004811256555	0.307647144417435
0.966205808694179	0.775533753918191
0.487138107317037	0.211111306196618
-1.06558309699969	0.494872796358975
-0.438833896935274	0.150031893346032
-1.080298360299	0.500714052487505
0.011799618829898	0.00495643719363182
-2.12471470620295	1.13737406802217
0.744980507015802	0.227659325846765
-1.46710975909479	0.576509225561684
-1.61262863610398	0.957722324882417
-1.52707112904297	0.848044307768665
-1.1925729624892	0.58589497022885
-1.88942511797521	0.884830927524615
-1.40639807022279	0.773831011869917
-0.631367713891341	0.342589909851576
0.0234946139552878	0.00945301755350877
-1.60039098460216	0.950769065433423
-0.936403333340877	0.415709648082299
-1.28978896715688	0.462885764615344
-0.095335539902063	0.0215346615173759
-0.453661958033717	0.15768897072405
-1.32936142915708	0.649641052405642
-0.55423928932474	0.247510081004029
-0.542425090719073	0.236149072585081
-3.10336310613868	1.07624884357692
-0.841324460591787	0.254223558114739
0.311405059030864	0.106739715794221
-1.89701671545577	0.903788745418966
-0.243241324688565	0.0886909950042492
-2.01430724848957	1.02109241707061
-1.61615783093139	0.681500593514244
-2.42251188599238	1.39335435964884
-1.3181585275156	0.665812841432122
0.265398554305	0.130543336908837
-1.52246913638733	0.877172651848258
-0.158930887144551	0.0656881451723466
-1.30248330739154	0.690649872769426
0.149741774082778	0.0761149502496632
-0.550709522578198	0.249742489884771
-0.398466607118983	0.161687018322436
-1.76666415232892	0.783538069248691
-1.26313103001	0.830770589315207
-4.20906494903706	1.93638744232716
-3.83467830131593	1.55820856446985
-1.81728742172653	1.21416097763619
-1.31136590364863	0.696098294934204
0.695886608019205	0.492533107813368
-0.447468210672461	0.154031658472776
0.716521556608881	0.302536643604419
-2.84122014280315	0.895944192895078
-1.11543290947557	0.671815263253445
-0.61630265648043	0.33721301980234
-3.84644358473866	1.54424300513279
-0.437384076814886	0.144599974717955
-1.47151922003328	0.564811763293387
0.0144127031489886	0.00391569660959579
-0.62350659006494	0.347074087365059
-1.26682626108699	0.827555307278811
-1.08137710202394	0.64755317478363
-1.42663097977559	1.06399032853189
0.398779283625446	0.199193621254034
-0.099421505633082	0.0337650260026951
1.2924883223964	0.745980125699939
-2.03615033681861	0.956726304717432
-0.526019085813996	0.26723684012181
-0.151152794225815	0.0623502568539363
-1.30509194389367	0.696384030151635
-1.89806623814221	0.905710236479827
-0.914711701994957	0.498647019140796
-0.26972243440547	0.112321756387717
-0.986712132719791	0.554872726130664
1.10402764205722	0.853603679307635
-0.247852723546219	0.133973854552958
-1.19806805044453	0.581667483831199
-1.19155100023951	0.597521113840098
-0.452163933327614	0.148533733737816
0.0960479458597839	0.0318097885914881
-2.13442057038639	1.12324058845422
-0.782842443026985	0.404587384420481
-1.76768422025516	0.796784022431971
-0.83107905876281	0.253159203624365
-0.147236532380655	0.0588313610962787
-1.35740932701549	0.965130071881482
0.133500222224332	0.0699502636101608
-4.31901804353391	2.17701345382103
-0.842791170990067	0.494057670720134
-0.428421998473273	0.267001629627092
-0.315081679873562	0.155699458113773
-1.23448410404533	1.37003323184567
-1.17139763356488	0.852772852270539
-2.01298609688579	1.0266200469614
-0.881313254849392	0.562033035623856
-1.86552495405088	1.29493701513197
0.247122457430238	0.133644321185812
-1.45019556402202	0.737286943293046
-4.21420973551544	1.99912104621494
-2.2333865412563	1.24157110702758
-2.51158177918275	1.59676089388272
-4.60979865183486	2.59078731104303
-0.50397577617735	0.312824776174953
-2.22588393997885	1.92496079460996
-1.04313540665167	0.730153477056987
-0.729887830845958	0.540294420604439
-1.89552755805489	1.17923736848475
-1.4390943360359	0.770225635394933
-0.745894406829823	0.49520705403788
0.0354073044941951	0.0161882506490928
-1.1815648929939	0.582905475641979
0.010131495740088	0.00286003154930546
-0.796987382248607	0.318632960731145
-1.93269259445814	1.34343506501198
-4.50467635838823	2.26630925114188
-1.61576489238783	0.676910008479007
-2.03339950013859	0.987866353991257
1.28268568351949	0.659519368984787
-1.68203173966237	1.03353635164163
-0.981546858017082	0.548321907266957
-4.70505294948551	2.65873473404426
-1.88181929888005	0.881903642559595
-1.5208424175616	0.895652926809774
-1.52160314570445	1.07069158687199
-1.40753947042756	0.757341872651376
-1.6249045486273	1.52352503982147
-1.98848725644696	1.90835290506895
-2.16170236546132	1.73594604565626
-0.895160944082101	0.61608416662325
-1.33855292241179	0.688869676533334
-2.32889678401458	1.33576460085576
-1.84962934006522	1.6556606149814
-1.18886067527269	1.05575294412365
-1.81608609133256	1.24243776501846
-1.28740644036834	1.00734906112583
-1.7062470344036	1.39564999845492
-0.960475572319409	0.640536998138514
-0.83840993121108	0.581870465455584
-1.85628250552857	1.28603447388213
-1.01243435873604	0.907420925928868
-0.668859968848567	0.312909374863848
-0.889941408316942	0.488724364490269
-1.77479967454267	1.18942323221365
-0.373510845048881	0.252895637042503
-1.35989102342032	0.94252868772902
0.412738725017878	0.189128319593634
-1.24624159344757	1.52132223659628
0.434352469032313	0.346277833826429
-2.5209009316597	2.53519088392311
-1.08447952910548	0.642042246183664
-0.449952784395641	0.153960443265327
-1.06166620611781	0.487203074484624
-2.24131737125551	1.24337028013143
-1.21177067420968	0.954289399697202
-0.447660229415192	0.156725286930136
-1.89444422595676	0.900428063344328
-2.14799644891866	1.06679604645093
-1.4189236760709	0.808165303497476
-1.1885446680267	0.912454539469114
-1.28045797470991	0.853447439403267
-2.528702443548	1.60391778804316
-1.53524115803326	0.907458704896257
-2.24685844338896	2.47444095289671
-3.04260353803293	2.49979705622203
-3.1621557222078	2.76404204545416
-4.33391802075473	2.11590050471066
-1.96097936841856	1.39334838931795
-2.451102571541	1.40126729739198
-1.90012262217782	1.83909810335355
-2.16852619048952	1.81977667306122
-5.04199208483384	3.37345565013321
-0.671200292823003	0.430458666401518
-1.13024986943457	0.840474507644388
-1.53606385831914	1.41153753420383
-1.09386333595205	0.647266503957127
-2.01736405728682	1.55754202276471
-1.93491346482405	1.41074955189217
-2.41068960484129	2.28892856539915
-2.84256661961865	2.10615928860369
-0.481968156590809	0.33697466596481
-1.12973776399365	0.760486317479531
-1.28540383447595	1.33909492886808
-2.21567480373468	1.90222153954789
-2.03855867416299	1.45772383739561
-1.2814962411484	0.472913125289254
-3.83060390306879	1.61163531430718
-2.61438353077149	1.75270412735946
-0.739518280548487	0.561978238950202
-1.27748366018139	0.464006152680012
-1.29475573039468	0.673262169052798
-0.27388470187358	0.123257568336634
-2.01117663053652	1.55232614673837
-0.988799733068138	0.755838720338688
-2.42119279979914	2.34493078067427
-0.609736604215801	0.356818710756174
-4.82283724536786	2.91935529749396
-2.34122722797206	2.09484614100294
-4.59489992162574	2.55685618544321
-4.4352436534778	2.19369630108863
-1.48130049964632	0.570998237157195
-0.0219822281275101	0.0083409298697132
-2.13879500553028	1.1405453496086
-4.30725676660034	2.11992015920449
-0.539174365211804	0.244078137576835
0.854849309064955	0.480323872871761
-0.996475712381216	0.584500566376132
-1.75713797326246	0.788541628720663
-0.887081738922908	0.466161493542661
-2.04445896469399	2.06269934031427
-2.07661527479105	1.5670206436967
-2.10093929752062	1.7005612381061
0.22454947937307	0.123736578802095
-2.12244084798389	1.10709812273847
-0.598053665417978	0.361102762974621
-1.07488035737971	0.506664999003077
-0.535884231314937	0.236348396815308
-4.09404447466338	1.85506752105677
-0.282535066342227	0.121737760152159
-0.809765041826581	0.405284304791695
-1.76256059254044	0.800057357671111
-1.75817315506553	0.794854384955456
-5.23837025694633	3.7327047583268
-2.34239029088549	1.37542443788145
-1.84906697410567	1.28367335331922
-2.42200598613012	1.42542493335837
-2.06744523177142	1.42228441206864
-3.83807769141209	1.63288479578917
-4.43049571287289	2.14050693823369
-0.0971779558720559	0.0435747497727379
-0.292682276549102	0.126705614140976
-0.273342101501079	0.118251861469061
-3.67542911223521	1.5080288603743
-0.789616498012309	0.321733188909128
-4.1060066836526	1.84956422992377
-0.78791234123414	0.399720988323438
-1.19015286946298	0.779142200555051
-1.71775422101818	1.11034223565283
-1.52196378586866	0.835323527666253
-0.997556836061382	0.571934356829922
-0.437483052106694	0.149022159336257
-0.231281040957701	0.0720387889490784
-0.187718476016452	0.0769680752901912
-1.267167152432	0.838427864634583
-1.63624522235447	0.680583694584443
-2.83249128745503	0.934154025578548
-1.75311100964398	0.776097831475426
-2.83342854030316	0.917117446615148
-2.1363172296879	1.10659470498749
-0.937776978684418	0.417700274338264
-0.624797783755033	0.231768805379722
-3.68011279342947	1.50238720498449
-3.97881974016224	1.76073007227622
-1.13235658247509	0.836495946418554
-1.07719625785892	0.365069612392098
1.3852161325822	0.449767700794641
-0.544017609376513	0.24623688882979
-0.810053948862099	0.316666005481415
-4.08561555126139	1.84766071669768
-1.42779758861015	0.749362523714373
-1.46985998416647	0.587960540824066
-3.31419133549641	1.21069698468705
-0.520802749971932	0.137595352476473
-1.28369124992731	0.463666536386477
0.0874066597388579	0.0286940214210035
-3.09183480000513	1.07302576822624
-3.68700719441244	1.47673450956062
-2.002115916981	0.982911433369605
-1.88301515593133	0.885030503404263
-1.30906634486649	0.683452925049732
-1.76330653558045	0.794700766284415
-3.51504620529804	1.35878374498678
-0.722327555454181	0.414285248966123
-1.18925067758895	0.587700872112396
-1.30864661918951	0.673814806166297
-2.83249128745503	0.934154025578548
-1.62620730611787	0.698214490010259
0.81362543072444	0.414885630457787
-0.408901769406484	0.165013554911632
-2.02658919373512	1.01123280339704
-1.18805289460143	0.592991427083164
-0.255161935410149	0.0953879954685331
-0.93254809768454	0.410235104710225
0.290633212018915	0.131465480418335
-1.0785431100712	0.51003367863523
-4.08349549037701	1.88844416276454
-1.08522412925042	0.362643044085522
-0.453661958033717	0.15768897072405
-1.62055698821767	0.687949146614241
-1.90520733158664	0.882123684918496
-1.62413903220705	0.682856112442981
-0.941999865768737	0.416049405410649
-2.11860148736514	1.066518116129
-0.826936848233909	0.396326648940838
-0.877421066723712	0.537754728304394
0.487238536192154	0.200729383859987
-0.147609101792925	0.0592553719566038
0.424782224711389	0.199075013882425
-4.83343674888796	2.93725229182107
-0.420407926522907	0.1666299732674
-1.07623377496826	0.363444231148948
-1.88112521397959	0.880678279468724
-3.10655377271392	1.06457394169685
-2.11453073164369	1.08964161791568
-0.932767650703504	0.411128441719706
0.784415104807484	0.387325501273027
-0.451931971063554	0.157011976309779
-3.51582325847333	1.33026263386513
0.0839672881620354	0.0274965144694398
-3.50923973767825	1.37307967191977
-0.0620584460374044	0.0308693704065593
-1.76334921999765	0.78716472700589
-3.68235782024529	1.50322253410618
-1.4639940154101	0.579205934292896
-0.927199305731203	0.385591150556417
-2.13020910670074	1.08000961104498
-0.835142304985754	0.250144926202691
-0.539905432689742	0.245274948130555
0.443837266532907	0.208516955582723
-0.938890989913665	0.416096031536736
0.313004343149594	0.123880766312368
1.37876066568467	0.443326011148766
0.129285529082567	0.0507491503219075
-2.43684116680902	1.49448530391582
-1.90182864459946	0.885380623351335
-0.239697493519569	0.0717161251027855
-2.50013836544569	0.752963874303395
-1.20503385113845	0.608320982103034
-0.799384730349809	0.313994766411991
-0.788557253640922	0.328184193825966
0.149497774184179	0.0652478588796163
0.0957362550105776	0.0314439953496035
-2.32449770110435	1.31362802262765
1.38427123595822	0.453531705710845
1.51851034527934	0.997270570747158
-2.01981034940835	1.01182941085658
-3.32001561112394	1.2286468506821
-0.785799206623259	0.308916359944029
-2.05849704146216	0.555726647791374
-2.0194495904407	1.00541298291912
-2.50013836544569	0.752963874303395
-0.794445579464454	0.398102634465185
-1.18923985965596	0.586073721769012
-0.0319070759216572	0.0118619357751049
-0.213201314285913	0.101219461831201
-1.42784672307586	1.0418021672673
0.0170169246376005	0.00444878785056413
-1.90456248042686	0.923160165478023
-3.83292280985361	1.61174953394805
-0.463069494216064	0.155154678104808
-1.2743358009274	0.846185634605418
-0.910416098746224	0.580311958904706
-0.308876818745061	0.147986221361177
-1.90423975710665	0.880390464481532
-4.10243022979232	1.88878493675837
0.438975446254237	0.213306037738924
-0.9014933765064	0.479618719730977
-0.381737442836928	0.174063082948221
1.10555478902082	0.765333184093378
-0.235759541131017	0.0743536615313082
-1.89747602012773	0.874942133637957
-4.08575579739301	1.85659278461956
-0.397980784381718	0.156053100869404
-0.0295958099395167	0.0109147211030475
0.544736158552181	0.195916011765574
0.290365479001933	0.0993858055555738
-3.50424787188215	1.33990468054318
-1.92865634905262	1.38182975865029
-0.11420178102527	0.0510198267056278
-0.42199080068596	0.174416164992122
-1.28519430737504	0.87417199121041
-0.642910944207224	0.329057917584509
-1.62292676396146	0.681217186249375
-1.38250936278202	0.367021552852188
-3.51002640341346	1.35960019139027
-0.630073644076241	0.227947698432444
-0.552497826531333	0.244203874847817
-3.67542911223521	1.5080288603743
-0.103537816594555	0.0360452703150643
-1.45475935214366	0.568568727829898
-0.671222389862984	0.326619713656679
-1.25624524034557	0.80717376684422
-1.90929142208703	0.892362001246049
-2.46187190308743	1.36593717388984
-1.88675989886483	0.899582632974469
-1.31321099373742	0.691853692635405
-2.01301489216656	1.01569797622347
-1.59027988537674	0.933054806230991
-0.677166150395184	0.447331876675417
-0.613502517528804	0.337731603236733
0.0266502155888625	0.0106150165965322
-1.47038522834037	0.584206087761708
-0.153952350554558	0.0633929992994505
-1.46531308563971	0.58072512893609
-4.32049210946296	2.14424430006945
-0.803113312276107	0.40040633084328
0.433455961026827	0.19813087119137
-1.08296701167161	0.355784995732612
-0.027181034619861	0.0102092089920865
-4.19791019641284	2.01921620753843
-1.62703350911954	0.679468129754924
-1.20319716867919	0.76744936969239
-1.33686957622509	0.908572059219508
-1.09062167954909	0.675080188343809
-0.713342906115879	0.410840276970434
-0.693476602905449	0.383169991110455
-1.92665335158938	1.33874691079743
-2.69697677558002	1.90065815858406
0.316112019057402	0.108362341767163
-4.09437357565872	1.88932055844366
-2.23598398525561	1.19649132014883
-2.42741605142377	1.46727847343696
-1.00762260395201	0.579937525209659
-0.0534347786429281	0.0250410126035179
-1.01439414341986	0.550731662392974
0.747978861231874	0.441786396544443
-0.414554389119632	0.196060512244256
-1.31017113205983	0.698498479731548
-1.41723552526033	0.797949219189455
-1.28612272133958	0.469207730976362
0.696085518792716	0.384729935672812
-2.22359648346106	1.22282073940225
-0.426022591033761	0.228182799932164
0.293076815762659	0.119274131235653
-0.444524194109702	0.151473863137675
-0.0293860799325652	0.0110885414164673
0.275714670112849	0.134580992419613
-0.431080342533126	0.270384331746956
-1.94825392859579	1.83112800971215
-0.793929598863721	0.465766496979947
-0.972953472099093	0.659441753432054
-2.6046542100762	1.69125238368762
-4.10507039112117	1.84016161303104
-1.76964722665995	0.808319368985556
-1.4693881231538	0.561815083506284
-0.405740813331411	0.190767984172624
-1.63181652225653	0.993410369715101
-1.99261752180097	1.40676072064064
-1.67598809670212	1.0380233364186
-2.07195736828947	1.59679912089056
-1.31543906821479	0.690154190899445
-0.207543379164604	0.124347729338508
-0.442400711819767	0.264065486567457
-0.149863888736285	0.081692084923387
-1.45530140517973	0.566168385659182
-0.0143328382817142	0.00546647625628607
-0.799249054191148	0.404145182678946
-0.159657105482141	0.0813755078535544
-0.288812269961545	0.129992082134573
-0.793656797395418	0.329827024483952
-0.927697264742994	0.403814054847775
-2.01550249538026	1.01864828980222
0.673289266406473	0.343441220596907
-0.825170756351708	0.615878016453164
-1.13936510022028	1.08072907956545
-0.953607750882631	0.619101310494673
-1.59005247230606	1.50617584389729
-1.06165513920545	0.499879727504429
-0.898950455682977	0.755778869097724
-0.609186741628064	0.374185300930146
-2.83016410612612	2.07249465365552
-0.787293911475211	0.599315748705539
-5.17643558773601	3.4433266698934
-0.829305204092071	0.498017374137303
-2.13381163617053	1.141893242032
-2.67368938916877	1.76610696870337
-1.07051048045673	0.618203878896293
-2.14951377663434	1.77626503427177
-4.30252124612253	2.09979805363882
-0.29661988517274	0.202363771793722
-1.31945488291727	0.650066266405874
-1.70828849620038	1.49732597508472
0.794261587644247	0.545231325033154
-1.10842096270597	1.18388560190138
-0.0733998546726137	0.0329563360955963
0.542923266600845	0.346225558028052
-0.49095561436468	0.390280037242013
-0.386222311842513	0.244628103271485
-0.263071222231802	0.163514075479119
-0.889496745875738	0.471777669882726
-0.835758223655926	0.247067093704583
-1.08402053888593	0.511648148294001
-1.42018580172768	0.808533828052189
-1.48777321580859	1.07957746370394
-0.258152467524204	0.0967783070003217
-1.63122783285569	0.692084581296506
0.282515542136936	0.126860669065181
-1.53014240139513	2.09210078680838
-2.27031838020866	4.19314935490097
-0.863831578150439	0.831927660190192
-2.21292512153168	3.74132112952615
-0.256748992804178	0.158593743897631
-0.769505828340998	0.637921357687157
-0.411797539961935	0.325551030398687
-1.33601382887646	0.896299481749585
-1.10002673788382	1.23335737188492
-1.35847973528197	1.13509331405528
-0.982329022810287	0.744577820990177
-1.38221307608129	1.58811951218587
-0.754196409423415	0.504683535657633
-1.70221334845613	1.39782016214908
-1.40453507937628	1.18118472440814
-1.10692265132586	0.954246116961261
-1.28970370549632	1.03603642351246
-1.09475542198949	0.674416150100841
-0.630545097363201	0.425337237883526
-2.21777617379995	1.9281634995952
-1.16719867015392	1.31505482654951
-1.63563673310405	1.28893725228754
-0.268905147858461	0.1775719881681
-1.35180141494209	1.31353021071476
-0.942574471000659	1.01561981745941
-0.429814332060413	0.265879734355853
-1.00764267204373	0.892837828513004
-1.60806411829894	1.88823934030014
-0.582869808888606	0.423028479189725
-1.84703328798951	2.4016427830823
-2.52206926735667	3.0844146953245
-0.0596113539471836	0.030852377063831
-0.935794177892823	0.944383734124625
-5.05307993644446	3.12921771968905
-1.62148608494655	0.697491772953892
-2.25121127450569	1.22664750186174
-0.881244192926306	0.466578654365674
0.144695591638554	0.0722176270873157
-1.27473197125318	0.855832127006159
-1.49907428634009	0.862512367778549
-0.88511118142981	0.458443107635368
-1.27194426123145	1.24965779604651
-1.3370556376726	1.16035794240953
-2.40842775825673	2.90637560190317
-0.6078117764348	0.643290728300021
-1.58809758914074	1.74523960271834
-3.9311146927769	6.99609060558641
-0.932780014505361	1.07318230645386
-1.71091902369252	2.32426202560117
-0.200698249948995	0.156356772341843
-2.09968999432609	1.63450364372917
-1.81738483094992	2.19929442422734
-1.35042710082332	1.56445036560814
-1.64946651889152	1.963688934332
-1.7698974765089	2.13115844380929
-1.00505964000922	0.966298942147696
-1.59163664642395	1.54600873274703
-1.11679771394657	0.788246225269417
-1.94633057934683	2.23658355552372
-1.95496325730767	1.35224007979574
-1.01661605923422	0.770981853032562
-3.26230791971082	2.82719953898315
-0.779915730804171	0.487360899642117
-2.99330175814127	2.23805576665767
-1.7428970559777	1.50815762306954
-1.11466525464131	1.04882083053872
-0.268857642791742	0.17066774950492
-2.4008776940904	2.02908251128018
-1.21796184617707	0.773223145536537
-1.47700088771616	1.39073354378865
-0.922151978588301	0.840816888254832
-0.676867338093376	0.604679333657282
-2.24215204044385	2.5447646113947
-0.944988513279046	0.910326882606767
-0.332935096684994	0.21415918818959
-1.00486721644317	0.891245944148923
-1.08827061302014	0.669852128295237
-3.31419133549641	1.21069698468705
-0.927853882103122	0.406350556748386
-1.00240717322295	0.559443453243803
-1.38040774763261	0.882325939154265
-1.07802029830763	0.512367592809085
-0.5493858416106	0.247409019240847
-1.89005320406974	1.31146511340928
-0.431972889702485	0.312995437112013
-1.00839399315688	1.17314752945101
-1.90994442817989	3.17444447083969
-1.61694041306452	2.05129063117966
-0.544648449777383	0.511476155485065
-2.58843993935047	2.66430107754065
-0.924279082787962	0.871494184547295
-0.910243040383075	0.892374022980887
-1.19558071379482	1.21657055060399
-0.984908248872729	0.841915743313167
-2.24023326116917	1.21480676996995
-0.929135027795659	0.718929518901974
-0.799534762521615	0.724867473989795
0.337219534267908	0.183598899782281
-1.44341054616931	0.774482429705793
-0.145933937109913	0.0783502892415191
-1.69849355672734	1.43198878229144
-0.432106442184117	0.236892219836316
-1.86079023503085	1.31540884931355
-2.67185757839138	1.79478829797872
-2.42823445599464	1.50104044742044
-3.5644517256557	3.70588216715752
-3.17297237440342	2.66440521605246
-0.903423036042854	0.674041833279414
-0.262089674607869	0.141188826991868
-1.78454302312609	1.19788122161348
-1.10351310618377	0.787202033705745
-0.691188307489413	0.4862283076605
-1.79380220199813	1.20424692061386
-0.107316851888868	0.0466301006452751
-0.285147979903617	0.186927794788214
-0.605573701753516	0.44802908434253
-0.975698572910199	0.66251788357659
-1.1904396447138	0.696567679373599
-2.95387961796275	2.27070596921313
-1.10905593195961	1.03394504151635
0.244406693641567	0.130293445143371
0.0962181077379262	0.0321892371938324
0.102700533074077	0.0342318164177142
-2.14479557855796	1.07423554328707
0.0496941847674297	0.0226348191493917
0.488793210968898	0.202791060878618
-0.0866508181145365	0.0373960091412518
-2.24010448281573	1.20945139794555
-0.991982436898001	0.559151426355675
-1.63003376467064	2.07853059653756
-1.09979526557259	1.50580842969353
-0.677925384946298	0.71031310032504
-0.693089537410454	0.773129718002862
-1.40270145726946	1.87260719371387
-6.07667598401472	6.30326806739058
-1.00141304781073	0.950410159165336
-0.607858286344631	0.457300737994778
-3.25943644570238	2.93345206155182
-2.38618919331819	2.87948338020893
-1.86841490608728	2.87083842099544
-2.76201282282259	4.22261465703677
-2.04292951805099	1.8726990458966
-1.40790368413777	1.17421413693765
-3.14920226624815	2.49988149425049
-0.756968252400331	0.536699492401302
-5.27507013336997	3.97686647414955
-3.06651470657568	2.49301003570082
-1.02288780839501	0.790925116748893
-0.813209410801632	0.562585802950413
-1.43219889620609	1.04808742687676
-2.47592998778183	2.33497925136409
-1.58413159278838	1.17052712924417
-0.335905401438165	0.16713774244031
-1.07011239407769	0.988660955875772
-0.0819717675160749	0.044773546329302
-2.02645102251455	1.90166791937809
-0.741517966344567	0.543028407724759
-0.791367223674382	0.753816194812813
-1.06778605098331	1.09702195705766
-0.983975177888046	0.558901262020796
-0.410910804575574	0.222109885887592
-0.342624200432292	0.241459310527105
-1.5217791694998	2.06895892041437
-2.14803103730583	1.75527311471238
-3.51002640341346	1.35960019139027
0.496501747519825	0.211337012258199
-1.19889242364729	0.568765970258833
-1.14058840549592	0.819795427386157
-0.682048512990485	0.309047256550572
-0.792504010639737	0.324951894497707
-1.86495216118329	1.26421560591611
-0.570843998937429	0.468959699752522
-2.84589243335769	5.16327033203786
-1.49569896073418	1.92714052920087
-3.46974337236979	5.30610447137735
-1.79027979141582	2.7002374138696
-2.61827941663654	3.59726419657113
-2.2224655431628	3.34568580959656
-1.78507208028256	1.87147651504833
-0.976665448126655	0.649192812050729
-3.46026919598815	5.31521850950436
-2.96226803374332	3.66519203543839
-2.01425992120987	1.99219030071864
-2.88123960793944	2.13107652719181
-1.68657211954913	1.93688354044988
-2.16482499824505	1.81329784985352
-1.43462396608631	1.03210509571493
-1.91463724565327	2.17138032421746
-3.06763389968025	3.93929056353522
-2.21832675990398	1.89722478433065
-1.75790234169171	1.87776668749314
-0.94828013473194	0.659805459347077
-2.54201336195068	1.61113794254344
-5.45179179378266	4.44731397718485
-1.12514252647725	0.935175271458808
-2.96935833077486	4.82128006344247
-2.53985457708068	2.49928495238256
-1.83885502015269	1.65773215796912
-2.03411025959058	1.56092797414841
-2.58666994343536	2.59098362980714
-0.914295165778436	0.694592079970555
-0.745189274959147	0.565472919694174
-2.83706521544041	4.29774342286077
-2.35974908744175	3.39300175308509
-3.66138393096739	6.34762372168163
-1.91951342161349	1.90692036432795
-0.551998270480095	0.249636594332139
-0.988939600400855	0.556609573964899
-1.89867581433323	0.908679611146278
-0.0864384886681072	0.0301454649546032
-4.20942311762092	1.93313774663482
-1.06131057785265	0.496457435800102
-1.3760637254443	0.907132918887269
-1.52719026892481	1.42314768881796
-2.45032321352751	2.22600191074186
-1.41069488933671	0.991283699262087
-2.76379727665243	1.96541108495975
-3.07999301221842	2.40917808444982
-2.37980331411878	2.03420455743781
-1.20203489092654	0.771694105797273
-2.77456211603459	2.00391134128115
-1.49806846274632	1.0984787851569
-2.01531095459164	1.50941864600689
-4.885022784146	2.9523339547733
-2.24176435577589	1.22234532076165
-0.512614401960069	0.26298151185383
-1.09212202880135	0.500164806367416
-0.770468769460876	0.380102499977925
-1.40081987541438	0.771935885240767
-2.98916440371362	2.22913862852336
-0.713210911346832	0.411001014404069
-0.520125267294445	0.275963385999683
-4.58449193457268	2.43102051635529
-1.62323077070883	0.955615117652795
-1.64325653761932	1.33064670405879
-1.25100086679798	0.991491831144304
-1.88708678626262	0.902546188792024
-1.41417262056645	0.76168911627057
-2.02715950232583	1.48951026314908
-0.971344644220324	0.664096618163517
-5.50218195645068	4.40989760428997
-2.75150637153829	1.94366475535638
-1.07183950386774	0.503501564219674
-1.42820492262232	0.800698449262789
-0.106150791610063	0.0451701663330707
-1.86293728202601	1.29952801446131
-1.28045797470991	0.853447439403267
0.155833466955431	0.0678887648837927
-0.79990773663214	0.486222198761043
-0.997902761535526	0.567039308060732
-3.83381493003716	1.53637279438749
-0.77398020486762	0.396906834926286
-1.16210195018038	0.706743915569923
-0.678659744641875	0.326108788723836
-1.05619415399708	0.488620999315796
-2.00813888143313	1.00147839336171
-1.52860268211579	0.898187922208599
-2.12634473328033	1.12397032987255
-4.77587200260499	2.86653504903541
-1.50687089925401	0.850633470000785
0.0108000701008036	0.00454736068034038
-3.51136787314652	1.34167387473063
-0.459496279840481	0.155547395894627
-0.519537408275333	0.268551911323137
-0.404008451601187	0.169441717286349
-1.4288137568207	0.757945928668187
-3.6806634193175	1.50623217393168
-0.622074998973986	0.232524309157841
-3.84119888972289	1.60102378285863
-3.9706675090944	1.75821571282393
-0.336016785949863	0.190946617278464
-0.884443267324979	0.469154198938583
-1.27805932009521	0.464543188836519
-0.511464939122905	0.262668166040603
-2.74915065558452	1.9163040253004
-1.7106404055141	1.14249331208919
-4.10002323579127	1.82975943886973
-1.07719625785892	0.365069612392098
-0.516215201709685	0.137775183819285
-1.18445458221192	0.575572957005718
-0.0748325601695964	0.0353536354343156
-3.67764744025752	1.47487100615931
-1.28904102514027	0.470679738640395
-3.6806634193175	1.50623217393168
-1.46496086183775	0.589774817651462
-0.516952935597397	0.134997042674037
-1.88907528457237	0.887640883852254
-0.39824064686875	0.164367952464829
-1.2722630759367	0.868525800358596
-0.631905776151263	0.240362377309985
-0.783450214832148	0.320146696680835
-0.0374790785186018	0.0139272312878953
-1.50689249071965	1.15402883316166
-1.51002658895369	0.891223001479019
-1.52346249515698	0.86135065021589
-1.05925948350393	0.493930539701895
-0.902490838930495	0.482962263123721
-1.84475702965919	1.26053758574224
-3.96751565612156	1.76542496946504
-0.160444266655774	0.0652902296790066
-0.458196298975351	0.157218046170928
-1.61019103138686	0.671970639760885
-4.07752719661903	1.83258040626423
-1.41594102022883	0.807167445726209
-0.65503398946736	0.291754299691959
-3.83060390306879	1.61163531430718
-3.09758000874198	1.09367827811836
-1.75134944946046	0.773354777526637
-1.78210945443724	1.21219134921434
-1.52324590723933	0.898922576033446
-0.529035965758873	0.258507956981785
-2.13826158751059	1.12930390914404
-2.61997084533694	1.73711107246466
-2.02358791062945	1.03128664715674
-1.21418629977636	0.596281184517425
0.142543784306935	0.0672831814535884
0.0666549654317352	0.0317840921300926
-1.08444708184547	0.515662485031997
-4.21036385676815	1.94411343701246
-0.253408034734977	0.0976945190484711
-1.3994466029522	0.733916906326956
-0.506788398850229	0.253266872012166
-1.06093967007323	0.497849072619327
-1.0960006156533	0.649838972233722
0.489597130684576	0.199182993192421
0.0100861335019789	0.00286449573951946
-0.516902114100537	0.260327439689064
-1.75624011026417	0.787515537048209
-1.42494629528074	0.770272373651427
-1.27419005615757	0.875532135114445
-0.784315005123169	0.313220724246134
-0.779082829436624	0.382851157793754
-1.77786301426588	0.795543300761995
0.260384238260066	0.136296380432478
-2.0289802840751	1.00012467599335
-3.84070383666931	1.57127207766429
-3.50923973767825	1.37307967191977
-3.68343929226872	1.50245061428202
-3.97884651166035	1.7558314504842
-1.62055698821767	0.687949146614241
-1.46612006088171	0.576648751369161
-0.771441417784442	0.390090400237162
-1.06822929538793	0.470489542201135
-1.27870620171835	0.838285700024686
-0.61298378037447	0.330530475411377
0.703422926928947	0.314313799039436
-1.89332903248143	0.904152519565053
-3.50845296259871	1.37767035504347
-0.643411536051518	0.238554248567639
-3.09293870382283	1.07206408964027
-0.417843968076147	0.170717083771728
0.303443340359968	0.102867153008531
-4.08575579739301	1.85659278461956
-1.28408966487073	0.471627669451728
-0.800061569962097	0.326684069273725
-1.62118389069422	0.697505577276637
0.312326990789244	0.091967371353939
0.547153124490705	0.128061292620407
0.0119481861389783	0.00319511477387208
-0.240583170030325	0.0759160124673235
-0.933600890461784	0.397428874951538
0.495423807254747	0.205272339018791
-3.51426902866386	1.36923995903935
-0.795012917681561	0.318916030750128
-0.829590086194977	0.249784329587004
-1.46788844070669	0.57076637753465
-2.83133823353176	0.934971127868472
-1.90711552496865	0.886137223305477
-4.0853330548625	1.8072177715669
0.305811752901983	0.10692707774959
-2.83133823353176	0.934971127868472
-0.41376841984653	0.191345009197328
0.130058358216062	0.0672482099646034
0.316999011228212	0.0928334677014698
-3.09293870382283	1.07206408964027
-0.626453246626016	0.235162891105832
-3.81986957771911	1.56199734516279
-3.10225524298542	1.07674434808323
-0.830458254376926	0.253340793357874
-1.46612006088171	0.576648751369161
0.548332676093981	0.128537566389422
-0.643871353680163	0.235825425130463
-0.838292132460631	0.241553764999905
-1.08351437608145	0.362192856986952
-1.08630885829326	0.350050118635201
-0.516215201709685	0.137775183819285
-3.51582325847333	1.33026263386513
-1.07815892867015	0.363555579143483
-0.517911135702038	0.138411916640514
-1.08468828603038	0.364000574994916
-0.444847418648464	0.154683306332178
-0.834152635363741	0.25296310080088
0.876913273177095	0.327984636137175
-1.91382539722528	0.860418835658826
-1.62176236543499	0.689619267245939
-0.629964169762834	0.235860498880937
-0.836488039593396	0.252939757569518
-0.837725680837318	0.257618742248887
-2.2367285619112	1.25712879019829
-2.11859244055226	1.10262729068544
-0.102333179265237	0.0459273997455919
-1.41690279833336	0.779727882729453
-0.161703006159553	0.066785282479503
1.51550506895159	1.03613031674226
-1.76330653558045	0.794700766284415
-0.703191967876061	0.387633341338966
-1.07560432584591	0.506373981696817
-0.519047917270715	0.135752304649831
-0.624794206308367	0.235640817465508
-1.07239798793769	0.358269457626047
-1.46496086183775	0.589774817651462
-1.29917489848011	0.476122054473989
-1.08684370995373	0.350422863690893
1.29444903283975	0.690241058104021
-0.540647191815898	0.239132276806429
-1.07381227391188	0.355463167451648
-2.02535536289144	1.01763781690643
-0.26926897127977	0.0975695057127338
-0.458464353123078	0.158103272835044
-0.5223760081113	0.140414884928745
-3.31902457203743	1.23889070538812
-0.231902249463905	0.0690277971400988
-0.249244895097703	0.0761553805865339
-0.452940443291279	0.154432635083592
0.562721254126936	0.208189832473217
-0.0199231155388937	0.0074173135283175
0.00647192573100934	0.00280989421010705
-0.663017581382933	0.31003921907824
-2.13978988449766	1.14228115212999
-3.50980813755273	1.34273849079814
-1.51536072247411	0.889154152158979
-3.9706675090944	1.75821571282393
-1.76209456736589	0.792956620823847
-0.789776596201899	0.406108050268974
-1.2738982315473	0.792297125198167
-0.52281695180699	0.269834603567031
0.00298077432063811	0.00148424160529564
-0.45458800719814	0.158024455337096
-0.520802749971932	0.137595352476473
-0.0863987951602957	0.0303552326705985
-0.842809859873287	0.247804433748461
-0.941651101086945	0.399877238452636
0.291953538138779	0.0997013566526254
-1.61615783093139	0.681500593514244
-0.25398767445407	0.0949845025736836
0.81179725150133	0.393963397285768
0.32378945791284	0.0941270332049614
0.569458359601756	0.204882241950826
-1.08351437608145	0.362192856986952
-0.834152635363741	0.25296310080088
0.564980395749206	0.208097192284688
-0.837725680837318	0.257618742248887
-1.28810247494672	0.480815408735924
-0.932066021050477	0.409511365751847
-1.62148608494655	0.697491772953892
0.878170446451773	0.323354908580189
0.86205551474006	0.327454016979256
0.00624120463056556	0.00176645845508515
-0.447660229415192	0.156725286930136
-0.894354937371069	0.488894391243396
-0.265686364591878	0.100092921469523
-1.28582759939796	0.833481596540667
0.614176733984612	0.291062195397163
-0.242612421918724	0.0754243237901665
-0.250146905019726	0.0953795198999926
-3.96504867967752	1.76513755671617
-0.622338144835426	0.228644390694498
0.715278670822475	0.309334136422218
-4.51348912551055	2.41204397924636
-1.19375978617763	0.581829121771273
-1.47431568649926	0.569773904228264
-0.405123567715125	0.194061146055305
-1.46388054629243	0.583352560036141
-1.88765553982616	0.895281848149954
-1.08146369633388	0.507357521845438
-1.07584917555014	0.356945538003037
-0.45166195169278	0.155188289957166
-3.32488003028897	1.22287774231669
1.87110733943015	0.599602400649659
-1.77980601081645	0.769669729573342
1.72503320179276	0.841369281894478
-0.240415257229644	0.0763442857745277
-0.946528688341671	0.407134036196552
2.70103916327475	1.02243498183666
-0.287795054286461	0.103038562618392
-2.49348075277667	0.760631300990853
1.28565611818843	0.582455107383399
-1.37855256949683	0.369087290450251
-1.08492058721772	0.364828477810771
-0.0960204357638029	0.0330998093963985
-0.246439141799044	0.0773722564020785
1.25616714300528	0.807174286297913
0.871463876666351	0.326278868410334
0.410045523249467	0.205027568538605
-0.524683569236692	0.139865316336557
0.0911539069596548	0.0309119458369361
-1.39951220119314	0.762042609334141
0.163724245222217	0.0697813658509559
0.56205309152371	0.205898587831582
-4.41155730015283	2.29925889194657
0.136369365104318	0.0602500396560245
-0.776398473135582	0.36724068843558
0.0987636925633791	0.0327172408958427
0.0171650322908815	0.00438522297611842
-0.415122283754834	0.168521316942328
-4.13619831066988	1.57710349966232
-1.77488482709226	0.785872545280046
-3.10336310613868	1.07624884357692
-4.31209147039507	2.16157699857915
-1.90157933705092	0.881603342560341
-1.95898921437445	1.43457308700722
-1.79143553378151	1.24013457649851
-0.466364508214487	0.157222108333492
-0.526073516359683	0.138632567811719
-0.619081968393635	0.230505007909717
-0.530441565236403	0.138655344135078
-3.50845296259871	1.37767035504347
-2.12947448634803	1.07843733127845
-0.628449505455588	0.238599962714579
-1.47091001652217	0.573558052645274
-1.28761288766524	0.469346286108944
-0.921575183932827	0.394472135558082
-0.837725680837318	0.257618742248887
-1.28904102514027	0.470679738640395
-1.27795436592476	0.460818971366375
-0.0974411559193684	0.0219556283179796
0.541100401848291	0.127818857380943
0.295130120083241	0.104027611003677
0.329414764622806	0.0965032236713675
0.495215035207623	0.201409888702803
-0.11292737841536	0.0378850015313371
-0.559981027576022	0.245517106061746
-0.787901769698619	0.317380685784348
-0.282740961284691	0.123366328710364
-1.05925948350393	0.493930539701895
-2.2264732834279	1.17977716179571
-1.27948978848226	0.465867855603237
-0.547126061821594	0.24592424007821
-1.90760525753821	0.910312324671241
-1.40156370891812	0.733051358626664
-3.9756474725053	1.7159696055981
-2.49582076805792	0.739355067527278
-0.83067879407783	0.244996107213328
-2.00178255645968	0.974523893755337
0.313385758790342	0.0904571675705358
-1.88626452575857	0.863541417879863
-2.05021356478115	0.569031985318464
-1.75326625850876	0.762306803125342
-1.88606333250934	0.89830837442401
-0.792981035774862	0.323944718420955
-0.938800374496538	0.414613794566336
-0.634834368695516	0.240745569314624
-3.32909605112018	1.17396989475489
-0.830887096458826	0.2476956260607
-1.28810247494672	0.480815408735924
-0.837725680837318	0.257618742248887
-3.68231262623632	1.4547959020232
-3.9676383808452	1.7331486047448
-1.28225088407572	0.472932749218288
0.737212301794485	0.222878174874788
0.0139959218523678	0.0036885772222902
-1.08637211966678	0.35550676919895
-0.4098473987211	0.166297291804649
-0.0974411559193684	0.0219556283179796
-2.05021356478115	0.569031985318464
-0.795637781501318	0.314127960696099
-0.163675611004753	0.0664656430304357
-3.51856233104499	1.30804474671761
-1.89450667558043	0.873382324741323
-0.681193892661491	0.3146311925625
-0.516349228062283	0.261801521656542
-0.411856045508434	0.172923301415085
-0.670470825849838	0.325031646165415
-1.12060970179611	0.81377611147315
-1.0775029851148	0.361295530740018
-1.4601038558071	0.568742589999827
-0.00328469223412777	0.00170460614122792
-2.83342854030316	0.917117446615148
-0.834249424385902	0.250115174033497
-4.10023150874893	1.87616228497963
-1.0728426414874	0.357886269207487
-0.00843231925751619	0.00359464763751607
-1.59417132548256	1.22071923978678
-2.03005310254199	1.00376883674801
-0.0352554787904056	0.0128777777117321
0.290602968562704	0.0993568255777985
0.0382021755814242	0.0171963419954954
0.969405169767644	0.434691883478467
-0.935727556412509	0.404331865995442
-3.09758000874198	1.09367827811836
-1.62832866336978	0.696958855066713
-2.83249128745503	0.934154025578548
-1.75713797326246	0.788541628720663
-3.09758000874198	1.09367827811836
-0.103454251251196	0.0224939498894034
-1.28358451008746	0.470403258949645
-1.29383584152203	0.458126598834964
-1.47425200521584	0.581510791687367
-1.37855256949683	0.369087290450251
-2.83249128745503	0.934154025578548
-0.531841967384847	0.140696319301189
-0.946454608574191	0.403294272657585
-1.63071650482002	0.669522256961164
-0.0845449411877476	0.0290310789029432
-0.640462082111983	0.231266328983134
-2.22508209275131	1.23298467448039
-0.793959773410205	0.326699174922422
-0.99663055600474	0.55422784410731
1.23973123481851	1.04674960892585
0.299998876439761	0.106399477185425
-0.45047797515628	0.152981641922131
-3.11016549362482	1.06811464422329
-0.834152635363741	0.25296310080088
-0.415352830575012	0.174255491835327
1.28906167266882	0.597099236327132
-0.10075853176445	0.022608042052954
-3.68647118353199	1.48748332659894
-0.661366417974963	0.318253541699852
-0.810370589990674	0.300695788019709
-0.622338144835426	0.228644390694498
-0.0809243609772946	0.028513850036816
-0.454295404955877	0.155440569829613
-1.40994141985655	0.785620573509505
-0.290435454409549	0.131372297221596
-3.97072375453241	1.74974547723431
0.709124623466922	0.321372310120861
0.545286400011961	0.127906532067442
-3.33190248695464	1.2186517956945
-3.10447167066501	1.05661139143271
-2.05021356478115	0.569031985318464
-1.37855256949683	0.369087290450251
-2.83458329559744	0.91634542093066
-3.09183480000513	1.07302576822624
-0.941929538527164	0.409798612251747
-1.61467017978816	0.663975695785048
1.27625647020706	0.669771048500207
-0.828902080556811	0.248526627312195
0.330503838615018	0.0950000287859347
-1.28679639482219	0.462428202860744
-0.304230897583094	0.153579914469369
-1.76225203392004	0.785426975833256
0.318690280544721	0.0935093374158256
-0.241156086274174	0.0738964897839881
-0.786191012456429	0.394795247091924
0.0834447661988869	0.0277609344556171
-1.05607505349905	0.471177499434702
-3.09404330590539	1.06245153955413
-2.82800405415571	0.916370270350291
-2.83342854030316	0.917117446615148
-1.78302044082942	0.784815115752093
0.488558418199875	0.203634514366613
0.012167656323443	0.00333100009968121
0.318143538060255	0.0951754671461897
-0.826886475386905	0.250046085549171
-0.827509018985055	0.248646107200568
-3.31319464395181	1.21509579750581
-1.07966622788214	0.364695080877922
-0.804774062147091	0.322589610757057
-0.525823473591188	0.142192228149134
-1.281024788334	0.460882451016039
-1.08425366242167	0.369278140646016
0.705930435978342	0.308207055216183
-1.28905982097698	0.471219453128939
-1.08328339450837	0.370848428206928
0.00300977945299046	0.00117310960192282
-3.52811933427312	1.31723568476893
-1.62208854557427	0.687770927901318
-0.235918652264616	0.0739415337889668
-0.787547408079597	0.325183443103057
-2.83911454540015	0.928351077103762
0.00860170294494074	0.00254293128322386
-3.69453848599467	1.47622328748813
-0.5223760081113	0.140414884928745
-1.46496086183775	0.589774817651462
-1.37855256949683	0.369087290450251
-2.05021356478115	0.569031985318464
1.87492520164159	0.596544505245442
-2.05021356478115	0.569031985318464
-0.240583170030325	0.0759160124673235
-0.828502094065778	0.25094168663078
-0.254278904842024	0.097527726528455
1.39103758254509	0.436160405221504
1.37981396507491	0.447741419807757
0.0857901128666627	0.0289172514118167
-2.1288873818487	1.12235479690943
-1.28563619486867	0.466502345115354
-0.777887154384829	0.383856915492296
-1.88181929888005	0.881903642559595
-1.08522412925042	0.362643044085522
-0.449622976654422	0.158402020614659
-2.82800405415571	0.916370270350291
1.29016416812262	0.610732575276097
-1.28835776401867	0.461594430380261
-0.427925339125315	0.177073220618966
-0.907790062992179	0.480241888044524
-3.67820160344977	1.4675144156287
0.153373725939992	0.0724082960645933
-3.96739014010282	1.76555281676816
0.288676916723893	0.128237650748935
0.105504396993147	0.03334716648882
-2.24948803980069	1.27814431234421
-0.61719966919793	0.228366179372749
-0.933427686649141	0.399961864688937
-0.629402459532119	0.241710413150332
-0.791141422213931	0.404565475173334
-3.68620241418567	1.41847171467586
-1.2795883046487	0.459586639042885
0.0939184180182545	0.0307148458358619
-1.89708523022551	0.913049810412864
-1.46296467847683	0.575477575419732
-3.09868623597984	1.08730133775312
1.87086746772841	1.13229522347355
-1.76876225241453	0.789043407885205
-1.45468715645993	0.565479508224816
-0.452047298601351	0.156919646143955
-2.50662138300429	0.751156666336677
-1.46015956548501	0.574745191187339
-0.62808112104044	0.237331995698312
0.713081960090765	0.31039843023978
-1.29504285377352	0.448559640077065
-1.37855256949683	0.369087290450251
-0.256572943577263	0.097031954432904
0.547391394977736	0.128082186515472
0.558111232390697	0.204493417300908
-0.517309033384816	0.263928845043836
-1.75303234832685	0.778568418740643
-1.27830459942026	1.02187257137617
-3.50345173957519	1.34706552782025
-1.52393822800407	0.859182140594601
-0.164808765359746	0.0672250561817145
-0.27568060569856	0.122173256849732
-0.544447384093955	0.246435190817244
-0.508059622653731	0.262662959823357
-1.0734814902403	0.510210101633146
-1.1813917260602	0.573467004030083
-2.1330902103129	1.13116387224999
-0.311664670685408	0.154851084014086
-2.33001764130866	1.3515443265713
-0.657052947420681	0.291088120540521
-0.413995904044387	0.172363919069318
-0.38218225283505	0.178194281811099
-0.242622413069517	0.0769806307874468
-0.777040174981359	0.30443917987033
-4.58903984748582	2.54727737927138
-0.271508961375715	0.103085346787567
-1.3043555048933	0.689692164289906
-1.50670718185488	0.869497229282621
-3.67820160344977	1.4675144156287
-1.61674769496294	0.688890515321042
-1.46603941705047	0.583389390662394
-2.83249128745503	0.934154025578548
-1.30438936281033	0.690931701885947
-3.6787553260205	1.45189113308096
-0.625705234557545	0.231051889327707
0.30735452773856	0.120671326941948
-1.89708523022551	0.913049810412864
-0.629120617638175	0.242192445289825
-0.949641516835462	0.392598988599703
-0.525823473591188	0.142192228149134
-2.82685472330953	0.922711444031235
0.00521195475823335	0.00163044193678137
-3.51271430694623	1.36017277331587
-1.27748366018139	0.464006152680012
0.73385246045154	0.223936714768893
-3.51426902866386	1.36923995903935
-2.02261948331376	0.979828310215802
-3.68620241418567	1.41847171467586
-1.28025734148033	0.464687579341
-0.504399709095566	0.258387454758158
-0.632995923339508	0.238074331634958
-0.792981035774862	0.323944718420955
1.28104469877687	0.616130790347714
-1.18608391073058	0.580104953365407
-2.76147270965648	1.9495703888013
-1.17771580224742	0.561072453131532
-1.41566296093592	0.793980672055697
-0.949287321100074	0.385791803052253
0.310562681477304	0.107899640684361
-4.09691207310545	1.90310201199406
-0.093216286190025	0.0323076826766269
-1.77276740242877	0.795858789086137
-1.20228402245421	0.611155882508309
-1.76431009999098	0.793187648967718
-0.254022368147924	0.0979008627594015
-3.97639417397208	1.72013357937624
-0.103948938199882	0.0233524604803125
-0.0804917564388344	0.0269387832177468
-1.62413903220705	0.682856112442981
-3.31419133549641	1.21069698468705
-3.81918727481022	1.59423504555658
-0.101997947972724	0.0220402603950303
-0.539567818065245	0.236264209618833
-0.827509018985055	0.248646107200568
-3.68343929226872	1.50245061428202
-2.11774094270881	1.06463935649512
-0.258621436832698	0.097941950574504
-1.08159859302741	0.3563307873072
-0.51812082156918	0.137106412514332
-1.62208854557427	0.687770927901318
-3.09183480000513	1.07302576822624
-1.89767343461761	0.893220059358844
0.00770693508204256	0.00227367695076611
-0.675301874835957	0.32290243345905
-0.444715648875347	0.151272252651129
-0.240583170030325	0.0759160124673235
-2.00790299948055	1.0120628959364
-3.54064147420408	1.25416256222112
-0.246553233847948	0.0728357406839262
-1.63333488942739	0.693336799081355
0.750788370120738	0.226789242785611
0.00624120463056556	0.00176645845508515
-0.826886475386905	0.250046085549171
-0.109921053361441	0.0238296426559996
-0.247267762923724	0.0773718761143215
-0.526216284316551	0.138422940417082
-0.93615968246239	0.406498204141373
-0.238737053888655	0.0747430206022402
-0.101789050479357	0.022868379633766
-0.554849631601579	0.248244398968066
0.741192827520051	0.219706903960386
-1.28025734148033	0.464687579341
1.37876066568467	0.443326011148766
-1.08201146281252	0.361073846238358
-0.234836103284183	0.0702252270563914
-3.68121360049036	1.50160480915984
-0.466364508214487	0.157222108333492
-3.83292280985361	1.61174953394805
-3.68176333633466	1.48750125621771
0.742846606800615	0.233354125368674
-0.926089249274259	0.402786917752585
2.32099889404386	1.46243753271379
-0.241332228743908	0.0749337757950887
-2.05021356478115	0.569031985318464
-2.50226013804269	0.743052864003894
-2.04902373026814	0.584535062964325
-2.05433974854713	0.576107769870825
0.707381732234023	0.311269625422386
-1.07478210680139	0.348692519382462
-0.520802749971932	0.137595352476473
0.54857087575441	0.128558386573012
-1.89937205416639	0.909977075846015
-0.0974411559193684	0.0219556283179796
-0.842416267004409	0.251298774042738
-1.28810247494672	0.480815408735924
0.305086736050013	0.110103147221894
-4.08887364471922	1.89861946705482
-1.46442092379468	0.588269800741158
-1.68785366162056	1.07941188439233
-1.84593512272421	1.22175591206821
-0.628449505455588	0.238599962714579
-0.0933464908639628	0.0212702965815671
-0.261945791975087	0.100407687474333
0.121710454456551	0.0523748128531377
-0.439977915338765	0.149637103054634
-2.00244871258002	0.988180527026153
-1.89767343461761	0.893220059358844
1.02230173138335	0.542361139193657
-0.656050320738183	0.219395351755099
0.939648736965473	0.63986791261249
-0.888435547589552	0.447250084876662
-1.07069849441177	0.504360351300387
-3.68992996261197	1.45135519916764
-1.62812638519219	0.684880019021599
-0.900813220326291	0.501439654458681
-0.165508344741006	0.0664921202424228
-1.51078438593804	0.899001520740103
0.301760268278947	0.123867801728687
-2.01229926592173	1.0142029099976
-1.69103610208227	1.065345519213
-0.887341742014192	0.480105183592938
-3.09868623597984	1.08730133775312
-0.151916472920122	0.0616332559053825
-0.628038493205078	0.225333137870665
-1.28486297953742	0.470411391030251
0.54857087575441	0.128558386573012
0.328410119270765	0.0920683609997333
-1.20338053195812	0.601290879626691
-0.628897527040489	0.221513203862148
-3.1080710993807	1.04889386539633
-1.08043456838936	0.361340664763697
-1.61019103138686	0.671970639760885
-0.623043367043011	0.235489444745503
-1.18299610815917	0.56799033062212
-2.83573891845403	0.897342341993353
0.975552856900387	0.431775720743733
-0.925210685934305	0.394185213051064
-4.33971419549497	2.06995778943523
-0.521354276075847	0.140151065895862
-0.836634894627274	0.257543939751531
-1.32742979526998	0.692370971689372
-1.2847962072682	0.46060563068131
-0.51410438056665	0.267387335332088
-4.07763824139022	1.8433935938626
-1.76438827068753	1.15636819353686
-0.776369270019832	0.310937270936863
-1.2954479896961	0.678996330819728
-0.495316494613752	0.276780440549709
0.136492320282927	0.063081617188413
-2.34666253303277	1.28432699072846
-2.32188439872074	1.33140165783111
-2.1441708295575	1.06995107750692
-0.157045856827888	0.0659566874177392
-0.292355303021942	0.131980251110921
-1.78202686459976	1.18340939550806
-0.788512777004478	0.312398493565406
-0.150680266597777	0.0623882500537606
-0.898904941918968	0.577825116214069
-0.508305578582275	0.252594261583224
-0.0853581052897708	0.0292554493699439
-1.89826162686977	0.905717372514422
-0.92907816533917	0.401228548887882
-3.67430036803184	1.50154561405815
-0.523958462679739	0.271081469641777
-0.99326728137415	0.553563481670003
-4.68714511074465	2.64837881357987
0.784599635611463	0.384821443972912
-3.10655377271392	1.06457394169685
-0.0804917564388344	0.0269387832177468
-0.681670142274189	0.321872225504736
-2.82570625121832	0.918479199567565
-2.01227886454127	0.996708302920602
-3.10225524298542	1.07674434808323
-0.445101493970742	0.149949319551661
-0.255607664236455	0.0963139294748233
-1.00377281665571	0.566901806318514
-2.22426605063435	1.23078283137389
-4.35274648301637	1.99635785530374
0.486137424510092	0.208691376075938
-0.544447384093955	0.246435190817244
-3.10075820893695	1.06347774708302
-0.661327791917273	0.309302116350796
0.00866705764748314	0.00250892523770994
-1.0901781531761	0.497044136807775
-1.76725112795933	0.784620436414754
-2.12493971281604	1.12593834196388
-1.61297070616514	0.662633597213172
-1.59627179738931	0.947893998069597
-1.18292979699753	0.588497313540904
-1.53407382917041	1.15063647362959
0.149959978587831	0.0642086412470261
1.0207859656432	0.510890426235847
-4.31411844563704	2.12961773167097
-2.02604533289229	1.03866830918741
-1.89257027565208	0.892197308446704
0.557383851253066	0.209611312130569
-1.2882929487527	0.472495939919855
0.23204944074873	0.133281862551582
-0.333164556883271	0.167294055397639
-1.209639931876	0.600833658336265
-0.512951276765129	0.291759469417959
-0.509275838180583	0.250724795996776
-0.950987634711993	0.409230784114409
0.156318421989332	0.067653423376387
-4.09124850479094	1.89295319407247
-0.160296311370589	0.0653602061942131
-0.310134160922139	0.152890025677848
-0.283228927411939	0.117139546813483
0.113867152273864	0.0433579642527645
-0.15729616522436	0.0654326105656477
-2.13384715540966	1.08285376516555
-1.0647234912829	0.505089155257276
1.28626866786196	0.614354404413717
-1.30211407038689	0.681133863631457
-0.911858107601887	0.451085903052947
-3.09404330590539	1.06245153955413
-1.28703085292588	0.468797183826642
-3.50185918952661	1.34172410200291
-3.5201037926835	1.34294434319126
-1.46838881456181	0.572989903000432
-0.632425730847208	0.239136158179561
-2.5206525061042	1.56936279357892
-2.83911454540015	0.928351077103762
-3.09514860705818	1.03749547577687
-1.31157983523777	0.701003445567364
0.322613450856061	0.0931969730661386
-1.77998757745959	0.804662624343387
-3.82967619998374	1.63756887052844
-3.10186540327758	1.04102889151319
0.487484518312737	0.20158512559484
0.569597837336269	0.205632455200432
-0.930566618172749	0.389275053596407
1.30313589135616	0.503304620455349
0.0138776727479394	0.00371737921651206
-1.41191917015478	0.778364216644556
0.68937341212203	0.379054267466013
-1.42498552870834	0.76545582219059
-2.0088164525047	0.996583558955782
-3.83060390306879	1.61163531430718
0.0813136571056207	0.0273732284671398
0.0863674120182957	0.0291246915706063
-3.6806634193175	1.50623217393168
-1.63026922712492	0.639615310059063
-1.29039339142466	0.468637473359059
-2.13138603780192	1.11468499447673
-4.20772200514812	1.92960062453145
-0.792043959998225	0.383726372311446
-4.21458080183698	2.01175201801906
0.614746803899842	0.287259974085643
-2.52655594178466	1.5661228823391
-0.0261056937357689	0.0100036575407087
0.858932355757097	0.495372379171616
-0.655000695240927	0.299743142507645
-0.121816144647092	0.0518198982101043
-1.9361289521751	1.41669046729364
-1.45088746664428	0.756721984124315
-4.1173157984258	1.79449786849807
-1.95340025310988	1.36373541522051
0.264639079712184	0.130997783527085
0.693769155225663	0.393204214240024
0.30318329500637	0.124437648560967
-0.555587784135111	0.237373376043954
-0.681478519674068	0.33007725385731
-3.83060390306879	1.61163531430718
-0.246539768207762	0.0773565978250945
-3.51426902866386	1.36923995903935
-0.987883817640621	0.558213650133208
-0.618149464948051	0.230462602270126
-1.45848707018788	0.580198349067802
-0.0973652533622946	0.0325778092900317
-0.931092380196428	0.407555713840353
-2.50108453829271	0.757473465243405
-0.835544826459878	0.252839292643732
-0.832168409431155	0.248980114167423
-1.7615802496647	0.784370608566685
-1.07568053893456	0.508884834461104
-1.06359797935433	0.481557911246989
-2.82800405415571	0.916370270350291
-1.62944664600263	0.670051147811143
0.00318504624276367	0.00128605095068552
-3.31518843568061	1.19835002370899
-0.841324460591787	0.254223558114739
-3.32309201071688	1.1748141858821
-3.09868623597984	1.08730133775312
-0.259896428132606	0.0997641244031596
-2.50448779490627	0.739201463947818
-0.438378751549617	0.173049878433773
-1.29510469428056	0.478449739353142
-2.51203774374601	1.58539470143048
-3.68593471296041	1.48780732400381
-3.95946047504474	1.75683331424598
-1.00219904628643	0.582397098701529
-1.1963387751475	0.78283232050341
-0.407499239637967	0.196023978666937
-1.70958602023641	1.41825382273039
-0.788243140340799	0.322364572590355
-0.784137971596499	0.462209381128374
-0.513746640460365	0.326103279449532
-0.897018767242065	0.575851331607221
-0.384595058772772	0.254363470436651
-1.08207159893129	0.640406930132974
-0.750391067071583	0.519671963730183
-1.75142277852014	0.768217968868271
-0.600631606603768	0.403737793138564
-0.548766193872706	0.24169548080656
-1.04433849761117	0.692267232734943
-0.110190654290471	0.057507141410084
-2.0269030612009	1.55643133842951
-0.884136811977689	0.465170708172999
-0.161220208756434	0.0674584389071412
0.00903521671321153	0.00383973251007645
0.0890473907215404	0.0507013168998594
-0.240422622255202	0.0746637661481513
-0.00758175602179318	0.00322646595513782
-0.888627569233329	0.581015203120806
-2.32560380852919	1.32988340261361
-0.637730351874267	0.239386145517236
-0.512630123571257	0.279117397456856
-0.676334774713642	0.328980764021822
-0.788653795986542	0.326914949380755
-0.793306309417426	0.320151548137337
0.00988398501533402	0.00269365248353356
-1.61049682744984	0.670773178890503
-1.08859986387555	0.50968853466661
-1.08951402937366	0.369398243880082
-1.3129186736208	0.705460041160683
0.0298460597236472	0.0117902799963273
-1.08243529149616	0.355402310100994
-1.89135758267844	0.905535565160872
-0.462253023939067	0.155917951472546
-0.671108593372598	0.316963934934188
-0.519662324847855	0.139505494309868
-1.75845932371649	0.77930058669249
-0.626293163112743	0.224664157299785
0.497628397736453	0.212332187809045
-1.88745989406673	0.894598245289609
-1.2132442540002	0.573719679342791
-1.10101073492421	0.668367441871083
-2.01202259776169	1.51410353610645
-1.20465007103777	0.588210404350099
-4.77744734194903	2.66576200542563
-1.20310062568664	0.726046876918494
-0.519047917270715	0.135752304649831
-4.1000500773488	1.87629805087159
-0.667243167225265	0.426837269854794
-0.537347987804413	0.231797339136349
-0.543714090756278	0.245239105614182
-0.604327129288175	0.40172680907993
0.397691751239319	0.203269318195721
-0.317178658453928	0.162213837466008
-1.69577436740233	1.69496373867702
-1.29356240186584	0.862317859590228
-0.235891920820805	0.108318581912671
-0.683167880577402	0.436745267147351
-1.12276286296068	0.843215264833874
-2.19098175383541	1.8225935002004
-1.71667321645495	1.05332286714778
-0.306117943351888	0.182989569111322
-3.10655377271392	1.06457394169685
-0.421485228351679	0.174905606541737
-0.900161413188519	0.480491559052663
-1.18240722197543	0.587031437492375
-4.42918634796076	2.30854790988057
-1.42738151240068	0.793784610694728
-1.31173236137137	0.686609383535368
-1.04468107198466	0.706261694468183
-1.41653132018611	0.795253840982374
-1.29953846144518	0.685782135193682
-1.28358451008746	0.470403258949645
-1.1829469406274	0.58958283951311
-0.955007135409748	0.416709064541203
-0.781615378513701	0.39674803952727
-1.27977617378736	0.450199378050911
-0.015908307841157	0.00609360217111531
-0.624797783755033	0.231768805379722
0.872430756427031	0.334437841582982
0.282480577879312	0.129020468048847
-0.303783502233959	0.134454913430917
-1.90443413306693	0.903847920147895
-1.28501971994047	0.461293597245854
-0.422157620338645	0.229695092842618
-4.82521330340969	2.9330104341303
-1.77787859565633	0.790599446137437
-0.104583473020731	0.0362795943325131
-0.0836005477069895	0.0370965310409765
-0.431368559362718	0.233145479276535
-1.75804950635288	0.794876124947177
-3.67764744025752	1.47487100615931
-4.08324078344821	1.88864618543069
-1.31171204320395	0.687746549540455
-1.63527642407324	0.672859371575741
0.127637371106222	0.0621005031068101
-1.34701745122978	0.904498870889338
-0.507748993921617	0.253381135816915
-0.79763279262072	0.611368850876677
-0.51040675179137	0.288983001088528
-0.792386184388091	0.464926750269761
-0.287614753860713	0.193453306378601
0.213816074406918	0.128345784852711
-1.95838636443198	1.44919399104844
-0.274731842578705	0.146098691122937
-0.89123186828634	0.489032516583394
0.574525917277526	0.390224064219303
-1.18372641060547	0.744116863199813
-0.911525368242289	0.584629450768635
-2.52356149533363	1.62341207536974
-0.108948986879583	0.0474399505801757
0.287932175093348	0.13365376827559
-0.815200938150942	0.317697235463533
-1.37226329083787	0.95375956585044
-0.78383137982719	0.390184021346344
0.0823887626027995	0.0279212895067698
-1.42291391307245	0.783477082900831
-0.0313431025899877	0.0112711790486886
-0.906297879247857	0.473408716218892
-2.11317631191732	1.07749495221168
-1.70329140885362	1.10663236130489
-2.13647899549046	1.1082898402049
-0.408689547271398	0.168506496347299
-1.07488035737971	0.506664999003077
-2.60221357732943	1.73112129547899
-1.41520374401098	0.803882471783233
-1.08902251964236	0.351419660052417
-0.945830856599166	0.405587751016247
-0.788906869202117	0.38403366507925
-1.29510469428056	0.478449739353142
-3.10655377271392	1.06457394169685
-2.50955199424875	1.58975266514774
-0.871523298159675	0.781151629799748
-1.37581682652144	0.929741951487737
-1.10178388377857	0.653506094580975
-0.0851310673221329	0.0370290179703203
-4.32608728768798	2.11177530394387
0.155748742013134	0.0792336047342359
0.136540166945652	0.0590156619734006
-0.901877474361882	0.666111402448833
-2.22816577145831	1.88795045665885
-1.10957096643511	0.794029913438954
-2.25780224455666	1.95764021298271
-0.858362731523743	0.65861621008602
-0.908386724567423	0.690629344846821
-2.77454723326083	1.90586088937677
-1.42286185729817	0.805409491760847
-2.08700522534629	1.64762820024174
0.242504520376789	0.13163969633377
-0.617049591192825	0.376808068524847
-0.796987382248607	0.318632960731145
-2.11453073164369	1.08964161791568
-1.35250717423011	0.92947431985176
-1.60893554455987	1.00869095654487
-1.04300794560185	0.718322213519264
-0.0897086237980532	0.0420685834299939
-1.75142277852014	0.768217968868271
-1.32907159634951	0.883785788363159
0.312032005617906	0.106687111357417
-0.680732348467163	0.321552677291685
-0.254302967815904	0.0949769743601929
-0.612222946569454	0.329407587730766
-0.890184012767787	0.482563127544106
-0.98944724783599	0.543652384676667
-1.46006976749378	0.562926270920661
-0.993097856301331	0.563803952120413
-2.42140575791481	1.4817846183516
-0.636135210716277	0.23351807665654
0.025916441829336	0.01045788445118
-1.41987455820888	1.0147525675052
-2.44722751687398	1.44471486835371
-2.11804820526193	1.10372508788334
-2.41672515776117	1.42803746835563
-0.907854436831179	0.494085401166728
-0.946993324648358	0.410661125511702
-2.03076173689854	1.02349919707508
-2.29696586196765	2.06050558973331
-2.13312817530306	2.33264577056093
-1.86225969591983	1.31706270940869
-0.0500115988737453	0.0247868035283022
-1.76660101136627	0.789859287826859
-1.19913700723431	0.95339443920729
-0.301088343398967	0.132609569982679
1.0235214315189	0.526160297270929
-0.184634594771096	0.0918296741383248
-1.9413723562277	1.76767111617037
-2.1445361470473	1.72881302955543
-1.07714527025982	0.98455227596855
-1.72060813412745	1.65253512035737
-2.53104775595036	3.26843596847302
-1.84254304788472	1.70152829344094
-0.812715574976938	0.642780192595518
-1.96671125147393	1.44448331082006
-2.35652582839486	2.87751925522761
-1.7200076401361	1.46428566614651
-0.0849636280861652	0.0466598084754852
-2.60957431045422	1.71414268162274
-1.71713144503386	1.08992067838524
-0.349189164515128	0.203214495582877
-1.23703429055297	1.08417249952994
-2.8873959183692	2.16579588691567
-2.7663797877815	1.93020862359427
-0.398980893331437	0.188648242484031
-4.31464183463597	2.14846806319689
-1.17645844846036	0.572931381438638
-1.3720659697397	1.11519456135921
-0.698379171337584	0.43246866539826
-2.01229926592173	1.0142029099976
-1.5211649657612	0.894782405414595
-1.92684113543045	1.3375036625869
-0.219010741790076	0.102170879431566
-2.76678460867456	1.9600011149294
-1.72385452234021	1.47861439417075
-0.667089155570794	0.412362621040898
-0.50863732936064	0.258963894261991
-0.979837187146053	0.542109245693622
0.130360313616471	0.0500895473648891
-2.02621123169051	1.55066632055595
-2.03569259472269	0.962821268895896
-0.549974426175144	0.234252487335095
-1.35921213551802	0.939263223206268
-1.2865718839797	0.847913268736262
-1.77240736198361	1.19818779178966
-0.675951899595721	0.427502566530358
-2.52450700253586	1.57076457080086
-0.989988004322336	0.56497876158373
0.0102090226861065	0.00432957830588542
-2.63060430061594	1.68490773680302
-1.51675965745308	0.904916731719677
-1.19997132802718	0.601093116443326
-0.397918675805448	0.192279395085615
-3.82720790327223	1.590150775239
-0.989210842412598	0.571906463377146
-1.1989778668365	0.764881244558484
-0.787835202549395	0.311617671534093
-1.20683538620744	0.612355271690987
-3.97072375453241	1.74974547723431
-2.01303367553611	1.01754323630879
-4.41523913177325	2.2935003681744
-0.791886341483897	0.326834722306384
0.493618990150175	0.20427149450237
0.744963299474828	0.2325771171156
-0.280539998913343	0.122420073745668
-4.08858127007024	1.87717536454309
-1.88837758597174	0.886399216093691
-0.399453534748111	0.157595811099476
-1.91536097988115	0.911834373460731
-1.18398985586951	0.574576059937307
-3.67486495496742	1.50848162780592
-2.14467753964744	1.13668624106671
-4.7579597426662	2.85578560155758
-1.47494139427926	0.57047505297248
-1.62610415582463	1.00517819774365
-0.624540581819652	0.232202079120495
-1.27948978848226	0.465867855603237
-0.400174646357468	0.162321962332667
0.302918081318119	0.123275177025491
-0.449315738029937	0.154089720505942
-0.314359255895066	0.156537086069337
-0.643178048731936	0.23988169272388
-1.89183868644164	0.895679410741853
-0.537215658664563	0.240599639547374
-0.939494378603995	0.406696565511843
-1.08341915477405	0.36369710803699
-1.07570589833403	0.363045486224643
-0.788567226493497	0.398731690791136
0.286924929758656	0.126222314978346
-1.06975725353003	0.502055159047319
-1.16428505256764	0.710689532228002
-0.0953433685787438	0.0329240710809118
-1.08261467569844	0.468205271717896
-0.259870531888255	0.0963545670018844
-1.28025734148033	0.464687579341
-3.68121360049036	1.50160480915984
-3.67764744025752	1.47487100615931
0.309848535787167	0.124659512638621
0.735360591931943	0.222702866639154
-3.10225524298542	1.07674434808323
1.05934673176828	0.625415396621136
1.30361074821549	0.502479573897617
0.568131518697229	0.210993711274774
-1.61083363213657	0.67283194400067
0.0129250891291699	0.00344301812092774
-1.28628610867284	0.470598272863016
-0.836751280465765	0.251030303081264
-1.09021432427885	0.34181272460401
0.092132239852392	0.0309081697583194
-0.44827845243124	0.157314833464383
-0.531841967384847	0.140696319301189
-0.545568170609866	0.236740312849574
-1.29050884267279	0.453868410338061
-0.446984700085814	0.150626542680004
-0.103788179411775	0.0225578986451196
0.00526618147656546	0.00152611893018079
0.750050902487593	0.226091187584343
-3.67599283921959	1.50022965768208
-3.51504620529804	1.35878374498678
-2.85971620264892	2.1297311911424
-1.2875447384838	0.470541975502241
-0.775792879444623	0.298876664196675
-1.31072988085141	0.699850645867564
-0.0835029924477759	0.0279331108293282
-0.399098907228375	0.207655669679852
-1.47262342351645	0.55669395626065
0.281833710683025	0.121842899024977
0.160796524470943	0.0816750835207516
-0.0771153670417202	0.0376560926713926
0.712830975258697	0.304225926051889
-1.75724875069188	0.763703470230874
-0.390956942127426	0.181372666414434
-0.827223133269095	0.477820980979176
-1.00401042516327	0.574011960255199
-1.09684892742001	0.669882209061337
-1.46693344661381	0.581820203641056
0.298869145325827	0.104561219955532
0.00936072073503697	0.0028007833562192
-0.527547613430248	0.230984050656964
0.0812846332349199	0.0269666735334193
-0.784234848399009	0.314362538024251
-1.31454775411446	0.675839670540082
-0.631157932063117	0.237768559992294
0.304465423007263	0.11016431089777
-0.444847418648464	0.154683306332178
-2.83249128745503	0.934154025578548
-1.22522719736733	0.592845354438562
0.975655578542578	0.429242991683876
-0.100630873298134	0.0231392113137372
-1.45662803321498	0.56764051133421
0.305811752901983	0.10692707774959
1.70911553999497	0.806502983735524
-3.09404330590539	1.06245153955413
-2.21791047560649	1.19902404685933
0.74610547207819	0.228282542864155
-3.96739014010282	1.76555281676816
-0.235918652264616	0.0739415337889668
-3.31518843568061	1.19835002370899
-0.148100973780104	0.0609568906190517
0.00727795056105435	0.00213502079322114
-3.67599283921959	1.50022965768208
-3.09183480000513	1.07302576822624
0.0153648602419546	0.00414817620770069
-0.0945032483602891	0.0218370726435746
-3.32309201071688	1.1748141858821
-3.09293870382283	1.07206408964027
-3.67542911223521	1.5080288603743
-0.938599771735554	0.41618731458752
-0.252215401286309	0.0953200994520747
-1.90182864459946	0.885380623351335
-1.40483046519634	0.769785493470379
0.296407139991741	0.133882190624473
-1.4509115288947	1.05136293945658
-0.0308753016298419	0.0117015676707019
-0.780597875206534	0.386540875301987
-0.781990500513619	0.307035121024959
0.0972129529809523	0.0319203666598116
-3.09854591945789	1.06489183316454
0.550276835351084	0.194623033312272
-4.20301562348751	2.01805348079076
-0.229236840920787	0.0696713583544589
-0.414557667856305	0.171367481965333
-1.90436214780629	0.919088992717046
-1.76843216723932	0.786310398806498
-1.29313272175493	0.46898865804936
-1.07584917555014	0.356945538003037
-1.09340675546078	0.365263131667136
-3.11602550288627	1.02845447954888
-3.31803372889694	1.2396293722172
0.749474540728185	0.232293679945897
0.293044483301114	0.120247671625579
-0.232615628955298	0.0721074667826583
-3.09404330590539	1.06245153955413
0.548332676093981	0.128537566389422
-0.516215201709685	0.137775183819285
-2.4946503122275	0.759347999169937
0.564051294983484	0.204011125707296
-3.09073159364739	1.06509583332195
-3.5148724171849	1.36272336967423
-3.32698574109241	1.2280591673737
-1.28886622712064	0.480829304316831
0.452063911590369	0.201667477860188
-0.247205242268084	0.0751417832818237
-1.78632445733211	0.752569633521359
0.742846606800615	0.233354125368674
0.0149480141956578	0.00396582610339533
-3.6806634193175	1.50623217393168
-0.62793356383172	0.235271478886622
-3.52736888479667	1.33827787372688
-0.791363551306827	0.313722486166204
-1.06559994086349	0.477687206444703
-4.09469999404121	1.889064511837
-0.253613492621902	0.0981023710639522
-2.23969461976312	1.25855991901636
-1.07815892867015	0.363555579143483
-0.163218994401964	0.0673556467270348
0.611222747480824	0.291695272489934
-3.97315213441293	1.7710564133981
0.00544878071638547	0.00172521154129583
-0.633785236526495	0.230976551442995
0.532898963250075	0.286894323198487
-1.47425200521584	0.581510791687367
-1.05383211861781	0.481821452370026
-1.62968505227443	0.672546899846548
-3.51504620529804	1.35878374498678
-0.257742399003009	0.09294934154872
0.544274728032365	0.18620923162986
-0.249259042007872	0.0929584818122201
-0.248026061199266	0.0763838262632475
-0.634431211779711	0.236064234425243
-0.0941779390158178	0.0217731946290539
0.00896257799837875	0.00262738053550214
1.87680508733918	0.595685726697882
-1.62176236543499	0.689619267245939
1.29548272616691	0.518673455471275
0.318143538060255	0.0951754671461897
-0.516952935597397	0.134997042674037
-1.28433917302664	0.461686846187326
-1.46496086183775	0.589774817651462
-1.08201146281252	0.361073846238358
-1.62018197422291	0.685354727673582
0.874865185535019	0.328800450033645
0.298717201542599	0.1207552437754
0.313146125042108	0.10511000933231
0.740307794316603	0.226991725061648
0.542621526180842	0.126608567713006
-0.832636786270048	0.249232691777988
-3.52087122282309	1.31798114655133
-1.2877382724712	0.472485818693236
0.545286400011961	0.127906532067442
-0.522730428597738	0.135680265064023
-0.833063405948399	0.254155985426631
-1.28563619486867	0.466502345115354
-0.424985584942975	0.197419414363465
-4.08298340911882	1.86288971416318
-0.286750271517757	0.131512860352097
0.0201646342783955	0.00836988064699558
-0.0222743119440703	0.0081107231811234
-1.06597350039091	0.499852559372261
0.303098856796929	0.107070060176321
-0.170002328440054	0.068331161769753
-0.505445601659046	0.256078569040011
-0.829990262317023	0.25307982627687
-0.979902027836799	0.66271532270293
-0.670861838148959	0.310707631538644
-0.931884936945972	0.39581084714247
-1.46388871001429	0.574859239236688
0.148011055250751	0.0649484345463078
0.860776186458668	0.323305598192771
-1.47330905421078	0.542144443007294
2.69986849982191	1.48492426481706
-0.828597086324465	0.243898539550448
0.805749154568675	0.407169130724359
-3.67655613530484	1.4837106788346
-1.37855256949683	0.369087290450251
-2.49582076805792	0.739355067527278
0.31918510108582	0.0918256878577977
-0.828597086324465	0.243898539550448
-0.237275358357156	0.0740297101533226
0.740464274036165	0.227891483543122
-0.0951265447799466	0.0216293083269459
-0.830887096458826	0.2476956260607
0.31916177580145	0.0934913649873131
1.38310568737594	0.45202977531251
-0.831547258034552	0.253419977958223
0.880203514320766	0.326576380519774
2.70305318313569	0.992389817262118
-1.28569997208888	0.465517460289009
-0.10845777398567	0.0233524190605643
0.315904858319612	0.0906719899454981
-2.50448779490627	0.739201463947818
-0.836751280465765	0.251030303081264
-1.07966622788214	0.364695080877922
-1.45988972273975	0.580992914684139
-2.82685472330953	0.922711444031235
-0.545727344498426	0.243707644844139
-0.415258002056421	0.166211727747127
-0.0102901417343183	0.00422920776667895
-1.62253664242613	0.667317320219942
-1.29440944611051	0.468518573990154
-1.75708153552604	0.793068370113705
-0.234836103284183	0.0702252270563914
-0.676383621359789	0.315973123509109
-0.905888206080978	0.48829182124241
-0.834152635363741	0.25296310080088
-0.249510238898574	0.09175551030067
0.610318285544347	0.300154606107943
0.318690280544721	0.0935093374158256
-1.29455516136911	0.470310777799816
-1.63015981278085	0.659673583348155
-0.268608767013983	0.10215567925144
-0.927697264742994	0.403814054847775
-0.517911135702038	0.138411916640514
-3.10544605664248	1.08457036666742
-0.521239785553401	0.140369579797354
0.877998179391884	0.334864359102219
-0.837980270991306	0.253674993229383
-1.08786646647154	0.356585304113687
0.611222747480824	0.291695272489934
-1.42304415536043	0.786571715199692
-1.28886622712064	0.480829304316831
-0.0816258207727883	0.0280803499474174
-1.07815892867015	0.363555579143483
-0.437384076814886	0.144599974717955
0.0200435301438727	0.00515627532800797
-0.234836103284183	0.0702252270563914
-3.31902457203743	1.23889070538812
-0.0962833901203116	0.0222038630107127
-3.09404330590539	1.06245153955413
-2.83458329559744	0.91634542093066
-1.46662361816917	0.566296622426719
-0.934509090792639	0.406458803837432
-2.82800405415571	0.916370270350291
-0.516215201709685	0.137775183819285
-0.631877572088229	0.336595919367424
-1.07955571609739	0.357013396475091
-1.90182864459946	0.885380623351335
-0.799717206586869	0.329626699892624
-1.46888870891571	0.570875749637581
-1.06166620611781	0.487203074484624
-0.656478026583928	0.293575874145132
-4.09638096793209	1.82349807524198
0.311654311538099	0.108921324221323
-1.89940747008425	0.918726839273715
-0.0974411559193684	0.0219556283179796
0.608078311742049	0.294079827792572
-1.19273480571827	0.576433312732839
-4.09655867425724	1.86831414621351
-1.08328339450837	0.370848428206928
-2.50662138300429	0.751156666336677
-1.28720112740479	0.45429560731955
-0.560901834016765	0.245947755112917
-1.281024788334	0.460882451016039
-1.18921364484618	0.754097422514711
-0.83107905876281	0.253159203624365
-1.07956990052973	0.354861321086833
0.720998948649128	0.303335988209206
2.70483549323043	1.01668215592958
-4.20843124063997	2.00463864244345
-0.828597086324465	0.243898539550448
0.568860395232501	0.204289738872054
-0.415352830575012	0.174255491835327
-3.09183480000513	1.07302576822624
-3.10336310613868	1.07624884357692
-2.05021356478115	0.569031985318464
-1.07239798793769	0.358269457626047
-0.105540626684659	0.0356585172661152
0.00640337316097934	0.00197920330670484
1.28294225567039	0.585956933539513
-0.243810094359747	0.0723234354853115
-1.06091226635603	0.498209491734871
-0.671849988607822	0.320567288205134
0.609797886010767	0.292152604451476
0.49220096343566	0.215124134674406
-1.07090974827874	0.487703499531419
-3.82424357900002	1.63744524450498
-1.86357768085707	1.32916053184542
-0.209924371844678	0.100737660425899
0.45239393182638	0.204246795373542
-2.00178255645968	0.974523893755337
-0.798636313649657	0.401616461359377
-0.932567963740169	0.396861909457163
-0.663281131052937	0.312794710871356
-0.278006466340081	0.101657503105394
-1.76972707390019	0.804784118977648
-0.457947693330643	0.157430189041058
-3.68818733939199	1.50113592035426
-1.46549912656781	0.575932942383045
-0.622917058799378	0.233429750317986
-3.66907587004444	1.47350436569985
-2.83249128745503	0.934154025578548
-0.0945032483602891	0.0218370726435746
0.00891378266306723	0.00241722255067928
0.562786771931934	0.206308657563318
-0.235175374955605	0.0740295955887752
-0.148466641409643	0.0605648164198025
0.00770693508204256	0.00227367695076611
-1.76660101136627	0.789859287826859
1.72030303961473	0.803150349841225
0.54857087575441	0.128558386573012
-3.09404330590539	1.06245153955413
-1.28408966487073	0.471627669451728
0.743418412008446	0.226976622674307
-0.436961384076586	0.149225124548347
0.0832509857497202	0.0278118578662706
-0.0970894012579891	0.0440349445496201
-1.45848707018788	0.580198349067802
-1.18212278256507	0.732669143289937
-0.648993593999152	0.226172734858795
-0.804936027969704	0.310019587197981
-0.947399448518212	0.414671357949558
-0.00178374921421438	0.000351967712799517
-1.89345699918696	0.901881415559231
-0.0964535078388453	0.0338499232367886
1.29313894049567	0.601747138346383
-0.621546705264955	0.234576969241518
-0.500207868832438	0.250940172951524
-1.76731743740922	0.790913701466086
-1.20419219490495	0.605703986275328
-1.46175835409361	0.563608141412101
-1.60708946775435	0.992050985401018
-1.46442092379468	0.588269800741158
-1.18697824656226	0.588896597182942
-1.62389888165664	0.674774278804938
-1.09294135310029	0.355687684751745
-1.29747633610445	0.444145847967772
0.490424063378393	0.210336933336371
-3.69228816573427	1.45598252132089
-0.516952935597397	0.134997042674037
-0.5223760081113	0.140414884928745
-3.50845296259871	1.37767035504347
0.87961827199407	0.324061087432619
-2.83249128745503	0.934154025578548
0.0132986595705727	0.00364904689139703
2.70507217841151	1.01576685039178
-1.37855256949683	0.369087290450251
0.00391543419752956	0.0013500429204479
-0.238034464525448	0.072981385078238
-0.101789050479357	0.022868379633766
-0.526964267085977	0.140208674753714
-3.67542911223521	1.5080288603743
-3.66965381157033	1.47602873590866
-0.0984635994476974	0.0339963334553984
-0.255607664236455	0.0963139294748233
-1.62413903220705	0.682856112442981
0.105504396993147	0.03334716648882
-1.20728861155048	0.595887756451923
-1.30942034373239	0.695440564615897
-0.925928002011292	0.400298470363607
-0.437483052106694	0.149022159336257
-0.090320023627973	0.0318132195698899
0.304214123847467	0.10617473038417
-0.445505623754379	0.152436842507421
-1.90302407186392	0.890046020520407
-0.944502253540707	0.398325908487516
0.308695712500692	0.110129111780495
0.142108451560621	0.0624039600264067
0.132238037575914	0.050612490887199
-1.08522412925042	0.362643044085522
-0.106646465843927	0.035951154483606
-1.45522846411172	0.560246065559747
-1.38250936278202	0.367021552852188
-0.266212532869524	0.100322537265407
-0.833063405948399	0.254155985426631
0.00919789971719187	0.00263503856727176
-2.49348075277667	0.760631300990853
-1.19890075974972	0.604023080722569
-1.29771393677078	0.47012637242649
-0.8247136985442	0.243775063199332
-0.526964267085977	0.140208674753714
-0.625800746820824	0.2291852975833
-1.1952007002043	0.588322872893739
-2.42287732469882	1.47807075815276
-1.19879432551574	0.601178893874992
-5.22139674870861	3.76085852192512
-0.560585798746356	0.245727220841115
-2.34461595019983	1.35276968979464
-0.306123254467898	0.156904508051027
-1.06753968067718	0.499873654152545
0.401150890884351	0.203905963123275
0.313393887012126	0.161070597191501
-1.09857125689293	0.656328734729076
-0.675263795563136	0.316695762558211
-1.44030746497609	0.776189575803197
-2.02017896966004	1.0240710201426
0.299714264639426	0.105602365741159
-1.25863049921872	0.804015189547803
-2.43911804647101	1.51851774707826
-0.0929619083273522	0.0400892767872854
-0.662224674697115	0.318512607251152
-1.52014252806386	0.873061259142064
-0.679417347051686	0.326722557828817
-4.31312536382512	2.16706539738835
-1.78502919559462	1.18665877063746
-0.398917731682429	0.16210132607324
-0.545143219539872	0.239045676304888
-0.101503438240611	0.0351843628863226
0.140706791503768	0.0597494150097114
-1.62517265744936	0.676985595914732
-0.936905814078044	0.417313431823351
-1.07105525251926	0.482299954272679
-0.0888587899982598	0.0301202132188724
-1.88978050136706	0.880702247246293
-1.61266155096032	0.669508312215293
-1.30998240969723	0.687661491960864
-2.50013836544569	0.752963874303395
-3.96526706685537	1.69152318964908
-0.293871737953589	0.133372169279654
-0.793946438226887	0.327428531403824
-1.47611986319339	0.564018578463928
-2.52205929890086	1.60873503307904
-0.62928208558402	0.235545871325552
-2.14677105188402	1.07996085728551
-0.925210685934305	0.394185213051064
-0.620026690267711	0.226739887299974
-1.27824794160988	0.462836347549431
-1.28921304637222	0.462862440526814
-1.28300540309424	0.46985272572152
-1.70409112563418	1.11641572535873
-0.242497856308202	0.0745985086594221
-0.416932006950849	0.201044024503566
-0.0903367898615292	0.0313325450266241
-1.75917461630353	0.778956967177539
-1.45771850536436	0.551193229853489
-1.07966622788214	0.364695080877922
-2.01301489216656	1.01569797622347
-2.52528190631984	1.62771766157195
-3.32001561112394	1.2286468506821
0.42988745918324	0.204285605015458
0.0119481861389783	0.00319511477387208
-0.671846081594411	0.314006153980746
-1.62649237441874	0.696458443256091
-3.51795315612627	1.33270468296377
-0.660767609477202	0.313282712832328
-4.30729301487026	2.0352278030479
-2.61500248771596	1.73115504173099
-2.24248681945145	1.22405462787871
-1.81382764677017	1.18257688457335
0.43221515919265	0.201323187132647
-0.521048855151166	0.138255992379653
-2.13837130248567	1.13344957805002
-1.89313408079209	0.898954618073141
-0.251106256128031	0.0747390170343018
-0.786374112704235	0.306145589854097
-0.44684517885348	0.15346237358826
0.748331792113693	0.226571962978259
-0.231862268579772	0.0723509071259154
0.556020522503905	0.203856071909752
0.0181247258078997	0.00468894262539778
-0.636364087600576	0.233941972016294
-1.29440944611051	0.468518573990154
-3.51582325847333	1.33026263386513
-1.39607122438582	0.756013011217632
0.717179749687021	0.299080769336052
-0.830224618906541	0.393246551046478
-1.27824794160988	0.462836347549431
-2.14977476101241	1.0855424315148
-0.800810253788917	0.32945743563465
0.0984804783941432	0.0331761826871785
-3.52954348675137	1.31951929019622
1.28366894624385	0.593507878642944
-1.77276740242877	0.795858789086137
-3.82521990339114	1.60354515589254
-1.75171464318357	0.769275574550272
-3.8440919706619	1.57727578998761
-2.70025183304712	1.83847526949552
-2.83133823353176	0.934971127868472
0.712492793896401	0.310850879822649
0.746287337554133	0.222419549188941
0.0181247258078997	0.00468894262539778
-0.438833896935274	0.150031893346032
-0.835242582387023	0.248047458204957
-1.37855256949683	0.369087290450251
0.321596831485915	0.0953901221130846
-0.095335539902063	0.0215346615173759
-0.233872192272255	0.0714898842543921
0.881212131620827	0.315395138001889
-1.08201146281252	0.361073846238358
0.0133548025132433	0.00354419894438937
-0.83067879407783	0.244996107213328
-1.26188492888273	0.826141031450796
-0.454402163258654	0.158245707184904
-1.45910335908348	0.580923693024047
-1.76154228332206	0.791853478651286
-2.01156261644907	0.995267665855234
-2.13604458503749	1.14908642235234
-0.932186618144018	0.414569643520657
-0.438833896935274	0.150031893346032
-0.835758223655926	0.247067093704583
-1.89701671545577	0.903788745418966
-0.623210133264611	0.231567819784973
-0.571806447015356	0.244473536174634
0.00198312574030387	0.00103345415085123
-1.07666813951648	0.36466782984443
-0.438004265768244	0.148097615757373
-0.528357476837837	0.138974057943311
0.00913876512255594	0.00266781331555496
-1.30282513203373	0.443550198613306
-0.833408040905954	0.250484038706387
-1.46940142323248	0.577918531828735
-0.526216284316551	0.138422940417082
-0.530441565236403	0.138655344135078
-1.07815892867015	0.363555579143483
-0.618796076337169	0.231298800783804
-3.69228816573427	1.45598252132089
-2.83133823353176	0.934971127868472
-3.96519496499446	1.73281893123096
-1.75641260070291	0.791990598598698
-1.4234829786598	0.782874654315579
-1.91867235519333	0.859978017727236
-1.07061503171826	0.487566749866563
-3.10447167066501	1.05661139143271
-3.50424787188215	1.33990468054318
-0.796981152009615	0.323810222586097
0.0109808248201078	0.00291215169192999
0.327300445681734	0.0942378191565741
1.39220252896263	0.437531654237884
-0.441725045785078	0.152762734038631
0.0857523215716994	0.0288308659680587
-0.0992708777956576	0.0221496476688967
-0.827509018985055	0.248646107200568
0.299575951151118	0.105189422164479
-3.5105880644975	1.34597780163031
-0.834249424385902	0.250115174033497
-1.88287397729514	0.883778649765584
-1.37855256949683	0.369087290450251
-0.629683643727555	0.239999240308558
-1.27805932009521	0.464543188836519
0.0919896526272347	0.0317637050453618
-1.08447253556884	0.356872689261484
-0.518522788361015	0.137251012289687
-0.120775120935857	0.0397045879791201
-1.75823393246066	0.79030729809719
-1.07815892867015	0.363555579143483
1.30110747636288	0.498525090323233
0.748331792113693	0.226571962978259
0.328882146589737	0.093927256480872
-1.07945716189932	0.363853566224814
-1.07478210680139	0.348692519382462
-2.4946503122275	0.759347999169937
-0.517351938617723	0.135137025900895
-1.45313058421198	0.56087625555287
1.30070760593386	0.518463879015317
-0.00285507941739578	0.0000451029519817048
-0.827973934228269	0.248897601435703
-0.832168409431155	0.248980114167423
1.3852161325822	0.449767700794641
0.547153124490705	0.128061292620407
-0.837840297745939	0.24818333713429
-0.669835115371478	0.307350001229266
-0.942207052998486	0.417043954537336
-0.520104445364255	0.137370661910804
-3.82720790327223	1.590150775239
-1.21958465590406	0.563826840701278
-1.47038522834037	0.584206087761708
-2.83364520651914	0.914175126504655
-0.692845443279771	0.305863630523503
-0.235783878210007	0.0711276716647602
-4.30301192188266	2.12204088821914
-3.97049457282829	1.73148496753022
-0.799384730349809	0.313994766411991
0.746695784046274	0.227164306604738
-0.638780320132522	0.239756033006214
-0.0974411559193684	0.0219556283179796
-0.523513114305865	0.137679209591898
-0.25490946017961	0.0981672225286423
0.00860170294494074	0.00254293128322386
-1.37855256949683	0.369087290450251
1.39074595013018	0.449376726983695
-3.33006916041774	1.15205845551935
-0.802802675910315	0.39576262947612
0.0101575856162158	0.00282804364824852
-2.49348075277667	0.760631300990853
-0.519662324847855	0.139505494309868
0.00919789971719187	0.00263503856727176
-0.831547258034552	0.253419977958223
-0.5223760081113	0.140414884928745
-1.28300540309424	0.46985272572152
-1.07912178722694	0.357132861316791
-1.07107736096305	0.509541735564946
-1.45522846411172	0.560246065559747
-3.82489509334159	1.62306568605038
-4.30725676660034	2.11992015920449
0.323237769806572	0.0954668421415237
-3.33472038118953	1.16903748640032
-0.934718966249279	0.410013361817652
-1.281024788334	0.460882451016039
-2.8291542449386	0.893923832929712
-3.6708084484862	1.46290246266027
-2.49348075277667	0.760631300990853
-1.07677103831919	0.357757455733917
-2.50013836544569	0.752963874303395
-0.838095643745156	0.253839784159447
-0.444094048691402	0.150722139392657
-0.0962833901203116	0.0222038630107127
-3.31902457203743	1.23889070538812
-1.37855256949683	0.369087290450251
0.321672801610281	0.0919423857259322
0.74005934947756	0.228093775301913
-0.829062107836469	0.244140991162542
0.0987636925633791	0.0327172408958427
-1.77456725287615	0.788266948795597
-3.31319464395181	1.21509579750581
-1.2844385705487	0.460762202132447
2.70103916327475	1.02243498183666
-0.447660229415192	0.156725286930136
-1.45530140517973	0.566168385659182
-1.47527405903056	0.569984864241643
-1.49742745505339	0.85015582093952
-1.60953760462447	0.999823939412535
1.30110747636288	0.498525090323233
-1.88606333250934	0.89830837442401
-3.52880016061497	1.31976579627955
-0.40733519815796	0.169388367999142
-3.82489509334159	1.62306568605038
0.293483376823483	0.115633291129762
-0.939869252735901	0.418121666121481
0.301982386015254	0.105242261370412
0.0931557677917347	0.0318989770648807
-4.30932167537133	2.15536596663126
-1.77155676668336	0.770503458362135
-1.19793404690397	0.602922505336749
-3.09514860705818	1.03749547577687
-1.28486297953742	0.470411391030251
0.881747674099572	0.325597144031119
-0.834152635363741	0.25296310080088
-1.08834482807196	0.351474943449604
-1.63095944296193	0.692076586132104
0.0109808248201078	0.00291215169192999
-1.75696656280513	0.793089517764612
-2.4946503122275	0.759347999169937
-1.08328339450837	0.370848428206928
-3.6679187439399	1.44787655243855
-0.683583803319272	0.314576456851285
0.294085892048834	0.100892299972043
-1.88152643763636	0.871377152255246
-0.929381284999158	0.400016541839967
-1.07183341315873	0.51336273992467
-0.537198947805816	0.234294837164178
1.06307373880955	0.613011664029184
-0.941428933374022	0.392239605524425
-1.2877382724712	0.472485818693236
-3.67599283921959	1.50022965768208
-1.28703085292588	0.468797183826642
-2.83364520651914	0.914175126504655
-1.27882386728085	0.463370374340706
0.541100401848291	0.127818857380943
-0.517351938617723	0.135137025900895
-0.247027789345146	0.0721275792119485
-0.521239785553401	0.140369579797354
-1.75845932371649	0.77930058669249
-0.45458800719814	0.158024455337096
1.29899082580271	0.514536593550654
-1.37736686643192	0.369817212053887
-0.244346536173026	0.0764432926892936
-0.928920021040919	0.398897135560933
-0.446492158818304	0.152687416959424
-1.0810615465356	0.358112768059313
-1.45638420310787	0.549802531326918
-0.836634894627274	0.257543939751531
-2.04902373026814	0.584535062964325
-1.37736686643192	0.369817212053887
-1.28955410631332	0.471219645247885
-1.9066507597598	0.887039429579184
-0.799707865380422	0.327749122568086
-1.88706003428689	0.890655136850939
-0.0948245671852424	0.0327187351936478
-3.09758000874198	1.09367827811836
0.699416711538123	0.289980002063473
-3.09979316343933	1.06354521701068
-0.619444243791172	0.225800256249688
-1.64585004308953	0.641949855059834
-3.5129271336448	1.29985570423984
-0.516215201709685	0.137775183819285
-1.46360495719788	0.55445105000185
-1.91804084137619	0.896107892245606
-1.08425366242167	0.369278140646016
-3.68567211452441	1.43097306882035
0.542071704546615	0.126697206817108
-3.32100684598019	1.20134190913051
-2.04783485499909	0.571093548500225
-0.777040174981359	0.30443917987033
-1.07530760554696	0.349059729381252
-1.37855256949683	0.369087290450251
-0.833063405948399	0.254155985426631
-1.08296701167161	0.355784995732612
-0.518522788361015	0.137251012289687
-2.50331029614104	0.738785504632067
-0.831974893269606	0.252927992747765
-3.34114431177025	1.15240434619152
-3.67655613530484	1.4837106788346
-3.10075820893695	1.06347774708302
-1.29550608570879	0.676141907974152
-0.786920154387888	0.321192754056028
-0.436961384076586	0.149225124548347
0.311221435387805	0.12471975022028
-0.0123817353381918	0.00491120533372685
-1.63307884397196	0.697754172943155
0.742858566830602	0.222845210348703
-4.10223776954551	1.86875618485569
-3.33006916041774	1.15205845551935
-0.836488039593396	0.252939757569518
-3.33287391744538	1.19822953446063
-0.618408616766773	0.218512148805795
0.559434225070307	0.203870193340105
-3.10225524298542	1.07674434808323
-2.05021356478115	0.569031985318464
-3.09758000874198	1.09367827811836
-2.50013836544569	0.752963874303395
-2.49582076805792	0.739355067527278
-2.83701082493837	0.917156293169085
-1.46612006088171	0.576648751369161
-0.833063405948399	0.254155985426631
-1.37855256949683	0.369087290450251
-1.46449121841795	0.579550237706506
2.36117145809285	1.14478104883242
-3.31219836079853	1.21229419336227
0.542071704546615	0.126697206817108
-0.105110575947249	0.0235349560977657
-3.9676383808452	1.7331486047448
-0.828502094065778	0.25094168663078
-2.02690553707061	1.02359484021644
-1.31942034858552	0.706575215165624
-3.09868623597984	1.08730133775312
-1.43056418946127	0.755322379986005
-0.78256884846223	0.31633998629166
-0.838817185962132	0.25328760025507
-0.926975461335032	0.407389843574411
-1.76968750370504	0.808308877688104
-1.46838881456181	0.572989903000432
-3.68754274499239	1.44692804553052
-0.837840297745939	0.24818333713429
-3.67599283921959	1.50022965768208
-3.52519965254482	1.31671880875397
-1.79554277422794	0.768377739958154
1.28533112933846	0.497940586310464
0.541100401848291	0.127818857380943
-3.32698574109241	1.2280591673737
0.548965996872565	0.198373876877191
-0.83107905876281	0.253159203624365
-1.46603941705047	0.583389390662394
-1.08617793565474	0.360691437847595
-0.84267406481123	0.257102521121346
-0.0951265447799466	0.0216293083269459
-2.50875714167978	0.731657401207843
1.87693466126903	0.595647178734079
-1.46600236752991	0.565606168646258
-0.095335539902063	0.0215346615173759
-1.62259104364055	0.669253363279676
-1.63656272743436	0.662298502542154
-1.75646869930028	0.787476092343325
-0.519083895767722	0.264915759179321
-1.77972532937655	0.781963244751133
0.0929689609240658	0.031110546617869
-1.89169197460193	0.899936555720019
-2.83816850847321	0.90339074521464
-1.46227768975132	0.557704620739423
-4.84442658152874	2.93022450267173
-3.8245696517211	1.63380713958109
-1.28847573339476	0.470664598070543
0.738355836787058	0.228487450174743
-2.50226013804269	0.743052864003894
-1.07763056835217	0.363157385349633
-0.00471794101667947	0.000423122399274161
-0.829590086194977	0.249784329587004
-0.776417405410192	0.309427116188473
0.0153648602419546	0.00414817620770069
-0.784589742534706	0.311519974755864
-3.32488003028897	1.22287774231669
0.873977436436699	0.477246853697285
0.00750820568028975	0.00231088442675951
-0.100630873298134	0.0231392113137372
-2.49582076805792	0.739355067527278
-0.623561304815685	0.234277836951613
-0.519260285802177	0.139357225000014
-0.829590086194977	0.249784329587004
-0.453057354623893	0.157177597781163
-2.13821478750506	1.13843938385816
-0.779334008290129	0.38523187654884
-3.83091185074978	1.57468672029252
-0.552133484803812	0.248579860713099
-1.0849475862182	0.349904710257007
0.620349569965657	0.30534108621569
-3.32100684598019	1.20134190913051
-1.4714827656171	0.589085482045999
-1.28978896715688	0.462885764615344
-1.08141218675319	0.354337401935134
-1.28518575714552	0.452530837525512
0.316999011228212	0.0928334677014698
1.30022139929928	0.677722588917042
-0.828502094065778	0.25094168663078
-3.32600725437378	1.23438140630258
-1.47431568649926	0.569773904228264
-0.832069625663695	0.254252617003816
-1.08328339450837	0.370848428206928
0.0954869846501544	0.0312855202558497
0.308797039591081	0.109169701595502
-0.0941779390158178	0.0217731946290539
-3.10336310613868	1.07624884357692
-1.2849491997548	0.465488761067731
-0.832413506587079	0.24942693040685
-0.926568940337865	0.402916499769225
-0.787590229752133	0.32240228265395
-1.07847996742696	0.363856947530528
-0.848750612300395	0.250360414708015
-1.42018580172768	0.808533828052189
-2.23339178387317	1.22909925997813
-2.42098261947499	1.46011825214138
0.557383851253066	0.209611312130569
-0.598106052115158	0.308956822476361
-0.633776101029101	0.24266905744596
-1.07584917555014	0.356945538003037
-2.14118605318759	1.14314234690581
-0.241164713270331	0.076244858485767
-1.5150333405005	0.895667212603481
-1.2958512655768	0.470376500192705
-3.10336310613868	1.07624884357692
-1.28350107612435	0.474836718450796
0.740307794316603	0.226991725061648
-0.618435017372534	0.229675726568853
-1.29167388232756	0.463172134932641
0.139627403967474	0.0548424653419537
-1.76543118984401	0.787435369926486
-1.0810615465356	0.358112768059313
-0.243374819620522	0.0759703352600238
-0.624924270944715	0.231570738791117
-1.62360909682202	0.690106169054155
-1.18878708146489	0.59549855631434
-1.28358451008746	0.470403258949645
-3.68976599475351	1.45941740331094
-0.444036372579586	0.153411790765877
-1.61083363213657	0.67283194400067
-1.1966874360813	0.597291821465646
-1.89691455207416	0.903133465112992
-0.797636287509965	0.412045048687608
-1.62110135794881	0.680732230781001
-1.41840620117747	0.786209466372061
-2.14327041375974	1.1493756080216
-0.893290300524004	0.480403911163862
-4.30881515413593	2.14243673800648
-0.925928002011292	0.400298470363607
-4.21458080183698	2.01175201801906
-1.75926297715385	0.766696313644229
-2.12835800487329	1.05743760410657
-1.61711325174392	0.677635979110965
-1.30088967354236	0.444945213303538
-3.31219836079853	1.21229419336227
-1.28962986610511	0.477635949130163
0.0131142270434902	0.00360375812483881
-4.08374752926349	1.8623165714962
-0.452754275286197	0.153478435429676
-2.49348075277667	0.760631300990853
-0.101789050479357	0.022868379633766
-1.46015956548501	0.574745191187339
-1.28225088407572	0.472932749218288
-0.634041179165041	0.242733634927003
-0.638488976793615	0.230094959100346
-0.833063405948399	0.254155985426631
-3.68700719441244	1.47673450956062
-0.517351938617723	0.135137025900895
-1.89199157715901	0.906348887947021
-1.07090430811434	0.510969781451341
-1.77486433548235	0.801551442738401
-1.28810247494672	0.480815408735924
-0.685867140705431	0.317839730927416
-1.95665294783786	1.44569304094551
-0.627352637183413	0.229220888628095
-1.89937205416639	0.909977075846015
-0.786596313479677	0.40010177236343
-2.12629547405902	1.10644361251404
-2.14270036664592	1.13652520992128
-3.68593471296041	1.48780732400381
-3.32001561112394	1.2286468506821
-4.31995211721289	2.12793369486067
-1.9061801810928	0.877987369041402
0.296068328591423	0.132206216412117
-3.50345173957519	1.34706552782025
-3.83029531174362	1.62917679111318
-1.90735017273127	0.888274275410922
-0.243217575290489	0.0761252912804323
-2.04902373026814	0.584535062964325
-0.634834368695516	0.240745569314624
-0.515079347934818	0.137725022751014
0.882820112575788	0.324571578461956
-0.451856984528304	0.153719789107371
-0.79802133153312	0.312381244844689
1.93400096432528	0.789526308766741
3.66715603708965	1.75970110948968
-1.305840981999	0.699455033376188
-1.75713797326246	0.788541628720663
-0.794658366322362	0.319878088423202
-1.21915700130057	0.760716412492815
-1.26587715251684	0.8340937020277
0.731701248600145	0.543604272356428
0.445406685515329	0.208074698052499
-1.57369496948177	1.22785961409399
-0.813357895077039	0.311462601301901
-2.34427460050893	1.38017606980201
-1.00817467243511	0.533190466227809
-0.188339658975591	0.0929186681851321
-2.12546227994754	1.6413766227334
0.739313685554074	0.446874714795093
-0.509898455548946	0.284345924958615
-0.532897951576299	0.232257025494054
0.564984570536885	0.205505038318756
-0.538094053350498	0.233987906421822
-3.50923973767825	1.37307967191977
-0.536656862883706	0.238036388442628
-0.16266423558764	0.0670137246401587
-2.21986820343885	1.20691858509653
-1.075261666969	0.496413290012589
-3.51795315612627	1.33270468296377
0.387433170136706	0.199519669007371
-0.0877352957425548	0.0306164699229536
-1.28131977836248	0.470305005529611
-0.783207092307331	0.320218446459616
-0.00218750817463674	0.000107543735465896
-1.07763056835217	0.363157385349633
-0.952314824324359	0.409314608641535
-0.494133235025085	0.281991258183684
-1.19418460189292	0.7677094467256
-0.39838293893738	0.156847816907654
-0.514353262218427	0.270007492502523
-2.66729663250999	1.78069040852042
-1.36759540754279	0.891063590113783
-0.0832284099973832	0.0400509362561544
-0.67528767827852	0.426213926834045
-0.90053635213129	0.756249781163154
-1.12671591204584	0.821468435664032
-0.971116873598958	0.495722337145316
-0.784821209711998	0.404429413691832
-0.519152037507323	0.268433931126481
-1.26866617295694	0.871593905595467
-1.28403497636446	1.03432437749147
-0.105303310268276	0.0455329821388423
-1.07811104017208	0.623815219190708
-1.08952321099388	0.510828833625415
-0.81164915637091	0.47754607407398
0.479956470075125	0.200827349647608
-0.667943214680118	0.312396084485795
-0.624402875988784	0.352309466671707
-0.413995904044387	0.172363919069318
-0.932066021050477	0.409511365751847
-0.802928587849301	0.410832575088934
-0.546053933994521	0.246574425661426
-0.621811185635897	0.234126260883939
-1.18190484490935	0.580602440253578
-0.839071234022021	0.253754074663262
-0.25914659037236	0.0911931162691075
-0.157643862012549	0.0639816513608812
-0.699695707464111	0.391107240907008
-1.00114381544445	0.586548405043213
-2.60155696000803	1.6740658850949
-1.72503424357116	1.09101492187456
-1.42267148845334	0.764816390538995
-1.61661853818996	0.984379799691894
-1.19429515303959	0.596338902968544
-1.79192619242132	1.24018720177354
0.0199274084210493	0.0080856973933994
-2.42729667139732	1.49386376930286
-2.1635712741716	1.77138488058942
-0.318220690994118	0.163197817801703
0.0923101813397264	0.0298655412923221
-0.619814539378553	0.335213607186881
0.104200538104181	0.0340958108761279
-1.16723593375795	0.710223021217716
-1.203191452033	0.560315918955598
-1.29397186702351	0.669479156693168
-1.24323600166523	0.965128047132423
-2.69435499169727	1.84887318022927
-0.549974868249723	0.248530011966146
-1.42549766294505	1.02823030203381
-0.541012046579504	0.244969106511377
-4.21527882211902	1.9682623001374
-1.47219280426418	0.561561368294666
-1.08105608861575	0.36095604784384
-0.623267243107903	0.235097818840234
-0.923513340532019	0.389463598371577
0.793201407258514	0.399729170520017
0.954136433957843	0.427129565584354
-0.509578165050014	0.256756256862661
-0.921198341303914	0.384150430379007
-0.665632425316097	0.42909701118939
-0.720881046441083	0.413072051841798
-0.800627083721425	0.854393403851954
-0.322068401233463	0.160976174009184
-0.904043979386844	0.684133782444472
-1.17773499356813	0.736602796043429
-0.609099289675052	0.405202482813594
-1.19468348173412	0.713967487343832
-1.35068836424104	0.932924997082601
-0.933415044567387	0.407198822555963
-0.265081941293433	0.100159636669363
-1.61547677919067	0.68335736830004
-0.781423804217571	0.3919174225917
-1.33679545632153	0.91417684026426
-2.06947753004518	1.59687594392831
-2.96575159297864	2.29195481533641
-2.7557090010797	1.93521187094654
-1.65728360632031	1.25305447558532
-0.999861458323121	0.571977670429371
-1.88565837224862	1.33135761225234
-1.53167932295461	0.864869133130681
0.860247197491686	0.495802347083174
-0.506105072528581	0.293112780062316
-0.711475405267429	0.404036122010328
-0.398954020860874	0.165184420674049
-1.31379232959787	0.691611437925412
-0.448825572738314	0.331828984385263
-0.1354753976432	0.0800212976448906
-2.60734746405781	3.47852812549504
-1.91254962183407	1.86067420494395
-1.36798726988712	1.99065942060313
-2.82880342854746	3.28099331030672
-3.20304246012636	4.34537758086445
-1.19802272561042	1.03744702270728
-0.165115571748507	0.0819819247250717
-1.43769940885263	1.38003281228802
-1.64571523315646	1.2740341330625
-1.2960187262142	0.681650017482007
-0.0091954581904853	0.00320499836711807
-0.670423507045664	0.432000889791662
-0.524072205878209	0.298129609069539
-1.13561033713095	0.830164285572722
-1.88901513585721	1.29977382167204
-1.3675210416391	0.866892023203099
-0.855413892325609	0.692536348593708
-0.968649200639144	0.67144009568363
-1.3119559407193	0.680271235781858
-3.09404330590539	1.06245153955413
-0.787444569207598	0.472522036399208
-1.44115709446653	1.69577993066218
-1.5179756903443	2.0131348897563
-0.195428737694669	0.136752838518371
-2.92157691164318	4.73249928980313
-1.86711078382906	1.59884879354005
-0.151525724977203	0.061167031256288
0.430030108054673	0.260941482231223
-0.503179010894035	0.256671095960254
-0.751746799806419	0.5155656328157
-0.998102070714494	0.566659808010375
-1.1806385228164	0.748053715168103
-0.870072667332937	0.720869702674484
-0.118531124920236	0.066775473957294
-1.91648249667125	1.80330821772488
-0.300203993255217	0.126173210970476
-1.08780494208683	0.884247744417585
-1.3304383228768	1.09765690361693
-1.04544490455005	0.81777166045732
-1.09146087935735	0.645578831855957
-0.970483480683883	0.626301208898292
-0.922200543253381	0.645205166965404
-5.34914510279884	4.08659749928622
-1.84167494094799	1.74842121865747
-3.02384520465382	3.87057562190107
-2.26352000335283	2.57427876905574
-0.311767315261293	0.186997384894935
-4.74759731895781	2.72423030290031
-2.34865946002531	2.13785046331665
-1.06511873508697	0.687927807243241
-0.383754245904944	0.21046407353208
-1.5240621971408	1.19175878621032
-1.08198110393991	0.634220259163565
-1.23475378443672	1.06519283721778
-0.765147232845631	0.526217988089617
-1.13583651722325	0.819740575615379
-1.05058504824668	0.744385186967187
-0.974846857137652	0.653086280473285
-1.93279383369193	1.41192114812566
-0.85880164134848	0.722473119408726
-2.39178475707533	2.90215467956673
-1.29775542651425	1.26204270703156
-1.20463229987454	1.19691148541585
-1.00775672929215	0.933369451973134
-1.57863207566994	1.80616407148084
-2.21762635283074	1.77160830342702
-1.77649203615546	1.20309907209653
-1.4820738796131	1.35541731844597
-1.60569128630999	1.29051394298227
-0.0964702305225819	0.041481464665424
-0.287400678583963	0.12784828232679
-0.308615332466598	0.186896581205945
-3.04926744175777	2.49412900243015
-1.05971679061916	0.738956528023108
-1.10984053384005	0.805066699032571
-2.19790935229436	2.34117330460223
-1.95919808301189	2.50005561554067
-1.30903069373858	1.28087604308419
-1.59960107747188	1.76437909095537
-1.57381697032767	1.36818692821556
-2.82544174574026	2.08394285197158
-1.08830427232762	0.917024389704628
-1.20095307405865	0.756152856157282
-4.82873386229727	2.93996248505887
-2.82878063661522	2.00755539029551
-3.9706675090944	1.75821571282393
1.64443113207782	1.35029437131794
-0.980619559413554	0.663262123738663
-1.71420075060854	1.83682314431623
-1.56097304844707	1.22838169782955
-0.881727202788285	0.565770794761392
-1.37899931145811	1.37425187617294
-1.43123598251292	1.42254614317889
-2.14643427012209	1.64914825087539
-1.2212356421404	1.26250185971544
-2.51780527681334	2.46120257557575
-2.33804212516765	2.12573173510941
-2.08914345123599	1.69705116361717
-0.749317839835227	0.506382441524838
-0.465064120251817	0.31143120611798
-2.33962986878663	1.36139634581816
-0.614985450454465	0.331766700054211
-2.43665227645887	2.96607861764665
-2.30784314468043	1.99539436600376
-1.33488587020443	1.14854004502186
-1.09798598796173	0.649950073859606
-1.42400103083738	1.02024883642204
-0.331363719199071	0.171905016817203
-0.794864605257639	0.492432857060306
-0.416758974873603	0.224480673355716
-0.399634063189309	0.196526337935169
-1.48544780026707	1.08403354927099
-0.765822380545653	0.371507098042206
-2.62417669933521	1.55502525878963
-2.23763434071736	1.24374035036845
-2.24532442057435	1.21691623433656
-1.78914623503448	1.22885254259395
-2.21059241311107	1.78298967862611
-0.973831956752014	0.660206051730088
-2.76307851305435	1.99805656834171
-1.89293845464043	0.889372071844045
-2.75701560488674	1.94762593882054
-2.13739901999692	1.03025998113036
-0.417216083828815	0.230657551005298
-0.884212122272939	0.455587362066199
-0.534780943602677	0.238891314668824
-2.59178358608435	1.6994901218642
0.0144701362076562	0.0038086549766241
-0.724032333860498	0.413446513985129
-1.08108050972116	0.507852381205478
-2.69286950781723	1.84951787271927
-3.31803372889694	1.2396293722172
1.28882031973458	0.509916660884464
-2.76678460867456	1.9600011149294
-2.23978521266657	1.23235885896427
-2.33173821235463	1.36502065816324
-1.07052251581231	0.510005305530656
-1.21317841147035	0.60942381196249
-1.30580278383906	0.686130211690665
0.552893324539326	0.204766376131463
-4.09726278595914	1.90282657935485
-0.621163232883149	0.346592847966612
-1.28035263172813	0.450704752422279
-3.09183480000513	1.07302576822624
0.707911424145209	0.313874728752261
-1.43718310885145	1.27537714967439
-2.51678302555188	1.59629570769018
-1.19862995613522	0.745212073310166
-1.18652592734907	0.774846024311062
-0.602641233925917	0.369976733307642
-2.69793308442925	1.84377085724962
-0.783400270373371	0.668081496108556
-4.09986797387282	1.86747351239895
-0.573275404268643	0.382055989046057
-1.95665294783786	1.44569304094551
-1.10561563259471	0.802369692214944
-2.75576229366336	1.96051905013173
-2.42300565028085	2.35846554983975
-0.746361835859374	0.429075713020463
-0.126794753824727	0.0528934275818337
-0.28960993005442	0.125174044322439
-1.18790425129301	0.737815340311611
-1.17127924585178	0.727028263626192
-0.798014664473737	0.326087964255193
-0.787584985060278	0.318852114838309
-1.30323445543445	0.693679280584731
-1.5056230424505	1.11103096236756
-0.909532988407299	0.675568498705994
-1.43319070634892	1.01678945280092
-0.84692123387046	0.601454281057866
-1.88746233048743	1.30065279338374
-0.183096623730719	0.0849606986830014
-1.08672098305523	0.648008203953602
-1.26660475536055	1.01858122294187
-1.8182328017579	1.09370706986232
-0.387581222632492	0.196872085501332
-1.30709533949463	0.646825495573774
-1.07091870233088	0.732260247215696
-1.30084656505482	0.694380900669262
-1.57655426852564	1.25663038631026
-1.48934321967528	1.10162273952318
-0.584288913547216	0.355262371667487
-1.68126023047231	1.06117815008441
-0.993867872457241	0.562055518356741
-4.52962203960382	2.28456992067636
-0.270838095870136	0.118649705429161
-2.01739845386468	1.00938134953937
-4.50553267219621	2.39806454994601
-0.40516615836178	0.170652365257633
-2.33680655294995	1.35891570815755
-1.62509199984758	1.66501260129796
-0.656299213456886	0.401861491758854
-5.23097510875143	3.82149598452612
-0.346939503138243	0.199232114452656
-1.2810778599242	1.31919484989546
-1.04836972702348	0.887714436999113
-2.08011778759943	1.60697174754
1.9648957246495	1.51385723563328
-1.6079596709057	0.999672892109543
-1.78090248040873	1.42958574122723
-0.673382250638352	0.323949443945117
-1.35565571117919	0.963248126136587
-1.53547589557102	1.12840308538863
-0.491858265118275	0.279619468820215
-2.19095737429467	1.60925772828695
-2.10025498794894	1.59523138828777
-0.472884859390472	0.286111528420909
-0.41964076593928	0.232019198021837
-2.32607873509366	1.34815541330983
-1.37272564532992	0.927851995349686
-1.01235160604846	0.585739622096692
-0.807560190454141	0.401339902567335
-1.2692376876453	1.01802415742277
-1.26875857818724	1.04189562120165
-0.898737935729294	0.485028720962402
-1.91484351298952	0.88446341914684
-0.932066021050477	0.409511365751847
-0.787525766562346	0.388586242217717
-0.592478944366494	0.354838966675836
-1.30104418119949	0.694675250287577
-2.14062785959451	1.13638199009087
-0.388753103844427	0.205265423770113
-2.60000034544009	1.71831362025981
-0.664345964703699	0.323171179425584
-0.420519459786092	0.216487598583097
-4.69974617151471	2.66788115489805
-2.53940720732295	1.59471178831307
-1.52106206363732	1.07643519580614
-0.781426481028866	0.317355152139802
-1.70837018425883	1.08954858947092
-0.65888805978271	0.309393336905266
-3.69505021630467	1.44940468488895
-0.408713723167903	0.168150490922959
-1.75702439865362	0.794526585470322
-0.405408434510742	0.165751044160498
-1.51312575896334	0.876480892568954
-4.41155730015283	2.29925889194657
-1.05607505349905	0.471177499434702
-3.95955101596746	1.74324307872537
-1.08275054650889	0.637574851746922
-0.781011178240412	0.40342159808706
-3.32389604813218	1.22913311718987
-0.421920679044451	0.16304435436558
-2.63037126269853	1.7100594091871
-1.59428452581784	0.970690448754736
-3.98454364696946	1.69222560601368
-1.08714078500731	0.366580849372236
-0.537532811540132	0.235911180444539
-4.67230106790345	2.67745008838429
-0.221459791289975	0.105639256563078
-0.674480381791083	0.307725775620547
-1.85419278143027	1.30730356765904
-1.08786646647154	0.356585304113687
-0.0208032276343239	0.00813648479401212
-0.433037148193577	0.239192390813279
0.0144584853599977	0.00614012882590907
-3.51136787314652	1.34167387473063
-0.635234739345857	0.234563886950266
-1.31341906955705	0.70366211315567
-1.07648928892555	0.496847231004895
-0.624713115828826	0.347579854819676
-1.19225050226517	0.595875143422035
-0.797648288886074	0.326861826908647
-3.84382866224434	1.60947385613232
-1.30376765876964	0.698882029561046
-2.1506847944921	1.07581029307314
-0.994929190188709	0.570241897330841
-4.50472708490637	2.37252775344778
-1.08645434746347	0.502202496438459
-4.21019452578818	2.00301653272601
-1.39922187653868	0.763189586720416
-0.497903174621401	0.245976926467936
-0.895970475507989	0.564520915042302
-1.91536097988115	0.911834373460731
-2.14029309463234	1.10480566026617
-1.79395726914247	1.24921961330017
-4.08547463705246	1.83188136652535
-1.31261912652502	0.689531903869586
-1.1857478723316	0.695400442855315
-0.0791191438394555	0.0271688737336484
0.124194769698497	0.0479217240463736
-4.43803837431003	2.12534070449794
-0.68858266501638	0.498429894055238
-0.158314953898748	0.0777201994030286
-0.98182439007992	0.800165853078701
-1.26659672660343	0.841279687262317
-1.18337658190892	0.57390463124726
-1.31914585495337	0.6948736001449
-1.11999100249972	0.828613696008853
-0.629120617638175	0.242192445289825
-1.30794610982236	0.702897078108206
-1.502435055738	1.13683428896855
-0.994058291612959	0.67034397821254
-1.099290699664	0.663650719467219
-0.636911903782608	0.224528671181593
-1.09486429433646	0.656295441053255
-1.00895504435455	0.542754805045742
-1.36304084046771	1.30573114059323
-0.71477120949306	0.409253781359472
-2.67068418197049	1.824925537567
-1.67711089937101	1.0448690787798
-3.95379451212572	1.72183213288577
-1.19832043801325	0.938715089728482
-0.409807301931025	0.196011053925106
-0.391943901276334	0.181766221972975
0.13382542907691	0.063542658155597
-1.46427595604439	0.57697885771139
-1.73293532360795	1.09408361132381
-0.9972300137883	0.562466159979333
-1.08350566322022	0.51084573751228
-1.0810816151665	0.494741567452216
-0.942765009967032	0.414905319393052
-0.446984700085814	0.150626542680004
-0.102983918930838	0.045024387718572
0.48141740575909	0.195506844296268
-0.10243426333691	0.0355899378566918
-1.78783565289203	1.16151593700411
-0.884122017576616	0.560055088155001
-1.31299945341359	0.680205055074577
-3.81918727481022	1.59423504555658
-1.88659544664929	0.893372657154617
-2.84946293587572	2.10302123190303
-0.895981244670262	0.741168540931819
0.538702094032632	0.341985207482634
0.300098642071668	0.121080758563157
-0.303602794085624	0.151910372796781
-0.930467534265001	0.652275987235604
-2.68269485439324	1.6764805581025
-1.42231853551866	1.04999138894529
0.465380619542154	0.26230356396825
-1.88781571134293	0.901518113432637
-3.82521990339114	1.60354515589254
-1.61959557434558	1.02564579808235
0.280093567420139	0.113000171208189
-0.673285454644668	0.323922831751198
0.698173282634823	0.390736851690862
1.68887886639198	1.30651890247023
-0.260723873404648	0.101212846001281
-0.564223511494021	0.24255962784685
0.0111568725027582	0.00476831713855934
-0.0921091097998551	0.0399724240231915
-0.531045557695306	0.230985654615039
-1.85879317887464	1.6483182390441
-1.93272360939571	1.4170477151131
-2.23327783513904	1.2500972128154
-4.68589198171071	2.6500502552915
-2.89682718459308	2.20793611169623
-2.22707806306726	1.23733554664745
-2.67941881718447	1.83365726513657
-0.88821556716612	0.558955016392865
-0.770582089793321	0.529982546304039
-0.306857504293599	0.134307158972756
-1.19421769039164	0.933439842319394
-2.59856116005967	1.68533513023014
-1.41274989513245	1.02806011355077
-2.43624746296288	1.44833871723009
-2.67310461791106	1.77650537736602
-2.35089511121704	1.36563405083494
-0.111690088936063	0.0378767970790457
-1.18718739462279	0.598026755716975
-2.82415320573016	2.00000541312558
-0.611759149453312	0.368480833526421
-0.595381190581478	0.345799753082471
-1.49857144828612	1.13012353972649
-1.17835858542456	0.757959666076677
0.0353528659034482	0.0164209642327697
-0.974562676222469	0.596283196185409
-0.895407257018584	0.483846979631124
-2.89264355085498	2.1819716189464
-0.91712411680943	0.504779165756085
-2.51773856876457	1.54814791771305
-1.22468899500026	0.92709056518307
-2.16238749542791	1.64241431029943
-1.09384456485116	0.656197085651924
-1.87676916648672	1.35604001858193
-0.605800417271943	0.331773500157835
-2.1179838378777	1.63767408432044
0.523939172631914	0.326916979442306
-1.11103522126681	0.945093568255962
-1.41038328033303	0.778772039677985
-0.88157960677003	0.470137684378343
-0.763026625529503	0.522132590233516
-0.996912557136562	0.570207306220009
-0.410205025556285	0.171238597448119
-0.404008451601187	0.169441717286349
-2.12949678111248	1.13720688653582
-0.96797954037084	0.649249425087521
-0.976648609616122	0.652309284089148
-2.12647558077368	1.10486507597942
-1.3183676730744	0.665077283195632
-2.79198083245125	1.94193033149893
-0.21126718035247	0.101475919757931
0.759599650885884	0.451228579986235
-1.71373247282056	1.10713404210324
-0.925157029141242	0.494291006716187
0.12742019482454	0.0485609042811543
-0.631374371659705	0.339868987862264
-0.538985217852542	0.234013012220242
-0.621811185635897	0.234126260883939
-0.884598757859274	0.554498340210431
-0.108873007817416	0.0372490172059085
-0.791860097740633	0.326103366292424
-0.10854616208432	0.0373677574473167
-1.10177820803415	0.666331135326153
-0.460512357729233	0.158532271375042
-3.67023133792318	1.47260138710082
0.1554984908543	0.0736019639709274
-0.218439255720018	0.105606625832939
-1.31001989878634	0.707586163662941
-0.277173959740195	0.126290838315524
-2.5046153788503	1.57523501008741
0.376764784054085	0.18746415305163
0.128277497179557	0.0489268860217562
1.29056098073192	0.657262223776386
-0.442435360259396	0.151935661114471
0.875071608665375	0.324281132281828
-1.46933428462261	0.587940718405459
-0.829590086194977	0.249784329587004
-1.08810382039827	0.366696523215772
-1.45848707018788	0.580198349067802
-0.277612359010912	0.123585015960467
-0.937060648207288	0.410069435205644
-0.931134032957141	0.412834189895345
0.695670457810575	0.298623575496288
-1.28767143663	0.64527320442869
-0.40062821157918	0.197180633975623
-1.40986716041284	0.778699530968534
0.276823103339105	0.134978809750326
-0.799037326804113	0.328367646683143
-0.51289349510807	0.268500037224969
-1.88132386424689	1.37086097962796
-3.32488003028897	1.22287774231669
-1.62176236543499	0.689619267245939
0.607890957490696	0.301181193495583
-0.635902646172145	0.234628954959488
-0.282557380465735	0.102463086126984
-1.75311100964398	0.776097831475426
-0.255138576987064	0.0772691865281491
0.325117911102895	0.0916937982959865
-0.899801727983121	0.480137310783949
0.263619727003444	0.115770037740373
-0.825799730446553	0.248850296046326
-0.304997279974066	0.150223137008606
-3.97315213441293	1.7710564133981
-1.61235176012732	0.673246153208457
-2.22714999431094	1.17847509146348
-1.09092571278087	0.356986564234546
-1.46600236752991	0.565606168646258
-0.794956251900516	0.306188672419162
-4.41321805002435	2.27436532261859
-4.32383447129921	2.17904581756149
-1.28904102514027	0.470679738640395
-1.07011225598508	0.491847134015403
-1.89904235763082	0.903448933674841
-0.999707302258168	0.578098200979702
-0.802881753958532	0.325011133998177
-4.09986797387282	1.86747351239895
-1.06221564222229	0.486299723457918
-1.07623377496826	0.363444231148948
-0.415193705005092	0.164248702685616
-0.247109524610795	0.0760874251362555
-1.62620730611787	0.698214490010259
1.71513634591004	0.844326750336819
-0.450784420823564	0.15191818314732
-0.241164713270331	0.076244858485767
-0.827973934228269	0.248897601435703
0.319235701030726	0.0941325908845634
0.319013553204546	0.0939803950694869
0.00429094105789197	0.00127251095959964
-1.29723887942822	0.461133832552076
-1.2849491997548	0.465488761067731
0.323705695530232	0.095444827266487
-0.0974411559193684	0.0219556283179796
-0.00577160259029977	0.000837894848564423
0.750456405947033	0.221324751963573
-1.07666813951648	0.36466782984443
-1.37855256949683	0.369087290450251
-3.83292280985361	1.61174953394805
-1.29917489848011	0.476122054473989
-3.97879225853764	1.75589528566527
-1.28962986610511	0.477635949130163
-0.830458254376926	0.253340793357874
-0.231281040957701	0.0720387889490784
-1.28761288766524	0.469346286108944
-3.67542911223521	1.5080288603743
-0.245825532928544	0.0758252265485299
-1.61113976344791	0.671631261735209
-0.83067879407783	0.244996107213328
-3.3250289416445	1.22913026258715
-1.07763056835217	0.363157385349633
-0.240583170030325	0.0759160124673235
-3.51504620529804	1.35878374498678
-1.08425366242167	0.369278140646016
0.323237769806572	0.0954668421415237
-2.50108453829271	0.757473465243405
1.87693466126903	0.595647178734079
0.322613450856061	0.0931969730661386
-3.82424357900002	1.63744524450498
-3.84958036190966	1.56255385906234
0.309235583362108	0.119652489294175
-3.09073159364739	1.06509583332195
-3.32796440159522	1.20355437314332
0.0211553956955767	0.00874690878516059
-0.919974094548052	0.384402354334852
-0.768077948918679	0.376252438281074
-1.61729777869211	0.670456152115093
-2.02401304810506	1.01268304198761
-3.52301705998267	1.3320779008944
0.739159309272223	0.226450357269325
0.541100401848291	0.127818857380943
-0.531841967384847	0.140696319301189
-2.83458329559744	0.91634542093066
-0.443693212546937	0.154384665933085
0.019616156112828	0.00497100285560108
-0.259704537694093	0.0996998515611503
-3.5201037926835	1.34294434319126
-0.101789050479357	0.022868379633766
-0.514680488872461	0.137579947568615
-2.83249128745503	0.934154025578548
0.0123876104363821	0.00332088703147064
-3.5201037926835	1.34294434319126
-3.32488003028897	1.22287774231669
0.698079007666001	0.304890822202342
-1.08589556734498	0.35395629495229
-3.3250289416445	1.22913026258715
-0.928229537571973	0.402497030344405
-3.50424787188215	1.33990468054318
-3.31902457203743	1.23889070538812
-3.68397934608947	1.48834927068878
-0.789620802767209	0.319432715665122
-0.990091678098284	0.528068815193268
-1.7775947215395	0.771173272797443
-0.229236840920787	0.0696713583544589
-2.50359432718078	1.57238225779371
-1.91293219364336	0.899499397083907
-0.836890025784853	0.249170164056957
-3.31902457203743	1.23889070538812
-0.301490834571588	0.128878843330522
-1.88152643763636	0.871377152255246
0.813225517812676	0.413522608694456
-1.46442092379468	0.588269800741158
1.27496181025132	0.600897859290333
-1.28640931040017	0.457340692358255
-3.50424787188215	1.33990468054318
-3.5129271336448	1.29985570423984
1.29789060206286	0.59180575386331
0.54857087575441	0.128558386573012
1.94131353117111	0.805172253180273
-1.47133798812165	0.580145869720215
0.545286400011961	0.127906532067442
-0.0966885898007639	0.0329579140749333
0.743272223281135	0.22643329731518
-1.8978701740071	0.901801120314122
-2.15076644920035	1.01566616466271
-3.09404330590539	1.06245153955413
-3.6787553260205	1.45189113308096
-0.684211144917633	0.319437233660559
-0.954555695836014	0.40760816182649
0.486115202604884	0.209959681916631
-0.272086778282802	0.119506021566842
-1.31680558721738	0.70284692510785
-0.800319701371781	0.389674156400182
-0.0959160185357451	0.0320716215168837
-0.412688271330888	0.173834559826464
-0.247267762923724	0.0773718761143215
0.567390969924364	0.20955510536409
0.302172581221871	0.107370979890393
-1.53873724669975	0.859784154526543
-0.229021055177335	0.0699096362805973
0.138487333349417	0.05334921045621
-2.05021356478115	0.569031985318464
-1.63518090964376	0.67753884260004
-0.951223654412922	0.384832394903735
-0.100102853846225	0.0222670185448718
0.861087956500786	0.321588252299041
-0.243962820527783	0.0760311493607149
-1.89691455207416	0.903133465112992
-1.45367394103786	0.566173888855813
-1.62178763673013	0.694441352855692
-2.25788655240272	1.22594480362877
-0.241908116677168	0.0742801598735886
-1.77482121255035	0.810217176439148
-1.28886622712064	0.480829304316831
-1.47267812930859	0.561643230655865
0.479815196957067	0.19939962167403
-3.81815917706376	1.59505751292442
-0.0945032483602891	0.0218370726435746
-1.07912178722694	0.357132861316791
1.39220252896263	0.437531654237884
-2.82800405415571	0.916370270350291
-1.07719625785892	0.365069612392098
-1.37855256949683	0.369087290450251
-2.83249128745503	0.934154025578548
-0.519662324847855	0.139505494309868
-0.520104445364255	0.137370661910804
-2.23541471571809	1.26370111462327
-2.55768209872129	1.56921117293553
-2.32723565421339	1.3520667782856
-0.638389874162365	0.240794121074563
-3.9756474725053	1.7159696055981
-2.51543740752452	1.59478956312542
-0.774571438083925	0.380645240659847
-1.75817315506553	0.794854384955456
-1.62766269474741	0.683269995705304
0.564591819848199	0.200672038848447
-1.48282174592446	0.552763927112225
-0.803096468998549	0.323840661974424
-4.09420936042572	1.8773086875716
-1.074876740847	0.35938944910669
-3.68754274499239	1.44692804553052
-1.46905615983351	0.55548733037601
-1.08185102233973	0.5054701226341
-0.789276989763048	0.393332560617115
-1.08242417922277	0.497859084250731
-2.0092592341494	0.97306355070468
-1.89199157715901	0.906348887947021
-2.23043265053744	1.2141508513629
-1.7052327034788	1.05702891486154
-1.62148608494655	0.697491772953892
-1.88659544664929	0.893372657154617
-1.46165706864619	0.552394550070367
-3.32389604813218	1.22913311718987
0.95825409471092	0.435655818820448
-4.30982776670441	2.16136161626564
-1.09196829397166	0.50413165229775
-1.61052686364786	0.671651088726397
-2.04902373026814	0.584535062964325
-2.23409567082924	1.23922077197582
-0.622196360840249	0.229759915684022
-2.04902373026814	0.584535062964325
-0.629964169762834	0.235860498880937
-1.28207481227429	0.473471454058406
0.332147052581879	0.0950871161574312
-1.46015956548501	0.574745191187339
-1.76768422025516	0.796784022431971
0.742858566830602	0.222845210348703
-1.28846229775773	0.453205441448873
-2.32140867913037	1.32993992408151
-1.0805248563296	0.360561938702347
0.54529362114082	0.195785642975962
-3.67542911223521	1.5080288603743
-1.07682181488009	0.350121000398315
-3.32112060479918	1.21020607655163
-3.09404330590539	1.06245153955413
-1.61711325174392	0.677635979110965
-3.09293870382283	1.07206408964027
-2.23964053421967	1.24941902542646
-3.51002640341346	1.35960019139027
-2.4946503122275	0.759347999169937
-2.50875714167978	0.731657401207843
1.28104469877687	0.616130790347714
-3.32001561112394	1.2286468506821
-0.0956609260577928	0.0215971171731289
-1.47038522834037	0.584206087761708
-2.23676527543941	1.25987340093863
-0.943171739265091	0.41905489072848
-1.18190484490935	0.580602440253578
-2.13057922242076	1.13013788578249
0.696000139360931	0.291813374326272
-3.33402818802569	1.19631780795137
-0.519047917270715	0.135752304649831
-1.28904102514027	0.470679738640395
-0.617565993138864	0.224574679101074
-3.09868623597984	1.08730133775312
-2.05021356478115	0.569031985318464
-3.5105880644975	1.34597780163031
-0.262169313751771	0.101141878235791
-1.07530760554696	0.349059729381252
0.73875223205486	0.226649424561653
-2.84122014280315	0.895944192895078
0.320159186534265	0.0929647852056076
-1.20484038135351	0.588999008702513
-1.46838881456181	0.572989903000432
-4.09889366565038	1.76783867591301
-2.12085087900372	1.12440423400448
-0.700933775147173	0.401814632560489
-0.953256102842246	0.409571551073621
-1.42979208673137	0.797368858103092
-0.417010900805399	0.173075042130386
-0.832884030316045	0.249681598941155
-1.0885566476252	0.369289157276746
-3.82489509334159	1.62306568605038
-3.97077929973703	1.73122640981802
0.296128517283606	0.115533711546605
-0.78646343242416	0.319488556356472
-3.32488003028897	1.22287774231669
0.0831123716441344	0.0282518099524999
-3.31902457203743	1.23889070538812
0.28886091030988	0.100185529759267
-1.20849380162944	0.59818379327986
-0.67557679298654	0.318659433461111
-0.779730370154578	0.391317338062713
-1.18665436921531	0.593451422824639
-0.422860505817154	0.176835326418505
-1.77889203964561	0.752832433276658
-1.07935549719198	0.505933100088718
-0.343688707957562	0.200126222492262
-2.00790299948055	1.0120628959364
-1.18592418392742	0.590967450847738
-0.792557901706233	0.328085474256847
0.138385427763297	0.0520907795796947
-3.32001561112394	1.2286468506821
-0.776511564191965	0.301069696465712
-3.67430036803184	1.50154561405815
-0.458196298975351	0.157218046170928
0.294914608731547	0.130973249643591
-2.01584035999532	1.02017794385861
-3.68924024600797	1.48982909911832
-0.448696884627933	0.153527743118027
-0.928556923961701	0.39879845274008
-2.82800405415571	0.916370270350291
-2.15314120044695	1.75165352130478
-5.07151354936846	3.05319936069865
-1.0839032583534	0.65950169491709
0.0282527698676313	0.0112902430556766
-0.622714375224779	0.339629937511658
-1.06574139837127	0.491834579532003
-0.994762311512457	0.574358455374796
-2.02507782099817	0.93012315808454
-0.627617130673673	0.240161726947865
-2.00578537391227	0.963010896467737
-2.31985108254188	1.31391773294222
-0.538195436651586	0.225256557235551
-1.31076108526645	0.698076514815499
-1.89099291277258	0.898662003318187
-2.23541471571809	1.26370111462327
-0.902571748581756	0.470940900676694
-1.51158455280047	0.884836451035482
-4.31848474237044	2.18124573952888
-0.934231478359002	0.410044143132877
-0.894331752615289	0.477548795725476
-2.61627626788243	1.73179615560785
-1.29949512762336	0.663116723091793
-0.937994128079388	0.410826263777398
-4.31411844563704	2.12961773167097
-1.6115676761207	1.01078188323889
-1.69832131440059	1.08254260461063
-1.08444708184547	0.515662485031997
-1.19720056923132	0.600376279915458
-2.5286252895632	1.56191515342374
-0.256696714154937	0.0975159607021746
-2.51085539015184	1.58402042499845
-3.68176333633466	1.48750125621771
-1.71597731649056	1.10499663798585
-1.06806708856967	0.490468188799972
-1.75725538537538	0.788061152812166
-1.25318209750402	0.80955832144314
-4.91264946367482	3.02115544119491
-0.5043936721981	0.315893477869862
-3.83439116809398	1.55840208886517
-0.767990449209822	0.375707909607275
0.552314463839853	0.198401866470235
-3.68451894430026	1.45563904232572
-0.0785122966924869	0.0258911243980868
-1.42979208673137	0.797368858103092
-1.42888180070888	0.800443138863142
-1.30920871369226	0.704582753747264
-1.76980409318432	0.780629723753824
-1.42088199049093	0.772861170503547
-2.01830938343421	0.976172777122935
-0.781533437696282	0.511816407229928
-2.32844905346166	1.36764451906635
-1.89937205416639	0.909977075846015
-2.82405434366016	2.08374723851313
0.490424063378393	0.210336933336371
-0.902195804302879	0.485657080103724
-0.627599197576186	0.225810669378103
-0.16167811995444	0.0677948904664223
-4.52575328880916	2.38007612240196
-3.69453848599467	1.47622328748813
1.29400841565265	0.559907635481129
-0.615706957159926	0.222513095745834
-0.991524726898141	0.533409641181004
-4.20949089386662	2.02694769444339
-1.41258556519261	0.76643942229979
-1.61641062678876	0.677783142096244
-0.636315599110885	0.238273187599029
-2.44417357585579	1.51271102061131
-0.922442070690337	0.39841033492025
-0.0186588966962254	0.00730859994267769
-0.543303278617436	0.23927221165396
-4.76818396790641	2.8047189802156
-1.75326625850876	0.762306803125342
-1.00296474929738	0.556763780678039
-0.788449801180932	0.406542697166272
-1.1840251234839	0.589815836877998
-0.889286680283259	0.487185291564713
-0.816719497526624	0.495829433607443
0.425842715311486	0.202162420000535
-0.412029530515124	0.166890187613977
-2.15202724677206	1.12330716390696
-1.91293219364336	0.899499397083907
-0.438308336698429	0.150238381381934
-0.249449304682597	0.0948459036209942
-0.0173789842524253	0.00663788730126787
-3.97004306824809	1.66979073401262
-1.08178916199355	0.481940417937715
-3.32796440159522	1.20355437314332
-2.04773620650947	0.975214449788831
-2.83573891845403	0.897342341993353
-1.28962986610511	0.477635949130163
-0.157045710227169	0.0646160006029597
-1.4639940154101	0.579205934292896
-0.186169237384101	0.0835010782099844
-1.08258764558034	0.493375019086324
-0.629402459532119	0.241710413150332
-0.787568439842869	0.321149222971719
-4.32608728768798	2.11177530394387
-3.50923973767825	1.37307967191977
-0.0930212583066807	0.0212077808526859
-0.539647311797968	0.23753655850293
-3.96175014747305	1.73028154136774
-1.46693344661381	0.581820203641056
-2.84579613079574	0.893328293302029
0.556776307096912	0.205253420093904
-3.68397934608947	1.48834927068878
-2.498964405108	0.767925687647617
-3.68011279342947	1.50238720498449
-0.947723478614924	0.412025319593415
-1.29455516136911	0.470310777799816
1.28565611818843	0.582455107383399
-1.62805513728739	0.698714956833948
-2.05314601736911	0.57654870638546
-1.46117270819368	0.574580522286654
-3.51718317028196	1.36132270404602
0.303828151038889	0.104426493092565
-0.519662324847855	0.139505494309868
-2.49582076805792	0.739355067527278
-2.82800405415571	0.916370270350291
-0.515816270677169	0.137630330187878
-1.07763056835217	0.363157385349633
-1.4650214922576	0.565248963086559
-3.09404330590539	1.06245153955413
-4.20200392850792	1.92214799264975
-3.81918727481022	1.59423504555658
-0.63748737917422	0.240134896217542
-0.0863987951602957	0.0303552326705985
0.490420090381367	0.2090602058775
-1.28554122662327	0.468658253918031
0.311802155235833	0.107797358968214
-2.4946503122275	0.759347999169937
-1.61674255860421	0.673250277361113
-1.29039339142466	0.468637473359059
-3.09758000874198	1.09367827811836
0.0123436296170815	0.00341524440635948
-2.82570625121832	0.918479199567565
-0.661316466062599	0.30974699570563
-3.09183480000513	1.07302576822624
-3.09979316343933	1.06354521701068
0.320924105164241	0.0921003179543894
0.320503935554356	0.0931219670988443
-2.82685472330953	0.922711444031235
-1.46042236233527	0.582462127928243
-1.47096693464675	0.589068483824976
-1.08193607918032	0.363184830319551
-1.62208854557427	0.687770927901318
0.743418412008446	0.226976622674307
-2.83249128745503	0.934154025578548
-1.46604982785316	0.57649157592956
-3.31319464395181	1.21509579750581
-1.75646869930028	0.787476092343325
-1.76249172705706	0.804727042246167
-1.0709039786641	0.355398926111619
-0.667820518373582	0.323862942158046
-3.68647118353199	1.48748332659894
-1.37736686643192	0.369817212053887
-3.83143008189619	1.6128556336403
-0.519260285802177	0.139357225000014
-1.28207481227429	0.473471454058406
-1.28686787327505	0.471151862954024
-3.09979316343933	1.06354521701068
-0.629120617638175	0.242192445289825
0.305790646028795	0.106855648819102
-2.05433974854713	0.576107769870825
-1.27824794160988	0.462836347549431
0.316801345880574	0.0889124650993453
-1.08684370995373	0.350422863690893
-1.08425366242167	0.369278140646016
0.744005201370157	0.223367732806648
-0.44767937038248	0.150362718233695
-0.640495015182375	0.243979151332699
-3.09979316343933	1.06354521701068
-0.442969474223489	0.15316865166785
-2.49779134618292	0.753762077506182
1.37546465165424	0.439216784934893
-1.75742944266734	0.785513513569582
-0.442887594380354	0.153064672097082
-2.82800405415571	0.916370270350291
-2.01703461705767	0.987692057440647
-2.43370996279979	1.48923923557811
-0.989529934772889	0.556071570076802
-0.787547408079597	0.325183443103057
-0.240415257229644	0.0763442857745277
-0.252296300840765	0.0924836673364662
-2.498964405108	0.767925687647617
-1.76154228332206	0.791853478651286
-3.51504620529804	1.35878374498678
-1.88995279830066	0.886675496839036
-1.29895787408809	0.652029350371228
-0.623210133264611	0.231567819784973
-1.08063167459834	0.358233910383563
1.28308827255637	0.615387686257593
0.614364269826384	0.300960287153222
-1.8927489684971	0.901858298249106
-0.258244712057461	0.0931089362922119
-1.62990972735224	0.669467662207409
-1.08202137066458	0.351985866907895
0.00180289364207399	0.00107273937543814
-1.07390451092355	0.359387288546195
-3.81952873614607	1.58206231745457
-1.2882929487527	0.472495939919855
-3.9706675090944	1.75821571282393
-1.074876740847	0.35938944910669
-1.61110650563519	0.660237274365073
-4.42917916364333	2.20121922913726
-0.945223323129181	0.403995023952159
-1.89153890663173	0.90387520074587
-2.13195001484718	1.1282264236735
-3.81918727481022	1.59423504555658
-3.09514860705818	1.03749547577687
0.798033669068596	0.410835522197496
-0.938069638659767	0.39921117451883
-0.835242582387023	0.248047458204957
-1.32360754887857	0.698334354148533
0.0270435718655959	0.0122629379027967
-0.939663561636804	0.414416118557944
-3.68567211452441	1.43097306882035
-3.50845296259871	1.37767035504347
-3.5134917290528	1.36974037157449
-3.09868623597984	1.08730133775312
1.28568602455716	0.613647561670376
0.739498461318299	0.224344540791199
-1.281024788334	0.460882451016039
-1.27805932009521	0.464543188836519
-2.50757633600411	0.731266994599381
-2.50013836544569	0.752963874303395
-0.832884030316045	0.249681598941155
0.00882035042881911	0.00262296118811918
-0.0945032483602891	0.0218370726435746
-3.09404330590539	1.06245153955413
-1.38476212339261	0.366878631153991
-1.4714827656171	0.589085482045999
-1.2849491997548	0.465488761067731
-1.62546258423917	0.66161983777373
-2.05849704146216	0.555726647791374
-3.31518843568061	1.19835002370899
-1.63307884397196	0.697754172943155
-0.902542341186245	0.492324216795951
-1.31001011471315	0.695033107006732
-1.28962986610511	0.477635949130163
-1.46724243195835	0.557361133453614
-1.18592418392742	0.590967450847738
-0.629683643727555	0.239999240308558
0.107168212979013	0.0405472005814098
0.0129153418849133	0.00344424604437407
-3.81918727481022	1.59423504555658
-0.835242582387023	0.248047458204957
-1.07806840059686	0.358050711442116
-0.25156581181326	0.0951070587073571
0.00147931566778941	0.000796099035925127
-0.5223760081113	0.140414884928745
-1.47752920147887	0.575895063443856
-3.1080710993807	1.04889386539633
0.0108539775293926	0.00294215097137045
-1.88626452575857	0.863541417879863
-1.08684370995373	0.350422863690893
-1.37855256949683	0.369087290450251
-1.6158330740944	0.687200844863277
-1.77691636804555	0.770157400925016
-3.67542911223521	1.5080288603743
-3.31518843568061	1.19835002370899
-3.33685693555483	1.19224253998413
-3.50424787188215	1.33990468054318
-1.4714827656171	0.589085482045999
-0.240449734935957	0.0735856686443218
-3.10114808039898	1.05727517208626
-2.82800405415571	0.916370270350291
-2.82685472330953	0.922711444031235
-3.31419133549641	1.21069698468705
-1.37855256949683	0.369087290450251
0.00988398501533402	0.00269365248353356
-3.31419133549641	1.21069698468705
-3.83631348948887	1.5710610008307
-2.50013836544569	0.752963874303395
1.87110733943015	0.599602400649659
0.328325097747485	0.0960689936716833
-2.83133823353176	0.934971127868472
-1.62110135794881	0.680732230781001
-0.842557907502347	0.246438374928177
-3.3258641954105	1.19859969202884
-0.83757359279952	0.250025558200439
-3.52087122282309	1.31798114655133
-3.95400999623019	1.69878349506632
-3.31902457203743	1.23889070538812
0.805611000453341	0.395653586519409
-1.08951402937366	0.369398243880082
-1.28501971994047	0.461293597245854
-0.175022228807611	0.0726333589224394
-3.82489509334159	1.62306568605038
-1.07912178722694	0.357132861316791
-0.515816270677169	0.137630330187878
-0.0941779390158178	0.0217731946290539
-0.5223760081113	0.140414884928745
-1.2842721298882	0.46420483180485
-2.04902373026814	0.584535062964325
-0.627895248759834	0.240765810914701
-2.05021356478115	0.569031985318464
-0.526659421804752	0.135413193047137
0.877056025692956	0.341417439858904
-2.82800405415571	0.916370270350291
0.744005201370157	0.223367732806648
-0.0945032483602891	0.0218370726435746
-0.83067879407783	0.244996107213328
-3.32100684598019	1.20134190913051
-3.67930860735548	1.41922258934666
-0.101178139809609	0.0343383832194235
-0.0989824574858418	0.0222456966330467
-0.797976122247202	0.32679989784807
-0.835242582387023	0.248047458204957
1.38633307834389	0.431695879803105
-0.847394309018231	0.250897940164924
-0.521786654766086	0.136264079752736
-0.236696740212558	0.0737145165919981
-0.838440450945413	0.24313709339123
-2.50448779490627	0.739201463947818
-3.10433890137635	1.08509397093051
-3.32210621443406	1.20057228416852
-0.100433580666566	0.0223310096939592
-2.05433974854713	0.576107769870825
-1.08296701167161	0.355784995732612
-2.05021356478115	0.569031985318464
-2.83364520651914	0.914175126504655
-2.4946503122275	0.759347999169937
-2.50448779490627	0.739201463947818
-2.82685472330953	0.922711444031235
-3.09404330590539	1.06245153955413
-3.6708084484862	1.46290246266027
-1.51676533836598	0.848789453466489
-1.06111206569445	0.478045449569644
-1.08083726435163	0.488809481819441
0.314993274381915	0.123005094629484
-1.8975932187188	0.918435589962869
-4.31411844563704	2.12961773167097
0.148708160056707	0.0637982262422291
-1.62517265744936	0.676985595914732
-0.680234623109565	0.326187963696473
-0.787547408079597	0.325183443103057
-0.411789446811384	0.162108164898962
-1.2997688628647	0.668053474322086
-1.46953408959469	0.576371722581661
-0.0994736170795967	0.022542834663039
-0.256485110470333	0.0768337748118864
-1.28761288766524	0.469346286108944
-1.2842721298882	0.46420483180485
-2.04783485499909	0.571093548500225
-1.88244641929142	0.862689792556694
-1.37736686643192	0.369817212053887
-3.69906096137408	1.39901872849589
-3.31902457203743	1.23889070538812
-2.83133823353176	0.934971127868472
-0.0941779390158178	0.0217731946290539
-3.3112024857887	1.20126544638792
-0.831547258034552	0.253419977958223
-0.517911135702038	0.138411916640514
0.736674428358857	0.219845410207826
-0.835585081561538	0.246540125529941
0.330443145225439	0.0942616611757758
-2.49348075277667	0.760631300990853
-2.49348075277667	0.760631300990853
-0.521048855151166	0.138255992379653
-2.05433974854713	0.576107769870825
1.605575188303	0.877499452685596
-2.50108453829271	0.757473465243405
-2.4946503122275	0.759347999169937
-1.07653198198923	0.51108276780576
-1.51301619187968	0.899720359646254
-0.39220681647939	0.186456745432258
-4.2211785868418	1.98476058331193
-0.941792039126617	0.412935906368947
-0.454910431555179	0.156034564038016
-3.5134917290528	1.36974037157449
-0.446427706467887	0.14953909256036
-0.62793356383172	0.235271478886622
-1.46450798665349	0.575571060293547
-4.08872779183518	1.89173842013028
-0.831326799140313	0.249343856236029
-1.08328339450837	0.370848428206928
-1.08043456838936	0.361340664763697
-0.837980270991306	0.253674993229383
-1.29843809661392	0.476015367236875
-1.08010190469453	0.359548596166992
-1.0728426414874	0.357886269207487
-3.50766607864638	1.37426814117007
-1.1882521818225	0.601610590646545
-0.0229300443162766	0.0089310951431173
-2.44757142430907	1.41850527566335
-0.882552631460034	0.473171389889828
-1.8901244218507	0.889524724467375
0.864534963107583	0.462420422268674
-1.08951402937366	0.369398243880082
-0.833063405948399	0.254155985426631
-3.09404330590539	1.06245153955413
-0.629258870776362	0.234088802096828
-0.945489070019885	0.39055664691548
0.617357338087308	0.281916962998764
-2.83458329559744	0.91634542093066
-1.89651590408468	0.902512129828045
-3.09183480000513	1.07302576822624
0.0918492160380474	0.0306136351060446
-2.13042189263552	1.13132737545384
-0.410792299311634	0.169461186008143
0.316999011228212	0.0928334677014698
-0.00786870210637742	0.00334127747819168
-3.8357297792508	1.62034819613435
-1.29147377248741	0.861667201333509
0.624379192670149	0.290367810685815
-0.790572794272307	0.309010593246972
-0.674006978775719	0.315380603131868
-1.97555348573865	1.36736246315319
-2.58697758147634	1.64829832619612
-2.52630579639709	1.59611623067485
-0.548211126952431	0.249384685743104
-2.50013836544569	0.752963874303395
-0.432539762648114	0.176691304815851
-1.28225088407572	0.472932749218288
-1.29576794738092	0.453231977074986
-1.08951402937366	0.369398243880082
-1.19100044751951	0.5908319149482
0.00125801342719294	0.000946144915826993
-3.70181473805596	1.29958776923308
-1.63340475433365	0.683429771211447
-1.29532339943566	0.679821491799289
-0.942765009967032	0.414905319393052
-1.45367394103786	0.566173888855813
-1.12910991619085	0.978694650641303
-0.542148846452259	0.39707861021482
-1.57038149770316	1.21871727641747
-1.19155100023951	0.597521113840098
-0.802087915044474	0.315284133727462
-1.20600210269694	0.605732518370811
-1.52021017368157	0.889806779276821
-0.886100025670846	0.46691079639232
-1.61173027348558	0.673267037744111
-0.926461541798364	0.397672348379541
-0.926944276244778	0.405562061822198
-1.07175686193263	0.492637745672125
-2.13475477071811	1.08455541317206
