x	y
-0.671301284599143	0.316915731799602
-0.399221369242323	0.189428376823793
-0.11096271400044	0.049546039860046
-0.225307289265212	0.10565350359517
-2.02401304810506	1.01268304198761
-0.996180384471355	0.559024354078651
0.279457062100316	0.138481754718124
-0.879895204088112	0.570639714303207
-1.08146369633388	0.507357521845438
-1.87712834656592	1.32925929384343
-1.78137111331244	1.59449616746395
-2.40905841235023	1.41403819348462
1.19077309704851	1.00968678325637
-0.244222222016247	0.0928124525317279
-0.995397493702528	0.558961277838688
-1.89937205416639	0.909977075846015
-1.11871961006864	0.669708614427628
-4.41672511890992	2.31082830272341
-0.677371221980979	0.31927115077546
0.128517155643005	0.0502750488000174
-2.00338010071461	0.990110358199985
-1.12377030276475	0.636600454081956
-1.62068916524874	1.02857954230217
-0.810200139953695	0.51437696589572
-1.80751749289396	1.2268018047456
-0.608094460155999	0.324902361135218
-1.2061552065014	0.581056489426099
-1.31372630463575	0.708448230837552
-2.61866853746461	1.74660669302596
-0.415223113952684	0.228318402166142
-1.9129834486996	2.24416713244213
-0.552599006623574	0.250777150636947
-0.172104468020721	0.0834372689531715
-0.156939336937725	0.0658544657922683
-1.01213556026303	0.529748278352668
-1.34625493970934	0.949268609529241
-0.717668727872563	0.407802721432512
-1.70135078106849	1.09048492562412
-1.29896297901532	0.686021579621551
-1.90093005543754	0.899208882215209
-2.52331924265931	1.48618606013511
-1.32269273316498	0.698241043515141
-1.61931056693544	1.01730948933872
-1.13968618135031	0.820285356916487
-3.82424357900002	1.63744524450498
-0.612702662256457	0.327582032452453
-1.19213038523045	0.728426703304326
0.015695273728435	0.00662894664968344
0.109699379632855	0.0499047157078528
-1.50850050004514	1.13687331491449
-0.748985220027243	0.518529510925362
-4.61595544774595	2.4352440866917
-2.69465886509168	1.87755499549305
-4.42473291917948	2.24129781225996
-0.646755688345283	0.238650561400934
-3.69402627155088	1.48279424660154
-0.13095782201234	0.0688392839297918
0.139627301052277	0.0674239520959862
-0.100606089337989	0.0435951701121306
-1.1947121695313	0.602750568173961
-1.21387208882022	0.596343841666805
-1.19861731670334	0.770757877190531
-1.45795860343198	0.578739232377799
-0.45593130572327	0.159098673126773
-4.40227578657324	2.25861363875626
-1.17645844846036	0.572931381438638
1.02391454550613	0.509765181456332
-0.230932941275445	0.133518777300935
-0.121960862671834	0.0710606466584536
-0.89094103232315	0.559894734992531
-2.01387288427955	1.56346106423797
-0.716158185082414	0.409056279074657
-1.00058910045625	0.56782664588249
-0.618815068840794	0.337298806180386
-0.519163336115906	0.263748339314763
-0.541604723752868	0.269300204053304
-0.781615378513701	0.39674803952727
-2.12066181177757	1.12357534685215
-0.693410128893529	0.315849880213524
-0.813901563525521	0.635976022024926
-0.224119280661408	0.107235625350835
-1.12759354651161	0.802356183610583
-0.810699502821975	0.575003959969124
-1.78169073745516	1.16484741515143
-1.62625308892183	0.679429730160768
-1.50331879801471	1.15898198549445
-0.515678085443318	0.302900101996214
-1.28703085292588	0.468797183826642
-0.812329183658576	0.408758247115358
-0.628952320356525	0.234888797264658
-2.33917129987429	1.34143096874834
-0.0445137424636603	0.0226070684437535
-0.438926619059665	0.150792103359398
-0.424631144026405	0.171344037155309
-0.715708450549012	0.447065240605816
-0.446895423386065	0.27757560641876
-0.718043826940196	0.409276070383464
-1.50202658560809	0.874212076744698
-0.0199708527092443	0.00762309817659459
1.06732831520312	0.981402454886136
-0.489137830317819	0.303612805863954
-0.186411839106255	0.109813551127605
-0.624119546290175	0.336362736284485
-3.09647448091884	1.08882943702806
-0.901732754299964	0.479570778870525
-0.879343329111851	0.558145286184548
-0.912257307849274	0.549560144966987
-0.629883302886521	0.344094829979781
-0.809432794163808	0.415170986860953
-1.25309957618871	0.834881305912404
-2.12547442450376	1.13108270509841
-1.04486001763871	0.844473739152224
-2.13869435499101	1.15816510002248
-0.39824064686875	0.164367952464829
-0.732595145989812	0.424357681806813
-1.42018580172768	0.808533828052189
-1.09183163650633	0.464838439844815
-2.05433974854713	0.576107769870825
-0.622882801769153	0.234470302268799
-3.96751565612156	1.76542496946504
-0.772913368722727	0.377962677202436
-1.29911047374614	1.05387119993941
0.475895587481437	0.193382528410838
-1.80762190582509	1.13141862676283
-0.804725107715365	0.40037070692568
-0.403332454739102	0.195798084959717
-0.936206709312641	0.41565610185004
-0.725935713772785	0.587964303386549
0.0218065147578838	0.0102051892876236
-0.322776049091148	0.161404203646578
-0.594021768780906	0.353518654914
-0.42522558192141	0.230252916127512
-0.516091511969546	0.265123563720686
-1.45901508686364	0.578745519428271
-0.904522138026632	0.49570932254278
-1.19245114271313	0.569141347679106
-1.29879078017298	0.682829232123922
-0.817476412956989	0.405899638970667
-2.13090002334571	1.12335095545889
-1.17349410470697	0.72740533555626
-0.659384731278031	0.315013796211274
-1.08771967038848	0.355630200933972
-0.210938087730637	0.0969713441838445
-2.75852012294412	1.92039098802843
-1.6267767880758	0.690765388967529
-0.561729583995865	0.249950471682888
-0.628333474800111	0.237393467121109
-0.793656797395418	0.329827024483952
-1.08341915477405	0.36369710803699
0.546465924658674	0.128383503124171
-1.77263107665293	0.778173146766863
-1.89259641500828	0.91276030314906
-0.283465349583577	0.128193206442557
-1.08010190469453	0.359548596166992
-0.831547258034552	0.253419977958223
-0.237648439544201	0.0734586611499596
-0.305231340613089	0.132808153287761
-0.458893490979761	0.158333469256775
-0.248049185436554	0.0921078104566177
-0.538592389908972	0.236273933404243
-0.164717696925283	0.0683542654087937
-0.80911712747065	0.505273739408769
0.00913876512255594	0.00266781331555496
-0.159603579155572	0.0805262527693019
-0.810185828404366	0.499609125974293
0.00726204646246456	0.00314089549401569
-1.06165513920545	0.499879727504429
1.29343567859145	0.765345759891981
-0.9407788623901	0.400753808301498
-0.610369518047701	0.323645510748011
-0.636414515021775	0.336872636151473
-2.00714199104076	1.47364736213253
-2.33506360018154	1.36417895793996
-4.49696335958017	2.40117058463215
-0.551760877435955	0.230047667101106
-0.631085540293453	0.233245319429239
-1.556203690967	0.768147155788029
-0.542095133384428	0.24012479120307
-0.6790393399779	0.326433307504175
-3.8357297792508	1.62034819613435
-1.07802029830763	0.512367592809085
-0.792790405953907	0.398693673271586
-0.398597008338021	0.166425248747037
-1.89509200771075	0.881239450670305
-1.76317425460138	0.794727809124587
-0.100630873298134	0.0231392113137372
-1.89742456366904	0.920154818315901
-0.257874416211977	0.0783130597404518
-0.232787103490094	0.0708064205646363
-3.52519965254482	1.31671880875397
-0.932009135566695	0.415216911847897
-2.03156876413152	1.03825068607397
-0.452552563545414	0.157598522081711
0.010808964354021	0.00297117263683654
-0.161015934211061	0.0665066692374324
-0.111716009955515	0.0379950719856895
-0.634041179165041	0.242733634927003
-0.664849010590794	0.315420730395224
-0.399634063189309	0.196526337935169
-0.785799206623259	0.308916359944029
-1.60567733069398	0.956551580667572
-0.496191695444486	0.241409672224383
0.264130418462882	0.118218441049349
1.49767090242317	1.01077539587744
-2.3399126674327	2.10934564417469
-1.07778476880872	0.642755250671185
0.796848719926306	0.414223828837466
0.728387251534349	0.548258133317421
0.53344315267443	0.276548221428407
-0.418850649702463	0.226563237738197
-1.10892286944292	0.671327684190832
-2.42732265872296	1.42168247222354
-0.613750591808226	0.341103038244991
-0.998237445944965	0.566855304568233
-0.00460062056217622	0.00144767424795983
-1.07400041228157	0.644765057011038
-0.935173286203104	0.410805211269831
-4.33315269701165	2.11190210900361
-4.66926227526104	2.64486932109561
-1.20416615740761	0.765524699871927
-4.20949089386662	2.02694769444339
-1.60346541849997	0.991993514700735
-3.50687908629214	1.36178811065727
-1.28810247494672	0.480815408735924
-2.04902373026814	0.584535062964325
-1.08243529149616	0.355402310100994
-0.928779405564605	0.392112690792394
-1.17677936924242	0.558128664537968
1.29227613548407	0.506656794450709
-1.0111321932993	0.563544765093715
0.116837449937207	0.0441801640562067
-0.672043725681605	0.321168060490757
0.0157411031520154	0.00738241086262238
-1.55198506173494	0.89624692275783
-1.07465045513587	0.513247575232397
-0.516462938825833	0.26617834271809
-1.40811047330644	0.797890703776316
-0.617620647463979	0.336366733804146
-0.241117232203474	0.0766152348332909
-0.426930856310096	0.231996775189633
-0.422392477913997	0.225366676975112
0.823477751972344	0.588313677249366
0.453121599815673	0.209638994073059
-0.618498492623225	0.340547218982175
-0.431697912399992	0.203291200139517
-0.42898115486789	0.226694211574778
0.31328165581603	0.109015311499421
-1.08149845261731	0.509118283847796
-3.08962908394606	1.04057543600083
-0.225844749178808	0.136698570645982
-1.06676095451191	0.496431115093095
-1.09833049398583	0.624947388639935
-0.782428267500546	0.360619525765577
-0.820413545759581	0.588049807026234
-2.11963250443962	1.10740121135696
-0.637586261704591	0.340494587105804
-1.42823111743629	0.752263744399702
-1.00343871390557	0.668433386658834
-1.00029912600005	0.551394744447082
0.104223861866176	0.0396652109284006
-0.704437866900895	0.398336213645577
-1.76874520881917	0.797424904189732
-0.397747218334214	0.160856667198999
-2.498964405108	0.767925687647617
-1.0885566476252	0.369289157276746
-0.45593130572327	0.159098673126773
-0.265944934258575	0.099882359161739
-0.622033946233262	0.233232127989506
-0.547737690923445	0.247045597053193
-0.441217370807169	0.152641861724314
1.25208195524243	1.00057864782587
-0.788557253640922	0.328184193825966
-1.03974292002614	0.541438491078962
-1.00716732164169	0.63805239160309
-0.785799206623259	0.308916359944029
-0.833045712764461	0.499069071499832
-0.609689795625461	0.361623328632035
-0.926568940337865	0.402916499769225
-1.31787997187666	0.704751519795083
0.399581804030518	0.203956291505259
1.06962367767814	0.619177916523557
-0.0492005154863017	0.0251729100823692
-0.880007025842449	0.561547329594055
0.0459448587155448	0.0239879449611263
1.83720346822041	1.90680845470809
-1.1971942718992	0.740750842811544
-0.418078466419796	0.229897133198872
-0.244554882711809	0.144568754645254
-0.00127734494767168	0.000183441640308884
-0.288569241670946	0.125267580371358
-1.50009982002794	1.14150960394535
-0.600804316431117	0.35545156297457
0.252139937915506	0.135614605732596
0.821275860164849	0.600018056131507
-0.681732537669799	0.329264734667946
0.165675773024128	0.0970551374227404
0.685735733256208	0.385517625035711
-4.49110157943721	2.34595804140525
-0.247070826934749	0.127258873877452
-0.107428285832582	0.0481898306471724
1.25077422518996	0.959228414663547
-0.793134882500448	0.38984226786663
-2.83364520651914	0.914175126504655
-0.237059917289322	0.071736106517767
-0.173330375544259	0.0896673821981929
-1.01876929150611	0.578446809692006
-0.551067415125997	0.245796232256359
-1.45199350383542	1.04079621827583
-4.53174411477867	2.37533486968169
0.14242532104018	0.0615685598579553
-1.51158354640074	1.13892131708738
-0.717620445279783	0.419055398355844
0.666427644193421	0.436467773911975
-0.287793835191691	0.155814492159576
0.69391936708649	0.388759087292688
0.276438620335221	0.123378126785443
-0.159338622146772	0.065504262829819
-0.151827513727065	0.0608843410040601
-0.737242318903311	0.425353352414937
-0.604039166182635	0.376558545395536
-2.23566150824335	1.24336320997706
-0.671086169824952	0.317956600231105
-0.709776915443416	0.401054216827598
0.967491505692934	0.419169410577454
-4.58994928080304	2.54907842577683
0.240274677934808	0.125291353075787
-0.828451325152108	0.618487970534357
-0.203070351552254	0.0935732415453014
-0.428425853772389	0.255404127743421
-0.140356756983187	0.0552014573635399
0.0353528659034482	0.0164209642327697
-0.806041865614012	0.488562468680163
-0.805064008741927	0.496862551386841
-1.53318050393502	1.14290926394289
-2.67628002518539	1.82199295458903
-0.710649409720089	0.409835705657321
0.228460351374358	0.126078507411681
1.28341871574807	0.690569697583234
-1.46710975909479	0.576509225561684
-1.76425543193365	0.796614577849308
-2.43595373032535	1.51571074377072
-1.79517903456971	1.21482730187597
-2.3495103770382	1.33521098535771
-1.192554818006	0.769483597169993
-2.0112551460942	1.35425304439489
-0.89975476459431	0.539024889377254
-0.511670018699461	0.262543926628707
-0.531039430705185	0.335098861723616
-0.262540676474311	0.095160514200208
-2.13170676387687	1.13298564520357
-1.19734821559242	0.583524856963626
-2.1485006250487	1.69932717745353
-1.4281455363447	0.791192109688112
-0.406969804026457	0.218163270220723
0.0245999201327438	0.010047368862202
0.148065538375602	0.0768369769523769
-0.249368202923735	0.0909522621045894
0.0163659900345216	0.00667497168092392
-0.922610310203956	0.399594305610632
-0.494571937531634	0.283514888334409
0.452118560896689	0.282917886724562
0.276898553518831	0.127129472701746
0.768020019879336	0.481233015029625
-0.270633757464592	0.150435536214002
-1.24906460029891	0.802744937767694
-0.886179977943187	0.567941873755206
-0.975444987049566	0.669691003706557
-0.400328628322623	0.189294278999921
-0.497867308407446	0.28059439606937
-0.658040403959005	0.306915567651811
-1.62862391599524	0.689208309165456
-3.32001561112394	1.2286468506821
-0.668257690909943	0.529805794757082
-0.435377337846704	0.197916992885505
-0.783712956487426	0.315596164513132
-0.163628382866921	0.0666774900262087
-0.621094781697673	0.343497561839412
0.114342672518955	0.0481507471999429
-0.257752752788735	0.0945723328189977
-0.597219096187962	0.364952989307571
-0.1534171130567	0.0624484566005918
-0.40516615836178	0.170652365257633
-1.07051073503921	0.503582591295913
-1.69646103593018	1.10310832999802
1.05118454666429	0.62204054179318
-0.796781192783476	0.487712736901603
1.58517452521578	1.36773216423661
-0.299932468567568	0.133212490928161
-0.712471246501929	0.386263513974565
-0.159538650552662	0.0674201212107669
-0.215120878345808	0.100427564448414
-1.77782970568303	0.790619400423302
-0.33279170704286	0.173392880269616
-1.92097887831869	1.84605432643918
-1.47310994933114	0.565417616110212
-1.31530371971135	0.698389432745257
-1.19981553385126	0.604833623232266
-0.543350886829316	0.237568797552686
0.0185093777604819	0.00478759989815322
-1.61766702295098	0.67411198791177
-2.24050592617482	1.24119313031748
0.902042568137079	0.571048787471539
0.0943804990923337	0.032223726402279
-1.62887166502925	0.684906920407593
1.0730277927349	0.713178469940043
-1.77458543601492	0.793203882185253
-0.833063405948399	0.254155985426631
1.5548518207515	0.967332266022902
-4.08324078344821	1.88864618543069
-0.447759120682798	0.157190994276233
-1.08185102233973	0.5054701226341
-0.23650308986099	0.0742636478244499
1.62169441421018	1.3606614784577
-1.90275181175764	0.887042726818048
-0.782534575106262	0.31901355985889
-2.49582076805792	0.739355067527278
-4.68331641767928	2.64207824893004
-0.59415406143777	0.366337257990445
0.275928495685374	0.124066562724414
-0.519278583908962	0.264364394782639
-0.285505766096651	0.12837577632821
-0.313447990225589	0.158831049806087
-0.419750248903774	0.168734382600481
0.979470604561719	0.791368435098998
0.0324641834911848	0.0170554752317306
0.133556127731582	0.0518175305319408
-0.517666472331174	0.268344459286791
0.314346387773285	0.181435111733753
0.752133237214024	0.458502198534498
0.294488688503367	0.128653765580932
-0.875965536412487	0.448462760255158
-0.162171068004478	0.0648447771235737
-0.689787150175361	0.380228498237098
-0.539063831977724	0.237674468135341
0.61511566553165	0.290815856207238
-2.4946503122275	0.759347999169937
-1.76752959754986	0.808060739008649
-0.0192008041791368	0.00737240061910294
-0.833988113063403	0.518363180896989
0.478942451073438	0.270731842186566
0.352504825023611	0.195051188971594
1.05370498433707	0.610585921995854
0.0190842251441769	0.00494141267484626
-1.31515584882368	0.701680170283674
0.153000234198388	0.0726341541691358
0.27974254395334	0.135668129390233
-1.26415546229829	1.16465603216666
-0.0920822511388798	0.0327756274216671
-2.02521824246304	0.998652757834479
-1.09168845057871	0.640971710017305
-1.87712834656592	1.32925929384343
-0.33196169436759	0.16472938340234
-1.61144525710837	0.667911252717994
0.147863830014037	0.0660853844111867
0.495518186868346	0.207607754516247
-0.441900803944824	0.149167478888426
-0.519047917270715	0.135752304649831
-0.668098453521102	0.298699332996231
-0.344965690504051	0.203211789331576
-0.407669996885295	0.221583193134593
1.71142701505672	1.22100752707557
-0.0815977407541473	0.0281611481572342
0.126940230825393	0.0468953071965667
0.657392434585358	0.427460284366844
0.136972859218619	0.0643875652118364
0.681083484846249	0.419109528109983
0.591687667609982	0.413685525331538
-2.25526752565196	1.27213568076818
0.851530826810289	0.479345146646372
0.0405406615998728	0.0210249211559491
-0.293922884249722	0.131284363165242
-2.60336242062587	1.74603954257675
-2.91303142222968	2.15619271871797
0.304937309439585	0.119993017565959
0.549312257047445	0.292573448590915
-2.00790299948055	1.0120628959364
0.0915408035046653	0.0308190225381609
-1.47260406080303	0.565388895067611
-0.526964267085977	0.140208674753714
-1.62292676396146	0.681217186249375
-0.526190921129325	0.274384779192312
-0.173136190625818	0.0859237629788398
-0.165790769162561	0.0672492633575135
-0.295547245553181	0.129833150643374
-0.540150019925681	0.237574894024048
0.244514680155382	0.129024633937739
-2.60258391656751	1.73958879522636
0.489628662841451	0.264723869311947
-0.988260661241262	0.78190927160691
-0.39658899809776	0.158700161210157
-0.415318489403535	0.17332272329318
-0.641641433955789	0.343876980238767
0.186339569590627	0.110772880111693
-0.0508601300926274	0.0242540853319317
-0.0770970586079723	0.0396373497170687
-0.782068981133628	0.311691215121823
-0.547360822501315	0.242227782354424
0.0184357036890131	0.00852370744771764
-1.76363718568901	0.792109089785967
-0.450932456966068	0.149011496264799
-3.12716719455013	2.53055499393742
0.109649766986102	0.0590954417879447
-4.58320128725268	2.52192687659486
-1.60566044054496	0.990938841034749
-0.419072176590708	0.173201443582345
-0.0635009632414515	0.0341803584301385
-0.728239379746237	0.427155687119301
-0.365951462727988	0.208761426270256
0.047157335258285	0.0318413615529252
-1.18387626353435	0.754912836901417
-0.290256480739046	0.129636944375072
0.594635373903417	0.285896447681826
0.478482956215192	0.324188588587947
0.0461659777806772	0.022860773790411
-0.675436382193867	0.428780917030804
0.187338573470847	0.112471687639303
-1.15739992699214	0.868178842277364
2.10284715072002	1.45204630396657
-0.245706961116326	0.0771878188329649
-0.632292619647439	0.239824117504326
-1.63664787435543	1.33759196146116
-0.440980194522963	0.293477068682265
-0.707591778789185	0.418376546334183
-0.406384773805373	0.221510805916598
0.129124883301983	0.0543412589498734
0.0110099863561253	0.00464093607194211
0.214296141178976	0.124639555863319
-1.10718438449417	0.667724687941675
-1.95447450127938	1.37866525081539
-1.52849669477556	0.923490886191171
-2.77308898238944	1.97708907432234
-0.767792583810693	0.570062353026597
1.42972311284017	1.09188579732666
-1.87869131760341	1.31633076937976
-2.12138335152612	1.6717962230769
-2.24547369445894	1.26257207610836
-0.937611301807724	0.406982375693482
-0.359572054247849	0.213620066544363
-0.242506422393864	0.0753160757356815
-1.37855256949683	0.369087290450251
-1.7836026133424	1.18262236390259
-1.89597096758638	0.865556801384078
-0.0112443101476553	0.00464805298929912
-0.821323032518133	0.471105132336983
4.27087368077892	2.58020579099578
-1.61113976344791	0.671631261735209
0.117307055971884	0.0457342396862161
-2.24876675061449	1.27828902259317
-0.793480329577912	0.407653490431883
-0.934987173612257	0.410083689985764
-0.513938791807239	0.264835218027054
-0.625491127890295	0.344367244344322
0.492871711281208	0.20824428679815
-0.25710665519439	0.0979801235827177
-0.459499522807888	0.15827624095221
-1.77244583140017	0.784357091525132
-0.206981519794083	0.100644306545221
-0.563987126036038	0.24606895110951
-1.28586642470043	0.851410925982463
-0.956167384530346	0.40047229529686
-1.76146423334651	0.795275560986927
-0.161961003182435	0.0680406232235919
-0.229809881292559	0.111469095996017
0.0309879521853939	0.0126849792285376
0.283065661603921	0.130649043602406
-0.785799206623259	0.308916359944029
-1.06503662150714	0.484180662603552
-0.20442372849809	0.0984476505357688
-0.535258092055622	0.306114502694414
-0.414073838239972	0.171186449828522
-1.21287272414292	0.605014960428747
1.09642760437155	0.681365323241256
-1.29031071965297	0.471244509692648
-1.3304423023223	0.901337297866832
-1.08430246880876	0.661248028168366
-1.09367695489813	0.654451894726688
-2.49779134618292	0.753762077506182
-1.1974245401681	0.582994471512507
0.743849954458429	0.464782136749051
0.0142948655620851	0.00590997174118947
-0.397414783547494	0.187543777245269
-0.781887355015253	0.389961808161568
-0.550440729932987	0.24784518196981
-0.0999386826887396	0.0443626581049891
-0.826886475386905	0.250046085549171
-3.31518843568061	1.19835002370899
-3.1080710993807	1.04889386539633
-1.88420504264266	1.34354024394379
-1.72961634802106	1.09003244720403
-2.44149996802301	1.40596245064264
-1.48353655396684	0.534452385774952
-1.06244149480206	0.488803016208097
-0.404191271539646	0.21251535883066
-0.638288286652279	0.230039879471136
-0.709137130160826	0.413268488803074
-1.20282435520568	0.597956016746747
0.0331176280591509	0.0164462513192295
-0.0960204357638029	0.0330998093963985
-0.801254997352724	0.405836088374066
-2.01512378760157	1.01866939480236
-0.813762556722033	0.492020100366583
-1.95213567126023	1.46045900702763
-1.59927473155486	0.974119851878852
-0.894395096547722	0.57346058303291
0.500570023690289	0.358974413428799
-1.95815812166853	1.82526809885088
-1.48110472336094	1.07410528403442
-0.89123186828634	0.489032516583394
-0.258815030402917	0.0987453233756655
-1.01118488949089	0.587602205607055
-1.70140926780508	1.04394600815188
-1.2989159620186	0.850971941400401
-1.60437279334887	0.99608330432675
-3.317043081878	1.23068131856223
-0.805146311456348	0.326518339123149
-0.621683065963482	0.370041259855129
-0.722047813823252	0.767443685197135
-0.999506760514751	0.985570233785604
-0.586634408708013	0.51010451190617
-0.335407696190679	0.170093427129115
0.617508365916164	0.359855515560624
0.302481394422065	0.209537853361164
0.482802616791399	0.322627821595236
0.0848651853941878	0.0277856633304634
0.741611120992749	0.22843729874227
-1.28577454354567	0.462985486546454
-0.767432520419581	0.701870913164753
-0.111608553674118	0.0934402278091733
-0.614907256858648	0.462748751192674
-0.645997332849116	0.553622607415359
-0.338420801111384	0.209985279784206
-0.94337414411159	0.41815989742952
0.0065307792115818	0.00287844565071988
-0.243380523081411	0.0751664462060786
0.0252589431870924	0.0117353201413491
-1.10061455906193	0.685656948202216
0.127933534503913	0.0502757245663307
0.318445198774957	0.0878091143579231
0.527091801219832	0.277196725319461
-1.99196483939641	2.41324887456037
-0.693629392392262	0.877893088706934
-0.438012468488285	0.35103718092072
-0.356752257752812	0.279088785482997
-0.299141553200803	0.13473941584152
-0.161719843136099	0.0645609884050258
-1.17083172942195	0.72103383528944
0.0115640132259549	0.00559265810509688
-0.833408040905954	0.250484038706387
-2.8436786365212	0.897528788955238
0.800518806533909	0.401181718808798
0.737951725239375	0.450773665543394
-0.377093762611724	0.258435489884661
-1.4290322555295	0.79385433999642
0.558111232390697	0.204493417300908
-0.51399529616975	0.256062204171289
-0.457248056937511	0.274535529628531
-0.825335027523982	0.248598183771305
-0.0941779390158178	0.0217731946290539
0.138806969603963	0.0654657133870178
-0.96148323783244	0.989241601266798
0.0502467523564532	0.033304457427958
-0.416698443904199	0.311052298647128
-1.07577067644177	1.08331535126444
-1.32875602803928	0.695299903095657
-0.15393426100806	0.062213412272925
-0.811328601106677	0.379043800088631
-1.1967483795473	0.589106808453744
-0.790329400059199	0.398030063450047
-0.803838364223956	0.326073968554828
-0.44183898113899	0.149713363978469
-1.06545097823086	0.503732775756803
-0.552129862724522	0.386539951957025
-0.141897228700059	0.0687098623018554
-0.326652343360628	0.199678495414574
0.141316150304222	0.0672900770963631
-0.549732143621436	0.278198297350528
-0.521239785553401	0.140369579797354
-0.424979517949281	0.199224727300731
0.461101359928833	0.352819325347293
-1.83207789186269	2.57942893132073
-0.791792065848669	0.908373231824979
0.223312467472014	0.128246647563942
0.0291337862968524	0.0153469416638456
-2.43622236182841	1.47363044857561
-1.76752959754986	0.808060739008649
-3.67764744025752	1.47487100615931
-1.10290898433212	1.39484239426265
-1.33491861568709	1.61077193244349
-0.510689973212217	0.4288722181763
-1.31334169317511	1.85883949395786
-0.921313891198146	0.815689083635547
-1.0701150394204	0.744914397882986
-0.63323998884473	0.235557198534974
-3.67599283921959	1.50022965768208
-0.119134450361087	0.0525355242443582
-0.593519886977075	0.446647023117704
-1.06640015926026	1.47576041013636
-1.42818017399593	2.07516762554818
0.577749891515362	0.5025298959245
-0.230134781773044	0.147375034277558
-1.29688974043264	0.685619653634494
-2.04902373026814	0.584535062964325
0.122455215713742	0.0556446782711785
-0.0786111392789788	0.0575590674616911
-1.25944534743015	1.90744906608255
-0.971859536617572	1.06934025247598
-0.838668376519289	1.05590881078515
-0.275913621154838	0.175097216313514
-0.419211688701582	0.251733293263933
-3.32112060479918	1.21020607655163
-1.62287678743246	0.955741281492437
-1.01154663728153	1.18392551814053
-1.07695119773439	1.88461892866263
0.16703633533732	0.129473541795944
-0.562030688922647	0.578969341761442
-0.527069570054143	0.428525653597408
-0.283788797325938	0.180005377186024
-1.28408966487073	0.471627669451728
-0.436341822808405	0.14564115051
-0.810304875206609	0.755963609066795
-1.19066245020962	1.63003889666674
-0.417651236445301	0.348812533323248
-0.843422984712378	1.00698416888603
-0.669417528624023	0.657000794101901
-0.430688646308162	0.307774736543372
-0.309310654477003	0.245990704325315
-0.783025085528132	0.876385941953513
-0.896097744319187	0.482084215464322
-2.49779134618292	0.753762077506182
-0.553561736540171	0.244867960881729
-0.237049418599338	0.171517206990615
-1.56654383082034	2.62073916324905
-0.897667136447921	1.08819636391173
-0.687821080460972	0.906269324106767
-0.212854976460738	0.141187544933386
0.320075809650667	0.238024849829003
0.397958435981629	0.347782124166758
-0.198259015354413	0.163793227546031
-0.445332982263016	0.392124715473456
-0.362310390199799	0.209714540909233
-0.351641930486698	0.200733268372359
-0.596799856014382	0.342589047530682
-0.480945559895975	0.337964442634152
-1.871790140631	1.31201191389412
-1.13458144141275	1.10943030781821
-0.726076910904477	0.416508273124941
0.971840049091404	0.427419410188972
-0.24820012783144	0.133436140998928
-0.972607801023771	0.868802876172344
-1.05644808416617	1.47092393651994
-0.2350109545029	0.180782322340168
-0.578001984368271	0.633725970152692
-0.184144882632524	0.132629488894239
-0.272386911712087	0.25960861646951
-0.525660014802473	0.463860473380579
0.946705087495903	1.13286763772025
-0.420828936719392	0.33338950570482
-1.18531163481482	1.16299507181136
-0.0890383383661422	0.03906223266414
-0.165592568442022	0.0853216413945967
-0.799378079399275	0.411423883112376
-0.41737368177797	0.251020141634075
-0.175883662602933	0.072702220276472
-0.4432499088295	0.150486709160742
-0.272744834290863	0.104007710848024
-0.0586846268218742	0.0383810415662917
0.254132063674338	0.218609792350969
-0.337738736921444	0.264031654380099
-0.045613308768021	0.0291852208621518
-0.333663151258833	0.248497271996402
-0.34815102507049	0.297534600324534
0.240770244445818	0.18605488271869
-0.524788447231162	0.362637709163414
-1.15515899687231	1.58040723534328
0.865176971558241	0.856202445887371
-0.931353845835462	0.677793252540531
-0.548978300938869	0.49522515705733
-0.328914696538415	0.200566065466035
-0.420133318532543	0.22656270951992
1.1819985255693	1.23973814369236
-0.332690954437572	0.246042670712424
-1.195899731217	0.92401693169517
-1.10297585474241	0.917411100100668
-1.21389159715212	0.973831296602681
0.266845363428381	0.130945520650599
0.295751400554544	0.103987680096805
0.00825523192759115	0.00469422274152195
-0.27240444000802	0.171494865492699
0.186277333029452	0.138757448721964
0.279839335450965	0.19225306252423
-1.35145731467204	1.4490208475212
-0.434200244510763	0.330446130089673
-0.840884292489704	0.824678987156485
-0.37487421190698	0.258430377889624
-1.19081418800689	1.13380631761725
-0.677408887141667	0.645104207692397
-0.274337035933191	0.174681046346962
0.00486262863501678	0.00329141420527846
-0.525052573151777	0.336238188993483
0.128742260147764	0.0657538535339685
-1.20603148978843	0.548333355261927
-0.298909128049793	0.195109235984661
0.400619966143358	0.249146030326139
0.463913259240064	0.268781808582161
-0.303797813784672	0.182937150234305
-1.04181167105229	0.733809476197294
-1.25002070275031	0.982339169964051
-0.288497647639257	0.128070858201442
-0.838292132460631	0.241553764999905
0.546465924658674	0.128383503124171
-0.553269731369551	0.240822267724559
-0.084235743513468	0.04050435889759
-2.02369624203331	1.01118647223268
0.00852360881140929	0.0035914052996901
-0.323370105907889	0.160919375977081
-1.2978815080074	0.876317890145316
-0.35163708409596	0.17037429174283
-0.419841569695342	0.228434800058724
-0.345382774028845	0.232504105528181
-0.0756865455584943	0.0398682560045173
-0.45673784167447	0.320131466583134
-0.424609393751362	0.262362744815998
-1.18514610894215	0.888063156079538
-0.412005049699394	0.225178571140702
-0.0279805619251439	0.0160995300975855
1.19821675373171	1.1605729430701
-0.0791545921056862	0.0374889190384827
0.504735242802007	0.423553668209221
-1.32414388754707	0.693539071029753
0.353643236644261	0.192997768841368
-0.919793125696113	0.496823550771546
-1.07346931552486	0.879163625617146
-0.787262186318868	0.471972950870281
-1.41891096302003	0.774168275917296
-4.6938017496094	2.67367803712145
2.70483549323043	1.01668215592958
-1.30654298544644	0.702638806361323
-0.320882740851075	0.165194805280801
-0.294515136090479	0.132967610380881
-1.37463812685524	0.96544876669412
-0.964901316564344	0.813504197543774
-0.525132562070277	0.305699426775199
-1.50905378656135	1.19344296698538
-0.438834273478245	0.317602555860677
-1.03436910547346	0.924365946138642
-1.42028614587298	0.808612492938942
-0.170195070643273	0.0806659170830218
0.896818056844033	0.567602243328737
0.0211175750578418	0.00981333832092123
-0.253818270482826	0.0981712322721893
-1.07090974827874	0.487703499531419
0.0299649941771043	0.0151045853743734
-0.798919989049497	0.479584429961478
1.96729246014231	1.52165961819823
-0.795341304294309	0.491749668377824
1.09969366723394	0.777695164181585
-1.28624773755826	1.00658044597636
-0.525323470814789	0.269270292399255
0.277721859299623	0.124488053749543
-0.100773522662661	0.0350425554712166
-0.904072385320114	0.577242265001372
-3.06616271878878	2.52952402046251
-2.85018234228916	2.11780574002197
-1.01926863573066	0.578889271277101
-0.685639478445733	0.313488206865106
-1.41751800459601	0.766569067564731
-0.324276033560538	0.171171276558543
-0.513602595374506	0.301645001047477
0.822688356982619	0.608811142520936
0.111716152556999	0.0436436102922695
-0.271589260942108	0.156824944869171
-1.5363103468975	0.896397855058261
0.686586660811789	0.366145534581599
0.656213295504896	0.433809588496949
0.0192467163212889	0.00895181076518003
0.212898573337894	0.121513372997384
0.123067044276657	0.0656580721718013
-0.532376216381865	0.274272852800881
2.35131244630801	1.14548527724578
-0.237059917289322	0.071736106517767
-0.286023354613012	0.128093764635238
-1.8191240533842	1.19784326989972
-2.00823679010403	1.00596555673365
-1.20410037162689	0.586592145385924
-0.955489768146992	0.634630711745116
-0.425859139915331	0.229943796674718
-0.541778979850185	0.241560791404244
-0.409027387232855	0.193783722168232
0.00941803727208947	0.00522025666284187
-0.0324487735295031	0.0120850446197945
-0.307897751284064	0.156416174966042
-0.883253010766062	0.480434363085251
0.0892332100554281	0.0305698953116113
-0.809079169639588	0.490489837704541
0.137673562005886	0.05798367251614
-1.75201622763541	0.774383088065055
0.165829469914568	0.0782369193285107
0.646388197913639	0.417503632737949
-0.423438641461426	0.166268359739082
0.0026486571226322	0.00115756615935124
-0.939494378603995	0.406696565511843
-0.171470954497881	0.0857220006792485
-0.331650776586074	0.199165746173862
-0.678604722192592	0.443755221225664
-0.66760655396012	0.424238396617095
-2.32613616415173	1.34767462105338
-0.694088808028049	0.440177509240453
-0.931678596468523	0.779645318202157
-1.10964812933864	0.936901697443269
-1.04136961866458	0.822483707566355
-0.246500350296048	0.110931660665089
0.0506253038566356	0.0251845870247933
-0.0781645296660479	0.0406764019315258
0.575945592848501	0.504042911746512
-0.414925890707521	0.251754218506082
-0.0422880907684159	0.0216379888315391
0.646615099579659	0.377397947025889
-0.552844783452518	0.455806312429936
-0.661404894769478	0.308609724068448
-3.09183480000513	1.07302576822624
-0.640800015817509	0.236731962302497
-0.950583497224839	0.885358107962634
-1.94430688668448	1.91285257142009
-1.18120313798384	0.560203047197394
-0.410764827310396	0.224089887329359
-1.0462230316015	0.70223933526838
0.38337339814908	0.294333271679086
0.0198752244661596	0.00819464283558657
-0.980331082092526	0.878655790099476
-1.59796791802031	1.21985868674468
-1.70588503835678	1.73885409031798
-0.426932645371049	0.321724354134428
-1.8662459401958	1.34947053136391
-1.52646959501801	1.47297270942851
-0.912537887498293	0.570126239065345
-2.74754042057525	1.93793878846171
1.25864485256576	0.915813917527391
-0.0659668801414582	0.0320717712996293
0.237349482521191	0.12424412747342
1.08330104772233	0.829780405700889
-2.59178358608435	1.6994901218642
-0.083085309297539	0.0506900212816129
-0.63561563984641	0.430946406646989
-0.327735003744923	0.17024884072264
-1.07018904999107	0.499201829167407
-0.405710968044365	0.167366034992526
-1.13225723646266	0.98398629715457
-1.17803794723982	0.577726879958758
-0.891787730143965	0.486595269606413
0.253686207201158	0.135031894128172
-0.202704089626492	0.130483228140911
-0.165966648642922	0.100882208885412
-0.30947342944406	0.160419224952475
0.124641765280178	0.0642103933021541
-0.874618697578942	0.712929023933164
0.27753744774581	0.134091462574102
-0.983130863883997	0.664325609746913
0.692981068901996	0.385261769925491
-2.82570625121832	0.918479199567565
-0.680977232818706	0.328091366202425
-0.563435128134779	0.239462923763557
-1.28477344036593	1.36666385111249
-1.5221250577089	0.906740006186911
-1.10130921639947	0.606808541443025
-0.974903360833519	0.634628232437628
-1.41880157198275	1.02210234106179
-0.610935389105033	0.451608632682743
-1.27522500907979	1.13237282960235
-1.07863854168259	0.651398838405315
-0.914474202533529	0.752911631644596
-0.77161399458416	0.531643725916723
-2.21011096287841	1.80696461609237
0.280302983185714	0.217990984134398
0.269822587976268	0.18740909944416
0.19453666753018	0.116033788897185
0.0093771251554135	0.00403528255129555
-1.26828163470558	1.10596534005896
-1.81437013810557	1.55313358348621
-0.512809659243181	0.320123722689811
-2.68826475636345	1.84482405812099
0.491523424154897	0.210036230312415
-1.46337505324424	0.578484924186545
-0.294650141993947	0.131728699758089
-0.225882838680266	0.129538136242977
-0.909312873054966	0.607857234173647
-0.347689666755267	0.19605640599034
-0.588213309561257	0.385474318162137
-0.0732120562887073	0.039561952671754
-0.304004161200156	0.193193722366092
-0.581182315720843	0.460093661419316
-0.00264720222474137	0.00158841866239762
-0.289651068323802	0.129757547384386
-0.13424201616318	0.0711911212457556
-1.61202417772321	1.29103938254397
-0.574820838925376	0.51953355032351
-0.389096274067675	0.2449341325503
1.06782948127842	0.734244589182331
-0.502827908175584	0.382151308823722
0.471670489348025	0.381052293785453
0.472732433702018	0.350618786923354
-0.301315365238373	0.15413354232445
-0.24000855023546	0.112305316381115
0.0376863652928018	0.0182576853816492
0.805319844494512	0.567247785478836
-0.542478022768407	0.23659298156304
-0.525823473591188	0.142192228149134
0.00396270932064349	0.00141331822320185
-0.089685927912184	0.038213238141042
-0.136374841806292	0.0803542620227797
-0.229485997889209	0.130583898977066
-0.434958244400097	0.4205563445268
-1.06585573492909	0.87955826777036
-0.561917200577893	0.407436410038625
-1.65001947116471	1.35206818217115
-1.17118237163942	0.724145097225819
-1.42589654216009	0.810387092777783
-0.271645958916126	0.156799982791176
-0.637807289809173	0.363490176182154
-0.250819986455571	0.13853909211108
-0.313645997998362	0.189523447953477
-0.89716938226643	0.477772140504497
-0.437738014255858	0.352603565622377
0.0686526915827416	0.0368626219714547
-1.12939924863813	0.826432151134169
-0.546838053624118	0.342945074044276
-0.414905565070476	0.200182518851248
-0.744251844268732	0.57953457187446
-0.232631806996249	0.152019206490347
-0.281343415099672	0.125511861929913
-1.62862391599524	0.689208309165456
-1.42061510537761	1.41916573348311
-1.86346797864814	1.72219413264355
-0.492178590871889	0.270282312390569
0.587320677682004	0.398141226521393
-0.791012169080677	0.39326622213271
0.862536515456075	0.477172618349692
0.0400212437785386	0.0197176437917292
-0.313217339363746	0.134989374408781
-0.40958719578516	0.223915227641159
0.370289506133864	0.179646163686652
0.957135918951308	0.720309089987581
-0.155515093461887	0.0766844125110505
-1.693153859755	1.38903541746778
0.00805274074772012	0.00438098821382734
-0.418475066094569	0.252234174355808
0.135317129547984	0.0508736284019951
0.290549600913669	0.113080003838162
-1.08586727711375	0.50293095384412
-0.519275660312778	0.346096211793098
-1.74476339762335	1.82121209223758
-0.102547921433428	0.0358121975733166
-0.782803908880608	0.302091305501641
-0.954197184497332	0.63812482393718
-0.735235382495527	0.713113562793242
-0.0665446946558034	0.0414698785800775
-0.400314466255091	0.26630745275019
0.0780937656508659	0.0590089780526749
-0.394096868167698	0.257662539599252
0.856639466615153	0.718207596571961
-0.0345823178074115	0.0187786304316264
-0.627978055638687	0.371242873859613
-0.550445055353775	0.427012030626015
0.647109208586046	0.519617160103657
-0.0511530119922586	0.0359967270967304
0.240764503230597	0.171469507962044
-0.489243332830606	0.342362349447593
-0.136335641943174	0.0765947839215307
-0.242431950802441	0.148061682972238
0.307710376096799	0.222579032222999
-1.25646491342523	0.817991455086539
-0.507798881210392	0.419083288821698
-0.813331710066233	0.648656677568441
-1.11641985817174	0.919053752008323
-0.444628505601125	0.320861592940551
-0.866474024235905	0.668528684400133
0.934038314212237	0.691162007458187
-0.513263475492352	0.329730228941953
-0.269816390812681	0.180695682847931
-0.709172260850158	0.406138095797089
-0.578846538500277	0.496342515565895
-0.516802536184387	0.40299610589348
-1.20298952218835	1.10713242653755
0.350152880384145	0.254314813481677
-0.481855852484288	0.356884017518259
0.351525939101727	0.270823830899017
0.24631383908566	0.174460516143155
-0.898368382226017	0.817625037626133
-0.756379950248738	0.513396119718848
-0.985693340183164	0.762082177003601
-1.46724243195835	0.557361133453614
-0.165220191425219	0.108006424245505
-0.466871563923167	0.319737383266629
-0.567308245695078	0.418266022861762
-0.58623992342097	0.397534391574873
-0.825322547515085	0.656304486490306
-0.701806411121081	0.592368987827157
-0.475711024051922	0.315575923223437
-0.358683701994848	0.2423487589092
-0.210809648211363	0.131085777627028
0.0719952002491275	0.0407139498641853
0.35389186926414	0.235057680741767
-0.524322618035374	0.372242595874817
-0.934444852812149	0.791437583442825
-1.43030906226307	1.05914349276148
-0.607668011789601	0.523729920378699
-1.63240427845784	1.32350973460794
-0.222458884864928	0.135867278206347
-0.00105313588436294	0.000231298072856784
-1.01114397628239	1.01308592964209
0.132061082062641	0.0852539953532636
-1.21496941829342	0.932512092507851
-0.45045114134769	0.275520556308476
-0.586146572204602	0.354313458582532
-0.795326287585611	0.398251579357205
-0.217739980421948	0.138130886581492
-0.0798018429925255	0.0383939596331428
-0.0597001867831374	0.0394520175739852
0.335986846265754	0.183802911480922
0.428369784316327	0.351332367382224
-1.27667097617214	1.48682203864945
-0.152254970093062	0.100941448735867
-1.88781571134293	0.901518113432637
0.0546313615790794	0.0244245290721936
-1.063101841214	0.884600347764903
-0.596242959152798	0.452346796537939
-0.667292757423471	0.31486191471911
-0.268646572478396	0.146791083783981
-0.166004545897239	0.0690065641711116
0.949701915978125	0.741768043429477
-0.217778837666798	0.10432905584949
-0.427212148239271	0.259322838445223
-0.123677078840367	0.0715664759799506
-0.404160385085902	0.189271248771755
0.613557240456497	0.360268273839774
0.439878091070958	0.27865942125806
-0.804886906391502	0.39422205955221
0.372522006274405	0.277588222087493
0.139057576942789	0.0900891501147922
-0.965738319740722	0.666393517651441
0.842489380521447	0.672470684226175
-0.786942264747591	0.527102309075547
-1.45360323354618	0.567880172583835
-2.83816850847321	0.90339074521464
-1.29581645128676	0.462227335062225
-0.537570671424431	0.295630536095012
-0.157210042434467	0.0859867637406631
-0.424727934960205	0.239675258042249
-0.493347681373721	0.373941326013824
-0.876953673307996	0.458090518750865
0.0525298536969004	0.0322037585444483
-1.0943401815344	0.648838377575484
-0.286736627542266	0.202727223292375
-0.20808458970904	0.0986377475169809
-0.610462413445775	0.367802355707279
0.842007718491377	0.658111160232649
-0.150041996993452	0.0743934272195327
-0.938196648362012	0.41445568941716
-0.840121921608277	0.246568166637597
0.144022582331257	0.0690806259098895
-1.19211878122335	0.573883383855713
-3.31319464395181	1.21509579750581
-0.033903980273683	0.012208181239718
-0.626917236023611	0.337661808410277
-0.725808755221719	0.411730954460078
-0.596220080802026	0.314431530360387
-1.52182144287341	0.902991225061809
-0.721513907720159	0.417254204477054
-1.19600474664672	0.876248704880849
0.024547978405408	0.0123510797848283
1.09138358831853	0.775067359013589
0.293298791025876	0.134755977317642
0.872498222610215	0.333354570617912
-2.82800405415571	0.916370270350291
-0.633776101029101	0.24266905744596
-0.540150019925681	0.237574894024048
-0.29349344789011	0.129917277422468
-0.152920104415983	0.0618476803772653
-0.549024614145878	0.426398502555975
-0.463650296348025	0.318225588784049
-0.301912259095375	0.146768364877299
-0.346368351106012	0.22849102255107
0.82679008592898	0.59969063715507
-0.725617302295793	0.410760133307603
0.153219692975194	0.0956421782976488
-0.944995473771753	0.798424852025654
-0.0770448477573777	0.0403160717966503
-0.298173252148018	0.192015121488678
-1.11706443861823	0.678230786603868
-1.62208854557427	0.687770927901318
1.27292834123314	0.859714202681487
0.275183170231963	0.126093635499792
-0.41900626232492	0.199377256303895
-0.609273095149687	0.422898300828128
1.09281871232867	0.967336053313526
-0.919284228060731	0.480580254508161
-0.617755094419378	0.368301260752451
-1.84322492952924	1.75547375381007
-0.138963525894302	0.0847238795767803
-0.319698168884696	0.161697270177412
-0.296353537503782	0.194208872812159
-0.244280607481261	0.11587070717855
-0.684293278267411	0.489803053386536
-1.26438985511745	1.21627899980723
0.366220827530739	0.200860955490508
-0.0986411503747461	0.0524583720888352
0.100979200398672	0.0575743979505152
-0.774251956368378	0.5381298681459
-0.762092732653548	0.515301514475268
-0.40555094108384	0.169970187283906
-3.68121360049036	1.50160480915984
-0.287297597060059	0.127752347935774
-1.0974897944771	0.658926061834596
-0.671943429366762	0.326494236714748
0.124022257266527	0.0476983453124227
-0.393133064866434	0.187061434639579
0.669439625245734	0.459571704573595
-0.422765748830485	0.258087691591918
-1.2175542680235	0.699940183426798
-0.842917355665175	0.548070932133176
-1.33915160444672	0.912930787950796
-0.750189609887842	0.494055699760067
-0.621315865955977	0.333116085314474
-0.543478261860622	0.265171926300172
0.773111178571579	0.519413122366294
-0.519806863559891	0.331769324447241
0.255800005033235	0.126631265177643
0.606895045485204	0.454298946510104
0.287875141995713	0.185469611666282
0.513207807009117	0.434366940747058
-0.301077442051083	0.125680528024969
-0.707011027911384	0.418218437993467
-0.079444871699729	0.0386417492945214
-0.218877680163491	0.106121478393574
0.0232264943879055	0.0112581578520053
-2.498964405108	0.767925687647617
-0.0956609260577928	0.0215971171731289
-0.305462590869484	0.135981396054963
-0.288087723971273	0.129273598627564
-0.879171668204041	0.793808872978105
-0.712804063933346	0.404612606966711
-0.289432320572384	0.169614279018238
0.0393049669681208	0.0194719041135229
-0.0707227085243384	0.0428712555261523
-0.319908877450051	0.198778539141159
-0.300866007329559	0.226180612280534
-0.243364650504269	0.142195717293848
-0.0508586456405823	0.0258311542437598
-0.620835429981785	0.336854282464935
-0.26018519791323	0.139303450947869
-0.240901377404616	0.149362308585627
-0.213502150173755	0.128554981464997
0.0556483003932218	0.0286842118868665
0.495656431359442	0.357289243463117
-0.362296450260041	0.206658013879081
0.0273409315790703	0.0126565095058087
-1.6029810075612	1.61635036167329
-0.877317178521293	0.887948244993561
-1.07720138876244	0.627890406210415
-0.445921187412261	0.153465254623103
-0.778502679092996	0.402564872177849
-0.729426278070661	0.4187981297447
-0.363155947024917	0.206646411499012
-0.789354683680607	0.476685582448438
-2.73957974422986	2.81812325554119
-1.69493422126595	1.05641735736772
-0.671942011120245	0.432726749460956
-1.00785480532586	0.57878880168412
-0.472140454843057	0.342546582501781
-0.428891790019428	0.239876005277159
-0.502040986252268	0.287260812432589
-0.393680649470571	0.187714720290268
-0.467881128631706	0.342168795225421
0.0873893708062431	0.0574368470676875
-0.0681000255349181	0.0321446222451327
-0.141781690076822	0.0766196899888502
0.109462170810668	0.0591491630133748
-0.621393567886905	0.42391674626041
-0.824714512351544	0.737208392899511
-1.2852805993446	0.868235781515062
-1.28425901874629	0.474855091321997
2.12043058049361	1.48421244708235
-1.11306784957149	0.669356371430448
-1.63547964793082	0.961368527146829
-0.448703414868267	0.293411187406312
-0.315665845726302	0.204875488976579
-0.0566540864811921	0.030767579166424
-1.30239422601002	1.03585244398236
-0.278671450390795	0.14847354581212
-0.889822573378472	0.862206874653717
-0.417120604944889	0.222739579610466
-0.128596033779015	0.079183953486226
0.277497699163583	0.173133042635267
-0.52024451796428	0.301567145912763
-4.98273217412631	3.21856595142137
0.225000200685059	0.140860820244953
-0.466646817573416	0.334202975212257
-0.673505838655527	0.437597155188707
0.95245182634101	0.423184169686063
-0.73178051429796	0.412657446368884
-0.0674591218046312	0.0349675152240154
-0.4483791835764	0.313469229201895
0.091586697496846	0.0630702992174397
-0.696007581196919	0.6508471802296
-0.325385052282028	0.247772082472315
-0.498614883548691	0.550574291990015
-0.810476261831993	0.873776971626874
-0.607510036286169	0.331882912338831
0.701462515687648	0.505679745398705
-0.370478962467705	0.263565215162516
-0.892941498635146	0.669957858285273
-0.685101166050345	0.443424868895555
-1.34071523865573	0.922748521968231
-0.560437813613493	0.24885301012101
-0.0658824423444956	0.0380283476731669
0.492956074009189	0.320287822643704
-0.148310602201565	0.0914221802513538
-1.77975294968266	0.784886518772186
0.541100401848291	0.127818857380943
0.597974800796893	0.290057279034211
-0.258474797074406	0.139181881782215
-0.180608144745767	0.0908539349167946
-2.03402016851177	1.57707823858
-0.568378038398497	0.423978055894723
-0.161063197633557	0.0855276758559137
-0.247903317119737	0.131684112494021
-1.20034577148055	0.880135095835546
-0.682316837241563	0.614697534293026
-1.13630122287192	1.30872369889868
-1.00036556456831	0.878679221502867
-0.492840879508503	0.433062424726911
-0.330890184221927	0.231058097661223
-0.226553720071542	0.137241671844391
-2.0209650434417	1.56086953907338
-0.60169931288612	0.320398828536458
-0.405456947294753	0.195090139570375
0.120349478169478	0.0621127736969409
0.798453453235397	0.529148040493386
0.290707136517743	0.131141154526202
0.843498108514583	0.469047186747155
-1.72673774463562	1.06335315238271
-0.616267448554778	0.424940705883628
-0.284711302011902	0.126930385103459
0.566804576362557	0.204553852424767
-0.883058257916883	0.465607267951981
-0.927753588255982	0.697651092088238
-1.7103928938924	1.74493469734773
-0.596294316105561	0.516622944113807
-0.112368150633419	0.0733306240423116
-0.32883191998599	0.281355206077809
-1.06350913834387	1.12305268563217
-0.214622649237855	0.175635959272539
-1.79646574910903	1.96030146107305
-0.365021672753534	0.231712243930105
-0.172867761844028	0.0893831498878508
0.0220575667176217	0.0111723402060582
-0.785241572022036	0.31523251143686
-0.149291774266974	0.0820229722221124
-0.123586155093586	0.0720981988486232
-0.199947252715638	0.0983177777892305
1.13129496913535	1.25297322024207
-0.685225176820443	0.577950246776994
1.5899365816483	1.69122407110377
-0.647227110731081	0.606691724470846
-0.995938818597763	0.64557073002611
-0.360369451156577	0.255433464403849
0.45374262635095	0.282776388116307
0.0185973616017402	0.00752222214328163
-1.07666813951648	0.36466782984443
-0.312754388073834	0.159712659130301
-0.54887839732202	0.40516339097411
-1.35887343636262	1.64513855322829
-1.06276891651863	1.37879518259549
-0.686487542552848	0.835658687367468
-1.2993018471366	1.70210081703025
-0.363689156747168	0.32231855863634
-0.392833928230853	0.386158033953471
-1.15173494576337	1.82734470464847
-0.952556441179933	0.829002499934535
-0.180693623619352	0.146643124746242
0.231236974458884	0.199360842876826
-0.370271663781389	0.302124799194166
-0.744778847011905	0.663331617265528
-1.50297240018674	1.13668472591521
0.00426556955207206	0.00254274871535553
0.330779836353278	0.196232409467062
-0.987995560711525	0.761489957540021
0.764567165572472	0.631817684594638
-0.0804247309272037	0.0395701683487329
-0.428039386343875	0.229073496256326
-0.377567955541199	0.258531081343726
0.468475491303573	0.262218992140869
1.09390439744167	0.901108566856188
0.451659634843666	0.330967694979988
-0.135772401044618	0.0780463914106946
0.739780889704776	0.749933719953348
-0.597669219106554	0.412774865126706
-0.823552791199852	0.668761102800624
-0.946796977215539	0.412789939845452
0.664018124964231	0.526910251914077
-1.24049569511473	1.57230469715257
-0.0486684341796941	0.0419443272929064
-0.179622836293049	0.13572611465597
-1.15947846681498	1.97169607870677
-0.346031331906966	0.291852580852865
-0.0472248203445197	0.0322817262505384
-0.841325470001314	0.877087763101092
-0.246275516286721	0.178575385768862
-0.494744779951541	0.470874845073329
-0.350419309842655	0.254065292078416
-0.839009202010499	0.918646568110072
0.0822362038772339	0.0643143606682792
-0.371363460196504	0.318513056601474
0.673045303105102	0.57296198432076
-0.936597755597692	0.882050124631342
-0.615231117332591	0.464986363661086
-0.190652146866156	0.0929639464666268
1.36658552497276	1.28106620236662
0.587504774253873	0.337954884924696
0.256592998016287	0.159976544155268
0.00517661090301254	0.00303732008820153
-0.353433856492252	0.202846669239227
0.413719872326156	0.281194243048127
-0.064742560069089	0.03512245721447
0.517048981900874	0.323698542763479
-0.0803670970969655	0.0491523408733706
-0.273595168728132	0.17611903206789
0.0364669918195202	0.0178004520354979
0.803810458225535	0.525349708456558
-1.52099790958447	0.912879310358352
-1.35967629002013	1.12154711965959
0.0512646383473201	0.0317505285071298
-1.2106787120078	0.891569791730172
2.12566825532467	1.42226913760388
0.262931954189034	0.130885087373967
-1.44192783815211	1.28435437504964
-0.838933522975098	1.10054909377796
-0.00500844045708314	0.00398695894654785
-0.191383984744678	0.155265056537303
-0.793665682279412	0.84352152264821
-1.14068772076625	1.43957892505689
-0.211797240011836	0.18397092010841
-0.122568887837232	0.086743455464856
0.0102344873382997	0.00686339589225411
-0.979605251998522	0.955723196624443
0.00848532348750622	0.00369829854174898
-0.152036612373663	0.0932477137575129
-0.322191453617092	0.188655500412166
-0.905978234624408	0.979727999925009
-1.68133331733605	1.9859240795108
0.110110497261625	0.0778207984388835
0.0643992257765632	0.0384170359721091
-0.511339504553486	0.322987390401035
-0.608845111683664	0.45897544148077
0.768578687059325	0.52023585360453
-0.0738944260011599	0.0346272807656731
-0.4075148088093	0.195620727450365
-0.216232439509356	0.102075290697234
1.05080657528028	0.598793830762224
0.835155162326946	0.63876462917367
0.0259102597938665	0.010534758398162
-0.681984627678379	0.317108724474359
0.354521765891064	0.231784201799297
0.488735865725992	0.327028420800932
0.802894002642994	0.580448896902191
0.024993099140168	0.00953012448710497
-0.805275450672834	0.400755562974079
-0.753345201745966	0.499978990845828
0.254449332560502	0.137455965019594
-0.694728203512797	0.562001048888116
-1.4261919706616	1.06177580128025
0.551400030409573	0.201326514062608
-0.0547262637758774	0.027304790757261
0.266873556244287	0.214496706646597
-0.320255747599535	0.321088514532232
-0.585322168304584	0.583141420006394
-0.750493008133194	0.781880351346205
-0.574264495650184	0.551506717288287
0.647531486369934	0.55837776286921
-0.402040514221229	0.356295186883312
-0.504902147898006	0.442779041130664
-0.719180256326178	0.708726824228949
-0.00972293615446817	0.0059378698751939
-0.478683372354062	0.374974992281206
-0.886907813951721	0.646691574134454
0.34037973579168	0.18461068489823
-1.58435387491545	1.28339219875744
-0.928009824366927	0.407580167793928
-0.804158139007922	0.491702134954965
-1.26116978573125	0.944350669840604
-0.18309224768366	0.0908294351444659
-0.225361907656836	0.102684792434563
-0.577594602517134	0.495126713910551
-1.0800446510913	1.27830335700476
-0.534931994162236	0.551781021383616
-0.482809044381289	0.410770065195644
-0.355189871400373	0.297901185111363
-0.667477814020899	0.491632174677926
-0.426509813502219	0.198621653030484
1.36599211014415	1.592768295889
-1.15251911440251	0.801603163788238
0.281749235710908	0.129251968041826
-1.18538057393932	0.748248078135858
-0.419050984562263	0.171622766049871
-0.772287794450571	0.393454628960373
-0.700603142329763	0.443042921952558
-0.0470898928559325	0.0236685087553398
-0.808828433659142	0.497315637329207
1.41137509998352	1.11898748846417
-1.1216202653898	0.823495524938833
-0.0106827261013103	0.00445799403153667
0.653711929311166	0.432831808205075
0.355595701662001	0.220504045306238
-0.0843694322305296	0.0389492990829641
-0.625350070463784	0.46522757337778
-0.0596009351386066	0.0318789588083815
-0.649415250802005	0.284362243183689
-0.45458800719814	0.158024455337096
-0.247127253085547	0.132378870210232
-0.79876256327721	0.846251754690029
-0.771117368976248	0.880801647169098
-0.774838748531053	0.991889264643339
-0.132526064201053	0.127479963180417
-0.793756061178569	0.769505470199027
-0.592650503425015	0.638079573443305
-0.0625545760930809	0.0485330660735763
-1.07306120617524	1.47942275457564
-0.37118043941704	0.343895827845743
-0.886765684509219	0.752776612704974
-0.909782248497419	0.739187127491066
-0.445955287878204	0.321699652269894
-0.481417876039095	0.338960493679027
0.12441783089428	0.0688898009433898
0.000548514939022741	0.000515520752571199
0.530012703695707	0.369971844625704
-0.237546521103001	0.109991789178772
-1.08659390708907	0.860689222920121
-0.0933794756780366	0.0413268640544676
-0.947309602263917	0.837637697010402
-1.13906162965876	0.870970055599619
-0.249430826381995	0.0962354423311527
-0.751277041849378	0.825644647740146
0.0741878275957584	0.0439240121111022
-0.144442030024843	0.0939788570670596
-0.0813156182740485	0.0500839576032695
0.502169324726332	0.426541039236438
-0.444411330713998	0.277913750538434
-0.580797244383223	0.419055966696865
-1.88411307116147	1.31553457673483
-1.25863824255885	0.820213894594727
0.410757934288663	0.285080386840217
-0.0101369108960722	0.00499112536177974
-0.593132664867729	0.373045301316815
-0.30323560783784	0.152815601150367
-0.0757886277008104	0.044394933743218
-2.02778091876753	1.52662868094258
0.473169962110642	0.276020437306055
-0.985671862645155	0.751612288579565
-1.34689152452754	0.96356465038277
-0.527357067674832	0.346716475213287
0.781608285924516	0.529524058019584
-1.00067655878887	0.588002449568069
-1.52143985916833	0.920661416095944
-1.06713402550913	0.498944167834611
0.917540660568716	0.570488323090124
0.279746479166119	0.124119436522557
-0.0809165506204078	0.0394481300537308
0.180359092985249	0.107765791613106
-2.03215060168239	1.52565182535477
-0.744249547259723	0.664644985604959
-3.51718317028196	1.36132270404602
-1.18504733245185	0.754977592840015
0.490650125838999	0.407408824841193
-0.866890679035733	1.09499129116624
-1.79187795329201	2.21605648147568
-0.0645375410255516	0.0477140020828991
-1.35220608301443	1.48056668523094
0.230556765999751	0.1487937164352
-0.483567716979619	0.411109498555588
-0.66354983678715	0.740175261208788
-0.191502228064884	0.151320157085316
-1.34570050394417	1.1089843513875
-1.20621472358233	0.939456272725303
-0.749303522831081	0.566440472714688
-1.14027245853531	0.812677896745531
-1.20272550929676	0.899083925949889
-0.599044363492938	0.415100865648946
-0.128143577594983	0.0681335894722288
-1.78522889771657	1.16673290306266
-1.06120573642578	0.890110827304256
-0.124423246785528	0.0752793086858995
-1.06067541424707	0.756049241044372
-0.772021941421024	0.390144524545607
-0.0946926587271458	0.0416418729833072
-0.62246118398693	0.229339194169979
-0.287857531745312	0.18565818005577
-1.79709906762415	1.85859743289423
-0.513937087744811	0.52596006558052
0.956251472868832	0.898909715724305
0.240655683784936	0.178349860690117
-1.18000799002787	0.710585009804176
-0.350447222525302	0.202469195862004
-0.0790198264772527	0.0377400473608145
0.121546634492031	0.0661822861386864
0.127128016608042	0.0651129719556144
1.40344176773073	1.18229163858335
0.132096165897088	0.0712049196226351
-0.640280304716517	0.345620555386529
0.735650050602848	0.440888125019105
-1.2814962411484	0.472913125289254
-0.615250862480417	0.320777708158585
-0.619575311137909	0.364454940182781
1.54874286402064	1.74182051598492
-0.0912370282981396	0.0419249435145331
-1.29441427991381	0.86265833249249
-3.84016485484734	1.58963509588902
-0.0225260732381647	0.00842467641775913
-1.09456309987979	0.6639706472842
0.043857714235601	0.0210962643385772
0.433863658292089	0.209834807973199
-1.6513608967343	1.30781230920188
-0.308994660689629	0.183025709070487
-0.223315456921875	0.131245466404805
0.842590919530315	0.700418283073801
-4.59881313551548	2.58764089776788
-3.96206708234216	1.68947057647729
0.0604158658636744	0.0289371808499555
-0.678412927849034	0.644845153251006
-0.868896826497169	1.20465336997155
-0.92733849554517	1.33117221033156
-1.11361215121173	2.06716227494165
0.120479286230486	0.107471750066885
0.430583554275234	0.412669956985206
-1.37106280649641	1.83496396800799
-0.27238320186429	0.234595028313179
0.142315888650781	0.107250663896008
0.418642548048355	0.364741406415662
-0.517983827559963	0.382783680481972
0.974559182528154	0.764875456676177
-0.697398211805882	0.594387407366988
-0.333859046968769	0.166038364447293
-0.908139162268187	0.567472016062715
-1.26763786802415	1.06746250264641
-1.69717362562972	1.11913312068615
-1.16917278224972	0.744762418140071
-0.329329151985221	0.171556930800676
-0.419135380710788	0.253168780431301
-0.0742359173914027	0.0353465064698657
-2.33294595941495	1.30141319394325
-0.910295521037134	0.47374054004293
-0.0890125273339556	0.0396651602977024
0.485376392965435	0.20571985933238
-0.828223866435022	0.939868958076151
-0.294098160824085	0.24209539391795
-0.168724384618935	0.128132582481654
-0.00793781841337643	0.00547886627694178
0.824233669947412	0.651413815953133
-0.629001781173795	0.34407071326159
-0.413352423675802	0.265124136776077
-0.901167527218067	0.472670868675542
-0.317797930906564	0.210237575320415
0.0394175699927013	0.0208395828001702
0.955364561742939	0.813920377552935
0.113126617314994	0.0629705307179332
-0.0922464196212729	0.043484357445142
0.206530172335616	0.117839880515436
-0.52686801616213	0.272441495344408
1.01248829890592	0.513865107766899
-0.264245556688693	0.140112955379607
-1.20105432948814	0.899949896226694
0.802594531593434	0.418466004805785
-0.405616151978206	0.165134097752201
-0.093802197625041	0.0420372979200736
0.475269701220049	0.379027713995859
-0.663639156005811	0.322511817994858
-2.07481371509962	1.63661096984887
-0.235999088280499	0.112520917850646
0.424716048227493	0.29304097847072
-0.766234772959138	0.640322230330305
-1.06020240547377	0.97689909196064
-0.293642956466588	0.128785102406557
-0.448178786999639	0.15594907638673
0.222496720375839	0.117915507788267
-1.05161475783516	1.34803716843997
-0.254345797854178	0.25358262763638
-0.859817600901037	1.25010691776966
-0.772491563461496	1.20399515772846
-1.28848906076805	2.24753654650042
0.137579378166847	0.0841947002380708
-1.25619014263581	1.78858450712373
0.414190087394668	0.430427499375521
-0.69032122261749	0.790748327785555
-0.144946364444582	0.0824365755007448
-1.03032937212638	1.02870504219485
-5.37374668928182	4.07313781614615
-1.12251331104358	0.965026023903246
-0.274573221897439	0.176406430970767
-0.826275058039567	0.697914928816449
-0.0425965107499722	0.0229094018633357
0.0318909470882802	0.0177372980604036
0.145100530598699	0.0686860500384326
-0.114598643291797	0.051217424273423
-1.51231423600233	0.853357449672755
-1.87465878289389	1.33892707199046
0.844580119453984	0.46974154349318
-1.00994283774004	0.574535764607111
-0.609386298003743	0.59953145018452
-0.903879476267699	0.697481329075287
-0.0699309167769893	0.0399183682029696
-0.219435005659056	0.137999558524935
-0.872648437408869	0.630716027082064
0.625535642834887	0.5197683089022
-0.0693887859370306	0.03309521839946
-0.547808994542921	0.353678063801902
0.00787470253406801	0.00388882020056016
-0.538352420718909	0.356842066507119
0.026770800054312	0.0133216269602828
0.374870854961269	0.183230516076432
0.960426867378202	0.722640304674576
-0.611721350072316	0.33435675250743
0.280836518451478	0.125510452067798
0.446094557461038	0.208213861361683
-0.302823279617708	0.134364257121869
0.0991512500146205	0.0577576458920977
-0.401637993401083	0.162670634913034
-1.0650719055988	0.491673416651626
0.277452731828599	0.132033831446301
0.389072316024993	0.209214748485957
1.46334274971368	1.11355411864511
0.310121467519704	0.182066657451413
0.436002764706952	0.259142674526788
-0.334577638364019	0.169887329267452
-0.842680161905104	0.877136423046289
0.274754646079037	0.138183640810105
0.705307687273377	0.306105178374576
0.614132836640789	0.308192431020171
-0.423045018862352	0.344408041246459
-1.63446247979525	2.73549412883686
-2.18139554071232	3.44797054858145
-1.90043520781002	3.09499804138606
-0.374025474947493	0.343806680759198
-0.691300829581578	0.600017095038563
0.111232561281849	0.0845975554400421
-0.650894010485328	0.547215368429267
-0.405496539193871	0.354219168337427
-0.154558677170767	0.0839335726667375
0.258277622606066	0.159214604588531
0.148821322731966	0.0813212520426104
0.455347390928395	0.347457460203937
-0.802384683111513	0.470716841447516
-0.757352217233671	0.632542146780572
0.266606013940181	0.120602255061147
-0.227160750134463	0.105483022179113
-0.34913617176299	0.202220839157074
1.26680397093359	0.954506073101419
-1.00466110939638	0.58354857111831
-1.79959058350077	1.1872914372974
-0.214366445369708	0.0990169231609617
-0.99686477929904	0.56457698372155
-0.166281564575212	0.142493069387175
-1.10536094591441	1.22684633100831
-0.576078142672727	0.469685797162917
-0.798031361594423	0.899740071371852
-0.386368277302357	0.226169207665903
0.201022434082995	0.119036946991153
-0.336269912171155	0.191136073283899
-0.434834696055672	0.269034811127959
-2.45336613242069	2.31945106411238
-0.619467965318961	0.32173787048107
0.609083323466335	0.349574977605238
-0.772916046664831	0.637427763019233
-0.553990331841492	0.268874894001166
0.85972010806389	0.483774288864288
-0.310187619759697	0.157260181208864
-0.899101995808559	0.481146460591751
0.553358550994605	0.44018199843202
-0.426956651530554	0.2012602154359
0.978748656931816	0.905545634570077
1.28747394293232	0.77627125186736
0.677404384858059	0.371579507982912
-0.30840779127023	0.131895455669695
0.151193915400621	0.0763898737759518
-1.06636869548947	0.509555068345611
-0.7824274995317	0.318999489054043
-0.882463549790887	0.564314781360738
-0.246322892192195	0.140827769613852
0.0198666406554158	0.0107014237716536
-0.544871163450583	0.237625046931724
-0.840233233068302	0.250814356122496
0.71484214403215	0.315964850482629
-1.63297204074086	1.83902251367855
0.199672887442127	0.137655767721803
-0.500643449618662	0.42875684285483
-0.972690877064406	1.21308874387836
1.01951285575755	1.29045838774914
-0.00670891102691663	0.0037859628757991
-0.195015968695941	0.142228373943661
0.546208220946476	0.494507057103047
-0.44907485686435	0.362591491054365
-0.172693620035107	0.0876414132806786
-0.424949894983927	0.260918519294705
-0.875381818588263	0.697056819503036
0.0328668434943694	0.0176824587891636
-1.55281202567768	1.65944620997415
-0.31497478259806	0.187986148722116
0.315017238367454	0.182868255092803
1.07085202214345	0.609798087387517
0.124364474221212	0.0545321749626193
1.5090554267789	1.0639821368871
-2.51581472678259	1.59499096534994
-0.789571015465161	0.407888732588939
-0.452436444540716	0.156595272622039
-0.20963005089361	0.141338450324718
-0.534172396712367	0.493057294838895
0.594455869747003	0.402930232278467
-0.0649355202297906	0.0445925095241275
-0.304404384826001	0.183049776937944
-0.463699946284421	0.317506249429268
0.0151259437827753	0.00626560156639104
-0.592668272124221	0.408655447177804
-0.12880419204458	0.0550786724388058
1.0863620334501	0.811074924377983
-0.579854014562614	0.338023702563683
1.09723512085952	0.857114357943333
-0.668019849713255	0.3147751506488
-1.05976309948511	0.752234994656614
-0.0446666496627123	0.023061100130378
-0.586053398254622	0.35409778662547
-1.46286496368508	1.0604464245073
-0.220070147159559	0.104448479051478
0.230460759526825	0.119109291827659
0.149031501600509	0.065632236727624
0.458517925441161	0.266624906399812
0.416279174906151	0.247279081382067
0.248867290905239	0.115463568949161
0.0352836771366921	0.0181325429915321
0.0393454527456889	0.0209785122646412
-0.0973099424517865	0.0409010606084549
0.4104139946543	0.248879308627472
-1.60767255554326	1.00657114728211
-3.31902457203743	1.23889070538812
0.12276444390907	0.0474064551174845
-0.51873976369493	0.498171195943878
-1.32211869214696	2.27121753527883
-0.80896703136334	0.86371845688994
-1.18436668688517	1.78441434745502
-0.745575762813057	0.677141738001861
-1.49435648364031	1.35621960410741
-0.744011594687814	0.841308484595557
-0.499760143895861	0.365628879825261
0.424512438980674	0.428191361677068
-0.353749208610952	0.244140038426727
-0.820904273441747	0.739728340100588
-0.483303631121179	0.300867569822521
0.85136236606181	0.731455128326662
-1.19039141704474	1.04822493370298
0.24338696862002	0.132053333747748
-1.72785254027985	1.0633036900621
-0.21762539367755	0.104685344786398
0.0160623837484812	0.00661996220120994
-0.232521482639482	0.145594137629971
-0.660103450852065	0.671184465325146
-0.00751789519820104	0.00489159056031192
-0.333056957173404	0.317766053993384
-0.69270937568806	0.586767517326512
0.0288007379148213	0.0227739582856494
0.331329503063007	0.220553649702332
0.314859019397701	0.165877896730802
0.411185372763443	0.316748569445332
0.0233902083139442	0.0128597447674976
-0.269224984172963	0.14494667840075
0.0342862798578812	0.0189723077891884
-0.622210387021639	0.335816191536005
-0.442663098208915	0.240356154003846
0.161383478306105	0.101153307702844
0.0678686703895666	0.038532705529704
1.09225164357865	0.987460016219186
-0.39699642286276	0.254530317202429
0.539965186373577	0.294305771069305
0.0341729738722789	0.0159299255447104
-0.0934161693868107	0.0326146996613425
0.146288837222037	0.0624559675278906
0.706514888123397	0.385322006162117
0.778023910299228	0.51248140664563
0.35012048700355	0.193384452786659
0.979268944752774	0.911024382300717
0.678989079636685	0.364132444876922
-0.404284973552172	0.216425734153407
-0.784041586125181	0.384470463656598
0.266920686488399	0.131320916066214
-0.998711505108202	0.635367596985561
-0.0746562357917301	0.0359128934126287
-0.534112106868171	0.39385203932334
-0.381218827183093	0.21100659633036
-0.172158298934435	0.0687366116836277
0.704657419569423	0.314584666919413
0.391811356173221	0.202191333811111
-2.44114259820839	3.71364207241263
-1.08724171529456	1.52051549371279
-1.05490046992381	1.39580866592798
-1.00487091232538	1.503663449754
-0.982188119021116	1.45227545072554
-0.509782349183654	0.421419369152694
-0.876652503761797	1.05959749790124
-0.805817569333214	0.801748795351918
-0.245784342967498	0.22718591214815
0.592003577667348	0.491514043363209
0.0251321182065514	0.012439239556072
0.338386934192575	0.240792869213207
0.0820581411532302	0.054018724370585
-0.369034213133496	0.299221821727444
-0.608748496274246	0.32784216673783
-1.10088006737886	0.891039138576328
-0.424036901340964	0.300357804750875
1.50139583987641	0.954468315360155
-0.202686551077179	0.124758990759718
-0.216255467260285	0.132132756496521
-0.0476514373589681	0.0344730268146653
-1.66610321052791	2.04939431119117
-0.415072742984966	0.370493782119329
0.638060620351007	0.511997808457596
-0.381331227971911	0.273901844141214
-0.360871941033156	0.20668387760608
0.36731817658908	0.26412000059778
-1.00177112637957	0.670261291128503
-0.261202739015642	0.141953311606087
0.614893113665533	0.46118918030811
1.25975577563011	0.840872099487929
0.602520446651389	0.505442171669413
-0.200655106883451	0.094696316431289
-0.28019800073318	0.104004058599044
-0.410979780488801	0.232078814069948
0.467153679964725	0.306870709243878
0.115554542884797	0.0533567933478285
1.25155004260959	1.03423777851239
-0.148003376891235	0.0853124513687057
-0.43087816989938	0.25847601342133
0.418870679703343	0.287844803382357
-1.09730964893197	0.709710417769496
0.232928554085239	0.133782008808218
-0.100084646507156	0.0433412140005241
-0.42421197495935	0.230792941364508
-0.734918488035689	0.53541465322875
-1.02577749820355	1.02337886300116
-1.63956302897627	1.37131123630337
0.376417709418867	0.245390825851263
-0.78750387895432	0.326445898324451
-1.80049955492583	1.16542589963186
0.267727532733695	0.189140827212849
-0.484043263944311	0.422923887067307
-0.0859547069643327	0.0683459646429374
-0.0503109047530709	0.0317461242180302
-0.147024718521982	0.116778802301991
-0.262420324842888	0.237880326443825
-1.24529827917365	1.28374950890274
-0.258969906421988	0.194297555038453
0.423157882857704	0.449539205239017
-0.00487617492653474	0.00340606667986379
-0.982995948601196	0.948811425588984
-0.0120685637738911	0.00692470809651608
-0.122953232739933	0.0782810556807472
-0.731812338157873	0.547228458983343
-0.869548691670858	0.66530625861654
-0.533613081702399	0.264515875967678
-0.321632248572042	0.165791062188032
-0.125925634046403	0.0709831896535695
-0.531456443443928	0.30824387231788
-0.303140371750837	0.210215222621259
0.214211491170594	0.142195164471577
-0.866044645157552	0.922823957747339
-0.240614238155651	0.171401797655579
-0.384170931684633	0.269666457287391
-0.89393988722214	0.578156927863258
-1.17995248866082	0.823650800588223
-0.421000544722944	0.325718745826156
0.0373144215457473	0.0188447532202169
0.335605881925001	0.19800573390074
-1.40661668842586	0.791071570085645
-0.0638105119485195	0.0345815756403344
-0.854663218017689	0.622080014312033
-0.388623304226654	0.243716339047586
-1.11408077876818	0.814894900460908
0.149373717037281	0.0765628390644116
0.130946682796199	0.0674629930195116
-0.222786010802535	0.12678497622968
-0.772845407089445	0.390836235594807
1.10159713439085	1.02969475212808
-0.421148017473242	0.226503139840423
-1.56337421536335	1.18785349738679
0.58161533379719	0.396661100615871
0.279803931124117	0.125680805843911
-0.228977335461605	0.150107640722508
-0.622917058799378	0.233429750317986
0.149929693607858	0.0723427246346529
0.549594011766009	0.347906442869795
-0.151083738005182	0.0603186414756345
-0.133645046961681	0.0772709556524049
0.0939954464350751	0.058283360774106
-2.51574050170438	1.57874132992968
-0.837725680837318	0.257618742248887
0.0353528659034482	0.0164209642327697
0.104708188604308	0.0595328029614335
0.140129948731518	0.0836644318140681
-0.683425498666184	0.627961450393857
-0.559383500674566	0.577369890242619
-0.23402109120008	0.162753878432476
-1.31353594736809	1.07927305404342
-0.446042219446702	0.386845384211056
-0.19266464786042	0.141534586695713
0.448303419996338	0.479071555878723
0.164802674789725	0.111755368032347
-0.731374470891903	0.606477856193876
-0.695422135923365	0.558527329799592
-0.833708664960271	0.869371104020661
0.418507164611922	0.288147658168801
-1.53070661244527	1.17001103186268
-0.0722657437242835	0.0340722476934088
-0.399313712605153	0.258601469165562
-0.434824115819852	0.262779152462807
-0.787936264635081	0.382230776570427
0.385482615024145	0.276008885824132
0.621982374791324	0.468396660573266
-0.894831629693435	0.775369662634216
-0.357917692962833	0.292511127038301
-0.896329866355462	0.670103208491096
-0.921464475080236	1.0290823901833
0.057106217433514	0.0299726231925291
-1.86188936657562	1.27754611545
-0.0941866165000293	0.0581348668283841
-0.0479951425000687	0.0245371943266654
-0.631835946368505	0.320888988160374
-0.168124218344757	0.0862079832148211
0.303166707841052	0.226121923813775
-0.284779050410477	0.130621316565273
0.656945315008903	0.435807299921546
-0.547074996215969	0.325344939768486
0.967632181049587	0.845716173635578
-0.844164869898421	0.586204079682821
0.108352629070845	0.0584741362171753
0.232037288959047	0.12131270203128
-0.279291679792477	0.122197857793762
-0.409124480778111	0.169780899779067
-0.436763781004979	0.234994294075337
-1.18805289460143	0.592991427083164
0.753049314172098	0.448100071603166
-0.296329058084715	0.203558337191888
-0.266136884747235	0.14095332893692
-0.893539701713836	0.475992986837662
-0.175423579415369	0.0916212723580144
-0.55411214670907	0.240513969854378
-0.067978058478493	0.0370199322503397
0.180371370704507	0.108105970783198
-2.59460253391822	1.71579393124259
-0.364339461901167	0.251103023567953
-0.557124452223292	0.406730768249008
-1.77405850148593	1.19694424490029
-2.33878264819267	1.33158811291421
-1.00364279660207	0.590078636327863
-1.32321649337837	1.2674160816078
-0.883071646746651	0.960192961692338
-0.994479766440844	0.997503516112331
-1.28169460184922	1.51150214780388
-1.5398249882848	1.57409290281953
0.195477776278238	0.148891493130912
-0.455915647328813	0.28175525171328
-0.461384526901682	0.305599860095354
-0.428134101608548	0.430921245178505
-0.715123905338778	0.530749697239744
0.341716947222065	0.184526226129105
-0.430450649302073	0.255120718183746
0.0442548440176537	0.0258790656873919
0.828375160516833	0.649913065549072
-0.219795026834618	0.13266614946571
-0.329885086968785	0.170327962339657
-0.742584045645036	0.545999528054814
-0.0587699156129701	0.0342676708371617
-0.419211966349487	0.251204601916947
-0.794300418185988	0.539772398245606
0.35044592919837	0.302727781043473
-0.325659242757911	0.258925938402052
0.151299113713772	0.0967177236586106
-1.0944535287279	1.26323599118738
-0.575751995462163	0.449037646108908
-0.142542675423257	0.0762871443830757
0.325221818670227	0.252859259471185
0.251014709150331	0.132223079975157
-0.596671050785536	0.357242695366134
0.0357609217454042	0.0164171695531761
-0.457121506957356	0.308805301962665
0.228226170647046	0.128330690957705
0.383007255503311	0.248231617187945
-0.2798821481342	0.122664547068704
-0.391542396213222	0.326037839591211
-0.174964165358456	0.104661107977243
0.946126159892442	0.976507263761621
-0.313241824433383	0.228354395245044
0.0599620989480562	0.0350182903199257
1.08339448784806	0.964485340306463
-0.334708361679412	0.172177805050004
-0.834317147711806	0.478835016420541
0.145897136626292	0.0626549729508835
-0.165115571748507	0.0819819247250717
-1.35746404263876	0.939295324161278
-0.307186793643881	0.201931245147523
-1.07700409115098	0.764341078269978
0.00468118409674037	0.0021743521548436
-0.811174474299253	0.560650894942332
0.203162399997627	0.118442274207709
0.660871645168591	0.439237201022516
-0.0693133158995226	0.0320680058159506
-0.772210723955749	0.53439343353713
0.115882624417459	0.076868822719272
0.111519200174079	0.0710658998091489
-0.968879808801254	0.656736136137619
-1.62055698821767	0.687949146614241
-4.67330617383496	2.68473936247016
-0.294147792189497	0.143930696290867
-1.07060698117912	1.00350086017487
-1.40400225537536	1.4175882096801
-2.33837364112972	3.20287883415512
-1.44586350143913	1.69249870278158
-1.31594232490723	1.5174399327342
-0.953937385300701	0.818121098154278
0.196110817606793	0.158902765467513
-0.510365868874423	0.48817836880733
-2.36899260351144	2.21002054775614
-0.170123372151308	0.0885488496236525
-0.86301044469838	0.794803729487046
-1.33218089460038	1.77786390184918
-0.173208130375335	0.0943450803177804
-0.503429225293739	0.305662708706153
-2.1659415235951	1.83694264682332
-0.58872932797264	0.401100031575083
-0.043450520417227	0.0245834346306274
-0.632959290746317	0.481851700582635
0.0945788121972774	0.0470236951220338
-0.0734612175767635	0.0365348014679298
-0.192252296026196	0.0896412625274409
-1.3982608957126	1.20526501202112
0.68149881064286	0.5887245336285
0.222774345647546	0.144418460007723
-0.8164010408292	0.571859797595855
-0.767560311550506	0.52233992217633
0.912160917527802	0.584282707853249
-0.339927625217753	0.237845414162098
-0.420145784798625	0.19578042685841
1.27859713629362	0.6832539974368
-1.40363455350046	0.777118003680813
-0.972567954446018	0.808954888949107
-1.51034583772584	1.14978395069367
-1.40929173087348	1.02157027303788
-0.607880954313194	0.328991412530498
-0.554143871591015	0.247040386020143
-0.681814038936992	0.320542181964307
-0.51492020330818	0.253846206059347
-0.804155326262611	0.485619350577003
1.28171092161504	0.786564134223937
-0.0522888355049014	0.0265405462843519
0.449494013498974	0.21345719708568
-0.418488033676482	0.216930900467911
-0.776492404318282	0.527978043415935
-0.923931910415386	0.492177516275056
-0.371360041189248	0.210779178603722
-0.332422594479309	0.16847062402489
-0.353117409169007	0.195795549086241
-0.0557788323006674	0.0295043090350358
0.321791736481193	0.187665973708287
-1.12044122400371	0.965232238304063
-1.54039366332695	0.899276783024195
-0.531106227501671	0.30967169131734
-0.659888092555203	0.305842034198037
-0.275703043131277	0.119595486574167
-3.09868623597984	1.08730133775312
-4.41155730015283	2.29925889194657
0.132110834103736	0.0620377722899599
-0.801030466797181	0.481000531884364
0.45699569277595	0.329832662949624
-1.2676394578982	1.01537200959564
-1.66569478726046	1.35135471631346
-1.26320344299429	0.849175348125566
0.144227255051719	0.067905566077192
-0.805882941119791	0.494986427374589
-0.396616197355088	0.331239061840238
-0.617635999570594	0.377814659725945
0.0917818055633448	0.0531758262861924
-1.22119431425618	1.076459592362
-1.16444697907548	1.02018010410727
-1.38281895976805	0.855521227278332
-1.96536881362849	1.4523562686448
-1.13025886350817	0.853261159567223
-0.755074098178334	0.577415647148169
-0.396161677568438	0.182369576465339
1.08666017483273	0.750391486692471
-0.0157607244182903	0.00596341052742268
-0.0598116121297131	0.0320818333075305
-0.357271777581071	0.208402926936395
1.0880105905081	0.966276656385399
0.394744914424352	0.246760291310862
0.279013405472347	0.14592208439503
0.22116676446514	0.11345309768742
-0.218905851797152	0.100753763138836
-0.518309404593939	0.343171103985724
-1.78413578759547	1.14151619937169
0.660554030362138	0.436426419286967
-0.347391786171121	0.196312916659941
0.195636506748427	0.115975715881083
-0.266517160962837	0.16002527204727
-1.58799448163163	1.26370262723584
-1.26907303656914	0.919699100630759
-0.0683457932267064	0.031841459676974
-0.145129612482862	0.0786419364341338
-0.610472621701439	0.533943669878313
-1.58794498870218	1.26476678422401
-0.277316498141455	0.194188543519275
-0.17060098834106	0.0915762020376489
-0.424591131214415	0.232682219392485
-1.21452883862734	1.24855174945568
0.138695740732425	0.0713405364868052
-0.667136835319337	0.432290789035326
-0.181382644062613	0.0877694596919537
-0.740549027733887	0.561604078538049
-0.975556220824451	0.636143692338609
-1.45588496371176	1.54394642116241
-1.89774011515971	1.31722443840528
-1.04656952060239	0.734742893282537
0.128003521664055	0.0639440357967522
-0.444036372579586	0.153411790765877
-0.530651024759193	0.274631288027134
-0.990476077925506	0.574369229870184
-0.0989097896363191	0.0607771943699094
-0.507148489066683	0.301855974673808
-0.820322009957349	0.508331021360604
-0.252160685683828	0.171480418473688
-1.49740734453307	1.1086961568146
0.35506115738597	0.22589421067844
-0.135609947529387	0.0829477269682904
-0.212199423952493	0.146401392230191
-0.644696395569236	0.445063142432515
-1.62972800289909	1.62083098307736
-0.265312977770632	0.179698747444956
-0.245401347481723	0.178843968280463
-1.18311402174187	0.907271335987842
0.585489914280412	0.406955606147296
-1.5758929301508	1.45286133706524
0.66267074168375	0.525983739672562
0.727279406082314	0.439663157368178
-0.788584427808338	0.475139282392018
0.739920965331437	0.621065251141938
-1.42979475306031	1.045827436069
-0.420361561204247	0.230329319984626
-0.152623627579644	0.0821970561058709
0.0378168532273628	0.0234727371117981
-1.09816706880566	0.927088810825336
-0.750877418451556	0.550030155404412
-0.188765924478682	0.139431287571228
0.0154292893154466	0.00845054903833819
-0.0472815734231578	0.023762930844976
-0.779616726561077	0.529581715444076
-0.593028467679722	0.400780140313189
-0.362197417590306	0.263016213905958
-0.633280774841858	0.612259786589413
-0.236926292091461	0.13353856289633
0.568021108070226	0.359273789139413
-2.34333632494576	1.3440957676818
-0.223211989194638	0.138090515014297
-1.22612626125539	0.65635447952023
-1.5262025855258	1.42511225294198
0.664923619547893	0.521071895699579
1.53399880891764	1.44558730393473
-0.464357031746059	0.27447852424323
-0.691553841113192	0.394886763478864
-0.243621967930272	0.136952280791971
-2.05204769912689	1.55029031836574
-1.17194379673493	0.866770970467749
-0.128854852525595	0.0686396107067256
-0.952401959501762	0.731082714529522
-0.28584553559726	0.155428282036566
-0.527429994660747	0.217809576070924
-0.619735791745092	0.226675036334589
-1.00304703685637	0.673294957728973
-0.15393426100806	0.062213412272925
-0.216882328693616	0.105057696570898
1.23162326204267	1.11757650435693
0.344645969084441	0.230350205358441
-0.143882036270276	0.0889113829938539
-0.412252183711406	0.228013289852921
0.0738770997193931	0.0480754550668306
0.0677376653091816	0.0409287728528799
-0.175099600020224	0.135828109199549
-0.241966744933521	0.140850611026109
0.168267282612037	0.105057872037202
-0.69492933771208	0.387243541522665
0.305074622570501	0.236152794228092
-0.295998143946464	0.181301232696194
-0.231778453840646	0.152930934316191
0.243717318046478	0.160589359672365
-1.18453095011397	1.53247826255088
-0.197543215725582	0.154267766665683
-0.614486408653406	0.487174377222065
-0.591472706464166	0.46625813731442
-0.0146721396277161	0.00583092855499523
-0.548541448769689	0.246418131352117
1.28558212961916	0.779920689998914
0.155712520703669	0.0664887363424354
-0.173198754464952	0.071505970444333
-0.913057353379156	0.666468329144734
-0.613920214494087	0.369183378581599
-0.904619913768661	0.571708208933369
-0.253344589038415	0.135504113912052
-1.05949192547997	0.934701819042296
-0.314856811189188	0.161901950371308
-0.912438607208589	0.575673105614256
-0.497374015345199	0.284328230742109
0.167689107342501	0.104132510354969
-0.884443267324979	0.469154198938583
0.489571055037392	0.198501144280367
0.555271410725608	0.372725928865441
-1.49197654636691	1.37858610257748
-1.84891363730314	1.66782972566524
-0.561463804566364	0.535968222687869
-0.0421226791730035	0.0239876537444
-0.699928112435161	0.556269317867946
0.112953057793919	0.0607666418625937
0.320773525766265	0.230572584745402
-2.75876607133725	1.93018750467648
-0.0296120092930838	0.0160803371380096
-0.893748472441764	0.656191639388426
-0.136271505784317	0.0720497266966834
-0.969631281003642	0.661422575860702
-1.35903263679642	0.92478587049277
-2.02963597596215	0.995702166271466
0.446823296970607	0.20147301723961
0.491521989440763	0.208775644478449
-0.928236257415782	0.476551001456624
0.421054262906332	0.287485200612687
0.130782839762083	0.0505804237900709
-0.518110932543163	0.284947009617297
0.131871022923075	0.0567478024330228
-0.0447020371309576	0.0217778465663985
-0.621032110050062	0.413152624393833
-0.626031058021342	0.472406554697512
0.402626987142663	0.276320342761398
-0.514655876041323	0.262128556041482
-0.281486221130371	0.152900940251729
-0.165477288191393	0.0680637931476846
-0.530389043442642	0.444706533141104
-0.370190018265769	0.211966987820151
-0.70426070335649	0.439740413103807
-1.90632118274281	1.25404276594502
-0.831729684733523	0.71812605167868
-0.142749181570139	0.102651138819334
-0.147669172812107	0.0824686221646242
-0.424788518728234	0.322617401910346
-0.31975807661441	0.196947634479215
-0.0655661945400383	0.032710845937303
-0.311275705147265	0.192904392917958
-0.244843063260966	0.128718810092659
-1.1549888192481	1.26193088329991
0.0137703003203549	0.00785010105625529
-0.186933096299696	0.119178672372546
-0.564670675370743	0.442839227815542
0.137972901814634	0.0899766107908491
-0.421347238400296	0.317062597098652
-0.775715760097257	0.499747370904602
-0.688699381230497	0.617652087750561
0.63948507492585	0.506751588922241
-1.51347793890829	1.12061960855372
-0.993724685125181	0.674040434942058
-0.849252711229078	0.613380566386794
-1.89450655785746	1.85354894677109
-0.585837264613978	0.434296558928606
0.354691090601831	0.258031715355859
-0.138919504024351	0.0891223571466168
-1.2488302858486	0.956455963427398
-0.870386306423771	0.707580329456889
-0.59992091078654	0.422297894545182
-2.51881094856053	1.55958956215776
-0.807248929217711	0.497709336132435
-1.89236978140594	1.26297549066118
0.333155124733804	0.176671415515719
-2.49582076805792	0.739355067527278
-1.46662015104824	0.5566905814438
-0.228215235522945	0.110441346059199
-1.14908462610209	0.858562342798509
-1.00311199195236	0.577419075032103
-0.611271886781498	0.320306852992334
0.253901286754311	0.124935312475235
-0.174953372302676	0.0908430531658875
0.0183116812736673	0.00979946531816791
-0.13314007404931	0.0824353642993167
0.572885070862332	0.471068158980822
1.06569393215325	0.902073911638692
-0.599996775675075	0.446306046717263
-0.525655221689293	0.364647193228559
-0.0562235592906462	0.0284845050833624
-1.08717755863085	1.20152538338174
0.328679167464697	0.217635489736677
-0.0862190004687918	0.0410593541281292
-1.13859268695278	1.30812341062656
-0.908635982852763	0.793194601269845
-0.250275682528618	0.202463143838186
-1.81497741580103	1.59151610442944
-0.0841335638622524	0.0400820291434494
0.0165549612832179	0.00674401390557129
-0.41719658519685	0.201606439603523
-0.726852955542665	0.41240534289374
-0.37007285734504	0.237868414637854
-0.73627885635623	0.583351394542913
-1.08512218899835	0.642347836803997
0.324590654899184	0.206327835739819
-0.116211797596491	0.0500681807724935
-0.977168697347037	0.740193216800586
-0.770953055330193	0.522731097518949
-1.31891284437264	0.68600347892814
-0.150734360298708	0.080708524599239
-1.9509213427966	1.88398007866166
-0.229118253235017	0.13247191713029
-0.38803343253304	0.26045222500656
0.281273549400757	0.178122487481087
-1.43664595296656	1.50894435801635
-0.616427753218861	0.472009269357222
-0.741051412777451	0.62158816918669
-0.780130465683004	0.524853290764118
-0.34750621770043	0.252019435587672
-0.52880494186298	0.269647624258259
-0.0532287502589243	0.0308692421365463
-0.714132021624832	0.432687950165449
0.877056025692956	0.341417439858904
-0.668570984844142	0.325446211545486
0.0991059863011712	0.0506230528394306
1.08461420448018	0.702172981178586
0.834773080057185	0.605271823044433
-1.12526961723661	0.787999090611712
-1.29182360014174	0.456344981869359
0.654298721210688	0.410107347786389
-0.9607452565765	0.648334970736591
0.676571638943095	0.37232704706412
-0.820848298376308	0.497500522299025
-0.409058858292106	0.162626527644789
0.521895201834707	0.382150570116893
-0.442209980181122	0.273923550973997
-0.522994698885563	0.379325346409183
-1.17140101888883	1.05249657161007
-0.409548362006578	0.240638039166767
-0.249944382729753	0.119303292815886
-0.647308005611299	0.640723654499565
-0.44123569612986	0.353713418599055
-1.07882023897475	1.12475762080904
0.175066423057602	0.130099965432117
-0.251965049909164	0.135811321521186
-0.534588232688283	0.237648730732093
-0.589043083982644	0.360370530171605
-0.775472139056064	0.38921885809334
-1.00092544563504	0.556082929481015
0.14110621349897	0.0612503575120079
-1.05712606940195	0.47700328286015
0.289178554882156	0.130309975796607
-2.01869964251696	0.976172518002037
-0.251694228744644	0.0943163912764297
-0.690473390737879	0.325973586534609
-1.42642198481113	1.05099262183448
-1.71304657756191	1.12193429934104
-1.26663449972871	0.861489962662798
-0.402351256023376	0.209485961864153
-0.152825886930363	0.0751141093157882
-0.148807707561119	0.0865768586899702
-0.508940632518004	0.259120563931156
-1.06375082753679	0.726899349245811
-1.79629025896342	1.23749951396984
-2.62697855543625	1.6715883611379
0.552728312940146	0.204858330511584
-2.498964405108	0.767925687647617
-3.51564280032336	1.37231939594184
0.887624210097202	0.542253070225081
0.54617207153938	0.292781597763441
-0.0964567627966981	0.0333689253293212
0.485312701344899	0.197035407706439
0.594144763957775	0.350773707419432
-0.163191474228705	0.0675561018339133
1.05281434486444	0.614151761743105
-0.667820518373582	0.323862942158046
1.20328566726802	1.17027813039142
1.08851149777769	0.855402351603329
-2.5108570486093	1.58633172824403
-0.422765314905277	0.252036122097409
-1.62257714948455	0.984681199953613
0.0192277216229115	0.00906361378963459
0.795858816471087	0.399741487061622
-0.516541490229006	0.26013195550519
-2.12052096630521	1.67102113020374
-0.225567350395675	0.137914410214391
0.0945042101769034	0.0451602677150596
-1.05740144015995	0.840237485934953
-1.31237596785539	0.863910524563415
-1.04328904812336	0.717802512524122
-0.360060665011206	0.21101087666149
-0.512727099531422	0.293311145484437
-1.07078210760066	0.75659090429704
-4.20913823653273	2.02728484847108
-0.989988004322336	0.56497876158373
-0.285395281468715	0.158423783884794
-0.415985264908164	0.220229827045032
-1.26948092686524	0.979918619737179
-0.786556640333798	0.407214711058548
0.635412849563396	0.502587748545381
-0.432456749216372	0.192942126297743
-0.687732533752298	0.52552629375748
-2.53503892710289	1.64689611080656
-0.962603735963602	0.643168428714234
-0.407965090263937	0.219147960730577
-0.278501935127565	0.150384449423229
-1.45292706969866	1.04646677496396
0.0289040251734411	0.0145603558869357
-1.20061307628196	0.595987320287823
-0.836634894627274	0.257543939751531
1.25923409305601	0.710323522666598
-1.09741176104775	0.651170477918334
0.736525104959701	0.449977018872656
2.74151762293376	3.2004436172161
0.00938802960038609	0.00407436214619784
-1.36673682625213	0.934636180749181
1.7850807082783	2.18685390521198
0.172934438514824	0.109402515119408
-0.24368965721966	0.1419339503294
-0.227559400417934	0.129744012260142
-0.596430160198759	0.398671433946325
-0.61256381529765	0.413140395002785
1.19763830316026	1.15096721717263
-0.105372288068569	0.0698202799606633
-1.19560163048127	0.954758397728005
0.0995713287258277	0.0499571428567856
-0.591781821407107	0.393270065112254
-0.885464128235325	0.818474109982325
-0.879922346137543	0.886218288308616
-0.527522665831861	0.379202554341441
-1.69938300933851	1.45693640591264
-1.20632012035102	0.909027882625493
-0.975031644868043	0.643697923839265
0.026828317956812	0.0135693455598471
-0.22440824172857	0.135908611058012
-2.34584907295015	2.12675465408491
0.702769510307292	0.374205356271729
-0.706313892353702	0.40579751703017
-0.142831452166157	0.0786290448748042
-0.976600963067027	0.654000496656153
-0.600725158999062	0.392907501109624
-1.41306238837564	1.24979888407655
-0.749303385990777	0.556123578885029
-0.966896215210419	0.639046300365695
-0.379041726107817	0.260578026376199
0.122377628416693	0.0773988881954752
-1.42233768745949	1.05821411743949
-2.83242428002433	2.03872962831634
-0.212524190771648	0.102789653762069
0.770577630393653	0.625467382671267
-0.846840903415251	0.728556374381675
-0.983610667427891	0.549146390742821
-3.83262556487914	1.62926501765094
0.329414764622806	0.0965032236713675
-3.67542911223521	1.5080288603743
-1.61175011264493	0.661068501756443
-0.27876832566215	0.124935806039201
-2.1008347262381	1.68304176580062
0.796569549658446	0.39597565848861
-1.09562083584949	0.682412622609567
0.405420300347057	0.180857801059071
-0.0697814891123819	0.0361357523997936
-0.579900679953761	0.386790303424769
-0.87020891599653	0.757915981849482
-1.18389414455974	1.02299558511507
-1.65105642929941	1.40569295387379
-1.87377450714534	1.70770495647297
-0.252329299565619	0.188850886843648
-1.19253746594513	0.59875846578535
-1.61026991368967	0.985617273802715
-0.686479774268328	0.459288473331036
-1.05242362568876	0.838508536275385
-0.590487547184232	0.477383259122458
-1.28758831545415	1.62244288176854
-1.18998542018579	1.05895083127399
-0.584483007548596	0.385525897622462
-0.818986445153515	0.640466732593457
-1.19675408746095	0.71464100281032
-0.140906799617458	0.0838280293040274
0.485284283815289	0.276086128977637
-0.783092993094145	0.374753014725687
0.584602718977409	0.376875656789345
-0.538801505566694	0.26979674529024
0.798385381084934	0.517487179356917
-0.670840012724735	0.456981432565462
-0.309383950271274	0.154345287080072
-0.17816303592918	0.0897303812917656
-1.2942898429447	0.813943005450476
-0.360653743424206	0.208322931934842
-0.635069098164945	0.462635031061655
-0.334715069781928	0.18744944618222
-2.38969931190432	2.1856226686963
-0.117209202249731	0.0517921867457284
-0.168750081158265	0.0904337086070526
-1.69163534427792	1.06915616033758
-1.25920808440118	1.0029992569694
-0.677329245485405	0.438869061076915
0.61378572622017	0.303899542033803
-2.82570625121832	0.918479199567565
-0.943811087564307	0.402669177067316
0.0276472030623493	0.0113996064432042
0.255601944119988	0.108841902274293
1.07376014706064	0.704694136189031
1.26548753789328	0.904553486751681
1.46921525158423	1.09236306085051
1.4492853539249	1.468892193707
0.135545428412807	0.0731995558209192
-0.529335591996391	0.272346266220378
-0.51880399803131	0.383337083591053
-0.103725285420158	0.0465768745062287
-0.818955329116959	0.510960945840498
-0.00568507709092586	0.0026081884024678
-0.0329558436746021	0.0174780366221132
-0.234027656582549	0.139032629030185
-0.153424854705493	0.0620122213349441
-0.77693741660663	0.544254568281158
0.138602148194655	0.0865265413616443
-0.173774071151027	0.0878210889384108
-0.227669934137966	0.15102873203597
-0.838466758479851	0.81924095067503
0.594102420148007	0.410916596908972
-0.948401026476416	0.910699580650393
-0.650277144484331	0.441834995562197
-0.727145237719584	0.406937914749989
-0.912021323718489	0.676223668713494
-0.0488624330412681	0.0250758517324079
-0.0808753443521659	0.0382410013390734
-0.635158589151163	0.329832149797675
-0.0551413651939251	0.0280017428982956
-0.338015380648553	0.244167639423884
0.023557975295294	0.00980669835619409
-0.103223548033688	0.0561501341462853
-0.136151062491342	0.0766066386983411
-0.727477282316911	0.537141626093714
-0.519472932456727	0.29661039274344
-0.0401800676052379	0.0201177253130793
0.476832590903297	0.31568694048882
-0.740907200818566	0.619485726354324
-0.19894302522673	0.127288170119164
-1.055120913418	0.832083250093321
-0.97944542647351	0.660821954313077
-0.0397419578509703	0.0214389368636213
-0.806387999370532	0.617029105427774
-0.272232047923892	0.103650642984226
-0.828502094065778	0.25094168663078
1.62300636560914	0.915748869788485
0.126360552238603	0.0591474670282583
0.391760750421113	0.204956212522062
0.155702936619735	0.0714399337557101
0.365396829950665	0.233170539924462
-0.672030319609124	0.526331626065327
0.659485934720916	0.56025643567931
-0.137792972403029	0.0844374664993822
0.0107575247501994	0.00563992766251592
0.384541982795472	0.279188413124888
-0.12870897308748	0.0768372892329058
-1.09239514652087	0.932529123920393
0.178950419397494	0.10898294963696
-0.554000875860689	0.496201680681673
-0.58997705988101	0.412338843861654
-2.84819588534443	3.2924298881662
-1.13688789648339	0.868819423598114
-1.09789741373722	0.941329822627484
-0.410701196485459	0.38146585160737
-0.764340375806586	0.756840992686014
0.402537579014686	0.315858574484783
-0.960785844629502	0.717101897049984
-0.389605149790615	0.25678857406274
-1.24367237546807	1.14851315386412
-0.546568853961322	0.374371723041896
0.138174589982753	0.0705961152764362
-0.610171724868961	0.368312712917965
-0.354238347200686	0.197516253909847
0.131739347584242	0.0664839076664212
-0.149001914622733	0.062093117314833
-1.05479832270952	0.866911060556704
0.209430554287006	0.126941766409924
-0.595391134329478	0.478295784562375
-1.78705884792977	1.95840172220962
0.577005223156494	0.468876950792099
-1.50114247975538	1.18020775244709
0.749168651673319	0.774246114803825
-0.508512605734371	0.386651673614192
0.114258930283524	0.0742516506202007
-1.47836441510189	1.49266192115426
-1.02394751308404	0.695176686358415
-1.51223014700574	1.17314143755767
-0.158984400650874	0.0803208602603155
0.0994151094845034	0.0583089094084401
0.012748608316778	0.00619715140886655
0.325117911102895	0.0916937982959865
0.00988398501533402	0.00269365248353356
1.24586928109018	1.07393302986207
-1.42498937129658	1.03679232315903
-1.51366002382164	0.88897316431556
-0.173558384981732	0.0887677600425045
-0.0962496119282699	0.0431112979961121
-0.558185576791391	0.251361482754818
-0.419691983757342	0.230275709129342
0.00923323272573099	0.00378042503146893
-0.281981329819582	0.124070921902843
0.130098216171963	0.0749296616006632
0.515905295419698	0.315746430359244
-0.839257971997479	0.666775364534108
-0.277288561197434	0.152706250124737
-0.427802839674587	0.235150217782091
-0.87654218971653	0.54149715753386
-0.280525193994634	0.188018201581396
-0.0251203268619857	0.0143255649538854
-0.0755595631755444	0.0446613542014149
-0.739814463127253	0.776690320244963
-0.223856866177543	0.106469692004422
-0.251916570124767	0.143722983148937
0.565172100850529	0.44660373400206
-1.65857320371282	1.31652644690627
-0.442285114371193	0.279194334709205
0.0415315165043975	0.0208957102724621
-0.907572975883753	0.900699908449469
-1.3488867722414	1.10881684320317
-0.500058266393314	0.274717508522575
-0.0638333518223364	0.0368000634766756
0.275316561176118	0.131642200257258
-0.996319106090374	0.747672787232495
-1.22525550860524	1.27321844256475
0.0595883239327514	0.0354601725162236
-0.897128910481075	0.646259753476547
-1.07626194796391	1.1179427276878
-0.732411450054483	0.485177591626241
-0.598185919992534	0.397941011127272
-1.44566715792109	1.04739208890309
0.969856931815071	0.44439372627545
-0.282583791238257	0.153250749335277
0.934428453276626	0.639647763018866
0.693604980961551	0.370852809997068
-2.83249128745503	0.934154025578548
-0.820394599630487	0.486153825071562
-0.145800779978812	0.0799288211749674
-0.421436100330146	0.256967944149475
-0.770241474410991	0.523502521114422
0.414673560550601	0.243981917219602
0.0290554968550507	0.0142736916100026
-0.793819432373623	0.565871995764584
0.0824314613172067	0.0549733066639008
-1.11487929521208	0.960016276726408
-0.277091085152746	0.194905584872433
-0.77196142198693	0.570720393785939
-0.56502185943759	0.428787370212515
-0.659602428174687	0.565633463179109
-2.65535708349081	2.86031839284736
0.255736616505786	0.179559630315988
-0.574947768820964	0.408924238228656
-0.674361435084899	0.71110423236662
0.0262163820589276	0.0163456609487921
-1.20577885455959	1.0704294092985
-1.25187929877166	0.808087790598047
-1.27843430309456	0.83619874601149
-0.437397896503193	0.226434122652453
-0.521810219448667	0.291096394404387
-0.443301958473786	0.264528153436767
-0.290683837331744	0.147574150937216
-0.0507376086798631	0.0276323046409013
-0.536315604598773	0.27454852108557
0.272207382699645	0.17096388134048
0.3282699330626	0.270643128388536
-0.756017309648251	0.58117215885446
-0.22770788502986	0.13292141172449
0.518423943221787	0.381348166832352
-0.0345744372049375	0.0187846381500087
-0.577433592482738	0.389261471591281
-0.212725641148833	0.119581728754133
-1.51757178069728	1.31990827312843
0.0167987856060821	0.00924864944456051
0.0201550720147466	0.00800196137407752
-0.280312221094857	0.151867602604469
-1.18738030623415	0.572681595708857
-0.309280103031613	0.185497347398848
0.257555157743474	0.134718915294261
0.283611286185438	0.174305596563959
0.516894775450155	0.364631740934272
0.0363813315889403	0.0195753049388005
-0.0194900114395093	0.00744831038018847
-0.032624359451316	0.0168387661089902
-2.1684429566047	1.81716092385672
0.136106433385066	0.0931920291071831
0.106647265539998	0.0616071437209161
-1.2207264634169	0.949930358632073
0.526710869724541	0.378191202134277
-1.09684892742001	0.669882209061337
0.649906428044272	0.427203136753208
-2.60451166096233	1.75610383922241
-1.48418520231466	1.09125054439243
-1.81651284275586	1.59234603697659
-0.13915123826206	0.080628664824551
-0.816563312343422	0.556020337356923
-0.196716957882325	0.119630489997485
-0.425179193763214	0.224698070126247
-0.209739851566446	0.10030043269714
0.798521823630462	0.58283267268937
-0.880630708918331	0.578118569620924
-0.414406241402387	0.281164794913986
-0.882096355780191	0.69757815520277
0.439436335466354	0.327763423497613
-0.575426353206008	0.344654579783004
0.0382294985805192	0.0201327929247407
-0.31763400559794	0.247433115410671
-0.083088432277026	0.0416935764981215
-0.9956422708182	0.744195337670521
-2.50851589046537	1.58479079028914
-1.79913738788293	1.22858442732025
-0.43135450114416	0.234586101632651
-0.837980270991306	0.253674993229383
-1.0832291967486	0.500142955976472
-1.20162442287396	0.954345852028513
0.12419168770669	0.0636744014912638
-1.60866356305785	1.26128362520136
0.842805054787908	0.803939260298715
1.46921525158423	1.09236306085051
-0.512775229091613	0.328526579960446
-1.0662693062272	0.769018796048704
0.283005599202235	0.196868109076748
-0.0249644157329266	0.0143489940423381
-0.168423751943741	0.112188181404536
-0.64944917363312	0.459885272502431
-0.285627971082072	0.187714336892519
-1.53412142291619	1.9423689382999
-1.14762123741887	0.964682456802471
-0.851774740920554	0.62755366854501
-0.821385217931194	0.765185432935632
0.0160433677256266	0.00882740422026945
-1.40735429931492	0.989274576290829
-1.1888918129795	0.910518140634017
-0.35145985111444	0.236563025149252
-0.773512075182482	0.581957158520406
0.2265585612096	0.13984945145087
-1.49925480504579	1.10386112657507
-0.521311656690284	0.386027649398612
-0.856013937963291	0.672359776106493
-0.724781870251587	0.631222062505428
-1.10926048405737	0.917952317638864
-1.9840396821403	2.30292138968061
-0.0545887374353363	0.0256682018601378
0.459503076249588	0.340527284844353
0.535556139923653	0.290740089608045
-1.93427453230256	1.3742466346851
0.300202685203077	0.10722123906898
-0.100630873298134	0.0231392113137372
-0.870328566158629	0.619120832050065
-0.356444282821272	0.204302129435712
0.478761818021936	0.43122031551162
-1.06116650286217	0.734548912986622
-0.401274561045573	0.193424162451391
0.0212152256026538	0.00981749420620409
-0.729233192955457	0.634381405452842
-0.82699071892315	0.631084628458338
-0.592729551028326	0.410284590550718
-0.633158085443151	0.438284091141261
-0.931403352990923	0.936008228122463
-0.843834716252566	0.590717412902485
-0.765903321749878	0.716253916670161
-0.403660881759583	0.218659748019266
-0.887570396692574	0.573005886522974
-0.758548673748848	0.524016097298641
0.288131924551444	0.129498213875798
-0.346427579789964	0.211191436242824
-0.0617204954467639	0.032877311934681
-0.49132588453344	0.278612622171889
0.479364647090826	0.316624406904349
-0.581881878380976	0.342495101288847
-0.506972111697448	0.44753860666567
-0.0624919786069262	0.0394874377530854
0.238215839732039	0.151693762212001
0.37109249318467	0.243075321688831
-1.0049320137708	0.555548134043703
0.2462111072799	0.121963425558047
-2.11963914815009	1.64079202477973
-0.681462752362133	0.32859089623364
-0.788737275359416	0.599613600406446
-1.42924406531906	1.64933383997318
-0.257463259042583	0.13662648405028
-1.43299171669249	1.19378298301621
-1.32548998204259	1.04273740394219
-0.340220967033317	0.19784847893222
-0.975812537179979	0.665245564776989
-1.50294171577362	1.64206090802491
-0.811217083376397	0.659519995440993
-0.879626618448624	0.44593488258461
-0.454734877376745	0.313364353437605
-1.70330515411685	1.13321671337759
-1.52211979590075	0.897254859384157
-1.19898342822112	0.758518855907497
-0.28492794665143	0.169527959548262
0.0854680917120626	0.054340704818781
-0.500520911102011	0.283183549663524
-0.246673936293167	0.132194048765943
-0.75912642435842	0.549171936474678
-0.695367048534429	0.559707084286642
0.140026220507753	0.0624943847623195
-0.970907768935567	0.646881182732328
-0.118528629508161	0.0722250699060796
-0.823936513893928	0.561552532944485
-4.51303993549293	2.42173958099587
-0.829369965901945	0.248779369121827
-0.256403687329997	0.136927597847312
-0.886790034301735	0.484550001187546
-0.151847765000144	0.0809587363263148
-1.08397175802887	0.701073325236858
-0.222658267138167	0.127499480978894
-0.663884855024853	0.478315153610033
-0.834208784905003	0.658145267954474
-1.05080080430458	0.764057061850039
-1.51295647083533	1.16541852427469
-0.582115578667255	0.351951129954579
-2.16116294133016	1.81018942547791
-1.03179083730827	1.02048843443404
-0.290924019321181	0.200960320952036
-0.443902137929011	0.329525480534897
-0.215046070523508	0.121238066505834
-1.24726719784282	0.92625571539141
-0.907350436158621	0.546786043141325
0.0528353390634722	0.0257044565532021
0.186067356073498	0.103498764197699
-1.41943024309841	1.30106368130549
-1.94364819141687	1.43973948634983
-0.898061105137026	0.689192191240489
-0.879239716433327	0.575342901800426
-0.799509337535215	0.475669440310287
-2.05314601736911	0.57654870638546
-0.448838366264224	0.273206494499088
-1.03892797122685	0.815577796679065
-1.11538699323326	0.653359071056909
-1.29181010515094	0.837231572026198
-1.78608856440909	1.13793502394267
-0.517857197809475	0.328062696816156
-0.904899632759293	0.502169003486706
-1.97047395173808	1.96832604654733
-0.0665406546947801	0.035674808928131
-1.29864047152824	0.654542010489292
-0.487450040843243	0.296620441443108
-0.715398576764355	0.411489435684293
0.396011565056599	0.201648486203059
-1.06049819884743	0.733652084239328
-1.32511927997725	0.708073156538311
-0.529387703659607	0.298161443935665
-4.4290473456658	2.15525263733253
-2.8648992924826	2.08464497491748
-2.67372395541621	1.79590239313344
-0.448793034199427	0.279597286770525
0.0383399119607721	0.0200633466726812
0.306235216044294	0.180595003259604
-0.775809684071579	0.386363920189064
-0.346056859027759	0.171662861703837
-0.714524194403388	0.413629712498424
-1.01508707539681	0.5596298533359
-2.52510370457301	1.6355407137748
-1.07155805864348	0.476290210351116
-1.33305931208266	0.868479270758554
0.551395870645029	0.415243445164674
-0.434287643209659	0.267154331101351
-0.707925028867277	0.478761848389939
-1.71999430907621	1.47272911142722
-0.525405265641249	0.264892546340735
-0.425240060048007	0.261563894183125
-0.803843910701417	0.324980435724606
-2.03116552773784	1.03364522878992
-0.693566431636858	0.332270174274972
-1.29649287501887	0.448988070737706
-1.09593649821497	0.672297090174866
0.777503871452854	0.524707117305409
-0.208395445603406	0.0967772260869635
-0.999254811610418	0.56126619323326
-1.28294379576949	0.463636792257058
-1.40699060051779	0.769539980886108
-1.20470200684151	0.761263108930243
-0.0817234151317085	0.0442401167509432
-0.401616601363136	0.190711494315419
-0.724286624427272	0.420021579815684
-0.528295413833528	0.268151986880286
-0.89495151886574	0.474997273521055
-1.07631877177279	0.650707065594015
0.010303044191885	0.00527016738727571
-1.32063700866047	1.25902449653289
-1.16929037914479	0.747351891419969
-1.1116286863541	0.835631693294545
-0.4279929610706	0.265368770878521
-0.315459714082149	0.16512211705552
-0.964750611778142	0.804173464958677
0.570254732213153	0.313030531228632
-1.06600843425924	0.507912566518104
-0.895731807378325	0.483212877056986
-0.987978036177824	0.656807752645715
0.723288250242524	0.548374070908067
-0.748760825148731	0.59181135379986
-1.32841889181537	0.872641407979826
-1.72126805106599	1.10169607132335
-1.43402819997497	0.794643695134787
-1.92846521937477	1.35281769936985
-0.343364137883138	0.195219183052014
-1.28254002643	0.863242051688544
-2.43123777813496	1.49979721475498
-1.42709929968359	1.05278699843879
