x	y
0.0939075157590234	0.053993842065997
0.417297377605814	0.279751124756551
0.42404874190124	0.195031177359292
0.295402811754509	0.172655332736498
0.385419902640946	0.190867412468502
0.779769299239074	0.509543710477303
1.37380013949231	1.24322933464012
0.340180477018474	0.183148541406782
0.269461290097943	0.131533689341317
0.00672755391275565	0.00345966611011541
0.0375500218788006	0.0207199930995735
0.971422289366758	0.938185173507339
0.308257514472998	0.23582448725827
0.486625028265864	0.281983660737159
-0.0767582014298382	0.0355154452357054
0.902197768481047	0.556653739526047
-0.0604105516097513	0.0327100756255274
0.607071289744292	0.477610285928121
-0.0369913424047761	0.0197841961510192
-0.769920520263365	0.491690758786524
0.324133641331061	0.193532401579812
-0.0124871430087907	0.00497855667873949
0.260810473156942	0.157408494033756
-0.00724899048654619	0.00304855127367239
-0.642745834290369	0.230189719166002
-0.37553653060716	0.211308847919349
1.62528901813427	1.30367877758732
1.20929881398273	1.16120089100312
0.672847169361203	0.521011687054754
0.537614154861901	0.416814704467912
0.117840027336264	0.0486056395804481
-0.355337458043137	0.207551993057793
-0.403104256808488	0.190930720969888
0.803537412059536	0.40774694925943
-0.34510364203375	0.193983984077147
0.376249796631579	0.235979724720415
0.529359304807478	0.340516441447995
0.699164911644062	0.768460167189056
-0.29386636615956	0.180065305574893
0.383007255503311	0.248231617187945
-0.166120228619709	0.108065899854748
0.12670201974746	0.0498448832056386
0.380334799838063	0.28339543115562
0.952977312665226	0.739526524991214
0.211927035912809	0.109827979423412
0.688265742620243	0.612503266515417
0.941850203224314	0.997965707043057
0.942622028467998	0.653983708330744
1.09456232406696	0.946208631303511
0.225113732136237	0.142758541928175
-0.344383314517962	0.191342659987445
-0.017927334637246	0.00688138203442067
-0.896706110001818	0.485972170845575
1.52458680809001	1.41249999075386
-0.505583585753383	0.259857403309021
0.137405978014112	0.0715541808461986
-0.0558486846239364	0.032067843519429
-0.405015967987027	0.210555558650329
1.07800627304286	0.611684869697088
0.929847082861158	0.655047512975267
1.26288348413801	0.891802166232094
1.344257398939	1.30982151701166
-2.32845179986543	2.01692071123413
-1.43484661242596	1.08149249361054
0.43817340398011	0.209447765645291
-0.510448850609485	0.263040681586932
0.248816238291787	0.131559663793056
0.39737076842723	0.207010559822603
-2.54582040328486	1.59058306270007
0.671906181042612	0.43032111810891
-0.974971283761315	0.64525592304736
0.968197149603282	0.82844316795585
0.134433197321118	0.0524819016851888
0.822478782020629	0.597859583184627
-0.134095616594278	0.0765155924390256
-0.698683984263596	0.391234167482073
0.149448025084555	0.070865595017501
1.19120055905064	1.21962755067657
-0.658821876037889	0.306801038683943
-0.176663807825181	0.0915625258645309
-0.799196109064098	0.483556156565938
-0.530200348575995	0.375683148601571
0.86180659567586	0.482384291796636
-0.104510640738349	0.0592356795249035
0.150497156147344	0.0727652267378283
0.212445809912191	0.121687854288213
0.0390162349759874	0.0189233393130966
0.246674064846449	0.13355071567978
0.158391733308529	0.0745381349392711
-0.114856623878152	0.0685082693160349
-0.131129648013495	0.070154662161818
0.441273135606237	0.206501591090113
-0.529569933822669	0.264316200519273
-1.51164584934259	0.869439748781051
1.8850777546606	1.16599893106396
-0.237240007616893	0.114650026360212
-0.377000786571122	0.240503213435685
-1.48210054049339	1.52003124657061
0.322375929874972	0.215469010807129
0.677903928980085	0.368302564268933
0.922062305930838	0.620286125689907
-0.519929854741103	0.298360767733237
0.14081425753425	0.0723185581367334
1.26254832682467	0.993579116660536
0.218911449328125	0.124606813391414
0.25115444660054	0.120919595555971
0.0617733453693061	0.0269881625131115
0.291690398209664	0.117729968618025
0.912152798892626	0.576846749667498
-0.271704306060673	0.101824008986171
0.531015595852575	0.285396853629123
0.523818285541717	0.272174515733824
0.700387657315012	0.490646841369416
0.322542668918269	0.189547563222367
0.253113847809494	0.134796611500803
0.910136876410465	0.691649145293599
0.697154951992974	0.491313335776695
0.304703322692279	0.201098960612083
0.117022515720383	0.0462573799956265
0.34468663270577	0.178953382625177
0.474655284329164	0.317796850344652
0.138106905104816	0.0732114787939508
-0.526928436210872	0.337171571946564
-1.16897491868112	1.31388004674097
0.227432151329049	0.131008695748193
1.08794848689018	0.835072074447405
-0.162172290586144	0.0650379555579242
1.7147003877079	1.68007073620046
0.762914481939078	0.497582353473323
0.134375291529421	0.0699357004272647
0.789989118319285	0.537233830180812
0.263045425670239	0.127069959479254
0.29258374454914	0.117241896014821
0.342573335568751	0.227404730451092
0.581981566666744	0.406433355770579
0.692981068901996	0.385261769925491
0.506600793855097	0.292205819596625
0.794061193333254	0.402806259448737
0.934745352447989	0.75349107659999
1.42962762025178	1.17600205697056
-0.0170097690119044	0.00640965267593025
-0.4006986992017	0.216791208178032
0.485941023671005	0.324641522589873
0.983530821086181	0.892682338005117
0.250487740294465	0.120078734891825
0.113539730050336	0.0424514536285981
-0.801892214096404	0.393455046497888
1.36388215131752	1.22851908139934
0.479009988043655	0.321493070043515
1.09332331538205	1.02884090330838
0.927682933542694	0.620991539535672
1.43908608126982	1.17714745270873
0.117472282893195	0.0464405751360317
0.25938647466588	0.12393981440893
0.0484989834750341	0.0236727567916666
-0.283465349583577	0.128193206442557
0.531611453968582	0.33300302433793
-0.426745025204787	0.257099005875699
0.65343682867045	0.430486781677864
-0.120492485450937	0.0675480591474442
1.38192352524709	0.445539230492256
0.305937094436119	0.109657015375102
-0.249039985541599	0.0761514362221208
-0.629402459532119	0.241710413150332
1.02145744510874	0.529668065400422
0.307701038430823	0.105535189836248
1.27961031471803	0.599998347667916
-1.88802438548092	0.877636928797057
-0.83757359279952	0.250025558200439
0.481052907273225	0.206055536336875
2.36279140256036	1.1440180558691
0.0826359688287636	0.0281433158874337
1.01403712798175	0.531372143051422
2.12288390529546	1.53273504821158
1.2942193630169	0.677797520185854
1.29540575123673	0.789192879110015
0.485144696834469	0.209774587988783
-0.0317679200931185	0.0118712685850127
0.818981960074798	0.394821403665549
1.29150256201791	0.675500600530243
1.87154888459303	1.54499674785052
0.894626407313412	0.577974035637106
0.39571719844144	0.200830606365001
0.528219375614586	0.280249855562778
-0.414930556313027	0.173749586604405
1.0874447730121	0.684267700703071
-0.41876116370471	0.25037141833386
0.528825210948402	0.276001688608486
-4.59582529286012	2.5555704249508
0.392138385769849	0.247587325112197
0.147246540576801	0.075578711812836
0.136913565763013	0.0658166716026239
-0.12196291771055	0.0509644421191676
1.46843909681058	1.06671866227938
0.249041318909287	0.134374351497523
0.147352682909807	0.0703301994887158
0.128917749394793	0.0699438568377462
0.539344944596679	0.286169438012572
0.00922581778612422	0.00388022360258661
0.388714523261818	0.195454096554135
-0.030819138579586	0.0114088539690424
0.298839891566103	0.107041545946093
0.179292699823952	0.107458979896487
0.0964488153004025	0.0359838868500697
0.822271973572828	0.587111185206826
-0.403808614177794	0.188440130831657
0.703057965788494	0.497670850315005
0.495435168147997	0.20755054045669
0.62266521905854	0.451598792967943
0.788301605862594	0.38572204253006
-0.989744527837916	0.553175531981806
0.517760255062277	0.365213096405395
-0.157519719634616	0.0786752177528449
-0.148992313934885	0.0617342048756007
0.135395217870966	0.0635251929902635
-0.0867360441749993	0.0413487744633946
0.211536806838053	0.124563571855409
1.07855202874117	0.754513788816149
0.437548958257838	0.208659755956165
0.313529051282798	0.176838564933903
0.164557263826286	0.0850576759003625
-0.667626285816084	0.475944625978856
0.736622370375947	0.59620445968391
-0.260543189378547	0.138975378280007
1.0879901112152	0.716158148083713
1.54927398992536	1.29677987711601
-0.398026903086644	0.188125605274414
0.315640270325261	0.18568167931021
-0.321162400915946	0.179795170666558
0.515676044685249	0.268318238739747
0.742919878715674	0.45590055814946
1.71889174351748	1.63522417910409
-0.127094531966255	0.0709765294698832
-0.411246230329507	0.224078577712611
-0.41185723374725	0.221055418613001
0.24654821237125	0.180681529215918
0.740502497116223	0.583817598087307
0.856151604396774	0.634675272073779
1.47940429422163	1.4498422752183
1.58039482287047	1.40183362423434
1.09430493873993	0.832565523958894
0.919965819259207	0.575516665835901
1.22317609899126	1.13408257125948
0.46102136232209	0.289482957714916
0.370717162612599	0.283549967227789
0.425059244346913	0.19791045576731
0.0206082815431176	0.0129379861857172
0.497192476107766	0.328981672818667
0.50726589491026	0.322002148844479
-0.508751575411496	0.259207310805916
0.798966129798715	0.548435896696197
-0.51102410207037	0.268607244362369
0.55796058069142	0.430946875729586
0.0344635867233041	0.0171229204292815
0.150285786765513	0.0781198252489448
1.08421355406055	1.03112006455185
0.138382206406492	0.0523786814966709
0.113279212782996	0.0629163283999759
0.893138373460604	0.571026120083236
-0.249529679541796	0.135230343312233
0.861588984186053	0.502473464418909
1.04595899051753	0.604982801902479
-1.02884969561506	0.680580156438115
1.26972632098307	0.895221974795599
0.932639410280439	0.682704082726457
0.608797897268675	0.293425796523144
0.799383133805401	0.526122514945109
0.848212072048198	0.669711333910312
0.906693794356716	0.573875824881857
0.902687920022797	0.581999370847901
-0.144238973482221	0.0790538976286536
1.05823146885502	0.78536486254378
-0.356963327078028	0.174342155181947
1.4799332141463	1.41552859447092
1.78287502245364	1.27664554024652
1.53562304155291	1.46861609372564
-1.05754412844546	0.727060201335548
1.39818105993057	1.23183940161277
-0.0930209200430015	0.032512379960197
0.887218602105412	0.326360741716084
-0.106183991627967	0.0465445173620113
-1.75276632603908	0.908023145359655
0.761802006978331	0.496718125933643
0.592402009636052	0.410800993442619
-0.0956609260577928	0.0215971171731289
0.862541842754776	0.495439522285586
0.28278381498882	0.17635508549928
0.6895625018868	0.386318767539194
0.390117517191936	0.205342381905884
0.338323511144903	0.183469741977562
0.856099437299671	0.672599264079871
0.798315097787542	0.391929921073955
0.26744222951168	0.118432328407633
1.07682753588908	0.71661230066989
0.642458035196711	0.469355121501074
1.33190818165355	1.36097247931201
0.226031871675996	0.117521800632535
0.970012472787454	0.881404791123189
0.251692393423633	0.136137736628156
1.62927789981401	1.38875903208042
0.54024671652735	0.337963148933657
0.358701856388188	0.189222941061352
-1.07776646133472	0.749867519870006
1.35745024170848	1.32367783875228
0.34979057270848	0.186585709999156
0.71904490311584	0.5433321249272
0.531490570093869	0.31957651188954
1.16953755071678	1.26677991531992
-0.80298688918143	0.473449039075226
0.742841062017581	0.460908948968008
0.745130846632315	0.610607548536149
-0.289888598303097	0.149816654734225
-0.148034802890899	0.0892086986196247
-0.0404966997299265	0.0202112177896513
-0.535467131356027	0.289358207004644
0.744129015545679	0.458521892596033
0.735360591931943	0.222702866639154
1.48030148278535	0.95762007969743
0.343883881333317	0.270249538313572
0.0537330452404079	0.0276308380710665
1.18033315618129	1.24849980341557
0.00622343377861657	0.00413165444689407
1.18874968483646	1.26201448605772
1.08200867047654	0.795300342235791
1.70781415566668	1.89524391111039
0.225344246734878	0.119648387736848
0.148315991388106	0.0713523349725096
-0.402286045982557	0.260474813861271
0.747247792785537	0.649496310359075
0.782346077816554	0.538979407177961
1.01835370108802	0.544024275506586
1.06897940984392	0.634202544990789
0.496147181533837	0.209590571808596
0.129375291221691	0.0677065216487113
0.597476499183912	0.355824476446767
-0.308776908393565	0.13571957482189
-0.235756809331476	0.074113881734835
1.05183405409452	0.618214820320476
-0.290581958359358	0.128646000781717
-4.30203013598193	2.06763622006294
-0.792565344082188	0.465904563407299
-0.410955597334565	0.187647143184885
0.626958514866077	0.364484582848182
0.877485930398228	0.342946519506239
-0.0906734305984962	0.0314938637935219
0.0104761463918136	0.00441772697627621
-2.01196865055935	1.00081146867237
0.0357800416526895	0.0179999621607415
-0.161969654202241	0.0678909168789632
0.0268361845447589	0.0125001994780258
1.27103790157883	0.986790101067169
0.736985789567362	0.567642912377392
0.936943217907321	0.741310823546669
0.932663647336814	0.646942012461958
0.698138840309057	0.503523476549598
1.37549411767927	1.2455065166269
0.938670246918821	0.665247529735943
1.64099378463634	1.36789355937724
1.62449365253697	1.31305246546028
0.868069669138662	0.493030305978025
0.496716114787927	0.201406822036444
1.07979305776639	0.721927380782466
0.0293118604364637	0.0118277451034494
0.799174939848357	0.398728163794842
0.734113622504438	0.442563561658702
0.529848829103324	0.339788345522859
0.51705548613058	0.35565486752498
0.598576704500196	0.295072931787565
0.382615543249533	0.196873680800882
0.840956094302054	0.665461113212801
1.27245568329216	0.9452894469152
-0.163870873034247	0.0842869912121068
-0.615641219343157	0.44460275323422
0.490692749341903	0.314356838915287
-0.33026774367282	0.204107823723909
0.267653794497293	0.182661828587856
-0.0507710348347576	0.0290299493957256
0.637385344827397	0.411327748600272
-0.592137451732435	0.346893945975289
-0.0144055372163728	0.00573104594551233
-0.540715729964948	0.389087330838646
-0.20795177419432	0.118689891232805
0.363271923127519	0.226493281145136
0.969353623646441	0.441558533787799
-1.42651732061646	0.795685276637463
0.473522842915751	0.321403402360262
0.965328017103667	0.946578398824672
-0.418599708511831	0.198500206376546
-0.697758203685466	0.396037768831586
0.949565823216631	0.892949075177672
0.412697598338321	0.25348761314469
0.55591719364495	0.448136174730004
0.31639789146455	0.209766893502175
0.288734858873635	0.179682514319495
0.418289296584451	0.340434063041219
0.380316681301636	0.245394679827708
0.541286929750471	0.412191809318183
1.67778322090324	2.28146511618995
0.777396858498669	0.700587452537084
0.556657013411196	0.461043430380401
0.115512421535368	0.0546009688326685
0.681600387450578	0.588299687577065
0.0352412298062004	0.0184048470076065
1.20859897844761	1.02821810632455
0.493313643972682	0.38632392661197
0.217522796961521	0.121046079173976
-0.14835542967134	0.0782339365387465
-0.534881236813087	0.271192904967332
0.775879430100895	0.514576328114776
1.23386723187997	1.06245435597444
1.27821904083636	1.39156309037356
0.564620791519398	0.428372358875397
0.771016783417709	0.735246273883562
1.25475729558656	0.978008066848968
0.451894907833541	0.334639350095255
-0.112804306624618	0.0683225323144761
0.254608935729899	0.119978060887109
-0.941896967358577	0.800250955066467
-1.20282435520568	0.597956016746747
-1.18906417997721	0.770138470829474
0.268738709334843	0.170485846121404
-1.72510609795987	1.12481110607355
-0.630879278516984	0.222788961648595
-0.546514047896864	0.24371683867647
1.40698222800238	1.56307681612862
-0.372199225435595	0.240373551720964
0.739713091215353	0.646758075215085
-0.329507532170516	0.203254262172794
0.468621149040748	0.31624217731376
-0.70472444148755	0.405296622329464
-0.451920113454128	0.28953990454598
0.657384532537532	0.417981806019531
0.693122774950589	0.511073619364414
-0.418378434041588	0.316733185136739
0.354177623379905	0.250829115804378
0.199017003818951	0.134887109345687
0.737822181376732	0.570926943781121
1.37379950298855	1.27254699647137
0.394725577363396	0.348486246296992
0.652511348070537	0.566501429728382
0.940697933403464	0.757493892278943
0.587543148186942	0.388927245080214
0.720716779616169	0.544246020981305
0.388637719902121	0.239186505314736
0.359686853034948	0.257035344333537
0.062930259205967	0.0304753344171131
-0.0640540845014758	0.0290822586739623
0.246470858824371	0.125616487325656
0.00650043451153528	0.00377547679299547
1.29535134930288	1.39759108957307
0.7270011093788	0.56399416247778
0.568251262855194	0.473566367377014
0.114744821908592	0.0622481396758202
0.621524692845953	0.509993275207312
1.21331604565895	1.18965926518151
0.670936016062239	0.607629969452469
0.256246799092649	0.185000690471373
0.105478707935043	0.0567636360652717
0.963513907917444	0.893035455549236
0.035260678299393	0.0188862098615305
1.13030059261506	1.24423987614629
-0.580026293674467	0.481810777049077
-0.115025788541702	0.0693242149280094
-0.312950416808775	0.160394890015866
0.855691380627615	0.671210325799161
-0.268877107253272	0.177182814866051
-1.20671141818926	1.05808964690399
0.796251293661067	0.548681662928797
0.096322043281912	0.0324150883622246
-0.00984729683559207	0.00407058009981842
0.0675020077770774	0.0396708412769394
-1.08900539399653	0.744550577517877
0.629275469999216	0.48820328948742
0.41947937422446	0.254247570651703
-0.406564663558166	0.27672195675764
-0.665803066263687	0.558211878412739
-0.137009691365668	0.0843837682279643
0.328457887792956	0.254008674744026
1.32141561207046	1.3956023244232
0.276233783875549	0.172713293229537
0.0705802519945771	0.038292497722098
0.666140833373615	0.561753568028144
0.211369342446448	0.15549999602769
0.509537966681192	0.433123852842931
0.551394301304131	0.408047656948053
0.788920705718722	0.890098328716158
0.269369093805036	0.205658868688343
-0.617027778398971	0.546332444674937
0.637064846886807	0.47881720575898
1.16629040117378	1.30739130386505
0.450715043716667	0.332769964203876
0.642626919626986	0.522916233439832
1.05357455754312	0.930140489313537
-0.402854808370948	0.208011048982495
0.0164490852243764	0.00735615191053709
-2.04795288086377	2.07797927329027
-0.370051761565453	0.263095011883976
0.0161191476262083	0.00877326659002442
1.20198274369253	1.16124711454369
0.436940710120099	0.269101512145777
-0.710572752419457	0.393413127220621
0.803886137261336	0.410021406425366
0.944599460468543	0.651512905604641
0.856728878986927	0.486903751408812
0.260865083461164	0.127508910803305
0.963779047777936	0.846442692539889
0.116083492734861	0.0537808223974482
0.133100392705089	0.0519527376995055
0.76704111809014	0.619890811987209
-0.797453194631843	0.413948350939834
-0.342285925340018	0.165907406434823
-0.409494132101779	0.194235086264371
-0.336211836377509	0.190182821808289
-0.418610351794245	0.204156887830324
0.90162108087372	0.566537406610278
-1.1906670677935	0.594156873451357
1.39253316011569	0.447615222737444
-2.83701082493837	0.917156293169085
0.759072361086635	0.452667072620471
-0.418218658716834	0.201346552716643
0.0431488233019465	0.0215440820065739
-0.715096528635104	0.404980783787734
-0.389002704354786	0.224608775913875
-0.514019668366767	0.253394296497493
-1.79856798144865	1.21234197810718
-0.340208555347964	0.198082889429654
0.435557386263613	0.266664830420544
1.03815511393874	0.541800852158481
0.150302871397627	0.0723334189910183
0.128918954204634	0.070905025041872
0.626612279651225	0.499342041235361
-0.6218191721201	0.418463259799241
0.467771469537011	0.349790571519353
0.355749779260981	0.198423096140266
0.583146761884775	0.5329702176288
0.293674724936899	0.167282581853272
1.08116701037981	0.843102334930427
0.926909718846461	0.650876384478621
1.06720146435933	0.635526318494845
0.253295814788631	0.136341840774092
-0.248588249362222	0.141626535896495
0.492880305445328	0.208245059210407
1.2323430432079	1.10944509387669
1.67379544653526	1.65871396175816
1.10582788135353	1.01540331673449
1.22649654119425	1.12090508494741
0.0313385076513268	0.0166816604490316
0.202773044127229	0.116478472167819
0.201198676171652	0.116048993684959
0.400590773312581	0.20242982062566
1.53748655314096	1.47005870270713
-1.51771223772675	0.870414564131227
-0.0421307029253626	0.0225342685178431
0.437436151908779	0.209830259816431
-1.40696934243662	0.78266204951153
-0.676356195930842	0.483054521750124
-1.28676067707191	1.06369256323503
-0.425348693975249	0.201020547596369
0.794784578538053	0.538820638015657
1.856367460825	2.17814211748206
1.26323641068127	0.995270869314942
-0.414217177515251	0.307052006065118
0.855608358285672	0.714215953149607
1.49550797384167	1.8092295620708
1.08230954115896	1.05944746928808
-0.21786211942471	0.133959418328097
0.495290001749038	0.408032355281573
0.254874579471167	0.124446142825509
0.378100429016961	0.311509277720874
-0.00291040911098762	0.00179353415735892
-0.61298378037447	0.330530475411377
0.406439449022185	0.279319457299143
0.599645027921295	0.285608486355456
-0.975099421377742	0.65700193974993
-0.0735296000628724	0.0342766060768937
-0.284346177877805	0.125686246697652
0.318539902136847	0.0939999634422529
0.927155658179423	0.634259242338942
0.974040841856122	0.795605341573247
0.854515384154836	0.671631379038854
0.672553618212857	0.445007227007877
-0.297949008779179	0.20769141244584
-0.981296784119272	0.688441156626695
0.00880996036403962	0.00477841991414924
0.701356263684859	0.667651757970099
-0.0572831782371463	0.029190535091698
-0.158466297386674	0.101511395299457
0.621896258020384	0.460366414859625
0.231424714917422	0.130722010627168
0.602252921761381	0.549951110795842
0.932519731644504	0.969705563691757
1.18968301685658	1.18762223928392
-0.300138547020624	0.180740918800604
1.09951024098054	1.07924114873647
-0.826017970217788	0.572893025327198
0.767884564511345	0.726562635651382
0.710479746870992	0.77156907261907
0.494834556470167	0.384448984434274
-0.443710153057507	0.352784739040593
-0.440699672457639	0.304843581695529
-0.285824059465932	0.171325594718076
0.282748985941386	0.207357917282955
0.634198493216896	0.498337549660612
0.0284325354465054	0.0135742204597447
0.288500034352247	0.18266176700794
1.37511147180328	1.81571269563141
1.22236484615747	1.19316699603748
0.902622641284209	0.986841342869116
0.737618399995181	0.62870769650279
0.153651762649678	0.112628571029059
-0.61118210545835	0.373054400486845
0.285348258344846	0.202288105119271
-0.0528709979257675	0.0304252815329623
-0.624812576712629	0.335964915740188
-0.156128025320217	0.0798464662720645
-1.397800092818	0.760192637204363
0.238146870017927	0.167736674774124
-0.063412587280277	0.0390469353955979
-0.423175050089214	0.293008723141074
-0.406187256166239	0.213500102181284
-0.277153902167446	0.148899965346337
-0.601579723374777	0.350363336627158
-0.0523927024630286	0.024322285962193
-2.02643032965294	1.04062514218028
-0.155872961008375	0.110371648063433
0.589358658266551	0.406696743421924
1.07932996228976	0.95638747402028
0.525748490801509	0.370441743279025
0.565838768357923	0.359545256795151
0.106092158899325	0.0617915999121656
0.266990266975576	0.13051604728284
0.255935026968646	0.181739477906635
0.199245908651574	0.129375077444892
0.0926517468589601	0.0538796520376293
0.123517433611592	0.0698658028089073
-0.0470633304463104	0.028891423719441
-0.690339426076928	0.596543674827472
0.0930338682193356	0.0564495534581099
0.331665668201233	0.19088564364316
0.227039881454687	0.173910984439917
0.248361122046637	0.159810518428512
0.0427755278882455	0.0210556654184969
-0.0216924207657961	0.00824457209462777
-1.48874046498956	1.26663828240756
-0.0627620774659782	0.0317655912995909
1.95561760939698	1.51854845573006
0.0983550481415305	0.0336114230903965
-0.826886475386905	0.250046085549171
1.45732799033707	1.51698777121343
1.86755928615435	2.37651235010068
0.316345351446416	0.187747983963856
-0.710761682871371	0.398198889670669
-0.447405396220956	0.274099732752939
0.527286654249879	0.336268764671685
-0.0658413515404868	0.0440727062179777
0.867149616136829	0.75107408554526
0.74180042365054	0.711733808419236
0.194705851387014	0.125939304815327
0.0202006379793696	0.0124806392002345
1.06026433586971	1.30452637067992
0.655240946034906	0.620434440935456
0.748370667062519	0.459284879048035
0.821732258480396	0.889409439005173
-0.251332133663072	0.194310738504145
1.2438210501486	1.37160004148382
-0.338769446454437	0.194991212962221
-0.816187636916938	1.0423216707586
-0.0677840136038695	0.0322149106146261
-0.265058632876638	0.163768182666167
-0.599852381211887	0.380810269573839
-0.125286789913414	0.0761667213901759
-0.302624408753161	0.227499382841756
0.94739584393346	0.960243422154548
1.75514108215765	1.95235364848711
0.355445913047494	0.248224384531424
0.12614653602821	0.0850299330349685
0.633485692151272	0.502605787593171
0.655289335222835	0.576213859230917
1.65363495598524	2.33270827608871
0.213210527812377	0.155794710711189
1.07437094379704	1.0447963360121
0.637008901678462	0.597205153773505
0.0926063416958609	0.0561857227764087
-0.181682744242755	0.114547066652567
-0.226821195635319	0.139790140473027
1.2506775661321	1.41276043881295
-0.231262037924262	0.133390740420125
-1.33917589289138	1.13248499647247
0.188010318862603	0.114605724353842
0.644860398953011	0.584563478346265
0.391708286392254	0.250472971476593
0.840398147691015	0.647567402447201
0.660035761419579	0.431233672011189
0.416199396559911	0.288068965159653
0.326352496472186	0.224333766309826
0.438922565520267	0.303792630670201
0.804581766678673	0.53162351378645
0.374393054071545	0.281543904046641
1.91246416173112	2.45738334870741
0.861219137867879	0.713933385614439
1.359138528866	1.18967479098959
0.420793240347509	0.25107882791399
0.988705333977327	1.12565476211803
0.250339723421173	0.131608844237509
0.759641388003754	0.622923544967058
0.359415066798825	0.286621994279033
0.293418149527173	0.214867567244414
0.801698952970789	0.526187622301015
0.599195449845793	0.513556874539819
1.08348811672294	0.845736374494442
0.947957336023354	0.930007172208849
0.448270820338488	0.247304673747886
1.10735864258618	0.966257529277842
-0.469009224931029	0.306858787071127
-0.0804105800550852	0.0403883338368107
-0.0226490436653529	0.0117245896647037
0.759649836541167	0.639708151958654
-0.209972251142585	0.129338733437266
-0.411706153132485	0.219976175791057
0.03335863105156	0.0166593975389534
0.548236861289864	0.336810490925327
0.100485878393205	0.0573876740959302
0.266581257598796	0.139192087545214
-0.188108909742077	0.118373785045238
-0.10748177636393	0.0598313194766606
2.42932384017052	2.41846590959071
0.326044131549766	0.0939437624922731
0.870666289908488	0.507743419325982
-0.565617902341924	0.43946566657536
0.408855078906198	0.314883501564646
0.937593558302033	0.648569612385889
-2.59069778407727	1.70619406066368
0.488825847364198	0.270142737662539
1.58168998802323	1.39829602894348
0.325935470628915	0.224437957812749
0.147456918196927	0.0748340814802758
0.273418967280118	0.213876593030829
-0.420762589227704	0.258135801035297
-0.0688990450589076	0.0359430677038844
0.0582648468534709	0.0347716104954216
0.974230769571115	0.997226961462742
0.751987527615806	0.462135852404188
1.42830935207174	1.14235153824225
0.645391755903013	0.499873361876965
0.653085589019155	0.62406112638933
0.86683390877676	0.861701392894323
-0.260353269450145	0.237651571988473
0.660021256949351	0.676847963176271
1.42357558734613	1.12212821214537
-0.757503061672685	0.61773427498841
-0.597962014092896	0.496378766295615
-0.42965462197028	0.248793034418947
-0.793185871491959	0.405401530130033
0.680246365685968	0.629585950502471
-0.276264209252842	0.2153393924384
0.641182578261616	0.52523745568433
0.267398356449266	0.118947560190307
0.937272790694792	0.690078946995824
0.493966170387001	0.349003613802691
1.54422301723319	1.69697311120387
0.353640018899404	0.221104413120368
0.969906617286859	0.895215342044747
1.37772560799998	1.5480218527237
1.05467096459483	1.0255994688607
1.2956851985296	0.686732470766349
0.463212145281965	0.441427307304646
0.350713910888566	0.236898785765014
0.774888898224076	0.781558145735918
0.479910159289368	0.47381424997777
0.65208391884696	0.616755050113765
0.257035408784314	0.17252641992755
0.542114332466747	0.561711546711795
-0.165288510815768	0.0846506379550111
0.388761360073192	0.247000838478906
0.310491762406718	0.172564196242569
-0.0570654063767563	0.0266481163173649
-0.201630805258255	0.138986909707696
-0.491009326706204	0.364621611772857
0.144558058516928	0.0733229759857617
1.59263698380944	1.67021527263975
0.15900583780704	0.109089822558488
1.70440380031874	1.20748310757476
-0.316874403961152	0.165252594215024
-0.383291547639999	0.173724004734511
0.3443388536447	0.191543961205904
0.851630672605079	0.742596044378325
1.08209815622278	1.00543029947009
0.67406197366609	0.607584611558818
1.54624249162114	2.01538076996746
1.0585810416471	1.1607130226309
0.579516068741324	0.505380097603605
0.506481837657563	0.474769890654331
0.267786734293476	0.187961550106544
0.539455522241727	0.335395307642945
0.395243944800275	0.232095198409869
0.530634745604417	0.281405381329636
0.812316503110687	0.601511903922876
1.69488874029409	1.99017448380057
-0.793328619790147	0.410783470408277
0.133329113921655	0.0718750518104887
-0.492725415393158	0.279272461313239
-0.403138300801271	0.260843104701233
0.67282788100938	0.426724527741691
-0.171278019993389	0.095803085976039
0.735208056718946	0.571165120658962
-0.756295098944303	0.538509138646095
0.020850489189453	0.0110249695968184
0.675910990388458	0.566928331315748
0.91288612936619	0.57159462511514
0.972119953829171	0.786551254676886
-0.424444759742216	0.234683779252066
-3.50923973767825	1.37307967191977
0.319781666217287	0.095251523392
-1.07812588832675	0.512516949702891
0.126912745256644	0.048496688810358
0.522658842621172	0.383008937508159
0.314977419237367	0.203310423708749
0.359740152496226	0.198866801435236
1.18397858597422	1.20601854001528
0.701352772970943	0.460759768685901
-0.698267515779556	0.484243104847527
0.388008096942938	0.328860648138798
1.11752056141277	1.2885760838324
0.599011941784738	0.523160315373598
0.552497776376973	0.43448015082474
0.718866681646587	0.738490934392475
0.965499881711786	0.95668373007197
0.0562402613434601	0.0343203525178304
0.467248461226004	0.261111987133469
-0.246395907991155	0.143113988897813
0.459649272447697	0.329296168176048
-0.631317952158961	0.346120736921675
-0.54331300327822	0.370370683251885
0.843530601269465	0.664414832762108
-0.164989740045386	0.0674729856857362
0.260982255067876	0.156817357269512
-0.963841440932127	0.655594570598871
-0.608069740793567	0.471624771254204
-0.724220799445973	0.534976189886749
-0.715812083105074	0.398304273354492
-0.356781158210763	0.279145888791368
-0.168962612215921	0.0670389655474349
1.15375038888907	1.19123101198107
0.940420194432866	0.642271544884249
1.08590199226722	0.952820543233099
0.530021876141504	0.33131970262645
0.113611541126175	0.0664076982922743
0.75015532350852	0.695743142226844
0.653137514839308	0.523746735314535
0.542523918461071	0.47303290650502
1.05999763924396	0.614778525979369
0.966563243120276	0.915167471199272
0.769269515794574	0.712904171811494
0.108148832249289	0.0611002476175283
0.456193613489428	0.354245248927409
-0.0383173573417268	0.0228293654560806
0.93793818332231	0.64270980077558
0.0393705421259468	0.0176973852970342
0.951210021551529	0.959150602791697
-1.26917327455263	0.818255449210363
0.17462349734939	0.106829415647358
-0.0753180769538585	0.0372012224888937
0.135407603095189	0.0767429824935795
0.527181702973701	0.278609065733036
-1.27158748930226	0.887733834027693
-0.161961003182435	0.0680406232235919
-0.327311983474459	0.169449030926263
-0.315491217518968	0.215125525743587
-1.30177456140549	0.689559144272369
-1.16334402375086	0.966738924098164
0.524527630603203	0.372702163077489
0.955812565419603	0.714561230196813
1.61959891612922	1.33612378528696
0.814812078114241	0.384713745999369
0.500605050191474	0.460067955016487
0.907724271116561	0.585553690887771
0.279165272658345	0.108433493703411
0.481692063628596	0.322002941356808
-0.70392829331489	0.510763044310213
-0.697219239746593	0.43503600003592
0.279830745109701	0.172664282628674
-0.170579323645517	0.0888809384986173
0.655655017904609	0.425535912707901
-0.788033408313203	0.38222301589297
-0.0874720511535035	0.0416659992554038
0.755171313501747	0.638911292647191
-1.19073913889623	0.58227190262409
0.738168744692479	0.561200209333166
-2.14006925370325	1.12385223881724
0.405209395494132	0.211182626509123
1.29382647568797	0.609719629250052
1.27655166903834	0.855487470196948
-0.903793791251622	0.487983749706949
0.659831962389727	0.426550622427465
1.38959217655995	1.27862292082586
0.200363754325709	0.118652824469422
0.669871501697584	0.422729933229379
-0.173523639379496	0.088956793126336
-0.0958409737532823	0.0436398816243591
1.62838377336495	1.32575223219261
0.962694520960602	0.886738386056309
0.728707418478909	0.400281174962226
0.554755042348739	0.440817458237036
0.620383820374771	0.451461752473622
0.336972066985594	0.225079844473712
1.26377403232641	0.93271090410837
-0.136593932439864	0.0782568763946382
-0.0576821540569242	0.0290898345719956
0.758751639889145	0.593409274136096
0.589264716460822	0.393928698563776
-0.847761812158121	0.603775023159709
1.52646086427378	1.7837860626377
0.302306121833172	0.13455189767213
0.0440817891732642	0.0220328883761418
0.113497462382974	0.0620771751284703
-0.143916500092105	0.0708606859419407
0.695832218190942	0.386979598939877
-0.590832401660909	0.451696025051954
0.296729698570714	0.199613810404918
0.974032591944975	0.843635519891626
0.40134998826979	0.256299425405132
-0.118791218443886	0.0523864912968015
1.20334042359983	1.15535979188807
0.477119103895048	0.279695455096018
-0.138754380606724	0.087652940893592
-0.660508041250174	0.47055251348832
1.06080362730751	1.07171695959672
-2.28142025202463	2.60344156422797
-0.142529740447601	0.0705524774993938
0.442674638700178	0.209208147474274
0.115910096491886	0.0441938714362403
-0.0450290330518594	0.023997325988596
0.4248170538463	0.292354147274885
1.07655480074378	1.41561897183472
0.891327488198171	1.12170506486551
0.451153519848543	0.25546037484587
0.374539920121892	0.290091772747046
-0.00709362413691121	0.00349160651400723
-0.489434440292264	0.314179849819806
0.226403905116788	0.129509692148305
0.495583590814327	0.381829986216655
1.44159390259474	1.17366362745535
-0.646017987545745	0.454632383507177
-0.128928887667194	0.0725653239248008
0.279029251850215	0.192081807759181
0.134673371927656	0.0537346291837482
0.440210309804111	0.340102089586393
0.140556964608135	0.0550337812067463
-0.277321536369732	0.101220999596476
-0.15393684376215	0.0631473724826869
-0.468996034080965	0.281605393068932
0.826116250393117	0.60335675005335
-0.122673702324775	0.0739477926060403
0.149633236492937	0.0726561676682654
0.480825215608563	0.204999816832357
0.502133982666314	0.357500061400383
1.23905304360515	1.07414286390949
0.135244316775966	0.0737981195446642
1.69732046735354	1.8611570824473
0.58347783603819	0.408667470128646
0.372273310954864	0.235084104157327
0.935550606563565	0.642726319330705
1.09220059715459	0.804815153483069
-0.759148870229239	0.515968320484972
-0.429348676900285	0.262899743599936
-0.407806721396532	0.190716903321637
0.79770551560855	0.548560927987851
-1.1185945965997	0.818250928256972
0.270938296298105	0.124437136982328
-0.606291312451973	0.37026910640033
0.775935132509076	0.516721950359108
0.107609366774938	0.0496515468436152
1.05149636051468	0.605846415943019
-0.896758560329633	0.495238732083227
-1.60185421637021	0.990099883034865
-1.37855256949683	0.369087290450251
-0.0827687501598301	0.0283492966671124
0.610149371792738	0.455283329214181
0.731918219154005	0.555084894519481
-0.161620243115125	0.0685199931323345
0.954255459133812	0.950436476695565
-0.471499697343632	0.283191772258399
-0.606846558306103	0.439335245791584
0.23736355504956	0.125073545306673
-0.0787553755487859	0.0403199087485057
-0.208649654692705	0.13448823490871
0.945819971390626	0.903386478759177
0.03487488502967	0.015824881846041
0.852237909584863	0.76164923656663
1.06416897835797	1.01749942101043
0.96961654956307	0.840884839875559
0.903655943107073	0.540009819592989
-0.241150287113076	0.139408337662495
-0.237349904750044	0.122415345814856
-0.353874105356376	0.235177010943034
-0.437885599539674	0.273610834873296
0.655015019936916	0.520059599860954
0.12127399968368	0.0674378493363325
0.09903193986859	0.0567545784342258
-0.500883824865143	0.282567173552079
-0.713735212264667	0.398754388899547
-0.404257380379271	0.223225817917376
0.738547611018968	0.773806628763929
0.298127250891964	0.119395559367648
0.145670641957811	0.0709556660600602
1.26669784127565	0.990142191342922
1.23520492243339	1.03181861832218
0.223216532560233	0.11764763659573
0.202326698467206	0.106157243717953
0.786551452771902	0.534480941259761
-1.24980184425936	0.771694358508765
1.07899995233791	0.707257672614398
-0.055510496472153	0.0341315475151084
-0.575756086268564	0.343752595913867
1.12939878289205	1.24717531334519
0.0174763430543482	0.00825470382611088
-0.328111179632528	0.215366978962344
-0.114966791741596	0.0501825646498913
-0.521913810565902	0.33323288081138
0.359715352848138	0.197208598139478
-0.827897899162389	0.708126804188018
0.60569131478955	0.439386556047262
1.17737242794451	1.48542002271009
0.38066790866662	0.248203760764161
0.826784554970913	0.59070617251312
-1.44105656679489	0.977498846004086
1.07975788460794	0.823419361062003
-0.399747421311234	0.186250857694017
-0.532031723402603	0.337674000960499
-0.489936285369743	0.270905967774129
0.0498156335659856	0.0263533824808722
0.305840307113481	0.175222491435651
-0.387230770843595	0.263393085637289
-0.22411845416203	0.149231470088649
-0.643707140415431	0.443987399722759
-0.538065523611113	0.241580936142272
0.2623470821812	0.131634547026111
0.666524302411761	0.421739363873675
0.957357562499116	0.723393400228681
0.791443552614084	0.537124325943424
1.0669712608942	0.614888959971494
0.0526889320158563	0.0247475524879682
0.274084313790324	0.122108075221018
-0.290809904564764	0.127682996374089
0.598147969043694	0.353808696419237
0.972050420690603	0.787057736048282
0.439221424581325	0.297232967776186
1.26318737579159	1.01030576919071
1.07047763821024	0.825819473828777
0.393519793222445	0.200411012597131
-1.41470325636803	1.24301614433911
1.2551363291952	0.978991372469606
-0.021906212097407	0.0084472237329573
-0.0978443400016016	0.0568676479258961
-0.803618630513575	0.497617753585413
-0.530903432955532	0.306893876913343
1.22151573490006	1.11999776106949
0.348135123559784	0.191661962715001
0.696356118103157	0.381106135328337
-0.146676483110074	0.0601647954595997
1.46812482879203	1.07553484173565
-3.31219836079853	1.21229419336227
0.853162344369919	0.48656899692456
0.212881422129467	0.119837143209295
0.765408960199854	0.690389045228767
-0.680977232818706	0.328091366202425
0.580972589408977	0.391622572121095
1.26263298540805	0.912173345963749
0.146594361755679	0.0623543912214745
0.666564068345653	0.430265563994799
0.0123235571902663	0.00665451493327147
1.513915561831	1.76288961698273
0.841678174985964	0.694072842372793
-0.773871218458437	0.386239453221716
0.142990212987779	0.0785364019178826
0.431880259852667	0.264628015363323
0.78473831720413	0.525032692872053
0.830232018754167	0.805372749491445
0.543245441195899	0.294047216756606
0.1051249033203	0.0595030494290465
0.394087938459338	0.255864557187678
1.49642815195528	1.59917782890827
0.10524916814386	0.0618652698449287
1.83514053185303	1.91614665386607
0.256113314396694	0.153013222476321
-0.0553181806192355	0.0279961872832029
-0.295570411323126	0.178779879361697
0.643131288851287	0.415754802539638
-0.218844235528236	0.127976580105302
-0.632632465463703	0.43206128383758
0.830912467900349	0.617156136444186
0.760318240198171	0.738312886071212
-1.64229667453047	1.32706527070246
0.506424036547686	0.357207601401465
0.358792242221434	0.199765774181219
-0.417944566378524	0.192854071662924
0.4073524365718	0.244922666574769
-0.322011436939992	0.161204185158237
-0.538026292533181	0.35105806992077
0.86416995176021	0.965878570742349
-0.052034839575556	0.0267656779405362
0.585066256655467	0.39721377149097
-1.25491790327365	0.809750284889234
0.431386861116386	0.266604099337485
1.54675956431954	1.72620606007471
0.607807790420294	0.4472379965227
0.236821180997417	0.148369553021878
-0.438584102395794	0.266162199460405
0.383519989493754	0.27700453006908
-1.05010577467319	1.08394196768979
0.199746572011526	0.118692580976284
0.242909302751309	0.157915922503446
-0.0976730777058231	0.0536244215611376
0.409532111998365	0.286242245651048
-0.377613437164668	0.269077633986461
0.142061403920176	0.0775106979084156
-0.976189839380085	1.00031017084894
0.463231328760137	0.34938025866124
-0.625853019470995	0.488081055465038
-0.272950940692515	0.17557953888997
-0.455676442737375	0.307686302429601
0.90450800453444	0.578363324296921
0.818485515117783	0.628413570763145
0.366356814290284	0.199816715854765
-2.01701238994401	0.998515093983265
-0.000520949838248145	0.00000933008025063511
0.636623010958393	0.497814271877902
0.44159379604487	0.267904898624971
0.493021060101616	0.195011188623251
0.152986426925107	0.0941560950048492
0.284785741825835	0.124112078340776
0.443918877511122	0.213287406219402
1.21567890890096	1.11207235769555
0.058736138991553	0.0344866359234931
-0.0967223738620929	0.0692309751420219
0.471885247998348	0.376946836540255
0.0437435881791207	0.0214510382586892
0.697021448807975	0.380076148070912
-0.618498492623225	0.340547218982175
1.24785419695502	0.889629159341148
0.493572579022044	0.202307485493671
0.138230460486167	0.0722699651187762
0.0362099131422932	0.0178334105959124
-0.509382776004811	0.259758753047292
-0.890421801789686	0.481845118880852
3.25474849590009	1.39311606285903
-1.90496111597394	0.919108853312615
0.49686801453043	0.348145169680144
-0.806357675915074	0.48730684282911
0.289284065107999	0.155756043300024
0.368424777539616	0.222843867640215
-0.189757906003278	0.0968880109810557
0.417968528640326	0.39255794683337
0.255624073623626	0.137322192784912
-0.168467879289897	0.0899664690330096
1.07161839111086	1.06382783155598
0.288940421345155	0.178245456530201
0.17250167344352	0.102827780650175
0.284440048764955	0.178149534097777
-0.440789745423143	0.290707860514823
0.19547007845399	0.117414610144764
-0.578799799887654	0.399426301791919
-0.140811747505043	0.0775814838229284
0.147239260411631	0.0787314358240057
-0.128938571364111	0.0694949963205966
0.796882082430815	0.538882440079761
0.678214622905458	0.428184478515959
0.433863205227296	0.265796265642382
0.130649693768725	0.0607158811963284
-0.580884200997873	0.378113955618155
0.0553457579249549	0.0274957143131312
-0.0429655450546957	0.0232122395407926
0.145107996926423	0.0754890424482979
-0.0714589668041276	0.0343274839862011
-0.0633863249111464	0.0336621230583473
0.936561779094391	0.649675451841557
0.698917212080017	0.390469845120598
0.629706539520971	0.499250218850889
-0.216779609120355	0.132990663647571
0.949478003160903	0.643794058729228
-1.29093876506553	0.463056182017403
0.142240616951437	0.0786503647676189
0.403770678583618	0.24740475300804
-0.393868312848901	0.183583031088666
0.371479728247281	0.233135538076262
0.12890891756419	0.0640931780784383
0.454150777536684	0.338153935948592
-0.546311070948831	0.246155245865876
-0.803494087499468	0.492213179999542
-0.40002222256496	0.190257436068497
-0.354570872640305	0.25425570396354
0.250588025481134	0.160628208037168
0.605529031231886	0.35165269830511
0.274528554973839	0.200218962158601
0.887870626099118	0.783209749406658
0.98019727898299	0.904099536241088
0.620202172437154	0.451687951691115
-0.157848922371718	0.0989341370408579
0.621980811354313	0.367037834180268
-0.891429963103803	0.458339024786032
-0.753254792300126	0.504399603795071
-0.362709348078013	0.21134850606954
1.10542513119372	0.920104163705386
-1.18772791277547	0.739617640611895
0.868031357139063	0.765348760523315
1.24503746245321	1.07578975897476
0.43268919008134	0.257873378782763
-0.255306100577263	0.0945350932478304
-0.603110126609451	0.367361517082286
0.0274325553660734	0.0141711892826632
-0.0608521631971642	0.0311938964810586
-0.275628003862864	0.189606743127894
0.182043755696105	0.107422987346725
0.923218711206635	0.626928536118863
0.726342879700003	0.643824871598137
0.640735919400562	0.471600597728355
0.275159581023846	0.170928040356998
0.281863832143913	0.219263445401051
0.72902935651793	0.551533245306365
0.508647494593279	0.363145882987526
0.241786458898984	0.128425739123152
0.382456216950867	0.240784004432988
0.0364986428760032	0.0218717736082758
0.320745903871811	0.185945929485239
0.34781936547238	0.236900481249245
0.0341848594584746	0.0185575742706916
1.29430873603234	1.35451978263397
-0.366419877171066	0.250093994523125
-0.372145343444158	0.248404396952525
-0.155984559322973	0.0996364507197604
-2.91732871070988	2.16566892241109
1.22832368506394	1.1105533626233
-0.66801511264469	0.580327640168726
-0.326808700212178	0.181566381949832
-0.836890025784853	0.249170164056957
0.904835964832942	0.566721663260151
0.825136634296429	0.870508460873852
-0.544218983908188	0.401214806042188
0.70620987373315	0.543055163242453
0.420311094838147	0.359791827570546
0.472261904032982	0.313803549789465
0.837963676353468	0.67363311149201
-0.564726283030903	0.407881746640979
0.0255859359263715	0.012656793505011
-0.170187910723707	0.104480368890853
0.117361052550282	0.0669333868966021
1.25302024509643	1.68873510346632
0.75510708084877	0.776124721677428
0.105395811511291	0.0611123374030846
0.206430291266974	0.139456103747749
0.707531642255092	0.510960613661327
-0.456142885275079	0.349210775747306
-0.313360044912653	0.207988646949904
-0.81125911357938	0.635583085213714
-0.169210758523702	0.10971567491403
0.0298992176930945	0.0158782331963181
0.134614536415467	0.0668945054800059
0.705599418922088	0.50763590348976
-0.15322928162018	0.0937917212962746
0.965728277882191	0.707296359697192
-0.875090322389648	0.582050500711433
-0.302444457597734	0.174615957610738
-0.0927424432024383	0.0537866857738072
-0.231309681977216	0.13063666294933
0.204716458586345	0.120949404662182
0.149122193845326	0.0810912893259807
-0.0323377187534756	0.0205102482813723
-0.141426252589532	0.0992329742137362
-0.0727320191491619	0.0418755553163171
-0.0302136733753834	0.0175016330836098
0.783233587001809	0.741022433647623
-0.531573021363813	0.34439913401763
1.26427493863753	0.994097511611765
0.00967141514748384	0.00659518487885889
-1.66411511929738	1.40151715410978
-1.46527566654933	1.35876113803725
0.820439758669695	0.772328448648838
0.734435974319021	0.659344055609884
0.146027083628508	0.0562906078326132
0.167430575664171	0.11768615530588
-0.208949528412171	0.171790696416175
0.303990505889345	0.209310390709563
0.745898415954499	0.788626062117192
-0.0928521351458815	0.0496169307386726
-0.132828862221285	0.0758226469125859
-0.274240814439495	0.173169181236037
-0.24332126698916	0.15885296056898
0.0539082211700292	0.0328019877017697
0.544339307205402	0.42872534264734
-1.42453081986685	1.28540281937916
-1.41528874183988	0.802484468748585
0.288149535333967	0.175640148342058
-0.304893999098835	0.201978106017951
-0.411482724812517	0.299611566891153
-0.301722417119256	0.20910374982646
-0.416312840437722	0.246586479249923
-0.828405791177302	0.579654033314932
0.803893580871256	0.537312867518116
0.314523172431083	0.181420793778568
0.0279151541419832	0.0144716156054201
0.301009448523416	0.167342092539741
0.287585444116994	0.127966501022593
0.492827378366181	0.328190841027834
0.519733188266361	0.327711817116026
2.13729273715551	1.88155525315372
0.956843384481838	0.795485530572249
-0.359090146924756	0.210489660197091
1.53889918926862	1.47410571519249
0.19766759286882	0.107933571804502
0.223204551919106	0.128381495749343
0.0262923516405022	0.0107107851099523
0.213157045049408	0.123168870875576
0.718081486376725	0.550712127814407
-0.423691759923696	0.259330511898488
0.0410539369164075	0.0188851012868623
0.0844812918489017	0.0459802138510516
0.12351091174482	0.0672086098689601
0.640547091659455	0.464159723339068
0.614132836640789	0.308192431020171
1.61668095513582	1.33224189120587
-0.610054426074538	0.329768466409781
-0.090320023627973	0.0318132195698899
0.861087956500786	0.321588252299041
-0.829369965901945	0.248779369121827
-0.605078755991401	0.369119677771881
0.51143910295861	0.376998903542466
-0.495412234646163	0.289966114722681
0.0066825064192988	0.00279355432535664
-0.218893467085749	0.125945514373176
0.257249111962197	0.155334383990216
0.135936768888826	0.0650066207456608
0.458358009656796	0.298203628285729
-0.219836406592175	0.124045012444613
-0.272508210546124	0.151623101135384
-0.450865847106697	0.279257625662536
1.08179724986721	0.924778158538629
-0.995518306632427	0.776115265795504
-0.265390825329834	0.144543026889469
-0.231050712793455	0.134472649987577
-0.310764854196482	0.161172964183719
-0.611454013544217	0.387428916315401
-0.435429808426299	0.367712529271722
0.217640271851814	0.152877762005192
0.545296332687742	0.42851674764748
-0.332185802347931	0.168460397293612
1.18828245910504	1.21516898268439
-0.491036395773881	0.365040074278481
0.136818778021874	0.0762064000604319
0.614536746803521	0.283938013107139
-0.990297604199263	0.549969607660666
1.31662693527941	1.61590525489164
0.30776307325819	0.173966062702372
-0.751090816706913	0.559903585645059
-0.60895032684531	0.320019932671347
0.0495214742735347	0.0244349716180889
-0.323184537832145	0.190715475511007
0.252660983325091	0.161690171968298
-0.65879778363048	0.504234598597626
-0.436236680664442	0.35811931156785
0.0479328844403781	0.0229488706251527
0.581813605556105	0.475008925514404
0.713791693828822	0.553653339079444
-0.139658779110636	0.0762416781333378
0.195531886183328	0.122878319189291
-0.393889313000115	0.278434179713887
-1.4459095027907	1.06509060504026
-0.533041787982934	0.346243008098329
-0.678247903526187	0.434879275500849
-0.312665788385414	0.192141157455328
0.596985525099748	0.505520375004424
0.55334365863653	0.418969126242642
-0.688134359981558	0.438871250433976
-0.446072385663776	0.318299241145991
-0.148890615365116	0.0738156393361989
-0.334818801758249	0.164466236352485
-0.960466001992615	0.639838518075551
-0.501875898215731	0.316667973244886
-3.03664774809921	2.45721764536563
-0.692353965281329	0.439633417082416
0.247537659013041	0.132563543075961
-1.57084224855662	1.26554743291537
-0.386575867168784	0.17674931828702
-0.426589201174452	0.235525606477119
-0.701863466969738	0.438901919395575
-1.30290710455621	0.685538308385528
-0.786202668684854	0.392711533099872
-0.487616580391562	0.274221061721866
0.658817330819816	0.427855902023947
0.866706703898436	0.491835217887612
0.618759664093669	0.367405321016852
1.23161064898427	1.0363428945185
-0.404334692565032	0.195058266289731
0.00919348750150471	0.00387861397646331
-0.977167006329835	0.659592327424777
0.304776364324344	0.120409099264616
0.203877980547297	0.121505530355995
0.426832190479273	0.260064195725136
0.236586666477822	0.124816845930894
0.182970325201836	0.112642846522635
-1.00648725876629	0.571504958903405
-1.09261213045639	0.779298008288151
0.264515978285653	0.119501350275019
-0.684061686297005	0.436932674286461
0.118153229723721	0.0460750434532864
-0.110140328458067	0.0493394743544789
-0.039892011382176	0.0204895781715938
-0.0443648011320297	0.0223452063553743
-4.20402225535805	2.02733799898738
-3.10336310613868	1.07624884357692
-2.02396106306167	1.03321398593153
-0.0260422546254701	0.0138235517273196
0.308124014049618	0.178237247149406
-0.449315738029937	0.154089720505942
1.48074226103414	1.62691733340759
0.614777411514673	0.46010496565293
0.0377582658617087	0.019041356218888
-0.148391147864448	0.0872169496652022
-0.347984355906273	0.233926417868488
0.134631693161841	0.0678132694876925
-0.222470857415962	0.130694206189649
-0.606836007117207	0.368533108451421
-0.576104472081381	0.351981516472962
1.07320955461383	1.03531977945066
-0.305526139218662	0.200446457440806
-0.814589752858749	0.643783346840256
1.11157917010386	0.766355304660627
0.834110626154267	0.656253457459492
-0.202946660326868	0.130754279735765
0.115687391073166	0.0729611749731683
-0.891270693809803	0.547542886745462
-0.399219825360166	0.190803173980337
1.23900875677588	1.06783673556542
-0.703790378373796	0.563224231645969
-0.154757954554794	0.0794941788956045
-0.789581734965076	0.32002497131727
0.152624473659301	0.0654649569025585
-0.142692786621765	0.0769377430080714
-1.56381693401653	1.48754227761323
0.693909561921612	0.372731735809532
-0.158330172654503	0.0618527540464416
-0.600794556232091	0.349160146872795
0.289757042106746	0.163708710711199
-3.96519496499446	1.73281893123096
1.58363060139034	1.41879855368646
-0.82937693245959	0.607187047596515
-0.568209194804678	0.323802043282134
-0.244596270422318	0.138267007245345
-0.744499569808633	0.566478650886807
0.608987523227694	0.409439675390705
0.140479656924785	0.0721807127191214
0.498268171693757	0.398135933965216
-0.375031947716748	0.22892588927834
-0.981167775643637	0.657548546756971
-0.30456746980414	0.157024656951482
0.393668710150568	0.377910105679502
0.378889141076646	0.242626162802552
0.499260275435078	0.481858750485467
0.859486966450789	0.85550495505054
-0.741636841162521	0.569474555681203
0.23313087271863	0.121086690728936
-1.09327257175055	0.66492382510366
-1.84560621831698	1.26705971097785
0.20635046263809	0.124369909905055
-0.0752073253524859	0.0367116999024059
0.439254960607755	0.202315406993922
0.145191847661131	0.074355535983964
-0.429911792663498	0.255848820948465
-0.446496770360335	0.32758759248062
0.202208595160351	0.121776498533227
-0.606992561178261	0.327381004166321
0.0458005531143854	0.020995901412867
-0.170339004189947	0.0851858821787207
-0.760199029651145	0.524633646459662
-0.137760065713055	0.0831290727084392
-0.240453241650183	0.137851081339761
0.696865309347998	0.487810093805324
-0.508512145583663	0.329275763852274
0.617275483512446	0.463301846287021
0.212892303246734	0.117236653254772
0.258166872550705	0.125456859993558
0.358010199528979	0.19919570546745
0.265897406437344	0.116767890024374
0.0438533730247567	0.0230463535399887
0.71948721882526	0.541109986360051
-0.193067444098153	0.116532362277029
0.237444329548063	0.126545521542468
0.0910109569991334	0.0525685197348495
0.935487157603489	0.683878475534056
-0.213489125928978	0.102791491287056
0.269396387341018	0.132045411727474
-0.408251727695302	0.219077654516362
0.865986223190959	0.735010558518723
0.0514727045892133	0.0250249605896259
-0.521239785553401	0.140369579797354
1.39104859624392	1.23043816869506
0.174875701226312	0.101627461116017
-0.393080689628885	0.271840389983592
1.23909166890144	1.01603877024042
0.26909231897378	0.221833336273347
0.847368643919389	0.68054779400532
0.488133640458012	0.418652857341009
0.435389419796656	0.36894012636079
0.518234418072727	0.387597459397779
0.650347452224874	0.589583226486278
1.05840218983235	1.11079968890129
0.297458257796355	0.162312289775896
1.33605724330828	1.29003149245626
0.642192955861826	0.541690452245948
0.780491880342919	0.521360967054332
-2.3338017880082	2.08799149855326
-0.0684982430803753	0.0331378843950935
0.955881861584859	0.797714217020684
-0.914699637974845	0.644032443806269
-0.814408480252976	0.499404389863905
-0.228918918329059	0.148072299898722
0.344564123639126	0.18827009062969
-0.693965912929622	0.558232660301936
-0.0253900917291507	0.0145522778064657
-0.834312671283168	0.607079704685445
2.29683559636101	1.98704424918566
1.10968005026921	0.84653391336331
-0.515580325611332	0.253892505438988
-0.152186471948967	0.0754712900029475
-1.18237909541876	0.768875257633737
-0.408895492044551	0.221077405008359
-0.295691832049313	0.19234591859463
-0.44029489888051	0.261396878597613
0.0895863719479988	0.0546863468581288
0.383732045740262	0.19894339936695
-0.0133960654761965	0.00685309213755225
-0.619526299347617	0.341695803957218
0.658268142606771	0.43777771759889
0.58719933927576	0.505852492162496
0.850448746620175	0.810042407345836
0.618372527756134	0.468980504299393
1.26214437199382	0.910106826494449
0.616100708081224	0.457496283026627
-1.08506856335119	0.664504346778487
-0.0153916345499675	0.00864186080106443
0.0547189106742189	0.037121954736064
0.335256416537569	0.28424234531872
0.940799533063163	0.9441649059293
-0.433933211452231	0.349396444506412
-0.290282683194076	0.210931621050296
-1.45011543982806	0.996389141247032
0.376387735959031	0.263670156359042
0.673684592959457	0.530308096716335
0.221638325486063	0.130334943594211
0.326239384696389	0.223080392074465
-0.347558822071016	0.194608364388357
0.0244609337637655	0.0130526656465823
-0.433378699437209	0.330816241611056
-0.470218145537597	0.412631033699295
0.727515279054773	0.58742833507706
0.0027612996087093	0.00137448771193061
1.28255662527803	0.864295281886718
0.455036395329156	0.253285132105222
-0.157643955954069	0.0860966242976793
-0.0818283797248451	0.0508837377511473
-0.0449236229592676	0.0261100356127472
0.174648525381734	0.119480949817681
0.450828735639231	0.287252698804936
0.313331513740719	0.18729632869791
0.589909026440004	0.407534839766299
-0.620581832873145	0.337267474669659
-0.711222944615197	0.4214966471762
-0.166494228196464	0.0844541961770578
0.00975519170880588	0.00556113342552335
0.452073464020068	0.331183670547581
-0.170845689640058	0.0884040710675657
0.133068921534566	0.0675053184033065
0.902957404055458	0.989971216191639
-0.128843939484004	0.0796497646124365
-0.176071636527233	0.0907838856248242
0.599435720719747	0.440310274053204
0.431257662436005	0.338865109430289
-0.0465986269512539	0.0235088810255463
-0.146762005703732	0.0592774402616424
-0.959011914281093	0.746275666668753
-0.0471154096339153	0.0258734225140047
0.411857074844856	0.246235252400514
-0.513944376026364	0.134820394971873
1.28978556949677	0.608788501776037
-0.23912773644357	0.124563143847233
0.920123549707926	0.807449366775033
1.5417673532129	1.44158435561501
0.183250269268523	0.114704636245922
-0.747970144084516	0.633612649832223
-0.80564889226413	0.817135452115115
1.05094404299459	1.16161305901843
0.149716200894097	0.100062313380538
0.397687686502608	0.329834802757361
0.465068442954775	0.364874666746901
-0.262194361731273	0.193422386587168
-0.223226763767156	0.153823776057705
-1.1357991325958	1.42921606179991
0.848992546740561	0.698660542868607
0.207345086740981	0.156092286206931
-0.065290109007702	0.0396847224266717
-0.899747320853815	1.10656315752517
-0.77213754180117	0.571666781236112
0.693457054176431	0.615616759639184
-0.594500853737373	0.404860271194349
-1.58443163602435	1.50113742850978
0.552632574247513	0.490362919815117
1.0337352843819	1.13495143982095
-0.116755179178847	0.0777366781368486
-1.28519723662813	1.32349414660684
-0.299652259093964	0.195851884123067
-0.377684507903994	0.309804200551277
0.274029393352807	0.225821226312726
-0.506513263550909	0.300351376904327
0.0827808058885106	0.050207937714211
0.72545125867449	0.532665753248502
-0.489057884148079	0.316628432574607
0.21596306565184	0.161895373984973
0.258429293915646	0.168533218732857
0.0209360952946747	0.0112724285302486
0.33227382547542	0.225123788786631
0.389891857444977	0.252943147681576
-0.384337753200318	0.264804993802149
1.05731690543862	1.01282946799547
1.01711526878186	1.1570621002132
0.719084666576855	0.530551112156272
-0.964297234028476	0.757333956576665
0.549513395881971	0.484828660853213
0.144995929953329	0.112109683551504
0.602701319382361	0.448730644165667
-0.491492563016689	0.38454678735741
0.073107252440932	0.0539477914086461
-0.979143455870548	1.04824615556388
0.463534167637414	0.348927152503036
-1.02876958799954	0.790979460586
0.215758709323309	0.111215657422871
0.859068455500429	0.800399899298333
0.203485176072017	0.140738781796773
0.130355440528931	0.08993140060558
-0.414324094578897	0.250081568706957
0.940596387764714	0.709957415406744
0.222297626905294	0.121478599058955
-0.0446048895040559	0.0279232895865477
-0.732019581317111	0.559487616537222
-0.0482228907274127	0.0225360947586163
-0.673886922376423	0.42626938559685
1.19523563641703	1.22251323684684
0.776048638293432	0.377326685796545
1.82246251989161	1.87846546031542
-0.682180299165245	0.445194861191322
1.10202372074302	0.935205416532946
-0.302659600122164	0.151393060989574
-0.522962296503097	0.332739546182177
0.245896413092026	0.140420375791912
-0.172364910807648	0.0884155302102645
-0.818749363383533	0.503489816136323
0.156101491763671	0.0751698922716767
0.811129361377291	0.584548242557332
0.96657206702143	0.708570901582847
0.649769765420829	0.477908758423006
0.856300754192384	0.723387032709737
0.854508580722289	0.490153032168096
-1.03324284112273	0.714428128834355
-0.156075133878154	0.0636947012607604
0.40494616586315	0.211523342487886
0.352698789575857	0.19846394053294
-0.52723484895005	0.340829579450479
0.919407402202127	0.563693827777944
-0.836229957159059	0.247317031216125
0.306436589588846	0.110295766385158
0.334612504579132	0.197127799653495
0.265653543208327	0.131135737119113
0.524809689772894	0.277551637340872
1.11292678166362	0.947853875236096
1.24150327965889	0.996018842317948
1.7538795372234	1.90927606945723
0.20563549697225	0.115900676264189
0.914847558345897	0.627942144904143
1.937314818956	2.3963385996497
0.267241564894672	0.134206149821644
-0.512438814033185	0.255089981724164
0.00776702210044901	0.00444387086311817
0.741166065020545	0.670172150619514
0.13543130057906	0.0693420224912416
-0.0525976311415588	0.0248264386972697
-0.940268001505294	0.682014239402977
-1.34630009204008	0.920669384847929
-0.0474984158893745	0.0255031868951156
-0.39465702618875	0.18323321156682
-0.884405063248214	0.466599445366427
-0.256675695165038	0.138308512432152
-0.74175171318885	0.491198344660834
-1.37137416960065	0.937673348293691
-0.245326732290202	0.145415163486787
0.534446960137672	0.267667711998379
1.58194621326746	1.43348393442072
1.78283630815234	1.60241732310772
-0.0664021024378087	0.0316569608186768
0.439182163967358	0.19386092654389
-1.78870211763555	1.18365693981132
0.125328740641469	0.0680610129098047
-0.152373023491542	0.0926464198238932
0.61624480887457	0.299271859861214
-1.01989218268136	0.920066991950556
0.274020863256847	0.226071282830171
-0.154919766663533	0.0630775624226975
0.817362143257822	0.590105550828397
0.054214362781239	0.0322475652204262
0.376215435759424	0.245094148473777
-1.0753398975663	0.486138128391891
0.135111642178822	0.0635173937190814
0.710560979615801	0.499621824520414
1.08665457091131	0.786094843312287
-0.00873301746638764	0.00436504904277472
0.851568272620896	1.00296688701815
0.314353168845633	0.243562127072355
-0.0733065789250019	0.0350405500984567
1.09042561403378	0.877920192459563
0.527208481897993	0.592447141050541
1.22858570646889	1.03334305908698
-2.0100758639383	1.50099476709342
0.10692860563686	0.073555579985245
-0.110867495817114	0.0629868175583302
-1.58823614263958	0.917205348092793
-0.884102569727064	0.57893728232823
0.0529819192709982	0.0258351707318762
0.247890564208598	0.120041278363559
-0.672533977811065	0.433342125109239
0.55096790801944	0.293976953812058
-0.743939363954331	0.426936612498442
0.60037921742802	0.354814779145514
0.28810749221984	0.19564976629637
1.1017335019559	0.915679220874137
1.32959014936724	1.31988123720761
0.520809565409297	0.38027959983557
-0.403688432649202	0.1936622098888
-0.174073184239965	0.0872492387336619
0.276955421478643	0.170842672105183
0.180374654971839	0.10841412333398
3.21059194153061	4.00906698348016
0.634498856333019	0.450069919041924
0.749207749853973	0.778690279782602
-0.869022689794613	0.709935747919372
-0.0245930125206279	0.00902977250173903
-0.596611619921972	0.367369659427816
-0.0644290415581523	0.0322686454500542
-0.507112915972191	0.406568127113006
0.134770251366866	0.0727453684217593
0.336087698299012	0.260106346048799
1.27502103716714	0.953117681056293
0.857837932531566	0.718774836009184
-0.109980610701373	0.0627423931948724
-0.526865861313041	0.273683181204662
0.643106562964096	0.501607055691405
-0.526705864314705	0.308863034899585
0.227798564409234	0.11202288664889
-1.28828011863997	0.640369323527922
1.01602297459587	0.529648752442026
-2.04902373026814	0.584535062964325
-0.387719178873334	0.181574754054909
0.750831304096473	0.451214725228228
0.756140461345323	0.664376663230667
0.993808070445438	0.898230856808713
1.08534638791192	0.910367567317171
0.448165674696229	0.253411456126034
0.547947621398495	0.516106262987589
-0.140070871654042	0.0756612072285291
0.161500819003125	0.0992362410575459
1.12367494204852	1.28170567787871
0.0407151020559153	0.0156788816460656
-0.0553191525874674	0.0304812805200179
1.07879788599304	0.802295927254572
0.128673375740228	0.0921154181250025
-1.11604665436247	0.816458537111084
0.791316878787853	0.557061224865752
-0.308247254790624	0.185467277048113
0.092143854872193	0.0535973083982032
-0.271268456371673	0.214691194628239
0.290595069201718	0.199096904972628
-0.0455520919809186	0.0226615454117079
0.608432049850298	0.36803545645468
-0.222537010558402	0.150991253652934
-0.610435186007509	0.326489054506229
-0.818051231880523	0.573076457753649
-1.20071262630686	0.896720575137776
-2.21327790781172	1.89468332605913
0.221943677995125	0.148534912658311
-0.536728455781921	0.335290820905367
0.977356504225795	0.940893771321666
-1.09593649821497	0.672297090174866
-0.594237540956018	0.506627828129675
-0.313110982157814	0.193503728609382
0.441826836891045	0.312916184784667
-0.38334913331472	0.302564049867216
-0.728180146625563	0.587483475154261
0.474343362625404	0.312059627491499
-0.612421504181946	0.315415108289031
1.07677178638999	1.07206896786091
0.522829490331436	0.310081281353568
0.399574325850518	0.268229354728156
-0.609146936106442	0.454607814731406
0.736246887669141	0.549561340129943
-0.549214280248151	0.391184998911578
-0.868366766964975	0.791424018386261
0.00794998010861486	0.00448500353910493
-0.678622794122945	0.485168809564549
0.149145733247509	0.0930553956574324
1.21085790360957	1.21966266294587
0.264815997528231	0.165401740264986
-0.799009408426147	0.599377277143887
0.709554511850065	0.506820693662888
0.442190136830737	0.306001930009853
0.769119255452785	0.77830638709823
-0.146787341711404	0.070400549581397
-0.776169235567575	0.396997820313996
0.752487732684691	0.70050514817491
-1.02292955936205	0.936692207773218
0.453812383845042	0.308738072168537
0.0142232528936853	0.00792183807271286
0.744339997263754	0.440278309581896
1.84938135974273	2.13008327471079
1.20781234128744	1.49439428055922
1.08001154838636	1.13096275061265
0.573478764227092	0.391658589009265
0.8208596296015	0.86561416641174
1.10996507042192	1.26108192394638
0.185274064758431	0.124434273502052
-0.417984376250926	0.293565109680035
0.861609482218973	0.707301081926994
0.52085912610455	0.329727527025571
0.263616776019344	0.18676381328969
0.52514073327122	0.323259626896054
0.105478453136329	0.0673184970643953
0.206475637349491	0.140961376157205
0.158840461268462	0.0812898627000366
0.479772916617334	0.322340530056564
-0.117282260833162	0.0613519618806486
0.422697183844597	0.259410352950354
-1.3790277514929	1.53897106327785
0.0314208368473182	0.0174166897367433
-0.0564452693176367	0.028563396527728
0.96849347936294	0.90070700840692
-0.33278922041443	0.175167737898189
-0.814267035327166	0.771154555729547
0.138690219281652	0.0706801982164559
-0.217621585338089	0.143328383585133
-0.50805268681483	0.254244180349759
0.696488707133925	0.502663640602423
-1.12060335005284	0.815605656240121
-1.07128554073809	0.510186381747685
0.546465924658674	0.128383503124171
-0.617211210142114	0.333525469346464
-0.109941097707099	0.0494823355176182
0.280398662334875	0.196019376503939
0.800104123462359	0.53266623141017
-0.818202629047924	0.620456826919427
-0.16199773745992	0.0972770444378929
0.135507215867801	0.0707005904125591
0.0084135304178533	0.00464435689495271
1.19652888955862	1.2343260530713
1.70848835158406	2.00874277623221
1.03072049941583	1.26121834364221
0.370647841597275	0.261819659944568
0.4173372809634	0.337088210444811
0.937026186513826	0.999305861335409
0.479576201990927	0.365958135654621
0.574474270628764	0.480303621292869
-0.0806217313129218	0.0497814769541391
0.569933042708574	0.521202965146021
0.385595970706246	0.245717318111273
0.734575774643797	0.777438284102189
-0.213870112853168	0.136817798765843
2.34834535298654	2.94486458647762
-0.0688964032933192	0.0492103837220503
-0.557524802738965	0.433706036562951
-0.0491041715611658	0.0267908686615991
1.50082821953744	1.51281146678553
0.0793691780715644	0.0477467742876286
0.17221580852771	0.100615663595813
-0.986068517677908	0.774842329775239
1.0849347142461	0.694087812864599
0.179024738392517	0.111707235982128
-0.625492286401177	0.378271348922926
-0.996364698272632	1.01856212183158
0.0364700399969636	0.0190120925504773
-0.234498388636081	0.140444110935433
0.355598891333017	0.249839630989721
0.212650056810966	0.120102413523816
0.466385358671828	0.303360263731732
0.250483545565828	0.177339866858441
0.0380544606686041	0.023101681710291
0.14217371084239	0.0620825743016976
0.584370653913952	0.401645568658291
-0.0394989688220334	0.0227564978698131
-0.538889588633673	0.243274386036914
0.845949184469431	0.714158035283052
-0.349129731916045	0.292717779582474
-0.386933754821988	0.339004707180269
0.94919874646624	1.26057836192523
0.340146629275079	0.304856350338517
-0.0498388369363264	0.034791763155028
-0.0166841618151201	0.00970334363491321
0.922983353812696	0.993506079417107
0.050013900616881	0.0242953608175015
-0.250627701697351	0.190715299056691
-0.55962858846445	0.419400655112513
0.295920897201361	0.180332430853425
0.132761112069062	0.0885249840450402
-0.999591305842423	0.852682471890024
-0.635704068821764	0.435323696470288
0.434910777100582	0.303522842170384
0.142507123520334	0.0682541339811572
1.57431199261809	1.39997535200132
-0.776073119539808	0.394922101997815
-0.0611474532767368	0.0349924851562726
-1.19322188643457	0.929488740392127
0.190988123667719	0.126885080098721
-1.15908733097838	0.972775493310534
-0.915128620101994	0.497092370034081
1.2620148855667	1.00017923655493
0.717707402375262	0.502114217520337
-0.30807287791135	0.192931405933334
-0.586117896808764	0.339520757032508
0.220446381261297	0.111388132329239
-0.669140907114981	0.321700473077181
-0.375273839229441	0.275474389779496
0.235575254851797	0.122209638526357
-0.335557725233316	0.235775610827328
0.199492747134716	0.11723071768685
-0.200279944358804	0.0951435028219971
-0.895249596968689	0.584403468858141
0.827316469866206	0.60080309379991
-0.23349490542998	0.148191593366629
-0.215059741256223	0.116271939333529
-0.427081067125855	0.225417636243065
0.457604028639393	0.343613556939965
1.08020083514698	0.855177574794146
0.134281716135408	0.051905328228019
0.330587645956276	0.0945952574812392
0.154674954282354	0.0730632097059311
0.380909056576952	0.240177148339818
0.645940752284052	0.580280674664739
1.40289738452367	1.22495495172411
-1.88857320536529	1.3194238056263
1.0559649045911	1.14804511032501
0.388205337344283	0.223955537201629
-0.11096786725701	0.0723529699572035
0.514466546663777	0.375085320338983
0.970069771410315	0.890227611270965
1.76014432561822	1.56709893778885
1.19290377114446	1.26074841911746
-0.811691116438444	0.663844184259182
0.477004880571835	0.399230424620966
-0.111542829297367	0.0501292866885748
1.48044127759509	1.1105103171188
-0.919068573169206	0.697780664137367
-0.456670124086695	0.303521421512127
0.410721857896716	0.231981339903955
0.806014232187894	0.560854070181952
-0.1214212304259	0.0876341101583155
0.271294050406829	0.166722958334683
-0.111626958705829	0.0672145607314099
-0.377592481343021	0.258928885612103
-0.413195662210832	0.215870768131199
0.498373890913728	0.327984538373249
0.748242303830647	0.451334097884051
0.0300783226100002	0.0194289849134754
0.773092590507285	0.696322290724561
-0.0809495427791416	0.038515115077521
-0.166517586861713	0.086060748797829
0.606075476386564	0.416016550186927
0.31423365615472	0.213262271714735
-0.06980490966321	0.0352080678770256
-0.232834198666432	0.133780068999395
0.166373281283846	0.0928942640814928
0.977282535093671	0.904763220124032
-1.5645304417643	1.46612621054971
0.0445605636081669	0.0229476642468533
0.144236820507755	0.0994277547409387
-0.666974009016354	0.509286415741156
0.456484394805939	0.32827825920519
1.08125166555716	0.974428602224103
-0.0874287220908787	0.0398408907864278
0.439210535014319	0.376835341836272
-0.443247361735349	0.286459845819461
-0.886581533983188	0.809019485634624
1.10029766069846	0.913559853743905
-0.415775101382562	0.227855772977219
0.0419306700446372	0.0248752601776772
-0.154242220904286	0.083820364108628
0.852945166145333	0.802777806049549
0.431738068373243	0.302501229965106
-0.533927100584519	0.424780531310608
-0.0579212387904499	0.027376856365206
0.0360285132001421	0.0174737843368836
0.747948154689104	0.562701836707788
-0.234797200864937	0.13456798222753
0.626744216146518	0.467676289578534
-0.00436596421481693	0.00140381567061641
1.64357871340289	2.0128109103696
0.529892105169216	0.37849954668497
-0.0141883814021311	0.00556406346405089
0.0780840160726748	0.026292556038743
-2.44434588892833	1.49345721952113
0.0574938078183017	0.0292070737583225
0.531516140506666	0.284025373362387
0.946459780934492	0.824623798051719
1.24883908452204	1.03891000185583
0.397216068196091	0.24926775254766
0.0115520898445493	0.00610898283845421
0.0178541375064022	0.00943446224804228
-0.290168879220076	0.19509769116003
0.405604850108402	0.229325713878578
0.553524133683179	0.333007435083246
-0.779311089995534	0.384521865002989
-0.0525121079731184	0.0250521438759542
0.790546987742639	0.527420469750649
0.0429852065827394	0.0194706688587419
0.662505244016378	0.529839732010116
-1.05176160268839	0.755968951077673
1.39606791635363	1.17974284560406
-0.129436396965238	0.069061703283207
-0.0631606775989411	0.0299194199807543
0.668522454517352	0.364815590447664
0.0172370434213619	0.00809991040069753
0.076943067186381	0.0259477628417286
-1.28131977836248	0.470305005529611
0.151228097631893	0.0658154355260643
0.454283839008936	0.228499383645196
-0.0575107987487781	0.0329210637469777
-0.172030439158119	0.0855724881772099
-0.302327221214863	0.220752283674968
0.284936431383575	0.161883317352979
0.470785627386777	0.261467380235122
1.22914778451929	1.10794262133785
0.762834058056883	0.668196100367014
-0.32041411044232	0.202858025105209
0.74232075449222	0.650760891454269
0.839628245570151	0.669681021706792
0.852488510740249	0.677950615382172
-1.37613489981142	1.34641554353278
1.48289872583483	1.47573282324507
1.50852411734933	1.79935565151658
-0.466418501046291	0.317819737220497
0.044681138043711	0.0280580512352543
-0.538224335093959	0.430640016298043
-0.311822700897708	0.202165140661014
-0.137143901109498	0.0969309753839172
1.10832176672334	0.829251880703024
-0.533147017739707	0.348483908539071
0.387472740936383	0.235434493947201
-0.163911273121778	0.0828932161368671
0.396234106009817	0.208382551927639
-0.673687076014534	0.425598663594183
-0.442672471418774	0.255110113264033
0.642239262351247	0.51353890215757
0.145411319245049	0.0549607649994762
-0.47093765167548	0.320042659347332
-0.256189497800983	0.14070372270714
0.696317258278472	0.383129534582028
-1.08886087519421	0.650222270266592
1.24435837126768	1.06721318342212
0.541112335752622	0.397714165180821
1.08383029598812	1.00002881513428
0.427084667048374	0.20065427782048
0.259746039105346	0.177307083954536
0.798009315624025	0.525543721594412
0.104146227043237	0.0562304641409097
-0.00559165173444469	0.00249767451756921
-0.305092673220728	0.155927966044854
1.16181944238151	1.24665740524348
0.234857419698396	0.149402184490899
0.0267634251828487	0.0145075895032093
1.17324291125743	1.25957880708337
0.396237423889652	0.261053940750784
-0.0457388266792966	0.0230811326853563
-0.167614048851328	0.0943395897930594
0.144038401181396	0.0729120369786756
-0.318523871220686	0.16388436452377
-0.60865938921606	0.315558660466086
-0.408935242808788	0.238548330603496
0.0210568875397029	0.00960951820714939
0.402255761358892	0.241540063161806
-0.41249979920254	0.222198550677659
-0.731308692996289	0.539125726344578
0.128974363353838	0.070836588573341
0.122882075910155	0.0700165803309572
0.545228829833892	0.293287014415818
1.27724311689263	0.85408627595103
0.296009498795064	0.119182994439705
0.464276991293499	0.268079290772507
0.407546317436494	0.274313856330155
0.973854675831355	0.837337413544567
-0.507035930777971	0.333242865205147
1.27575970623034	0.780199563653559
0.707134941642361	0.498196360113645
0.527159479963691	0.27723443432155
0.778669457379787	0.372412189672073
0.12382466946081	0.0490415630912362
0.151158549174573	0.0603798599691701
-1.76213499233253	0.796361363692755
-0.619081810950497	0.341180977895147
-0.260238620888259	0.137557645481876
-0.826201854060285	0.585015675455783
-0.894921744085891	0.476166997167999
0.876744647991181	0.488115824934139
-0.900526336159426	0.481733092281853
0.246565700407867	0.133753419587179
1.44234467203969	1.15138711016976
-1.00247439230085	0.545095502988898
1.24878225902943	1.07125181967629
-0.937722452649338	0.410250142459732
-0.0689193607560918	0.0328191082266007
0.139508509319131	0.053278617469028
-1.52241085204651	0.920762668024223
0.541100401848291	0.127818857380943
-1.28425901874629	0.474855091321997
-0.887227308922972	0.547275063615111
-0.061554227568174	0.0315227762102593
1.40497996400725	1.10981483809871
-1.07771401736866	0.512415257137264
0.912063177954025	0.596383084415287
-2.24263376537882	1.22986521479221
0.386966321912736	0.246773934552067
0.785361142264982	0.538563382865486
0.115696535759988	0.0631647571300965
0.119587710754751	0.065119425683296
0.72474982598233	0.554581737048798
0.132876593517877	0.0626221513693273
0.975979312243915	0.798660662421382
0.654456314232738	0.416521922168935
0.751774812758469	0.451190301443213
0.251037737140741	0.135920222065314
0.54323869178272	0.328795438938266
-0.142631182213029	0.090544667702587
0.0462171788999644	0.0202961378181112
0.856991650201359	0.72255945140195
0.49398165804147	0.209797261016813
1.2224991953064	0.944270383175538
-0.654637392350343	0.454440260530678
-0.40772130188656	0.185861224803402
0.403523474057791	0.194901676307841
-0.160876016635546	0.0666886606368764
-1.19327367784671	0.911214691456004
0.381168783311553	0.197047224744931
0.314459203018987	0.126979352826137
-0.569941926071886	0.239012983729129
0.0395783913569445	0.0211831567890738
0.111637364774074	0.0641221337619758
-0.0678734637665785	0.0321348323033656
0.969697015748473	0.849514847213132
0.00911345205262491	0.00452641796751699
-0.504054966210907	0.291840443754067
0.467087459515852	0.267746363818248
-0.223262008462901	0.105084098795598
-0.0656989859068045	0.0307540981606008
-0.342071499956134	0.187466370824467
0.00544410024275934	0.0023219682080542
-1.12105069641718	0.788367498061933
-1.20338053195812	0.601290879626691
0.281549522605588	0.13485422159813
0.742885537570244	0.680265269152153
-1.32282455511358	1.29999882854473
-0.242618719419621	0.130412954972597
-0.019476642858197	0.012004592302122
-0.33069181536399	0.16850276157759
-1.61852175422101	0.99034619148272
0.00854698496403516	0.00413911469901899
-0.808425353855832	0.497658423529099
0.554957819561517	0.366719630113965
-0.277051789833968	0.120533249122651
0.261642733703634	0.135923302717255
0.801110000749893	0.530067992151084
0.91288612936619	0.57159462511514
0.708517034172659	0.30400056662498
1.0795373216328	0.763073793298105
0.0976197643066216	0.0325659678624811
0.245030620574488	0.160061620150091
0.0272156714845545	0.0110286835072049
0.246381857204182	0.129446420093176
1.06906146358046	0.724815745190189
0.645409728370036	0.414697530637923
1.10171288249125	0.792359078520105
0.287056709666945	0.173246192978478
0.468385226421466	0.262312930271012
0.215679738006087	0.120947629200087
0.303458320509223	0.107537338686125
-0.0820319751163934	0.0283362979902717
0.429278175227031	0.35045418755332
0.810402431110833	0.586533187951567
0.277931288076418	0.135079589717045
0.425633444945573	0.312961259707463
0.982547039997172	0.933298847018565
-0.0959600524163257	0.0419074666981705
0.31958009423692	0.184419674352726
-0.422772390886476	0.254515384427729
-1.6257162172734	0.660099291458467
-0.989666570667551	0.567286158357267
-0.523693508429543	0.371202609700195
0.2723721828721	0.124487243230041
-0.215455134906116	0.103554238219957
0.307437013207317	0.108513033682142
-1.46117270819368	0.574580522286654
-4.43063850508425	2.24645912597488
0.118206748353138	0.053706170548994
2.15102096821398	1.82585047642529
0.517275153711677	0.309168958617841
1.5440125280897	1.45516375439231
0.835196924896451	0.73084142771667
1.07972925211255	0.698655670145457
-0.504273416240455	0.387180688617208
0.498501268398449	0.42553192345527
-0.435677707704964	0.264934071299441
0.912708780289865	0.593766202666475
-0.714887512755227	0.446914433301284
0.556962992970167	0.430758347472602
1.08333229344181	0.910873537297894
0.300797591806036	0.188603584267423
-0.604661964915542	0.410972903209702
-0.346104247986777	0.200331296337176
0.314206002586905	0.239338417063455
-0.270265219938527	0.218623091750809
0.204816179448086	0.134958618911942
0.343686576094236	0.196674222514635
0.135800104253531	0.0681591134850708
0.2786181787134	0.170032253944324
1.90314466780824	2.85559724480518
0.131683256888625	0.0639715827021767
0.325708604982128	0.192864238327882
0.802133981788869	0.53175364583165
0.84680753091603	0.684897805744976
-0.711542776108594	0.402464593208314
0.700064821163928	0.370486841660031
0.809370827601296	0.5345641812582
0.93371014901149	0.628645790514272
0.131150376790697	0.0622212171023775
0.431727753647146	0.261733822361872
-0.396134963283538	0.17943318193065
0.0361338403970051	0.0155975609750761
0.327574478060565	0.242325118153938
-0.402676969592354	0.216318850229849
0.80603846974559	0.557744559090691
0.746295733050517	0.591878678390744
0.27713934696356	0.16345181003402
0.786173533401814	0.529329355942187
0.503398131273354	0.413211758864381
0.347095682322044	0.181943215201111
-0.346004131090799	0.198895780281852
0.983203288777095	1.08620972962501
0.669645826724109	0.654180531209779
1.243693422412	1.45885461518325
-0.236770805604878	0.135033240711011
0.527872124114729	0.434893470797164
-0.0472716473413866	0.0254173220956879
0.563484228902897	0.469637440353473
0.23420251587347	0.128711143614218
-0.104411830221009	0.0670749218497539
-0.0504294622198317	0.0284685480666933
-2.60903512604121	1.69952998198759
0.840402533804704	0.661760728960046
0.18791352336258	0.113099870205816
1.60852288014883	2.30775084435777
0.851778482148356	0.466610768121807
-0.0696021748226824	0.0320892128272313
0.462603842311999	0.259907829921013
0.406497205404012	0.276961501719855
0.24517017580692	0.132521105799262
0.656898703051845	0.426294320761894
0.562084699752282	0.424149119040239
-0.0501547872114121	0.0254451802980707
0.104625343242977	0.0644038158671689
0.486537507197669	0.277645936870034
0.386210506373348	0.195768778197468
0.427175130237073	0.197382031170115
0.497192476107766	0.328981672818667
0.958340248408259	0.735873700441215
0.434739145056908	0.300597475108647
0.68733208358247	0.626255580727287
0.539068002446879	0.40714277890738
0.224587573815723	0.160019948661186
-1.36447539438853	0.923566747703677
0.1260801407037	0.0578043028286446
0.0267762886214838	0.0117882912453497
0.545544912867398	0.336731481685002
0.28884232320638	0.18214372507621
-2.04902373026814	0.584535062964325
0.299962705309981	0.123846034771108
0.938742634656501	0.689403072194518
0.237723203646833	0.154298020648048
0.00347230458481119	0.00166252920775275
0.843022809044783	0.71322476758674
-1.18793723636414	0.92009277686494
0.0419391901980914	0.0220623542486836
0.0129545029386867	0.00737512935113331
0.111003378760277	0.0640933958674332
1.21454299450717	1.58094051353494
0.0580793790629388	0.0282661737014357
0.958384002266996	0.698190083730161
0.355370294847148	0.199418832703739
0.838581858150591	0.662908583184078
0.734740300011975	0.599790988139368
0.810725847384451	0.621818763298183
0.0955717353548605	0.0581286421678149
-0.534245347487209	0.302028461876135
0.973559435066729	1.1307886438471
0.322797242865643	0.247467299633661
-0.662952919544273	0.497194865079747
0.650275972065174	0.516864259426925
-0.137523768711063	0.0845681348182439
0.697603913683079	0.482819484667717
-0.926089249274259	0.402786917752585
1.39606358059076	1.24103093743473
-0.15078252095021	0.0826613214096772
-1.41974851978435	1.25618358348068
-0.092308807051817	0.0321103403625453
0.0500360796135131	0.0308424345549617
-1.20078970303345	1.04327238294509
0.431647579358696	0.297581715199674
-0.425468881234213	0.194302568673348
0.0964908070227294	0.0543484497940104
0.145160313318327	0.0800255473150017
-0.610722786478997	0.333025460562552
0.95727817119208	0.781413876771807
0.487094091892652	0.389099546157569
0.861049732254651	0.715809309803194
0.37135110613371	0.187449918507209
0.530579712211686	0.304233699326516
0.0466585005107243	0.0285206573232033
0.485760902440434	0.272287085210089
0.0312291928864446	0.0171401073664402
0.646752123050295	0.507887284496098
1.12996552596655	1.42424816620444
1.16670302896684	1.08437061948819
0.114390843426842	0.0625670681535517
0.610782137988721	0.459160179690949
-0.347684973861507	0.20038471230117
0.138857441244026	0.0615643244236562
0.208850130694539	0.12460091937305
0.750600892539094	0.631588241101479
1.82933802837511	1.93065981327953
-1.58584450593818	1.2239536423254
0.658577851338644	0.561668969807407
0.290114403772018	0.182859708546349
1.29825608853158	0.784532705249082
0.220850476205058	0.117086878772024
0.972990586960238	0.77317022478355
0.813187265036675	0.596252266669896
1.29107682673214	0.80393351031001
0.134412444994759	0.0590242622026728
0.145012479330905	0.0703849270620064
1.53851819758284	0.89890549881183
0.532283772388992	0.333742007749162
0.965859406928288	0.77961604419569
-0.413758061262026	0.197578526589956
0.497939705469033	0.208369306737698
2.14692355571854	1.85503219302603
-0.357202190340736	0.210168098537536
-0.397334327038595	0.159342819246402
0.74382021694343	0.226781474929542
0.136009867547141	0.0532555395978777
-1.15966167563991	0.70132170030464
0.0154202218846465	0.00628141950293496
1.08873668332548	0.697412595738819
-0.398543473192988	0.185915265663567
0.335958897902533	0.185262981770069
0.460217922076214	0.344103024538582
0.0285459008269819	0.0152239606587896
1.08431876751496	0.884171899565379
1.68599741187587	1.3150478181992
-0.618916855526163	0.324562655055731
-0.348669304652499	0.202784167119797
0.427240125807225	0.261114142702486
0.93883644639966	0.656286715312418
0.253249430402487	0.13277595988269
0.607159780805575	0.356922330083519
0.550070715549678	0.294079854865841
0.307694996390248	0.211022272722115
0.0236758970648992	0.0125381851716433
0.432638628989972	0.209008631619426
1.28320931445974	0.873888014142279
0.439138220250238	0.265602916786456
-1.17083172942195	0.72103383528944
0.0150985749813906	0.0077923990833232
-0.163715822650241	0.0672006282054292
0.157324335496903	0.0758344360193949
0.0346644183205078	0.0168110467551372
0.132730459502722	0.0573737115747691
-0.676793714353189	0.315471945000217
1.52752778204764	1.37390430752816
-0.0859334119434393	0.0418149951038447
-1.63548792355591	0.943550016684511
-0.781966482325763	0.39075295095133
0.235145286386452	0.123550969854508
1.09874588834911	0.772335215235926
0.00731340703961999	0.00327642346252281
0.810303030793013	0.405514708093976
0.367189790011451	0.264577980166779
0.273586946068986	0.121064302741141
1.59120121781506	1.74352537783553
0.385718663774104	0.251412642272003
0.43023897636325	0.199150626226202
1.24548531247887	1.07127869754727
1.37192199383133	1.27544649401352
0.682576489507979	0.473236814534078
-1.08308807525901	0.509339049300995
1.18549502678534	1.16009370005206
0.25958952821312	0.159665037660083
0.419574238582015	0.195557461807274
1.2594494805707	0.94960177039789
0.304161576888358	0.176430596720564
0.785020313615506	0.534609460206122
0.261796499039946	0.130532826809008
0.507572880681638	0.255834298514444
1.07329670411742	0.771363651664615
0.643065806257244	0.457959237246839
0.843286416688615	0.720146342027251
0.186404226543443	0.111721699466194
0.729850296323051	0.541827189061215
0.103224627321408	0.0347076883588721
0.692189419865376	0.479145971047286
0.527275252384334	0.324857678543613
0.970300438666967	0.777830444590948
0.964240133698584	0.991336535762395
0.726018192431997	0.555478183924539
0.207258759128913	0.112148668269832
0.969397148026403	0.848622032213335
1.48093809131747	1.62309848794628
0.807626586112573	0.593628381487471
0.510168113059532	0.415096216510762
0.365635143906015	0.238000374156582
0.322478874209968	0.241739937212523
0.389899902066009	0.247061517187223
0.832888743410325	0.636266811530667
0.465467016537719	0.256767491380793
0.471592954461347	0.316189386611219
1.28431573298466	0.914457083054393
-1.12515347227828	0.813634630593136
0.0342764911770849	0.0159070606254529
-0.0582305359742892	0.0276687896898467
0.952345907651589	0.714105429583767
0.0968845786721243	0.0558232592936208
-0.556769072535542	0.244721932472607
-0.600909174952734	0.416241371404426
1.50861450257782	1.04190696088546
-0.105452474231641	0.04705847366648
0.490601526039552	0.345448838977637
0.391144149970814	0.205053338434869
-0.301796909587828	0.147198918633315
-0.600518013124873	0.3509130559824
1.42156419605193	1.15292427976553
0.657422426491129	0.550216068023224
-0.74442043582251	0.522766214707341
0.652256636129518	0.556117079809926
1.22438475289569	1.4272155251474
-0.500336937616675	0.462656339600743
0.149791329508325	0.0944782651307571
0.684981475513734	0.366823799044109
-0.897925888216417	0.671713952481408
0.193925255310201	0.119488137934978
0.542238520868703	0.288529205209172
-0.504525360055925	0.331883988641303
0.370726173948077	0.273105181347466
-0.0904558913084028	0.044063966474436
0.691465197378631	0.485495360456284
0.439592625167792	0.306889683972137
0.688292807597552	0.612859923949209
0.659195533733093	0.445925785335625
-0.513982420512439	0.433477323445396
-0.33515153732594	0.241054531598348
0.176201309748178	0.126719485909476
0.837862591100351	0.670803786774227
0.521515673916102	0.283033716047975
1.0540474926128	1.10735711114726
-0.884831949508815	0.78732010140454
0.781084277394433	0.510214967794794
-0.622596548600836	0.390902315378944
0.209265246961719	0.136935965704325
0.526030908236294	0.382372471770013
0.732021060292932	0.643393746368509
0.561159056708715	0.498866810646733
0.94528658915505	0.719134197286974
-0.307224327475663	0.196364244176855
-0.308492056042024	0.147094503961602
0.971406081215131	0.838875488098614
-0.240082550138387	0.172425087432901
-0.756229318924751	0.59490318298005
0.0948508554650499	0.0606898015371616
1.46885782205472	2.12411426991814
0.00623577894279394	0.00364140239343047
1.58625429136532	1.38404073973376
0.158837645682422	0.0977927084088743
-0.1056560166439	0.0596564389777793
1.02381812518029	0.510351613497108
-1.60108372352575	0.973503468887517
0.233988466589346	0.132989920026083
0.0489458396331585	0.0244403080787008
0.811127277143975	0.566724566099589
0.832083683160047	0.60464934482491
0.527528464414259	0.32909776349253
-0.138423856922295	0.0727251573734082
0.0327999307379237	0.0150286762025881
0.342275635573584	0.185215269673173
0.158786415067805	0.0687265502767259
-0.0283754926031146	0.0163302771948696
-0.36154899362161	0.197773264468054
-0.383907240763594	0.252600375578361
1.08339507662392	0.94760887219768
-0.229392559790745	0.126512340449787
0.433141933029533	0.19829819548754
0.586079132066583	0.342332150692232
0.486455047171215	0.319280749637778
0.954042693415421	0.963392150988853
0.275932806883153	0.199421094026907
-0.824868913168203	0.58642839009538
0.429438455153411	0.300211947723519
1.03597631634945	0.949592307188068
0.633110510737389	0.428358941255179
0.250262674248009	0.106776729134372
0.463369734423944	0.264763317710084
0.650391925204717	0.524062991486411
0.576244979658015	0.495604590799515
0.822718487870509	0.59700602796677
0.172534896067848	0.106822000572324
-0.0544259434561996	0.0289423658252037
1.03379025668466	0.545700901636546
0.843296245742816	0.607391076933791
0.501052845272608	0.436456134647385
-0.517157913873283	0.291401011239997
-1.01876929150611	0.578446809692006
1.28103448305088	1.41605422792064
0.67600936319601	0.361567742474626
-0.281469669004547	0.180883108305062
0.163987371314856	0.0740795945074519
0.469588030583635	0.352351551301197
0.573028988355852	0.456814170342079
1.64751573938282	2.01242707381554
-0.275329278855677	0.217060767634053
0.280656825149112	0.195641535711009
0.0337270801493094	0.0222130873277479
0.640944995387253	0.53778109863368
0.675687255309881	0.598310211501138
0.173947242522705	0.107210955850688
1.22274741230898	1.39314211748036
0.314020868813564	0.252416193524309
0.739866533210971	0.652844173892384
0.510397581430032	0.437150721351882
-1.00114381544445	0.586548405043213
-0.67478326939165	0.480040363300783
1.71130988752038	1.97448068950627
0.372325964964652	0.273873358549566
-0.0194961190658084	0.0129156561606346
0.571145393846843	0.480204578710636
-0.125229968441323	0.0670245556051499
0.512064121501587	0.368731366516554
1.09012912786904	1.03658141960891
0.686671425917471	0.605489242980813
0.261280961432013	0.177870074782936
-0.128029836907744	0.0704909120830436
0.0114742519564483	0.00623755489678243
0.0931859417415628	0.0533608193862325
-0.053755415992149	0.0285960854912353
0.63680092803573	0.551817167378289
0.111131591448139	0.0707526755350619
0.747873550384759	0.60293270289514
1.58786186450621	2.02918919780481
-0.672723894680448	0.52486551558141
-0.206055197363664	0.127484525193185
0.441827507539616	0.412579291173342
-0.634805092933787	0.523574356804822
0.256317925406479	0.127321591244219
0.934028315505279	0.938999961769419
0.657915016502004	0.581235901723894
0.961340416513201	0.990829267038402
0.481687939602765	0.376879863734419
0.239775029265105	0.1292855080186
0.0240238999142917	0.0136387290434251
0.228420450808446	0.169906667604253
-0.724292318153773	0.671016375367602
0.699207196395912	0.493056954925851
-0.258730994789406	0.135607124336074
0.769865625197714	0.666901844177952
0.915688044163592	0.929720008105264
0.698592116586186	0.604472633247907
0.373302382737062	0.269818846746974
0.219551015890359	0.146261893005345
0.0534284651632783	0.0282915903108647
0.28935851333365	0.201777864786997
0.560086902777447	0.454778357771752
0.332023993533711	0.190062631660059
-0.686986071181436	0.547232793054586
0.394323914532147	0.201111724195979
-0.996358226222663	0.783413711765436
-0.759925564236561	0.52465300065631
-0.113502393727726	0.0646302738332736
-0.59463514167118	0.399725323542914
0.836964373781199	0.671824800676531
0.0549676556318223	0.0335114840372682
-1.5679707778683	1.81496591194877
-0.0762777223496419	0.0393941859315917
0.0253865397194137	0.0184281010740851
0.130011612647319	0.089665019235962
0.342314723832202	0.221997672695624
0.433382207305818	0.420808946189516
0.500627276169267	0.425620231397455
-1.11860480213329	0.968595210759112
0.154056687120913	0.10467811550865
0.839488316002053	0.670074528240905
0.0637281397551459	0.0372545771739462
0.119363935817291	0.0764804187038438
-0.409746346137413	0.299189347863453
-0.613021284966872	0.463557769853599
-0.61245596114134	0.538015024050549
0.0100147653074883	0.00649782435725881
0.475290181433587	0.37246000893562
0.559779532441926	0.506544097669662
0.379873812287623	0.267643916832492
0.180777709176911	0.133307741999298
0.871564033182764	1.0003905943674
1.05753502402495	1.02272384573984
0.547007521745298	0.558465430807084
0.18501162509715	0.131902563370082
0.561529721913681	0.465078580255831
1.15304900493268	1.23766937987903
0.570588886567493	0.491273850866175
0.375075565583641	0.228968254528756
-0.974162438389868	1.14271932629432
0.554926138073371	0.42968133408777
-1.55907363667698	1.48290733919048
-1.18879958268815	1.43184747607516
0.333398735424854	0.221641491300722
0.620829819882403	0.515033780782636
-0.0480803487670897	0.024341445395292
0.0323124902035208	0.0147328059328961
-0.128848011557879	0.079390298958174
0.267287483196055	0.183434739300834
0.625473033063833	0.469929337329798
0.350065786417719	0.18700536762724
0.478968741959505	0.319844621464
-0.710026419853573	0.424905314394427
0.240915287277592	0.115352792790498
0.944506908410911	0.948107023462702
0.12066523222345	0.069527709221077
0.870406724906414	0.49901868073301
1.23048428760259	1.25000043443617
-0.594720604247884	0.401614984527833
0.773186539731045	0.728459012220924
1.07838088857329	0.846049222310397
1.09519028703315	0.941046403057964
1.87777926189416	1.57319445839823
-0.131551389293286	0.0867730923150065
-0.411352552312804	0.228755613742532
0.603252950349579	0.43833824986276
0.720723257953675	0.541709156398622
0.395326492357126	0.197074450085668
0.329936601379058	0.258471585261689
0.0377717197856064	0.0186856203171671
0.0970635122820022	0.0570116772659725
0.900406112883444	0.819312901895758
-0.462334970841166	0.283642965317955
0.0684005727845912	0.0390836131892973
-0.804701475258448	0.495507029371851
0.290241308023836	0.200039464368334
0.753607784357307	0.714941458900032
1.25939244147954	1.04377559966369
0.271863602968207	0.179995373454471
0.96824517406912	0.902087512545522
0.601416347996315	0.291811798142725
0.61991416195966	0.355958687587846
-0.838491438961918	0.613110179312445
0.372017644791584	0.23869534990946
0.955137330673672	0.755250542566326
0.527823687119652	0.311631397370998
1.79617021461539	1.56067118188407
0.594064896546849	0.537677364825192
0.700203600645187	0.586390853901871
0.667942812786657	0.44228985274578
1.0838740746975	0.753692455423362
1.83721591856744	2.19771472106322
1.10526026428581	0.954033123694057
0.579619162407954	0.397944584496378
0.417591881199686	0.240782134863858
0.376976372554589	0.240744757818472
0.567035941050296	0.459143899082895
0.738918837854194	0.561145026393466
-1.39375391425452	1.18536950171724
0.831608259266234	0.657931032417242
0.331694719725275	0.222391343340316
-0.51912095548802	0.261239107550299
0.355720301823802	0.288860569662352
-0.06895396633236	0.0326499028848112
0.782442353286654	0.529048564722372
1.2379039903345	1.06190913831648
1.27140463279798	0.910306726012682
1.23976327832343	1.11167593769648
0.744830215680715	0.632977303327785
1.28252393976568	1.38309090549524
0.557802470376179	0.433149087069537
0.595607340214831	0.42255464570006
1.15775660973141	1.22766783456834
0.0182121436613462	0.0111201798062969
0.241503110613385	0.184613000460193
0.1328466137294	0.0692303336951869
0.377134064289283	0.288798334846967
-0.18253645473655	0.128735143263294
0.429137361870487	0.287183786236229
1.68160525815111	2.09621208078049
0.954020163507443	0.778665719266877
0.0933306658526122	0.0556029771665918
0.842041694395763	0.641357174258696
-2.47842561831872	2.32589280525188
0.984548393221246	0.952358776381278
1.59243981508777	2.14358896213544
0.303203944716707	0.230828722771412
0.297274942916108	0.25775117168662
0.159145284232997	0.113761001586869
-0.183279983531702	0.113210377402287
0.455437833248686	0.377091184477173
-1.77119245565503	1.16453823003445
-0.123953621541578	0.0665744778694992
-1.55210880522154	1.47701662967811
-0.0098985700379903	0.00605570490224792
-0.99106593628179	0.869568667382613
0.572822358792689	0.487957968841381
0.670652218051778	0.592155445593453
1.33607294621574	1.37898037997175
0.834318818510003	0.683633066366053
1.29286311182049	1.48339418777087
-0.575103965409491	0.403265960231248
-0.829748964358166	0.630385934036589
-1.26370763862122	1.02909940719021
0.516822690850895	0.304039836541572
0.526067453012034	0.327115539782022
0.940044214822173	0.729615437991524
-0.134055579517313	0.0836632116106297
0.808776199322997	0.540813245284615
2.36697451180516	3.39413654296425
-0.150395786809408	0.0607405769435047
0.178551860323536	0.108328554275324
-0.408953136229806	0.310852270923217
-0.470857497176567	0.32378005230909
-0.581039931756403	0.346383400902652
0.947224655327368	0.811135982448931
0.558083134591373	0.286386974927212
0.306692894354383	0.223534771582943
-0.0289890855555554	0.0158092866893269
-0.224067794644757	0.137010761875075
1.08235371928123	0.919896645882442
-0.969764592359579	0.831638340262859
0.287479649661776	0.163595395739905
0.655278016488238	0.419479205304318
0.206045350433485	0.124944459430722
0.719962457303096	0.50219221150466
0.300217417164254	0.193432862621116
-0.430297297360689	0.31055390944885
0.656220892144825	0.424404444947227
0.140587842704534	0.0709358616282501
0.913274724093927	0.564018941395857
-1.70008925586596	1.11840972639134
-0.152715238932419	0.0848191331360535
-0.438643308223749	0.268187734611093
1.10222442854328	0.791480008822993
0.264435569587397	0.169025551412253
0.475248831707874	0.268507371953883
-0.715668483257574	0.420639629907946
0.986404636355661	0.832594815570922
-0.294382590216012	0.13045075082384
2.03415147639886	2.18426480024623
0.474689329384102	0.299153547596879
0.53767513633467	0.292640734002563
0.621433524090375	0.363775383219132
0.956339023380458	0.827338491382414
0.615777142436743	0.30151959421828
0.472734356993415	0.30637086998369
-1.27209295817751	0.848155621083991
-0.269137130362459	0.142598046547526
0.582455403818931	0.386732640308271
1.0577934308609	0.628548502417732
1.48494477535832	1.48684583422238
0.294476329848044	0.18594826795686
0.438890344065239	0.20543137137146
0.259804052261466	0.131092703100372
0.0111308503510031	0.0047084568206063
-1.08721966018975	0.664731884979693
-0.220641944261931	0.103513516559821
-1.93260270616843	1.38981469202262
0.542886948945673	0.417334742969514
0.88905449463954	0.559177600652708
-2.33740401384858	1.3766071911996
-0.427396666752325	0.232540257600529
-0.0149256870680789	0.00568209454362752
1.03910500132577	1.11591795333047
0.777649314437231	0.708589443032209
0.134276196292871	0.0587976636110043
-0.658066731947139	0.470315840547913
1.19597631780547	1.23536804792166
-0.734199964580203	0.611206352562716
1.41206636387319	1.51201426541451
0.146539500282076	0.0692083914244921
0.0508375122648414	0.022667923959651
-0.301392294074582	0.175484384822112
0.727241076099408	0.575899204495162
1.07579799592592	0.980380438065309
0.759540344894452	0.759868306477354
0.966877493558181	0.841154732896016
0.56525131062001	0.487657287259717
0.417726637592928	0.340187048484432
0.872422641985191	0.81947903140282
-0.0479831668612512	0.0261549948746311
0.529458707703226	0.373032422737076
0.651008788421026	0.624207804040922
0.00765212228498659	0.00409189936130795
0.756514544151605	0.651642440241595
-0.238759977821088	0.146103974523334
1.0655375832484	0.618981385467106
-0.214638713905894	0.138904630160673
0.0113933454957714	0.00585718080546885
0.0528810938667611	0.0312772488318309
0.630411708826908	0.560405026257444
-0.423129416300261	0.198563412464831
0.628668859111054	0.474221433710675
-0.000167926846799058	0.000537188033635139
0.301175369562567	0.171338660581811
-0.52064836801516	0.263772391927093
-0.286112876939802	0.125969428788576
0.298717201542599	0.1207552437754
0.59400222254157	0.406948739213763
0.369739955231543	0.205762979440563
0.883999715769458	1.03240410889105
0.476222177059634	0.310951268557789
1.07899635422431	0.880298875618391
0.340666289773505	0.22824323913523
0.253924772817876	0.192780999490242
-0.700341222782745	0.49898738484163
-0.325285224092137	0.166707683092868
0.408601650175521	0.24035899807922
-0.109583393675114	0.0718762767718588
0.317891604888964	0.187679891882938
-0.0491929684844302	0.0268077235786196
0.710849077684329	0.51843712884587
0.164922345221613	0.118222477095468
0.443595509380358	0.399342910802024
-0.226707237509896	0.134764410296108
1.1493304243922	1.42749367391278
0.94290110952159	0.637708229755902
0.843011660471227	0.666095305100901
0.491849732694995	0.315479928893909
0.286624987566827	0.129231192439817
1.19615093908402	1.45157662285682
-1.29841690842611	0.801849271642629
-0.474816214079045	0.338176675677517
-0.930194434987402	0.396263679534991
0.468468021115213	0.349766067140271
0.736999399664919	0.620901027874295
-0.634987526741492	0.346463544397899
-1.56986804907407	1.27901651332106
0.524018714731554	0.326164305751149
-0.051465396782901	0.0259993077952781
0.124346323190553	0.069005459863752
1.08650911416277	0.823865763212807
-0.106410981200011	0.0475092871028621
0.813996497463401	0.570422451238064
0.731246637040728	0.559358639849892
0.32793982527253	0.218579784702538
0.56964531969045	0.585899236857701
0.390341983655892	0.318701972500343
-0.0739739437594359	0.0497263474685913
-0.534760124052085	0.435353817649555
-0.00453344836166338	0.00324147450772844
-0.500327557952263	0.316996273211463
0.254078528828013	0.124900032382444
0.239548498501724	0.156742086981486
-0.134109345224876	0.0942966368677717
0.85911374952348	0.692907781954251
0.505349839205371	0.36119301085148
0.25375368198861	0.190652428693993
0.644066737008732	0.619176337419357
-0.116456190979125	0.0791133694293155
0.0233912815476979	0.0164587130190807
-1.32793794642045	1.48270630298802
-1.04333215634167	0.722638146924868
0.941142473083724	0.964619490268527
-0.137495077778037	0.0729155221507634
-0.842745776372807	0.590762494053037
-0.233021396380814	0.13300423160831
-0.392802476094658	0.186736287330055
-1.05501392686168	0.889353709359905
0.140060587498999	0.0717642194763833
-1.1187101769692	0.943168037389524
0.562884312975463	0.574769622475636
-0.00806036337048754	0.00526726124665956
-0.0875847656166121	0.0552870938010837
-0.131465957103913	0.0767446172157882
0.119964868671741	0.077913612895393
1.27386983699334	1.65544246276202
-0.300605348779196	0.185098211251588
0.432124116008767	0.296587208438441
-1.21624289035398	1.18140692833575
0.324039215943593	0.256191812358258
-0.141740835128787	0.0990415499692137
0.160741569859201	0.123011527867667
1.09438120975569	1.0898305412678
0.478219091231159	0.278344501967898
0.851216261542306	0.875718009131344
0.472418842460699	0.35353790846575
-0.993904884800847	0.7998346428478
1.0871341393855	1.03048974202111
0.607971342399991	0.655686078197418
-0.298299112783437	0.178228285145881
0.569505314660979	0.490094175488844
1.48963735144451	1.50589833783438
0.0348297490578141	0.0172524050133807
-0.398364475703011	0.213063481041656
1.18861435445061	1.16840460640229
0.639588261104695	0.500069715126276
0.179884395895293	0.136080338887182
1.18711721938188	1.19266699220392
-0.160304824821573	0.0926549485558301
-0.616301966189795	0.361033230106425
0.00353844726391391	0.00196294344832143
-1.19624832267775	1.25116713396405
0.663593466880925	0.542800137109348
-0.748479040422349	0.48633725398908
0.0785723315703065	0.0440571503186175
0.0679228376295302	0.0468611700944523
-1.70574755898386	1.46266455294837
-0.220688778557208	0.104199836903046
0.438322002891946	0.308207786224288
0.690484635590504	0.474233662016142
0.408945226493934	0.307277204874297
0.652316402803134	0.430297402957024
-0.598679759425788	0.422418525695624
-0.605224646670706	0.415117949108195
0.587772264114257	0.391155370549248
1.0161693224353	1.15450752160354
0.0472983231256366	0.0321592762895405
1.34974783838961	1.25602203104736
0.362421582227468	0.229449047316727
-0.156319987462582	0.0857434288429798
0.572522482958218	0.49384268224222
0.548102500128475	0.420283384005038
0.355893942051547	0.251242694732586
-0.443069847789869	0.337567317776208
-0.527404328034434	0.384028062459091
-0.139514270207227	0.0552114122449944
-0.951936855063694	0.937136993731743
1.03795066915982	1.11472245199908
-0.0522274029740894	0.029832709382385
0.444144562828074	0.206594228406747
0.739270598444034	0.55938415569135
-1.32738913314638	1.07383491425357
0.105298916803807	0.0679986459940074
0.988582034012376	0.929374709089085
0.488155656576441	0.399994158335528
0.0253147594103104	0.0116468257979064
-0.520168389696004	0.310208107385579
1.19494291659854	1.21786781080787
0.237618993207104	0.12701253307213
-0.23922394736089	0.138261414043058
0.03843728714867	0.0203354090823865
0.393592592818524	0.196842729496225
0.282480577879312	0.129020468048847
-0.156864004415139	0.0791866084164652
-0.0916276990758318	0.040805343749001
-0.0673900870086684	0.0340834968467957
0.609919472978013	0.297025441402454
0.934974603133098	0.680569681816343
0.859553625591261	0.485355228028373
-0.0908552983354435	0.0396295141388344
0.537076559938316	0.291174333597303
0.51697078883666	0.271913917191341
0.946195811862695	0.654970876881464
0.759922972021822	0.469586597486249
0.0150920310044378	0.00389913615268285
-0.582065508436029	0.350044514319613
0.0846102421736659	0.028657673335031
0.0260670502175356	0.013353459519316
-1.40585475774474	0.762493081456092
0.703031636475386	0.303632113067567
-0.0852472574834983	0.0288849276204173
-2.11856702501253	1.11360277692302
0.957109285600509	0.880555226125377
-0.0484902621240355	0.0251567535928933
-1.27824794160988	0.462836347549431
-0.342436561829157	0.190782248607525
-1.7606425939253	1.4935473528775
0.441106492937774	0.197887854039087
0.00600808811593504	0.00303700317977494
0.534233248681061	0.285654623303679
0.856419927688097	0.710931911507382
-0.0931895524889977	0.0325016308966472
0.558032989255668	0.346884233513495
0.914908926578724	0.597099557709692
0.92902697730271	0.656039343656662
0.251646591311358	0.132104449185328
0.870666289908488	0.507743419325982
0.350360505985981	0.189995296996398
0.392075058461209	0.201477593433726
0.611717839746839	0.355158138381006
0.491525586362883	0.210036021137346
0.262487967480396	0.123833052658615
0.472721811724049	0.378685221266374
0.853985439147056	0.4956125539219
0.749289567364212	0.639239013290089
0.0455295548307423	0.0222953438984254
1.09415080864696	0.828162948094074
0.433363029666818	0.262454140066556
-0.257727585873421	0.0916924423535279
0.687199055228969	0.486543443704051
-0.736158011674698	0.410353667065588
1.08986965614494	0.849936687679437
-0.671222389862984	0.326619713656679
0.964783366499003	0.442669054159181
-0.627386203856745	0.339871149151927
-0.060468849425618	0.0303435941781041
-1.25626267531659	0.817545976874444
1.18993567838406	1.12532521949649
-0.427693454663679	0.201868740593295
-0.460425513396115	0.327426555299316
-0.172795027174591	0.0903373008824237
-1.20529071535993	0.729388783451049
-0.220712371027718	0.106793837210446
-0.0711124731797077	0.0340533561507957
-0.631489573828623	0.329415118886826
-0.0728615570137328	0.0348780485925917
1.69079411134004	1.28746262320652
1.67943843969902	1.25152160403045
1.06817662493696	0.617942137179365
0.779871926422698	0.517665375804152
0.384593156418294	0.248370960422752
0.451153252139333	0.288017535299989
0.526230495766185	0.383340607741495
0.0938169289302645	0.0533022010481686
0.322357983764208	0.191039602089153
0.954263002233141	0.973385155549862
1.83537307666369	1.83165316941098
1.09709773725585	0.917202450843418
1.28498349743138	1.3543617299855
0.41454679377765	0.298420713120404
1.26067887861837	1.7228892368204
-1.09636409250286	0.633416736760801
0.777807076259758	0.700727101006352
0.842149613883783	0.702382894314169
0.0205401154732405	0.0109746734199175
0.851393950063263	0.89404743325786
0.424374154418712	0.294611498864905
0.422768968933766	0.291352622362501
0.00641205544100988	0.00347729633200011
1.10862300202997	0.982620943612011
0.0870361994777131	0.0495306130008324
-0.107737195741065	0.0466909732830677
-0.0560557222690052	0.0296514922890502
-1.37341274939851	1.52079678991706
-0.376174328450652	0.256753331186912
-0.132885494077926	0.0771014089346549
-0.320970215588358	0.202403767854058
0.258878128017076	0.130425173545992
0.647917822494603	0.513110702179637
-0.522852333149489	0.375275439901285
0.245030112461409	0.154167368987114
0.45182035629043	0.293189266610757
-0.148061709783115	0.0842665992691712
0.510743176497164	0.315510584816123
0.141941756467888	0.0602608934229508
-0.237834960602139	0.130728396709764
0.30630098289875	0.225674514212862
0.76949779912967	0.991285972289072
0.781739729451272	0.835212197756528
1.20954698266978	1.1694337239728
0.751620341723321	0.755701131037712
1.1773051065764	1.2379809642198
1.43861529982	1.86821720307219
-0.296402454203415	0.225178210970098
0.247733917947804	0.204441858021304
0.620894407989697	0.462892748561277
0.210442588041994	0.121412413912298
0.464994351395658	0.366506659844096
0.470820499432677	0.368951846518519
-0.329354913348713	0.253684431071665
0.349354101502236	0.189076861861366
0.486060052014327	0.277065424010643
-0.600129067459395	0.371433883403358
0.471670489348025	0.381052293785453
-0.0539651189759222	0.0359059169174149
-0.736717483770653	0.642131165103742
0.210476329881275	0.145540793662511
-0.00901452866432272	0.00512185819617791
0.601537267888131	0.573325546022141
-0.310448618758427	0.202467155582678
-0.941792039126617	0.412935906368947
-0.908729750870757	0.572041208321505
0.368012239575926	0.267430041013884
0.403524441457419	0.206164975080204
-0.916004806115584	0.574657873574091
0.00873310415416362	0.00504542623892916
-0.276311847042597	0.125136800151691
-0.348068428073691	0.205266215843156
-0.589915473988932	0.395918280133097
-0.231227248637842	0.136377163614367
1.55342645165063	0.975473052122722
1.33386346320168	1.64728334024348
0.858936139993539	0.714326840390517
0.911619970042002	0.970973223566434
0.672783031691014	0.594568604245255
0.352363422988729	0.306294871283623
0.589130594552216	0.399523947873309
0.231779923051101	0.165193534643767
0.295088162376598	0.240145884274776
-0.122508250594875	0.0863457301182137
-0.221035900671325	0.125607777890535
0.460115957772503	0.301208181390126
0.528487833640324	0.334888846999759
0.174793547613548	0.102714638521635
0.0376525838902886	0.0170032419074993
0.608343402702069	0.359923598397206
0.702409856657708	0.496800002241857
1.41044661867447	1.52076391951013
-0.649244145524042	0.33799957071535
1.54909822477411	1.79126959755384
0.13999956982707	0.0679208331472693
-0.679119767983882	0.43977960028829
0.100526051361552	0.0586988103213083
-4.08872779183518	1.89173842013028
0.337793263634031	0.228886099258941
-1.20598988945623	1.04872808439085
-0.328822645531684	0.187516996721312
-0.969648888447071	0.652667603391057
0.695264843988569	0.498660451764615
0.686530118446118	0.376965873724924
-2.74716628265456	1.87626380884239
0.0282938624319025	0.0142000964555401
0.581418310448253	0.518332878613325
0.390617366174717	0.298898582018812
-0.502896552203705	0.382286171692088
2.14765546094291	2.12670181374267
1.10819671832596	1.27955653138704
0.871068468864388	0.985803967232433
1.72854859580608	2.25074481828163
0.484393777818154	0.318899498475035
0.574986100158678	0.474599564552007
0.681801771313637	0.771877943691911
0.324504250357438	0.27555561218303
0.153311995142807	0.108143823505668
0.525523624832575	0.390916380344672
0.583913429560797	0.381565652462317
-0.090951877562871	0.0393173075415309
0.871204410328167	0.4929046604791
1.86048165107476	1.61147858691277
0.776661616495108	0.70888921736714
1.08538068568861	0.908258082144124
0.409082297392148	0.242241429506071
-1.16484815231982	0.859972072791995
-0.583741386151551	0.393659699173263
0.0358464461613665	0.0187279576905368
0.0349264228221992	0.0180499262588934
-0.401431828419974	0.273952230923866
0.121763898630519	0.0620962330946622
0.344814363045752	0.246129361107876
-0.0181874643787213	0.0115433748475655
0.140751616735839	0.0616704876230057
1.9174982726345	1.9207393280129
-0.0732111069893514	0.0354855821792791
-1.44311247745846	1.07251794356627
-0.190763421594486	0.0952961649368012
0.359720983356455	0.199645464249831
-0.735514062447813	0.603718112201375
0.186160054968754	0.097835711777352
-0.522900162239221	0.407316856163647
0.488129775328434	0.323549163197261
1.08787516000532	0.981724175383764
0.66263888686293	0.594852357239542
1.08213926175468	0.754199221361517
0.0382620192801596	0.0173149914302127
0.556925079201433	0.366233143465449
-0.0485369487342929	0.026670741690097
0.213496969343917	0.123934611428793
0.844097892833475	0.712121306024655
0.259982959637713	0.158732763007021
-0.0432857869643997	0.0227859750026882
0.918580173996244	0.58129113856997
1.69415166081114	1.30609386912127
1.91114785225917	1.81182393991381
-0.54791510553822	0.242419996081027
-0.0640098890163648	0.0347112465493921
-0.803718299040906	0.485874020424482
0.273853063446626	0.163876121205345
0.618897027711227	0.369286119674885
0.222476392244642	0.128287456118818
0.389336082397056	0.252082075491816
-0.611885282354418	0.324893452070903
0.437768788308537	0.203163743580547
0.907646123598567	0.571073933594598
0.405740982870222	0.206683634783688
0.466105503986206	0.263764166046678
1.2470641608276	0.89330557407438
0.123625821544512	0.0672796380663416
0.402563851128466	0.203729141808932
0.135385198017625	0.0526906740471696
1.21616088454619	1.43381242186102
1.48733959068386	1.50339018655311
0.666936588318817	0.639762298388688
0.347456043893986	0.236861452666056
0.500022948343049	0.422804116707669
0.994136212556035	1.07807264278177
0.281520629421252	0.23797358258481
-0.303621148437715	0.214028095683565
0.930426365656436	1.1579222500461
0.0541867748594539	0.0337244413981832
0.540112920166885	0.521466118389272
0.823360072768197	0.894749048505038
0.635796871263443	0.40205608953846
0.472659931957527	0.27361741367601
0.77085129541141	0.706785834085948
1.07985698947808	1.53798062729348
0.531990325642619	0.274328595109177
0.0206838161262639	0.0107922977248364
0.212477941552161	0.12521474211749
1.23609416667602	1.11683196861858
0.181922351453301	0.108417240547632
0.375265432698103	0.239893331707246
0.584945613739627	0.490408353966401
0.801983524117586	0.540261731435354
0.537218501378315	0.406182137814017
-0.42427237884266	0.256434772594654
1.22786206077703	1.09628327408744
0.847169578015691	0.880454891838496
1.08841154700318	0.980366855332174
0.0605394297353866	0.0376702609841444
-0.490407291504738	0.368865687522442
0.0922642309529416	0.0556930912615264
0.562247584679967	0.494552832526591
0.30316802363876	0.183543319574795
-0.0432519896786623	0.0232651951794751
0.472251530080846	0.319858135441486
0.49217005152552	0.324182775526863
0.617430563000816	0.602422249716146
0.274570210438344	0.169594265272433
1.25439115053957	0.971844830398506
1.09662683107239	0.80341269510793
0.0549752875253727	0.0269452522509895
-0.362623122047614	0.20863287710724
1.23646706323611	1.10818107208621
-0.0570982941434777	0.0351983085607313
1.03798197295463	1.12818269951761
0.0700568751113372	0.0427909731149325
-0.166842515408456	0.0957262830595131
0.0436945491800619	0.0233871793732707
1.34038669011747	1.17747262323732
1.08519363335196	0.93114150515217
1.20304609428132	1.16284254556241
0.69814277161887	0.496464590088586
0.96779227618431	0.721003747318463
0.243135171279504	0.155586775807888
0.129055437229213	0.0547168277921249
0.862650561267585	0.737573301611128
0.253395581268618	0.115639387743125
0.377653523216248	0.265271072467905
-0.899531489123229	0.468701934671575
0.276777207360249	0.158932290879035
0.684732755457736	0.602554143713091
0.168065426954355	0.0991080748986536
0.338509062882016	0.229366251620434
0.303434901956764	0.175282917708889
0.234348732287743	0.126297198868317
1.17997315411075	1.24707920648948
1.1941989522502	1.21209190802593
0.757146055302868	0.6105476832218
0.50811188428666	0.480493677433406
0.719447796498294	0.685866956313086
0.849235501408451	0.633211063754705
0.522264140048229	0.325731362181303
0.933991511881975	0.632818932871538
0.659241708641639	0.423632089407557
0.978974725348366	0.935852898833199
0.513542640341905	0.379379100230029
0.923713958371569	0.961457141199539
1.0569043548467	0.624403428162282
0.401599318053178	0.30475190606485
0.666486651469497	0.583787296158047
0.243773466426809	0.192489925937681
0.24155133319995	0.11840748830977
0.660106438593523	0.437034260672206
0.621550177042418	0.460533922665447
0.409093476420906	0.360794638138168
0.42203690595929	0.259453429189976
0.538769038814255	0.413553337743685
0.0298316077858971	0.0133253176987583
1.88163893611744	2.41094788183524
0.587230618211398	0.509308388024466
-0.935505963963796	0.88247662303079
-0.110066013477634	0.0625874537328303
0.677583729388092	0.626483911749892
0.49358167500468	0.483318861783236
0.629123746999156	0.4654262893729
0.788675596889876	0.514476072842392
0.385076418495252	0.251284215724577
0.507521987755947	0.352938957350181
0.496458242518415	0.472272139812454
0.709752398918435	0.497645079269902
0.402774128022053	0.316019115385104
-1.21964546747182	0.962463416527747
0.281944608525469	0.214997731472327
0.282643217407244	0.205991759657588
0.327151644313688	0.221834516654055
0.399716527564684	0.300519315797868
0.486028663299841	0.485289331132783
0.0148141919727982	0.0082703139262525
0.660806388844981	0.546368590578678
0.914719346325434	1.08994153309492
0.642093878891711	0.504008199982588
0.753078210676304	0.718121869683136
0.918896135714851	0.96550508021557
0.24929488444262	0.15782202019964
1.32731543635601	1.25471337272923
0.585227140348368	0.507641353003483
1.88356335629532	2.67247195506772
0.858441598788162	0.731844851206737
0.101167149507307	0.0477184243041992
0.0950422446241954	0.0609567568258776
0.0663998047402803	0.0394630427243846
0.291108072219122	0.204848082084945
0.0737872977035802	0.0438741304215161
1.24533441747467	1.48152409622006
-0.0600721593303441	0.0363503664725345
0.320915182986701	0.208275510163965
0.26492483228988	0.162006766622655
0.121867530031867	0.0627901734165962
-0.746753103623829	0.666912195098209
0.67769185472426	0.642595627557363
0.298208596727928	0.208024806804814
0.42585557058682	0.387175026473876
0.197398940634535	0.141471478987548
0.336724693579682	0.246757910849189
0.400901093964945	0.209921540215468
0.450508677008121	0.33031170580338
0.279920801205566	0.214874938346583
0.229456385543368	0.160479512502926
0.412614962508428	0.398643750237855
0.0577352368914482	0.035428819888708
0.0696452636240473	0.0416879175214476
-0.47502254882499	0.442804130258467
0.0755723101035048	0.0451653460566016
0.261741074735915	0.214043249388572
0.211630474570053	0.142361141683072
0.807491619409133	0.874089307892373
0.528902388071638	0.373449754514597
0.350807838427879	0.244252903442475
0.476121208126757	0.289377589246853
0.697131333073447	0.499242006487616
0.333906918366168	0.225205457694617
-0.503053672948006	0.281680246521578
0.0609319073112382	0.0366944399089026
0.21399604118327	0.150930316931822
2.54332481095729	2.75382537644802
-0.118206727444775	0.0664125009137228
-0.0480803487670897	0.024341445395292
0.272822769239522	0.169403022645335
0.572248356150341	0.547715030998417
0.651757638019632	0.554690857407296
0.280893864411211	0.240574136278229
0.0781124334789297	0.0563319458334787
-0.0316794041619414	0.0181163695333203
-0.0600098771818088	0.0338601833728354
0.635859144864706	0.560279090182814
0.404026006903754	0.343155866910695
0.269014569055079	0.133626895526316
1.25396577947884	0.990359516441334
0.833960138095201	0.644339886604018
0.600300569660609	0.35432747201808
0.318725114794609	0.186346264558891
0.143437736169113	0.0630479399844361
0.919427536797038	0.973456368866067
0.547581869725588	0.339981186927695
-0.0452602969448648	0.0243939245716018
0.97912675582631	0.983261254945609
-1.07811218468293	1.13449660782424
-0.131756381155828	0.076139524514164
-0.100713149311069	0.0446415366293686
0.460885529150036	0.29062484065505
0.430669441163418	0.262668846469405
0.48640403121119	0.38784425914584
0.402624711250536	0.321787733263546
-1.69652740223571	1.34713786642868
-0.0715544689301252	0.0351383670389089
-0.607180965667773	0.413214930074591
-0.620818010253858	0.507692240114077
-0.845327688286536	0.561780576214675
0.150640092571543	0.0771511603387477
0.674132583859736	0.604427442938615
0.779249400994273	0.710700410020476
-0.901114367053583	0.576200304949384
1.09779293308596	0.864352001392403
0.24127749793862	0.156170746139798
0.381220166417384	0.277383214358611
-0.612072700827535	0.375288832350024
-0.37233006225834	0.248959173541485
0.665325419537103	0.583505054061287
0.283632319281639	0.199459543880057
0.0980243101196731	0.0684939054933333
0.274985261176562	0.220347814279877
0.0988351707671005	0.0707400665706631
0.399183106306609	0.303413882606413
0.262592232382502	0.199142253074666
-0.0692576382640978	0.0403132420973749
-0.516054195278951	0.330550575375397
0.32171958993772	0.235006509599214
-0.259554366012458	0.194575231389673
-0.340149041640492	0.244991773859474
-0.145393149427656	0.08882532394369
0.136969061007083	0.0655194651933661
0.512443075905668	0.4727197707357
-0.685364434168943	0.638271895832383
0.137227112867984	0.100713151466492
-0.312805736724141	0.314875863861678
0.942290821493454	1.23949604880223
0.217368223723477	0.170975498499006
0.21512689541205	0.155708604072693
0.0420756256470999	0.027124353001892
-0.151200343948904	0.0832671098323414
-0.478855593063542	0.473857802172349
0.212614525737772	0.126839541320838
0.243441644787248	0.151807887909026
0.572593300926973	0.431954332210529
0.330796968546207	0.256907718686669
0.467562510512931	0.457624120246746
0.437350989954598	0.323003016891245
0.556279302853254	0.539385167730979
0.765958036289696	0.712935800148452
1.4539791201861	1.82177400378722
0.562038982127833	0.459493749958012
-0.305809595622466	0.209024429009929
0.180564508156701	0.132039495887768
0.808090098605574	0.893989175842849
0.0646587327552196	0.0417472491767347
0.264564566829449	0.161106289809625
0.863525237303386	0.823338937698552
0.621302394283039	0.476379163084191
0.21485638028186	0.153677473956703
0.753889440610213	0.621257618776181
-0.0453136828566262	0.0310256402471265
-0.0897988176084475	0.0583897350190655
-0.376555722855526	0.204271164264904
-0.0652822805102619	0.0406071144779569
0.739297758723083	0.788330608377787
0.268256108505347	0.160716844229532
0.000977599793094774	0.000519891285958057
0.499678138429651	0.390284352787151
0.0106944939156602	0.00600718233250739
0.96000172176795	0.966225572130528
0.0549600825103258	0.0362198348018012
0.0436026242859774	0.0286871685403094
0.84510852215494	0.748821626215059
0.698498756335574	0.512228608483272
-0.0140819392495444	0.00976994831915929
-0.128992018254674	0.0845380392155508
0.843060545124226	1.01324434346318
-0.988814584414215	0.957759847361115
0.259762882077294	0.176140209390851
0.025284411543377	0.0152584740863608
-0.288726298514228	0.21683987432957
0.10785031599535	0.081709334286695
0.262416160808202	0.216227100742095
1.49821303135585	2.16304534934467
-0.64272219459043	0.536970043885412
-0.744835375844937	0.608764671441231
0.42777349539455	0.38136840361996
0.791168875488917	0.825925696298643
-0.573265600541788	0.57439730479073
1.07495503771842	1.04127206542415
0.30706171320493	0.226896049544105
0.714387368238807	0.536411155496236
0.940765184070059	0.984823895327308
-0.528363517664444	0.45776634334893
0.976107638373665	1.15269072354461
-0.0964593989305832	0.0593600549366697
0.365074306834677	0.279979378257976
-0.366763994425022	0.250461037426362
-0.298442564107958	0.205514007629555
0.0135833632555971	0.00757716101226334
0.321774222992158	0.266905965889223
0.0486720492831816	0.0328592018253794
0.853686020492797	0.841423859560475
0.282325365581899	0.197507566511486
0.309883448587106	0.228968391450804
-0.0767427240862583	0.0419223999148913
-0.201960601296855	0.13147723276237
0.167919477485855	0.122214163453316
0.94015075629769	0.70393234531228
0.0296153458048167	0.0149631082737036
-0.55380708929859	0.472084107363305
0.385752322483816	0.250392805178899
-0.286157467860937	0.127562554662513
0.314745003812593	0.184773555048227
1.35061449938945	1.25682269909734
-0.441876911274904	0.25975737416695
1.04396838089381	0.595264922359689
0.739945314333737	0.589018033884241
1.70800059546327	2.11987675951402
-0.0974496195204358	0.0617690817489855
0.0716349660270204	0.0537562196482572
0.0465830734036521	0.0273284524222303
0.564580169670285	0.375959064847444
0.0171333140623044	0.00962837291874258
-1.69615407727686	1.3961263005276
-0.201000872860491	0.121173560473566
0.506879893574082	0.426952998634879
0.733101502792611	0.738096763894348
-0.349968208415761	0.202232459576463
0.737698624516379	0.601740278821174
0.335839973433728	0.234355005771882
-0.372211953594526	0.214162648590537
0.754971976356281	0.627142943277334
0.946908471346376	0.79591379220767
0.535472816653365	0.41870847700416
0.271235636378268	0.225734072747917
0.577838439776547	0.556526585653147
1.54195798485285	2.0175894805908
0.871083651902633	0.943603047705435
-0.0750541788162062	0.0540953619341139
0.676705803039206	0.56509864471536
-0.473664282165912	0.324912588245956
-0.208529291496781	0.137931227749915
-2.0944430965448	1.67980192292477
0.155138886490151	0.0959803925001161
0.565543447905931	0.4360122966126
0.846252798682186	0.842386904038182
-0.0261440205576252	0.0151475543069125
0.476921511177651	0.384485306596323
-0.231297534335689	0.133396690914613
0.260683068043065	0.173238979225706
1.26404386100167	1.3630614099699
-0.1855948878182	0.0935344857830512
0.231605314966884	0.129560667327243
0.419738091968099	0.284561589691931
-0.502736072411571	0.290808424290658
-0.462232273693315	0.308604497292833
0.454026539830406	0.287005736066648
0.456784895740428	0.339608566721224
0.439011189764566	0.322613481813083
0.374879608033112	0.275204234437683
0.254999964981668	0.176018461751924
-0.0261748077585916	0.0168757041606379
0.273179575012832	0.171644641462355
0.480259152319352	0.380087719299692
0.325770705572814	0.194602325024994
0.977723744846613	0.785092351842779
0.630218640335996	0.646453608626448
0.495505140677645	0.44075282939401
-0.467449420951206	0.378424081013655
0.299165367175255	0.218765153855487
0.300376528008927	0.217047898875788
0.931927807033175	0.656005897505315
0.243962506993188	0.129445555260515
0.543893990412121	0.346793775936943
-0.131949710688494	0.0846473280235402
-0.197148253354332	0.134048844480929
1.43643043853088	1.86169066708622
-0.36224480759496	0.283478275672172
0.756780299429098	0.659114062338551
1.52883823265493	1.77972100539145
0.740852410819922	0.715732665689087
1.03199455167496	1.15018031222844
0.136784826243833	0.0954702056208405
-0.407747152800351	0.337182358465041
-0.145113558898932	0.0941648723819713
-0.551065978758286	0.531010889485956
0.851715276491433	0.773393706067211
0.13429353876688	0.0512122394961476
1.34949616525823	1.61816022403308
0.474726202853005	0.399095079938913
0.624257523840912	0.370099864474804
0.655612083852173	0.524328174206559
-0.00642082468305277	0.0037143025958894
-1.17079566113823	1.0114756539157
-0.0763322958517349	0.0448095793494624
1.60738241999864	1.72016516948006
-0.160188107278708	0.0833807152784606
0.803573200398023	0.565093881732511
0.168991768441013	0.0988280551439815
0.277873987835096	0.175846293242065
0.605362809516614	0.536422105268875
0.214727035597467	0.12334689145877
0.670950225155502	0.464466305666233
1.35738377987834	1.26610062093999
0.561670237036199	0.479787642831636
-0.0356611935411178	0.0205279615504495
0.159798940197164	0.0986088275478767
-0.0740530890373936	0.0489753967784166
0.176855934743184	0.104121101447063
0.146445966113049	0.087707761029853
0.855553088218947	0.763455861761964
0.12774831119455	0.0560128199060453
0.738233679543232	0.667133575342895
0.251583416922538	0.161033549063106
-0.879949489352403	0.778107123374251
0.179398236939509	0.107838013509836
0.70269610344054	0.515961022673467
0.0327301878880395	0.0203361266501101
0.948576059971877	0.691936301461976
0.507190628090005	0.398648435310623
0.526198304045079	0.328051579314862
0.106317815804814	0.0683439356809993
1.3617009970767	1.3304469135337
0.948621392187165	0.710134558383729
0.229320393623897	0.120940519932852
0.0165742427121828	0.00925586243526218
0.833084184919177	0.678132624526351
-0.200128689372511	0.121692025753673
1.06491750719384	0.981774893308335
0.187248184522012	0.141665765057274
0.477329840169834	0.397702997108826
0.0158405511964058	0.00869894075846861
-0.0296826377335514	0.0158077278742431
0.234347560817602	0.108137975781794
0.507431035015045	0.352284086983677
0.258319750356881	0.125702971673785
1.24128838097719	1.09702651702144
-0.138424209702156	0.075367196256197
0.602981434675911	0.408652221455444
0.406099434479494	0.293028623149356
0.0812262199899937	0.0486618846668105
-0.0488868149386217	0.0299666719106464
0.20770719953488	0.11955864362089
-0.0474543616208423	0.027640398505348
0.281586061733821	0.120240514960401
0.985650569617795	0.785573286334629
1.13981931714127	1.24272429618428
1.16479000324541	1.25260890790903
0.229862210072685	0.13187314545396
0.92661992105462	0.637327120754497
-0.235105969004904	0.140744931214035
-0.142871460211116	0.0750028379983421
-0.0468063619965189	0.0238031449350925
1.22845521144171	1.11480767582842
-0.416343428158132	0.294778465951507
0.626529554597749	0.549586681992618
0.534598049646107	0.284954827153822
0.572185644037019	0.394488932724423
0.4784199963915	0.380271743840292
0.105087619464971	0.0532141773318214
0.929755301845907	0.689153782065776
0.750405818421361	0.620043587788987
-0.187960117138099	0.124307567010001
-0.505116897286877	0.291176082073413
0.107936479756418	0.0628234231109055
-0.571317166641243	0.450370293239812
0.151652336357319	0.0656883621406353
0.249163579446893	0.122515958724994
0.106570875349538	0.059861548420286
0.515863900586793	0.363455494570444
0.100251000817453	0.0696165345235234
0.370978027756927	0.265845739373867
0.369031569581313	0.280208254040312
0.416689730290598	0.366607879198515
0.400050065942544	0.306378380370024
1.25560144188092	1.459253334243
0.323197492079139	0.247188244894022
1.11517030951581	1.44319139492776
0.513030327863914	0.45940770710248
0.0834723289811905	0.0579515296045744
0.359696281826966	0.332960754381117
0.0120426143185495	0.0079259238655561
0.514259414306508	0.374202334727568
0.259971736100252	0.204527496834233
-0.104811696667229	0.0652971195573378
1.07798265533588	1.00679359939947
0.402736682628699	0.275831140889874
0.460831420320129	0.26508115288605
-1.21308509384647	0.747403526396509
-0.417185149843753	0.269561100732894
0.243981023325357	0.129503183719235
-0.878915785101776	0.721540351210492
0.662713335525144	0.544225065668579
-0.13392360762976	0.0954885787091579
0.65867901743268	0.529929291098431
0.693364774819045	0.507852791704635
0.990203793455199	0.911403423559513
0.218028503755844	0.152980360031521
-0.167495505061261	0.0945338256680916
0.281233811575882	0.177572361351058
0.95710554084329	0.773794099531144
0.477923348207389	0.429534252870495
-0.146289692316266	0.0896457879082609
-0.0771780582490506	0.0479815236567234
-1.90306260688568	2.21794686889721
1.34635211387875	1.73984386531308
1.48199811405647	1.44964274201736
0.128258624272246	0.102775424313944
0.325945563598982	0.235856863205478
0.0321099739896917	0.018550724987608
1.06966623519098	1.11370084493481
0.517560543117722	0.372131233037721
0.231743477719445	0.161020616546694
-0.100549728802909	0.0666949950848763
0.0948468703545046	0.0570241692461483
-0.446393751524907	0.276651254669434
0.0859527625992018	0.0580385746923043
0.143066864951605	0.0873155814913087
-1.26696735899444	1.47843499586385
0.193539305413988	0.119090820863382
0.0235171852210209	0.0114995852626582
-0.0544584933409955	0.0338694480867161
-0.123598225795892	0.0690929506579929
0.0167515462446019	0.00898392642872173
0.163492140022406	0.120087141303711
0.100924189369115	0.0587086052936655
0.160607166759762	0.0818548114920258
-0.113758200249054	0.0676852173268383
0.121858600898407	0.0710121410097066
1.31707072080797	1.65222906676991
0.0438325190917672	0.021341248761335
0.361452119262586	0.195937791609016
0.0432724471412671	0.0212324277445883
0.115127359762408	0.0633208904684892
0.707598909458376	0.676554290412865
-0.115595331923589	0.0808462682185624
0.763862955247259	0.661215795685127
-0.647421567949751	0.612987016657899
0.376562239542355	0.268463644215529
0.210731301925619	0.114822926319381
0.772179558204174	0.695653333554112
0.869010494784141	0.835416067970055
-0.818596585148656	0.897129133034471
0.237614297172275	0.125737028106908
-0.306612669710442	0.18640405770233
0.436027719494735	0.319002944925177
0.955532556024665	0.965182140319916
0.248149659136311	0.124657189002201
0.144509089021868	0.0677000541227923
0.131443140517662	0.0708617897272845
0.513328916075463	0.359058202042327
0.21061116871856	0.143145957408811
-0.0204118738236087	0.0127437986207557
0.0349740338903266	0.0218289159020106
0.592221029854642	0.399191173973453
0.371927326323702	0.308559947574604
0.224342776138919	0.190845914691407
0.168278690298079	0.105463925279016
-0.270686174078008	0.185415407825386
0.273764190287208	0.21830501167289
0.288805800522737	0.202629995174036
-0.144047349993592	0.0846969019483929
-0.237755288134293	0.140951850456805
-0.156872345641675	0.0985921032713732
-0.125879904173215	0.0656464244227094
-0.14615278896253	0.0887930852262188
0.0811949107266151	0.0606539465905075
-0.336613938144313	0.207502258856013
-0.118671547262576	0.0682724530002735
0.095688878272102	0.0548800508082131
0.535357529300644	0.409700661960763
-0.136014456862117	0.0732409955140048
0.58649544599208	0.501024100645136
0.799318956778322	0.780105880301827
0.366073257566933	0.340295912638054
-0.900585017064582	0.582771245696506
0.113602780535423	0.0762649589665066
1.03776714789676	1.27022165484955
0.834231771688183	0.909976447944404
1.37911373717507	1.96169619862495
1.28019216105638	1.5591014252309
0.147291557726061	0.100227738470401
-0.0855722069059802	0.0519902285060282
-0.767777026330188	0.723757145388241
0.250733702223848	0.175270132918041
0.399866318610351	0.308043175634745
-1.19166204643912	0.87889704564031
-0.560776651698152	0.459158689964115
0.754796327055398	0.764136680967755
0.335983617737067	0.195197261592342
0.498446818634722	0.532882637609427
0.42515677669582	0.296458126500792
0.574934424983613	0.537488732038835
0.628831454859127	0.513846413501693
-0.739945318305068	0.741330699530904
0.413397228477716	0.366148115583734
0.647819396978261	0.559539108443306
0.0587704098154485	0.0493425129536002
0.242020974379009	0.168272477781041
0.259890524954579	0.249437978666467
0.154885416178878	0.104661015201039
0.243875114038605	0.191047977032049
-0.110783202470768	0.0878791981624099
0.667843417930485	0.657288401197132
0.748425873410077	0.604390111656862
0.676826157906326	0.682334203366745
-0.00443513768696703	0.00308155604059556
0.0593864064226806	0.0357585012263381
0.0601543302472461	0.035495547364147
0.847576172343468	0.741827249440661
-0.480044175060877	0.33737877113069
-0.348787836301119	0.339719567644061
0.159484989607756	0.110087883796326
-0.029833646380144	0.0180169264186914
-0.0583262562616147	0.0448379302526806
-0.0183152738625354	0.0142122893463416
0.0955783407172354	0.0720046727778755
0.250824432787336	0.162785816700141
0.270346077730078	0.234001287885804
-0.0830351717698814	0.0521665212907316
0.0446272447323739	0.0328550521967706
-0.557496210694967	0.457289563664397
0.0324983499751147	0.0151033167397212
0.253807689211984	0.134506232769527
-0.742856347235282	0.49708715202683
0.612164425712649	0.358722413989373
0.0370056017970319	0.0189580419477727
1.10870879158334	0.834443822540395
-0.284152201714637	0.15651324988177
-0.220690622099392	0.186788461640513
0.188022156187954	0.125053774430948
-0.370802046775588	0.276971138504072
0.808281660770199	0.997630558320316
-0.253579616265404	0.218558088714635
-0.512203974073015	0.393615668195866
0.255253470585914	0.190441616565824
0.0263103070051587	0.0174284032709127
-0.950245171940471	0.973033934317493
-0.438971490918178	0.287539195449166
0.127349422538347	0.092839725456816
-0.134709775976104	0.0949009710158005
0.382175878934635	0.196412495859287
-1.24229296490123	0.779658803153481
0.381259007012815	0.195980665542615
0.54616178522018	0.34097964542371
0.138130011821972	0.0599156661599955
1.63865004678877	1.68873022270067
0.225917686184101	0.118399561927022
2.32490174078109	1.49715677067048
0.611524139341705	0.461482172647342
-0.030548284985705	0.023624934010865
0.135198761557214	0.0709683815125054
0.410605772898684	0.31322208534064
0.103549426079666	0.0582632627454182
0.0518012666412404	0.0354192780145466
-0.520016130278888	0.337831200092183
0.793006631934363	0.887309850753162
0.203347502551714	0.157306581554194
-0.0991293359255559	0.0847658243503458
-0.413165526449341	0.402038998382598
0.832846536770998	0.84090801483579
0.159782439082399	0.117473730204576
0.193239416462498	0.126464434719739
-0.714116301993077	0.65727384656532
0.0615497311250885	0.0368727631874546
0.111841846002219	0.0634718316286458
0.432603924854213	0.202988609614361
-0.521967993858771	0.330790662840247
-0.0682002389840567	0.0330436539062083
-0.406187256166239	0.213500102181284
-0.343472443237455	0.17379679607318
0.0164788932223029	0.00699243379434505
-0.160113552502243	0.0662820274179876
-0.14884889843357	0.061363451673553
0.740749710669756	0.71470441229773
1.01507496152838	1.48146439155108
0.6656646394151	0.715355343575311
0.0948213857455358	0.0656684725320027
0.0770173285737652	0.0423429998641491
0.319876921344247	0.295103974327256
-0.0310748261394719	0.0234867348977316
-0.550882106159393	0.483945962665976
0.0615590573396579	0.0412583860599293
0.193769584738232	0.157812611564211
0.187921146760064	0.122370508638817
0.0290782399597008	0.0144029883198933
0.17821545411788	0.108234934536507
0.202380767555158	0.121126957238194
1.26243729239897	1.45385663667985
-0.547829438032668	0.279168587035746
-0.0798214794057695	0.0365592664078615
-1.28134318674032	0.879536441725506
-0.207591465302183	0.134755468810495
0.0319067560338986	0.0143693043266712
1.28542106386477	0.639877679930869
0.285878202279791	0.129621780798372
0.90648004279669	0.577308337774261
0.936982960199082	0.64554587782635
0.856553066090442	0.481850173525902
0.764492355138605	0.463068706184172
0.10864426478889	0.0734425482634201
0.383808086988763	0.296931196603838
0.227781568265924	0.178758365531661
0.060221698183087	0.0419738248073853
0.536485988536898	0.419836675777583
0.268956877085879	0.158797401380191
-0.418700700822554	0.326302007053149
0.0987138526657166	0.0573012743552934
-0.264682038179958	0.217468979318164
0.331733841674352	0.277833288674367
1.15987637875985	1.21673813854711
1.06720088963969	1.0792636077293
1.15675469123697	1.364218147589
-0.0720101442955273	0.0348759752080761
0.412906066674709	0.31007517089902
-0.00456325438283483	0.0029010480648396
-0.231137777424031	0.172565209297793
0.0262913774631849	0.0177583026196007
1.15622788954498	1.15262298064414
0.342134415288086	0.159480738737526
-1.94225657484766	1.40972244239214
-0.0190158207064186	0.0119813072112203
-0.0651992189399916	0.0312105013544983
1.21186482798829	1.15593543680462
0.0204210470506726	0.00794173693566445
0.227488221202912	0.118324820755206
0.476722350061469	0.271513160637831
0.177804744831883	0.0997679684984226
2.13183069753686	1.84155828931178
0.780714172681896	0.516224829644094
0.607676521851857	0.572054206421676
0.53418401267516	0.480485481012345
0.186990209323637	0.141568056152815
0.215514850401955	0.153320363123657
-0.0554168436238902	0.0462403643759403
0.141514220949907	0.0944121353744503
-0.323169699043388	0.237513517203356
0.546914326076017	0.445530178463464
0.0459245116892927	0.0239158600781556
-1.44046316521324	1.02440871978111
-0.201210852156648	0.130015859348563
0.286883927913409	0.129859965436863
-0.210865754330484	0.138524627577692
-0.297417715634546	0.179243587757961
0.57861554182974	0.390077154822529
0.0181549300529731	0.00982862519045693
0.49485848541982	0.329200235848727
0.576803708326676	0.324168506144559
-0.125305156513878	0.0724652175797684
0.691556666217735	0.488423241796931
0.145053828086043	0.0672936805442677
-0.145947362185525	0.0789556026714705
0.536332512381998	0.385491628659791
0.293103081725148	0.179859380622793
-0.623022307580533	0.482835517506493
-0.135575786954272	0.0712256802839962
0.370288635545926	0.261561805196278
0.128375260839145	0.0664151030143876
0.255279633819104	0.122942178811998
0.681884131240967	0.371770036336526
0.771636414974671	0.468976151564671
0.241445077408607	0.135376300099604
0.00567353902313673	0.0024797018146873
-0.0732957043873166	0.03500843567591
-0.116691055605413	0.0520964935957583
-0.0300128009027036	0.0113326166246387
0.0243503690397238	0.0127063032773002
0.243685356881001	0.174463222603074
0.228425578561331	0.122313839728716
-0.225095406953633	0.144327515373935
-0.210185436792567	0.162251393253651
-0.439926970343117	0.270118561030755
0.101656084624509	0.0608705922045499
0.165300294224065	0.102904261003675
0.0391653487153278	0.0177753190748637
0.474234961724842	0.272423554327644
0.12061164114781	0.079726959096597
-0.120209643155544	0.0732872729736994
0.543031350095732	0.338819817859636
0.0489090415749495	0.0333014186056246
0.0621385454567638	0.0401496338936087
0.503093365788949	0.430667352391705
0.108667969014972	0.0599523432228976
1.20256274618062	1.17599847679779
0.942681360748359	0.767117906296371
-0.455380252314887	0.275998366318526
0.725604501287789	0.584053480580764
-0.205646660740147	0.124815901683246
-0.0471336830267184	0.0295813185635059
0.522368491388941	0.537511235902761
-0.00804124459278942	0.00451773323803354
0.145733785362848	0.069136546900888
0.235738747954902	0.134096749636983
0.456245675696927	0.30934864628721
-0.0768043717976328	0.0446412438805139
-0.0207075920402263	0.0126904346614833
0.613703398825755	0.61978320162021
