x	y
0.562134992566857	0.51193152420198
1.73744564780818	2.65610560181928
0.932792798132759	1.55514900514373
0.647351534627967	0.522810452010156
1.04256445843164	1.04984801567506
0.962031034973008	0.941954061772086
0.224021658248106	0.124859597270034
0.3896889652495	0.315482535193213
1.95755793067087	2.45470248125193
0.248960261505657	0.128501519765912
1.20495868667933	1.16446253981503
1.16442999940369	1.24703249359973
-0.154704331464315	0.10292157531948
-0.88373018306169	0.55731560823702
0.66491114111602	0.555179768945567
0.583248597213817	0.508413301998431
0.379836229047297	0.204701545806015
1.01399704954332	1.12883442310249
0.279458828342906	0.219313485354278
0.829304405158621	0.81907843401953
0.758101932762994	0.815951452750481
-0.27358782330256	0.166608468336141
0.850490442931284	0.803089584440431
0.807388509693367	0.817199999182791
0.411622445598664	0.335615936246936
0.355437197158427	0.251629296423053
0.546338448772797	0.336968614699706
0.14244396624512	0.0693727527546788
-0.0877373179939499	0.0434057793626848
0.479527368251629	0.271738269537631
1.16187120274045	1.21750132956698
0.61377035797521	0.458917144052372
0.674103378998236	0.463987463046776
1.37294488572829	1.7779031249478
0.266912349396887	0.180186388641337
0.970541302372016	0.811388884879545
1.09131359630373	1.03806245530946
0.533089425776549	0.367899813913402
0.0827399985515896	0.058229656051753
0.95371135733005	0.759305569968707
-0.15991926981258	0.0807670383180482
0.129574843665329	0.0517643284903481
0.709139208620753	0.306583780715944
0.962491922189677	0.83201734635641
0.76527347030751	0.697006562066174
0.96338745635512	0.905391176925962
0.977337870316249	1.06310631339801
0.877088045308194	0.999239994028749
1.10875213414276	1.33263281787737
0.499396520506343	0.461795016206364
1.4910650291651	2.31965410759353
0.748346867375692	0.705949547336463
1.40490475977956	1.56429720202827
0.78325201153783	0.904368768166024
0.238251540028496	0.128858813867867
0.493736931823248	0.322265969563668
1.02669946296269	0.539382002248002
1.04992220541523	1.013113570063
0.678929966406177	0.459983247590325
0.570959238324013	0.504922876642807
0.184887827006592	0.145372537339856
0.894790302731115	0.977425155531269
1.00644220098782	1.0635039650194
1.03482561071245	1.5025125311134
0.519222472467206	0.437948614806207
0.251172579468159	0.162942214057288
0.983027858792871	0.948523869376407
0.843859832220916	1.1234620437278
1.30602671675332	1.64383740076219
-0.0977197029118634	0.071707192113523
0.794572276916163	0.863789132691831
0.633297744559903	0.473949012471152
0.738827250243017	0.644996537496245
0.686864911591949	0.378130908701471
0.228425578561331	0.122313839728716
1.50370282611259	1.51441821639494
0.674963819776635	0.621141030295698
-0.212914919487176	0.104266017704318
1.35444748781846	1.60320400205002
0.620565344081083	0.6656313426289
-0.352228870197265	0.25169149918388
0.424464990478909	0.358416566919686
0.488361646422614	0.45447614392371
0.0456088732129013	0.0292842015339814
-0.19872632692049	0.152171085603272
0.831636684441836	0.595393696540622
0.66189028279982	0.68347009850797
-0.0971918128357716	0.0665861723239012
0.739815655241392	0.886711570112806
1.28979696687985	1.92186544586399
1.45854079078695	1.69643512692931
0.929873185045363	0.972879750839255
0.677206372889883	0.469194842493999
0.400922382963989	0.266804571550041
0.141285251871902	0.0543775748429142
0.475792192615541	0.262674289545638
0.151258864499533	0.0653804760021013
0.844969253194355	0.998587380702959
0.576977019935118	0.400206323165063
-0.626017170029855	0.330801992678915
0.668678462501978	0.609438838221255
-0.550379463132913	0.403474855253751
0.455152568617922	0.253519729837677
0.425108511412279	0.369670683748524
0.461847549602034	0.311688279826683
0.385973061241755	0.302529335386889
0.773997591823136	0.668687350965953
0.638029957344603	0.496945947986023
0.847699755347019	1.15330601541065
-0.0202715920393127	0.0126929504116153
1.10235018233083	0.846437691691492
1.59038972000316	2.14592828374888
0.734075768816163	0.616823298225316
0.902461638627615	0.984494631114681
0.869791720888157	0.981653796327376
0.333960122336615	0.167433204081389
1.03240922211109	1.23429769102581
0.242349908515283	0.158816293481558
0.659121199247626	0.587660088701045
0.866703770818546	0.827826047660547
0.800979596874012	0.530757653505801
-0.924581908775279	0.701043867674585
0.351168605589169	0.18902748220318
0.710882753606003	0.499937106069629
0.530217121128115	0.373045686599742
0.606991175830145	0.363897162933821
0.998924060700945	1.18249694523037
0.705541028246137	0.672919881875837
0.352889731144617	0.19737194183469
0.272925172258085	0.180802264169149
0.128779937151886	0.0696427870909733
0.766659041405335	0.719202380272113
1.21456027763151	1.65604885277237
0.714060365327406	0.628446021286216
0.817184481832561	0.795718021356297
0.767193257883458	0.703957885082317
2.05286467824699	3.63051278967702
1.27104965616512	2.07428656577986
0.685949933586502	0.658334433428281
1.28970217772981	2.00369155342543
0.724350152538869	0.893529600133718
1.30915135029107	1.74827831633808
-0.359855975461084	0.297263207996868
0.0541240958656202	0.0328027362770318
2.12660850872009	2.32143988600311
1.86636335286633	1.56967331544076
0.917280688657169	0.999301559042343
0.758303604675155	0.732403164763319
-0.527501131765392	0.256143201755588
0.347032343497257	0.188165443983056
0.893479935628659	0.560375011914938
0.953972677222904	0.820731038570974
0.191283101275245	0.115187788875962
0.609035380488312	0.292421830946356
0.279923826741135	0.174215798886711
0.281749235710908	0.129251968041826
0.271555255040869	0.136302242495777
0.72985182647021	0.557675172284026
-0.0730992764642451	0.0448285706004974
1.2775826705601	1.40594830404638
0.0545810527017757	0.0321314365396609
1.131422911651	1.30453434143844
1.16980629845586	1.18963448616932
1.2423913955488	1.36916505154349
0.952973445935367	1.01623753000484
0.892460941567042	1.09090498178498
0.888050527508653	0.943887845884207
0.323151366215301	0.263745002969959
1.34742946378379	1.3544901503105
0.61147131373755	0.36646920606115
0.295602215629842	0.129886182906046
0.746329408221554	0.600668821570956
0.121994862935567	0.0591791986736116
-0.289090131984963	0.184316784117937
1.64296899812281	2.01587189258483
1.07970026255765	0.683765298226519
0.0266789140196412	0.0121626083763679
0.336141226315014	0.290172087479524
1.22097015014034	1.4540197436329
-0.287936433301266	0.128301047833561
0.631482332647882	0.574282376725823
0.876375439790923	0.938126608884306
1.90224250013162	1.79746666709051
0.855683547808022	0.779256438418103
0.574090458211932	0.504011147961678
0.767755271176938	0.759618143270941
0.400614195691699	0.360811528587095
0.361711472466245	0.224021709876645
0.607049884010182	0.362545180362694
0.847610273895201	0.717779760274186
1.37631616692427	1.63509168256724
1.36943588298955	1.81004096246477
1.21683066533519	1.09235120064531
-0.082264649278233	0.0399446297478494
1.23206210600354	1.66939044525418
0.234175797093717	0.14759305382246
0.454321288218125	0.259688036723279
1.62513144455293	0.847296242207265
0.397238248265258	0.205785190633935
0.557227256041403	0.348201363722052
-0.0434651262606282	0.0236806202406454
0.113278647707087	0.0836734967534794
1.5673260141619	1.41753192942551
1.71214447210146	1.97110993212898
0.280565443421811	0.138196687981175
0.448556185496421	0.206093562548637
1.76836264078512	1.59234432699453
0.760357835779505	0.712386088185221
-0.513273047959614	0.297748114964214
0.58520520802604	0.401719179356824
0.325423379532461	0.222339988687159
0.136455334221044	0.053215451018615
0.489190548107734	0.41901604991042
0.334417856609919	0.355514200703576
0.307881542297227	0.243447079433519
0.695272284092357	0.83423966143391
0.00916961085540381	0.00696289844611583
0.635624021755402	0.740592438916662
0.650424728664762	0.617499407839727
1.06983152007787	1.15988396546186
2.54391389779411	1.74250544634898
0.639520864967686	0.410011195773782
0.800893367139258	0.8842137423665
-0.232289826310013	0.172269941283558
1.20760662774096	1.15587759381658
0.192336374546639	0.130341003700015
0.509720927569064	0.261899216951545
1.87820512942107	2.15150626675597
0.362777591252054	0.202125395632042
0.365410502922038	0.251868543096383
0.558726888826576	0.496382967833076
0.558710023125868	0.480912706072336
0.849491142131161	0.633198321806542
0.385335346144674	0.297984224837408
0.385497383836726	0.331553835340647
0.396622628373346	0.385084772866165
0.622697287125289	0.463044066000881
0.763153029619137	0.711916143921808
0.675411849286655	0.585020206617555
0.334309980569414	0.217493976064675
0.486710122537427	0.507306338018793
0.314979802084017	0.244038054680808
0.469859925834224	0.43496542677527
0.717714111710267	0.774393861298221
1.63154491981165	2.96748076290243
1.91621065888584	3.08201100279253
1.44119042109173	1.68268783525288
0.976833989545639	0.972458665281735
0.470813530040316	0.431402766632056
1.06759498491959	1.52291253007465
0.193166866850248	0.157930560896374
-0.615719086778194	0.338258507410387
0.722066058234056	0.557158054325166
2.1363757324646	1.75919612221983
-4.08362184336497	1.87893769075521
0.351002949208446	0.285889386120012
0.0672745220319123	0.0518404393832459
-0.667615782354048	0.485664175893218
1.24599597860581	1.42125287180824
0.603108302551955	0.297318436515106
0.122092194121886	0.0621248940074035
-0.231281040957701	0.0720387889490784
0.615465891937341	0.360747996210405
1.68204342769004	1.91655789818357
0.493047642357844	0.447661375466816
0.729383767551195	0.602387467676628
0.606992909143038	0.292278769649036
-0.0789950019568159	0.0499756761725277
0.66258425388785	0.438795011048119
0.139688799838037	0.0715216786470237
0.581035992763191	0.66246471620947
-0.0316589808728601	0.0219295364559254
0.665001042541971	0.885146875467659
0.159214200946028	0.112345008266803
0.434811506946391	0.457617044565758
0.82510970440306	1.0525416159758
0.753990023303702	0.979597725603866
0.906184942441752	1.01085767693658
1.88899197655164	3.27660641671819
1.25453713237884	1.65818853062998
0.989615504115342	1.16173463837717
0.377586375187953	0.389486388735955
1.35936093324527	2.21449988053471
1.18695514852056	1.45929431365704
0.175707510388965	0.119663546101147
0.538378661708925	0.387049320312964
-1.45742968721612	0.573982234826054
0.440702614074281	0.20713922516071
0.529356441094073	0.401496372734166
1.16983814014518	1.78207114901777
0.923791686986717	0.648349664950488
0.533708271485609	0.407979880031371
0.0211173960537618	0.00852567540193194
1.08340234963685	0.904774803440242
1.71575116216611	1.61255545143302
0.831513719836784	0.604642052278093
0.254742521453482	0.168012318464612
0.968639981093226	0.881959591509538
0.122307944379313	0.0678927777974929
0.339935574556301	0.27469653331364
2.02111684972871	2.35021099471518
-0.0900796042677873	0.0549272958454941
0.55440070350786	0.423915052777381
0.761390160955809	0.675080237020812
1.05260979801812	1.330653929927
0.911609344058354	0.866613446435953
1.18026679777225	1.26315930646885
0.959295307761172	1.1331785988506
0.700563841035387	0.702640439445487
0.849200398399631	1.46090569245566
0.669844417549096	0.625338257179356
0.0483729867043143	0.0317309749422859
0.747317302890927	0.789033460990246
1.51128754209001	1.58509516339454
0.555542023305806	0.620929977303273
1.67490398839748	2.81017309039019
2.29679110984024	3.17174104200861
0.967134977648655	0.941912433653949
0.861824495994732	0.774150375242964
-0.091389371216965	0.0317022617675207
-0.94296869449462	0.418051084294085
0.163130573037411	0.11059556027586
2.08752108619433	3.18791428039886
-0.576059123693524	0.339431523755187
0.242201093709902	0.156705922546219
0.603479734444902	0.334919869686803
1.38575748793316	1.19061605042229
0.754309545937666	0.477652503790367
0.709315884143886	0.530927097235676
0.138635709005624	0.0662556601290482
0.188745771479671	0.110353393375085
0.951535177679396	0.781880433371016
0.789346500734816	0.536748190747349
0.350437285028082	0.192091655520638
0.398079863414896	0.331494225915002
0.0144022123434316	0.00817206790869556
1.08409171981919	1.44660077224421
0.354828624966704	0.248071325746331
2.04060537673378	2.14463851852439
0.558793983860919	0.478528439328061
0.71129608039601	0.508241285328013
1.84289333181369	2.06999152510767
0.852705646758012	1.06319177184046
0.803280325652802	0.874103198499723
1.75638521174246	2.24714891335704
2.11585774181388	2.93271048637031
0.655420978112694	0.583647580416126
0.92322156400379	1.15761055612011
1.20298626412196	1.80742599342585
1.86275242869523	2.21884030852774
1.77203030043661	2.31007477116153
0.524008330570554	0.553179015483609
1.04963602829104	1.42829982281009
0.470755787562838	0.409060742719707
1.53188343361797	1.73662307882344
0.745328804978854	0.979713422885423
1.37580112669838	1.56557817677697
1.42329650857582	1.15430086571883
0.00713763059336234	0.00212611679198555
1.29236600952248	0.62660277412665
0.215675155587891	0.153876785713054
0.0319236343633336	0.0193986173888423
0.799900431574952	0.568651595287199
-0.0760765090160702	0.0468862622744428
-0.262865596523653	0.101710093129519
0.891293666128425	0.551324904985177
0.970800203651727	0.754813178829802
-0.222173227735313	0.105755931770718
0.196729899830475	0.119128065914495
0.98079819468062	0.919962534144261
0.143703128068445	0.0797046819892316
1.09835586881579	0.856175574976288
0.346609405642307	0.191112637396479
0.91335501203211	0.626342757375159
0.120121077225893	0.0662040621834489
0.300048465570516	0.217413404112405
0.110548705571367	0.0629763355639079
0.961465085096789	0.824938683078682
0.227919348097872	0.207452729855925
0.13049100395521	0.105762972625409
0.317775182514358	0.207382427510697
0.966372544129607	1.1050452148194
0.82774246982109	0.994496915060923
0.865583861369333	1.08451708329021
-0.0322269827577104	0.0264173272767845
1.26251186970129	1.96079223520864
1.62418603645055	2.85353376179494
1.02474532953853	1.74117318060358
1.11071786109389	1.32751423958265
1.02341026247444	1.60523690568273
0.518877299539984	0.599731937506821
0.949304934632124	1.21478416781141
0.726475821952484	1.04371163264316
0.587946984718827	0.662095357483677
1.12772358528687	1.52434375581153
0.196283118009364	0.147633086172293
0.347596300900149	0.332133656385968
0.401981470420708	0.207419367107889
0.593148174372853	0.351079003998794
0.539061611583001	0.528230346819479
0.811698625228994	1.01044014723058
1.29867745740771	1.75558001036466
-0.876602361376369	0.676600218556303
1.62318074258077	1.35337306008973
2.1514180352502	2.02227868693307
1.09439422365337	1.25791073704738
1.08129055281158	1.02307241825511
1.47125532061961	2.03281610273529
0.196268054911598	0.11983730473205
0.578120001661408	0.511894846832884
0.2804805425808	0.196220261826495
1.44105823871845	1.48405430230854
1.61322841696834	1.2926066721553
0.132159235488995	0.0682711146179298
-0.0907404631508765	0.0614347766569341
0.413389093344239	0.344606655406235
0.0204076028471421	0.0108897439743995
0.0264770512237466	0.0143227655690228
0.0928042561726072	0.0553143520006983
0.078956696109123	0.0497671023563847
0.36902010085513	0.372632506987028
-0.0236708020766865	0.0191191172769516
1.05898131607435	0.880671491619117
1.81619397761904	3.19568298469883
1.2618354899093	1.34145302152098
0.994772041138239	1.18299190770438
-0.236411052564863	0.253389437805383
0.844418228932844	1.29840526091646
0.698399691330141	1.02122804993462
0.475057376705762	0.573427384652675
0.668249600308984	0.837807667935493
0.704580915712744	0.862429948749177
0.991379000034082	1.35471242371047
0.936712189912908	1.49821546809244
1.51848486006249	3.07339805327612
0.845837814811365	0.819925342785763
0.980053149445798	1.53481534486979
0.631909733824763	0.655830504029586
0.841169316458466	0.874663917329409
1.22003418976681	1.07834504666014
0.937265531051705	0.727594932073084
-0.434325096440875	0.434333349251902
1.30637153976197	2.06172643073013
0.751336841978474	0.728700919887242
0.67767394399254	0.59282692729429
2.00277431383268	1.84435025242205
1.64021036558441	1.32820999785021
0.761885602705417	0.651292324603696
1.31957127111806	1.79123722449856
2.04120059537207	3.55005521927866
0.553405405236709	0.446885906155958
1.19315947184359	1.14550634934938
1.50881371544375	1.81698539868555
0.689468586524506	0.475272664049685
0.957081689363485	0.833582860979089
0.514196394743971	0.354234107923222
0.3300937352332	0.409503804606093
-0.252603523313549	0.333358702199428
0.317002599044638	0.264064641643779
0.139554959313751	0.109136106977331
-0.0825356647549352	0.0606094119283096
0.589699743075201	0.54916051591677
-0.122277658116106	0.0910615509995853
-0.096692730657093	0.0596667805050294
0.167448011874158	0.126461480802508
-0.546047401606435	0.405268962793773
0.650523731985455	0.556197586960894
0.466185240396186	0.489736163861515
0.106258959246428	0.0484160274479805
0.773764473349707	0.71770049948799
0.695226874930041	0.682081876176894
0.941490795749195	1.16766421767618
0.389342736094111	0.302780574703526
0.363533078025557	0.252929037201525
0.406350796713817	0.283272006504802
0.241060432636177	0.247304697373646
0.277947557859931	0.286768484519977
0.977562037755915	1.17722066010935
1.6963113365018	3.09228440342002
0.735679119404147	0.834352822468213
0.543898680218884	0.534608372935412
0.76183779449197	1.04255406828624
0.686131647828926	1.02337338420119
1.09179935206696	2.10275196939589
0.736876149621543	0.900854974050273
1.09048356312668	2.14256700214601
0.802156329688047	1.2252806966362
1.37951002805233	2.41072343612177
1.01372418882053	1.97417957439822
1.17043231361287	1.94288393477148
0.667270027958771	0.947110705852661
0.76926594654845	0.743451402984589
0.209943433424627	0.116372798388167
0.0241019502515012	0.013410372258773
-0.246943855687614	0.189995943486118
0.368252689680021	0.4125598558439
1.02069355752833	1.46791608312656
0.369329629753282	0.291877567512297
1.44283969967933	1.53628455622439
0.740225321233915	0.707153917607076
1.13093637239912	1.2427583886359
1.39368147310459	2.24427838775321
0.950142440352073	0.954410974510805
0.799841806865126	0.995605032825472
0.627695581335453	0.604057187174404
0.386760265324425	0.286093976886817
0.648877589446691	0.625989516521132
0.313564048678173	0.183323194588058
1.93385203789963	2.14651105013805
2.58108923614278	4.93155575133454
1.07504780522577	0.940651995309545
0.324304039073093	0.328648253937135
-0.107757788257135	0.0943644843570262
0.592690717711067	0.668752831210485
0.159425724527225	0.126739970565313
-0.155312268608055	0.112165192508525
0.621832392275819	0.624969323040875
0.26657612999822	0.254119687043492
-0.182331463198342	0.153689258282875
0.42892753163554	0.338105783469562
0.56912063128611	0.528317243007285
-0.0998753912791905	0.0810101476884978
0.388907466414962	0.44304396804933
0.0945835159953005	0.0644006873271162
0.211832794984181	0.200667773772621
0.747927195560703	0.773244794659974
0.639662259970972	0.659320950028539
-0.378054450084304	0.294398819493544
1.75096615615049	2.4552934061335
0.224125166521169	0.227791244352768
0.100411983679012	0.0650201279791062
0.321651891022505	0.250838661278478
-0.1169650619776	0.0855794901089058
0.131533546225855	0.132719108001254
0.193148354968577	0.131622692633826
0.0768486026660862	0.0596426399909009
0.803766908934445	0.884858844279591
0.614471863785263	0.792472152556253
0.464380388529576	0.577253872692327
0.747154397035006	0.966801587111491
0.747428172371691	0.966047091406421
1.44822094031758	2.85902893705386
0.706883637090435	1.07443423777793
0.56999921572074	0.671945718445051
1.68925728027337	3.33768526798309
0.824496881964919	0.650229462092208
0.329733555556884	0.173695758524135
-0.176665553602638	0.146273441050618
0.34856015770864	0.386172390655047
1.04378906981255	1.4824350691436
0.97449497579282	1.15609186132464
1.90034548355851	1.7654441564605
1.6870889734971	1.56196467578459
0.185516985471855	0.110320348479766
0.218576777485603	0.162867582463083
0.263908990499802	0.219230192653353
0.152803700931169	0.125538561285019
1.05113879969786	1.45593698266124
-0.0698098963050649	0.0473688437709287
-0.624238353437069	0.463353800780917
1.77720560605514	1.23873588648972
0.612508321228441	0.456806889805493
0.825709516742775	0.638100002279884
1.16054478902448	1.25002232230379
-0.19631954584993	0.219095903241922
0.406066011809399	0.497458001977217
-0.770217727496739	1.21320774078912
-0.0266046123481463	0.0257783606906236
0.50438285189484	0.424273168684492
-0.13083397930434	0.113717272864585
-0.432272924955499	0.32003908046768
-0.190110850508684	0.147372398325676
-0.0535298274660081	0.0270755320591447
-0.186208190675676	0.121187805598693
0.0650404716458501	0.0452044474364139
0.765975795506516	0.769427559581779
-0.547375448662119	0.392117337471764
0.234603644632964	0.180886922066595
-0.119436940335665	0.0988759434942376
-0.082727717730763	0.0509315297353156
0.400713375317236	0.264583731601381
0.232861746203803	0.172458275657145
1.36685495360896	1.91960236170992
1.34851962683717	1.52420575659148
0.0550223448830689	0.0333072784576124
0.670468894232761	0.730970935251206
0.761861124556299	0.880416552228442
0.19345782476945	0.152502980752694
0.19351211346017	0.181376519660175
0.25536151030323	0.175897812685836
0.589126661503284	0.783656945058057
0.170918934736739	0.214977438404427
0.241676708758161	0.295434667974274
0.591297573078058	0.948563166169636
0.600950833077808	0.975982733681091
0.954694716356763	1.62907242726534
0.971939912797077	0.78039695692089
0.707717310967527	0.770880445816071
0.540286090589189	0.709405594091904
0.562357816265792	1.01846239041583
0.415620348899218	0.485913235086264
1.73365465492559	3.64802029998299
1.53516353945531	2.61718079933228
1.34156924297864	2.21821369550645
0.681498374963645	0.903618449595595
0.587981986877656	0.777767615140039
0.614162332869129	0.944651163768854
0.569462712359633	0.866301539249376
0.32827273312117	0.304448323120635
0.931921851323557	1.57231784063668
2.24484082924876	5.38386115814853
0.852321544623746	1.0228639443002
0.612902512625309	0.770214887203857
0.822787455591434	1.64204846052598
0.489585896172839	0.378936406735846
0.746112054961253	0.626846207512184
0.850908453818087	0.877872175112856
0.496211523393156	0.502571807791271
0.108379988967271	0.113703881139551
0.316636008528717	0.406376790496526
0.377595623414274	0.408748884775505
0.435192936185638	0.543630991521539
0.355454131705171	0.377301896017234
0.096201905975941	0.0957737903010851
0.583756851325593	0.712862729457818
0.816118137367981	1.09541027031392
0.519119851304445	0.682373332998242
0.798326524181833	1.24043126053825
0.661632665955954	0.558755173796776
0.610340957199478	0.682350176425631
0.295449118639994	0.280836664000796
0.472382234988325	0.533940500203725
0.487213574763721	0.449737341729541
0.559624874803291	0.565429132991949
-0.244218318922097	0.196991893213705
0.547151022878104	0.564132661577548
-0.060374896391938	0.0396667200212802
0.481370796352378	0.469414480334527
0.884276297308392	1.39083915994326
0.618534523110457	0.640999133049275
1.19623041908396	1.20892739317121
0.162845841793787	0.117981053583487
0.373337674243102	0.386394140725313
0.199160824510929	0.185434692767013
0.078080543305825	0.0558696106563172
0.537562885492093	0.563922943177761
0.244988248679857	0.220579843376464
-0.258132310752612	0.198648723821329
-0.434559697025136	0.537652623822404
0.156930820906665	0.15372153253058
0.0544778838477784	0.0401574515248229
0.0131101863004822	0.0103523002117535
0.359710571302933	0.311254114067066
0.102476566246449	0.0910877959977415
1.23763705809846	2.35032484139092
1.13428898869002	1.85502433211223
0.842558924571051	1.54687032908838
0.530296774406552	0.778986303613792
1.18495235545095	2.74046121974897
1.5818052121909	2.90773509207571
0.748845677183461	1.23258457208336
0.682683774165708	1.13421487660431
0.62333810940591	0.809586339937403
1.09436340722933	1.0382100873172
0.821521007878862	0.605059839201841
1.30089154417635	1.65456515725782
0.873614077719938	1.10619335656492
-0.128677898729894	0.134471464228545
1.54909431344182	3.02975225150681
0.954774804328268	1.73719011548299
0.844373879395478	1.17078640335062
1.87606857259158	3.50860264078315
0.57581016855531	0.747119240504612
1.14292755510628	1.79054678673173
0.292099958156303	0.345782588536436
0.643961520147951	0.865169299415385
1.35232238799582	2.88640445045157
0.830887464856044	1.34626145545894
1.05250618081456	1.46882928512215
1.55884495159467	2.3905154275567
1.07496933257929	1.58104408065019
0.626304019072715	0.89007889605243
2.21666052401881	2.51534454862894
1.36751650704335	2.11348773522461
1.5398155423674	1.66181849073335
0.782792742347291	1.08483836128901
0.128710897189652	0.109162029755487
0.749207102568007	0.759234576059338
1.29872547501204	1.71551197612904
0.618986772393404	0.644922685328311
1.51604930507238	2.94377610785
0.841216041495778	1.02120960482822
1.00642616257827	1.44635416143731
-0.12046542541638	0.0863978147703738
0.506256331480705	0.563297205302012
0.642940849659689	0.664344577972908
1.47971545919813	2.00586189409941
1.4483523083695	1.72410870929398
0.850955614502152	0.878917295590151
0.288805342810746	0.200930869364263
0.953181905349108	1.34902393853602
1.1400789108126	1.74652585734002
0.543786364262399	0.500822672311391
1.06406873365954	0.801793886760281
0.194417416530154	0.117873742093994
0.0649295696680234	0.0448905461505877
0.891934759513531	1.21184639851592
0.640129015752699	0.541169824760925
0.412795131662443	0.335769303858502
0.146250884191328	0.0759527490658936
-0.119448258925523	0.0792378530721582
1.38682267225311	1.64059924561234
0.802247237862752	0.826038846864785
0.366265387344324	0.35161322499871
1.3307682850233	1.55346808803464
-1.07895167178484	0.514736894720385
1.50321041752412	1.51061511383005
-0.016061314440455	0.00983514602265648
1.65182025338157	2.20325340698986
-0.441668672253225	0.230174939441073
0.999529671592977	1.11166868179616
-0.0626528547231665	0.0455884883159561
0.56617597424549	0.560042461408695
0.209610884953975	0.190129628377143
0.359564740297747	0.340145136020771
-0.687445119957327	0.585695867253788
-0.119772526577827	0.083636597614972
1.11415708395821	1.87147771933402
0.91612156811859	1.51101699939147
0.873386887498979	1.46652912446276
0.502265843170992	0.661390198957404
0.627307948671922	1.04139644496533
0.414749372233279	0.565961385004992
0.968892151302164	1.18450417159664
0.841806776136939	1.08651510437617
1.71588633590724	2.64447369492406
0.646831901749782	0.84377657855732
0.451271718353187	0.669215467778198
0.353295215621581	0.442234468383217
0.669410915176989	1.01374360193557
0.560240752144441	0.553612210169044
1.68103871812552	3.39066076371139
1.03285191506372	1.73835324539679
1.72928472430181	4.33986466773357
0.984762029980624	2.04052196489766
0.986341667772351	1.74839288398379
1.08309007567518	1.67073251817184
1.09974667276213	1.58405296264154
1.24145383100823	2.51931454602903
1.46864138802301	2.44564548602485
0.665286996139205	0.836574333906001
0.516330573405591	0.592530865155805
4.66255621580447	6.46618166797507
1.01202302368337	1.56745982836963
0.545149424076333	0.599042440870189
0.122864271615013	0.112159860001833
1.13669639074562	2.4258020324563
0.745467218270261	0.660607117797821
1.39271889899261	2.64732936475619
1.43020317049157	2.27215129272885
0.466623423071583	0.484622491407246
0.50023692057461	0.550934817666326
1.15670550961919	1.20153609824255
0.525175534713877	0.478154794709556
1.11126003421096	1.62344398773237
0.724908031321026	0.843833143715749
1.64938617155911	2.22771030266784
1.18356596297758	1.16436708587769
1.74201168843184	1.87280320013925
0.455131313308244	0.432841377313192
-0.342279486308791	0.270475256849661
0.809682428764647	0.976262873445911
1.16454693933641	1.89087715522815
1.79792001061868	2.30730413301664
0.760494925471479	0.867856651936389
1.5334758459567	2.64115378834449
0.754697719684744	0.776345287321484
-0.165297662270029	0.0910507796447391
0.940081803324162	0.935494575048649
0.853089714879484	0.850402783879269
-0.763765750361536	0.628170425482956
0.725372812947222	0.764396617133192
1.73400181172564	2.77541401945492
0.518041386866425	0.474387998066728
0.97190008691357	0.975734712719358
-0.229047764118772	0.111006989017862
1.03445152618795	1.09994076414117
0.748679911952883	0.780970450456291
0.662011092332598	0.734159639291823
0.629800513119007	0.490589973904571
1.09433236416664	1.04227727080255
0.162763618476334	0.0992233950267338
0.752557994351148	0.740207113850939
0.562216261726779	0.57745448923055
0.21873865222734	0.187938832807366
0.588652716343506	0.776623625172909
0.698640896994184	0.749921608853115
0.602342975839713	0.766169872678198
0.826970120203768	1.13723593342785
1.02459782901627	1.0968566693627
0.747527951629944	1.05790198553188
0.534817867698282	0.600277571332234
0.918200668785444	1.41653357983089
0.523988335632048	0.723104818028175
1.11980705328709	1.60652956609831
0.715284243962611	0.817339441794725
0.753929445820518	0.45754245861111
1.52819026256969	2.09571497215335
1.08538574948581	1.71831449890552
0.712865609708693	1.21980383141649
1.44257653207603	2.88173158953821
1.53345408201316	2.54686968108993
1.91325977062061	2.72203636535415
2.00591610776996	2.88695556071534
1.19381431737039	1.72902456998668
0.857325993285527	1.00218188337819
0.899158010490182	1.41837527038266
0.793189686644754	1.15651878489391
1.43436464067015	2.00220272057056
1.15895180083263	1.84288909331493
1.60718966936398	2.30583280236393
1.30511716523517	1.63897939338118
0.524881786668551	0.642859879974813
0.83389004323014	1.45655180347037
0.398819366563726	0.208497786770223
1.75018197674069	2.98162021240013
1.1544749554328	1.66603262438723
1.03985969067981	1.58467569496449
1.20514829597879	1.71836886535747
1.35815529018063	1.27013692057606
1.28426950547385	1.91372819079782
0.688911887536068	0.838533847861337
0.375711770093171	0.320674819270812
2.13498995034064	3.22881540239933
1.02384797801638	1.08360200924624
0.0626451012240325	0.0433088744207117
0.925832824709082	1.23184193011976
1.98227907298047	3.35191054534379
1.41699982220175	2.00830270268552
1.03117871746734	1.10299616116116
1.53464250275162	1.45500501312229
0.651868251402196	0.515331722226749
1.79922637020801	2.42025047125617
1.22924297363128	1.55603778908442
0.844045124287223	0.814361763002824
1.07570233469717	0.813590754679965
1.87251540306619	2.47843072099703
1.10533187323908	1.26227563334435
1.03287987176895	1.23361494099342
0.405246712774726	0.321876551577461
0.749320505181097	0.870790636407613
0.220401623371885	0.154546767720191
0.527302840554975	0.406110293726997
0.0379379494921891	0.0207965341133491
0.720421988116296	0.622542928437328
0.0756904942155965	0.0460107187247341
1.84615584269709	2.15255554110108
1.6041140180489	1.75987507585302
1.93708552644368	2.89655315697389
1.07725265742854	0.994096025153173
1.56421644916337	2.72254875602115
1.09001220117969	0.890065589673146
1.62548194223747	1.98220389066161
0.967111560042396	1.01199732234437
0.802737155201859	0.929411373382623
1.59001478158281	2.82987839508845
0.394908584466948	0.325201846014002
0.644622292078057	0.814270340970537
0.97217694770075	1.41236334654229
0.646343794066971	0.751294454763939
0.804619181512459	0.883931484323849
1.00204223088839	1.84383915752118
1.3972357819163	2.57068354221758
1.00919436287449	1.58561419608544
0.585450985766188	0.764385080895653
0.648182235599029	0.973600942834716
1.18429535794182	1.44413912173883
0.103598910155709	0.0609835154941841
0.815044270787489	0.601014491447675
0.950128726859484	1.29635789488393
0.806722960480541	1.32143905127255
1.13083371003511	1.78562100431855
1.23706874468564	1.86387868279937
0.440071355933352	0.506537118425214
0.197321020257946	0.161274217023381
1.27171251501999	1.76695970527253
0.960098855602868	1.30661216557132
0.515743140271132	0.493149446225089
0.938986303850536	0.935225166333887
0.954906837566441	0.820775423361068
0.832087695560956	1.09306072669467
0.897856194824429	0.5579803792314
1.9949365500818	3.40982668541003
0.870859987511741	0.730761620574446
1.65651607836261	2.39451131301807
1.13633683163405	1.41230178342036
0.912625672309502	0.645379882710185
1.61880882363272	1.84443609173648
0.226621360486169	0.160548817588612
1.57874344275353	2.29388673759263
0.509984191628111	0.441119960978528
1.08368910852686	1.01432233633701
1.72156246990781	2.56265213287937
1.0282854214493	1.27172452668415
1.93279464411735	2.62655773728556
1.65567792199413	2.22711224416856
2.22569334914312	3.26927854520149
2.12496722208601	2.30906405350441
1.23668624406319	1.48237311550323
0.624907830715725	0.723810034216186
0.860631479262275	1.03156189557947
1.2536874142721	1.89654466586906
1.53125650009009	1.41897609472672
1.78272324326524	2.10448611831034
1.18291842216027	1.20360690864513
0.336203178733207	0.180528972110483
1.07472917707672	1.01303272072058
-0.848876366526773	0.605922533660248
0.448448715531717	0.337700166661392
0.944876340049087	0.773029734711548
0.478763608911121	0.197751735119692
1.93612758593883	3.34265277968194
1.4487005578248	1.79902044540843
1.24604190800936	1.44297775215037
0.202216792280379	0.112234112718238
0.00245241099272835	0.00163953503203225
0.730337140779283	0.552829991516306
1.1645980102559	1.69256571648357
0.275150573454969	0.16825681385781
0.282384285740846	0.108688007754138
0.810892385569151	0.569613431075076
0.645019080302083	0.586677749996886
0.642837311988194	0.663567775126051
0.475996175195687	0.30107816119632
0.613166399784183	0.371844729846464
0.755892065299217	0.980897174066538
0.687382513269286	0.841271938144702
0.720681884991099	0.968381335598997
1.53987204595026	3.14623084821086
0.958277559977639	1.08594055132501
0.960770804172576	0.90986426439572
0.874597872277284	1.26333744123729
0.674925290687285	0.731968537329803
1.25225728007868	1.74105058727081
0.651180496739375	0.724543306118057
1.35114971216312	2.04758378604601
1.30056395621158	2.60319079399274
0.741384757604409	0.857116426798644
0.166913231681766	0.146269552580924
0.688437379565406	0.824883422527761
0.700260669545418	0.729441284414355
0.760725368650432	0.733800558417508
0.727861500829706	0.945661700874011
1.23649018980349	0.930004710582717
1.74562834010211	1.93451770936956
0.0337763583937882	0.0162986636324464
0.35002540193392	0.340613707388151
0.265936601575657	0.252385902841143
0.848935929922565	0.747620714222927
0.363772375564832	0.277746958436295
1.79828819492303	2.98446696840204
0.680135524243779	0.739322382830573
0.719556334161695	0.551755846493525
0.0223162484703283	0.0111933531398749
1.57333083377077	1.90499765224746
0.388399974181089	0.292429354877591
1.33541303652865	1.96777176101424
1.1998726405572	1.62206740102255
0.489498004075105	0.413581405271362
0.834592422077552	0.784368833810163
0.563842099124087	0.368262306872623
0.94403005079476	1.04100910057193
0.417671411527592	0.352933527067575
0.857116458115227	0.861065133507358
0.928791769810882	0.645104322922265
0.970021734872641	1.14328694235782
1.71753729461989	2.4262450595781
1.4340341513689	1.4544577801435
-0.513799511536186	0.252991718599369
0.0983897839961162	0.0640755119577802
1.00842476734395	1.13170542879659
0.314524660847712	0.187572222067291
0.338663175608263	0.225923017873452
0.135659535899918	0.0904655259445605
1.65070125960903	1.9833176746257
0.0706594921789732	0.0423812379126175
0.669192677706588	0.436238951855451
1.37324603075395	1.59511961431082
1.59847044235415	2.78333980320365
0.053675014201021	0.0393262890406283
1.63259886986263	1.96820855931388
0.767611520353368	0.784751020424278
0.586615880395803	0.411523606004655
0.759796618072689	0.962230540968186
0.658108326647364	0.669791796210564
0.774544885003001	0.731088490951394
0.0597515981029684	0.036214414659094
0.663972120334302	1.18802294649364
0.696542559307743	1.02599901765828
0.992656555330593	1.3270895248706
0.124621890422578	0.0974241443755745
0.744176724044271	0.873515570365837
0.844320159100607	0.755675935074591
1.13797001030217	1.73646771330747
0.661463186575047	1.17188076002179
1.40284874764288	1.20888232365275
0.526978536262091	0.4723171860415
-1.11572869503697	1.01241425619386
-0.0753842676909399	0.0632202838022641
0.520160192900242	0.583388895575581
0.721966363065611	0.536555742786268
0.547600903670204	0.660716293669566
0.161120719346955	0.159806281364074
0.830585009868153	1.20085108569663
0.911113604392218	1.26802914524442
0.885474814502064	1.12145434673117
1.39211151383471	2.4101421316138
1.53863786653841	3.27289465068779
0.909072805889306	1.28103643891287
0.141649130433051	0.108340618072085
0.686512550677358	0.778794334170637
0.955200028166909	0.859514340881585
0.640350546281831	0.806261179524187
0.471370078164184	0.473476562287774
0.751190445589486	0.972239591766415
1.84212153873823	2.89583197525339
-0.126008588644563	0.0737601911012864
1.15084931543289	1.49400025531442
0.813621855853983	0.986371899014435
0.724327705203802	0.713045052621868
1.42471505389997	1.55570287265516
0.438625577529885	0.344898291931
0.715776924694602	0.68723133563148
0.142310426274545	0.101594723244794
-0.881759921174704	0.567804713499456
-0.110852963289394	0.0819616356909918
0.789456697645638	1.01701461957632
2.81404174203149	4.73132184958911
0.81964185922827	0.62789862212205
0.520723101216492	0.373585268861237
0.357868828245288	0.356852947534276
0.246433133518507	0.238049750363367
0.970525955357619	0.816734874812221
0.852225206704533	0.707813392758712
0.751739051018562	0.727307361107307
0.556770961269868	0.534597933873276
0.19221111672008	0.153824282426343
0.144155681383984	0.119258962177549
0.12994236569317	0.10002697601505
0.356767566457693	0.218970167656745
0.312598332284018	0.247432470057439
0.803428547605945	1.4868852551714
0.772465699150178	1.34567476245625
0.771526933767838	1.04180926456495
0.721696777908932	0.935916654027341
1.15805305284726	1.57884808973898
0.347991722878653	0.37053052062471
0.522297120657539	0.791060963256436
0.0504008694354502	0.0225246544577618
0.9531816254869	1.16794955682567
0.959453520651839	1.00947404398638
0.23084973055317	0.224080868074761
1.4388190821587	2.58954960498906
0.946472136358493	0.763220244130369
0.943509990917886	1.41380564928917
0.503025480626604	0.567795801050099
1.51502634435385	3.25010355029793
1.73164394822782	3.33714291955428
1.11710336226849	1.52235185877514
0.972668781379166	1.61286938106802
0.133325492965584	0.114651412093183
2.00207457718853	3.40501964724563
1.072956182985	1.67875818017714
3.21629850696291	6.01987450551306
1.18318530858543	1.19278861438596
1.21562901227194	1.60608543361508
0.66304907395858	0.674891728776856
1.01888404330005	1.15298530237535
0.532350353412545	0.587713184801225
0.374446710774605	0.245913139854667
0.374470412249956	0.357671622146686
0.891677200519375	1.00582607293053
1.0972299768526	0.963578161026115
1.2724988691859	1.35425531925458
-0.0677890006405454	0.0386828316772264
0.826803080793305	0.852880358331693
0.257717318339977	0.161600819513619
1.90121950545729	1.89813467958418
0.417807114616724	0.363708950042203
1.09735269985239	1.54114192996997
1.27366314410144	1.79464722221805
0.925537947696371	0.661157146867012
1.64055544161421	2.1691369700025
1.91229816958919	2.81961213023954
0.683584751593188	0.887222293003145
1.15150540955609	1.20659747087532
-0.0973945817157837	0.0716371170399378
0.408038772942452	0.301229852108113
0.499442452509107	0.447945913262386
-0.0530131215957865	0.0456131012224112
0.505361043840432	0.585268059428284
-0.0305457149768318	0.018939575226926
0.891818312606514	1.13994622085727
0.621214866372256	0.490030950117817
-0.072758777241276	0.0539097070704089
0.696644648708219	1.09632624227471
0.675736118747474	0.988454167309787
0.548940474115282	0.464845148894799
0.842516589019627	1.05715828796158
1.34403364972467	2.35589372362452
2.21265993128485	2.99413548460942
-0.266476824768257	0.214263634340913
0.699392633006372	0.688304723687943
0.897269871655442	1.18453670026378
0.642758039446943	0.874070468128895
0.654046560009512	0.423999352639423
1.09562499633132	1.23749200979863
1.11408055755423	1.51580808232601
0.89618364285819	1.21942427262815
2.85557965538001	5.3087565998446
1.18761730663461	1.86080652796327
1.3639632030116	1.59945861657083
1.87160216584962	3.22123746854695
0.90649613330315	1.03160141209244
1.33272930255568	1.63237611929566
0.858337968660397	0.791919111736402
1.22103268363024	1.14597148293505
0.85645089927949	0.789469359737832
1.2051436658984	1.66285322535818
1.0929839552374	1.4491868969199
1.3016211489514	1.60709786183859
1.52378931733157	2.12991825607897
0.741734396975299	0.838393312691702
0.792398441541511	0.882754959684479
0.952721997995285	0.931977483938277
0.4350680684244	0.343270655904169
1.81283250853871	2.68356625190537
1.34219316592841	1.46149988606766
0.399713876184765	0.204325216695677
1.84578727583485	2.18228758052783
0.629023812762186	0.495815872344427
1.52987049557481	2.3136474274362
0.640887138661612	0.503285006667222
1.51817424616359	1.43124557751333
1.08400540090656	0.942827848323231
1.53148842012655	2.16717560608292
1.6397410399875	2.53530938454489
1.37645146038802	1.49253157953265
0.951673392477028	0.986318179211275
0.316467508170339	0.2473552659069
1.16765164260746	1.55424374816647
0.982721747677966	1.70261563934693
0.701426991367657	0.783800043009597
1.64352132157765	2.1611093957208
0.0837497641198704	0.0483263156475246
2.55588788955507	3.60532035790027
1.52872895602359	3.39636162517329
0.618669656064667	0.774753640288171
0.839461088726906	0.750792042487642
1.21092468178089	1.72014011088629
0.622809795230292	0.909327916836564
0.256492424788171	0.123434435826017
1.12225046335804	1.32642639333088
-0.0445226905314472	0.0280351579161078
1.10640774483894	1.97416692522688
-0.194644168108195	0.185247275215398
0.472458001508586	0.396211802511956
1.27703594189937	2.19871487063276
1.95461417779254	3.989573369971
1.56629373555801	3.06316508070035
1.3028603405132	1.98093162063945
1.55827607095547	2.76079811239774
0.251930595590041	0.219110168559524
2.00468045013705	3.44455863642345
2.42519170237858	4.21814325545152
0.957417562625063	1.22381020249225
1.67029416788514	2.18409141854954
1.41959480211065	2.01545135436331
0.571695883445601	0.502453576563588
0.987762747527257	1.28551028599268
0.286073755605829	0.289590465712463
0.63439473639005	0.634644681034914
1.22253524138348	1.12238384472798
1.52457626830337	2.53063200035045
0.452997423697807	0.330056523413953
1.23769027042108	0.988660066736015
1.7173525877043	1.64966938559801
0.635004281016229	0.475300097398306
0.498777639873084	0.416157960099184
0.80091020079322	0.567895591651703
1.22885774299847	1.11539655418071
1.39211360118713	2.52631143859915
0.0674652276155922	0.046552293388868
0.45648242236494	0.341038833899134
0.443026272422933	0.262047292305519
1.22309422217156	0.926723496130257
0.813605446995367	0.877401474433334
0.865936193334049	1.16241769887632
1.32640712552674	1.94183969981721
0.964609401945555	0.911035422772776
0.617116368767132	0.741453400220701
0.551843292324244	0.452416918816338
0.889635860434074	1.21636714801448
0.473215593704681	0.427874635076589
1.53644858686909	2.08433218650118
0.833179719213163	0.856689775674464
0.995467276342647	1.16566795172691
0.751219054470865	0.709981045454407
0.952323476980388	0.851354444177546
1.18240632643527	1.94111880396181
0.522126110030153	0.522490271787359
1.27183649640163	2.23809395071081
0.528406731064421	0.660958356835738
0.403438727245371	0.383883886169083
0.862540699256243	1.27876651577147
0.254705305810559	0.245258161841478
-0.0611727019547377	0.0311058309920827
0.763774485769439	0.700729217343892
0.336768774440345	0.273137634009781
0.435058766351211	0.529567825247383
-0.17338604834059	0.149561283856877
-0.0710503197460614	0.0413639367524622
0.307744747020913	0.379182078854317
1.73231618854615	4.07636704528594
0.758543889137339	1.0583138568646
1.52640005662479	2.95092961482591
3.0539904606125	4.99837617245468
1.31733797482805	1.95933792098031
0.693926257173041	0.915851218576654
1.85622073505633	3.86721788149999
1.76617133947131	3.41090086239413
1.5422102694824	2.44101888824103
0.934775739508267	1.10771843417812
1.54954417041882	2.21498434308131
0.710428422971173	0.803759462936252
0.249462417787007	0.222077881182085
0.927984283527177	1.3078726845072
0.419779855709825	0.2969572092707
0.750681523359556	0.764711834591474
1.37994019625112	1.78603440388908
1.12906875250816	1.56413558640739
0.479825602190555	0.323638475083816
1.94549748687845	2.68779071782967
0.725747810417323	0.961051835731933
0.400980681273519	0.307952065729132
0.829010779641132	0.861513658823711
0.48776505228224	0.420042182033875
1.6457812268036	2.52332436408883
1.8686294876916	2.85474106306034
1.94624329414102	2.1748787317277
0.764188450126792	0.833505621780886
1.35337014551813	2.28353642728265
1.16116130459527	2.12734553515033
0.00806895757775218	0.00458129460811372
0.717883227294314	0.746202160208068
0.468591326820448	0.416966497432492
1.34055958483257	1.92153592174857
1.39345290152174	1.98645822810325
0.223164236768007	0.197588822023779
0.743386165641335	0.842634306441408
0.194875282455228	0.144428756179111
-0.209842363034393	0.139074606350685
0.712063031004476	0.78192508105373
0.0864994072203948	0.0534001307870874
1.44836391690396	1.56777542589701
0.801313447212121	0.89800641907234
0.635978403581226	0.727815733239183
1.07169095698163	2.17969610448019
0.688370407582045	1.00360972852996
0.551373838022654	0.702244485067799
0.297609234893696	0.24035847746373
0.816748229328934	0.997210837379266
0.646476184748089	0.957915469556135
0.429357127693249	0.264657095766646
-0.0630673999423281	0.0423992608219369
0.730743576364356	0.715194993192807
0.551706562823091	0.531163064261624
-0.131468298216938	0.133406334539969
1.05724405814598	1.33199449687783
1.02151530767876	1.63994624879577
1.07992273090494	1.82037300503871
0.717087205550278	1.04809679947266
1.05811001603942	1.77638646223194
1.19987049714774	1.46566836453156
0.50304647967539	0.540616245955462
1.33584862714768	2.58812636434207
1.58539667341286	3.32853752631878
2.18263379266052	3.92365012795669
-0.24747529871995	0.199828582592847
1.38187573048094	2.06349859714178
1.15152026353689	1.52195295524526
1.80477511533594	2.65390166258955
0.547270812398884	0.523796646098639
1.78634992618757	3.1079397657817
2.42256907511624	3.2759333735825
1.30942930883418	2.14835879713668
1.33394608653074	1.91878301113234
0.768462009028076	0.722133693357139
1.30452027154619	1.37114546925355
1.28345175929642	1.46615300200412
0.466381146519487	0.392213858304555
0.903950187396695	1.0384328527771
0.928870411744656	0.684747808172087
0.880219718507156	0.996853429717011
0.122123492320096	0.0913502527603101
0.810387256412877	0.930283458632286
0.682225560731164	0.368047661323482
0.833643265842641	0.834917033253331
1.7396542079051	3.09785791111097
1.03705574146287	1.52005927483891
1.11695936957246	1.2625289720983
1.41504092029411	2.24212025349639
0.90401816798174	1.04227785319164
1.1699413202944	1.57067010770895
1.09772022487326	1.74988726075068
0.345921211911845	0.376497630118396
0.926526464911344	1.00554426971031
1.00162371462276	1.28260844718078
-0.127526163839161	0.0815464148467737
0.216250873923422	0.196294345473265
1.15459737846358	1.24601942038279
0.491019317862812	0.536743040755929
0.543392247856618	0.702607441774214
0.382459381011423	0.49190407881162
0.394511775981155	0.343904121594544
0.453186545350809	0.582690639023809
0.407519990672386	0.430982213626108
0.902368884114801	1.03247600192643
0.432183618357368	0.381772632590948
0.832309713584566	1.09851430955731
0.519796971676469	0.316506249607862
0.715553260699771	0.624103921024913
1.52462379874179	1.91902622023094
-0.0247229015356119	0.0193830308041751
0.290986602698241	0.263396216819748
0.343501739679755	0.23324302896107
1.07012594578558	1.06656648739617
1.6150972732123	3.45583957390992
0.247362540996538	0.239510927908932
0.97271915345669	1.10543498173641
1.85838268815657	4.07530723920982
1.32746456538647	2.37187920864059
1.83343188335964	3.00051947682533
1.37464436740752	2.10953129746642
0.899797012859153	0.998858644750894
1.38134708910818	1.69736531927939
0.676243774833991	0.681209591556438
0.674184892220734	0.758335917936376
1.33875651921116	1.65637783861207
1.17364149995603	1.22483768553905
-0.403379004858888	0.334583286792311
1.14607239006713	1.24710176895615
1.56144763347464	2.19625444616892
1.08401212006069	1.28940779377829
-0.117923517069332	0.085096559064892
1.87155006396664	2.46661406971124
-0.937326932772758	0.811749995394332
1.08408116226157	1.30083550947078
0.290092940306551	0.202606173523812
1.80142825378746	1.68398675187602
0.362365621677285	0.261437448237289
1.35498315855113	1.79072318001633
2.20735770928855	2.93811409082353
2.134030574911	1.72087846844387
0.381817526988992	0.2885682250415
0.951065553047821	1.24299272497696
0.327930456667187	0.271602400886802
0.35515227940843	0.197749150916952
0.719282171671263	0.738815003981535
0.359712352498103	0.294113907424465
0.979251944308575	1.24470721482938
-0.241734298007017	0.192293520645516
0.384687278665093	0.378488522177542
0.425967340575886	0.413712380209578
0.921038055751843	1.18852511701915
0.411339919133057	0.265961351046037
0.505852408794441	0.352232681743924
0.133051836101339	0.069891480956296
2.13982213739456	4.4473296697243
0.961455711089915	1.36913812422083
2.01469530001584	1.87907161443131
1.417036948019	1.55869963542568
0.983990518135866	1.59440322094044
0.86961393519353	1.2281615388406
0.72063969570451	0.853475326507138
0.347619672643018	0.30890739761582
0.872920114021554	1.19510179441192
-0.193742006825445	0.0998305788062842
1.52955444336953	2.18251940748051
0.546558601791219	0.65591008852849
1.22208963157801	1.46296912982899
0.290550974420004	0.128271437088422
0.810073594953927	0.593056414505539
0.481592313350313	0.476500698119333
0.288734161625888	0.289052154238676
0.526927126995098	0.364162825569479
0.623045019585749	0.537265886136295
0.87938793185221	1.2888297236247
0.16791391365572	0.19589407938922
0.862640766552248	1.016619193663
0.659276928036624	0.62709491188166
0.19522167860236	0.166236657505367
1.07697607879162	1.28746044898946
1.00782053749265	1.15650059448828
1.36397837984286	1.51487634017623
0.172233583219461	0.128265744741787
0.21202050964212	0.154777270897506
0.959425945881652	0.934825347085145
-0.298653935518355	0.178417719981606
0.899157718603415	1.11855146787596
0.550564646136392	0.45144069499524
2.76536678243955	3.37533352531501
1.23245169538694	1.34065079625441
0.84676392013014	0.982931937132729
1.07544926101658	1.11340669304731
0.924926317290769	1.03636203772402
-0.738971554317798	0.559163413922187
0.43764430829526	0.320402029716323
0.489694726772163	0.389122144322419
0.211656143821807	0.120241099887244
-0.537340399943898	0.438834501758487
0.876717900197817	1.02872435596613
0.375744373288091	0.233787028557822
2.26696505951362	2.47455225456532
0.394419136371316	0.265239825617281
1.17928305421471	1.68092990645319
0.117513713495345	0.0804519643995956
1.35339297141786	1.32418428272258
1.15818154363228	1.30037317425906
0.654837945920544	0.667709687202594
1.55222323754092	1.34177056693348
1.58061074240721	2.35741198858746
1.07634213054062	1.0681413267149
-0.416307988251932	0.297743586584727
1.2867061097422	1.25702511756811
0.937898996945205	0.656712395734219
-0.0159319716045465	0.0100750083108037
1.38038007458406	1.27530760146342
-0.262524395981388	0.13849056111782
2.17777006207217	3.06110659048401
0.439246568112956	0.522071249051255
0.91991817215176	1.3757260384581
1.24311098109367	2.17279226768017
0.193209214756517	0.168165246475099
-0.149806313358475	0.157231581502605
-0.468072308296797	0.348376458818425
0.156946362949435	0.100223018533227
0.47661155824002	0.448763305674768
0.64928500746846	0.757546332876636
-0.229405060712862	0.212183978546945
-0.374607272070407	0.31073840965212
0.820419452943009	1.03389440050807
0.533357098312252	0.544375794089052
0.673652668576561	1.1890983331641
2.19220820862034	4.72235723274589
0.762874791440609	0.979774596286253
1.01464854328174	1.597194669205
1.75003284787593	3.62738078843523
0.676963713871512	0.950113814190933
1.59669488577991	3.03562505441084
1.0856291391457	1.6234605523404
1.49875253719249	2.07944314631629
0.837427380198232	1.01680029226818
-0.412072549906404	0.427818024139033
0.634071267350029	0.777168266662967
1.40453945203075	2.66063435826093
1.77277634088276	3.14283177655463
0.612834905242576	0.660498738675821
0.414628167114665	0.464810059396388
0.182432165201842	0.135245225201122
0.802708790367547	0.529915176393763
1.65029248254426	2.55074014884884
1.05563914512001	1.34574078297993
0.705828631028016	0.508105382793568
1.21929929824434	1.0959873277073
-0.0145454966640392	0.011800285896635
0.203182069872432	0.176602153256693
0.855480917097564	0.817807957474596
0.956228482537025	0.783099766787141
1.32060780540137	1.8011868430961
1.41755108508794	2.39800781255953
2.9288904356453	5.34951759805084
1.58266627622401	1.90608703306313
1.86614187547425	2.65063257384817
0.797656565902947	1.12467687850427
0.735496146934418	0.770975971110753
0.0465605775304438	0.0324225022970958
0.756247054293633	1.13993856700709
0.818216813132807	0.861798229849988
0.32065871983627	0.254066789969214
0.277300119490728	0.252383182880853
0.709475484825041	0.750480898724691
0.142316042144761	0.102508122417691
0.570006327234984	0.382074754813104
1.39414567113001	1.5052666287751
0.0124588604049732	0.00813183280410866
0.542736009869613	0.53761569821824
0.351418053600622	0.482236480481927
1.17540689205927	1.0621649926283
0.769481844021162	0.867470779535829
0.794753725610834	1.35883675811635
1.25026663395624	1.03159223516366
-0.201076437088449	0.112355105051789
1.6439499772728	2.61397518828479
0.355121961917289	0.356795034422196
0.173589151263906	0.151236699029087
0.757695275691622	0.664339342150197
0.77750257889467	0.853457227500715
1.83043433995649	3.72633693481101
1.73100419151077	3.85367249024384
1.31789265592888	1.99452356063227
0.910609598678876	1.10229999222333
0.558179681238103	0.559569332241062
1.06692070732502	1.88522304859223
0.565004766593498	0.561875780472571
1.69881361720166	2.76078967645022
1.56834064220726	2.58016534751493
1.08888994650445	0.780677825655697
1.05071750012573	1.50044400092129
1.86222216362961	3.22462005588894
1.63420291487688	2.70244367312351
0.13549452126444	0.112264165828621
1.33029444357095	1.58936721895915
1.5737491842346	2.54662868401284
1.23993567176532	1.32670220509266
1.47170734361887	1.68764956689316
0.350828871802091	0.342981538292422
0.0252065919457957	0.0180949521944011
0.277372473291695	0.254265789199318
1.24283026363532	1.02592439502626
1.6793122745122	1.52074028997295
-0.0810042795668695	0.063841522093915
0.513989725129884	0.492144348204908
1.32133004472037	1.81598598331095
1.39009846933202	1.22641469016859
2.37517352317614	3.56603178034442
1.06433531312212	1.23516049510986
1.61046569681083	3.18934359194387
1.45148888697785	1.51644767796034
1.9676536795871	3.56240881666787
0.964360452764238	1.25908462050632
0.769902012725691	0.900547703933863
1.02854072425578	1.45761886889962
0.719702210858735	0.947351725435118
0.402178132207889	0.271950728739955
0.138645351424832	0.0997929140340154
-0.160084916287235	0.0818723432455793
0.469492967425234	0.4541259433404
0.750628341459323	0.858294315887796
0.57233147470849	0.880861659621084
0.298662591893464	0.412046597841022
0.527865129353118	0.77630014302414
0.400307161012893	0.429470744974414
0.496361531205674	0.612006438577597
-0.0488594418389204	0.0297948209474453
-0.121262365244554	0.0818690093951593
0.0296428334425535	0.0249471646092044
0.33217662432522	0.222995606938267
-0.131248866952947	0.0930059653329681
0.360395324252018	0.302351379795593
-0.27114559421749	0.278200239688825
0.362232455409776	0.454250102438945
0.72458507795988	0.726824558322914
1.03484625238111	1.67491671959576
1.16595706713038	2.23193833077369
1.12139659902726	2.24155861117348
1.58040548674282	3.25065456761786
1.15612374737745	1.78628919666432
0.192385211721999	0.158419155743444
0.894975908904287	1.40313474239819
0.783764971927784	1.07930278853252
1.44955121199327	3.19466214992777
1.84908403937597	3.41620577389004
0.776081913512111	0.659269031597623
0.762561001418185	0.96743494136353
0.183295775389946	0.158703133985416
0.344482066371578	0.413146608388958
0.323163005676739	0.35798830087089
0.755418313862136	0.787457732193004
0.678454593175431	0.845839684282456
0.730401055408944	0.747152601392979
0.94314689190417	1.23323995114816
0.105044236004299	0.0780974790499
0.191408810709135	0.130152602293903
0.812102535622217	1.18811753073195
0.865736294488153	1.01277714391914
0.616588052329293	0.621216818206023
0.385074072404111	0.307920984977904
0.744752923230133	0.771410110160429
0.83401707423776	0.825578509315488
0.6405617675601	0.401772962464478
0.591037486467059	0.522106982070749
1.20963298577415	2.15087692539033
1.51164982217567	2.73223132498592
1.07205218633961	1.31884670808563
0.885865349127128	1.14712477774757
0.585574276695362	0.744326467702287
0.63894475109499	0.756793178608758
0.704378449967285	1.12748853471753
0.736882843538274	1.07488749855257
0.0695902442874411	0.0571747283268243
0.112377398390945	0.0906354071655561
0.462906761531659	0.338366635236288
-0.19510548792607	0.134877410446396
0.67875367813982	0.837682765677647
0.780125652127224	0.881657814962305
0.881018219601337	1.21989725285318
0.480856069269033	0.275463456319744
0.793492198387059	0.386206134509403
0.725819846253205	0.675818975085742
0.502517863932679	0.446185251320364
0.543535916248043	0.746995181277356
0.163029864451749	0.180372888098727
0.229228837442099	0.209755985842884
1.33108231281347	2.96608082623927
0.69027104847679	0.780056456742591
0.499309485723197	0.455414236838568
0.528109799115361	0.560016366488624
0.108584806884357	0.102816742615553
0.506472315079443	0.614525114625707
0.400730347828261	0.45349115549824
0.603495103412696	0.734346911358053
-0.421615735369807	0.431899862840375
-0.0654059170307026	0.0560745902765858
0.402594365015871	0.240633474202978
0.303785397058522	0.22542186124401
0.541248883581172	0.445928965049296
0.0088629098516941	0.007930135585276
-0.0644402856671295	0.0514449532583457
-0.00649122488387192	0.00413366827285677
0.476434221461721	0.470418340121805
0.210818129144282	0.215231062020022
0.672691636072258	1.07967481684199
1.71830812562641	3.80862875236274
1.24513253460864	2.18936920331825
0.731955466899624	0.866051772878239
1.16527650506038	2.1769666790414
0.735795316185678	1.07174363186057
1.0088526456502	1.37133163478106
1.08239236862305	1.58107961869801
0.685333509769056	0.76740783319408
1.17084660175364	1.66377065385648
0.78585207084755	1.00310928513979
0.349442984906183	0.37375628915451
0.602268098637701	0.728665222319793
0.45190053239626	0.281226113539508
0.520930886775106	0.475357321440386
1.49700360647865	2.94165970336582
1.41135248491303	2.57739147532479
0.244910347318594	0.153389637119796
1.44731234761889	1.97657163625506
0.305834470954577	0.258942773972194
1.18232321866751	1.19261235161574
0.081225754662925	0.058476986973926
0.642300353219919	0.73218612652999
0.550902061149746	0.674972337844571
0.701756453658694	0.79908886318563
1.04234732503456	0.995416137929513
1.32197589690456	2.03641892398348
0.439552847106207	0.485072209137581
0.890922376506486	1.25982598438755
1.74943993665774	2.98193829004627
0.684250953654028	0.819736811918178
0.718476431368935	0.883201015870779
1.08729770271227	1.2423969736507
0.877992087185063	1.49104734878152
0.845938080179137	1.17573622030174
0.366894664592786	0.286339548049254
0.73276873238986	0.864057540040019
1.0096110712644	1.11370890096632
-0.0112955825355093	0.00896167024123693
1.77132468281229	2.76076255551149
1.13112582938266	1.59140798372788
1.07239566724764	1.06712391073501
0.86549379667248	0.769125283598845
0.130863288716478	0.0684906303230846
1.22041382836802	1.10071820520423
0.927776756252001	1.07607851825322
-0.114344038061874	0.0502057310162212
1.09111727225901	0.878465125749628
1.3345929890151	1.18463759381586
1.07963395376503	0.862113262780883
2.23908552713173	2.62227612127456
0.505410738323707	0.609814137691429
0.566958046185219	0.643449397184674
-0.707075210791798	0.39092257779003
0.720030462845704	0.681011865804438
0.389342588104074	0.513765769540328
0.398806714212684	0.540981874426407
0.703203542707062	0.942171558332104
0.131187045247846	0.131572081133598
-0.267427081243005	0.221537244138971
1.14209960053395	1.43756266507596
0.684940622098306	0.863272802381775
0.885923273643317	1.24996026401125
0.933255665679933	1.48713915364833
0.635169318145091	0.882874410203039
0.502656813911781	0.66748216386201
-0.702225982509741	0.739043491032215
0.387240413466089	0.195266244929389
0.24436889525614	0.233773017516963
-0.336416103696984	0.322353404627038
1.31711746197216	1.34428833205138
-0.254150744046923	0.183527197387729
0.778557822027612	1.03341729228533
-0.0418099720351806	0.0338591323015194
0.291086143518296	0.303429413437282
-0.0978045061339639	0.0725054562547059
0.45616136162678	0.477196793269178
0.463444628392662	0.664120228488259
1.87994927468856	3.17019669282732
1.25276577380994	1.60772974566094
1.17624808859464	1.69706277504992
1.38209229533874	1.90624981830873
0.806953450097549	1.09047824428269
0.193134859103195	0.160304250573959
0.486006477159015	0.435573274299909
1.13675897951137	1.40897211656143
2.58658097644001	3.88577298542022
0.767451730401482	0.679440995370661
0.885015413067105	1.32127264740593
0.744218710779649	0.966762064903544
0.282528612943	0.238069362917622
0.998084042803782	1.15941863248178
1.22781647927881	1.46538677439262
0.298707379572028	0.247963353232756
0.323687690831621	0.217546540320564
-0.538352420718909	0.356842066507119
0.290498614225658	0.233182001932558
0.839039741301851	0.819293378940798
0.931769144297709	0.97877315586704
1.60295140627078	2.18107315761197
0.192647827172616	0.157556394945292
0.209831136163013	0.184800918998765
1.17105556711852	1.26626413218153
1.46055663136527	1.08162790306222
0.974157386976582	0.948865635054959
0.737185000538245	0.836834355549433
0.907965758133273	1.03447734636833
1.28036415157965	1.40856772026804
1.89346102633358	2.95828406276548
1.87618116948177	2.69086034450121
0.530313524422362	0.406730410099084
0.1841955334595	0.160372235479248
0.697008503722817	0.797105452085152
0.0482821724582111	0.027915483461792
0.400011307765039	0.337824457891647
0.834354944591764	0.8687156435997
-0.0645767125796522	0.0350650419754554
0.331345964661117	0.23384641737677
0.666873435721634	0.564679078183102
0.900045128257965	0.58213922526366
1.21206511090498	1.16029613360599
0.797395331382327	1.02407796762147
0.478789719978366	0.397145728007596
0.472240020832606	0.266006948787061
0.735019066589967	0.432419337736418
1.4284383524426	1.13590542215377
1.26364825927399	0.844640620123269
0.939881229741149	0.711114835397987
1.09828921193406	0.92831956489514
0.853373224151573	0.768768093994708
0.646641080366065	0.421392188714534
1.58013541339341	1.39338874319487
1.48858962386499	2.12938669446494
0.552443425166125	0.652795452882926
0.444720060882799	0.520094489624223
0.152299889063662	0.0948504602884629
0.678367795077512	0.796018285805408
0.588270884802554	0.72107778950469
0.432075231703928	0.605761791672505
0.927053904024793	1.40308414752636
0.0594089934817498	0.0498448459170697
0.111438502190333	0.0865585917335949
1.01661765037449	1.38944904392195
0.50249847858798	0.645897852101854
0.702414795949029	1.05840934630377
0.848921845007384	1.54697061097926
1.3133610412506	1.88162825119465
1.37500339439859	2.125648576267
0.126347023415654	0.103740616715903
1.45343746822277	1.07377655590987
0.93479965851108	1.2516523407382
0.823086707875607	0.621536392469925
1.03641298063639	1.45558080701623
1.37306409755475	2.36453344322018
1.17376503313893	1.40924148157287
0.807519369914854	0.883278276501399
1.58763269328033	3.14720584990328
2.26997473652787	5.98937366150813
0.285226691963433	0.24395761764659
1.18164345358275	1.2637900047559
2.08636734049544	4.13535217458875
0.48789276992478	0.511913789518162
2.40912174800434	4.80904326562957
2.07572971192585	4.4161235525737
0.715657723467753	0.788437940106627
0.450095229773885	0.342902536260409
1.86222406710017	2.42375327769703
0.256515117852359	0.218800405291905
0.761002828634206	0.850565458931218
0.406376147399082	0.331746837624975
1.54400045246579	1.75890230207371
0.979165969706029	1.23726437730122
1.16824408987488	1.22576577875215
1.77916605806897	2.80542902132733
0.424290104425113	0.257178747382664
0.737674779192822	0.750681521419138
0.583416671759661	0.538621935966684
1.20119469777887	1.4175157444003
1.66291736001074	1.69836866915273
0.114004382314278	0.0840846418127517
1.90080803634046	3.0734466546788
1.86871189400703	3.03972260030607
0.53745584542569	0.415614540870068
1.09131351660658	1.21346358305512
0.108159580761662	0.0938331193645221
0.817689361618289	1.04926429994429
0.484253664827933	0.383447551158322
1.38183747795983	1.96291348438833
1.75940470525545	2.78655143887711
0.275845150958163	0.218043277618785
0.896177486060073	1.46046689350714
0.197761900830632	0.162971824524789
0.438502951211358	0.435230813268161
0.0662529180029125	0.044865961673921
1.20021868709809	1.16230304238685
1.05251697005671	1.15189801475612
2.56534277903177	4.07891882926881
0.778808186448987	0.707691313344918
0.742614329954968	0.458422281898224
0.802132759842698	0.544801223082381
1.07061114199808	0.92828849704376
1.11371661581572	0.842235458255821
0.902857575372983	0.574651549066627
-0.295239830233174	0.13341471083202
1.71059141430372	0.798973814228444
0.782050017224418	0.380181847217592
0.390947412177586	0.200462130362567
2.14692118899972	2.44851048603441
1.07976893089523	0.937647968562166
-0.0431554114835915	0.0231370505984873
1.64387750516882	2.20503189192778
0.770632699020422	0.886947276404348
0.382358362596834	0.245934537333783
0.960831400572372	0.702137389589311
1.4171271273592	1.59368489367613
0.862779211318215	1.0052814185873
1.33896260717658	2.39498535676984
1.27536280575214	2.14631779434054
0.914756632975968	0.972212615101343
1.06213029769869	1.32818712298693
0.558276008926466	0.532906959141371
1.60887766819071	2.56500563895212
1.5150393388232	2.14316326722419
0.704655316737213	0.908545164138982
1.00451447430996	1.57455076670095
0.54746671000807	0.612639736700822
1.53714610303133	3.17260468089757
0.672109198989027	0.78450391715977
0.402188332445069	0.310092783046342
0.703596943385793	0.782308564975958
1.09757013395385	1.6395568400182
1.69492841762399	1.31484826639719
1.6941506096271	2.21591230203229
1.05333531369613	1.37913251275418
2.24155661473676	3.8265399571014
1.55570960686497	2.2895299289549
1.21783618979606	1.99096200161807
1.66694995114455	2.1858902745146
1.85237780824277	2.86868845210573
2.59032570942807	3.77446238728824
1.98322835481586	3.06037442321164
1.56842211342228	1.8655698900766
1.33296205163858	1.27880434647309
0.330815114002171	0.192773656717086
0.556812403055539	0.415546873435453
0.503233543590066	0.410111786716916
2.35507016397405	3.81299974162808
1.90339594220535	2.87194058033871
1.05894346539243	1.11643526330475
-0.0590552106953059	0.0356329410743711
0.605071167742264	0.352244583770231
1.06720717206508	1.02748982828187
1.58625665061881	1.99524310909322
0.547469043317973	0.429432647217365
1.2145166175489	1.1722858229015
0.938188725578384	0.742239279069382
-0.641635521660328	0.335335475021663
1.69038017072047	1.79075597000257
1.36182398727453	1.63778034371309
1.06995400590255	0.892425564670682
0.69158350890336	0.387482830679924
1.32245259704419	1.27558543270669
1.65291028304481	2.4262621507271
0.553308795065632	0.473900115492142
0.357398854028791	0.231396889490926
1.20833413672526	1.15728416473138
0.850128151760526	0.748671819079839
0.634769582531787	0.391257820349778
1.03912731325346	1.38559499653484
0.523067395048597	0.521512456382726
0.469545137863914	0.303980737670787
1.44235262107605	1.40185658224377
0.96629837474026	0.823688585472891
1.45842750152761	2.09638677294635
-0.622586690444001	0.341805837409344
0.47195757905482	0.265246138806819
0.591668389173218	0.273944592546251
0.857759465274671	0.483141939602089
-0.0350056908910288	0.0129550420174499
0.699829976225633	0.300781566955884
0.695628643490392	0.300857117799591
2.31420416355756	1.81513761812885
0.283657888302915	0.108694793675285
0.12893319102876	0.0509888425304159
1.55813764668291	0.934120093074728
1.87737768308611	1.19637594502471
2.12594812491709	1.79091869738526
3.10770567282489	3.68753621495686
0.99989554724605	1.74518344848801
0.889458381881041	0.969525812563336
1.32109758133969	1.97858234168635
0.579738621836071	0.832583479507201
0.788135890782653	1.59822254590831
0.755956782959723	1.07949791587668
0.731839874125321	1.15226230976069
0.374536382374163	0.383827800720795
0.743057151762422	0.922066644331064
0.55681312558618	0.757133642638858
0.0492507397979765	0.042700519960795
0.0539164703745099	0.053379426829705
-0.0406463933701468	0.0403538297459994
0.719706991066696	1.10077466323325
0.0870493780306426	0.0906775494672777
-0.129073028228028	0.114264881313846
0.486525297301551	0.435820063386411
0.282056840576298	0.258147779131524
1.14091682172747	2.04274979189427
0.845097874972034	0.714454979512414
1.09361649939731	1.38200744434378
1.81609181476179	3.95428396271084
1.54902350630709	2.69764257324627
1.73479163875672	3.36539728474046
1.79435501074084	3.72668062014782
1.02539423766269	1.25560583051696
1.61537771118208	2.72805169011913
1.25562192312124	2.57636075320961
1.7627351050116	3.057907042187
1.329481627861	2.32655572817985
0.745187152570738	0.821713659915018
2.17257740716838	3.10985243038433
0.392243459475293	0.296560951753229
1.38442124083523	2.0807086398756
0.396716601866201	0.423437440986359
1.01066772295643	1.8218171939808
1.63896644123328	2.00408262915972
0.557787623521527	0.532865936467928
1.94128133389636	3.19308431361226
0.92719186898925	1.0244778457318
1.66160270907868	1.68771386069808
1.14624193294773	1.56174737404556
0.782339330115217	0.887547800238724
0.960349575064356	1.17545827370196
1.30588407075562	1.32977024586281
1.27922862337381	1.99522380942647
1.58433818430695	2.72242593919863
1.18999350353408	1.21105697710085
0.00979238869893557	0.00420398682879202
1.07023823943081	0.686339967469661
1.01885241316182	1.0766466823046
0.995047535712523	1.29913635049456
0.493401764356158	0.40700415354563
1.61871809577922	3.07602470897844
0.536236276628259	0.565150407473167
-0.0960182636922583	0.087533559439557
0.816448648274546	1.25914971008106
1.19857906871338	1.8924993238293
1.19816495737329	1.84447968817013
1.02267406837117	1.28285350151445
0.663447912161575	0.66606312902768
1.13019153878717	1.6029756528627
0.677851395541697	0.627775776449948
1.55119020171049	0.972943546312783
1.25438583189239	1.00716250703245
0.973728337486143	0.872617682294743
1.91063091143786	1.9263352962133
1.16662981985825	1.25063457562486
1.3425525517077	1.22317601022836
2.47624524623546	2.16850379706246
1.27428257727928	0.658321113026654
-1.62418771607978	0.661327377841106
2.14020727295729	1.77194015011461
1.23286019004278	1.06172405545846
1.06876154402014	1.06656813189729
0.749880951937867	0.870897807345248
0.200402251010403	0.172903980198228
0.240034040896309	0.267059536573774
0.533439348771443	0.718998647324679
-0.0828559667276073	0.0694889745923301
1.39231127959471	2.40064941366884
1.21443799017049	1.53423656829947
-0.0976962174185719	0.0841007761185322
0.783302064259922	1.19266277559734
0.141102024293551	0.161461085622135
0.722713698047972	1.04927136786819
-0.199198394041699	0.188770174464535
0.66961487890152	1.06071702579209
0.155382815855984	0.166786674913349
0.966156868846139	1.15662741639132
0.554040799598602	0.701276967153864
0.523080340412568	0.625609274338476
0.964634683913126	0.827053220202965
1.19795880889457	1.23790004608179
1.55575067263088	3.26137310797593
1.00506827592096	1.65166868902896
1.62036256007063	3.20542401276606
1.7267488656005	2.90269823262637
1.02965094515514	1.57999028788482
1.15127774709323	1.78374929166636
1.82774072018779	3.22318078436895
0.744763652278424	0.713642247150724
1.00132897270049	1.21271035789779
0.181366250381662	0.125120473485809
0.643555786975879	0.756668053022756
0.454048570062087	0.474112326409488
0.129990086769193	0.0998390839683652
0.981279289316123	0.920803402941732
0.773062285225332	0.704623018315962
1.10634049545585	1.32468887294274
0.57440302272534	0.517321179906214
0.479336014660251	0.418839296920682
0.925276258178622	1.12211441276055
0.649966904743483	0.660580954457607
0.0545252837757636	0.0391764036618876
0.607689839237398	0.449504191865175
1.56928756187968	2.61123374839613
0.347684892210633	0.342789665688163
1.21750730863649	1.44553225510598
1.2585649134716	0.918214629817552
0.830370083339786	0.665403681506727
1.24351065926776	1.54704959416927
1.3164916540571	1.55315392406321
1.42362448229889	1.81566134899658
0.845921943745056	0.839321190891746
0.0168087972130443	0.0095572913356151
1.23899464480211	1.69594065006254
0.0905430866438179	0.0737106829609314
0.672600778878142	0.737802247610702
0.629062882107733	0.66859460509772
0.504156139393159	0.475019412403141
1.08770202230012	1.32215073726189
0.914358863743184	1.20128063567994
0.838232496585189	0.700903983536119
1.05172221664005	0.604673232246058
1.26495923331575	0.969717705524655
0.762256225668779	0.615720079033196
2.6361531729027	2.37957414003493
0.842352708065401	0.458464387102839
0.263882211895102	0.132631982985625
1.52007308188523	1.39290107575228
-0.421621123782388	0.174342865435375
0.924017100052142	0.652833308019755
-1.14049953262234	0.831232337385636
0.642556841493199	0.416835164534356
1.27060124343323	0.840287561920098
2.086665255916	3.19488511920971
0.477384693924164	0.377654757039304
0.645748791260024	0.471932906668642
0.383919319117648	0.33848893516304
0.0981806848248515	0.0990661352080355
0.548144143758239	0.731841461391607
0.147207010600435	0.132694427593999
0.886957563535521	1.04304356323967
0.975328477617027	1.37620266591175
1.46876588049322	2.84755418876061
0.140116769901795	0.124794176780254
0.910410600308957	1.66399195874138
0.328375145042552	0.365965002730018
-0.43452155467555	0.463716359212252
0.310709695408133	0.3140069493236
0.383243603343553	0.425160425945066
1.13987332369604	1.37829373478287
0.582367680772471	0.647112097086537
0.453478963756774	0.583685289576108
1.52982345911254	1.44019045319895
1.62373603926214	3.14323316228146
0.473800148100989	0.567472397477079
0.436053727240512	0.432958611796063
1.3078648376157	1.79404811589743
1.99781567090304	3.14319595398393
1.61766162084808	3.11910658915092
1.25746430400123	1.74255002103166
1.91424285467594	3.06564782986539
1.54394424189963	2.35863705604192
0.171596590042492	0.108732128340002
0.740399149783179	0.606717649171146
0.488528343967972	0.456447755130806
0.683913556483204	0.689895203276538
1.29335120223719	1.41929596578435
1.32246635033803	2.18946422399508
1.99723209786411	3.15927862188094
0.729853588320305	0.603456606579826
1.17074628895607	1.44762516015531
0.915940458320623	1.01237955857757
1.77398433982347	2.32340269628334
2.15258083541621	2.39117909301498
1.21032393803006	1.17594194691322
0.162196174372147	0.101258615504588
1.23058968011549	1.77176040453414
0.267028253921504	0.171108090556459
1.06575421366064	0.639282064571572
1.03561727464834	1.08021950351674
1.22031304044084	1.43247454393734
2.64162468473642	4.01256210206643
1.3751673014544	1.94618764937594
0.753692492434183	0.650283331441544
0.97102565180469	0.879569659889993
0.884487973184747	1.04749491117743
1.36989787443233	1.90150834873723
1.23685955446315	1.76878971676467
0.271253015612931	0.16916183779464
-0.222579078105403	0.134809367401975
0.169179702639399	0.105650943626906
0.792987383356844	0.874652270480549
0.566304784530328	0.484288977236608
0.6722076718006	0.592878713659715
0.660143244653143	0.58986859212707
0.646432128079837	0.407208305325347
0.726593989765151	0.441434483257867
0.890081709137633	0.536657872918925
2.03042301942096	2.12173908780325
2.15404386418158	2.13790520872694
-1.41733868208666	0.801183217515825
1.76759524109085	1.5409054366668
-0.664852682227994	0.313256168197041
0.421750644208673	0.257300089203495
2.30149773858438	1.81148660616808
1.42621568446506	1.17014883136896
1.89460153284163	1.80337462749589
1.21765306038433	1.18330965101665
1.05873372853788	0.722974301158419
0.965640666845343	0.759864148783346
0.396535682882861	0.602751524391261
0.573112263687441	0.734024451276612
1.72217793981908	2.19482188020673
1.35761125725112	1.53413595526472
-0.020493473692674	0.0185159764768504
0.38135102985778	0.515548199971558
0.49485961422891	0.733918154189118
0.302110086462756	0.368488353701951
0.633651339914826	0.938576431780596
0.589943523118864	0.798996458162005
-0.464078793623906	0.570767155415704
0.970463403753683	1.45350665484521
1.13240258623358	2.61356995314589
0.0841986600882573	0.0840553119379031
0.42811418072449	0.442558954415139
0.337766980461236	0.388608035155023
0.11211476724227	0.0999416919346442
0.585653367527025	0.642200232353418
0.189113948807626	0.157837619153712
1.28244688670155	2.42362065223608
1.61869071876122	1.89473311616033
1.00932685465652	1.18172164414329
0.98201868708587	1.92467889968029
0.766748753915809	1.10379627949396
0.258403755675269	0.249478690758879
1.10151925860608	1.92987281653559
1.13993870145548	1.52922049846021
0.461206841671528	0.581929635046084
0.290900163586259	0.203519884071489
1.2233688869425	1.72919997272362
0.652795147302209	0.843809008433098
-0.10970260844195	0.0831858846930986
0.151888811553311	0.122102659794484
0.773905229725243	0.907083128875421
1.08775095374274	1.70548377835517
1.41595171952003	2.05596614434456
1.40727687297326	1.56994127652518
1.63827611841952	1.95983471062894
0.912650204124927	0.952640888933067
0.855548547473534	0.808636694660649
-0.29783082015665	0.227217959298067
1.07344784386601	1.32810639281055
0.0065578724808122	0.00482919157179076
1.52473620398814	2.17539046432568
1.30855027743305	1.65896246555337
1.30756193409141	1.83306808611017
1.08914589289478	1.29753429279727
0.957759234360019	1.5887067533948
1.40601029286081	1.58992925716426
0.0614141150901326	0.0397378174840175
0.466301460299885	0.310362508671898
1.17514527508349	1.77535718641333
-0.0865184786430588	0.0502017325987029
0.646884024038962	0.824409296333115
0.604209861112326	0.656119750662627
-0.0783126116100501	0.0581650409756097
0.920198302307413	0.991400469769964
0.589989362172554	0.705038005897997
0.534147205927949	0.38478365847917
0.277096522799519	0.192007262712504
1.29491064126657	1.31921056208418
0.643315294753065	0.513993109331379
0.813169403920576	0.743560063977868
-0.173431102219204	0.0872939979316266
1.36286716396412	1.25751235093098
1.09305242656093	0.861087181092907
1.51805813414907	1.45646989648595
0.629679658848289	0.390059135041837
0.69970932988846	0.52272962495695
0.588720680556855	0.399483377802467
0.77029514303448	1.6448543012939
0.831376090314485	1.95261514658861
0.571547650395481	0.894052281884565
1.00924488062038	1.77104704111673
0.639569097860218	0.542255927423385
0.706425365376526	0.817226227488863
0.772707400606162	1.47951830027941
0.596927738067124	1.07311537563046
0.162863073436197	0.178443638786502
0.631783889457456	0.808070466991257
1.17166601746251	1.5799657437861
0.99890930394286	1.47994170986025
0.769128178652759	1.08135102732323
0.702597080377299	1.07565005904962
1.27220083692209	3.05062728984514
0.8965708330673	1.66898796537383
0.87001084192906	1.51137442696965
0.943807875028258	2.15242531882837
0.694622839844897	1.08612778069073
1.28818343722942	2.29729895880231
1.56875681360721	2.76926547315936
1.29131053828203	1.77198763533732
1.34195926286142	3.01632243680096
1.0597464942791	2.01746639032268
0.531553538524312	0.697770648459292
2.06212374555942	4.49394396034461
1.35305114890924	1.75307473899754
0.504285084702895	0.545782883951929
0.574690317687601	0.597584098765266
0.843468777322578	0.958314541956896
0.092080931166256	0.0768013581411021
1.00197239691973	1.36511091933463
0.310327223394837	0.244227076338062
0.505817726189081	0.606848733288448
0.873201378426092	0.994977636011651
1.16147461637309	1.66223116466182
1.54387581399387	2.53615830942724
0.916458744610921	0.936749390779416
0.691430184226598	0.974457801355058
0.828220026885827	0.914645572527988
0.319762639134748	0.275758037328446
1.94762899120746	2.19069248073606
0.548347573271358	0.424376763107982
1.19353924911101	1.91030391269719
1.30496587730931	2.35660580239168
-0.28872673251135	0.217085106313934
0.0299871230638707	0.0166668856181791
1.17200924263971	1.57423457011108
0.868519853954689	0.271793995330474
1.29575089841164	2.09158844486417
0.516263343933417	0.463243141057837
0.789456287178173	0.974179399956456
0.401566904746069	0.38926127148758
1.12314712154212	1.37812545342955
0.59706573535954	0.7223483780202
0.991352895540343	1.15866813702523
0.852264578679529	0.996337064406887
-0.140410192751479	0.0816853670866589
0.842909150488373	0.656354273999564
0.753381525494032	0.470473632916657
0.966971584041415	0.827441571867065
1.23924869449495	1.11808219096802
1.16503902861787	1.25679995095369
0.968226609898254	0.968106778231395
0.385520384589844	0.200782370575989
0.862536515456075	0.477172618349692
1.8150263071622	1.89938135630668
1.70892172611472	2.21017417970111
1.07055800560536	0.995168517296302
0.59414094769269	0.344754568620943
0.75377618350575	0.885953700056432
0.864903810822474	2.16674798331511
1.0870186589271	2.72893752850219
0.918777325490145	1.70093901589781
1.76942154128151	3.06340476590589
0.982247308060225	1.4149736635027
1.02984429099617	1.88093376961006
0.829037089913224	1.84523491231355
0.700445104078515	1.20498736080635
0.413211161983238	0.574764224713327
-0.0226421657718296	0.0196094443275555
1.42044739157153	2.41537879317271
0.826935830442457	1.28392754818063
0.00950072650235164	0.00831154316401954
0.761331587637149	1.31356118768818
0.576858840122217	0.948872916019731
0.668845753323211	0.787299421690724
0.885016134080109	1.72763333644358
1.0406282465144	1.91518513595177
0.241875361142324	0.223436354406124
0.76980155584469	1.49062815927855
0.825349885350129	1.76496746488941
0.495809253188703	0.45195694716064
0.657794253891947	0.609838682421578
0.152862332453766	0.1261132756911
1.04339499135224	1.91727207028005
1.47877246876017	3.62062040944906
0.827135329576465	1.34602813704496
1.16386599223773	2.49056319243328
1.65655270211382	3.4243678547039
0.451398810698818	0.532893354656974
0.332652867632108	0.369593448480504
0.0738300983585788	0.0675137384809286
1.21836663790262	2.06643501622712
1.70952543461101	2.79491904495762
0.0621688387868628	0.0573290274568551
0.617695062249671	0.763366263090722
0.274915579505013	0.254850201511014
0.910319592100333	0.833671649803779
1.17454462442525	1.25997699571013
0.249747543691858	0.206944445017658
0.192356798723036	0.171088217067874
0.427827940861468	0.451698699701339
0.926649320504842	1.20303284564135
0.969649724522803	0.89653009689393
0.703492594248306	0.84128088643129
0.714457675693494	1.01444505895927
2.07263783005333	4.13486497836082
0.818639148465847	0.963423441422634
-0.0245534673852042	0.017009921293661
0.185462513220397	0.177417089471901
0.808200883049675	0.951263795661475
0.727371607125989	1.0737209974622
1.05911324829153	1.26679978187167
-0.183214681651422	0.139865789156528
0.761672177643647	1.11579963913534
0.7311913496552	0.637851604743075
1.08656796429498	1.66824261258003
0.818526220966936	0.919641565981144
0.938503493233643	1.15878690694095
0.678287160133135	0.896475714837509
0.802305088892311	1.25011073899004
0.349199004590554	0.319820732006461
0.900898852589169	1.11471274034961
0.751426461194221	0.73758810370751
0.84121829598622	0.657417615517165
1.06541270472901	1.39253133819464
1.74251416340365	2.6879796246642
1.21454111356374	1.08502803191798
0.738620926528251	0.734570205067461
1.05442257347969	1.13824151850023
1.43107550764149	2.15408764227107
0.362196148089104	0.204139879635376
-0.144042156222544	0.0788507354519502
0.97005497574147	1.11766732669215
0.859565496292008	0.87568102653497
-0.288844749712714	0.188374224772104
-0.0387806853896051	0.0239817474591509
0.483163602447599	0.57238704795369
0.586161171026838	0.548146404161179
0.938344822525336	2.22471739043107
0.907458792703622	1.99773710487787
0.879858995886848	1.7423092878794
0.727122526784361	1.49028175130151
1.03421167589471	2.59296242349166
0.960669343356993	2.38418970507264
0.652643723266543	1.29710018634663
0.838057307164358	1.83319346620944
0.512682256667049	0.92418285936397
0.207488028727175	0.26736217151158
0.615352252459706	0.844922713005547
1.60622780549783	2.2171683557582
1.36404762779325	2.13125331704181
0.505658760556593	0.645842221152677
0.474634234715925	0.838205556934748
1.01310397503298	1.91200567080876
0.53156962792446	0.811987931276381
1.07863701604694	1.34836458321191
1.59032614640567	2.91788937516672
0.956405624559692	1.57260799342563
1.13918071564096	2.34118339198472
0.366057398219271	0.428946985363106
1.00079779196107	1.96150258516129
1.07165881049418	2.09380963917185
0.622793597548632	0.91967282070057
0.26144576025829	0.296065185519339
1.18458792431433	1.85626971460906
0.982408988951038	1.64726686402573
0.74487381624796	1.36984418580463
1.4075377891608	1.81924851899994
1.06948924318679	1.64119753208876
1.14346512932893	1.40412409623155
1.42175424058993	2.00376858204394
0.702719767990937	0.785000286720314
0.770680557647719	1.08683710263433
0.397190042873143	0.442751233530591
0.292581226898336	0.328007660980845
0.66328710324598	0.636246822874537
-0.0430134844566977	0.0268760363247133
0.713183771880419	0.881439392950104
0.662669808687334	0.802111025322544
0.757538547648466	0.785095870468823
0.706614765647758	0.739504633974774
-0.0375889371088971	0.020451167498612
0.705706369314976	0.855445598513265
0.732466471331448	0.863376792046289
1.65741485205811	2.00099384117354
0.274735468590137	0.199094854515117
0.94615171419105	1.16580903754758
1.28462184935537	1.89785671329972
0.96557070603514	1.36867495652381
1.35377061669273	1.76209083954258
0.477218736842944	0.412059956621156
-0.244069339951095	0.19558855344724
0.805789341041727	0.994381294149065
0.186915146446245	0.145786346947527
0.290204268672997	0.247292232520976
1.18028190447557	1.49256278697177
-0.129407678213754	0.101452620377757
0.333933069535687	0.351112575868126
0.817194760828016	0.886622440141862
0.648948895797651	0.598775991577234
0.628762272205339	0.473761081216516
0.788860126869962	0.884314918256913
2.5425098697375	4.66289500470626
1.04609592494641	1.50926237601014
0.841608211524718	1.01875721882627
1.3336619415144	2.31767450648828
0.944525732469537	1.0001761823385
1.17920777832824	2.02203468610587
0.610787466996834	0.447299503684322
1.12056425628582	1.31094822814616
1.54650835658583	1.76680253467701
0.776874659270941	0.74847703916119
2.29712132922581	3.18386540130243
-0.298905169172805	0.175653465310112
1.6416327585737	1.95925449060336
0.823451472446243	0.603115279793635
0.011492653614851	0.00473041648748285
1.06075089594866	1.25172722328414
1.92871911779131	2.16386365677785
0.945049171444844	0.985698942137325
1.5520350748318	1.88592133458073
0.834648145178443	0.891473411998355
0.945394857801521	2.26267125299239
0.641750010187387	1.37223074279929
0.81034140775966	1.68425801840136
0.613065213118558	1.13300904807774
0.73681784467088	1.4938522677344
1.01061081146402	2.47878153831972
1.02099818391686	2.46612422004744
1.05739378651479	2.54159037227466
0.823013438719181	1.97264448640017
0.468353329696178	0.68961829489471
0.595042102940751	0.853285305516214
1.06669615438042	1.1121943127963
0.867600854022444	0.96221027711142
0.0891203724349397	0.0848150252201538
0.492089404357175	0.835196155320065
0.639156320411218	0.94947426585542
1.42203943860496	3.27665031476093
2.46946271216397	4.92029612227543
0.849767628767223	1.07728723462576
0.663385831133496	1.03347884340448
1.48180104599527	3.46321688146814
0.718075512274406	1.15060720881343
0.828059869832439	1.41841519680099
1.17632284376778	2.11466233700006
1.11338258979142	1.88694764020591
1.87780964461184	3.09875618420136
0.631721175760442	0.766787024966397
0.262878607459121	0.299245314288791
0.743159247008059	0.613679184845564
0.83039261765067	0.968720106705242
0.978829025213483	1.35934934390197
0.721533025598007	1.15707997302046
0.334007733792557	0.38791303143527
0.735390986608262	1.12944959645999
0.0843701422657011	0.0887808322095724
0.424266641593888	0.394233716265954
0.558472586081761	0.82554905896396
0.429534487321097	0.479952805327518
0.269757033211845	0.275332424595167
0.400652784973574	0.369595241861982
0.443853374058233	0.444696672915069
0.591113966629168	0.784584504045174
0.844892262630147	0.810203456135155
0.918596971252249	1.34876196636859
1.03330980861471	1.47649623670799
0.653091047101206	0.655542880597358
0.859317837350924	0.82663618856398
0.110388055101133	0.0784622137319151
0.48519256785189	0.476626579864511
0.493988998780685	0.587871728958198
0.720178572293793	0.943988741772036
1.41111620771281	2.64006007154018
1.28122239506684	1.96888371155618
0.428162295815256	0.35416366734943
0.190950117031817	0.134033018198662
0.510775208165395	0.609688592842154
0.560719449538892	0.501678306039776
1.82828821867254	3.70770280575641
1.74688951115868	3.04378303291948
0.938113824334771	1.3841282280311
0.838808974084126	1.10571299612049
0.514762421276156	0.548936762850884
1.20748089084256	1.94572982690899
0.987423785156774	1.23304769628143
2.13407878187951	2.70752428379636
0.953895460335768	1.16519650806882
1.23039861942188	1.36067804097496
0.788486581335167	1.06747170363113
0.642598935906993	0.546048643562374
0.410434923122357	0.348879337441019
0.98595077356759	1.06849534811265
-0.55305430934436	0.476205505458912
0.721154498161778	0.754853090206227
0.82129137543796	0.87714665086999
0.801744013589435	0.860322388410566
0.722391556763902	0.566200749225273
0.710709214681958	0.542146837424222
0.283561756844945	0.2190320931174
0.961793199465175	1.22231079452728
0.467903176270515	0.37441112150658
0.94135206764663	1.01341545780576
-0.28603060484395	0.247157346230893
0.740832934427486	0.971534014787315
0.772595564238898	0.895290497059017
0.690641153122332	0.900717307160885
0.845227149006563	1.90594673342314
0.976894781766784	2.52802081631975
0.423445320887309	0.850958853132292
0.17731123343981	0.195999163712079
0.683914383285563	1.224800994409
0.680442468478309	1.69152627795272
0.880854160430432	2.04067442176863
0.835588613907108	1.85592528903285
1.13265977281674	2.7564251996213
0.417121205077742	0.647061691053861
0.697406567218503	1.17850637457342
0.958669712551225	2.00919909578066
0.663004693807607	0.587021903195422
0.875613904893334	1.1206633911927
0.485064009026274	0.873912882050729
0.456780297396425	0.741880712756425
0.860316870502436	1.46652651560268
0.522949213651094	0.627764568237153
0.736497976729445	0.574004514626227
0.800798924521841	0.947398608266598
0.57734202885782	0.818499231366916
0.792344282687344	1.25229340560526
1.17116052238692	2.0866514761233
1.62893668947646	3.22338441284312
1.64623377283491	2.67736188541107
0.849771956201981	1.32459526939594
0.907776976783034	1.99548319931372
0.748485718695703	0.667504429867865
0.879261204443048	0.992312114016624
0.34250984072504	0.346055234165195
0.654001081919814	0.647970123352313
1.13186936242858	1.68826265212405
-0.221529701295167	0.200990528764697
0.602253363353653	0.641504137387222
0.45575296740308	0.506960996749212
0.840066793558572	0.864055591791172
0.098325750508225	0.0832048415657817
0.406359849944148	0.423807032491766
1.50374845362529	3.40331521030479
0.352622000080226	0.361496993044633
0.623354283240161	0.749901396730075
0.312638957038329	0.363210364297901
0.786900088983819	1.06953386532296
1.08215594493587	1.54316124005762
0.166999772939556	0.164947082814321
0.342212022013235	0.38632849801829
0.488884224654385	0.665827488896081
0.505681863401429	0.642362578869235
0.205822388729789	0.204492687088294
0.617164798440711	0.908126328041315
1.64113055203509	2.96260741826367
0.329520441292301	0.348554604895577
0.00304817265542553	0.00233127948205651
0.445468337352938	0.573239088429001
0.790431074586271	0.917712113437884
1.38852838554599	2.09572463068989
0.16868972803232	0.16421675519816
0.264149315510069	0.243282225498622
1.05616019508971	1.83957570289472
0.909208206836509	1.22896955701659
0.0903299309163044	0.0780475338944997
0.255198726331844	0.284984772343147
-0.164544361711171	0.123898411594424
-0.240970005602618	0.240389710836095
-0.620669856784364	0.537688893718386
-0.159961197045047	0.130776647472795
-0.0940680254876704	0.0814527081869858
0.388336224574435	0.413085364175365
0.380638304879555	0.466593581390588
0.0157478377914961	0.0130870029859169
0.821219997255555	1.15207140424735
0.663658091184165	0.837286149650361
0.702398388604557	1.03282932440304
0.690626393284432	1.02015017771257
0.854409583339071	1.32395762090084
1.07933735323796	3.19961129255562
0.950506419726873	1.98676870050374
0.779890644206504	1.90456386022934
0.793311793804942	2.13598228339464
0.801932934663964	1.93433795497377
0.687879629955369	1.58091908173951
0.806350050765267	1.79357997171709
1.07861929670085	2.31063575734441
0.484637721377855	0.574170005117789
1.52455673091109	1.98669058008577
1.21948508616092	2.24703479053765
0.791404750398171	1.37198934208587
0.824976115688534	1.89368590460281
1.03303539979144	1.85105854415226
1.15041603326434	1.58453097059205
0.559410983849783	0.556082764150023
1.24748832251004	2.03387468286258
1.10036946826448	1.90054200253332
0.619704126321756	0.95662124532154
0.932511047052663	1.53495075279017
1.34839034401503	2.19181458977855
0.808414817698193	0.623368437243108
0.420362321522476	0.433113236402931
0.811573167366038	1.17433582024573
0.447065756868249	0.42119143130921
0.577337998373354	0.724410951432516
0.295047566590491	0.270192631156833
0.545085918604076	0.610472729130273
0.503189836904983	0.634772413614353
0.398280907608661	0.386072781055369
0.62958224176589	0.773673412716672
0.544239203427235	0.748935061048459
0.542932993714902	0.759654987849063
0.721944351511967	0.880896914382413
1.62771451185747	3.95930847959679
0.193210585055209	0.219389214831583
0.296430645692265	0.29095046198655
-0.249440499375413	0.291868071661247
0.221251813947852	0.241204813908288
1.05565750889166	1.67169823934469
1.07565304882816	1.93514138055946
0.691454300702396	0.922752493027308
0.266297545088047	0.31045060269534
0.997790007459283	1.29826129273259
1.19214043581122	1.71935090117141
0.60612638505145	0.8818265326026
0.0650074650691933	0.0620736897943425
1.37016632649741	2.59849580391051
1.75006583177654	3.62268031284814
0.725651134256013	1.14648809556728
0.799320644969107	1.14176121021263
0.152425398185516	0.114403543829732
0.247190662705184	0.175988027033552
-0.229061755714513	0.192341070680666
0.226581452191839	0.213120363493735
-0.421249817438339	0.369174725138019
0.5197679066483	0.590683550057433
-0.0770913059838197	0.0716480112303536
0.376387414741336	0.489338557950738
-0.170859856774294	0.145248858571624
0.0325038609082721	0.0293429004070815
0.710003580455998	1.0935400785393
0.77032955940264	1.25484967749727
-0.0883568514454931	0.0964469649739197
0.735553889505422	1.04426665376152
0.870348949768942	0.950230738046201
1.1655817350557	1.99168205621484
0.986906235501917	1.62434675980091
0.860870253684375	2.14033352647035
1.5387179697002	4.84071109476986
0.602521971697017	1.15086607343794
0.941870302276757	2.20959755680622
0.670365368531695	1.21596056991381
0.556597185016032	0.532253275849173
0.970312060519397	1.21164920992111
0.893826493581853	1.69857112283967
1.39263127558898	2.61385297176219
0.804302622771634	1.05689083113233
0.572157160994185	0.71570032261899
1.25046263531155	2.63357077569646
0.652215467050344	0.80116019301911
1.7101792723546	2.80744093307215
0.902866619641338	1.16313737566333
0.593236256729888	0.64175989914289
0.630829401248676	0.760255278867278
1.53365913070913	1.96882243655071
0.40965026601233	0.372422277805775
0.467042702563369	0.509012001606175
1.09856792051646	1.21863811054934
0.403806132209791	0.448921879042301
0.234533020717879	0.262987221814437
0.0641270906016283	0.0611755048173662
0.433400478638246	0.608140913457241
-0.257427017880816	0.280091739075109
0.537442930152879	0.674724627955847
0.917561771809938	1.32124409954232
1.46914809213002	2.72059406134052
1.13908260490921	1.82589307589617
0.70012378839059	1.09537639452964
0.864000294418057	1.31818980382629
0.373500864588822	0.325600513063196
0.745771467752415	0.870005154981664
0.140321061333595	0.115445894670849
0.272394368864367	0.263531651379056
0.971590527175887	1.37671065084397
0.998159370370452	1.52395800289602
0.473042769812963	0.530846375470204
1.35553636892177	2.0933349981046
0.396594431341343	0.275687052163472
-0.887342289658003	1.10487005945342
0.819683402780565	0.889140325284549
-0.344869651937666	0.385032304841447
-0.276633532756216	0.239906718153578
-0.253393722891542	0.254650189655782
0.0267973139921548	0.0239072235478235
0.0345124313961863	0.0260765485121641
0.0127492169982309	0.00763161436292644
0.455875128017269	0.509092293282497
0.31671162676326	0.361970413036179
0.908560589291771	1.23949574917768
0.0498894591542001	0.0480193253256394
0.370626730835188	0.406587118873541
1.27809948924825	1.40832469020016
1.05807007490395	1.70534087720999
0.492604422217894	0.416355118763401
0.770857004836349	1.21701836181294
0.518284864617944	0.784260521053159
0.818420357725955	1.48816008970294
0.635537163133108	0.74559095281484
0.874600873248391	1.41366543264223
1.30973966104811	3.13975645434631
1.43934107401374	3.69627735192078
1.01742009752009	2.23891494350451
1.06763697239585	2.62675460921489
1.357987857898	3.55768869396512
1.61325947204743	4.18703729168499
0.209810354054746	0.143516814818384
1.05669410258728	1.30114952836978
0.980354584558949	1.88236039188753
0.77270041772564	1.34254335428887
1.54424191162052	2.82312020894893
1.42361797196296	2.21033157059689
0.988386105159333	1.29066396105389
0.799992004255517	0.95763035691941
1.01848367766494	1.39348423176571
0.907530343343867	1.27391218645799
1.00720765009773	1.5660825817279
1.78479820622477	3.55450458533496
0.386218152180118	0.427017591672849
0.141891623806586	0.100747195314607
0.327094626441745	0.309149158885452
0.626387830421263	0.926147655317998
0.636520012607545	0.676359031896895
0.517736300617721	0.527098064253422
-0.300024300336835	0.322988356991283
0.54657875686234	0.803312147900568
-0.0573790039798397	0.0494857033680568
0.622372513328085	0.919646355687421
1.14644382318585	2.03561066870544
0.691248625540133	1.20004817721804
0.0647266497310854	0.0504436565431301
0.278197105432195	0.251753657248204
0.13430687765608	0.121335327344229
0.493847005406641	0.62695021836169
1.09505926993837	1.22522241742895
0.572709452309497	0.698006498053608
-0.248992499927698	0.264866931127858
0.284306102724223	0.271811519231385
1.06919437524757	1.30970477255274
0.699520994956952	0.862856194820662
0.606852622371691	0.886177021635022
1.02135999936286	1.37569172887332
0.319634908381104	0.287095432977667
-0.079307482743464	0.05902896017643
0.614271260937916	0.817248254785278
-1.57275205050871	2.17775025899045
0.021254846020835	0.013558254473436
-1.00717201096844	1.06790795074098
1.28578429104736	2.27860789666263
0.162878373000677	0.160066970712922
0.197849140564557	0.173235202291548
0.00423827857528185	0.00328977514858487
0.260334106773259	0.280094983687228
0.723082457367056	0.756852218358346
0.0179321564060271	0.0148703034722022
0.597053597161189	0.910959422395171
0.562966995244431	0.714305460141314
-0.147200715619066	0.119469993910284
-0.0979629943187194	0.0641875579587457
0.468272306542144	0.49238550332903
0.31918458251705	0.408791384008985
0.854397067888001	1.25917467777459
0.757469957613677	4.39869204232819
0.855952164528097	4.17012829344316
0.884350651387878	4.85066344279692
0.671389803731294	3.02724419074983
0.462663111315584	1.41964002827191
0.343753616011862	0.604363203470686
0.506164278089985	0.879491391998745
0.766684697709779	0.986430468148807
0.676096542028472	1.13504163008857
0.528483734955316	0.671041419042196
1.17504266718609	2.55278387962689
1.05699293078006	2.84937250936523
0.971866813371529	2.1521701924969
0.733144155415692	1.68774002059489
1.20540611174644	3.5307665071534
1.30499602729912	3.27260759750384
1.80767819826855	2.48273078446553
1.39940263885854	2.43143873769356
0.198129468977692	0.149213980568144
0.951222833365101	1.75558483713155
-0.0198118834472355	0.019293998175818
0.435309132490099	0.711882248688334
0.67203194984035	1.01312840389224
0.647165936985591	1.07631412808428
0.0960499851218223	0.099144019858825
0.619491823795801	0.831240767017193
0.785923796932512	0.998302925342418
0.747418909246106	0.895930177744053
0.619493835939875	1.10070192816845
0.110767464840615	0.100860424820498
1.23460761443096	2.24953119513147
1.881590503995	4.13277541502136
0.18391041872582	0.199571214097081
0.831765507181486	1.24160839362264
0.643887500473592	1.13932757867064
0.875122910762583	1.60038766820363
0.653927036079087	0.94993665182339
1.0583027469114	1.31731904298203
0.301458407987765	0.244353769155123
0.655924579456557	0.9750345130359
0.275540688201266	0.301809702035749
0.62365515927896	0.755746152162605
0.516994806642883	0.680661981629083
-0.198187411930379	0.201809726753817
0.416125595016831	0.600545595900774
-0.0935241177594637	0.0825898745811278
0.784034202217846	1.4127878765886
0.423227525802115	0.621968472217679
0.888619789326831	1.30551653430188
0.874384512201041	1.87765161779883
0.567859826487019	0.860195256305132
0.91984675523908	1.51149485116989
0.941566572949183	1.59077500122633
1.22700675871096	1.62638518417814
1.0627783379468	1.89066368752363
0.834431679998474	1.8042489767131
0.957441162835976	2.20849122774948
1.22525352770924	1.93993767795854
0.594928074679958	0.848534893264077
0.624792497724461	2.97030401098962
1.46978461553014	8.88431499634346
0.550712854081879	2.08808297686083
0.716747852366242	3.29354778270903
0.548053405005661	1.47580787292767
0.777789828265949	1.18327122521301
0.593270029474262	0.82797117914781
0.324615686319009	0.330242167652342
0.899400302620761	2.21323391119949
0.923310464023342	1.66884064614316
0.928497993659158	2.34082093432647
0.897348942586135	2.10186915958396
0.688901000270903	1.36437281014545
0.497726834565358	0.882666091490991
0.847026492448974	1.84835873420763
0.305580512279352	0.409421173047212
0.874448834830234	1.73294450980386
1.08932578451936	0.862155281705027
1.34365421561611	1.61511655734094
0.429395993173168	0.392304966916466
0.114640904818475	0.0814927549220483
-0.123255809229653	0.0952379972240239
0.493810083951644	0.519377227983933
0.540160103157167	0.557910270014561
0.283651312565393	0.195267871215122
0.343045294106025	0.290619157689534
0.452658679028727	0.382136638003097
0.347176279736403	0.354580662736778
0.112984084273475	0.119223841133832
0.393656146975196	0.54747831672186
0.600965128616534	0.963976160030022
0.645760953349036	0.814834442524036
0.632513118621766	0.948947684547006
0.960959251507308	1.65440544369682
1.28326140587006	2.31862015741959
0.967713717700912	1.35303797750319
0.974549178956334	1.79672462100827
0.867673493343075	1.63242753598702
1.30994362125074	1.72674904531284
1.08027655267707	1.77624252844699
0.883469719885489	1.48695724167
0.770464825544241	1.68462538719767
1.20107247026357	2.04220147862332
1.45414509550751	3.25156051229639
1.62208516894585	4.1184939363076
0.777222100504386	1.37512524133284
-0.135539494956068	0.0858675554965785
0.825206212295356	1.07666541890685
0.30002975328472	0.354537543628661
0.897191901583477	1.2787837122675
0.211844379558091	0.173804085810706
1.06912133170701	1.72800307162728
0.797726222984811	1.32027955808597
-0.0602746910306799	0.0546167731474297
0.528918886995154	0.700474180483397
0.77793072295086	1.16637006183759
0.606910807739684	0.867817255186173
1.34558912121036	2.42217988945449
0.841535127184517	1.44245561770973
0.814145974058498	1.19947555169971
0.607681935973952	0.788102022242479
0.597320905843288	0.741522901095382
0.366435836653738	0.237880613377934
1.0257876605579	1.68586430861138
1.59103507355197	4.42021065769718
1.414536738695	3.96372369512048
1.34608284278036	3.25652449019498
0.948912278501844	1.72447753432685
0.908483914806307	1.10229468997143
0.770389899362204	1.19894029982635
1.16861000026152	1.66447633876241
0.674081878278182	0.812949439955391
0.798131193131238	1.17623523371581
0.849527787912146	4.82017629837004
0.972025241763265	5.79739241446721
0.818515811239317	4.18572949420493
0.724145604621089	2.5241079642533
0.801199242004425	1.18869917774902
0.530227494370976	1.08067366456642
0.632491466239564	1.2020519911986
0.927399773244972	2.26962591957347
1.22277274913775	3.2519912839474
1.01713488401992	2.53202363840273
0.526054384524026	0.91068772994804
0.930598482659093	1.82214407631078
0.813747733038252	0.569379728785243
1.13533009024857	1.31254838485248
0.854448281057146	0.958532055680557
0.335749522606318	0.315585813946667
-0.874976288908782	0.780491071587497
0.543438165774771	0.499153864996347
0.0532270674867038	0.0446497601076718
-0.284744622278769	0.259178409667766
0.559268635676582	0.746463290311499
0.475966838872875	0.757349095539405
0.421941266274627	0.651484338939114
0.238958646439412	0.261747948637551
1.00508428298213	1.86389469904593
1.00098613397116	1.94075561194159
0.364022790966531	0.393498680524135
0.869135112446207	1.58705420024529
0.537393588745682	0.824028910565017
0.790633835607509	1.69843114836912
1.84164510364376	4.47201704801602
1.52952068224089	3.39329367691533
0.845169748014756	1.71032291937141
1.10609132221711	2.16357891308708
1.38274433450927	2.43899992377034
0.846295149395054	1.38995707207588
1.40214084350235	3.73168754710836
0.572358807294557	0.902225876694289
1.42472198357185	2.00422692820622
0.560399079939656	0.632925301097899
-0.0239267941256162	0.0219651847446749
0.677780981572664	0.891967902358564
0.728333491883984	0.939164706615517
0.264211693299255	0.234621931531963
0.377275680863406	0.515599114250363
1.16793120364703	2.15916008080246
0.663212550357104	1.09735298762491
1.59288623465051	3.24970666664594
0.1871147074878	0.217605705623968
0.525311458288766	0.70356171053755
0.751234373961842	1.36857534074074
1.08588963373453	2.30740255955998
0.850117772607315	1.35540629711323
0.881637998903606	1.54780023285075
0.568201608408266	0.580181442922631
0.230950311695808	0.249203747035895
1.44835527001467	4.14706042465487
1.68830745142473	5.766567539053
0.976581450436717	2.53180854536317
0.343156118766852	0.445294209943281
0.687361889772432	1.21528653717919
0.911416749016947	1.73936968756391
0.581870725615937	0.781370929484658
0.718113784353317	1.16250799132988
0.403252776695933	0.475003545360971
0.54801697474302	0.590612575292941
0.596898833218512	2.3333965402617
0.45862784580194	2.0719151589794
0.981306644824487	5.71799973925921
0.644634452056569	2.04810650829354
0.481224548300952	0.755225705383383
1.06445908524565	1.85403084511009
0.734833903878734	1.49991802709323
0.848501438461937	2.25876818858944
1.66786273099301	4.81749949791062
1.17043859875507	3.32166263180071
1.52487948433101	4.49538645475658
1.0092330913411	2.25971188610071
0.845137942452689	0.699311666725263
1.10081523749556	1.19997734710859
0.518841191158851	0.727900358389861
0.712209569948814	1.27520323556539
0.890654077479537	1.27208818624012
0.60810157443205	0.617519976969089
1.20001013458978	1.45987789019265
0.813072720863886	0.584113396378112
0.601064483692759	0.956661748882354
0.17062384312227	0.164509881410953
0.477425648629942	0.447024465149225
0.640722591764209	0.622883244866302
0.933989121693438	1.22507459595948
-0.569759682901443	0.538984896441258
1.10105770846822	2.40241003803423
0.349501824857599	0.497193096298292
0.677233163469314	1.20686107069484
0.784378399264061	1.33025120237935
0.413630053363858	0.546416085467608
0.898443574256772	1.98665897027425
-0.392691062319069	0.468590994493508
0.835960295285208	1.54027462669291
0.903156931477249	1.80409612915682
0.995470927870262	2.2539804908307
1.19527262367267	2.43074799296066
1.14304497227255	2.15560439253385
0.994330124879546	1.94752331384185
1.04263389036442	2.18470668238258
0.531366865073166	0.705397994545754
0.231754789948894	0.2824345711256
0.135968493199336	0.141847693981979
1.11152636850961	2.46574081545505
1.55110837283381	2.60618125383201
0.509580995182922	0.505877471813831
0.21647169083474	0.202779168449802
0.44721326488122	0.544554909690087
-0.0405000014163385	0.0355368910805781
0.743967309504462	1.04977330939248
0.403989176674655	0.47476820931555
0.21082653935763	0.280778515592341
0.170497936245634	0.163093946859833
1.35581870987914	2.92559038828784
0.52881854563571	0.791454152832825
1.28856667498559	2.74868153999037
0.202429464454927	0.237205995125061
1.12294492316942	2.23496403224548
1.14931762894769	2.37071055847183
0.924882010661668	1.48026692311246
0.899444703094569	1.10431243664407
0.747972066021792	1.25720353392873
1.83303785079482	6.17545738114849
1.75277720494357	5.78340495363432
0.934692648208169	2.05617985131071
0.642542055489873	0.975431931660531
0.659106039572556	1.02998574666884
1.07480312223041	1.71055437131371
0.0182963450134575	0.0156572755525383
0.0722826314013683	0.0673301039287543
0.81021771229192	1.21726941413553
1.14111701198239	2.12315194371801
0.728147024153694	1.22809233779179
0.408825688838321	0.445751745229936
0.374914699526754	0.300501249177459
1.10800472477935	1.74214032983019
0.509179694705609	0.468612958172804
0.778610789620211	3.55853249454371
0.699685653333743	3.31633194896787
0.969018476469435	5.40321755561176
1.24661111524948	8.38457824204902
0.539408346218895	2.30122394666478
0.784670436311404	3.33547865499097
0.426356663984715	0.774332086270348
0.703544392327442	1.37729550934816
0.538831649518863	0.800401923461544
0.453809048262403	0.667886389683001
0.786704936714465	1.8725868860058
1.03774204175572	2.78241389629836
1.13488542476101	3.01990120574213
0.688136956853961	1.49501526992297
0.819257199027138	1.83559801831771
0.750831661215032	1.65401963793085
0.833342229978129	2.14029045929324
0.973085858839948	2.05726950034163
1.24336988501429	4.08067388263859
1.16865411204168	2.99212492420928
0.523034744996557	0.446870625830016
0.210774859013234	0.151408318688186
1.27122651020767	2.37652239540024
0.491671248232327	0.723089377145809
0.709082624618291	1.06817479475221
0.702766888856436	0.881977177306938
2.02335642090455	2.56299361165833
0.409452688149839	0.339607816459784
0.67108637506775	0.748105755594062
0.891541277034948	1.01158909174494
0.871329073708998	1.34767051174752
1.37853399658814	1.6122620711368
0.334310797661482	0.417339278775145
0.265798756314669	0.300571099799856
0.479733339396841	0.504593078047644
0.723711571869148	0.897699725283451
0.247122457430238	0.133644321185812
-0.542973351103057	0.401790773966222
0.736704069412146	0.822662335177325
0.336181768583861	0.332206655610785
0.718367605009462	0.921373608748453
0.462746200598467	0.605143626953787
0.461491320481211	0.641979591998441
0.779723605304938	1.30506408274727
0.996748519979141	2.00217973551512
0.554701950387401	0.611216821900375
0.703642431569944	0.932732248595572
1.76536507260247	3.39588922991934
2.57341159847929	5.90998651474147
1.00460062640209	1.98150167928471
1.22276280078591	2.38484244924378
1.65044497900725	3.05496665814059
0.538818161253508	0.647350277716385
0.321103211750598	0.314934576307922
0.440509336261949	0.426981010191443
1.70140020008192	3.15563731347071
0.60704607942831	0.911355839067832
1.11487804110523	1.52739304602909
1.49879286849013	1.52291589332772
0.651480099254326	0.628376196878536
1.37604932383098	2.21987734609367
-0.636176949979915	0.793739853705933
0.685930074039628	0.772492526006178
0.544195518976077	0.535032902558446
-0.181177840711712	0.202902842461901
0.568828668401337	0.91466136135455
0.578622606031453	0.830265201140748
1.32417893065732	2.23224845831683
1.11545286785453	2.29607124640761
0.86126356394116	1.19488395304055
0.347757726889241	0.453229986513549
0.487600714468616	0.627200303138965
0.675063293727946	0.677230219804431
-0.310725793870165	0.296788123386202
1.98996408848028	2.35983817360908
0.792508290509217	1.19504658440296
1.54310078640569	3.05290588156896
1.75313190214706	4.73392257374905
0.546015509777087	0.738137566317484
1.16555630491621	1.88394338590532
0.431984082206137	0.551461969509746
0.692223823684422	0.933557528707928
0.970342885316097	1.58706539569957
0.320007087423633	0.359699291021992
-0.157822929852186	0.164765818315681
0.529466268399497	0.614023982987497
0.72100959154302	0.890082973092583
0.734611712202269	0.958270675058614
1.45079924054235	1.97137821828682
0.123666436882028	0.0680655337377078
0.867648658777626	3.38020020313284
0.551686546227466	2.32115985924625
0.526811377626306	2.41519591691131
0.77268204283682	4.15004824333424
1.23941868931175	9.7129375808281
0.680544892920414	3.25565117887935
0.850992719951009	5.00746268789493
0.62888884019198	2.24456036919563
0.591274602563398	1.42294111081115
1.57323863938021	3.06899953809946
0.48369949715471	0.802849655600204
0.875616108728733	1.86442865008256
1.41637257749703	4.01765834301449
0.469645759881088	0.931955748305387
1.19888195588558	3.85093573435587
2.05340662681946	7.09473690682777
1.6311154480944	5.50549760029939
0.651633461585993	1.44695963551578
0.924818354331126	2.51481968139677
1.29920737125313	1.75463437776676
0.904982208377941	1.10253178913551
1.18861633995468	2.81779971331794
0.781793396262765	1.43769264369978
0.683776600230443	0.958825594808373
1.679027421331	1.88381440860644
1.16649605821453	1.72314038833784
1.45053899317845	2.5959964492098
0.450836204780545	0.539230017133422
0.718571539138778	0.908378327179672
1.58327650550841	2.00024178620681
0.326613753387597	0.556605347205333
0.326796112267769	0.454726210066673
0.504611174896828	0.772765097778908
1.16366710611824	1.40283301561746
0.575596309713054	0.721345701899231
0.094372026049956	0.0676126888565446
0.362819903534396	0.306962796671347
0.414312013345375	0.352755273927089
0.634984718736894	0.510685781866274
0.00134899371563336	0.000889163231247317
0.742056228947367	0.753182197262385
0.0436521382380812	0.0347126729059154
0.709734309446531	1.16403187255617
1.05669018440086	1.98366757200583
1.41058813590975	3.65348091023114
0.0629702121910588	0.0520272827714362
0.397889597416137	0.447779845622283
0.290748145128827	0.310156762615634
0.530977504375006	0.609165043988193
0.804842265955124	1.2061009086472
0.743784708649825	0.938199953190418
1.68424564890749	3.74435319912793
0.565546835190554	0.720988931564979
1.31709885562158	2.90445474692759
1.27369282383654	2.81754140288012
1.16526947224064	2.06088192145863
1.18285740907078	2.05238404919495
1.24840537250025	2.16689022897332
1.89488043247232	4.84088392946758
0.619604803191125	0.807994029355687
0.723046178113062	0.561060833132544
1.22542925049202	1.41976476030423
0.79119050352905	0.979418434786415
0.319280299663441	0.320259680971879
0.601533934924054	0.702363006710284
0.802813398607695	0.980864664905447
0.34655272327025	0.43094327578847
0.174535338311606	0.186312706053924
0.512601701160333	0.539939690794592
1.01013721994133	1.69844658365708
0.348534677305829	0.410510634956648
0.86688252127923	1.53790440284682
1.821980198259	4.65241309407168
1.14580125278997	2.03601182524349
1.49568745158864	2.24907068279821
2.37643171430796	5.98021643220164
0.61833626251146	0.542810992251017
1.04969582466984	1.5082204681018
0.50263299720967	0.537359434966776
0.1701460632006	0.168363514806833
0.258932826285056	0.254159190679966
0.506199864881521	0.611249629828686
1.18155436736053	1.7993313612424
0.343804413825491	0.423693570952656
0.58067632306487	0.685880816208318
0.147078333663902	0.132070556153127
0.678417709057515	0.88560319686697
0.441964871968713	0.426925614616975
1.11598467522283	1.32518595277114
0.331088413344586	0.313182561740935
0.681132564446878	0.916153786502215
1.10908384870802	6.82095504870354
0.777518623016406	3.75786821277177
0.641142676967691	2.90643104434305
0.719352196304568	4.39483732678627
0.838384931269783	3.96967789876486
0.381215978058059	1.02009170819255
1.13942044423877	2.03491558572273
0.652099857358236	1.39155977310251
0.343939279357987	0.374611351160548
0.66145934143879	1.14663372804892
0.804634112949316	1.70433306913444
1.35246112120472	4.66144513778339
0.794142993934367	1.63105311803901
0.847659156535217	1.87029440612464
0.545515711117143	1.15802383936384
1.08588095800616	2.50026695430196
0.816503466503888	0.993053951948475
1.30797242320687	1.89859611355383
0.409849910997093	0.580726023199493
0.645890699816971	0.907360239231708
0.716843072261156	0.999888968294167
1.79045419795563	2.62358020037125
0.728733393305826	0.847573867773583
0.293992521681178	0.298415572427596
0.284895697707481	0.293307694283681
0.807337553960422	0.587733430717616
0.908730394356037	1.00193485182881
0.743908679113189	0.952425378302797
0.754881414036757	1.09007423284658
0.00409924467505787	0.00385721731969121
0.828467521190726	1.2809410176647
0.173504677190744	0.139451984352593
-0.0318717869548585	0.0277028665633775
0.946556761464727	0.951046816812956
-0.279107049465319	0.217472226911527
-0.142184721070946	0.118039698627984
-0.299702930206108	0.306987239527779
0.412772883930896	0.550511080829762
-0.423265138107898	0.536355806715918
1.49802866772294	4.11485778365378
0.542081740204598	0.774526985048852
0.626217702441465	1.07711299600025
0.502905647026247	0.637928132388887
1.03266726276914	1.68630054490102
0.922433950016008	1.2384543400635
2.08535252477694	4.39081834484167
0.948820300301632	2.13709535983714
0.600328044721381	0.826302722271685
1.22466735877072	2.58506023570471
0.701618468123977	1.00685303429437
1.08832994251216	2.26670789742232
1.61777444842548	3.06443944649131
0.59365638461513	0.974491990056025
1.0245320175986	1.96899414721456
1.10247793994039	2.44623646970464
1.03899423936774	1.27997883311103
1.01854744992821	1.43017774258998
0.53932319611312	0.614543985032467
-0.19331636060262	0.210308503838169
0.369374056718072	0.438037314867112
1.31417562725991	2.17379531578037
0.648693926069849	0.993824178275025
-0.0447452529702281	0.0389366810023193
1.10605181826003	2.42248170032851
0.619192709093491	0.851106887721189
0.480902371245295	0.66098905092371
1.06365156604035	2.16008411065278
0.797354510253325	1.68046804521551
1.61526968759684	3.72160956709986
1.26055782901641	2.28552078545916
1.56786547973909	2.78658734623034
0.535400898995544	0.379586435353082
0.713816928404117	1.00666091718065
0.417714458506261	0.564891964170794
0.142673349469974	0.153440281195432
0.143507759536834	0.155962985028059
0.374592010718185	0.392921432587338
0.821664046923102	1.5659822786925
0.452981105640125	0.621102865178371
0.945447558982646	1.60796154499907
0.659193374669853	1.07506151892672
0.0144195303836046	0.0135685718324247
0.480557014829493	0.63796627552945
0.919219435857495	1.12079598868094
0.571319228459277	0.719822902652503
0.515578134855485	1.82809458384536
0.516928966952613	2.30993309067466
0.760396298364019	4.31428013495939
0.456100990214886	1.91378105323232
0.628693412702625	3.97669003233409
0.710119292107608	2.82205281548146
1.018050844915	1.67118402146248
1.01910105872463	2.67839663772616
0.787307542824658	1.66128664472056
0.921440653375895	1.82733902447139
1.16779765579164	3.16321100875836
0.943010437467848	2.71897266713112
0.740076512077123	1.44770380630904
1.29823525967868	4.29310086521949
0.319837332146889	0.517982945139809
0.0973426151029314	0.134464160940458
1.03935637140561	2.80225335693624
0.0902342361514647	0.0614980839004215
0.248964360769654	0.20696919962661
0.979311635561535	2.18711052522463
0.808560005888807	0.903572086767684
2.20329835018557	3.88234066719854
0.390932417949061	0.332378161412361
0.504357799090581	0.444597882804379
0.941977800766471	1.3066770858013
0.508440958723896	0.607259452896294
0.644413473893882	0.772916201327614
0.96228638716178	1.57268358730882
0.855091163920294	0.897195012902761
0.496615459280723	0.687307984985898
0.211785271046581	0.219969489984931
1.67878543224755	2.69691748845436
-0.146887476172243	0.0850042499514457
0.24973073677081	0.185785596659882
0.0424403140277905	0.0348901058368057
1.55717460137062	3.27323781196403
0.331410845877074	0.417616091445569
0.98811581872999	2.0515067218902
1.07400913756983	1.71043445595006
0.542827190217364	0.890318732168054
0.0194171870289435	0.0161686597761814
0.247312263146111	0.250562344935632
0.526905690120544	0.626554690015469
1.01851966481797	2.04844975149255
0.502166787713782	0.798588580799348
0.59806323156214	0.890390911194915
0.662175779415766	0.801231465174207
1.12014788652285	2.4795029127657
0.625493902330539	0.949638523977381
0.742724135880693	1.05060859647245
0.857464872118599	1.53963215405954
0.54210223055403	0.911659791415987
0.922336855382694	1.72185085513409
0.8390600572479	0.986824487670186
0.780336578830531	1.06441789488767
-0.155853293621863	0.151641361621358
0.156340514991825	0.181710851073896
-0.697078439172785	0.777441951521329
-0.182282317457071	0.200548154444851
0.768154773520325	1.27994597156566
0.281165104540178	0.326084720747176
0.789677838348253	1.27811981179169
1.05123743558125	1.56467059578108
0.598521882079795	0.96251327840055
0.452274973960147	0.5336696587029
1.12523482713819	2.69017706068351
1.06423406767425	2.0127796220049
0.140175106823919	0.144155525319173
0.412397863330221	0.475614582507
1.3137563481321	1.99046297083519
0.695942319825147	0.915071199380057
-0.319778602725281	0.356612746150289
0.48614286416284	0.693412902013487
0.338595465692994	0.527100777116879
0.168226245034151	0.182938260597923
0.937099760444758	1.82408395878144
0.32781359495555	0.405809932986165
1.29941607250799	2.25526667807852
0.696061527741271	0.988524037910203
0.166732650354536	0.17269959951786
0.465272221866497	0.52453843686428
1.01543983000332	1.6849376384513
0.641312300462767	2.43549431370257
0.440150854056512	1.62073471621205
0.339110024239691	1.13137158501449
0.568900805884059	2.52467905806205
0.55733878343558	2.46836760200539
0.476311467159266	1.75114875359901
0.462645202781305	1.78588427007316
0.875568753329696	5.83067167012905
0.580123511061942	1.15842537737986
0.960398100031509	2.29351953393921
0.836333369404482	2.22842706650269
0.692246491763468	1.73919464161926
0.769126771741093	2.04871037077016
0.712516668559302	1.81616571381644
0.330378745892938	0.540487617495469
0.645639937541405	1.24637399214968
0.871780743592215	0.830821331074634
0.835320383211713	1.00116669243503
1.11206315055429	2.26488430066993
0.63841577731619	0.505679236448127
0.846880719847035	0.76804913976931
0.37222691248932	0.356317512372813
1.44230220370253	2.47284846518361
0.152718906182585	0.141970394894468
0.519197609459558	0.648782576549658
0.500914849027025	0.646436585820232
0.472535978764438	0.522186493960898
0.983853886429579	1.44874004626206
1.0994390807872	1.44296378189643
0.572321801735008	1.09283029286952
0.44777918560166	0.627577004756124
0.255400343726684	0.343083348249718
0.305865207138965	0.405343559592728
0.328370995492034	0.373790903594531
0.238083438546878	0.258061461164614
1.42839927995865	2.76354524552384
0.575354500731858	0.631442587104867
0.523097298964493	0.537855127327059
0.936881741049779	1.13493871575437
-0.378163810770743	0.33314525426479
1.06638105109707	1.80300649084054
-0.0702683627338311	0.0564916954363409
0.31052003414389	0.2846953596825
1.10073728344581	1.8019636460196
0.403916725414995	0.519837027675755
1.626197555385	3.41425981844286
-0.218328757504111	0.234702092934249
0.759122283828013	1.25463571429094
0.733438488675502	1.0596209560538
1.3461256767608	2.62731298973316
0.697359933096558	0.997075729312911
1.01019827300851	2.00485279592781
0.919290078519836	1.42328295389284
0.79620983891287	1.19671469743363
0.935553242263658	1.80950570665909
1.36095171248883	2.61535228730709
1.42339929425409	3.29703661489874
1.01839543243731	1.91275707847043
0.986765859677289	1.84379797039506
0.789517109594101	1.0203739290881
0.691712757800386	0.731851155647122
1.38324820802729	1.65051729285927
0.610006502270407	0.931009690300663
1.75547578604076	3.95882021061612
0.697635677546284	0.918228469396654
0.0176530520142067	0.0162997421864527
0.762613787364651	1.35468014989289
1.17060417272464	2.11663167001335
1.3885627417004	2.60534859090983
0.100589661781124	0.113366166179602
0.958302020970929	1.66448319208659
0.461516486595543	0.561628941493974
0.548718735701655	0.875934718293133
0.696456480664978	1.07972855532357
0.544935950056441	0.613609034507941
0.945036573907769	0.760078346502906
0.604645426649082	0.732843797576199
0.343981959117563	0.352737034187837
1.16715476720463	2.19706967410416
0.475405059738927	0.712523775903884
0.527615107776205	0.627868835403939
0.364423509879845	0.484736168164065
0.311947714783685	0.304943112162903
0.856881020949333	1.40570668696719
0.343972366723881	0.355239917122137
0.460821469046048	0.442948361451086
0.758603378286067	1.15735663253052
1.20081988454185	1.80375224574071
0.626064087136527	0.638865894161052
0.727923003425206	0.911409417505291
0.347008078696392	0.195036595039953
0.682619919793082	0.640812357745438
0.478664189846446	0.466953066197875
0.360464313571562	0.273790204933648
0.787122536342786	3.03505863808679
0.471546179086681	1.85322550604896
0.562962859997476	2.36794635373124
0.548874961640291	2.26724783058987
0.942308117799747	2.72294579585362
0.240497555114553	0.383390330122759
0.445052203323349	0.869427404672223
0.713743195138882	1.72501574638735
0.524383967436259	1.13255562648761
0.519606956559015	0.489427995013535
0.791338027909419	0.931569153114981
0.987882041152655	1.32850190472283
1.07384182630593	1.27491028120114
0.399618641280262	0.414121300162749
0.164190924089371	0.169500924105625
0.834439095567134	1.31927058949694
0.193729117130681	0.182932992126185
0.331378504642733	0.370309546669862
0.0275556226940278	0.0223707776297264
0.644875813534856	0.764370172731173
0.214831945231739	0.249901919386438
0.332531155883071	0.499131470621938
0.31601028217655	0.483790018754701
0.344811431786507	0.421701867444839
0.559283040634568	0.942491612201035
0.457837090894363	0.751441759055976
0.523427211924163	0.849993236016777
0.782414497628074	1.45134069013194
1.01539478683693	1.59896529338218
0.610077481991844	0.777561784549581
0.141240970021808	0.119482153082471
0.153081066719071	0.130772781093377
0.389056178551144	0.375347828786917
1.12479348293963	1.54754925599865
1.3418365711325	1.78217468798154
0.57693236726601	0.633895777605796
1.2429934976114	1.40226543437648
0.512344350396252	0.566690135202567
-0.250250868578694	0.222020248344338
0.429505198470555	0.475743081551983
0.0868592482999494	0.0593908898205313
0.854267375729416	0.983163613371638
-0.320745901247556	0.330977958457574
0.227816865862718	0.164456760534218
0.956464813022212	1.51796824512816
0.222072307516059	0.212969428043564
0.754709424958577	1.16018526333645
1.31902833953675	2.84742241351303
0.670475952203538	1.1345197656373
1.411962750371	2.32219675412258
1.56057783932316	2.73179787497916
2.35503933239455	4.55027017391331
1.53031377589421	3.32719113899899
1.01856216445339	1.43806396360492
1.07056701220073	1.27392256181973
2.31217077816462	5.13840079661621
2.37203334233667	4.56867814635732
1.52787349987118	2.59387775860765
1.21473817824013	2.30114912594604
2.31644624247775	4.14011281042406
2.29813020973536	3.14539126705382
0.764171530225818	0.840508727401214
0.768814328133172	0.963140739701524
0.504662820582082	0.496160551912759
0.973914782030118	1.16433773107039
0.827487782984635	1.05239596025497
0.996660733883538	1.89509445956694
0.64219971206661	1.08733314181733
0.674530918772472	0.914265364913105
1.03709151648499	1.90344571201345
0.645555417346724	1.02742819061765
1.27195015536999	2.42350220102652
0.844481649585397	1.45286788375321
0.965866492740188	1.56379093645435
1.05070469599237	1.84610926203746
1.50069227103933	2.4896492205262
1.67178841722206	2.40683241941088
0.659590021276598	0.836480036385269
1.39759657562895	2.43490278229629
0.569381292440156	0.658730607268403
0.550233049837468	0.692757993661517
0.437829550139913	0.489469322703478
1.18645839052177	2.03083059434744
0.851773271631249	1.04310650524058
1.82959579993219	3.2056324231933
0.775234666875729	0.903310022191678
0.948727079646301	0.919893369551999
0.7769756295803	0.527664557307813
-0.331850742386815	0.162654508293449
1.06332990834372	0.839296828669644
1.0930071255678	0.92356506907299
0.9331723531391	5.1229737484153
0.631472469797557	2.5154005891885
0.818860251618563	5.40587227604904
0.906342346854364	7.08520198749532
0.986966855738143	2.84937508325922
0.913781527293239	2.91406735041376
0.175328087286481	0.234230285556825
0.821229495453357	2.09225399174223
0.643951786131581	1.60066077078104
1.1741744589029	1.80181906300797
1.24149324478884	2.32172161824063
1.17286676480202	3.19486587246711
0.727538781281645	0.858928244483045
1.04878321157568	1.41418447642672
0.657356761573638	0.895573379516183
0.29656469439385	0.296755723525064
0.23646105271868	0.253189047774804
0.190821065112437	0.224621393377675
0.558933223770255	0.59991017978377
0.00581104595334013	0.00466299485838864
0.110139102478869	0.0866063639614665
0.946873224932549	1.17811799770412
0.338755663031276	0.54195340613067
0.47450033185218	0.698567388364627
0.789060514206486	1.39426576933279
0.403984358521351	0.568833451172833
0.529565668021408	0.808023888130244
0.79262576867179	1.60162041793461
1.27902918535775	3.27557799997359
1.06811015309402	1.92410819427037
0.202617019630277	0.158343010849939
1.06216259020605	1.536973992601
0.353555151799544	0.378254675748266
0.562050119613891	0.620919002289367
0.927930149306735	1.0900235068554
0.22406430174511	0.129118386554093
0.157976247438171	0.123374991861609
0.328249725260016	0.320556058507075
0.275926602659722	0.257727094715154
-0.0134572748913227	0.00953010536741667
-0.213784971751856	0.189668833557183
0.97900344943088	1.15258101410654
0.119272067660915	0.094051429294553
0.17379946733718	0.141253882987407
0.790690042132968	1.21522807484635
0.885524624353285	1.42402295994307
1.60197266228552	2.85673634477412
1.33528117263891	2.30026847308445
0.40970103852852	0.40682879786511
0.711251396556132	0.884913691934382
1.00831656367118	1.16136012382238
1.47613743856216	1.9584149890306
1.51146948716476	3.30264626779578
1.78814208477595	2.77689229340862
1.53412084539314	2.19654873527751
0.386306115912168	0.298089704328345
1.10502460153142	1.37170240609639
1.339083690788	2.01415113916714
1.31557368700282	1.87120059567463
0.656636877587073	0.603180340396183
1.84622942562524	2.33937264459366
0.712876547762069	0.701243084100595
1.0807237891776	1.31004563306219
1.09026306257522	1.3026219011556
1.64687575801605	2.54822235439489
0.921418050080131	1.23633497429814
0.427377116786923	0.541785098687564
0.590262825387063	0.682874051588096
0.202694127547971	0.187922608714848
0.752650167707848	1.11726300173365
0.500520959109112	0.577212790221252
0.557269744418255	0.694190527024946
0.731606038846049	1.10470017443952
0.489675657547239	0.467021356745963
0.373697555256233	0.35005829675823
0.742104722972866	0.583746997413925
0.520517624469291	0.483605437611813
0.416084352738802	0.366108185852626
0.573474547035326	0.685279939474348
0.627838838913539	0.9515906368407
0.687015298947941	0.95014917097505
0.827270551767095	1.06655828817978
0.56525043427756	0.745596096005418
0.620014193647476	0.698174559054798
0.336911354316165	0.265499640114883
0.480547867207296	0.432885644278346
-0.166733883896424	0.121686335566591
-0.0910898150484809	0.072622538546131
1.19615764294035	1.55650968354244
1.0870278843443	1.28725759324616
0.578966581124728	0.473492127560551
0.546667217130978	0.289317975442353
0.760883731663575	0.504109489763775
1.21457778947354	1.17910979522398
1.40316939952605	7.03029144432022
0.610357996903865	1.64316863596315
0.633703749805132	1.95932121818399
0.725835981586201	2.48961342015281
0.72235062319496	2.51979331675454
1.66688560959626	3.92241811652489
0.977883311411258	2.10752036927395
0.815044066349525	2.20304582033981
0.817164125834244	2.29267077187348
1.43264227669118	4.65040932616065
0.905491540894203	2.31660649818332
0.891591317646471	1.69000538784788
1.21757376632689	2.0661628149558
0.557300456446577	0.915122571577224
0.721907211067904	1.18472964240266
0.906861182017009	1.97527390071959
0.513640533386373	0.983744207557974
1.12470789821552	1.96366459619868
1.14663398611973	2.96453250791892
1.06794289748122	2.13896317223317
0.752104574851447	1.09806401110072
0.809256187774163	1.42808338530908
0.518768162406534	1.00308080211064
0.125631264849656	0.180412492117071
0.556376659092074	1.20485228799321
0.140855505541671	0.171228365728954
0.556577806635986	0.962251522832243
0.382034640379122	0.502390942564311
0.572136082209909	0.984264883647673
0.685682916431486	1.36673946243788
0.239572330133737	0.281728290748328
0.793433325939195	1.3093213142837
-0.291323014606967	0.332585373373257
-0.455379970286032	0.506525394067282
0.850194359635668	1.48956127381723
0.265901456085939	0.248818906889025
0.732824419583213	0.868644163412009
0.519268655339125	0.574673722411402
0.436495201520972	0.51514462338693
0.629987319981804	0.644606534402139
1.06565814438166	1.26337608430255
0.317999348459036	0.325705016070923
-0.152910134636189	0.140640862976734
1.1240097467896	1.59129163709043
0.252277396122202	0.262152219504369
0.352045446493711	0.402464378693742
1.124048931415	1.96699750851312
0.634726559857484	0.884142496572
0.146291899958992	0.099921421396594
-0.330203943570636	0.336703206689013
-0.126866423196979	0.105323661641588
0.422921952075182	0.413072971296905
0.562639930043062	0.72496595977252
0.951601124893292	1.62286877748004
0.20640248179552	0.214927751150617
1.19963783097635	2.19302598288906
1.69226024566524	2.73474387888424
1.51646887592875	1.95411544422837
1.76359414935956	2.67435560924941
1.53525391161107	2.78993736420475
1.51972328878326	1.94288365950552
1.64336385102168	2.60476135957759
0.0515917512807992	0.0380329423546065
0.566149333721581	0.513603552266736
1.14355451032974	1.80762026191787
1.03574494023614	1.16318704496032
2.23429793971995	2.7219687244049
0.959206102824623	0.839020207576593
1.48069244065887	1.72714606279558
0.4087628751062	0.389311485059515
1.39614130922663	1.53889445143972
1.14911318821042	1.40455198874554
1.34647062494189	2.49746269632782
0.626436329632674	0.730717114808761
0.0824056475166856	0.0706649011814334
0.874379602458785	1.31378366267136
0.0963656448619105	0.0835256518235806
0.796282269119759	1.07058315610184
0.709799326688485	0.993494059605528
0.316248760696448	0.282419735471261
0.0402974153166721	0.0307111758739115
0.578535081837206	0.586194250159961
0.334997948808977	0.26901527072901
0.211638734413223	0.138349667182032
0.590440589231769	0.578076036545548
0.115294132029594	0.0749939181098247
0.696959317883072	0.780186322732004
0.570177157422855	0.645800605437901
0.585149204369087	0.65201165964743
0.672123896400973	0.603280655258019
0.624360956965215	0.729011153158552
0.750556005418801	0.872863387567363
-0.0128670548297943	0.00907243355667113
0.458080477908536	0.415021967638327
0.892665028106265	1.01844813148498
-0.350049152868298	0.268177808117963
1.23563586931454	1.47908261584425
0.475132020041517	0.471787142224764
1.07272877856902	0.700406501071967
0.805633534116549	0.404764511337313
1.71951198350483	6.91019872852158
1.06350401419837	3.63702569716764
0.868678780632365	2.51794554772545
0.859494821647192	2.26747225966677
1.1456035856916	1.95235810545031
0.96039898233458	1.75584234720834
0.926811219140975	2.22750517354607
0.956346177398554	2.52237243320575
0.804668431229289	1.57872638349088
0.939980989006818	1.72289043691453
0.974972263082175	1.57653412751708
0.507048288616611	0.536081032259197
1.15144157732276	2.5388688735906
1.31298608203796	2.69197870388802
0.786986947473704	1.59639101352751
1.06878629164107	2.05567622988735
1.0608126784563	2.00133055328405
0.964775895604569	1.94829529423286
0.796923812629818	1.43697995085073
0.281908343472859	0.356628594979064
0.531445886504128	0.665315516855138
0.648215424951034	0.943841777895287
0.776806889028761	0.982801926189488
1.41626292607032	2.11249470154036
1.1799019910949	1.32753779664573
0.579225925308423	0.472868596279716
0.295964759685026	0.237116692128935
1.77802514361128	2.56598895208829
0.648142931282274	0.660294150690052
1.02402831687067	1.10392177763879
0.86882338659523	0.872812422390286
0.780226397473094	0.670978117900713
0.893427773696386	0.982392219934845
0.807768975908243	0.917619454434348
1.4526001604071	1.76387848698757
0.843205354648056	0.655129572340266
1.00736200238436	1.52799624940645
0.843545642200855	1.07620744369106
0.957625959819119	0.866397763383032
0.426497014100044	0.258895275742143
0.394662409999311	0.317124600017576
0.482481263145336	0.377384098324173
0.633217933886776	0.688209747532461
1.18575112314882	1.60393332282681
0.182043688744283	0.161042154901384
0.487630452951733	0.436683480038209
0.472967224897454	0.316838958877864
1.34868312666138	2.1124363352816
1.211361291427	1.4182882835494
1.29098010405767	1.59053393185344
1.08256260508648	1.07716955264385
1.79794332285475	2.61823277603925
1.07342092313723	1.30233571822734
1.21503591725462	1.11096865305381
0.958897803289646	0.816070748915684
0.851543909005464	0.865241352886226
1.38792992697901	1.51406395050057
1.06243116650456	1.00082553560597
-0.285772126873953	0.12465725783903
0.3851438492348	0.250901593229846
0.122505673640476	0.059612923449387
1.11282836228549	1.28816609495185
1.09480399522868	0.815458383869001
0.923808421989515	0.679349726887497
-0.622043709388649	0.480307395540416
0.40891122846182	0.400185424932382
2.14875514283214	2.38917804339847
1.63088592367181	1.91241682572447
0.145692486489979	0.136820036669494
1.30953672172161	1.39807326928846
0.891689539440118	1.27847741939488
-0.104786671219888	0.0772340724049643
1.515451045701	1.41803964316295
1.53826980038055	2.22237245624542
1.0828589864353	0.732447348766376
2.13901788310032	2.47571678200335
0.735130073149223	0.567121469028414
0.523698925713415	0.363123929482486
0.488001331053014	0.502870539066855
-0.180605684258886	0.0918933802388666
0.336681312171082	0.185897880080464
0.68424650912629	0.386509666859418
1.35989922013863	1.26606492506026
0.60603229158068	0.409043288255049
1.72204712298057	1.6383363996653
0.431683881348	0.302531981959759
0.492597379293807	0.207739220154232
0.610031601840859	0.301912849146285
1.28580516396197	0.859439670729813
0.604417951427362	1.38194954746001
0.725617668515932	2.37033362938315
0.236004427532907	0.409331897893804
0.4649377129695	1.09796234809398
0.648536713817809	1.7743733569832
0.694957700176718	2.24026172216791
0.721653484827778	2.14070641013488
0.636285576910153	1.87861164414169
0.823226293730987	2.9712525051217
1.10366474351084	1.96745427546859
0.78634998741302	1.61625064228258
0.661100226886	1.15058150171301
0.86596802518165	1.28268625074101
0.715201404358539	1.14494993030908
0.899823195203734	1.82362202381399
0.867379479221707	1.87257507225483
0.879365515342397	1.81283107462273
0.661048077278959	1.12685494557359
0.948483223570294	2.22243973000835
1.0056168892316	2.09298283446261
1.06438104909392	1.43898253739128
1.16749525165047	2.09062835556247
0.571228269638453	0.56580892361221
1.4604845331596	3.07615133867835
1.00568720992424	1.3639146579174
0.8416618588686	0.845251648087329
0.704018702651058	0.848709596764904
1.44498598003873	2.26904674791241
1.28455980134583	1.45999226761893
0.749031760332165	0.874066466362739
0.06847157574811	0.0494585309766066
0.624935110070258	0.67290927116014
1.50358135215298	1.72638056982502
1.4005332408115	2.47739474495498
1.06376336591163	1.40699437299541
0.455758880587617	0.480973878279033
0.574643905230861	0.490662899862599
0.49458535601361	0.346139023048953
0.556142502901379	0.689262950835688
0.802782810295441	0.93231768857559
0.155078449274761	0.14276575051961
1.11972246452069	2.06298545373549
0.298432322624922	0.322150911705963
1.13275396141186	1.75786226857636
0.686474223315844	0.758222785220373
0.705196601315094	0.842464409414302
0.443198708444503	0.311018711093148
1.35960381553035	1.81513443262284
1.33330710533094	1.5741102396406
0.866503617394316	0.86731743633212
0.597055316859433	0.600549185028193
1.60643024736318	1.7458380722968
0.957219137623537	0.75015897239783
0.661826516373957	0.433330775879165
0.552180014219099	0.442156992746056
1.01267407407951	1.26703645244894
0.488878938216004	0.47074746367647
1.11075456445334	1.55357278066276
-0.0674389199681832	0.0413137513238195
-0.0617350910110204	0.044282285786796
0.344411975317021	0.294967370294936
1.16314278183519	1.25154362266786
1.22494772809038	2.02957635529917
0.741796250146249	0.924602868927884
0.843673881540309	0.708680009863055
0.663109147954896	0.520961437473498
0.929349595182506	0.624422070096667
0.803816577067274	0.839548342348447
-0.0554161927710649	0.0297912104946017
0.14870182358155	0.077337135587656
1.37988554944448	1.63374830505629
1.22612992216889	0.956683004846084
0.422916420661255	0.255995317630805
0.699717829868257	0.495756916016295
0.442518682395322	0.263322600093465
0.731634388637283	0.564314030484608
1.28026857979226	0.932360845703628
2.307565181222	1.83252353742596
0.255617519331061	0.134940146521628
0.784249130144996	0.533926350964055
-0.109817809784089	0.0509499393525988
1.28599042714186	1.42323217282242
1.09077679029974	0.946849139324895
0.744095970016176	0.645086867905746
0.810563675511726	2.42091005069571
0.424038596365333	0.874362962675716
0.546575520019677	1.59782509738864
0.696456391649769	2.17423776127414
0.528917806645386	1.39883118026383
0.475451234028766	1.27249698942159
0.56666005149803	1.69548128758777
0.592635462798702	1.54098949188109
0.613317896243469	1.63427168594502
0.770350194607433	2.53773892683534
0.742032645169832	1.80914568172853
0.348849900763397	0.749901087300883
0.659715686128886	1.96270809140109
0.700912549443311	1.96000468211719
0.939738014621786	3.30080817013588
0.792411007103997	2.35611074490115
0.495712052143226	0.924334789151075
0.785299035244906	1.31057066409578
1.28679090957285	2.41221525608417
1.07467590022616	2.4132330180179
0.962425115310244	1.8560764585542
0.81161705922252	1.86988249837387
-0.0699703452548548	0.0748622773425234
0.842733404105466	2.06162023135517
0.342806553440511	0.386583079012349
1.49909406296678	2.67095764137368
1.02392234355477	1.6061240704788
0.752347367442534	1.05018451341952
0.320311585289998	0.357999997311024
1.47883243726567	2.13654812636345
1.36065971953261	2.69734447043732
1.06319731017334	1.71168287399035
0.0683075679417535	0.0423270769266329
1.42444106296309	1.60847191023141
1.33139149232401	2.20125937035999
1.86374701318496	3.16003790784215
1.33076204303362	1.57604799346126
1.11832412098359	1.23490929637738
1.52247117345927	2.31036795343761
1.39244016085198	2.51880370866618
1.19745623144002	1.23313307968476
0.632674623173156	0.601087465288622
0.499969792556983	0.419366269256701
1.10972435117726	1.81712813104013
0.926010075878776	1.24022109970059
1.39292242208687	2.40852600866787
0.26066195273201	0.241079821066211
1.1022058502566	1.7524381631649
0.308269208140559	0.343549957185006
0.72782855947053	1.04178204977591
0.508501714796518	0.562040611950468
0.515325734433665	0.438015215989121
0.474995452447382	0.371196015462423
1.41584110933865	2.20146441197234
1.89362212019554	2.90647006240949
1.34715396841769	1.24411033094922
1.01946463232836	1.09795013122756
0.436656786741058	0.305766727333135
0.870357949727164	0.505109302139782
1.57362966733184	2.31436426101995
0.447795449018104	0.476696619119501
0.510939554787491	0.529582391477846
0.526108955568322	0.380171990375202
1.86776154001495	3.14052351659232
0.666415005432349	0.746482333384775
0.813476924172916	1.16622960143975
0.601457876689422	0.539285885869568
0.235203652802436	0.125121682144994
0.531822711009061	0.279292160904599
0.645774690556109	0.424039219103341
0.834512368843059	0.79030867772102
0.966340498256858	0.79398323038272
0.598663565413604	0.410309045886056
0.698292058585646	0.392822253439861
1.97152508445973	1.53639031391855
0.262823474084137	0.129449269678013
0.66602337330449	0.35156966766672
-0.163601716779359	0.0830949466103628
0.576558533508566	1.36161541376584
0.634278181389374	1.64958791133384
0.846260520557824	2.86901292931242
1.08873457593527	3.46696865082427
1.10248646374652	3.6510284951916
0.400775566471906	0.972732588990231
0.8682748077281	2.29468830920953
0.448435547236412	0.95682751064966
0.663827181731934	1.79173481245943
0.50450793078722	1.17726003732623
0.767441627656011	2.23305954450257
0.820011885527115	2.39622594368066
0.900825522849522	3.11414500336613
1.06634050998902	3.89201173429701
0.874410837893857	2.43618434813519
0.307331988798124	0.499595736952339
0.418730949003099	0.674267373843521
1.74680201974011	4.12877773526841
0.615032398464796	1.29003648453062
0.951209818615168	2.21905663810173
0.899839081188921	1.66836242349677
1.46940176483523	2.38429994435313
-0.0110166495958575	0.00693975592900061
1.45417188631377	2.94227922929448
0.495373749222878	0.50833097467318
1.96262420582771	2.43160011064568
1.1349607173846	1.56795137322253
1.62271264199733	2.8005525585885
0.92783759068102	1.02682450563421
1.52962364933027	2.46581200845907
1.15041410815723	1.34337819568396
0.967199454435685	1.419226711229
0.483219849908743	0.377903660534061
1.29044099552746	1.60293796747754
1.33787586188514	1.92642700407413
0.975479961449139	1.30678454771341
1.86179446132737	2.19615666339877
1.59858673889363	1.74111922120543
0.0941639658907547	0.0578648251390469
2.56767347525827	5.47257381972816
1.35241202956291	2.80066973068877
0.388098854052847	0.317712912544836
0.7905863118278	0.888700892721879
0.779276696217156	1.03383660218022
1.17037238379459	1.748735746201
0.316074474362877	0.313875374026854
0.678505637950284	0.896582658419126
0.412254365817884	0.365583775810468
0.854060782722944	0.767970156343637
1.28585642353466	1.69794407338849
0.0150590545147061	0.00605545182192101
1.02485079468043	0.520951024384422
1.22537134511428	1.04507576669899
0.953679951570723	0.807418442791682
0.947299698215934	1.01421864543409
1.48093803968852	2.58087070849045
0.408426624152714	0.367410409434927
-0.0930345138038339	0.0641092247142349
2.41429468387083	4.11348247062228
0.958084633295442	0.982604188744845
0.92568201627842	0.885236113120231
0.474817245371235	0.268370382729008
-0.330559098264971	0.167122643727871
0.740433103991091	0.444082455251615
0.734305618630194	0.447538109399523
0.0990224829929577	0.0333606486676626
0.52017115643387	0.307037053680755
0.634169269180185	1.6421488103489
1.14795936358556	4.93472468001009
1.37497532495346	4.9310948700678
0.844280075394392	3.03682675865813
0.578857927118291	1.8093464977215
0.522208093039028	1.22823639856829
0.89499300823844	2.8906031084152
0.379190674717576	0.93121456668655
0.0664486918105892	0.111327097765506
1.00238133015437	3.93152679775702
0.608444104263875	1.95168202128811
0.754450179239416	2.1235257240896
0.210657763934209	0.309597749382208
0.490464036194978	0.8203852172453
0.79886538144657	1.56792733910382
0.636404856831376	1.23804178325277
1.25456778581989	3.14286486128139
0.834729409195187	1.89224223139788
1.4848784921059	2.27914558742166
1.34149931558095	2.07977281269838
1.55396400649812	3.43799089602039
0.660802960665092	0.80470680491425
1.16721827492629	1.47127239828959
1.18518788013485	1.69334323862712
0.119903724115151	0.100925922944129
0.695667134159493	0.868962867040329
-0.436644171357299	0.381133718535347
0.918302427751448	1.24143155743005
1.4123596681207	2.37498827705955
1.08121032609703	1.74376269021206
1.38572930963776	1.82698165866207
1.14041359078151	2.16309291957309
0.906650289264195	1.16523933314298
0.383522183152503	0.317947815248808
0.848403849361603	0.723236002001649
2.46535001801704	2.99055879488096
1.45638270989577	2.50168670673607
1.1867859423994	2.0680365723413
0.946471514620992	0.997821687193906
0.990863352211812	1.37113027448463
0.195520194852875	0.144288667067134
0.380523246537542	0.296428309749777
1.25718138045416	2.1654309963039
0.783904665807328	1.17979956465803
0.36566608278234	0.41683534833509
1.53347689435566	1.9884708171503
1.37325193574263	1.2829764063767
1.25016325483899	1.67952401035036
1.19929073669606	1.90162570456224
0.574147143597217	0.653693622749447
0.639038131998662	0.76833987923302
0.0140664899366666	0.0114851769166456
0.737943731607851	0.748057293535203
0.546968777706952	0.540349132252268
0.840528303804931	1.22996962649236
0.831757203629801	0.784608238762483
0.824047271955953	0.604345011359429
0.865766389771103	0.508298533048622
0.671679284389468	0.438441679672167
1.02821187043557	3.18260088620769
0.834106121113708	2.76538730661161
0.567146093555824	1.51604306347841
0.525255108255118	1.1741147855066
0.394533130229609	0.786813793838797
0.900946550878148	3.59502446176137
0.126918870563641	0.203930786568771
0.194660224416613	0.367651757497479
0.243939401645597	0.43900966029098
0.458939520737149	1.24034321902874
0.692378792502923	1.78722647154249
0.945874517658094	2.62067643560778
0.979318321264865	2.34706304320427
1.10776807633496	2.05597485907791
1.12493038283985	2.09170017402833
0.773797724640097	0.852736765723381
0.891978189199601	1.29479865543055
0.733532823060903	0.95421218810866
1.34388862775166	2.63946109081575
0.845567759116417	0.732573597363117
0.510396656044163	0.636797259202607
1.5863708047821	2.53046640302288
1.65259243978999	2.34243284564336
1.54123762849043	2.02748839295513
0.82014329540877	1.01128017857121
1.58919463613087	2.53412613206417
2.19384266606489	3.95928850355584
0.95758036631909	0.847799232293101
0.949368103964584	1.34124331132017
1.71684564039818	3.04876090120706
0.868985726091968	0.980545944405757
0.985879518960555	0.786746296418234
1.60364771062723	2.23672477209594
1.37715363683408	2.20014951445133
0.817879834494117	1.14999519300537
1.47696602037079	2.07409815212985
0.518780460903717	0.469503152949501
-0.296101511652408	0.239912683314422
0.202423942323485	0.173892393849645
0.7900084660701	1.22665734412264
0.252479394138036	0.226480044240383
1.21573170395757	1.45323818577399
1.05903469411826	1.6055529584149
1.17093617907543	1.58458353900052
0.645560541486648	0.767404025213708
0.908186810510416	1.27697435011743
1.90439155964893	2.95397099315375
1.57981095081377	2.71063405168775
0.877590349049975	0.877125629242044
1.0684260226136	0.913028459923922
1.08397198432878	0.746535680867065
1.84578467454522	1.48539485660442
1.22956171069471	1.03378724611349
0.991927697921382	2.73878485001084
0.630020316674716	1.34869413452916
0.765678940309195	1.73352431479059
1.22665918774649	3.4381591117872
0.585481544056716	1.06773081690847
0.386853952977153	0.674803725509272
0.527849986814193	1.13611990443086
0.27723588412499	0.425211456235566
0.183169390950296	0.282714098635868
0.538918431554869	1.1738954171105
0.866717169877509	1.9220352532086
1.01261234563272	2.09342799151204
0.73245042614252	0.979424237917249
1.33834785188281	2.07588635482786
1.14750489690158	1.30867444411895
0.946308693406889	1.12688144922102
0.894997327032502	1.08201609761723
0.904650844239779	1.11582816155529
2.10686614316934	2.97150309409244
1.76082490653376	1.94314231316351
1.14533667813531	1.41116650182329
1.88309902641126	2.4420231997599
1.32488002019726	1.38373869201148
1.41998882111083	1.55985249502426
1.84098922567069	2.81734788423488
2.66584818084047	3.34733247720552
1.0733246864137	1.05771824821398
-0.40285185891291	0.302175874514583
0.841187790457474	0.863084697109738
0.33807131481942	0.276389157263868
3.34353874713582	3.55487867948652
2.33941881773188	4.18742871909674
0.715873539249043	0.768633430699274
1.42523445780984	2.29064035537682
1.84933364425611	2.98789359598193
1.23432730897666	1.59287589998932
1.32331046331058	1.57711643424165
1.6037546607534	2.37486412416264
-0.048235785395384	0.0304151240851408
0.605878831232009	0.367908345804584
1.59785403242538	2.20546446300723
1.25798266060871	1.71545991959821
0.412517628881757	0.239638840097388
1.40082222527959	2.22702297859734
1.46687835734341	2.15153375277172
0.667802645455255	0.569858060085222
-0.0954451076296631	0.0425800711937614
0.867217516228697	0.491529464465395
0.26577689166232	0.115524796395043
0.965151777729973	0.437926355734359
0.858192615610284	2.34785230998983
0.862482397857989	2.39499846493902
0.718923779261969	1.99128262904017
0.576266267964544	1.2494343547641
0.408519139516666	0.922719966872431
0.486691057420411	0.990847298786401
0.63888552731156	1.72693560991652
0.688608622641133	1.59455404463445
0.930636494319698	1.12031311959341
1.40816526477756	2.2168536119448
1.08634052250295	1.30266168049671
0.740004083975758	0.601891474720375
1.17647774174692	1.70337685688481
1.27194722661497	1.86493076796722
0.848280125718402	1.02175819054622
1.21334605205553	1.17515040441324
1.23295055564629	1.57277415065944
1.03449390671001	1.2941521891582
1.35845636865029	1.25425595948121
1.30375563504679	1.78773780904213
0.696524747737245	0.610815006729362
1.15758102471309	1.34841787654396
1.87134969191881	2.47555134370433
2.44544779174757	3.75683549680442
1.57930748109412	2.02092481945987
0.630589266602582	0.639040655930839
1.29207745061903	2.17608346600186
2.12959775208917	2.72544582002488
2.39547978797737	4.45781284616479
1.17836809206066	1.42300508215692
0.267079342680312	0.216536417595108
0.0156404792878048	0.0126818777082963
-0.708050455614921	0.868659561582959
1.2028081498744	1.13968300435411
0.473128649013149	0.461969684920535
0.504930430733029	0.474160424601665
1.20924498595064	1.28589632446276
1.19964105782245	1.31188764487081
1.29257724281422	1.31178374881142
0.971129663517891	0.985845263990993
0.338086688985038	0.186275676807308
0.633859973812555	0.390501442866089
0.823140559933787	0.652940667393114
1.07280211604411	0.786925543728068
1.77284849566205	1.28636513359485
0.972277130114445	0.766804473875773
0.814757944847768	0.605923970419005
0.424498205194262	0.201097038776972
2.77135973321415	2.82091484317363
1.88619457156079	1.19871335712786
0.609398389371504	0.299665731248773
0.968016672052263	3.34555366343506
0.778793323124852	2.52933340967238
0.573879954741057	1.60168777721345
0.890621956824652	2.31311229546932
0.556975117380522	1.28387937881787
0.927730182117157	0.862981211143585
1.29789581742655	2.09381275689487
0.758862495099526	0.993171909209887
0.984953839414942	1.48205354885827
1.03947578847645	1.63655510399298
0.622429039205343	0.471483993993847
0.617296731270717	0.733665202471381
0.417494824112901	0.365949315185124
0.620384119164451	0.455590946367416
1.55953437705475	2.88591785540984
0.60593244174551	0.567361344221866
0.954727734783589	0.794823785041658
1.22680713787553	1.03446571292389
1.0668113517871	1.28695459601817
1.30361468053551	2.08456733069137
0.644452141313608	0.573917049326057
1.95180910763383	2.15530534175177
0.681118707897258	0.568910600387409
1.08555314242789	1.87806341395467
1.0223804296946	1.30103317184081
1.08912045407247	1.03361769974524
1.04527089598029	1.29689392728535
0.24705397516246	0.217291338632106
1.48529879181072	2.68093043841151
0.107120638814761	0.089592882260501
0.353395022523124	0.298969493288029
0.373188166996823	0.332892667181922
0.387122096406378	0.365146296323597
1.02974572355953	1.21076690932968
0.263767489269873	0.180410242802534
1.0283336459959	1.29901392847003
1.07515009376489	1.0306972459148
1.2635206761874	1.4899103831396
1.65862116343143	2.57087067580035
1.9205600326989	2.71416669488606
0.261659869621607	0.126875058330119
0.634613558879565	0.408318606526716
0.684973313047607	0.367175727195361
0.941478666942037	0.683762397659446
0.89421961081501	0.544674975750475
0.711125320204023	0.546544438732536
0.802621044572835	0.412439869392458
0.512939854664591	0.264487042057756
2.30039152207901	1.76169858382274
0.900908208213805	0.585313942825411
0.390692548569445	0.19487267020203
0.982059311900723	2.74502709089196
0.93535981783902	2.41611960290905
0.713246246610704	1.83731471598619
0.089523107190948	0.124241656864471
0.337450241031296	0.581852492743951
0.51559507423857	1.01319892868944
0.755390808786204	1.6485930462358
1.06382580965845	2.77312419964852
1.25624973932914	2.73999124799792
1.01632466301211	1.78808208525909
0.477587786909871	0.495262128750962
1.6015666368959	2.6817758530016
0.294048330583259	0.131103752409138
1.35531137895412	1.86437076422084
-0.139974826691744	0.0742103281597483
0.682417663392716	0.57853143072734
0.465128320446616	0.307510138093337
0.959684248081174	1.04617669317721
1.12118066003563	1.29740642362429
0.963003921940842	0.950536313200544
1.81976915626618	1.82362312176578
1.25337991384314	1.43838852818556
1.61270743477066	2.85127818265399
1.26336639753023	2.12541024854042
0.106762214525663	0.0535902090669051
0.73701663804906	0.72578829407248
0.209360286749968	0.173891555547305
1.10014509101522	1.44192488070814
0.330901401551304	0.344197474736057
1.33072653919201	1.92617414663153
1.33110163316768	1.78657151418338
1.56886583458617	1.93440165649879
0.294040871909439	0.201089895493954
1.2557710069347	1.61751297646233
1.34092957884039	1.61019983159686
2.20943840782996	2.94019152923387
1.29679522780549	0.709468995312889
1.47889663144724	1.1000205798639
0.501524965870922	0.342411878744399
2.13037948164072	3.34540073059188
0.887653154209177	0.545920836903134
1.30145889825475	0.69640241740844
0.670670711082286	0.358305039800125
0.863582880740347	0.499004127715531
1.0113733232593	0.521315191416744
1.78246123070073	1.65961872005537
1.6260749064086	0.877240780478725
1.29236600952248	0.62660277412665
1.26224717379172	0.921873447835365
0.702822514038493	2.15787520036885
0.776277721369631	2.09296013108415
0.640565984492078	1.70373725864084
0.767090515708162	2.43286171410331
0.499175622685314	1.11198312365695
0.26618626486283	0.497532953216478
0.0870596556008986	0.128629767136733
0.480047056441573	1.16557060402259
0.791574722671526	2.27045540504886
0.619206119919283	1.34266480550793
0.426296414154289	0.920707415114567
0.714362132567417	1.66257278271185
0.7718754067361	1.4747416362868
1.16117616148418	2.55991421663438
0.915785571261706	1.81081993717953
0.953646642293777	1.3615816227566
0.980842291058686	1.85368963993868
2.10451846147729	4.39255644289777
0.76202175838687	0.709077932905591
0.417771432472358	0.284059179086152
1.19853842030501	1.43201558033289
0.86862566875858	1.15350624073458
1.19934195484571	1.74682112758265
1.04463673152234	1.13664674154249
1.24628404055948	0.99915978756501
1.47735226487414	2.31708953542798
1.48162144891636	2.32156347691573
0.532758420883634	0.676334313499691
0.767550725266061	0.740590661920619
0.980152832989865	0.882927762992402
1.13481399546041	1.55215225699896
0.189825446600253	0.157227878649416
1.03372508049348	0.919733898349883
1.52077346833903	2.05699280924778
0.748651732522197	0.829473585017846
2.87621057208342	4.38668771519565
2.70395837381593	4.9861803208797
0.669208383714524	0.628651779177454
0.816908230985667	0.839198156104897
0.633911705904388	0.64115668744376
1.22190070646304	1.17456596883072
1.2087684561842	1.07200686890879
0.748575619047404	0.543920904170769
0.528015206798331	0.277069474416861
0.403532198468923	0.210636962733377
2.03644713029118	2.12884136561109
1.07513204097528	0.689236434359743
1.23332067379053	1.06313728067814
1.62554710646689	1.32875447981024
2.49139830364344	2.15589997137668
2.15472402859061	2.17633261446452
1.09554552236004	0.854385139682414
0.627004528036295	0.482522999026744
0.903798094013544	2.45258773519644
0.800347253661279	2.36714681324605
0.486031454086837	1.20503554250118
0.598531759143928	1.50604101929616
0.931917124288037	3.14573115942967
0.460077729497249	0.939036049965107
0.74479092934955	2.11317160385843
0.76738262826708	2.19703274067758
0.835149223430823	1.83560762828149
0.187150100081648	0.303249232771609
1.01489776629891	2.74668832686294
0.746725262404875	1.44158053893498
0.416433754669244	0.424668752896337
0.773878197066475	0.971121264117674
1.06333242713817	1.88202706312355
1.21705594546503	1.41919606466293
0.518959006210203	0.353086977702249
0.725688863303313	0.751857960429245
0.759477781862854	0.899509315148359
1.20521652252642	1.18632046583658
0.740047629121138	0.88408090051299
0.759532030574685	0.766313042525117
0.720468186071351	0.809406663156287
1.08209989737855	1.2544633360625
1.20067250850669	1.71401898711265
0.961757931492923	1.33199530673842
-0.276844985405155	0.203313156516359
0.392721861418912	0.452778044421678
1.2897625253786	1.40738259066315
0.683682451148565	0.577457730051996
1.07141269938723	1.48485404745758
0.994009489601615	1.21575547313054
0.303299640779565	0.244742749294762
1.24413862334468	1.99420751861809
1.84525362537354	2.75431865898351
0.55192548303886	0.656350383311438
0.737330906811541	0.565710231307146
0.731271078176278	0.554801170979123
0.282997201426308	0.110813140434627
0.720809179953977	0.429893692069668
2.13706769600595	2.443107690075
1.59091362860334	1.41450650300641
0.742591495120679	0.611954228920649
0.344953887640671	0.188407919304774
0.96345831030756	0.92763115884627
1.04542792809368	0.60500590530003
0.423273519984948	0.195566104597187
1.29774987912111	0.600526799253448
-0.665028936512387	0.310810764748829
1.74276273664352	2.21273703750744
1.0828885755427	0.786625380020909
1.03750454167695	3.10438806188201
0.919941520468839	2.81821954958114
0.605348821861385	1.69744701443936
0.824555931367234	2.37794555829086
0.514946811546811	1.20444116609356
0.286822589491085	0.518346624262327
0.298218899056176	0.61438888538028
0.471864194634678	1.12701080865444
0.571682673340922	1.60596553973107
0.588884389719296	0.974622215547296
0.669722968748167	1.34813918979324
0.527338121270259	1.22022058580386
0.978866499804201	1.89901922094195
0.772082786961442	1.09959928216711
0.801362059923012	0.524490222238975
0.682556763803347	0.99261178096251
1.79098075622493	2.50089424454049
1.77428458115022	2.99850644582257
0.534385435755701	0.535636895651518
1.59873089888398	3.06274428576733
0.0134052738380836	0.0124820478464364
0.581505862363266	0.47673934401452
1.13046438833165	1.57980894662516
0.115948354947185	0.0894547552104729
0.964167862416784	1.25228102211547
1.65461437797429	2.23556570039774
0.065950085774803	0.0435206165139424
1.08890981907052	0.77690899339869
1.38632590823293	1.2191374811361
0.85096545035717	0.490226390264385
0.636031101803397	0.460015784462506
1.04788831767942	0.964433954343967
0.543850166782678	0.280524019029002
0.749252878388846	0.453810982800032
2.01401050576814	1.80381864919302
1.08869032495794	0.771969624777338
0.592610311305783	0.283410910572223
0.700129701455373	0.503561656209007
1.97431386500179	1.56877058626809
2.74796781825193	2.04401504422332
0.874510409637265	0.711569811830259
1.8513883332555	2.16469411650259
1.07875280248228	0.945048579331095
0.487832358144686	0.394363868697921
0.614400582288276	0.291305470558706
0.584571649445059	1.05605968359078
0.911341407175466	2.57260336445016
1.28899953137386	4.72353916483556
0.421744475070373	0.887108350581157
0.516986570654945	1.17085137139172
0.623326940457125	1.55838776375771
0.676974062645013	1.76112413320492
0.973804151900213	2.68570084022059
0.961519758141298	2.41097012332261
0.9970488143181	1.92791144440848
0.58074688141821	0.98675277907079
0.482980524320657	0.913066321242334
0.614038936284644	1.10555039335034
0.990813579971202	1.80295887679177
1.36131031677078	2.75429157422137
1.0300210985285	2.35939130747186
0.62160724504624	0.769910926068492
0.938258459598379	1.24216359841265
0.531920880279476	0.582736382600088
0.566978659144498	0.432985950721311
1.3111616960633	1.58218464123289
0.826501516623725	1.08604565359221
0.326794725857529	0.298718247970824
0.218744490524858	0.178048890082689
0.180431749745516	0.15939702867913
-0.034671856430706	0.0217853494355013
1.11803878367519	1.53576526871232
1.86172399014154	3.10308316022705
1.43892040504502	2.13906969205727
1.34120250500824	1.34007177098674
-1.42327488287451	0.802060435691285
0.806401643447579	0.404971273928913
0.42215130910849	0.19477156247465
0.533500176735911	0.284241339359719
0.314925027443838	0.108771369671496
5.05118441642777	4.21344917756934
1.97344341284056	1.57170965645609
1.6882249787195	1.58766427121172
0.0919896526272347	0.0317637050453618
0.708946146921039	0.30558587415238
1.05865490039397	0.631583529123583
2.38827588453806	2.62196829166208
0.928922991469905	0.647621637730372
1.2576414961449	0.821131827197247
0.240482332990305	0.123985962495625
0.343024452147941	0.18806633019169
0.806673982915283	0.409133787424421
0.604538014673867	1.38804847318049
0.724623794457943	1.67742756534815
0.490727340146536	1.15290546925856
0.59502706054847	1.53699103536316
0.897744741762761	2.88583026336856
0.935508241197615	2.43603198268386
0.683072063948393	1.58259237663594
0.798106335839694	1.65493388827153
0.551783828830841	0.880682857031365
0.647629964400713	0.945106895211601
0.974483462409326	1.84321931195187
0.778416668170014	0.93831077082
1.14566657823025	1.61051126297473
1.19651141203037	1.68649309558849
0.830613172236095	1.37905740056407
0.975957274148117	1.13106602440165
0.924838035562472	0.990894737460543
0.554088096362425	0.53539802018776
0.676450944940084	0.454376807207203
0.639267120686444	0.638513040190077
-0.372087365255352	0.385734645039887
0.572826515447216	0.65684487961017
1.40275328573933	2.4294923449558
0.0426048845222424	0.0327138524472156
1.02367927123054	1.06153305825341
1.0908986480838	1.37776115353111
1.25474409614299	1.45733375486417
0.986269174572308	1.14814939316534
1.00392846419428	1.48304317732626
0.252712468958289	0.136347521913101
0.164128692621665	0.0973783271167478
1.0850053362871	0.707290728367365
1.18462451094615	1.13924749041198
0.518147702985081	0.315843179990207
0.646957758588822	0.413298256305524
1.49892456624394	1.01305962342955
-0.131230653851076	0.0554844871163528
1.45983275756145	1.56719241819397
1.26640534222537	0.894274719042709
1.29867421770777	0.691903649422527
1.54253084230397	0.896050065331949
0.792433407681089	0.567721686605048
-0.106934646297506	0.0467164741503871
0.257829696424533	0.112793932273601
0.556225200898635	0.206487950932853
2.31595238382496	1.7731443265312
0.139529952910117	0.0529522166680805
0.713230782605108	0.540740972085723
0.913472149281185	0.627146824601467
0.778857132469939	2.22321083119517
0.824048312055646	2.18105600698185
0.82818099221607	2.19927436996579
0.830617931029634	2.41718557430481
1.08338001187329	2.69283801317444
1.33019051291533	4.2278967350066
0.388550068801209	0.38572841565966
0.533953363268962	1.19042163769374
0.622880810503552	1.10628426042664
0.999886395927484	1.9352820716417
0.761846944374839	1.14813341382633
0.348864058230489	0.299402371967725
0.770330305180986	0.950417370403422
0.934202190757583	0.975272138206916
1.32521988405897	1.57523852511274
0.619842474405951	0.656280494237006
0.666648540724625	0.815767739279922
0.720230755976199	0.82729641843864
0.0737910240127963	0.0507465663117603
0.606212748539863	0.691794358316349
1.17758402925234	1.15104723603381
0.932782262190887	0.717897420236133
0.919280808091337	1.19247229702322
0.668383919070246	0.584817086930444
0.813328420395922	0.872621841921085
0.819288762810602	0.62776884609908
0.73662429411915	0.453131768006993
0.0187228350050513	0.00771241497979111
0.839319309631406	0.65616082432064
1.08850688966728	0.872343569456657
0.944265848192471	0.70951556922219
1.62313872125885	1.37643928218532
1.07482552381158	0.812172151654046
1.079243765926	0.874430553916301
0.854172501391552	0.477827194559001
0.0133548025132433	0.00354419894438937
0.493550453731057	0.198788579038896
0.955353859903371	0.718396595655391
1.26832298562356	0.933305059246143
-0.101206237949368	0.0434155031492312
0.530855694954141	0.287831917457277
0.432940462014274	0.19662425892939
0.169212355105392	0.10115606694238
0.590277431031663	1.34524186385498
0.979437217492874	2.95916978405673
0.568085742756697	1.13152571042953
0.976365128851054	2.80188641054256
0.637156610416872	1.66844110152228
0.724078091049996	1.66371161719632
1.55088379195926	4.96751101559063
1.24313876715821	2.08202430303763
0.0639356285977609	0.0700414916389544
-0.36019900863822	0.704266336833928
1.11347239562403	2.8697089160601
0.749246693414177	1.05665146360892
0.950365013336708	1.26969944782516
0.568417107976038	0.691387352286532
0.907378339252401	1.48477601097478
0.550879521944569	0.432896332811322
0.567590488711067	0.584847141318744
0.753721296293821	0.648288289100637
0.665390558306462	0.763000083469943
1.21214399715433	1.79786544830126
1.2221601518753	1.89053090613756
1.60157643053533	2.43717448056433
0.500121403522216	0.540618941157706
0.784381969402458	0.943397826971612
0.170874607758274	0.146130390022328
0.215995464611856	0.235159261391764
0.900038309077166	1.02630436025008
0.587389316002278	0.494056230155091
0.8656095069149	1.02735541459224
0.37574723530369	0.234961781686926
0.103756194239132	0.0599553414287895
0.642739126933454	0.57072639309375
0.0280415167725228	0.017505240350079
0.851693352163979	0.478684803167138
0.837500094237016	0.672715009447273
0.938165776894927	0.654534722134621
0.752746399877194	0.47365422393536
0.685518269133298	0.471123736236531
0.698364890813164	0.309005393814064
1.68261210471685	1.2487234353044
0.60135738915832	0.354765260792471
0.603017843720243	0.354032184992162
1.09667228367898	0.838665269354978
0.914824951662591	0.613058592379198
1.09082058984591	0.832204849527819
1.5630048286291	1.36507930632375
1.79910872393799	1.55824834005876
0.142722780724515	0.0734091556107086
0.349503839446065	0.194182458630224
2.56813782875156	3.21581973015781
0.753381525494032	0.470473632916657
-0.402555197648654	0.193755102526026
0.945127180640147	2.83482715918551
1.00232097409688	3.49178289287602
0.787600642954437	1.77865235210523
0.454239936159053	0.975060336534751
0.681702709144972	1.66741422886871
1.45219324256444	3.60791530938452
0.887760799379993	1.21274881032836
0.703956577635326	1.40309022749828
0.110077352790876	0.144088550556565
0.661262683401583	1.36254824324879
0.699390090029447	0.654021957323647
0.999967047982043	1.44581675473933
1.45099303790007	2.42564313216295
0.860248653756422	1.1439881508045
0.985099845468848	1.09424731118917
0.536973642937231	0.515057859412043
0.516699816338389	0.465559640669183
0.659427461485722	0.636525401158315
1.08507793042922	1.24493711363039
0.794734207580217	0.89001145492427
1.83404101286652	3.04289827088555
1.77986031698342	2.55333919680476
0.892023471808764	1.03382915742622
1.10652652084645	1.44460618665209
0.0145259123497734	0.0100868565767695
0.421409077326738	0.363234456055696
0.560361932912224	0.539336723276736
1.03047650557222	1.2820497816412
0.79763036720239	0.396545976039718
1.09595826742723	0.798935023169035
1.3999399592252	1.1935078390688
0.905065754482804	0.571523240424027
1.28082456660759	0.681118173954853
1.90182857661051	1.90710629669248
1.50575869282686	1.03590968243787
2.92862758825412	2.5970293999978
1.62927789981401	1.38875903208042
1.92228237901612	1.85542963615588
0.425525821077195	0.195356889891946
2.93970105125917	2.30085992093956
-0.318407403355274	0.195459713487606
1.30751419777952	0.494839119329236
0.559015428368055	0.205189430528757
1.5471292723634	1.43588065491542
1.26002709975669	1.00642533793278
0.713604163148059	0.316660965115884
0.282372006614716	0.0958361922759032
0.280725892665722	0.128805344361556
0.54780430446319	0.289415289397421
0.488410148848536	0.205297505880933
0.604347656114502	0.282350689907623
-0.782477904605385	0.318496328123704
-0.335275255583813	0.201948855120351
0.734641938372064	1.8651127368026
0.939511481758402	2.31648555461255
0.623446762958742	1.41642822718051
0.538059093029162	1.29233785548829
0.397226803632135	0.836199579424592
0.635200625199446	1.60854168661343
0.287735204089886	0.577381717806149
0.75445681808708	1.98893782045974
0.835783584791803	2.06039698324114
1.25171587674935	2.37559696887344
0.902518175429911	1.61477781958713
1.37339678794915	4.26944473225821
0.935191359890688	2.70483838732057
0.339156734941769	0.57999126733286
0.702269381183916	1.3648221993154
0.294104884366783	0.251096177488516
0.961464842586567	1.36292943289175
0.454383920922089	0.490817128579905
0.737223875247841	0.912525300597216
0.637649495036835	0.464158296361714
0.763848426891439	0.734517463961758
0.834170463524859	1.03545198153209
0.922160408335952	0.929013726112897
0.665568576288503	0.729903178893475
0.812660040339292	1.13990645027115
0.983885129271344	1.12166794805601
2.00857449764946	3.4908294265023
1.05334017656424	1.26503259268049
-0.023239119461212	0.0164147984155078
-0.291205827684409	0.294379329957498
-0.0384307265796465	0.0298978292417072
0.376164820455616	0.372327811374554
0.139627301052277	0.0674239520959862
0.752192405956095	0.71876511225861
0.598988772428208	0.444651098902264
0.899092827111269	1.12689834226396
0.934998713152021	1.02052142126876
0.989091053052148	0.950267949179529
0.244125298231171	0.11544879474768
0.428643094650364	0.20067914953683
0.422483381681868	0.194952671063624
2.01993868022058	2.3861885869396
3.07690625227887	2.8589199425049
0.952418849855697	0.761890639298969
1.93202904517617	2.19684229531521
0.872329525361607	0.517019726800797
0.260597241930918	0.128503098802721
1.45421154050091	1.08470312278334
1.24763214963346	0.949824552119514
0.249635898183251	0.125279373614718
1.49663666371018	1.48519139341257
0.126873141275824	0.0497656566965306
0.0924159222909131	0.0310650694177018
0.696761901314656	0.388462208845411
-0.40639214887223	0.167690896597002
-0.215693621367865	0.103971472374553
0.812458645109718	0.400827470218414
0.926306993757351	0.65010694073306
0.705017806121164	0.295290134244311
0.542428150537707	0.342191324269229
0.115479669403285	0.0446296218027041
-0.607645132408132	0.369084044778787
0.300144757778023	0.1226241897918
0.412268967104288	0.789382786871341
-0.53251432140766	1.06528480063834
0.660110020324405	1.58821029538299
0.467240953990587	1.09006846344035
0.801757634454226	1.9688751273571
0.524541464771261	0.920916952905599
1.8257706402798	3.97708874317048
1.79901928052751	4.31936920869192
1.26233411279579	3.00692518691869
0.385730398328845	0.728784936849188
0.909214255349315	1.8670690991007
0.60317768196044	1.09229980825004
1.38409422027161	2.70369601765326
0.506809092877663	0.442243955347063
0.787737445429056	0.972292525622033
0.784298377773384	0.849297892153454
0.966380429868473	0.948957529725061
1.0942918053991	0.877524177684381
0.293047773654633	0.197766216583533
1.02866809270103	1.04706508401636
-0.0453347287115285	0.027864531427023
0.858409685176608	0.722821534607342
0.655866584507386	0.607024321183557
1.03930045858525	1.40422138826204
0.975933306613253	1.38112888551744
0.173582733242287	0.134679307802849
0.104223511713299	0.0710927087447697
0.973262521066007	0.914275772133449
1.05933077710422	1.04412567609829
1.07639660184371	1.09211766117503
0.672614419292517	0.649448478315898
0.814561238743942	0.875389105561821
1.23689584218595	1.4371578712584
0.797795568782253	0.529209841479114
0.855950448023173	0.477374767395656
1.28630996945483	0.788094932265334
0.857812820562524	0.470433014443936
-0.597435391452575	0.407596857595044
0.662524279657301	0.538022342709107
0.785554460628476	0.535124933044596
1.75418546053849	1.91588916539958
0.294910132526831	0.12991186004495
1.4091644818436	1.20945520263227
0.881183756239327	0.54036629575576
0.27013334622086	0.133464482619151
0.781783746111751	0.37430767372477
2.33257814157256	1.47409945082718
3.76726795734076	4.7082388836454
1.55881106047363	1.33624257376029
0.7910933386398	0.403757510946628
2.00019287155116	1.77529326701081
1.94762899120746	2.19069248073606
0.432171808630065	0.255127230291266
0.426338113682441	0.200862066407238
0.852559289442285	0.467018353690748
0.589883168319516	0.409041575972262
0.0924159222909131	0.0310650694177018
0.38101243683624	0.196322858557043
0.70206108095699	1.87640571556365
0.599927657318728	1.34395263250528
0.53489372925857	1.05452020840377
0.885182208656909	2.59066802904635
0.720237191623644	1.69030307513717
1.38315152738815	3.48930815291783
1.500633715649	2.69585042954936
1.2406119411914	2.21191833852576
1.54205259243975	4.16460523809181
0.908478426059228	1.94049059769447
1.01531102425406	2.18785408309135
1.15892264334449	1.39871674742463
1.02954793881622	1.39364975571262
0.910229866438554	1.14284198357588
1.16945744037778	1.27424227819751
1.91157711697317	1.83964859342472
0.726865860812694	0.779733333396807
1.19171643360462	1.57224532281706
0.655214593429723	0.498071627577576
0.897143991444196	1.2801900520135
1.57936772955119	2.53418553815607
1.38429008505252	2.00061456304269
1.4177264243065	2.08096208936505
0.359701322499837	0.294005235352789
0.853007560819371	0.765853702654602
0.668711169476907	0.601015413347754
2.63425783944444	3.34185807575135
0.665277577776222	0.603022962471072
1.41579383531882	1.60620286559884
0.745639737352783	0.636447374708138
0.736954449651528	0.609874445319489
1.23263085902893	1.06043901535448
0.93233947010295	0.607593248909615
-0.662890618258868	0.320944862437963
1.77284849566205	1.28636513359485
1.07147134577488	0.702931677035625
0.613644074476504	0.308140670117612
0.440774686973688	0.202126694210074
2.15146123335809	2.3913296980823
0.698364890813164	0.309005393814064
0.380120721443461	0.18486871468987
1.69084328043648	1.30636730716374
0.773012043963572	0.50952421711284
0.909496210832527	0.57139625561571
1.50451344333185	1.00124626170858
0.802827558800778	0.410428987204636
-0.241182358340864	0.0750592293063734
2.0191744070475	1.80358365881915
0.607432405108263	0.293272133554095
1.50454676170266	0.994321602859432
1.08574951358276	0.694009019707212
0.595144043634872	0.34303114457977
0.461649642534052	0.261470069538828
1.08280058028035	0.722088922827454
1.29775260580164	0.611429353584948
0.831463867007872	0.649535687288261
0.85322961727008	2.63629683744831
0.31432592233636	0.622733275123615
0.93795070296969	2.13318987917755
0.741475569737253	1.65311168324393
1.34228034094382	2.43159672022318
1.39522095149255	2.60368214329176
1.325269456954	1.59194946131171
1.93313181038524	3.1012443668934
0.831115117653154	1.07660829911194
0.845782441808808	1.22353566390714
0.640263615540496	0.670925769875121
-0.219527292470893	0.138629286829233
0.951834867297918	0.901606258955909
0.921612740624269	1.00661451269426
1.5689474392842	2.55045853929661
1.06667041670039	0.793376478258913
-0.057221395572676	0.0354097675697992
0.811361889642064	0.951823199121461
0.636445161588666	0.646364051618029
1.00659714639718	1.39593851766916
0.612182897794511	0.597222747692468
1.05839698673566	1.25679953662309
0.702973898029937	0.84780962670373
0.481341507171803	0.55581650526813
0.566623203687837	0.489784880880338
1.25894530479634	1.6653880738239
0.762497529872747	0.637964834629072
0.35986615403308	0.257654397627623
0.755616898123871	0.984181130045954
0.837978460701109	0.745586126068402
0.493427347767245	0.430752810006307
0.631103224958939	0.656914901938294
0.467858793055013	0.263676772916839
2.08655135274278	3.17211592343956
1.68632112500988	1.28362597354132
1.25397229001459	0.974787504247894
1.25824680824731	0.809123765744476
1.06919054244143	0.730795397249472
0.667425876878302	0.425212988188916
0.427929393810809	0.301202035047757
0.848222150407014	0.673683559447714
0.555684609218686	0.290996576888442
1.26712007683518	1.00583930588525
0.733868602479895	0.610366484900662
3.07978335800841	2.69599643125008
0.787803679019509	0.66676611054033
0.608188376397667	0.362577817586014
0.145315776776244	0.0731453850432069
1.22406491646818	1.12826909055977
1.08924351250541	0.745999689895725
0.79483567469135	0.542192089913802
1.02861404501618	0.526194557536655
0.288988756181869	0.131133729152691
0.53741669096279	0.332624495618745
0.687596952411961	0.472696258544414
0.263903707093407	0.11685620145262
0.0829063058556106	0.0279395573963626
0.414444764142428	0.250543748539607
0.511404453374182	0.878493770329139
0.637940771708164	1.41502992358468
0.647835779726606	1.13582114601514
1.1763471679776	2.43804063112552
2.08895537655982	3.81489461468138
1.53287060586451	2.54403399159162
0.988396570751174	1.90555134662927
1.23589110495543	3.2049483355685
0.908125966453427	0.585192128786946
0.147465674480392	0.0751210333166456
0.866994159779399	1.06428113419509
0.0526545112972047	0.0360212250451156
1.31198841191444	1.77827882878798
0.844264568246042	0.65639730163759
1.09259509233695	1.03024232601358
0.5632744390178	0.435696229319782
-0.650250247661841	0.575166219766063
0.497848017062538	0.390997458312059
1.43860857869934	1.50422851945996
1.24744550124082	1.70536037588294
1.54380755133784	1.76111987453536
0.751284128737778	0.646269936680357
1.03922086123992	1.24338393824737
1.20148533905591	1.23620748244999
0.637084464908401	0.480536861415077
0.772129020526286	0.802824012384224
0.862448424007702	0.474054145190344
2.47336665436183	2.82243923914031
1.06394050352566	1.04617580376472
2.2345248009817	2.67601185134824
0.0616105860838295	0.0399487441773604
2.32010000746609	2.85640605555536
0.0352404946302097	0.0191496882912293
-0.715180335394082	0.40843107005321
0.142093071397049	0.0603513679891464
1.2042983211771	1.11035381658979
1.0592453199236	0.972514319000065
1.64250825308153	1.9435938613783
1.53905548278017	1.47957410715003
0.563785690780934	0.375062732712785
0.701174619179841	0.378935179600892
0.939016952552239	0.643649664706176
1.08119289183152	1.06243904413125
0.963635528276132	0.813650527148773
1.09003138665096	0.854985671362164
0.0138822919165315	0.00366683406239973
1.5142343134682	1.39610836283548
1.68887886639198	1.30651890247023
1.27200931731222	0.651522271702565
1.02495490111546	0.534170832328007
1.08741057226204	0.721667909212687
0.263454507171782	0.116628611683885
1.93467938864015	2.14290825108671
-0.646522974436142	0.237813799960939
1.86854457057209	1.14737230812402
0.703031636475386	0.303632113067567
0.868717859139457	0.493451831061781
1.09502561741744	0.84629991982986
1.08582023725635	0.750229518941304
1.97768440235531	1.51983408477411
0.693193517683987	0.297937312890185
1.2993598808918	0.680359024940746
2.11301670256744	1.46325348103996
0.807437943517115	0.420414805813212
0.742858566830602	0.222845210348703
1.09071973130972	0.791419021954219
1.02164911803136	0.542361996866053
1.02914363494107	0.532823808228928
0.962716423994987	2.96751625916131
0.678912084655488	2.02237654510013
0.58012720850993	1.33634768814031
0.633445410688602	1.39853136454812
0.662643608624144	1.06975263939166
1.19739341813387	2.6462642468999
0.533035263915679	0.529623297670416
0.813148063841113	1.03785369978938
0.574291750753889	0.539013326614398
1.54203448447072	3.20014693498304
0.875054386126875	1.18495555675854
0.953920269041067	1.03011995049736
1.10164250905508	1.50542902312743
0.869215448966872	0.920622113796964
0.720660259560405	0.857647532911409
0.295575847769688	0.278357986331043
0.54036939673524	0.596614880311917
-0.0223279207562395	0.0177944597839037
1.55552241113386	2.64645253147778
-0.141547973843895	0.0960064309349396
0.679862832505585	0.756320194921576
0.470627835834666	0.415385907201334
1.04865652174639	1.41750018702604
0.461135713246651	0.480895380337362
0.983810536122291	1.39204858045893
1.07869932566204	1.65055094285827
0.940278159559025	1.20684625022406
0.354132847875441	0.343642661100141
1.4968702142404	3.24262084258665
0.468345586881412	0.523375720025574
0.86709194961583	0.82730452254586
0.596847756910629	0.536393188670663
0.984117337885007	1.19403100263924
0.797066338737285	0.556230466390324
0.57735231023512	0.544334736392674
0.830312258134075	0.988512742856337
0.956807234542004	0.8980315225155
0.180020418580551	0.135672482368266
0.852321217306047	0.824906036189502
1.38155397273658	1.98676479661668
0.867803358031087	0.870735211005278
0.739467311275387	0.453352944890611
0.709228977996584	0.54427420732529
2.1378392994578	2.09965896923743
0.814636815613404	0.597046878244299
1.28652476253557	1.39744265088189
0.853738351707703	0.713109277447521
0.730669933143693	0.445128249841965
0.783905316283787	0.516961528291979
0.818946879254276	0.604519973530655
-0.0682160311923917	0.0346701131587097
0.912795290096652	0.617927189049063
0.154686232632718	0.0720157880931771
0.270115126194962	0.181295710733617
0.888784261104409	0.549332846051691
2.13412760423984	2.68239119392449
0.425364946861638	0.262879865737145
1.87023416874664	1.59222667852838
0.745877949304992	0.610986052924213
1.42807136235701	1.17833609492759
0.887624210097202	0.542253070225081
-0.54917705490824	0.27131649953811
0.612682559082464	0.364390881412543
1.01066852293407	1.13078950544152
1.10063715258456	0.818540552861293
1.19532982187752	1.09726098934406
0.951560176964809	2.7520189515507
1.67334946754316	3.13382481054169
0.863059124705466	1.3718366423098
0.531693580792189	0.597812374195694
0.327486854150458	0.266655198365591
1.11382995196403	1.42680200897876
0.561751161460885	0.552924563239457
1.43462933212397	2.53806977313176
1.53216364001018	2.45150100020118
1.69401024574204	1.59281492340779
0.576068113940523	0.654903160455991
1.12496450541194	1.54887363138012
0.66360703766188	0.670159574025522
1.61178185855924	2.18479647342068
1.16726859661496	1.1673448186549
1.21734244661206	1.47883252681036
1.88860714242181	2.44150146007157
0.0740556727182887	0.038184134448151
0.840877293097071	0.758197390502521
1.08521225364787	0.76944870151806
1.2966013164344	1.75369539196923
1.69485213093838	2.72516943162413
0.802974028302756	1.12010062694492
0.782810282258214	1.062377830568
1.86821083582258	3.82080978609935
0.442919865859558	0.372410203401257
0.307440381646615	0.24752140101934
-1.07071170405833	0.499395405432359
0.894680552955885	0.967714955426434
0.583852186132186	0.404326189605187
1.07191327859058	1.07911707935134
0.739921122142908	0.702497242811128
0.223867903651042	0.141573120325991
1.36270689933241	2.08974914683444
1.30128249368479	1.62011721500135
0.029360608447535	0.0140667084679175
1.0213723256828	0.540204400256879
0.755914839002818	0.634478782010056
-0.392405011532206	0.181704809556535
1.29755656270392	0.793271468793764
0.24267860818892	0.129066086800113
1.26620909086173	0.98756200546695
0.358700370455975	0.174590210233366
0.336865730054736	0.234315141775336
0.857978036852897	0.48484462851408
1.07777512959884	0.80887912798844
0.435039440210905	0.203154962297548
0.857449076751458	0.480209498635732
-0.670532705695987	0.320542327263386
0.470981573137259	0.264446735155031
1.06023047125295	0.97810556478601
0.709124623466922	0.321372310120861
-0.555737248925079	0.244734676409295
1.26092805462661	1.01828151054931
0.464816058467654	0.248925357515191
1.69852429325501	1.66147269153721
0.349276233773817	0.194063387303826
0.786056156590013	1.85309570752896
0.731678951390125	1.69963709785435
0.620135371143369	1.17832024708612
0.952146660542949	1.45017935064157
1.26801753642841	2.79814953091618
1.24314588500117	3.62907607602062
0.968590635716586	1.12198706890598
0.291229259898839	0.266122385048254
0.748898058068372	0.758592542692556
1.21193234543853	2.06013881916992
1.5829688785765	1.70136366537108
2.09454251324141	3.48008605488758
1.20448985460403	1.51939377986105
0.148067311088883	0.107660180504771
-0.0378259451399041	0.0214741762014112
0.467612092127582	0.29901672489266
-0.119837526509518	0.072849594858263
0.865487931579705	0.728993688329305
0.947530733673098	0.647996639175973
0.579964477656671	0.55316711132707
0.78896965003283	0.807194335465551
0.0315915395993899	0.0175371885641926
1.51978266063783	2.29296345813814
1.45670931983955	1.94094396281912
0.906811866266072	1.14534658848368
0.633710647876869	0.630968286516312
0.847774284092546	0.973954415067938
-1.07018939008537	0.508863506845208
0.89786361246117	0.55332763629285
1.05874519862039	0.621636060150503
0.756941160203442	0.688322355936832
0.21548006587556	0.12379110484075
1.44549486600782	1.98772001819797
1.29232974126873	1.29560248115003
0.589672791297309	0.513340718968617
0.949353491719952	0.861472541244818
0.52819807134537	0.38348631822562
1.10391822876992	0.857629073675014
1.09250616822106	0.976229587021234
0.47705856649589	0.193948757208194
0.440886497931942	0.200769997298104
1.26809076550798	0.932825836497331
2.63917861508097	2.42824431698619
0.533656338491683	0.281030010709924
0.480993873324525	0.31827017305552
1.47757695341223	1.08495203111771
1.4232544377577	1.12567059928674
0.261625084197886	0.126843812213252
1.25721718830012	0.938909979912576
-0.289752163690895	0.157624364471172
0.253476241699399	0.137231477828838
0.881614815211715	0.332783342993644
0.861908903041032	0.493491170021451
0.1351919402127	0.0529187708827432
0.612774468060086	0.307434462897602
0.243167137473003	0.118824127675884
0.679749006925762	0.379990081977763
0.748778876962896	1.9175214399671
0.925181891037224	2.09045538542459
1.02235546252547	1.54519975008043
1.1571167178189	2.17293705619073
0.769484887930559	1.94142439436119
0.924801078076974	2.23196063785972
0.547294923805923	0.537372654308958
0.680284670136659	0.784039795420163
1.14971298078608	1.59538889335183
1.38335576079908	1.82355198554433
1.03766582152069	1.17233997788645
0.767942032391148	0.740259946981483
2.49959742766029	4.61302734275038
1.10727933185795	0.853656742768198
0.743434836443846	0.72626024021393
0.850496893971786	1.11255516761348
1.2805413567294	1.41444080262056
0.553632582257339	0.332621604293772
0.916024604800181	0.558206302959338
0.988639938592099	1.29983400184217
2.42098425827852	3.65651814578873
0.240982677305567	0.152289904700973
1.79375822662742	2.61438580758533
1.02230380368679	1.29392412151067
0.871263978765194	1.21818202702333
0.886671154003795	1.14661861361749
-0.216073570077508	0.197717138556529
0.394147455045852	0.344602910645009
1.21645337621207	1.08611902487691
0.316999011228212	0.0928334677014698
0.791417742759449	0.52206681454553
1.05361890180982	0.61078686110804
1.21437690052042	1.10494777758407
0.923321529309379	0.884585097138615
0.594790173524288	0.414466372238139
-0.101360295944771	0.0695416550298983
0.128156753281869	0.103964954892875
1.5277583486903	1.47982879785223
0.638620512335123	0.406031766057919
0.948871442475132	0.948861684031029
0.850771576960912	0.463736992508244
0.111278654533883	0.0434694244569796
-0.00130337918608823	0.000801787953608056
0.863366941587579	0.495754153286238
1.16712477155961	1.25111748550746
0.979294672543849	0.90566236281176
0.514593663100836	0.325246529765019
1.56534179086472	1.36845242950246
-0.105362575331333	0.0360462237655592
1.22419247273734	1.01900060472615
1.24583376675579	0.983969929415165
0.469623826234731	0.274148509131634
1.68493241552682	1.6088970153328
0.128359440412858	0.0505485130657302
2.28232994803414	2.01350383698213
-0.419323413960559	0.171285581067993
2.03778607884224	2.38083080494571
-3.6972978132558	1.42352709168604
-0.100397591633356	0.0347340304428276
1.26552089494294	0.933162252346311
0.856361981364544	0.4685257310932
-0.504193516903756	0.293613873935901
-0.113515868568882	0.047588827323246
0.428550633656944	0.200079290240443
1.19632366471583	3.85853974440196
1.1446331238716	3.43023273214551
1.0796408879177	2.29456123587679
0.389077399344066	0.542785771585139
1.09762551806092	2.84787215399858
0.981092010074157	3.28486949149339
0.524568615035648	0.56724751053824
1.54496113237066	2.83025382252113
1.35881406263092	2.39372269479024
1.36632341014201	1.54694536153755
0.629372575958903	0.763866739480147
2.23923838047332	3.28657931399505
0.627770300839939	0.669623268492251
0.947183122192513	0.978931118498833
1.89243769291266	2.94251785992903
0.483110069655616	0.602936528512251
1.47747272636428	1.69844559064056
0.602493063702707	0.4252327466974
1.1503574930322	1.50895029608866
1.00833231449402	1.46725602909607
0.957425059012367	0.837273627346142
0.94874327713152	1.44408583549166
2.25321575836003	3.84187065843749
1.46544432538691	2.34565705453845
1.54928262292916	2.21046539714718
0.614307636487559	0.864258053896874
0.367751606221763	0.365304137504681
0.875480176678679	1.43629186596782
0.327622140210944	0.365396910487708
0.621592545391127	0.647456665548956
0.541417764779579	0.288702512279064
1.46240423973058	1.10087077736311
1.46044744948975	1.11283558924958
2.42784210309589	2.42125102505526
1.0524971993783	0.747755635555858
0.549155128671806	0.415914838769366
0.908793541626216	0.958839358587498
0.388087557052866	0.302958205830209
-0.89645220055667	0.82659111294589
1.023293428806	1.09732760281374
0.925957662851901	0.893645486541203
0.871897953681402	0.985284103306312
0.819130313974521	0.617382878005691
-0.0694595392343393	0.0323228830676331
1.34008138759113	1.62503555136267
0.44234234100106	0.240304472324185
0.0015547750555573	0.000720021214793046
0.4330268650625	0.205677975501027
1.05106531610751	1.11677911419146
0.339415922374129	0.201656531862224
2.62492161488842	2.49505309160266
0.83481247375093	0.705230524343394
0.961547870821935	0.775444607309797
0.228511325661608	0.108163282907489
1.02520557831348	0.540358721278449
1.0894400476934	0.768924864068139
1.60401130965755	1.76396009050561
0.879172146415222	0.769690896416414
0.813201672188793	0.591780514796673
0.730465777159557	0.549672402691215
1.69996858944129	1.91540694285156
-0.104566802928621	0.036277081368195
1.76331230568145	1.62261174891438
0.543164635145598	0.287825086905303
1.71006680111905	1.30128851145493
-0.241844219552331	0.0752485040642155
-0.803026573210838	0.415667662985617
0.258533205460116	0.155248780261809
-0.418244779780549	0.19193806552357
1.30292883050857	4.12022778986581
0.981232955797161	2.30965910116068
1.577901917835	2.92779111460146
1.1167292820997	2.14872813953297
1.04812040580874	2.22488276336351
1.09483869780935	1.80836137670885
0.912170639221555	1.27755836919244
0.622808287771928	0.507451395364616
0.935479616762263	1.15348197488977
0.429466146237223	0.300163490061892
0.516204877057109	0.555412486194257
2.17869062808245	3.21852015805881
0.429149164815373	0.384493483176908
1.81013213098554	3.01484210883933
1.90075618241661	1.84888113657921
0.821191437584334	0.582157735480901
-0.165891113233038	0.111514715264224
0.71803591182156	0.756781334852877
0.80308496242155	1.07870726359863
1.56677531424692	2.45184313753564
1.43262365467099	1.48416920035294
1.63608193363111	2.86986171462255
0.961756584053447	0.974767870298247
1.15505050546901	1.45869655963159
0.807878929193707	0.847019241153908
0.544181507560874	0.525547052015896
0.533192394815165	0.332256502063345
1.41718521904734	1.57072833480972
-3.10642454683461	1.0410005723588
-0.270366726953499	0.102644287895117
1.77294108203816	1.57661446142551
0.661108588845924	0.428558430576796
0.842772475779357	0.753162008822489
2.33852892487123	3.00558226894663
0.861257722986199	0.698733519626188
0.159698813431281	0.0915863351004226
0.685818628926609	0.639668284447055
1.10382334333973	1.32863890538467
0.849595383724329	0.77443959608283
1.08870227989142	0.98922120629395
1.44192493411943	1.49279460459291
0.849229405807846	0.716081901982914
-0.549758901897153	0.242252707986371
0.894614128446824	0.558219852873226
1.21908426487716	0.967262776574679
1.33903949170855	1.33588422251277
0.612337214442566	0.447016618225428
1.25294562330628	0.938217457668051
2.88218693848963	4.15910866528084
2.28097550085786	3.16509303844198
0.110436742184267	0.0420195670505885
1.0224559090874	0.533396710098748
0.687302601080026	0.468223689697638
-0.412184452294397	0.168110933099371
-1.76874520881917	0.797424904189732
-0.235937790139879	0.0739705012996475
1.5602406328937	0.96336876582885
0.59958154413026	0.355278161207503
1.10280199175677	0.865909659077387
-0.102532815496496	0.0463722033449091
0.0833354920672838	0.0283238394700136
0.708726230136255	0.299700316243577
1.71113983131429	1.95867275568382
0.792744979300099	0.404384920755787
0.301886026468898	0.115110569462552
1.68629830573414	1.27006024384696
0.802375751720227	0.405991104726065
1.44968577743312	1.54287538882897
-0.667747925327946	0.319575806690749
0.850334452263113	2.31783732055051
0.981386462982359	2.07201073071409
0.992034850855675	1.61539743053676
0.457703224194399	0.455896537402756
0.148101276447769	0.0687583655576107
1.55749067251338	2.73066187738157
1.27993312187865	2.08781232244285
1.41958189095078	2.21615945245803
0.760569666350994	0.775181149782902
0.646344628739014	0.652115955699626
0.574751345709191	0.559800286932713
1.08943868488993	0.968299949342598
0.731413109011163	0.680612935843327
1.00433877386325	1.37893452467121
1.6215138201562	3.19346186219054
-0.0724643657477924	0.0489529932842733
1.29584833821247	1.64100559540013
1.19533556571474	1.20199551813518
0.673193511888124	1.00757694731559
0.12980364398662	0.108884740493169
0.635838527727935	0.857199488900904
1.08498523918103	0.677800993642556
0.378663546400831	0.19431382016946
1.27761201984152	0.826961019465414
1.93883787708634	2.34365526806203
1.52631696004596	1.67734245853044
0.943265325949522	1.0128248324826
1.29653694549671	1.63987707827003
1.3281607546494	2.07922191134324
0.0388065204991399	0.023968570307504
1.55753580912289	1.94778566046671
1.04177138732725	1.10112171047757
0.504182113771474	0.360751162936051
1.88456162428054	1.82871216236535
1.05832022463709	0.875077094253356
0.388063839913869	0.203849613039972
0.415261995295754	0.255568444409175
1.2643939817015	0.946452604771432
1.51451502763235	1.03420571348476
0.940317469840056	0.946527094144012
0.599767148359839	0.349389422535638
1.22202145820242	1.10644996766937
1.76812843283747	1.5902838205603
2.14338785421066	2.18379384465648
1.21451712596363	1.42516159110605
0.585830721044348	0.496184631566156
2.93791165385818	2.52165336543905
2.14213110480168	2.3764279576443
1.63895945678788	1.66845535285402
1.83510835545301	1.90567863894934
1.24552167391023	1.11114587558663
1.28942082608643	0.801826477950953
1.09708235758837	0.88458887883197
2.28911928288288	2.09711514428226
0.664426263600908	0.349753259194931
0.916736812716084	0.564758561059039
0.262881024521959	0.132099412417556
-0.358419282481042	0.210228628427982
0.606095937103099	0.365694623137565
2.15876380596019	1.78926546749987
1.28723983805172	0.800938743700855
2.10857364703472	1.55030771994595
1.66111354176233	1.70092114852144
0.516794649765111	0.275478595207159
0.744009031381473	0.466789211119411
0.941159531685872	1.88254216031774
1.18655181365869	1.80436040542321
0.88802011886706	1.72648533360617
0.622908462630171	0.848842698462016
0.804763571402174	1.26977221192015
0.456782985706255	0.607112254398114
0.915633897576081	1.46139892333106
0.651752138095394	0.538899372327514
0.44493420063823	0.431225738156178
1.29211012457477	1.58227705845159
1.08566097143329	1.5903799590692
0.634926763167752	0.721221692324082
-0.0173194507403148	0.0115622842576479
0.540648621047208	0.557659657576567
1.21551740204333	1.64556809667913
0.794655811340071	1.03233673819054
-0.130946686685718	0.0861604742490935
0.866607717272585	0.713769894902386
0.835846670845399	0.997492891120193
0.537429129224764	0.534581843393204
0.811652242779531	0.963266118265184
0.621054892889407	0.664383610162334
1.27581809688026	1.82338376338971
1.82356460563366	2.93812323903503
0.0306695879938118	0.0218803286409624
0.62927600147799	0.650262770776079
-0.0838502791044859	0.070341107035064
-0.120702197384364	0.103516882069892
-0.224682092474461	0.109115439308098
1.5853622707643	1.37163735936389
0.604508704799321	0.299438206149233
0.605613335579239	0.438595665666401
0.959250686564286	0.785684031446272
0.565399200253386	0.436190940219466
0.755775798639978	0.86749022292674
0.24296327446619	0.158784497628662
0.803187326143216	0.768300559332029
0.0500435837543965	0.0330055385903661
0.12712005993934	0.0692088471182813
0.951444710794552	1.05093986660292
0.927494498554565	1.18589441423165
0.551872835469953	0.368173856910765
0.986132356653127	1.28563708466537
1.09696659795057	0.835180275268513
1.73490930709925	2.1347374556176
1.08878450714446	0.876161152524007
1.45340318002166	1.10510748277505
0.68174845557048	0.482365167836267
1.26970977903311	1.36119963749846
1.49361981382193	1.73517947552558
1.17782821371774	1.19471171963377
2.09716959809111	3.0596513350281
1.32774428498014	1.30067789412774
2.36214467400661	4.15734344654726
0.62380773412296	0.478847992757894
1.07841981444072	0.884553951889818
0.15827880794911	0.0756150774424034
1.18649994638579	1.18805244341026
1.68287262333535	1.9404855730557
1.26900116161262	0.815311174990826
0.900079984535706	0.571476247973467
1.3816860059241	1.1802436959476
0.417610916280076	0.253490347501253
2.03975294254802	2.40810457476342
0.246085685528535	0.159164169493244
0.979671182865791	0.886665002538014
1.603801624519	1.69327457219669
1.43518485110888	1.15354575112961
1.25716840161955	0.907304041584229
0.786306934446673	0.520539547783941
1.55506688556943	0.954019084050303
1.22880172733574	1.05657650447237
1.95279183905746	2.13590448963667
-0.0154747136041604	0.00872721034205178
0.366904083108103	0.262174662009941
0.280525980346396	0.128474361881368
0.853087132998181	1.91267148186776
0.864333185499376	1.73118253313301
1.01217450656261	2.21171320547472
1.22717853151654	2.7371340294575
1.06797252424577	1.83895867925829
1.00336483012818	1.63631785137232
0.341703910370788	0.410061044344454
0.424322985631473	0.619524541775229
0.779806834408451	1.10229642749392
0.969363503889773	1.27272101331463
1.026577639364	1.29431531655623
0.740391797035938	0.909522329632961
0.160418090232022	0.125058974710177
0.643630980869281	0.973907767821492
0.195431340564696	0.19509268037178
1.16968477258288	1.47376074481182
0.976245716881247	1.47249229380991
1.20236119620585	1.34353578624667
1.81892812072563	3.19473693801539
0.844646093092826	0.866600481660065
1.09588417112083	1.51960383455222
0.784374332465773	1.07757098529764
1.08735645968437	1.30152196790375
1.43147174104132	2.28110048811203
0.0109315171282257	0.00783350815883961
0.484148750017341	0.527570232240383
0.134667577808712	0.0913438772443186
0.451012183459884	0.475217902037168
1.07354650966459	2.06516099108692
1.91575990334482	1.77390414814284
1.12096803621889	1.73565674697627
0.495045073052078	0.545515686584208
0.916751398292185	1.09646799161583
0.420661274455938	0.51002702544583
0.0610082405580573	0.0511791236977534
0.625168360419563	0.850190535040396
0.869110491364685	0.72510425897688
1.07519364844118	0.824459667386742
1.23512966801243	1.05111741078403
1.27050842368232	0.953713282505434
0.707245940257253	0.737407099596586
0.995893189826299	1.37555054411593
0.574157013645231	0.49874697821815
1.1800602238664	1.19849044839896
1.09768482933238	1.68839314854823
0.0579140942491887	0.0405252640333303
1.02370798612963	1.29032930424099
1.25693718306189	1.9770423405783
2.10609926454111	2.96547972319632
2.02381666101753	2.84370821133592
1.79209708177436	2.23213309040567
0.588157265625231	0.345930569548196
0.968600917418741	0.759825947055022
1.20617134613387	1.17037624887276
0.586769046700438	0.405368204269698
1.09030017775054	0.966000785031125
1.60638762278045	2.24072926040057
1.76765264075689	2.74727614149665
1.93518069340243	2.20125162612295
0.467834478537618	0.39916651589062
1.26174844564849	1.2748012599943
0.685610247763198	0.481200564596224
1.07931871516532	0.760749386857864
0.64103402154964	0.658969408668235
1.36910180927297	1.27058023634354
0.23253670616453	0.124825128656556
-0.909187100513126	0.492484876469805
1.47905147450393	1.46737073449576
1.09169121719461	0.77744602325762
1.56643095633017	1.57003417919304
0.411888641660716	0.250945344289245
0.663224847673091	0.549249777016263
2.34120507623412	2.93901046703494
1.06785225264534	0.869879908114195
0.603457420203499	0.365748131345202
2.11459186644098	1.54940183662922
0.151258864499533	0.0653804760021013
-0.391603800431959	0.183710820601007
1.65369187896873	1.71085620963144
0.634043750744565	0.468979776612868
1.90862742601845	1.83748987782573
0.427859385218403	0.253195620002535
-0.247933579989219	0.133669617617543
0.77007244636791	0.496235090364003
1.28276271896812	2.97142744205606
1.14692498006305	2.66930687940207
0.934562670887163	1.45196773290095
0.96916303120204	1.58512151190207
1.12626460219974	1.91835017439197
0.9303007532573	1.77856315756902
1.26422485375668	2.46846987906141
0.922372726686391	1.6379652052388
1.51335225044043	2.63650785352625
1.01588286333676	1.39637550221136
0.615663024146786	0.619711282233356
0.993047325125989	1.45802005992355
0.633115364272252	0.752139189352246
0.434141029808761	0.597319223607271
2.40201058822149	4.03533703619371
0.460369234299038	0.472584206780162
1.08866127182668	1.65623139300626
0.893369479079476	1.28690192969437
0.401258430988751	0.306596600118599
0.581949131943263	0.587145289396342
2.9125144364145	5.71196855060603
0.943108750926152	0.972363871563627
0.867117436149321	1.00834720079063
0.239506843933017	0.198805093923105
0.144798351591921	0.132703440112984
0.109669029274996	0.0765307176482838
0.874052658423129	0.946775996701492
1.2292016003031	2.02596187691118
1.43694094341991	1.51462916607161
0.933064749447432	1.24472415962646
0.903082580192565	1.56307649115911
0.576153715666894	0.593158366762095
0.397451825597874	0.436553631392542
0.593254740877636	0.681232585150539
0.745538429194634	0.770862913336195
0.922414892403182	1.24715117813891
0.623034714084989	0.647333131572068
0.341989372651601	0.268251916428696
-0.298949909088097	0.246099893561697
1.07891583907873	1.46424259158656
0.316510139644306	0.28335277687866
0.253625790419132	0.171684019260416
1.64489151628126	2.1806829385949
1.16322471629695	1.25019888910925
1.76923153379982	1.60592071075009
0.584781065842922	0.397403445474207
0.228595811395534	0.126821399168348
-0.711680550283477	0.392119020654719
0.77276316469878	0.524389154670157
1.24768444643449	1.06212782494089
2.01357804948863	2.08956569123682
1.14471040817051	1.2615476301303
1.53464250275162	1.45500501312229
2.031885921115	2.35936118843387
1.11572007212715	0.966007801196238
0.66288895081399	0.43216829226552
0.860020645619305	0.492780537526522
1.84900495766974	2.1733540882812
1.42300584665411	1.47227224272802
1.50797188453168	1.05263989941457
-0.232392215557442	0.07113871128973
0.415782026336038	0.189162496978449
1.5647045476044	1.30959745738274
1.28377920429168	1.36009080805238
1.35313427531316	1.22799586005546
-0.319619974009229	0.163690683185726
-0.213741724213289	0.119041095566547
1.69750739815009	1.65726331598538
0.393758357641505	0.199174148556222
1.36112813490663	1.24343683419309
1.63252212092021	1.30876961100328
0.609797886010767	0.292152604451476
0.26365072341998	0.131163661982106
0.97942841210808	0.786628293458889
0.211728360365935	0.114349444776148
0.431037409576551	0.294955736213129
-1.10466388610437	0.641928606354773
1.96552966312957	5.70980628490701
1.49687431985302	3.62292483206755
1.31992705097793	2.8461393562106
1.01274720645428	1.68353959463122
1.31274912767375	1.86557739830462
1.13194620241285	1.64833989019181
1.12307665682292	1.96541157219276
0.918029592539928	1.45038306506542
0.639022798796745	0.759189621021274
2.19086827715078	4.35987951604646
0.864548126658335	0.793467888223386
0.625638678084119	0.660541822468837
0.670419879476465	0.561420981715391
0.0258052451251897	0.0217670345935995
0.36909742903765	0.371323703196192
0.880599710363461	1.06103668841192
0.698233380110057	0.778933722140559
1.53065895588837	2.47682740762948
1.71970727638145	2.66076563076478
1.13399604126813	1.31088241692467
0.699411150302172	0.773080523534393
1.31302847942685	1.94444228268907
0.647935064623309	0.416555191892016
0.0165913612227767	0.0116232428996282
0.648781763952694	0.644099488400662
0.984546400287592	1.15654375320167
1.06956514966669	0.704194033260465
1.25403130059233	1.59364116425856
0.87127354961692	1.25187901757063
1.06752912282118	1.56683743244573
2.09872310737741	3.12996581108977
1.14711621911569	1.65839776889989
0.567863173709421	0.627006107580139
0.811272495596145	0.89182487639982
0.555581534661002	0.609914778413417
0.100743662533146	0.0716051923503234
0.273984969720832	0.218006752313663
-0.31248074128406	0.191441866072292
0.739742987234435	0.730500911940132
0.586102993732808	0.525055795989903
0.980295206155981	1.13002429359788
0.841996243735906	0.854324930689782
0.807010687120007	0.890602459248833
-0.758424926646886	0.5834323921672
0.896993940930739	1.03078637796959
0.994192257359408	1.12811196572638
0.623606660425025	0.464030284047011
0.243892926984085	0.171927192613382
0.927280836593795	0.675373676875936
0.750923272857458	0.641243952928258
2.12254410585645	2.07383484071918
1.06604762254901	0.62316430830229
2.00450487288058	1.90009759562624
0.944254990397335	0.759918233581666
1.13889734695616	1.29924067351287
1.37190930827475	1.63595245028517
0.385301530101598	0.249108383243721
2.03753236702119	2.31701068479036
1.54353877396941	1.7814464699352
0.944102283279077	0.804689696529563
0.592567755469392	0.350008446594023
-0.282736314972262	0.127748171052533
0.631369341154758	0.464286215283187
4.52208859436081	5.77869427582594
0.928051869417525	0.645712314416269
1.26385514186117	1.00504647461211
0.431905121332724	0.20456273847094
0.522982476825571	0.333279729250885
1.58532857790233	1.72971717634139
0.817011559408784	0.598101631370142
1.07251332106889	1.0101470411018
0.430947087736145	0.201284789156322
2.31354168823268	1.84694372320007
0.365927810398816	0.232624806576453
1.27978707148631	0.744249665072163
2.14129379560546	1.80397124909813
0.938415561497347	0.706947138154112
-0.340248846184705	0.176795292619688
0.309831769068248	0.121228292187479
0.362767059119477	0.198849352625029
1.20928296102787	1.7767173268706
0.0474551014977973	0.0366588716382621
1.13074339319514	2.12537217107546
0.957887521780819	1.47439728321799
0.590284148223722	0.623889393924936
0.867575661251887	1.19910215925527
0.999890745707371	1.46854844832469
1.08055901959044	1.68226422580667
1.27695515316161	1.73744424675161
0.843313540444056	0.862596006952389
1.12891346191602	1.5482681430383
1.26820008530883	1.59032442287252
1.0074671057292	1.15708194883714
0.65496870595549	0.653623926482743
0.822643444589459	0.878675121765131
0.744918525180229	0.878990863545919
0.64711570445389	0.520379994210945
1.07736751642947	0.877296664928793
0.816305964235666	0.638592935953478
1.79943874395853	2.29979001489812
1.50906952375161	1.7909307354301
0.965750337331472	1.17040413946724
1.10226843244024	1.451052429989
0.288909509672499	0.211897725460425
0.396784481549688	0.307016600555387
1.77133716233443	2.76752035283539
0.722103487354857	0.545945363035515
0.495186526447881	0.389847882176982
1.29070014537019	1.42364551784645
0.81350800809998	0.97518670382081
0.406953416832707	0.380848797329748
1.05435828561585	1.02891044883219
0.82167976830643	0.625755123791848
0.932501196246427	1.03393596466442
0.860981431821792	0.486110654425315
0.672710525960761	0.362289513969511
0.69433655045942	0.388328655710327
0.584390188956591	0.321377036131763
1.78677759120564	1.6379852184595
1.79333112205712	2.18557757303942
1.6439705771982	2.35519451718168
0.654753325680051	0.516858031169722
1.61527714718758	1.85609946155404
1.07987711612729	0.683386353168495
1.07498263238608	1.01475202692489
1.55432885740527	1.33390439114277
1.70329201429259	1.62869415395227
0.732282059655349	0.4264011242675
0.936685820772845	0.692801639810037
0.647403976906962	0.428530471055678
1.09905705218098	0.762594164967481
1.60763351173357	0.858287940155653
1.60990050599403	0.887781993325134
1.08347356166135	0.715749835012766
1.07011440737547	0.80330043295737
1.28359865842645	0.753507895775384
0.744122441873793	0.458269185608979
0.0910193832128281	0.0308333371148443
0.856664030251792	0.475536110328634
0.14770641155599	0.0631191686491285
2.69013327967159	1.48673122743988
0.281805743298465	0.126922702574364
0.687011664997936	0.387417993064072
0.0470267925796945	0.0246525939788317
1.24145399758714	0.882299294910547
1.27458619019477	0.760847465796404
0.477328295912476	0.187481949355834
0.743909339257463	1.09597142566005
0.339040147496735	0.313598342938997
0.606506475180326	0.983210271012468
0.815534275338774	1.37743935974957
0.606813283477586	0.449620967640429
0.461407898023078	0.47924200113729
1.07266699725404	0.759364232651729
0.725126188967648	0.744429356355141
1.07008327842235	1.72250722725825
1.21642920829972	1.18353796341605
0.661227648455848	0.569769087222845
0.632890309352435	0.649474406457969
1.45438139446642	1.81013038235447
0.847181704450483	0.727015716099592
0.638301381130944	0.66661365156459
0.953427898513184	1.21312866625442
0.461631246853128	0.40086389811461
1.34950253927606	1.21719258086195
0.464998665039795	0.365549299490005
0.543198201571159	0.412551671123638
1.09818402809647	0.842485130726056
0.734599376614297	0.564240318850877
1.57615552495141	1.39531207681238
1.6044989520261	1.70399603376792
0.0595500127465431	0.0383174032659474
0.564387580472059	0.490689748234583
-0.0165079989057566	0.0117902757634459
0.666936812969951	0.573178790803607
0.802074458177068	0.885405858634249
0.481750293192932	0.437922357887128
1.36349812886141	1.24069309933123
-0.0644721739968621	0.0323494727596637
-1.20667104170898	0.765109527085239
-0.815067941700127	0.646034382242723
1.69190002526559	1.29301646996841
-1.25526763568922	0.826723100816984
-0.995906350891505	0.761678316940677
-0.105829708374603	0.0357423094515873
0.146333322664367	0.0760569263992213
0.140664453088576	0.0672352752319302
0.968572616862965	0.875900851807859
-0.285212402242942	0.145675736790854
0.85989343953211	0.496899686452518
0.747382253434482	0.44661666948028
0.578814310360976	0.402499021771575
0.308955402790889	0.12707871296986
0.893536953556667	0.56204797128017
0.274754646079037	0.138183640810105
0.277603218089604	0.137411142938187
0.667307883190729	0.620152672700374
0.63361901094685	0.496881425462781
1.21721930583548	1.42290268327262
0.82225585137123	0.993012239779229
0.66865784124139	0.752248295946259
-0.194426847077016	0.168131406367327
0.964719347493078	1.39616428444635
-0.118855215615433	0.0660581050060236
0.105657537214771	0.0741511025333031
0.390238349935809	0.203095159458569
-0.0781645111098949	0.0459705231457486
-0.488739037916297	0.478875730839931
-0.703972343864313	0.458991032858005
-0.792449041734938	0.709270524567616
0.718005940135505	0.738189014693098
0.221863466713576	0.215108176061428
0.433094706486585	0.438984674181438
-0.342029547406098	0.296007383388524
-0.301392007506713	0.224844468225928
-0.613924810075532	0.596687399610632
-0.224417788357549	0.176785842579919
-0.776306102069446	0.658096656513138
-0.6377397373556	0.340850765743468
-0.48168415165022	0.403139793740779
-1.13078998313868	0.979071513604466
-0.216288816675947	0.132200139305528
0.236035524757141	0.12406564813756
-0.278819055383657	0.16218442400136
-0.706812176493696	0.51775765702929
0.484422299394218	0.457472914645514
0.350971654551921	0.236078304809151
0.415374839836276	0.255584008633291
0.471733960937962	0.392620541603864
0.820866756107801	0.610255434340617
0.954422294246095	0.974784751588505
0.664287807324558	0.654556840953048
0.717863123467804	0.863339533287568
0.486247785279625	0.548595487245608
0.451161120595336	0.39080305138909
0.862487768343667	0.863009467820227
1.30931411594843	1.3451757549403
-0.352569842028245	0.301730855220983
-0.822341517024712	0.709340492741761
-0.0420310191968552	0.0257026601711946
-0.422013609172068	0.321675321224655
0.146458439220735	0.0893598339346013
-0.485459541330761	0.455097772786866
0.119934066291607	0.0923127349532748
0.0781447357643843	0.0533765933363308
-0.426056654910638	0.417072099137646
-0.436070663068788	0.33450243431945
1.09918723468769	1.33088643745524
0.736660182219064	0.583637366736644
-1.33775625256675	1.48544692323729
0.607269980165065	0.453115554877268
0.3696271721841	0.237385912360629
-1.11785302688862	0.972698986448016
-0.325607143100588	0.168976230728253
0.331102102317115	0.241432767292223
0.517843283301627	0.380322575897527
0.870677431959693	0.790417592553397
0.245832566553694	0.160367709588185
0.284672409474559	0.200838564618398
0.610134976546606	0.364703484679191
0.184619198424474	0.124205798786927
-0.0417837694303102	0.0260238464692974
0.271791671135794	0.271651045241837
0.41624869348004	0.416100470583625
0.0972464287237871	0.0663970454400096
0.699084405230039	0.716935852632288
0.259835804117898	0.158114156399243
0.871632988543731	0.844749883534819
0.140532627072234	0.106171981904946
-0.125301107469767	0.0659289575666074
-0.318398636244166	0.279938199667136
-0.206926307387052	0.165457740123578
0.899950240364131	1.1158689721819
0.466314111566295	0.446480676375787
-1.20491977120197	1.03584543833929
0.300956891388267	0.249051943007101
0.867760804804608	1.10990608890254
0.565956232800351	0.474315060434209
0.208629010274042	0.146557278121476
0.771234272350507	0.972267476618518
0.945120982666647	1.11851893858851
-1.20503545386112	0.947786145554007
-0.201000900056498	0.0972815626950094
0.277717051151256	0.133210021823114
0.572936898309629	0.38919330693567
0.120357955982547	0.0659220941521456
-0.071575922728456	0.0446984110494251
-0.202962262515985	0.122296189288338
0.672558170932545	0.46031654312724
0.762947229865106	0.718902409601529
0.290068249880376	0.178441947444875
0.664422259783562	0.545661177709374
0.471284820522124	0.308910053401168
0.264240638593294	0.163082413009662
0.648993402128893	0.539312298367504
0.959468848422015	0.781358699126164
0.481396111473847	0.189427697275526
-0.69472014832385	0.383609380849191
0.430982586055802	0.201688276759848
0.641967573363738	0.654984669838951
0.770903486963774	0.753178622300518
1.21807068857834	1.002667202602
0.713286745781475	0.53739877559307
2.81021555249869	4.0170637336187
0.119846717290949	0.0617017821004546
1.04550751766628	0.910701071837424
-0.294657497402544	0.174041058869002
0.44184406023495	0.204994837463652
1.64720511264104	2.19175105710969
1.82813875724347	1.87784055126612
2.28028913870128	2.09124473897632
1.08724847273841	0.834007977508478
-1.7107830213097	1.08567477883822
0.525588880716575	0.353788170855039
1.25397229001459	0.974787504247894
0.955071744936766	0.730294839802338
0.616665226961389	0.299234248790203
1.71226938344829	1.64449040351702
1.09268695302188	0.900033894422242
1.0824360062572	0.771938104464655
1.26979930939567	0.838284471031853
0.247739260891838	0.118157041657926
0.53891979672954	0.289112209468041
0.282045039947902	0.171984216001685
1.06411601179939	0.61596003032926
0.869069292479655	0.811486278987135
1.07158225270558	0.754581242543267
1.07966413990958	0.800761522886034
1.96379592310628	1.57241790132512
0.530272678328785	0.281583672437015
-0.422776205480545	0.236827184442181
0.496594344343941	0.208886066765757
1.8454712966586	1.86378312209497
0.00391100365019066	0.00178941544494347
0.107167226891727	0.0605947173592685
0.865369087801152	0.49154774844573
1.36294061637783	1.28361288702281
0.13845903992369	0.0597214322828397
1.18762658109547	1.16217182054766
1.24742713201534	0.983504937226808
0.760658041303486	0.457238296981828
1.77861404363054	1.2290069757406
0.262852878730329	0.126944028292564
0.828783421608312	0.639827699201132
-0.112422105778381	0.0499955154724147
1.29483568934784	0.678332686250626
-0.884873304570593	0.483912063049403
0.0135393536282534	0.00568615929945587
1.06775214232567	0.709633294067722
1.24226182426067	0.968730556550296
2.11735480593328	2.647136488122
1.68644893767381	1.24028993066559
1.59095562977788	2.05761964439588
0.402000223685871	0.22769498573757
1.69966491471022	2.00035168785054
-1.77292952906245	1.17630739977319
1.94084200812046	2.1835403741563
1.3689564648655	1.24769074379961
0.511056498167422	0.365189744251922
2.62762986998214	2.87087590664059
0.658749066243092	0.557853233142313
0.947313848768063	0.736544873008815
2.96838818674216	1.93269115934331
0.583263230249642	0.401995420254764
1.07192538494162	0.885352920139854
1.53960482161147	1.48685147930146
2.55615620552882	1.83264304199404
1.46539670383917	1.13116270723678
0.607419627613484	0.297468828664623
0.00989179758063999	0.00416706483682324
0.150582809383603	0.0717934734249517
-0.21157714707924	0.101273794726794
-0.0025498978354907	0.000682937086507999
0.574130206904006	0.396600894548783
-0.78646343242416	0.319488556356472
0.138829986589114	0.0741455058081217
0.284208136682851	0.130333411890034
1.57965758664335	1.40246065793201
0.763606412522794	0.69552091399663
0.150290962939415	0.0654048672534148
0.136875119231676	0.0712744510376768
0.600132734392821	0.353971456339018
0.847340212466191	0.632855911851317
-0.562161651305949	0.25005491834654
0.363906180885975	0.19471733551263
0.718017466888017	0.575966112514397
0.816045933976096	0.601767770268834
-0.102548393013473	0.0458159962637794
1.07471586988575	0.873701204040938
2.41135674934586	3.19086403138749
0.70168969144679	0.48790239238823
0.943742715353881	0.71536822058571
2.32034084268793	1.47477618605675
0.617941052898373	0.288352821103182
0.444622524341829	0.208700924181006
-0.083502970812228	0.0388407837659232
3.98874038829223	2.256685888001
0.687051928964708	0.378821089742042
0.865551446163145	0.50511663378263
0.767555136190911	0.500145038201256
-0.545007566368539	0.235504749936883
1.03550290697786	1.12177369630828
0.835372022550712	0.778093177907907
0.735633015695468	0.435916473428505
0.604703372482657	0.402281291765736
1.09039032396647	1.02463022054469
0.74278176992838	0.461763530108876
1.25626536301769	1.45159934287951
0.792024805682187	0.402439982631117
1.86572496894985	1.60747564006501
-0.63569797742795	0.34538258925289
0.805097021152529	0.409611161770456
-0.543907370877133	0.24155805894987
-0.154961990990613	0.0636040316552612
0.688587537009991	0.388939756599
1.24516195112607	1.05296586511645
1.96921549075935	1.47232257638674
0.86723702727016	0.329674425233152
2.55904357262106	1.84034983203171
-0.082704451865346	0.0286214529911149
-1.06931733608543	0.488384120768682
1.05801469231166	0.60132360110343
1.93057704206056	0.781405269039522
3.07984094842645	2.85199883665902
-0.0228147610258672	0.00869466055510461
0.709139208620753	0.306583780715944
1.26591255948365	0.914971292684852
-0.149569767161231	0.0610876090948514
0.48314397465187	0.279568149903077
0.95489808787318	0.41977196596562
0.720409893676784	0.307420000912534
2.5469927571503	1.83549815667577
0.40809861235267	0.346263059850036
0.555444365610615	0.461667438305973
1.48836440902361	1.72615903558393
1.94632710581204	2.45266144174264
0.642495309401319	0.523168896064556
1.14324761004625	1.27605801708045
0.87396909254595	0.729760113701493
0.662992960199988	0.437721216569571
1.26421456953554	0.924417278812407
1.52624527690257	1.41284681612412
0.898868957442092	0.571983224969937
2.25899849825407	2.42442974382974
0.953162479070066	0.760424194281811
0.867554296838854	0.475689826364785
1.59834276197235	1.20170051020548
0.599059890493624	0.293465797620699
1.7045251741513	0.804839123546874
0.262249882051706	0.130125727220149
0.354243225054615	0.190191003873251
0.865966498570964	0.325510047347496
0.503093136301619	0.196942491997584
-0.152317978393739	0.0634085314058535
0.901813053323796	0.554084656942577
2.41851146392013	2.43312688097641
0.678104780291888	0.371289995308925
1.28055180840369	0.787737041288667
0.437120550422015	0.267979320187466
0.299059771751477	0.106690879367608
1.0732635085538	1.08459458493205
0.79173158036332	0.563264655981795
1.04877402364601	1.25152132139803
1.11863628723795	1.28617403520952
1.08263279276885	0.972843194023847
0.482837013204434	0.422780526407102
1.26113658230682	1.77697491922136
0.0254143025221331	0.0153920712612998
0.129144540211375	0.060165360350869
0.371828347735364	0.182108070000516
0.7541606969921	0.71855399394345
0.539073923005915	0.34087470896888
1.44403856347335	1.00585448416388
-1.07168818714212	0.78398938960907
1.25908536879006	1.00164373281781
0.149663927450066	0.0643213094431146
1.89168392380853	1.1685114774749
1.76349179247252	1.95375930863606
1.07966392782556	0.791906387592591
0.654109577706504	0.4338907479271
-0.0253230719155291	0.00968560576173838
0.0107438093267623	0.00446536833470391
0.529443861704814	0.331747937688658
0.850919853098897	0.468038717262622
1.69667009601069	1.95075951395184
1.56166248955576	1.40117662011432
1.2622030831905	1.00910983943278
0.747403071118653	0.451601532666709
0.576006407562336	0.305360122808333
-0.433509322068658	0.19296203680725
1.27886617247949	0.68786629819977
1.08581405181255	0.765395556983281
1.09595932617433	0.780086372435227
1.56410095992781	1.71013422542438
1.07547522067371	1.11608791741836
1.25980611463647	1.35928920315872
-0.796065644391962	0.412200243572701
-1.60642839893252	0.964833960925205
-0.561087070125493	0.249042713696147
1.29685742570879	0.789280154793454
1.47442175227233	1.1158901944652
2.13521587308074	2.12634289340573
0.519416000958842	0.325565012803451
0.644550626399583	0.421149589134237
1.09994142493227	0.851436354985181
0.148280042403525	0.0714314235830241
1.78886363083598	1.26560438577063
0.754815116008167	0.459815558011991
1.42047148476199	1.15948343226679
1.28216300096916	0.666690286199513
-2.1288873818487	1.12235479690943
0.693905870282688	0.295780096316372
1.27032338112595	0.919005455834529
-0.256865584147397	0.139421094226458
0.614632577415738	0.356760301954245
0.0110159539100224	0.00467708711273976
0.359351737946007	0.200662804042665
-0.0855223251717931	0.0287765044073378
0.0186569003215561	0.0047237706613622
3.2182900286855	2.21785866446408
1.02806142741155	1.26391341631003
0.513859629939902	0.464137400214511
0.437704505462729	0.38263844854812
1.04348455591443	1.3159992317878
0.587755000740106	0.474155938244797
1.342214118367	1.86765400196119
0.828128833555803	0.858185388428184
0.689936801670444	0.390764070508064
-0.212878607041193	0.100725373132383
0.945610267078212	0.634822911056405
0.613309985303383	0.48905815411827
0.954209676955519	0.89813410490927
-0.552122598927352	0.398220106476948
1.08021990238114	0.818974823916336
0.676800118822965	0.561621890691048
0.142027264784413	0.0659827645008903
1.64029340465922	2.0140702451756
0.146134521665017	0.0700480236526295
0.158481268449143	0.0739761343357439
-1.06751318454272	0.498081080859893
1.33622491017673	1.27242714957469
0.482716438009065	0.274286645453281
-0.067877710769434	0.0387604715236961
-0.407817963886033	0.16902271819855
1.07594562228817	0.755889921438334
2.18000814725092	3.011013066909
1.08266761301995	0.674598116892849
0.850230599856182	0.667640230798257
0.626832670179497	0.471758611794671
0.55093425324063	0.531233266445199
0.590236046711368	0.534552626902965
0.839321174882405	0.826945835034759
0.933372689997146	0.952269870988969
1.86112156728285	2.20579257440614
1.18812502733766	1.1195800953147
0.670784621313257	0.437540871969093
0.867183872918576	0.725718222588975
1.80868884971903	1.76283689672823
-0.414902112928959	0.226687754006197
-0.165343928397383	0.082144132226765
-1.10773693138507	0.783768175404167
1.40321782914319	1.60149840680115
0.592863060328624	0.28645841630698
0.621806133358801	0.454888633920948
0.574569526703511	0.38098189558669
0.143898229336022	0.0624681863965799
0.582394875419304	0.399058237914378
2.12883486464463	2.73974623134679
-0.636756031265579	0.36405824390938
0.43636887885263	0.203985057444145
0.956168147677075	0.747784563033986
0.947765235919617	0.68998852988657
0.665379591674568	0.425341931515285
0.956887932587046	0.980984063501817
1.09730999574581	0.959710679615899
0.724322209422099	0.563279752474999
1.08394132795657	0.755820448844286
0.285236983055904	0.176479171558081
-0.411940871244839	0.22300440105791
0.830795471195287	0.617063938735134
-0.758668925377446	0.515965669058426
1.55539268305803	1.80753903137497
0.332389594210865	0.178063053685165
-0.600631606603768	0.403737793138564
0.186915856336363	0.113342674969494
0.38619612155482	0.196997163119207
-0.429816571410546	0.171710430869242
1.24597302410493	0.968030072794821
1.62537086073558	0.852166174209565
1.70745561222679	1.31068092249938
1.25037376809676	1.00153260537372
0.269132060042409	0.128820614312515
0.256200987898967	0.131513811562617
-1.32384295195546	0.850885132667004
0.822758192319598	0.642619515563583
-0.163710304876928	0.0679180738268505
0.544721822257476	0.286852931240579
0.287041445781801	0.114096725772767
1.2691781159781	0.827644785313293
1.105608499285	0.861329254695435
-0.540206203701542	0.233153525614372
1.19991841912793	1.10089414137212
0.394973628134104	0.197579969732866
0.547625804684363	0.342125378192625
-0.739472490412393	0.419457482883292
0.750616854822475	0.46392483517773
1.29468431674296	0.698293683353079
0.978390779733971	0.444107527046763
0.652993917212845	0.430855211568018
-0.404452083240587	0.189516889947777
0.967221618509124	0.752722719123344
-0.782477904605385	0.318496328123704
1.29966797174024	1.38999698966866
-0.407064483794743	0.16328127011665
0.73385246045154	0.223936714768893
0.728702154354333	0.839417806632077
-0.25490946017961	0.0981672225286423
1.06983126364249	0.819622687199513
0.112933604952039	0.0567685617503542
1.79350332091706	2.34386192164316
0.718127933923217	0.416685430374775
2.39271579772053	2.64864194904024
0.966272979501947	0.943797281434303
1.0941997013949	0.908296790902615
0.0309382429198354	0.0125001041896825
1.22946904667449	1.04774792852696
-0.281018053568702	0.124007272252665
2.54215270042252	2.71870636973658
1.9257568262689	2.04028909139031
0.960222623204103	0.759239563337461
1.10311023621336	0.760639832347896
0.799183389871466	0.521850736560404
1.05589185330926	1.08133212290209
1.08117736257052	0.701670887162939
1.43857592836634	1.74899668648651
0.314055971780402	0.167757854796182
-1.06016715254421	0.489649889337672
0.138319064816137	0.0641201583362871
1.97344341284056	1.57170965645609
0.485043275646676	0.204113663275173
0.964685306596458	0.87780708908512
0.924220992474954	0.626133362655934
1.27241963473856	0.838317328246478
2.63433534369086	2.28037740566096
0.613644074476504	0.308140670117612
1.28246945051294	0.775785965735297
-0.39432605107119	0.18868905766164
1.5769017349419	1.43576871109877
0.694515864668988	0.385157279533875
1.76625761817129	1.20925098817719
2.02370658277443	2.15470430467619
0.780173357939594	0.511064437590822
1.71166773426125	2.145655747179
0.458371700562334	0.329411640957819
-0.279271437817976	0.176728601613823
0.0447501567109058	0.0223260281665588
1.22181604096712	1.08863892492719
0.0481454819313161	0.025251035173081
1.08779239406867	0.958272279212683
-0.666184670718088	0.316881523287349
-0.31608922452943	0.165124959696443
0.467508848971831	0.308743034841543
1.92389584708805	1.86843791010961
0.675552855427761	0.365441933143441
0.309732947812194	0.109912703127726
-0.445522668916121	0.231464049711714
-0.511259652175013	0.29215118557121
0.906157258440349	0.588261820955018
-1.01181980689192	0.589389807226407
1.71133744948632	1.65679454301259
0.870031706100816	0.770931380318194
1.69914816309051	1.34625063683339
-0.199985462003706	0.119048421778083
1.23442661219666	1.03375210161568
0.576954677130677	0.399039734468029
-1.46442092379468	0.588269800741158
0.12285976099371	0.069664138981226
-0.295683108680565	0.180045456301103
0.383371507158639	0.196119025160875
1.42768497396643	1.79973006123591
1.37259083158245	1.25659852788916
1.65880218811726	1.72405770557496
0.378080950165548	0.268547512402945
0.145786977744777	0.0648968346195511
0.603583267675272	0.286780952636546
-1.29601468111537	0.463447166107252
-0.103048650366017	0.0458455999190745
1.11394171608814	1.27802790826298
0.351954893756616	0.198239233456177
1.07546322593111	0.704133334922251
1.44063411008281	1.17934300797667
1.32468829735319	1.33085758130583
1.27330791935721	0.691251960860738
0.736209209689224	0.601907410336082
0.58641756051523	0.395484990461908
0.945524896166581	0.711235428793735
0.690722546108083	0.383197077989504
0.411048119725784	0.245120606277476
0.508941562999528	0.356369795647224
0.504069361237546	0.424462433758322
1.09202164365174	0.794442655436528
1.27300195464162	0.841607602366281
0.482039340166617	0.323373608951403
0.154501538467519	0.0727960644486525
-0.545033297102155	0.236216807420726
0.305064432626581	0.124668080651896
1.78787548869427	1.60462353618284
2.00721316331367	1.89138484285735
1.920243611713	1.83934051624879
1.21836364800143	1.05431243207589
1.49045476802252	0.986919633498169
0.764707772111598	0.68953900821383
0.640763246604518	0.55520168355251
0.310247594891324	0.184389388043619
0.253653121916005	0.123932305011694
0.730298674730683	0.435705198690223
1.48768041092022	0.9392558147177
0.47729023994386	0.267189942266538
0.866670946470174	0.518007907350722
0.527883270493345	0.283750879203099
0.268632874674223	0.135778801116789
0.41854407597517	0.2545350524658
0.393101385336761	0.198520084816166
0.9515692964709	0.708773178392118
0.797429642813364	0.39538390500683
1.51100234061418	1.06471938079002
1.25950229425053	0.925039010064606
2.06113884265652	1.13671768024681
1.88056682061599	1.1346888057736
2.10598174159776	1.44233339765062
1.41047738887616	1.54930837440464
3.20110954879999	2.25725499429423
1.31271914183661	1.76865221292485
0.437897756319324	0.396059494098091
0.382975640244427	0.32619737060752
0.481310749037637	0.428911703410125
0.649000975536192	0.724201878060497
0.192463809847475	0.168668700515694
0.425035198292304	0.340550541511601
0.568033817354422	0.391948117871924
0.291981158776098	0.223017610905597
0.561946079542806	0.465244795446991
1.3127968246621	1.31202299422035
1.10120478924513	1.37722092684811
1.24752556698835	1.05354980994983
0.8673168924144	0.66575709724492
0.809195516168061	0.558781608481449
0.385676646408999	0.199235168321801
0.949929912142462	0.740391042059073
0.816451537295282	0.602029519240449
0.492948520637117	0.209494073424293
0.924127054013782	0.567800433689125
1.25997198318861	1.65587072385333
0.144114422798531	0.117778649028362
-0.893434555626127	0.756984714750679
0.341220792759231	0.327161231388395
1.18015078268267	1.82084120144665
0.804842266282063	0.830935143089573
0.956275914302713	1.10284746300232
0.409888859271198	0.371524800979779
0.847228627040231	0.661732428610515
0.581647196028205	0.652145058102543
0.287721531631835	0.18162593374117
0.378758373873667	0.246347859051596
0.294847424736051	0.217285394988799
0.431373967942316	0.203528305065745
0.564411232514344	0.470581977183669
0.361590433935834	0.197501897417273
0.47036603936241	0.300980689055365
0.847908561567829	0.839835483121154
-0.450868595235443	0.305731925049207
-1.42986397648613	1.04566675538273
0.912883416784846	0.562523776103763
0.603175115155839	0.429638767633502
0.346227119652269	0.193576924775755
1.04974198556094	0.606666412044338
0.618760430148421	0.448981265244947
1.1159469533261	1.44376072389639
0.116423476904459	0.0750968486082842
0.88250688738263	1.15619429699102
0.48948597954278	0.372605874009311
1.14965312090396	1.39563909033119
0.995768403508497	1.20400937592415
0.493309262942649	0.349814678671756
-0.213251350263607	0.127878839122176
1.18192636965654	1.09279027675288
0.947783417963795	0.808101675364552
0.469618568278378	0.386125437919666
0.946591870494984	0.710941655694918
0.00589466187541632	0.00263337260440146
1.46185538323759	1.08463122591236
1.26366572705737	0.841805417391509
-0.0680009369793369	0.0386557850645704
0.416202595129092	0.192566155819443
1.03567870698324	0.521121355715052
0.9784341769048	0.908063187559244
0.419858081649631	0.434279957007803
0.262917196313874	0.230098475784176
0.475558748334896	0.355550659735481
0.258693874567125	0.128574090212208
1.43035465969582	1.12418582318031
0.476757208765998	0.20045085883761
0.857309163642127	0.800577763853557
0.303923910777153	0.120702695096012
0.034641759434166	0.0151666628169581
1.09954578177302	0.898423634052523
0.5547271158598	0.412747729091467
0.0774684066069958	0.0460103643051945
0.133479592350955	0.0607206827360154
0.137154859939057	0.0666436340556737
0.372641294819954	0.312776848954905
0.781281771667904	0.717203259823175
0.276400695095483	0.167408373116246
0.297973270243629	0.171244122019849
0.181196384389352	0.107687088799913
0.359252938813045	0.265050169303001
0.618778732609267	0.370381093997461
