x	y
0.379924402036242	0.247207555053565
-0.254456764588252	0.138020369357542
-0.175646381430396	0.0906542984565026
-0.0521500758616091	0.0276953007186635
-0.583247854522098	0.351468370268137
0.303660885014473	0.127019226177578
0.185685954897861	0.112434231520783
-0.650660162583978	0.451715762241761
-0.189568130543046	0.127506713546689
-0.630648510736332	0.610811834384622
-0.122954729478339	0.0810459446201456
-0.845169895196074	0.733814948763999
-0.34820876717372	0.192181035693786
0.825375130053585	0.604224900622659
1.22082654608483	1.1386719981831
-0.532514933838519	0.274107963531081
0.0144736848833259	0.00798537938538503
-1.22755369718419	0.931899497298316
-0.548248052235211	0.406028861772359
-1.46400066697048	1.64315748401404
-0.0143919789818094	0.00555017467687609
-0.188536632961738	0.0976097371443683
0.941029416386624	1.02966818777536
-0.262802691242757	0.190496780572591
-0.321975632113837	0.1638466595504
0.606004640990874	0.454081237402508
-0.542642863589137	0.241700971476862
-1.12302421633449	0.799322074597715
-1.42439693096415	0.80350604771715
1.1029755883736	0.768565240346456
0.142597684950221	0.0592104632813838
0.231242097517416	0.150908848465059
1.55911754714922	0.988334453223543
0.847278775340751	0.783870121671986
0.472325146787913	0.312290956488058
0.819543960016747	0.582023225863481
0.243084626561259	0.131105136430116
-0.0550186425271951	0.0364980446962449
-0.463405354104466	0.387648529436922
0.142218466748834	0.0964525809001811
0.103907981684683	0.0592443652107418
-0.0573395589554434	0.0392536355572049
-0.340222488168417	0.193703278509702
0.499650864424651	0.431754830604028
0.284945996713864	0.199927024292413
0.409092483146324	0.31262898060503
-0.998395690710041	1.37260878677638
0.113118593827966	0.0813744473959682
0.973641946206554	1.16881548521979
-0.279973416313806	0.147791852291505
0.44557593261335	0.327157993769617
0.0959050955999848	0.0540830845965392
-0.364156385360905	0.259917997148499
0.601500043002796	0.448884553901739
-0.21611601025388	0.143927184813854
-1.60778942778453	2.16002290056818
-0.419252921118887	0.198986223266645
-0.305602415102666	0.15606931444898
0.529638348487305	0.285637030857642
0.855889411833842	0.672717825541791
0.0148438024268267	0.00619365123453713
0.305734054336439	0.177360609767644
0.137486095428807	0.0592657942482235
0.0311661697520099	0.0144828900646361
-0.541691055976361	0.39711936070693
0.124546259836625	0.0592936068434415
-0.37145376118448	0.284325444149879
-0.281418812317619	0.154516177638468
-0.0511090640455904	0.0292368830548439
-0.653086028837134	0.461974760682614
-0.434207316584984	0.259326926062055
-0.156939336937725	0.0658544657922683
0.787667537460234	0.521867377404095
0.0330443232276627	0.0149041146847258
-0.877232407613311	0.552096549833418
-1.41804763536237	1.04596400585227
-0.0630254644454028	0.0321841303178914
-0.132836743661929	0.0749645859865013
-0.329217175350233	0.170999775247116
-2.60141555418284	1.73191625761652
0.32646664072347	0.192885959857655
0.220645285296876	0.131041789549235
-0.323346745919418	0.276245808238769
-0.173572213216206	0.0977196070425565
-0.202877273885812	0.0968082248767626
0.618703956192716	0.455797960433678
-0.419729567381651	0.226109786681955
0.22530864808113	0.11277409858982
0.109979549272208	0.0628327948664391
-0.356309415927056	0.204988220434673
-0.0414079311124761	0.0224162513706935
0.460848786407169	0.372018082695179
-1.78514237342991	0.754630934071765
-0.896652021143553	0.573491326538012
-0.793656797395418	0.329827024483952
-0.300769155850248	0.191686912238105
-0.0496897489250318	0.0253260947265513
0.647616561523201	0.405505764197275
0.0170244875608913	0.00960833249262926
1.04736657096397	0.617842711037941
0.799128395672614	0.568052203173005
-0.141704971774703	0.0782886578032692
-0.51691335196325	0.253152495886017
0.473980330691288	0.267076441950948
0.14262272059783	0.0626023340515861
-0.170427689468575	0.0703684757791093
-1.06752882549836	1.25131539415187
-0.0654592218598644	0.0304688753913891
-1.44246649581318	2.17621506105793
-0.572435454749047	0.591794101732835
-0.575771542972172	0.383151511215343
-1.86495565119535	1.65729358021052
-0.275932780724718	0.174678259887455
0.781596326049768	0.375104095115126
-0.128990476758419	0.0539795392968978
0.394187843200238	0.199784949490695
0.300337230115316	0.106969044286595
0.105412210766127	0.0422894543576646
1.08418323708264	0.773695188115088
0.0266010093434471	0.0124713845798249
0.40643793362516	0.203860120834735
0.925482244452283	0.568920148094384
1.29345959680904	0.779994530364438
0.644137359986988	0.514107698663881
0.12390133528169	0.0577262538497236
0.627596510852564	0.401989624551246
0.129776368806374	0.0493868317759027
-1.83560290657807	2.10687040491797
-0.403106262949102	0.369981798348874
-0.99568681217144	0.551784314548215
-0.343392812919915	0.240798722446145
-0.527076935787938	0.348498230849209
0.351204256208315	0.189521148928649
0.295719802022304	0.202061766378624
-0.304939060573924	0.186339272096376
-0.267181969153636	0.165811803857905
-0.143573056324872	0.0818109806955428
-0.439452492527815	0.150583128708704
-0.423873320772728	0.252640450517387
0.274062253297459	0.107773092502879
-0.254686592658961	0.0978983292911453
-1.77784671757118	0.795550326678809
-0.0535298274660081	0.0270755320591447
0.129698071501094	0.0489400686600196
0.292819967021139	0.120790132819949
0.097035872837725	0.0602790652097158
1.04285719404987	0.579189485526903
0.905487614413157	0.980624701354294
-0.37156814115954	0.240167125790306
0.039436915554434	0.020406345914724
0.475653776414367	0.199434775766801
-0.306247161310169	0.18879044297467
0.0400195712801015	0.0196260462501918
-1.09336252826182	0.634482419228745
-1.44624296500611	1.27910493133231
-0.517730680321336	0.267917311312647
-0.976426513084793	1.0232072979199
-2.18061794721554	2.45287946257164
0.405890442706004	0.274486520948454
-0.221889410861086	0.135605093635566
-0.919531895437203	0.705121816749945
0.309826752081075	0.180788094649651
0.137711960480011	0.0748120013432804
-1.3193514919575	0.699885005951636
-1.11278738897788	0.914752796536558
0.679726885262607	0.376565037463759
0.367356822922756	0.202898765324288
-1.10595864098131	0.680595544243157
-1.84906697410567	1.28367335331922
0.0134603651313731	0.0036325900095228
0.591550306748509	0.269693418893703
-1.2765298981513	0.459519550197926
-0.0710306908804209	0.0371462315784974
0.871012303561775	0.473773355375708
-0.415177393467139	0.167915841817774
1.07908914839598	0.699812157740286
-0.0344991928232325	0.0123852363922497
0.148260925429451	0.0696162764654698
-0.887840925371021	0.46912505565475
-3.83262556487914	1.62926501765094
-1.75629830602486	0.792011732683294
-2.46143118506033	1.47843991188761
0.598971814135292	0.354831053675653
0.0182371799329879	0.00757961409714049
-0.219677392771705	0.105075714332378
-0.164329499684494	0.0833193940907032
-0.509517524128871	0.260826816990061
-2.24534849230554	1.25847887701755
-0.684560285947904	0.326634321687101
-0.420339614531996	0.172755925433438
-0.59994289026586	0.360399307718297
-2.33463268724359	1.36435966654582
-2.44709627599849	1.45038404013283
0.69391936708649	0.388759087292688
0.435898759810469	0.200938921408272
-0.154918957982007	0.0630340481412144
0.806673982915283	0.409133787424421
0.699321861434486	0.379503587494602
0.433381648096825	0.188611084805632
-0.257539197807059	0.0946752480706827
0.800298886401289	0.544227867716243
0.0141358859626189	0.00581990329130587
-0.900864516542231	0.677230934437367
-1.19227231692435	0.577913456049896
-0.795372131896524	0.324618854695577
-1.86996109628761	1.29493261330518
-0.0263843551902397	0.00982118428397916
-0.108635522163974	0.0472172939858298
0.306138933405835	0.106223798353957
0.707847873582592	0.300216848516699
-0.891008223865156	0.477344369805666
0.0875241469091022	0.0299297870189921
-0.678581174966814	0.331470311378324
-0.636127043321399	0.233885109095332
-0.721946939734347	0.451174529931362
-0.290125755448887	0.124418770747831
-0.443771889503014	0.15296660626614
0.0299197899968609	0.0120222913580076
-0.136080677957124	0.0789357529399533
0.754131665756934	0.444043035002407
-2.2427505517592	1.24739729902586
-0.456895675285221	0.195839846050825
-2.12547442450376	1.13108270509841
-1.89199157715901	0.906348887947021
0.309063374515726	0.123628825078577
1.29548272616691	0.518673455471275
-1.46642501975576	0.581800365436347
-0.247805667613468	0.088938832575057
0.560671239660952	0.2085215745404
-3.81850249478477	1.60047097380669
-1.08725946823788	0.352096752913699
0.866468142954474	0.488269074766775
0.476182908962857	0.187476616385924
-0.0941002742961249	0.032860990695244
-0.66359771256721	0.321599774464838
1.29201508233671	0.757312506271775
-1.05454882837289	0.484496942415642
-1.34054851743814	0.634252385727432
0.476756928917093	0.199736053470938
-0.438833896935274	0.150031893346032
-1.07142851728416	0.35578122297751
-1.29991154910279	0.469400557657009
0.0934893552686224	0.0317731553916026
-1.0923102377315	0.649604582757717
-2.01774898477661	1.02295809547835
-2.23625364123766	1.24864966445893
-0.237246505178233	0.073317331165406
-1.30526119010989	0.688273084303126
-1.44159381334077	0.754695963382497
-0.103477114654155	0.0360009745410558
-0.684127946147903	0.311278989942146
0.867660277742626	0.49167999613217
-0.581378857454382	0.398245342956316
-1.06708752628889	0.508163883048852
-0.43161708629456	0.203832956531172
-0.163970245995246	0.0660910768184152
0.136238406221102	0.0597166063982393
-0.951311901882158	0.418839096663047
-0.552829118663456	0.243717349468034
-1.46826705863806	0.570175138551536
1.29789060206286	0.59180575386331
-0.633687607488894	0.241096147870426
-0.619553024900147	0.328623195746072
-0.412309936048441	0.164956416113318
0.938553035199469	0.77648335007526
0.0232286625477332	0.0117435733193953
-0.193427078017917	0.117809642650519
-0.304984321698028	0.134477659651034
0.503622374872384	0.360422678871389
0.692515165087688	0.3802665185581
0.0818418426349742	0.0276796733494065
-0.999152018234303	0.541894132724002
-3.68231262623632	1.4547959020232
-2.82409583457635	2.08304384760396
-0.92191301094667	0.398063179679408
-1.66993438715871	1.33414308900727
-1.84815492203162	1.22100830054726
-0.893507983885882	0.454447109372444
-1.00086813362618	0.665222338187229
-0.791385365424098	0.316565569349591
-0.995628894262716	0.567882427305104
-0.152400351149393	0.081832048844575
-0.884901997486557	0.467575024032591
-2.34125036496151	1.33701306189917
0.0793821550458007	0.0265122549469336
-0.670018576883284	0.41308893437895
-0.413795582988715	0.195305168143285
-0.10075853176445	0.022608042052954
-2.8291542449386	0.893923832929712
-0.992932727979739	0.558555366040078
-0.798748520684342	0.328566146451403
-0.517395369638586	0.337618369933065
-0.245797099254876	0.0771691158134994
-1.18878708146489	0.59549855631434
-0.222270939726172	0.101257247095289
-0.28976988271619	0.151618506673595
0.120724469598636	0.0657512494995671
-0.0276073918182449	0.0104565472489797
-1.76428312075508	0.796604778762008
-0.687643880333059	0.330629359857286
-0.227372577001162	0.105875097974508
-4.50126889399718	2.41562376950713
-0.0166478012253864	0.00657560859555032
0.854691758906448	0.471702709855456
1.68638421802243	1.23921221190323
-0.0764570680464293	0.0362253693527974
-0.899817592091692	0.500415251392575
0.23957609876176	0.128187624369838
-0.128221530330681	0.0721349847303937
0.143548964354913	0.0622752591377765
0.129454862489014	0.06068190817281
-0.417373111854434	0.228735346365456
0.743862957794357	0.438184131718992
1.53369475239781	1.40144591026997
-0.251186964113774	0.0777510439822233
-0.285802416730054	0.125433166787757
-1.08185102233973	0.5054701226341
-0.430747214192544	0.262000968623923
-0.27166741088304	0.147836716906914
-1.51418175384047	0.890780139185534
-0.739775929438969	0.562586404905379
0.0316269043243783	0.0143856933630194
-0.37746369797161	0.217046820861961
0.296429783480573	0.130278028344863
-0.162783192666101	0.0669825050955692
0.239019170495902	0.12746836378437
-0.315716031124751	0.162086536683554
-0.238034464525448	0.072981385078238
-1.08447253556884	0.356872689261484
-0.161931962675715	0.0633543049064948
0.0067466198969804	0.00200999607894217
-0.785325280431602	0.388240417582209
-0.498684318256715	0.277935997905479
-0.587060480049804	0.424532563905128
-0.396406502682592	0.252832698454674
-0.307755874650447	0.153911617442197
0.267279179997072	0.185699505741296
-0.52453628644832	0.26626155923425
0.744604758399363	0.456415719332469
-0.0601606147630409	0.0283169092560571
-0.138888328593346	0.0749061471096121
1.47144402837126	1.11573839620432
-0.544773853564388	0.355499757923385
-2.00085604673034	1.44307284545657
-0.897680475751789	0.487480288050335
-0.103276027298685	0.0347527276676984
-0.72018899645087	0.393651877833906
-0.306643700626256	0.196536556656478
0.758338394841188	0.603354055592487
-0.516171133419581	0.329193824702796
-0.160496203028647	0.0895206591088279
-0.421226207175166	0.226798140761213
-0.430835396195701	0.238285519257476
-0.665962292146806	0.412836079749997
0.331296644431316	0.198006867597473
0.304801112676293	0.203226068234497
-0.359572054247849	0.213620066544363
-0.413281485734376	0.171513390095323
0.260330182711791	0.12786112721733
0.674729617413393	0.431721325932041
0.38892294527876	0.195591480955664
-0.993843579784364	0.557528436367756
0.805432016678432	0.394543180337526
0.70836603667122	0.31443069837701
-0.0978917918091969	0.0447179879374069
-0.526964267085977	0.140208674753714
0.26997839511332	0.120349280192621
-0.777463015155862	0.384946993177225
0.0373343717705111	0.0166354749833068
-0.392633803766581	0.20068191169083
-0.60995705202552	0.340485207314383
-0.545051668969389	0.316605821609751
-0.884680567587964	0.484310615343901
0.0407120876160092	0.018532125409132
-1.40324405965754	1.22601807854685
-1.48561530481867	1.11629092424039
-2.13496232747249	1.13699321698117
-1.52760551200347	0.89098118558159
-0.500336242609592	0.243070337510432
-1.28193837428293	0.864750989959436
-0.684542260107093	0.459982351853047
-1.64929535598417	1.40476762410699
-0.523787830726965	0.336293155601698
-0.282470121016414	0.125125040232301
0.838803503600599	0.464374860805413
0.406627641387411	0.210322383128073
0.0478799571986499	0.0253802231242235
-0.54028155844535	0.243779770884118
1.62798508353966	0.873887928434655
-0.0588658427195689	0.0341259495707495
0.707911424145209	0.313874728752261
-0.632732958376105	0.335867153871132
-0.549880417853644	0.247266543953178
-0.0814279570775764	0.0375191360057462
0.0128062643348067	0.0054197975781573
-1.08762310263319	0.639790513893378
-0.633147697028549	0.339626056978282
-0.412117319586672	0.20087117990672
-0.29031140978885	0.130892556490799
-1.47372846127527	1.75006099227751
-0.773902430949187	0.631609220793147
-0.536948308096824	0.269271832605186
-0.696392222563374	0.580979254250996
0.279761496753968	0.174535520077768
-0.43547173157971	0.267090051561092
-0.275997025104845	0.150198311770804
-0.524743228571979	0.385359056082523
0.232898153416639	0.132099613448063
0.0284620435457368	0.0175175573558547
-2.13560042745817	1.08645997692233
-1.13870448890885	0.833731992432064
-1.50335917485606	0.856399093022422
0.120292516742961	0.0664266895147712
-0.349629051871575	0.237873894399143
0.115812003704614	0.0587595255960946
-0.0706642760522234	0.0343252804354705
-0.102815596609838	0.0462502495378137
-0.529075552543141	0.264664275478656
-0.728987183632842	0.393250306903017
-0.395346696666086	0.184935216192373
0.233118775375074	0.126356721708942
0.102311740258708	0.0336535084204365
0.150498133720547	0.0662305728114189
0.282488017651717	0.129477358007247
1.28313352772611	0.653658516013355
0.0286001880296558	0.0130189343642369
-0.673034617290398	0.58134043877291
-0.154972118220221	0.0634153549338504
-0.193844836190845	0.0973048128409472
-0.208768252095751	0.0993773415389509
-1.00109950731977	0.815046979289907
-0.850275548029781	0.587302114955318
-0.543412178164277	0.39460446069981
-0.221263428968245	0.1049675379675
-0.931600822966735	0.818161683742133
-0.324422958716359	0.248457477653696
-1.35138531224522	1.11526049626602
-0.729404205777974	0.570042137606725
0.563581152297376	0.381319036675025
-1.44501363900228	1.31554369840052
0.131798266612485	0.0505973950455514
-0.579784682166568	0.398451867164374
-0.175646381430396	0.0906542984565026
0.510567679774747	0.365443709666942
0.659929324133943	0.528606871522023
-0.419902465193407	0.19662484689262
-0.277310253995264	0.10232075480673
-0.243458280289973	0.167867338406367
-0.108548780932154	0.0488242278245436
-0.460006177296392	0.158950901041709
0.0235171852210209	0.0114995852626582
0.829343931734527	0.609875883675901
-0.53725325918313	0.274414526838439
-0.896593234250703	0.555728618963738
0.0950812430721548	0.0314138833687324
-0.713699648025158	0.413719989678365
-0.261945791975087	0.100407687474333
-1.13923849506937	0.848525275378367
-0.431479337353418	0.20331595957862
-0.374678088103562	0.243533544119929
-0.523272489130798	0.333515604516312
-0.712169599700277	0.412586654502519
-1.29947634475096	0.688731007015168
0.231568610894126	0.122280369400211
-0.712717327141834	0.401228311381101
0.512466031345676	0.350449484815341
-0.62239090458449	0.419389802487357
0.024932946646935	0.0114588444429643
0.651297729161944	0.4270317071523
0.804581535048646	0.409303654623907
-0.0995245829895121	0.034333792702441
-0.506814633227596	0.288844475953619
0.131739347584242	0.0664839076664212
-0.765578203517001	0.502712025123883
-0.668331216860139	0.320505589551387
-0.529819432497714	0.336363210832213
-0.171240645892663	0.0864086754930014
-0.285536894806075	0.128244207412204
0.112493876383867	0.056598833520797
0.0251011650365345	0.0117888900861788
0.556020522503905	0.203856071909752
-0.603190513445405	0.325742097607275
0.148529638848107	0.0645287556485714
0.703765282336239	0.301592403321849
-0.284346177877805	0.125686246697652
1.24627330732614	0.870919782824262
-1.76976593710608	0.797058809714974
-0.421455844074553	0.172377870253187
0.428132666072039	0.20516225583527
0.546043123068839	0.197498691732207
1.06456529081153	0.618363154687279
0.694494214317204	0.393072722215123
-0.422737806555014	0.165984685537528
-2.69248485132487	1.85794917303902
1.27917281124684	0.849593206171235
0.247859983475774	0.121373280658725
-0.430185336943086	0.224160252993201
-1.42694041568498	0.789278631680913
0.462643543808247	0.255003740436295
-0.595681902951094	0.369219224132712
0.647353640756962	0.529138981950399
0.929334953336892	0.629786905851539
-0.50956234102382	0.331494041691402
-0.0770487480501972	0.0374235802067994
0.600205102333475	0.351695345023585
0.138404679597245	0.0659718302135033
0.639723134025308	0.587586190525991
0.863056742666274	0.78154126439544
-0.557620358089642	0.245501513903441
0.184700737258887	0.114092180629657
-1.44986056622108	1.04468497369759
-4.19727241340838	2.00146101623971
-0.269093047111066	0.101294136308163
-0.0587811913991661	0.0279096702021758
0.113521478726683	0.057310130035428
-0.904900221518132	0.488909311651531
1.54840437174891	0.947869416556969
0.881536274737957	0.546801451538391
2.09438754109922	1.46385473686887
0.145201721250012	0.0632070860795303
0.862141046220475	0.479359365954887
1.23698753420208	0.858928161674342
1.54774509191043	0.958719799502148
2.37503661877818	2.65127933552486
-1.07336765963707	0.358272920144905
-0.520711507856926	0.302304586604363
-0.44538452339381	0.154460657274915
0.0178883471147905	0.00736555457832843
-0.934231478359002	0.410044143132877
-0.413201952908712	0.170155709233873
-0.289170162205705	0.127688951399276
-0.400207295407575	0.189429033699276
-0.298115135405978	0.130812534504078
-0.694052275023863	0.393354232546064
0.111233642737081	0.0528441532590151
-0.0848541030868877	0.0389825897103126
-0.0635427797990153	0.0317115436383056
-1.27765383370157	0.85401822402787
-0.327765044758553	0.213646268180386
-0.0709334380261659	0.0332835746826995
-0.109586912843997	0.0719923548569831
-0.80122179680226	0.826498535640366
0.573054450780213	0.385739669644499
-0.214354615937436	0.138092850101316
0.201424512065723	0.115795419835788
0.180460593261982	0.118268781510213
-0.515279632573678	0.436351425059931
0.442679338078219	0.247998726862117
0.0192837000564203	0.00971799342341016
0.2162959747477	0.120935291921225
1.21715644803034	1.0133249945677
-0.16610484730893	0.113810513963257
-0.708918031286225	0.398630890755176
-0.3978956173293	0.292229435449891
-0.71231185026702	0.504352656483221
-0.282357605749441	0.125215959737037
-0.503498673775288	0.291527266944728
-0.0757203161073449	0.0412288993027199
0.241299375319523	0.15390735448559
1.57566937301478	1.42522627264515
0.466476841404356	0.35134636493936
0.0242893657695805	0.0112735114293167
0.938390429310734	0.63836056099312
0.450506506755431	0.353529408927729
0.862717491153521	0.721237380254492
-0.50898297584856	0.25774935829648
0.892135822182963	0.539040041057534
0.309911671289505	0.108427464973387
0.0306440251985022	0.0155346275716374
0.969472993269282	0.43118418252477
0.147107167286017	0.0800476332731477
-1.29688974043264	0.685619653634494
-0.408229371549433	0.26732161579435
0.811265042737601	0.584913091062105
1.2134557434438	0.974220213037135
0.812365697213814	0.596348893570959
1.25916284035554	1.01393762222886
-0.373034507014741	0.237297183953583
-0.644148532397114	0.574483770371829
0.580573769991629	0.4714375126689
-1.44936953896338	1.85417825837719
-1.12287997829505	0.800772758014702
0.487641979850686	0.383625223068005
-0.980262732103174	1.368773483143
0.904238068102653	0.98248991363113
-0.0701503686002179	0.033569002727714
0.366342839347907	0.267244911617408
0.2637722963083	0.117236265018603
-0.522066512375682	0.347501756074783
-0.125604019292995	0.0715528843009961
-1.60709958014164	1.29377055858857
-1.14779777017344	0.870598816568221
0.0435795736750913	0.0229007174384243
-0.818774208930854	0.491595919540683
-0.823211320836693	0.867919240914022
-0.310994467331978	0.158874585150551
-0.523050350091264	0.335714220701356
0.11084170688969	0.0430912576919478
-0.261842210583802	0.145344987415283
-0.104069783062298	0.0448574366271767
-0.723316886704683	0.424610976721292
-0.454177963700552	0.315043643667545
-1.70691941546547	1.12679485599073
-0.270611733130911	0.118412107716385
0.577550251907366	0.396577563805844
0.136737849107658	0.0835747086901774
-0.000274356854744863	0.00020464109372196
-0.31769939999587	0.161902308357248
-0.148656702949483	0.0858994855517885
-0.164065998269133	0.0850406685743865
0.407891669061415	0.261361181219649
-0.556542501304965	0.478973010224712
0.0327185752338332	0.0146652949558073
1.13979399516616	1.20599174440388
-0.168471024962178	0.0874097065309191
1.24208122408615	0.979695439450427
-1.62440648744682	0.6769470558374
-0.767447833377441	0.50432691378713
-0.512607916668893	0.319400339352364
1.06880557139612	0.696158523340801
1.30161820494004	1.32043243888116
0.421245739626728	0.261001698674282
-0.396600446875166	0.191757966410691
0.751043224389299	0.678917607326828
-0.161357658843233	0.0824959485812733
-1.64396713053509	1.61238886923643
-0.261641692214348	0.143249820115694
-0.382779254415031	0.319545584805728
0.0181484528406822	0.00983172102463373
-0.298730946064912	0.219880537337802
-1.20248410078991	0.778159354227667
-0.35958387458814	0.249203663579724
0.0687523257393207	0.0403170278155053
-1.51358921020267	1.29671903400881
-0.213431247380286	0.144061177605674
-1.69053842481713	2.02814522000304
-0.26135090218921	0.142847057091113
-0.0886909689077894	0.05014671640748
0.852193917040678	0.671292806282783
0.311315225890762	0.18663026746578
-0.0693144698583197	0.0402783183991579
-0.506857071088375	0.295406724259254
-0.604108215562084	0.361220111039003
-0.513799988299718	0.266277232328824
0.409667896326263	0.289006696980789
-0.51092729821679	0.336257942365573
-0.0614817825972502	0.0334074953422485
-0.355820844237322	0.242576586644257
-0.634886664492202	0.644174798696849
-0.375758200781059	0.257197799011582
0.117332508805448	0.0591417090004647
0.0267566580978855	0.0149129583944574
0.811923787369646	0.590581068506927
0.782690823930136	0.533422409339243
-0.749458742516154	0.55474298235267
0.421075540419259	0.196141145083843
-0.614953758137077	0.337087324812186
-0.080752232721456	0.0403206073870311
0.0129566728932789	0.00604511105020597
-1.40580170771388	0.788115685809167
-1.3505779783196	0.95312576597191
0.0235975440715543	0.0110773991230586
0.285693141778804	0.130995598526402
0.0193728548391287	0.00776832693859473
0.123250327120043	0.0599087032599176
-1.63017162795423	0.667907108281049
-1.20872752467096	0.934683179426348
-0.902026594631918	0.664832207610227
-0.031935417166242	0.0173044610335011
0.694778243327663	0.384619342967366
0.00565378921119312	0.00338606300176079
1.24890264087057	0.992473918680562
-0.618684630867193	0.33567160744781
0.12032014592003	0.0471031939711508
-1.86556723785889	1.27350531609022
-2.41118592664626	2.23182767887979
-1.34509797156421	0.928060611274242
-0.674836029515351	0.324020397426357
-2.12578647842736	1.12802144175964
-1.1276972130787	0.809013924988489
-0.451847744257311	0.2786412855892
-0.426705268850932	0.224162294147416
-0.0564589452374124	0.0268459385353161
-0.118316323659699	0.0533951491971873
-0.083725644686636	0.0395064556763611
0.121243778334987	0.066425176669248
-0.560348247516195	0.247867550623074
1.43235299812758	1.12866240331347
-1.57468312948588	1.23198222645981
-0.0535040745087637	0.02866633626878
-0.418139937148896	0.191964671162857
-0.999038771966683	0.555096375487442
-1.34018520509317	1.13748839201982
-0.538866938556268	0.378530466614165
-0.471178128680493	0.316271801686842
-1.08413593224107	1.1983709833674
-0.224169601796434	0.155262932817472
-0.0619053076810487	0.0309208666980992
-0.285044254890243	0.203589049021857
-1.4091883441982	1.1802743616917
0.733145200379974	0.600829213062593
-0.586421937443565	0.540390422155172
0.332324191480213	0.221138251144806
0.267007295538597	0.184255656008867
1.36611367735902	1.22617917274966
0.81135569967625	0.58598820637989
1.08495449771431	0.819136870966108
-1.18504733245185	0.754977592840015
-1.61612217536236	0.684247297535747
0.468953143063645	0.269240370135052
-0.0974217988619168	0.0599779799743783
0.139512420916194	0.0711941971965944
-0.180987125667038	0.109054780963004
-0.277831747758185	0.104291461937041
-0.147869619487507	0.0800180936491826
-0.143458013779143	0.0761748395811193
-1.80541251763321	1.55717950530084
0.70770410203907	0.681404981501536
-0.310043280805614	0.161074791186469
0.740220554971702	0.447944765108704
-0.997153233998903	0.658870433840015
-0.308179539226192	0.182042738267523
-0.543141948556493	0.242799414883072
-1.3036314446574	0.688597926343071
-1.0977201146443	0.667991716513499
0.148244824243254	0.0744944555100937
-0.243636282099391	0.140769636173662
0.468953143063645	0.269240370135052
-1.24154134101655	0.987282509879144
-0.1028043426964	0.0356847130076247
-0.794433412887455	0.465543750798616
-0.305135897482137	0.157667983928991
0.13882905676468	0.07509477279876
-0.931729673887288	0.693889942400646
-1.46721607921038	1.27582232235962
-0.493803704081356	0.281932920537146
0.130257139553621	0.0673176095193104
-0.674137296463335	0.434197403334004
-0.43478676697866	0.230029371711874
-0.629363760818824	0.412469914575638
-0.176325782736881	0.121925298635897
-0.318276679633743	0.192133352167904
0.200013986917472	0.123309262897748
-0.405726771862856	0.197724411552256
-0.079576690810083	0.0377961025779518
-0.490044984657602	0.27384001585103
0.454437440579972	0.25613725064764
1.1047289524795	0.932964750558031
0.00378551907008351	0.00232176562305868
-0.139348327962261	0.076780966529356
-0.519654478571447	0.306425029423711
-0.724451186760344	0.415369966734879
-0.658749658072938	0.56328103189388
-0.0261535635458826	0.0150663528070028
-0.886142019796962	0.565478408919054
-0.354138489247741	0.238468766135775
-0.732195451974715	0.590896566637058
0.338242251470227	0.186434337864734
-0.283369143265999	0.158056918347324
-0.656437489375765	0.545082159507938
-0.154252653277773	0.0753600284324649
-1.33938548215532	1.32303601829888
-1.61379893115983	0.988500518637179
-0.795030991277163	0.398940749195892
-0.246592989488898	0.128482773364216
-1.05299771159177	0.795395534436946
-0.414309093465545	0.303658837798086
-0.817251169610779	0.661102672557541
-0.0786503925405547	0.0389893617690649
-1.32948813091083	0.70090180702817
-0.597026431324226	0.362174369788697
-0.67977086990114	0.434856968932696
-0.466466111583328	0.296396023112562
1.10713585684595	0.851184290245229
0.0705416838946806	0.0239470310967847
0.427842076740955	0.344902667644743
-0.342674995394166	0.203577643340415
0.40691040672969	0.25134837913668
-0.213909780096778	0.102337555625802
-1.19092221155939	0.783072429573844
-0.267129220374548	0.141434669990306
-0.737466478667706	0.57269123902129
0.427729443965371	0.259146851544837
-0.001917682126828	0.000438008225464939
-0.262046367516209	0.144607451448144
-0.40555094108384	0.169970187283906
-0.255381139783734	0.099323478232979
-0.013005766302665	0.0052025180803704
-0.594719307428166	0.390507612519591
-0.415293260081987	0.227611000616347
0.123134454389198	0.0659372821280168
-1.65940756989841	1.3610267268057
-0.913049888972271	0.497137462067646
-0.509127051445669	0.252204075815924
-0.510448850609485	0.263040681586932
-0.332076210363388	0.234162820322721
-0.402490012887734	0.220101073079155
-0.0379211167052895	0.0206935277959216
1.33073771979257	1.6253221466089
-0.974391925856596	0.673657717971301
1.24344286694374	1.41906796215979
0.0158310443598339	0.00662575215519626
0.577916658147659	0.498812234288344
0.298660266430157	0.180356128716662
-0.151656680269554	0.0888793612902037
0.946469478435012	0.650094051837778
-0.325752343644891	0.167037373626875
0.508340528568211	0.361868858849004
-0.13293049099904	0.0753760239869418
1.09026983586141	0.824621751999011
-0.186848545138526	0.0927079917573143
-0.438750840928402	0.344617797053662
-1.3554389674739	0.952468198940476
-0.424835981706742	0.173790331789046
-0.846568152236827	0.60879016593329
-0.711156769632034	0.635834409481876
-0.685644367848448	0.595690007550361
-2.4630342837154	3.13433353817723
-0.771129247459545	0.690890508181227
-0.234221881511641	0.18285096928244
-0.333151394391192	0.199438376817742
0.0842386366918719	0.050274878437205
-1.10978175306029	1.0090620639293
-0.644859596583388	0.450045719862467
-0.350447771963962	0.264408376469991
0.407566658033341	0.200049304832606
-0.577739213463531	0.407578089477011
-0.0393231737423484	0.0199444356294899
-0.0651972563319849	0.0313897612193217
-1.48751234920549	1.32427188257846
0.869633714583167	0.790017207473155
-0.918805543612585	0.885598430249098
-0.66138226905933	0.463915519649555
-0.420800466970498	0.295015319767851
-0.0880906713356204	0.0471388415513122
-0.211301829547081	0.140125763582141
-0.211013679683423	0.133918745808231
-0.208853478046795	0.101165157933602
-1.24105665046498	0.924827204212584
-0.433954375214681	0.266233549222047
-0.322895903855829	0.165701053265318
0.444773019705459	0.326141244042028
-0.843772526362422	0.602061246272371
0.647311468630914	0.426608287102723
-0.78614610257882	0.391452256841188
0.116623647481708	0.0640930387257103
0.00187984949042588	0.00131563411009058
-0.601231476427668	0.404820624234064
-0.719821137681438	0.425161279975702
-1.06636334708582	0.50259261153832
-0.518775556827067	0.269144722282699
-0.906049929114494	0.577338722433776
-1.38292059666709	0.939580108725579
0.0111443296250344	0.00614341071609586
-0.484989904780571	0.275570490469114
-1.36731610286708	0.93548828911014
0.135156805021258	0.064589238268142
-0.389584158901027	0.278233176967018
-0.632860049259147	0.36607670477829
0.611082101785975	0.449342382630663
-0.0814535366678259	0.0398515848309871
0.194114488827077	0.114713792444422
-0.0788458468704114	0.0429387128607272
-0.342893829010807	0.174135258567512
-0.504714945392913	0.25815333141518
-0.398423994943935	0.288388734398174
-0.637880236694377	0.333115877351702
-1.86232698888768	1.24940744754538
-0.95582649602085	0.834403329259505
-0.776023322683137	0.518127396018979
-0.141975365975614	0.0826180690497488
-1.20777104405479	0.885466387131919
-0.647542952340975	0.45207210839474
-0.558307241808479	0.40486572680848
0.364386572038334	0.275367444191659
-2.09859243230924	1.63873018858272
-0.0694986413887367	0.0345054907328788
0.767908867527163	0.502351344346985
0.296565395822311	0.215884054168174
0.0545934488131841	0.0269926539597975
0.334044413453291	0.224578101452275
-0.151224761953915	0.0610242298820284
-0.583692800280326	0.389574493769393
-0.679165765539018	0.476495742447902
-1.27916289068237	1.03308505918102
0.613887481921875	0.299287196644758
-0.500699143838297	0.286838134054479
-0.349810880465008	0.237539501207809
-0.195099492551242	0.154714952910414
-0.753980723555445	0.579095369275546
-0.747555764619063	0.612773266784888
-0.259552557809332	0.138876611123289
-2.67432151117564	1.83320146018538
-0.215099746485744	0.166903130383348
-3.67542911223521	1.5080288603743
-0.465500507617327	0.322683520526851
-0.607807225631817	0.361786280217371
0.295282225566059	0.185268237067908
0.111986829694829	0.0651244360646115
-0.794782480839833	0.408265407976597
-1.35125385167418	0.940397676778631
-0.888198445542946	0.542859599850103
-0.9104214962169	0.59921827328471
-1.57780671670961	1.21616935593703
-1.77673414825966	0.778419581893798
0.613415636702133	0.359405727518829
-0.652306118067505	0.40426584977578
-0.785404181963846	0.467599675883534
-0.434150058237797	0.309086378659993
-0.736619962477476	0.482225557182793
0.325671610476966	0.223624816289962
-0.221672282813702	0.13654323625973
-0.66810397292518	0.311571825020928
0.351935575082662	0.189677287558413
0.125401022828304	0.0846804380831486
-0.258203271444699	0.138052083608584
0.534746471044502	0.28160713433993
0.128920557252082	0.0551638197568555
-4.30780082349972	2.09029521121432
-1.53626282703187	0.912891277737551
0.323378542583042	0.175264679858732
-0.103863669825907	0.0349575246198965
-0.10895066969792	0.0473901279199995
1.21221155282796	0.994901674252233
-1.36301493240364	0.936907202756344
-0.371129119833974	0.216025295540615
1.25932193840713	0.924605305804835
0.279057714685204	0.125843221228588
-0.907123989945725	0.570601278912766
-0.272512313234764	0.103929699522872
-0.901130975731107	0.491223734957457
-0.400367606378969	0.19057651803908
-0.912336674344172	0.488428546097101
-1.28810247494672	0.480815408735924
-0.922610310203956	0.399594305610632
0.257397851060569	0.126240814110107
-0.296629180465312	0.132602724921261
-0.677839045461301	0.323184052733512
-0.40978339369898	0.222475894442434
-0.149725109249154	0.0603824080834935
0.0400452064954227	0.0198442757972857
1.0193348188648	0.523811827988957
-0.163571686626997	0.0810723521013207
-0.79530658549483	0.410210359538457
0.700479102543562	0.377194719892357
-1.294627776271	0.676197380180931
0.310048229404572	0.107675937141875
-2.0133820660872	1.0190722163489
-0.779198448539922	0.392904176651445
-0.416273670105736	0.19676948177161
0.857629109316733	0.490128339629046
-2.02719864727494	1.03240987520502
-1.30719792497867	0.699800508310131
-0.34578153099281	0.197488321502521
0.124765779543003	0.0715357847870131
-0.780484677331054	0.396849305417834
-0.309552316243604	0.1567507285213
0.612018727926234	0.371828081707145
-0.904752145824222	0.492985048121638
0.0207279830362723	0.00966796418392818
-0.247891491958237	0.0781066270572334
-0.618222335584561	0.230312298635126
1.09490635958706	0.86467698950154
0.246605510760624	0.128696927879317
-0.910299991494831	0.703219662507566
0.290020537844266	0.114629252347755
1.27385497441238	0.910320269143404
0.587647605651211	0.334884594818145
0.273685811286133	0.132258372001633
0.619150734084317	0.36574444497052
0.0905037230512896	0.0307816146695287
0.427096696792919	0.300435068900151
0.965294214391758	0.445553741962159
-0.755442855212589	0.496656744373627
-0.365055731193566	0.213051361763458
0.0217881590119381	0.0109848954248405
-0.00866613782552489	0.00301691943602524
-0.606896646657935	0.486880455747709
-0.915792675498708	0.671744901666839
-0.415093205541883	0.253385570416914
-1.08068736496745	0.505178620349436
-1.27230457245251	1.35407004933401
-1.38668377622807	1.22461754967879
-1.25979621052409	0.845367779079268
-1.0710072243553	0.893701146017665
-0.762342193915588	0.56675149196674
-1.2259948503651	1.39971640552639
-0.378196188072359	0.246562323781129
-0.872228912004056	0.546965285206009
-0.844481564485682	0.978433321734398
-1.01975477766966	1.06826113828906
0.0301975555724264	0.020143030304877
-0.862351205094366	0.764134999017272
-0.0360113875275502	0.0223810870171488
-0.548931956788111	0.412132584714539
-1.59367258257155	1.31006135877521
-1.7345860758039	1.75593951338913
-0.733886872824238	0.702652163716506
-0.843263342097025	0.685582543528166
-0.197555918314954	0.165340440126223
-0.896873796241029	0.644304451108127
0.596409502121985	0.540130633108401
-0.0940094699274491	0.0650161958259856
-2.84774207906066	3.36907803295157
-0.345950558584977	0.304059824577491
-0.0277339497668367	0.0188731082497828
-0.112274789831379	0.0803853990210578
0.0149233441168207	0.0102718439146151
-0.658750497991381	0.689088124263178
-1.09230701960551	1.10030737262197
-0.135911326654447	0.0868615337384465
-0.295911362012911	0.216730985315056
0.276686581535262	0.126490136742444
-0.225099821172182	0.141479159926195
-0.908842868462816	0.676032933369267
0.348591043926746	0.221397879162417
-0.527182802172521	0.261783469651905
-0.919914078200328	0.674421903292274
0.398018073148764	0.241782063744044
-1.3249088748911	1.08203294169058
-0.140026401269999	0.0756276253846305
-0.0939570254678608	0.0426478105368505
-0.760380125951845	0.537669925808189
0.495266193484143	0.346319654157228
-2.26174080889959	1.22313441033826
0.163546846851874	0.110863386988846
0.649397928519106	0.490574912068841
-1.08818305804243	1.34823978195241
-0.461068505601536	0.331465613021199
0.0180728262616798	0.00961657015880657
-2.31443387193279	2.04637096563786
0.270800274395851	0.186472694918799
0.936781298906713	0.708053065387742
-1.57586038638895	1.24452643457483
-3.96732633573776	1.75429576439307
-0.221020059712707	0.125200395018315
0.0201646342783955	0.00836988064699558
-0.125707952254386	0.0786133259432266
-0.160413454553953	0.0863065157266264
-0.936708852909486	0.415615695452334
0.00447826818130716	0.00209002684475683
-0.368196910102649	0.246930417215176
-1.32876500995306	1.32244038657993
-0.280401068332252	0.118341958800865
-1.29523916142403	1.39724577925301
-0.153290010833685	0.0831583517176987
0.46508335568694	0.266898761713161
0.223586387801811	0.121641057509532
-0.380878718352035	0.242028315907444
-0.0973042738159515	0.0458777007170207
0.480495519647705	0.381574749552084
-0.533116207093129	0.352403941818987
-0.344213179187976	0.194473453622244
-0.0378805571585674	0.0206652327937399
-0.316874403961152	0.165252594215024
-0.0275744771983626	0.0169430432230459
-0.480649730795065	0.330657284465499
-0.233595583719138	0.144249136314291
0.0114556836972282	0.00651489363529604
-0.103054533025739	0.075413281744753
-2.414787448134	1.45022928468238
-0.521084761133488	0.334581402683262
-0.813370235444324	0.778088082175955
-0.168715740193618	0.0853258672604539
-0.574194327674496	0.347755471351513
-0.458197683603896	0.278412448253227
-0.461854188566538	0.331576893452732
-0.508992990780004	0.689814827256959
-0.469786967919766	0.379120067828393
-1.05322851914371	1.14753198089058
-1.53244264401965	2.95559875716991
-0.592080504784465	0.541559932016128
-0.884496640587916	0.572337018979859
-1.01368483106639	1.09533291277023
-1.03236166738914	1.43246357460587
-0.728520749996809	0.713802022177899
-1.31519436539708	1.18325180390103
-1.64893750241646	2.05972039729049
-0.73387128855974	0.734666870970004
-2.07537089502061	3.49286838503968
-0.373226132778194	0.287994323376437
-1.81454014920949	2.370436669181
-0.00209676444831097	0.000885233422736661
0.537877381018875	0.290597484891995
-0.708161532544914	0.409156196909034
-0.386751997070264	0.342218097711962
-0.0728687596830874	0.0418301996777867
0.379471537283455	0.240320122683774
-0.0630959376914296	0.0394058716095399
-1.52916011362616	1.64204678055888
-1.07269114479356	1.20846710522681
-0.689446515192417	0.323100007841747
-0.582506853471381	0.467228930215191
-1.59504737644694	3.88131722519481
-1.83662210489932	4.29580116582555
-1.81861630987077	4.12310896095373
-1.0699999100623	1.58798038167728
-0.647716032625161	0.885247472162493
-0.896874802123729	1.14475791565417
-2.36736114545008	4.96180746534391
-0.567529128854978	0.468385599476658
-0.693913030691923	0.837786622835636
-0.331888514360042	0.298717218886148
-1.16576605208527	1.70916973921401
-0.458456963355653	0.504647216703767
0.290907129614115	0.209775361119151
-0.325855204313262	0.252932322400183
-1.41833966797585	1.8160542479506
-0.346571276633542	0.195790493137854
-1.20048374536131	1.02270874582146
-0.204995070490535	0.129168511370824
-0.596562355000239	0.409916570930662
-0.57626073054846	0.478066596652603
-1.10729951187356	1.24540335985951
-0.883143221022597	0.738173105212452
-0.616303751403782	0.546046579496739
-1.0793297181897	1.02517922848819
-0.224900961180259	0.13232541903057
-0.156392654379928	0.0759012669106695
-1.35737210871546	0.959899874616085
-0.669688256994117	0.482526869314091
-0.200401162450078	0.148858442430038
-2.22626604746162	1.92520319958091
-1.51134496499995	1.8481843457652
-0.104523685912049	0.0631792532511788
1.47783796371206	1.65537715421838
-0.235505684613842	0.137399509422583
-1.89129866262077	1.72756360905866
-0.432165481908152	0.262407203249856
-0.310551652349329	0.24992967728444
-0.11564717851495	0.0511327885277335
0.242704903109328	0.130878413958897
0.0303191808989187	0.0145586505804076
-0.240140057041266	0.142613169273737
-0.265896289149764	0.115561286777076
-0.605630610165077	0.361044744191048
-0.207296915763093	0.0973791866814243
-1.07653561651872	0.483952961077574
0.0737031944096099	0.043386585117775
0.451634195164391	0.24672666745809
-1.06072402946711	0.764140000522458
-1.50702074880065	1.15657363371342
-0.328918257193259	0.16325822507159
-0.638710743210389	0.241514946941206
-0.143813937551785	0.0822625338215619
-0.58872932797264	0.401100031575083
-0.898740854006568	0.658612605869925
-0.575777493400416	0.404399254393284
-0.0752650393505866	0.0461678579655158
-0.248916482403565	0.11214351268609
0.250487740294465	0.120078734891825
0.360238222582587	0.301575190839507
-1.32074338480302	1.43090195105769
-0.542725719870783	0.461689641909321
-0.758316554946338	0.786068252872168
-0.128583660866844	0.073854322180398
-1.90220664493695	0.912937429674023
-0.341447475903797	0.22896968050376
-0.837087273117272	0.750833061305359
0.66701669792702	0.435392056162436
-2.35059047488084	1.34670561657297
-0.11792397740169	0.0527262372290458
-0.628476354684053	0.705273779672828
-2.90545523457391	2.08998895322513
-0.876172821250728	0.800671325246706
-1.15587764256627	1.1472001950253
-0.879303327158298	0.768587777762888
-1.07021680014071	0.73438295564729
-0.332431841673245	0.189880383016139
-0.880489743979223	0.73068410456489
-0.18608698363939	0.11164114662968
-4.21495131067357	2.01556624155906
-0.447242503539013	0.264883325067247
-1.18345761934987	1.02393639159498
-0.696798706366355	0.380147008094846
-0.590893976160495	0.404873762502043
-0.807460515681138	0.508133367509433
-0.370769722596307	0.337019668260624
-0.300614092969027	0.231065836311059
-0.642663707426065	0.348130950726669
-0.263735322605731	0.146720094148047
0.0452923522998766	0.0284075047579258
-0.355281473784853	0.199534845642079
-1.45426691969399	1.76820883209003
-0.207261000291115	0.152787328609477
0.37279241692945	0.279118944107033
-1.3660485759856	1.38877725115574
-1.17523858175677	0.718009510775325
-0.507743545469987	0.417262381524097
-1.04346467011017	0.846017679989459
-1.11359022087154	1.18195939641759
-1.0033594800102	0.925415720257581
-1.36795953435498	1.52456241639609
-0.785915220133915	0.803501190539911
-0.206282693143071	0.125476834330438
-0.248270030124034	0.172081722750447
-1.30238805822771	1.94113570392126
-0.470043481665915	0.31716331174645
0.0726008956425736	0.0430567804662934
-1.41552423191146	1.23839571481787
-0.716419674580372	0.573612691664468
0.520190540760628	0.27627849203926
-1.05769381093839	0.750430092715705
0.0295398435706376	0.0156489814532429
-4.99513504084503	3.11100793123492
0.137160541054858	0.0755799899632225
-0.268966473920194	0.145919200758469
-0.728372833742729	0.692458344786548
0.195518833128635	0.131683796906335
-0.107325705738992	0.0662767367091302
-1.36356584904407	1.12224998032569
-1.20190299302989	0.89635760101346
-0.195827214279995	0.119440598281654
0.213118590779743	0.121833616975523
-1.18065629347316	0.743731483978105
-0.0671778516939121	0.0390219471575133
-0.982134421701322	0.796442914670535
-0.856451764699143	0.622630683599423
-1.65723522424086	1.60260595198564
-0.947604478334414	0.609497335432569
-1.19083179293875	0.755647779081995
0.122183256306778	0.0616665560250839
-0.141080333550478	0.0828694837033327
-0.318247185763115	0.159674852824552
-0.520095404069599	0.26062607936151
-0.88267154462164	0.474679473086855
-3.42566072891641	3.33626798255843
-0.020089308763569	0.00777060964581412
0.777223585379286	0.518309076502685
-0.4115540286313	0.17281809487281
0.124900226940552	0.047857168722771
-1.59726085336879	0.960266115364001
1.51721865142709	1.04391715644306
-0.701968318998316	0.454918824218359
-2.13604458503749	1.14908642235234
-1.07433753222606	0.355844441385825
-0.57890223139549	0.3438829681041
-0.460202264073754	0.275302226612835
-1.26037859711315	0.818070040594094
-1.27425715075771	0.866648811239339
-0.236516139800868	0.0742890111474493
-1.95945016301754	1.46393247976191
-1.44062098075982	1.08300259032015
-2.99371392620777	2.34199320214374
0.331697650770564	0.177782377816215
0.598505350333379	0.296403118138321
-0.476393416661358	0.284467409745123
-0.38193099387228	0.247922995115982
-1.54698743858052	1.95755720761511
-1.31987380468939	0.686256509762394
1.07960690573153	0.985264162820105
-2.13604458503749	1.14908642235234
-0.301856390855684	0.18229537872593
0.204614514377278	0.11631501205112
-0.215675468557865	0.102359620617448
-2.22138285041816	2.43828840995433
-0.164154588353319	0.0839797542651072
-0.474944177202254	0.329421646994756
-1.39039652885507	1.5782349086078
-1.5556599480987	1.44824614288291
0.0299801430288422	0.0138422192209706
-1.17653886266456	0.756233100554212
-0.619851152257519	0.428724535609832
-0.537493312657189	0.388644984517621
0.261069185912182	0.129479127581985
-0.761032672403484	0.577920612218656
-0.793264022305704	0.935169352015846
-1.07621969847197	1.21030783165506
-0.607478969236475	0.373196544994946
-0.361127374915383	0.251932984306772
-1.55563407236085	1.8077825835237
0.608533870967987	0.445625929981821
0.515753109370498	0.377327767839225
-0.161716655298353	0.0994250524377149
-0.625181979552146	0.464980072783282
-0.786249762204915	0.630596700012251
0.156658934338285	0.0669462380675567
-0.511848234943154	0.261347236971511
-1.57332265867939	1.7375793647146
-0.713853619996774	0.737558024814909
-0.598656209499073	0.714443180359377
0.455189025855921	0.358160252436186
-1.25697448063289	1.38381844353595
-0.146169163340486	0.0916029897675517
0.175242539283146	0.124354269088015
-0.186419217988462	0.14210201904631
-0.860252070776155	1.13024078859042
-0.877655345045791	1.03453539499896
-0.833394707345398	0.71708317912909
-0.62978880736523	0.603662811726356
-0.00988578024587936	0.00485405686428862
-0.728580859728402	0.549107656832181
-0.677824671133595	0.583839042462553
-0.244983108248415	0.148067945580505
0.1199425442959	0.0652148267908486
0.724051426152153	0.585679442037974
0.584502540346254	0.40041933223168
0.937911322408619	0.693647690447189
-0.727825274028335	0.646517466790423
-0.543297538224786	0.416225358747403
-0.119375170408211	0.0768595366918585
-0.827923866016898	0.64467328422811
-0.215363626366336	0.10384837268457
-0.272430403686529	0.142441364792872
-0.610253118769852	0.428958450888644
-0.513311492090977	0.469722551678008
-0.409967881155114	0.272248164230897
-0.889716895635145	0.729898574911214
0.570643882321355	0.385050072430131
0.199838126388837	0.112707973808194
-0.115801619256349	0.0728614784383877
0.934349657684846	0.877511655470581
-1.78580506584573	1.2306332602258
-0.290990203603353	0.127641340084734
0.0315280249759431	0.0144781909088538
0.334614671262355	0.226649629845592
-0.00424234064405617	0.00204700162985648
-0.0297014571611912	0.0113489499475163
-0.63660044531218	0.232760219242627
-0.625643252211322	0.325420566712044
-0.64106597984682	0.238862903819999
0.244877749576905	0.132197044995518
-1.10236637100434	0.673542704770734
-0.82953326191702	0.613220251553662
-0.604898086197917	0.383438104648287
-1.4260318887247	0.81292805945505
0.135034562726238	0.0601796299935165
0.372289165819544	0.181720275024417
0.370218055518923	0.243525662314718
-0.529378602566688	0.38295527818875
-0.0171848632081973	0.00621171249558214
-0.393418088865463	0.253265789367787
0.0171826389770452	0.00962616928021604
-0.525069547523219	0.336000570128175
-0.211802764447078	0.141144201361417
0.169315138427379	0.108860722730948
0.126707139439319	0.0750627739445034
-1.49839127791279	0.833256557956463
-0.06707891113723	0.0340506613318128
-1.09495724655992	1.27162966020973
-0.872779554916139	0.777627337427809
-0.362204464439767	0.298710746657476
-1.09517289640091	1.13931077412965
0.11850896490829	0.0760860061323963
-0.899660436028038	0.701501388107447
-0.144238101033364	0.0891814373410387
-0.629837202385366	0.606625277356723
-1.13426789603853	1.44157523183504
-0.406471254234461	0.219740173211676
-1.34850436403633	1.13811334590316
-1.59542651333734	1.73023721984829
-1.49629426180797	1.75720217315231
-0.46293687297024	0.382696362703576
-0.127174558620273	0.0887585377784871
-1.18983299028898	1.15284996520687
-0.535652202057421	0.591961114620813
0.713814572808534	0.552936203697239
-0.622390418307297	0.62715199457631
-0.648770740827719	0.535129114189132
0.126437032313154	0.0729853602426772
-0.218673451529429	0.12430230451565
-0.641213361486879	0.57228192659892
-1.07789937823218	0.879532135938934
-0.778854222800883	0.75185265395722
-1.07556842564702	0.491068123644625
0.371097285267003	0.263730443112166
-0.361933615285554	0.27868060899775
-2.52606120838737	4.31704435258271
-0.467749849755076	0.495625917547402
-1.54089622343926	1.72406988122928
-0.810391012799228	1.10339475369768
-1.69163515159824	2.56878942390244
-1.60427422595473	1.77257968181645
-1.30723209247356	2.26213478631072
-1.106501329022	1.51352390692229
-0.17947224458166	0.16179765155571
0.0133531855964626	0.00841006447538423
0.0640294760310064	0.0459950583910165
-0.803113485249019	0.611467026090203
-0.129567588672241	0.0727325548204021
-1.81017642003553	2.5721024457905
-1.54808530928625	1.18729174207392
-0.0580903494672704	0.0400275751709563
-1.38725565191983	1.3461439202212
-0.655760992706274	0.461823607974294
-1.19607321173136	0.735195323340222
-0.235231550343045	0.134859483640181
-0.267166763633999	0.181688110347285
-1.48049561524083	1.33822323836417
-0.792510976237803	0.397095733017186
-1.05183319532559	0.838317233430913
-1.66888150536761	1.95026279547911
-0.454344980946415	0.272200789188125
0.346777867792464	0.230729803843906
-0.406598625723156	0.256357682797976
-1.05537983615996	1.02873056518946
0.0377862154467967	0.0206657743488897
-0.811530352715335	0.810647919561311
-0.368616412335225	0.254048135589154
-0.452319815616722	0.339684072688951
-0.0725329004902772	0.0424274808618227
-0.514006795029664	0.336443587224367
-1.28796071647787	1.04110501819602
-0.0762599835238853	0.0441422960961887
-0.817740567850834	0.505562008097721
-0.0476393382212829	0.0258808987759933
-0.276694480054861	0.122727451451856
-0.374350349963587	0.249951060891257
-1.19477166269151	0.579435130212024
-0.503031466867607	0.316699504710619
-0.900388803159419	0.489297506041731
-1.10401147249612	0.625707740298569
-0.662491180187444	0.457897917171809
-1.18208260381186	1.0126840369389
-0.816597453630965	0.703210475710056
-0.487146158366262	0.34711925272361
0.0741426221221278	0.0501457209053547
0.229430884213286	0.153117738937603
-0.450614295408675	0.300156771011566
-1.25057700384105	1.28358597401962
-0.324973463672216	0.212956898675856
-0.638849281955346	0.732456949723939
-0.0831942398919771	0.0607726582030529
-1.54292429076365	1.94018128095229
-0.199906000690477	0.118553463743447
0.351940559773069	0.195087647149617
-1.68148078457859	1.72192087755787
-0.426129202367946	0.308523960668867
-1.25509942287676	2.20584832493044
-0.17404793993991	0.11455049611109
-0.835549343629807	0.912273925833942
-1.42725874321001	1.79853091538491
-0.517815433401821	0.44262534785072
-2.2239959474074	2.38847121222437
-0.59647679100922	0.342226871675118
-1.06257860738523	1.24656096545463
-0.957909037429184	1.07392853470304
-1.67147877121216	1.73614876819804
-0.920869611443619	0.678015359755844
-0.562917815886063	0.504676493537883
-1.27243345101485	1.89382302596346
-1.63992829069806	2.27363904257784
-0.299823085928288	0.218148883230129
-0.502953124762473	0.523896308740504
-0.0949402169481385	0.0653871451029468
-0.480459660770691	0.353788446063523
0.0774814370071414	0.0440621160069812
-0.243484316574969	0.165356656169834
0.429681136988057	0.320408350885927
-0.357312827998508	0.240228009735603
-0.0763566183957486	0.0510991549471637
-0.312303287512768	0.248704546745358
-0.747675489920791	0.727709393012066
-0.498987434774394	0.475125241199848
-1.67946105723745	1.95214404765124
-0.934602307868051	0.883001172038171
-0.756427095800241	1.18423900021033
-1.4340207209033	1.8491662587643
-1.20731356671426	1.98645153374526
-0.47668017138782	0.498394348316145
-1.2140951247685	1.71111056177306
-0.592261536049508	0.730045011651391
-1.17538307543382	1.42752336240531
-1.872863882284	4.02013371509879
-1.08935358283294	1.18549461692183
0.0102145451662787	0.00669482047508827
-0.701474010463768	0.508247686705049
-0.238102489959702	0.140055036924388
-0.535204933443862	0.512855891064445
-1.06592736184156	0.779479526584346
0.0403435379280638	0.0250784737852894
-0.562699445127003	0.387359465291206
-0.365546202215758	0.269034163884916
0.565515007634417	0.435243432654569
-0.877841137388265	1.06815136195506
-0.268808523040249	0.167167131509788
-0.88659676199691	0.725216156512053
-0.90837435643396	0.744115992119947
-1.71059823023171	1.10074788964977
-0.59963271938543	0.483011782054681
0.337803189978678	0.218835308652556
-1.43652570860904	0.801851456093685
-0.595244764574105	0.492102060755834
-0.947926674242698	1.04893774170779
-0.58247159886598	0.496288209370287
-1.00583420548076	0.779130215501212
-1.51192713195055	2.19954738321477
-0.753197891058765	0.748032475259348
-1.33176942056768	1.10131072322648
-0.511087385802985	0.484352758311963
-0.170132277108321	0.110534023386456
-0.516887256055116	0.398827828509738
0.327465315052842	0.222489181496054
-0.983970272607277	0.550156875232859
-0.55287658901633	0.349243836053657
-1.43100802563035	0.809002748635935
-0.895773699651016	0.49282474797642
-0.671230204114487	0.48794140096349
-2.60007774619448	1.69081337576771
-1.64058183932549	1.59983052671478
-1.24539423871776	1.32905204685815
-0.429204197985625	0.236730871615388
0.302617058992869	0.184616396856668
-0.214980411409393	0.132271009295363
-0.268550624338701	0.220107360370016
-1.11401856961659	0.858283093113977
-0.300568986814842	0.237450827391987
-1.57588533579043	1.5387048031968
-0.00687565386062737	0.00385169020570402
-0.820991571142133	0.479304135953429
-1.92144218756435	1.78433840572453
-1.00915567092215	1.41770416451225
-0.238958804756184	0.157611532428655
-0.973638162697403	0.932355119667438
0.121737690701698	0.067047998109184
-1.1272034507408	1.31462336022165
-0.623597763409998	0.427609291244965
-0.580308897318498	0.501731855809419
-0.935401162364472	0.869411162632996
-1.0445375954502	1.17348763645648
0.132450849024518	0.073183900541259
-0.906064077102844	0.932723022321217
-0.957762581017555	0.951729943841627
-1.41401920049142	1.92677160549337
0.231080576321786	0.149928157411751
-0.144781595378401	0.0888953608239151
-0.53465909039479	0.493039189539009
-0.545858535112612	0.392579903494843
0.178175338970316	0.104821913326432
0.0207299087206958	0.011308384825286
-0.140105073582612	0.0860755652702332
0.394187843200238	0.199784949490695
0.295666281141035	0.23737785554297
0.974160555966979	0.703963358211208
-0.772485716783052	0.736503739529105
-2.06867480974838	3.11214985732125
-0.432653181620448	0.326570231026212
-1.84873410023063	3.10718824423301
-1.17058238278453	1.49063492606698
-1.74963461864267	2.9682847783734
-0.68218344882733	0.643941536926425
-1.60205984289618	3.14325559748955
-0.565553236792577	0.689618122988013
-0.621995337515942	0.720716514334133
-1.07648816154289	1.41626367159392
-0.965148703384397	1.17706007527038
-1.22741957583046	1.83756951415333
-0.341551489112905	0.269453568786931
-1.53633481944219	1.85157699957253
0.246419027869042	0.149474468821668
-0.883217515506543	0.656617264128217
-0.516084349118319	0.464418611286966
-0.0708530365024524	0.0336282284966073
0.300255993282886	0.170100278504958
1.04119148972227	1.28390740199605
-0.674057732804457	0.492459759480198
-0.173087453265594	0.0854943542640833
-0.813878125699321	0.631216852101769
-1.10901845858241	0.944150737954019
0.0636715919393208	0.0371862438980936
-0.948986953669912	0.797254104649136
-1.13507771524421	0.837983083251583
-1.47360763733505	1.29721503865929
-0.751448874271557	0.610298899030237
-0.528613400508608	0.272719718160524
-1.33514700566309	0.932964693925448
-0.912076127623017	0.745280112165257
-0.785371030781249	0.604991148988341
-0.720538570814192	0.424482183110892
-0.888706015765362	0.863014083892102
-1.13942220148378	1.2360700283456
-2.38865961861363	2.15256584701685
-1.50516541203169	1.37739023669191
-1.38723914266237	1.19961500290217
0.227605485380792	0.119936565206244
0.444723820877662	0.307293060867768
-1.19714273696906	0.847576698115334
-1.76329297311947	1.50890056361257
-3.84092264271008	1.60119698294023
-1.36579849015176	1.53537156644966
0.475261926346508	0.308592340436162
1.18299730198784	1.45117881733
-0.775472139056064	0.38921885809334
-1.35326572924974	0.963921068534438
-1.21374767520708	1.22840524926119
-0.214158929232566	0.127859510715112
-0.454361335994626	0.416079422280034
-0.0541457710292999	0.0296789475434013
-0.729813077680641	0.643205044418268
0.661605677347603	0.442237154101372
-0.756577018534936	0.62464505915223
-0.385137898935255	0.178943297506509
-1.79110120805493	1.1939688320332
0.194619411418141	0.105461759041918
0.14874185171382	0.0663463539736565
-0.629068242953939	0.412775453193906
-0.905617167796799	0.573324917603455
-1.00364273837741	0.583577676597554
-0.588207317296332	0.395951583316755
0.256114024389016	0.132960548212364
-0.994282454595237	0.958255309176391
-1.72333789906456	1.06780424101739
-0.11358773900755	0.05025814351058
1.08798141948025	0.712219265971501
-0.973868605254989	0.66025518573557
-0.0694163384145852	0.0395359930831043
-0.215393223661729	0.102910733597848
-0.982900327815965	0.782821502463661
0.0523713070296141	0.0285167973054349
0.317877885516576	0.190346266890031
0.330248693027816	0.193815093429812
-1.38532924548218	0.916595725129775
-0.226774589406957	0.130182883554335
-0.289171771944675	0.206416685198504
-0.391247438471966	0.254487779988096
-0.702898987201252	0.565474514970895
-1.01915031960535	0.915576952152265
-1.79814877469409	1.25076352217658
-1.83666533802141	1.69919039071209
-0.749895763242291	0.61193780072351
-0.188134020893262	0.14156639056545
-0.466152219070374	0.382171988716719
-0.927664203338988	0.938308042212848
0.0591472675056199	0.0388696536724191
-1.27670396087549	1.13104069069083
-1.75854261492789	1.88440735358453
0.0448244113408616	0.0276932192648427
-0.40716851017824	0.342510642908696
0.582356125975945	0.407507131652368
-0.995726211398185	0.765457126838135
-0.661775977350441	0.505708660287834
-1.08331156677833	0.637413746932058
-0.787257516702328	0.384802960677995
-0.673382250638352	0.323949443945117
-0.16663879128163	0.0800847374811206
-0.0734531526989968	0.0350636706111739
0.0198306798743678	0.00937936409478334
0.233596103727836	0.12735396694307
-0.575206442838549	0.366030693727193
-3.12462708763007	2.57752184732192
-0.430002138458475	0.259354884082697
-1.50448076839693	1.13205298528046
-4.23403367128573	1.89215547931792
-2.02917148037978	1.48147920261459
-0.12876540633066	0.0693621598149911
-1.42037963624119	0.786508903976712
-2.14789553672368	1.66898145844487
-0.638568729592929	0.346684845803691
-0.639358001612898	0.433520885435936
-1.52607647449734	1.63546206973149
-1.36197604217667	1.1339648622255
-1.00507820348194	0.658719058592297
-0.727332966191467	0.428852611850115
-0.801588756410535	0.503092837517213
-0.607510036286169	0.331882912338831
0.303098856796929	0.107070060176321
-1.27768681851216	0.831608338308347
-0.619081968393635	0.230505007909717
-0.675910601228152	0.528622565279917
-2.75964807786531	2.00459337603196
-1.09708378236662	0.651065075285584
-0.0742486123808868	0.0350378493351907
0.131535182650291	0.0506607689032718
-0.443762025422259	0.204635860617808
-0.0736036888068132	0.0373737770331251
0.0465145101469246	0.0208878157063206
-0.205176667789865	0.155133546432814
-1.16687180182624	0.741095962322038
-0.226304452848772	0.106687295130615
-0.431922779038457	0.204651542562425
-0.142046739540036	0.0767712929106797
-0.322350831520154	0.166013776054269
-0.808387504676977	0.618587452694503
-0.836205098842311	0.59468529832029
-1.12851950946346	0.960106829333426
-0.414926441875746	0.17318787890448
-0.536918720336807	0.237963205921076
-0.396040315125691	0.186026356135235
-0.213727858964087	0.132592651219192
0.121596648855159	0.0476891340936906
-0.725845799212647	0.421904348721113
0.246977145987246	0.119994808223046
-0.758662969737846	0.566885478783881
-0.673336900535786	0.461540923158722
-0.901042699752341	0.667611070612341
-1.41609944445447	1.18672597896731
-1.2738730189359	1.07648068581083
-0.594645143593217	0.397505951818802
0.394582184253902	0.204612754895813
0.0147649815407735	0.0100839484618378
-0.206741086440078	0.0940545537012159
-0.43841023848862	0.270751253350882
-0.336982801804618	0.198311751210168
-0.901438331809094	0.584598926540152
-0.497946243507781	0.314191891092093
-1.42408485195245	1.01789955774678
-1.73202783871327	1.88014595399573
-0.379068868231506	0.255155806349776
-0.45351279272746	0.367996542704848
-1.15962170161767	1.22025845199768
-0.762381922049951	0.52839012899055
-1.20352763739917	1.04031065472959
0.137927449676671	0.09590577338656
-0.692289265116014	0.548275341084023
0.120428933592216	0.0507335848631121
-0.294308132452382	0.168816881601263
0.434843165299186	0.306058655352673
-0.536081739259139	0.273916958874656
-0.712655860410615	0.412754851777993
1.06746224198594	0.862711399078612
0.0987122379418402	0.0564567310002988
0.388379042161196	0.199431326081416
0.784495129236285	0.528543375876803
-0.260301965568469	0.100204155463336
0.787137388844997	0.529667833162456
-0.610992560344562	0.327757114426528
-1.32666653444937	1.09827260914508
-0.167573165982803	0.0827734270040958
-0.529564488647176	0.262343028980235
-1.41975197381453	0.797641907673213
-0.889569740949207	0.545637789462329
-1.77266534576809	0.802391823723131
-2.35182900698658	1.37052505038141
-1.06942461822529	0.505111703072862
-1.31344841417458	1.02627872071506
-1.26539029505005	1.01398549496689
-2.13195001484718	1.1282264236735
0.604480024345859	0.30190355490672
-1.09613774927625	0.6526244358138
-2.34036770659973	1.36367819479252
-0.689533595608356	0.316383153052196
-2.42864449184288	1.46980805888804
-0.416855665828618	0.170648740022183
-1.43647980297269	1.02439336260783
-0.788513657245247	0.317798036559819
-0.18141678955964	0.10455904794743
-0.235217762595551	0.133400751731241
-1.9166851375561	1.82795049112137
-0.432771308319564	0.365756518081512
-0.988531415745901	0.5598983981209
-0.106330279029907	0.0475428998479255
-0.730060124793018	0.551039267391647
-0.927242206167148	0.570210990583993
-0.781976485824532	0.515349767573213
-0.330498162070363	0.168579651789491
-1.59632107131598	0.976477995460086
-1.58780064946089	1.26113138539545
-0.221182795531281	0.097824004311087
-1.28606086016588	1.06155131639033
-0.407139418848546	0.193621074728728
-0.655850753789454	0.290735913718886
-1.06238437919912	0.476257834294135
-0.409482394096912	0.187114736938416
-1.13224904840608	0.857844830196703
-1.53482971849558	1.11025556151948
-1.14418577989277	1.10752990261033
-0.827527353854447	0.560139889489385
-0.793245850285291	0.621200150223151
-0.744828108255266	0.55972217735278
-1.20700365145347	0.751222264460777
-0.438939225700419	0.319295498076284
0.572632207438618	0.400086521718475
-1.83233642313175	1.60226761250022
-1.72066429477327	1.4474154155428
-0.851568679044242	0.614165626709384
-1.12658471580034	0.81404659346998
-1.73197319453948	1.463987510407
-0.966856943848043	0.639773240866103
0.173913770292443	0.109289323400747
-1.40272718556929	1.22659510767855
-0.235746681639127	0.164089151745818
-1.4585250758042	1.59749057016998
-0.600057450248736	0.413824528996903
-1.11434871870718	0.928446908772491
-0.0944566487970527	0.0418535055249028
-0.284564654455112	0.170127251393013
-1.01242382755861	0.652036875096967
-1.05590867846143	0.756917792172037
0.0150095239794653	0.00709312777148511
0.419029374148664	0.28384909626582
-1.06125363811287	0.851599805619337
-0.651888829290608	0.458651199481298
-0.498655668777251	0.28521490784029
0.138158659659914	0.0898042114939267
0.384516658401577	0.24363363667095
-0.895439462074972	0.574238600679618
-2.09169190472267	1.64583478740973
0.427188065402793	0.195147015534086
-0.638710743210389	0.241514946941206
0.656691012895319	0.340359654347603
-1.19173157978581	0.901724970269576
-1.92436259536683	1.38240780871682
-1.61404785401922	0.981717254465642
-1.08243529149616	0.355402310100994
-0.934388301302983	0.397622941085235
-1.18590943407164	0.569497916431995
0.0208445420282794	0.0095659136074888
-0.925210685934305	0.394185213051064
-0.781966482325763	0.39075295095133
-1.50995127252686	0.883656601712747
-1.46240297023694	1.23446987818403
-0.341284751092953	0.189476513847771
-0.53592376555113	0.230700889661932
-0.882593307860833	0.556009961623569
-0.784654195734466	0.390317239407375
-0.23300397676239	0.15800832906962
-0.568603240614622	0.411693867970903
-0.283834705194424	0.186754863828238
-1.45199350383542	1.04079621827583
-0.209516634668476	0.116763922276289
-0.399231278403942	0.185458657139491
-1.08788178069154	0.652787997277471
0.152258279932528	0.0728675876170119
-2.45333515366039	1.43399366472134
-0.0138534399870779	0.0055084600693299
-4.20949089386662	2.02694769444339
-1.36353478341506	0.901324382433678
-0.917388025601648	0.695304601568425
-0.532439376234812	0.385387871174473
-0.941774944346356	0.995179306230697
-0.835705454261434	0.592051140323887
-0.489669691298395	0.31173837954886
-0.176984608352776	0.114020926009284
-1.37680503730701	1.41835448302404
-1.49646452178194	1.31152251244349
-0.0056402399414726	0.00275406540372503
-0.712837156660949	0.40933064376129
-0.295737185535971	0.188924904472291
-1.30445768160598	1.06027537013868
-0.994612009416587	0.791075690507886
-0.348822434816586	0.202184096439383
-1.13902946669562	0.966034365106393
-0.424236499513466	0.228387035868772
-0.204286727441606	0.0990412404837941
-1.72916136855675	1.80544142034219
-0.901357757014745	0.672911049948783
-0.0624167248513444	0.0318495922540438
-0.546127198462074	0.301715340890111
-0.0607060125642708	0.0328859030181855
-4.32721134635512	2.11843861007074
-0.805153395606146	0.32132344680045
1.29877103466838	0.767286631878612
-0.566858456282833	0.322331931747203
-0.531546055052798	0.267838256074766
-0.67142888358001	0.426724858998187
-0.0125440419539965	0.00499945060345702
-0.813032029461358	0.496471985173771
-0.168210294367635	0.0858536336683286
-0.0700378380485388	0.0326741745034657
-1.42965407556023	0.737079978110777
0.130132634221763	0.0554418450997429
-1.3036314446574	0.688597926343071
-0.417959711331658	0.203302694235616
0.602666741550575	0.296979933581189
0.269639923729078	0.134494200889808
-0.8912534393761	0.453608073076457
-1.70505770492694	1.11824795898823
-0.00642167780859741	0.00202425821370793
-1.08333805956296	0.659645720874781
-0.110515608807734	0.0497064991167651
-0.270503347625376	0.120305152097183
-0.874731415871163	0.715449900964878
-0.616717535036841	0.340746296609927
-0.399567500079017	0.192977442149962
-2.67861031944502	1.84802565210575
0.0966285434988694	0.0518831374031012
-0.921237156714503	0.69863405580875
-0.0999607316335543	0.0444838958932505
-0.99017187446907	0.787367145582364
-1.12489210315333	0.787796980013951
-0.621041731045896	0.343696581149913
-1.11494106712741	0.788838397989386
0.183241200490777	0.107927416969893
-0.70978691752185	0.461296880350993
-0.68077723454279	0.432792545319968
-1.47210470817515	1.38751132742202
-1.35912508591331	0.927217621158875
-0.518690302596453	0.310440295989773
-1.03670971247889	0.721137620966017
-1.22375878555661	0.976935178129255
-0.439309454112161	0.33016601668875
-0.0984811675770866	0.034665733051443
-0.650457589329698	0.54942604480525
-1.64353061861383	1.60316868562404
-0.557938040650575	0.445455033785199
-1.20926898217039	0.934890386091647
-0.86349189193355	0.610436539149342
-0.234193199468503	0.162591933370885
-0.499715810654604	0.398041581771979
-0.171536994279801	0.113935780231726
-1.95459232143167	2.58052245803982
-0.231196824876483	0.166467713050895
-1.04461297663255	0.653740953649701
-0.821410724481071	0.668140522285844
-0.696691193955783	0.42872627560375
-0.438316076110767	0.270544511700405
0.568812890527459	0.381660318987342
-0.149929655336176	0.0755312939416268
0.642134983552482	0.517152602527259
-0.42015920261813	0.226632539944001
-1.27208245939324	0.814020487138818
-0.668570984844142	0.325446211545486
0.168695492297789	0.0984605293816958
-0.280908397214448	0.125781764191512
-0.504137127473143	0.292274940546668
-1.18847817695606	0.581690042045287
-0.090957121149108	0.0316300551212227
0.465661842509913	0.259699238546897
-2.34297608767324	1.3970889620377
-1.35523668982197	0.945930575043543
-0.977482099388293	0.646859025973113
-1.19253746594513	0.59875846578535
-0.434025541722839	0.269311554727148
-3.09758000874198	1.09367827811836
0.921323163022437	0.63218104234921
-1.07878223304615	0.507241191246331
-0.403611193014406	0.196082044596618
-0.0853235414033001	0.0297096867296714
-0.0960500939715307	0.0453173068715376
-0.520854278995402	0.266978505663005
0.0504416228437315	0.025121237860869
-0.424965142856556	0.230399655846003
0.217170977024545	0.11139522862234
-0.294956509748424	0.131071509577193
-0.713752737929465	0.416025952512836
-0.401554204802814	0.216450631692129
-0.435182282765897	0.234959579232605
-2.23967816536303	1.25745496381393
-0.507504452771482	0.296175139454764
-0.885849856949987	0.469383827322642
-2.95157922471515	2.25964236767889
0.27082396865634	0.132338882823895
-1.39757933654397	0.731015928840023
-0.14066771213549	0.0756187581220531
-0.419050984562263	0.171622766049871
-0.0640777781905761	0.0310676424410745
0.00531621487909208	0.00309351873628775
-1.93632134324169	2.37339864728538
0.341500096909904	0.218942556051399
-0.525456306739093	0.360259480913922
0.209136586551177	0.148342557730597
-0.801362260843365	0.371365507287293
-1.21404121072769	0.951793997835602
-0.0624304268827031	0.0370585701482353
-0.501738478055498	0.286403918772833
-1.07528136846788	0.637366984485157
-0.419823175378183	0.227802534247617
-0.173468360070985	0.0721160226150069
-0.275071128751916	0.148919064403924
0.612433989905169	0.291112758387468
0.108930175793445	0.0625110454307242
-0.438778102084434	0.27211778364667
-0.54440324648608	0.229376171658391
-0.636836714680159	0.239257943512023
-0.8910146274206	0.564515869872731
-0.606924659276859	0.323164523738709
-0.28586482078877	0.12753670247137
-0.518539582146297	0.302501510487178
0.125505023665905	0.0546455314015689
-0.162315589201684	0.0873716519262264
-0.430242543734283	0.199702909841409
-1.06573373344796	0.7533612780842
-0.662115977668009	0.310911088853232
-1.11782677536316	0.81809921691611
-2.01884200177839	0.97496716217042
-2.53829338880581	1.6143337916774
0.265004616955666	0.164432516311242
-1.25034055428909	0.803134317335237
-0.414195779751507	0.320169871479248
-0.941096739778225	0.411331387280734
-0.526262545477202	0.272976149261629
-0.781395902399668	0.318556184991201
-0.806205186047776	0.408697360736888
0.50701959064161	0.259969611147314
-0.420673535455865	0.203700416295045
-0.413279128283566	0.172068204677113
-0.260771242325509	0.100357884316154
-0.796987382248607	0.318632960731145
-0.532706555043701	0.307820001563165
-1.13611752173773	0.840651134200062
0.658107922631952	0.510392041942155
0.0439213968087103	0.0233487815214553
0.289425600453618	0.201014956371505
1.07832648092485	0.949987093772762
-0.166332921478296	0.0678605259304021
-0.118119727165006	0.0712285545994866
-0.549601016455579	0.246844218663588
-0.807537613144003	0.494259312810732
-0.789776596201899	0.406108050268974
0.123628847577823	0.0476028392303947
-0.396864663590445	0.211281866482917
0.267812412730942	0.133749596174273
0.0338129565285248	0.0163468054785188
0.128279871813569	0.0650595844563911
-0.165477971097496	0.0695255787010038
-0.545948176252156	0.239593272248819
-0.425704194661246	0.173163499500256
-2.82800405415571	0.916370270350291
0.257209416322631	0.137687813171787
-0.652740138093484	0.286805067046401
-0.914155086681752	0.453411895815777
-1.4189236760709	0.808165303497476
-0.401910476829167	0.214345930592418
-1.75431747916233	1.49551745248173
-1.00302293491174	0.551628043083302
-2.25501737364792	1.24698387942459
0.117189364926941	0.0645559786103767
0.00584088949944453	0.00322118856856476
-0.520198600783133	0.423080158826428
-0.619023404936809	0.480683904691122
-0.875395264567394	0.932465124554407
0.329086403954627	0.257233845932634
1.09139199977401	0.837439835882159
-0.230350421362629	0.191277335860429
0.554570640571206	0.476244494003073
-0.152720578234995	0.0742788667781119
-0.64630155253976	0.3432248639787
0.0891036753148567	0.0543561816304772
-1.01964504043711	0.580165683197704
-0.407747422071152	0.199826351741601
-0.909206923777463	0.587255548762773
-0.62768223124078	0.23652030819473
1.07048853104474	0.673248162858271
-1.33675972059887	0.675886844513553
-0.675500078709857	0.475099585924874
-2.20638997338896	1.76258618959795
-0.52931850179527	0.374246930440249
-0.263793065040836	0.140280088221412
-0.565238113211948	0.397600794619878
-3.12804401534552	2.57668168311317
-1.10332892496286	0.668569991751972
-0.744832916378416	0.626668630997849
0.131230560514226	0.0726502178875155
-1.03937079468913	0.927142864454168
-0.228133162517359	0.139506300554216
-0.682004720809616	0.539071346410229
-1.62118389069422	0.697505577276637
-0.781677592971089	0.783461486834315
-1.27451537956895	1.14642437609453
-0.735107989008407	0.76490547124857
-1.06829747284747	0.998394015832192
0.0847241833123308	0.0548635651146561
-0.036877038596407	0.0229185509574995
-0.517690634583272	0.415285033169271
-0.692843097108708	0.329131578289551
-0.709627961558874	0.408572356186494
-0.252443255098998	0.134338892782329
-2.08391724654338	1.63617881878961
-0.517096540901901	0.273507736503572
-0.149843907793969	0.0618340889377079
-0.654478789833866	0.460787953589948
-0.315479472284226	0.160431424045312
-0.312237239018092	0.162841007016452
-1.18982290522595	0.591614375803467
-1.27948978848226	0.465867855603237
-0.421634914953812	0.229440369767153
-0.507423724291398	0.255826921800225
-1.45088455574113	1.29102849907514
-5.03430135155012	3.31117057423099
-0.78476004119735	0.401509847753215
-0.937910907416417	0.679038150178538
-1.49991913040043	1.17104739252351
-0.809959649717224	0.687671001699456
-0.930428633881149	0.923163707846212
-0.295046163699222	0.189310873273332
-0.679905553277713	0.492736582708661
-0.914859805345495	0.67111731586619
0.187663683482837	0.111268051517275
-1.49644792243472	1.37531162584869
-1.08721966018975	0.664731884979693
-0.0377576322293357	0.0188622689843894
-0.76679546522946	0.570737080152869
-0.650505359257635	0.438733226790814
-0.990028544560515	0.772422996476334
-0.287385392255933	0.182193612202662
-0.60909552550237	0.366649870560581
-1.18502622185197	1.16292178716356
-1.26889900568729	0.85305076974571
-0.149216426743605	0.0862341559851686
-0.490221118670155	0.275589586723529
-0.101860282322732	0.0348932246146098
-1.05300182505549	0.753594816625776
-0.402809808594685	0.163797420814054
-0.623423237809093	0.236821055679704
-1.62944664600263	0.670051147811143
0.124242902084365	0.0493104976197042
-0.406985242619632	0.165991542910718
-0.949659894446388	0.415247083642779
0.0965899639542422	0.0552756705447115
0.13339095101177	0.0690830083315266
-0.805534579487169	0.493979207467917
-2.13116565045623	1.47872728163762
-0.435667719766144	0.265957296163268
-1.09150518051927	0.454715300578533
-2.24753069391077	1.22326846795141
-0.352882230075171	0.203518041277238
-1.30159339964098	0.697442110999837
-0.511784485285174	0.326112423617048
0.524763800325092	0.262654783686007
0.01545560592623	0.00636659794605981
-0.043327675936027	0.0213966907458006
-1.07974191216989	0.607189743653744
-0.269423830232799	0.185739761936315
-3.10075820893695	1.06347774708302
-0.536644904154096	0.269692909838624
-1.3035071888401	0.686641489099897
-0.672106580666637	0.428596752481059
-2.12631749173566	1.13318489005262
-1.07811253779263	0.506944969951529
-1.12692585770991	1.20847077610377
0.0203444243880666	0.00953407138784278
-0.911715279951933	0.744517940613802
-0.428374844840745	0.269509390433315
-0.427614119944547	0.343059472451376
-0.87079515682269	0.543996881640827
-1.19748558391846	1.06570003394813
-0.0884715231314921	0.056598369184444
-0.331625219654998	0.216290541404063
-2.24077246684847	1.90016350603612
0.281003332151421	0.128984555672638
-0.99028576664906	0.662132292916592
-1.51634789967786	0.912170704510043
-0.671738779216613	0.315027629538502
-0.339233205836572	0.172882219541449
-0.71433374462346	0.418488774430847
-0.777136424034641	0.300382210636806
-0.667292757423471	0.31486191471911
-0.964728447865205	0.653289800077518
-1.32453923909405	0.704384924262416
-0.82551497062735	0.6014327096581
-0.795642183409563	0.408560176278077
0.285438294907124	0.179914931410362
-0.898027678920269	0.566727911357167
-1.26272357743445	1.03040714361461
-0.0556640482471108	0.0322371343872119
-0.498776448134963	0.277500069501956
-0.270453223088069	0.148534996934403
-0.506687024554703	0.325214085691223
-0.755352464501742	0.5464126357936
0.218783520377335	0.133016319542056
-0.492040629149792	0.336968557792309
-0.785352045300024	0.523148889927439
-1.80482480326746	1.52317239260194
-0.581220667996309	0.415886605053549
-1.19444693119243	0.899892805557845
-2.02678474897496	1.59534894550359
-0.385025791292075	0.308872736154134
0.112291055280566	0.063935710726287
-0.413288990492035	0.22613753976197
0.0308699998950018	0.0120444516451357
-0.275091956778357	0.179414318960356
0.139853640178764	0.0541151520740039
-1.08808888637558	0.656577303929871
-2.01810532457433	1.03028519362278
-0.915779240114009	0.477935872100097
-0.897099073367307	0.483056819802422
-0.751555467892387	0.626787286037938
-0.860421794733488	0.783655639100026
-0.602605285210006	0.456702014229822
-1.49139602308123	1.54540573314988
0.188564697410332	0.116765907104707
-0.675258132783072	0.54291600429643
-1.81442059349536	2.37445878609362
-1.78848840667454	1.55443282742549
-0.229217578276315	0.161990057392965
-1.1445234730524	0.996102493593214
0.909347830491722	0.569489216953086
-0.431510541493865	0.263509689105451
-0.423076332977255	0.224417347103236
-1.61379893115983	0.988500518637179
-0.595685199808281	0.302777886792039
-0.402740863193901	0.164506671186182
-1.01260485427141	0.634519008801506
-0.794412513973216	0.313311360366623
-0.153078440404977	0.0864586058979616
0.714815213568789	0.303217699611495
-1.40722954325708	1.42073230583337
1.23468424919687	1.02383851251032
-0.268846081554886	0.145966491173617
0.153761016885868	0.0944592100446827
-0.156128025320217	0.0798464662720645
-0.62051003288069	0.342861878859232
-0.917466022972612	0.47537340676283
-0.604435314910536	0.362450470157331
-0.511869383153789	0.332476687076369
-1.12811389910262	0.675525914221353
-1.48849620425091	1.08813887139238
-0.691020945233583	0.44290408099287
-2.23609015154227	1.26356265742447
-1.71459483106985	1.82039537701684
0.720947026881894	0.557139302058368
-0.619516076331219	0.338291729264836
-0.552427856008974	0.234427105178811
-0.6919042351573	0.446442522684993
-0.0846169404564521	0.0289603793445122
-0.228013794213195	0.145305547111645
-0.0523980564589198	0.0270958359195978
-0.598904388197329	0.317786125961598
-1.88589854521211	0.892115671911115
-0.939663561636804	0.414416118557944
-1.59549239302493	1.55211491832377
-0.246297691978475	0.160236179874819
-0.568709558466062	0.467674716925986
-1.42979908634867	1.04806274445944
-0.768200627481658	0.699259969920592
-0.116596734516849	0.0701626877598918
-0.252125046100235	0.178808425320869
-0.794624896383298	0.59373903310004
-0.827177892001212	0.57474981511062
-0.490119520768386	0.462140579824868
-0.150338391877712	0.0938568217718558
-0.564619646743533	0.499354061977184
-0.374351427474964	0.362189230808711
-0.791933784583566	0.642206515020371
0.532135672837594	0.555015095221105
-1.12936495346148	0.946850960281643
-0.378455144080434	0.319736234204446
-0.869254683182603	0.986043014224288
-1.32059944029414	1.79209026617552
-0.616758606523837	0.543497170916495
-0.91142231557501	0.479585939598485
-0.40649433076284	0.193318757017772
-2.08584269420763	1.64996791260113
-0.449768914990073	0.279000965979162
-0.890254626304469	0.568264649546701
-1.750759566989	1.79901736957385
-0.503371900243027	0.276608744397279
-0.664339850466147	0.560776947626749
0.584584651313476	0.343138561505622
-0.571509354902975	0.457022484715954
-1.07387170350933	0.513060355434227
-0.22251636041335	0.107970283717657
-0.788168422107367	0.314536299699368
0.241130200125675	0.114227584344137
-0.891617026809897	0.487238861442285
-0.733214236737138	0.427808834330903
-0.170579784503764	0.0900470802921396
-1.27542829016316	1.05236625004835
-0.314154709761863	0.199901527279212
-0.436205624277196	0.259372477509401
0.118807997732436	0.0604549817482485
-1.63926769152049	1.31002881316746
0.13080453624269	0.0724468528810853
-0.129605660738032	0.0699797944868513
-0.530476499466983	0.295486498845363
-0.207209613210707	0.118623029955825
-1.99650488835548	1.98116151709173
-0.62708139213109	0.474607118491018
-0.931160181388125	0.996800050288184
-0.825257241235688	0.594697766284981
-0.94794007775321	0.825741146985417
-0.382540147712624	0.251135385404049
-0.127462320813318	0.0674687206135144
-0.447671940431362	0.272369273223765
-1.12261213563933	0.823104439031339
-1.28905184876714	0.808822029259754
-1.01842560013773	0.932057860563931
1.1993321593316	1.04894189491762
-1.26423751732458	0.837828178217433
-0.689693571087546	0.495047620604962
-0.2874557388076	0.16375355290366
-0.634942937835604	0.343321653156163
-0.0611536409053966	0.0313044014852523
-0.196471061900163	0.124143424165321
-1.67176330316426	1.96882405970754
-0.680121153659425	0.473052036158521
-0.417850941542027	0.299064462600422
-0.300602539828962	0.18617600935317
0.219603778825028	0.162152092452147
-0.34682245897168	0.199798901475133
-0.307214162402924	0.189070607570268
-0.915316264286988	0.49997022218047
-0.785996295975594	0.766704467800919
-0.364306082491408	0.297345922286069
-2.02895600211657	1.50796741427587
-0.21581321443456	0.139015775602717
-0.500274278265883	0.344166437456922
-0.960641391063375	0.90470880092201
-0.656871522746565	0.470658886354964
-0.760199029651145	0.524633646459662
-0.470489000049365	0.327731120621516
-0.498941061544359	0.277159519815952
-0.660241167160483	0.411780362484554
-1.2790384384569	0.840503118579207
-0.32722372639872	0.165784565449714
-0.0754768078540677	0.0337583780319413
-0.546713415628963	0.402317048184296
-0.616291485402432	0.426409995849647
-1.86864897740644	1.29964500102671
0.513156361182834	0.31785063483871
-0.154918957982007	0.0630340481412144
-0.682795282006165	0.417692708077183
-1.62334312980644	0.688402034718325
0.469710079926897	0.313019305496905
0.613071472694716	0.297461302626486
0.357691809916337	0.194499412364259
-0.788847574080247	0.32002840494186
-1.10472838131197	0.65947759773863
0.751639356180981	0.452972941016844
0.547433978488664	0.417154455715364
0.232260364975801	0.122708869484711
-0.0614934135355335	0.0292643857760594
1.42233698530324	1.13081681066569
-0.657829903812325	0.312362885165785
0.237692211086244	0.128911292452827
-0.633813066482593	0.339327710630509
-1.07882805722914	0.637429998866338
-0.177884643483777	0.0728736979416646
-1.79106977088221	1.20964291138353
-0.168805764664191	0.0918516098246642
-1.01222951452356	0.898239573996319
0.34492330138046	0.186976809148456
-1.70830069670788	1.10217294043198
-0.520116865333769	0.302782298637884
-1.50941869296165	1.13766131223849
-0.160747042478378	0.0819992882224784
-0.123415582810159	0.0699116880508515
-0.66554091421356	0.456820428960024
-1.61914845023873	1.02358974612107
-0.912908176563528	0.455821416932412
-1.07156586638057	0.499188653997015
-1.1958837304979	0.885526287838724
-0.26239219412474	0.10141909087173
-0.389024166759422	0.248193603132499
-0.40773325255147	0.194371139620746
-1.12820020708534	0.836084125069798
-0.764124646250618	0.490259948653544
-0.226902463394157	0.133731269856674
0.26800849226459	0.184969962121853
-0.418918580432045	0.288983742814605
0.541259000756701	0.474958515794272
-0.0934451927899138	0.0318775482371927
-0.585983762240829	0.350152077284682
0.675369556682184	0.364903463652896
-2.60540360158569	1.68454658182296
-0.429222101361476	0.296412477651241
-0.350948492360313	0.255014589092361
-0.608737795521749	0.492399856249445
-0.910723868155475	0.694405662463597
-1.13966501380682	0.853902013824082
-0.776417405410192	0.309427116188473
-0.627021789533018	0.341735620140483
-2.74152720929637	1.9136052381644
-1.70810302968025	1.13123158729458
-1.19997132802718	0.601093116443326
-0.315713176870542	0.161021534474403
-0.365787108081152	0.242767187922667
-0.41234400389013	0.228381192952298
-1.17310698773543	0.732628771967087
-0.83352972030124	0.598955418756278
-0.367158200279361	0.204724673866817
-2.42217009046918	2.17827673031787
-1.87262429267375	1.32200832565092
-0.544285828856741	0.246652064602564
-0.510649401488218	0.32996004500494
-0.402555728811806	0.179052813258101
-0.631894020059789	0.355781198238826
0.49398165804147	0.209797261016813
0.59849090453341	0.355690089877137
-0.60384355998126	0.317855670458756
-1.78783281305844	1.16813111751138
-2.35039736800602	1.34471541565594
-0.782842443026985	0.404587384420481
-0.770296911213324	0.383997131769997
-0.17925271233798	0.0903167284057403
-0.794641770033762	0.462842649216966
-1.60893554455987	1.00869095654487
-1.28931042920062	0.844530130958354
-0.290042286448682	0.126982007369774
0.352377306937457	0.192288574495827
-0.720190592628234	0.420125428592207
-1.64675566059336	1.65001728115792
-0.828720916158346	0.575882439024144
-1.33639956550066	1.06484704193792
-2.14770962302955	2.37271279243185
-1.3145124331981	1.2977755963929
-0.49955882845648	0.274740000693425
-0.578937631503429	0.450472801777502
-0.398218286421858	0.298402498235728
-1.87127617266846	1.30561860698499
-1.41818610781624	0.804888482708018
-0.891563599939399	0.478079692602551
-0.789030428302469	0.393319878997849
-0.881729884411785	0.475309350753086
1.39683710931711	1.20537798665585
0.701911103243788	0.379748329828854
-1.36421695155308	0.97286208374693
-0.678553281038832	0.524124586824958
-0.284723780125435	0.155045523722265
-0.168124218344757	0.0862079832148211
-1.34060964897223	1.83382756452783
-0.306304844144235	0.249201953354125
-0.130445173101871	0.0738862260177347
-0.673732812053378	0.432839166659084
-1.93832001562352	1.43014293907144
-1.87716316789406	1.35544460294871
-1.83073291203428	1.62230139045766
-1.51344000594225	1.1657065787514
-0.983594755807937	0.836805775835548
-0.969024880297619	0.93831530243412
-0.213941514302734	0.173234455435701
-0.792358440953847	0.661255781626359
-0.79892869651794	0.491689850653752
-1.49104804367441	1.14380485348202
-0.822463717851114	0.465528854867463
0.181220877541475	0.0939277629458928
-0.974677542212246	0.666733064090867
-0.896836312621009	0.577624108829703
-0.160138439175602	0.077440213928374
0.00810017342181018	0.0023276003548336
-0.29369445630678	0.12936540325891
1.51865845648486	1.02909401415181
-1.33743904188941	0.888394396988972
-0.533102757841288	0.278506791405598
-0.0691860298440823	0.0349494066278206
-1.09125624645825	0.660814963319281
-0.339458151265625	0.189745898525683
-0.910873028662977	0.590490378776136
-1.37619014985362	1.20000671784994
-1.75804950635288	0.794876124947177
-1.81945457710288	1.67260464143355
0.00564932286565018	0.002496778783719
-1.85323570978573	1.69810143783163
-0.604954911972968	0.33572064624833
-0.779605695555686	0.391338643084962
-0.688705805310955	0.486240709576698
-1.10511834267845	0.827662105375416
0.498174370066338	0.296206196921457
0.13237935873433	0.0643671223523197
0.489334715896726	0.325826831972588
0.0338508026457631	0.0156040891101794
-1.29194475470063	1.02329237290427
-1.42609507143007	0.952319400146731
-1.43290001247904	1.03771191614205
-2.00155239368119	1.52044890316476
-0.793587096508767	0.471312309275424
-0.682495659772268	0.450326094096522
-0.961828687387796	0.718336770583548
-0.404232356550151	0.19188822347212
-0.709110054868557	0.391061160394798
-1.01070959952556	0.57396106830102
-1.07426135859027	0.514036445706959
-1.89631582444402	0.902504616262603
-0.0547302160668209	0.027222198133179
-1.12274256107819	1.03862267058518
-1.20770259913725	0.60285830172918
-0.414507730829203	0.17243431477224
0.417821416216687	0.18804378722555
-3.5201037926835	1.34294434319126
-0.918240324750683	0.48262765398522
-0.293076226388727	0.132425298263961
-0.743628094782173	0.560086545782413
-0.239621257854918	0.112834918318136
-0.808531018880773	0.505321879695414
-1.9037177392253	1.81555262826417
0.0201616696448982	0.00954953361210078
-1.09366454501256	0.676173573281924
0.00644597342235782	0.00285846064757139
-1.32696136501464	1.15078443172296
-0.253607247672333	0.132738870212064
-1.34904718953308	1.1016543060493
-1.49310760605662	1.09825025707668
-1.40722864147417	1.84672033446879
-0.900646823801194	0.740636370232989
-0.222360343775918	0.140354128788715
-0.298736079363458	0.207512449058846
-2.33240676831784	1.36799970223727
-1.85213940389842	1.29883032216269
-1.04832041038907	0.719716601924288
-2.90573422952931	2.20106787879035
-1.01566126687822	0.559673465337273
-0.103315520019793	0.044852535649991
0.400063644655006	0.240630050220582
-0.356972448788571	0.208159260690803
0.138745044070013	0.0674238488272366
-0.612562996171611	0.468020637996659
-0.638350635654788	0.428276862765877
-1.76150361116991	0.795266266017858
-1.60859886106862	0.988512726157425
-0.932781348713469	0.396918469209626
-0.324522022714298	0.167559407006766
-2.52580060738322	1.628007818402
-0.153417847106866	0.0638304187137925
-1.33441622215732	0.677752542126817
0.776716006212145	0.506509875311411
-1.1872058434502	0.59044574362112
-1.33650527365056	0.93484474148562
-0.167284814772329	0.0687728067807277
-1.70008925586596	1.11840972639134
-2.22117174196448	1.19862003230875
-0.853630090189848	0.608400475208765
-0.800343107158818	0.401064990094707
-4.07785833770613	1.84852594760428
-4.41603979203398	2.29683869653053
-0.288920929267484	0.125518216295737
0.354194473064739	0.196380183680523
-0.0974732041794594	0.0343241224330076
-0.828457573079724	0.466683463722993
-0.25800191648187	0.136979144837509
-0.177757000135215	0.084538362757096
-1.30670540068207	0.68992712345804
-1.70913229875665	1.4411656475122
-1.68833335469803	1.40616156242838
-0.69420722584752	0.4556977602753
-0.492522733609815	0.277079606533046
-0.283093339146552	0.164655236897332
0.145848566883133	0.0704565500487633
-1.08291286322509	0.483428724721357
0.00998463142499641	0.00424082468858545
0.288915937801851	0.116516568507409
-1.63797688450979	0.980067489863836
-0.783698908156413	0.405414074732626
-1.07390451092355	0.359387288546195
-2.51085539015184	1.58402042499845
-2.14079183299594	1.11984627406022
-0.768247578781019	0.375425120760855
-0.29841517904097	0.134002810569074
-0.460716960570995	0.157529888043328
-1.52182144287341	0.902991225061809
-0.393154162336172	0.161358688008092
-0.692993726585346	0.490993785938706
-0.781871317630344	0.315739647626668
0.272321835962589	0.135375403034866
0.338155901067286	0.236262883470687
1.29587990304062	0.844435439981663
-0.092774257323079	0.0411684219149545
0.218323073609976	0.110163668945487
0.135972244484372	0.0741256828383595
-0.404444106954731	0.267515181444008
-0.443583379766788	0.153060525677545
-1.4811494753781	1.38465980731127
0.284944647303301	0.130725703732101
-1.27563654237831	1.05481782316935
-1.69989810770799	1.42221847621724
-1.11382047857138	0.972002100986148
-0.169647216405063	0.0910471585592198
-0.729187919497172	0.517639835666444
-0.605891007230213	0.395556882377048
-4.53385765884798	2.41090094101018
-0.894417424350378	0.579024008083054
0.0175928292076634	0.00448036146983496
-0.812955496319849	0.411339336958439
-2.0209145272534	1.03488294131283
-1.63048056145385	0.673566083463944
-1.89310433224127	0.908780025165508
-1.8710729610949	1.34941877871404
-1.3580190199516	0.950506494127567
-0.942129920157339	0.403669473295061
0.0168864897517388	0.00697025554593418
0.49610780941655	0.207504777292553
-0.503469272159894	0.290450679840138
-1.07390451092355	0.359387288546195
0.0338677411158405	0.015587283299758
-0.543912100205602	0.237762661421504
-0.660693527264128	0.305150106006412
-0.166686398779336	0.0824653561238782
-2.62578957001984	1.66681698379846
-1.44225232409145	0.744858612685377
-0.670439440329389	0.31632940894111
0.142208065902797	0.0542992971645835
-1.76964722665995	0.808319368985556
-1.60785759754544	0.996655640880905
-0.932009135566695	0.415216911847897
-0.539066272131155	0.230907080473958
-0.0855223251717931	0.0287765044073378
-0.558185576791391	0.251361482754818
-0.813386871868918	0.404121748388226
-0.160870425317813	0.0646242563895097
-1.61615759316982	0.679429578329431
-1.47703750749797	0.573679195372393
-1.8814268634916	1.29169307411283
-1.18421820752734	0.592984789741499
-1.09252850149141	0.657014926303782
-0.673314334433253	0.43861439571515
-0.941647035581056	0.441195949876267
0.0473425664681124	0.0247277644358041
0.0404514492995544	0.0212760456241695
-0.120549337815664	0.068945946452355
-0.805154722805825	0.498230538333983
-0.739822431384376	0.54567765683404
-0.508498363018326	0.281442247245385
-0.512190843859948	0.298419457029382
-2.12081160980884	2.64756374987925
-0.791566259266062	0.400699863629626
-0.951090601006782	0.755392278611253
-0.152972671959454	0.0649981967468578
-0.287667179875563	0.154966950326007
0.36859383043939	0.199875731947247
0.750943404538735	0.455991218735353
0.905600126575299	0.576793624158555
-1.51001826907192	0.894866293853183
-1.31840591207408	1.56617664859891
-0.577383729135519	0.503960535822728
-1.14598956771117	0.853916589649116
-0.474197325776508	0.325255852533915
-0.389647340260511	0.273345887743575
-0.716423308685243	0.416451642244225
-0.644747515553061	0.535074980027677
-2.63053410874584	3.72427066349541
-0.0842929488789429	0.0579913821866972
-0.789529807512283	0.558217171676669
-0.367804719345461	0.301990173839985
-0.509783807954631	0.462011433305506
-0.650517233606339	0.727779022540774
-0.441065603120929	0.361707485242371
-1.75505707882684	2.16935125586295
-0.0107912846100281	0.00654690046799273
-0.797374750148981	0.485359644390058
-1.41556223683676	1.25946753096431
-0.28174667979522	0.179572526817429
-0.0481269289422842	0.02415325780407
-2.90998052783523	2.21519157889164
-1.57586038638895	1.24452643457483
-0.101860282322732	0.0348932246146098
-0.428676968956918	0.239039615302436
-0.211410381197203	0.135781966417249
-0.0810810915291171	0.0410778268119805
-3.11891113954708	2.63858410955592
-1.61368429344537	1.55092184097276
0.643000352232371	0.516543100828324
-1.80301272047583	1.24540275595302
-0.334167606103226	0.234949005102214
0.143030692488889	0.0674157479423657
0.142502253578704	0.0537701222129793
0.298790311858521	0.167341537787803
-1.53173574915251	1.41822151193278
-0.551487936577758	0.246584046617195
-0.408827137377874	0.197553580662006
-4.30881515413593	2.14243673800648
-1.81490814587928	1.13405779025821
-0.989905407768707	0.551916073879546
-0.362235177699968	0.242425496727489
-1.61203083314833	1.00966212779634
-0.346929740270499	0.17733798565854
-0.370184200285596	0.250317854889922
-1.03164208761304	0.964752066875371
-1.06278836475751	0.756236981788008
0.389906516088479	0.203221561830512
-1.71021292733739	1.46468384506049
-1.83511581996656	1.89430724361676
-1.13672155350615	0.812751333443632
-1.531645456902	1.18084275524649
-1.87726177835605	1.27692900122337
-2.23532232722087	1.89339393634245
-0.969339167895706	0.649221300260604
-1.63380333723625	1.00447853546631
-0.452247387799142	0.27628230448557
-1.41365618766458	0.788098561300144
-0.505387267496482	0.259375924425263
-0.499788763871957	0.254352296362403
-0.580305658127378	0.461435470730902
-0.919037321820849	0.694591925416711
-1.70642775345836	1.0628273678036
-0.886036415558247	0.567649858604385
-0.530636986178242	0.266406097389785
-0.709697399734226	0.467813304031222
-2.34205651940336	1.36325468822578
-0.678713640906298	0.437803236308712
0.381236301237671	0.24984744414118
0.510262056088027	0.259013476555372
-1.29126570223549	1.0829189973161
-1.58248986643112	1.76792233136919
-0.431275960831442	0.339680842718882
-0.406711685842924	0.219581777999586
-0.297904254869144	0.192259965272599
0.657342690820562	0.612417828727628
0.617372556557966	0.361082539688932
-0.645775240567623	0.448975902663569
-0.591006172213203	0.408432404773262
-0.878775500362501	0.789953835725448
0.245356326051462	0.177153365191108
-0.690734004060687	0.524520154908168
-0.434948792640567	0.287373294422217
-0.605098528632874	0.649158368770027
-0.435005906873999	0.25942307538567
-0.522229706845801	0.334768610348316
-0.900189524457828	0.672032630232995
-1.88137335379657	1.31596582111515
-0.717410783095957	0.395878348323022
0.549080936685872	0.348641981859491
-0.254518250255501	0.0963031528358612
0.11786468536276	0.0606594349747237
-1.50603121083115	0.880678659428124
0.493664408466986	0.202422737791972
-0.229231444451727	0.111493903893613
-0.118388559734699	0.0524105076655543
-0.796598110446533	0.315807282333341
-0.54887839732202	0.40516339097411
-0.310110715384274	0.160131783207238
0.378451076295352	0.19286306249091
0.738918544547284	0.604247413277117
0.0362780184415781	0.0193888997904717
-1.17751057935682	0.574522249230338
-0.151642670091853	0.075776759296157
-0.101971757751148	0.0443393116654665
-0.454401896563474	0.270646245518596
-0.479462576695026	0.329658676333085
-0.804680454250552	0.486347413659314
-0.891737961055024	0.658052309979016
-1.0691094404454	0.631483148237594
-2.49772215047101	1.49754772304433
-0.720830116978627	0.528893583551924
-0.548813936039977	0.232383337733449
-1.51486059243136	0.867865426654499
-0.342845608131611	0.208552575956269
0.845184876767565	0.656797401887069
0.202033216585634	0.110327407180744
-0.392370184313354	0.185726080690425
0.127137447797409	0.0691847754627018
-0.423438641461426	0.166268359739082
-0.715122406808276	0.413463912508637
-0.682203137678765	0.546799673131804
-0.462689001401704	0.310378494276903
-1.080298360299	0.500714052487505
-0.515409496447261	0.265550670888701
0.022427413027964	0.0124367040863347
0.912639531138047	0.57294885283702
-0.0162546663370896	0.00627650714145379
0.222761327580523	0.125675633732002
-2.51886847592306	1.61624557722947
0.124084118205158	0.0640056557410336
-0.893544200545579	0.658444252322795
-0.368332883206548	0.212056765470049
-1.51280604896266	1.15133176887926
-2.44111231217536	1.48729523726087
-2.60395480430537	1.67622328462434
-0.537928434560862	0.372338520576244
-0.0630077427701485	0.0298828697390846
0.439314384196012	0.312907450336937
-0.696593280603921	0.503987879025892
-0.772540328078113	0.686852942632715
-0.448565861656403	0.27388932274797
-0.205923051359834	0.171767666652646
-0.538185512136223	0.341529753559101
-0.0835598351791944	0.058355998169667
0.38378623383158	0.195482629252878
0.480616532789462	0.318441838837433
-0.249693840570725	0.188863660508124
0.0402706328396603	0.0305503830596037
-0.531504648017442	0.292193300936086
0.352083751730131	0.190604326193931
-0.957397969645331	0.73013111713268
-1.89229534128663	0.91580294216214
-1.07819039896051	0.497294001989486
0.283584650329022	0.127322896256486
-0.264699793876553	0.140015238204955
-0.794515512883598	0.460786480131119
-0.401168110143539	0.210098504810887
-0.255381139783734	0.099323478232979
-0.442660436760626	0.293134159915463
-0.778605684983913	0.390826500583574
-0.297696839592094	0.180892447838199
-0.288087723971273	0.129273598627564
-0.843771815878709	0.585864355782185
-0.695487859651022	0.442930052822106
-1.97293980832443	1.87897524024796
-1.11650185370157	0.841354008566819
-0.749783759969046	0.495714105301284
-0.26753707816127	0.0990973356920316
-1.16467890382475	1.23593851848841
-0.675520793659676	0.323624617959425
-1.89992738152279	0.899185533248264
-1.88100350736771	1.33500768962594
-1.69256605456972	1.07385099060005
-2.17231952341298	1.84337908987345
-1.05272588677955	0.886418737099683
0.0114173938126811	0.00551790116143725
-0.680657637465876	0.444040804749744
-0.514225835553237	0.316924212442865
-0.196480073753827	0.119487739747725
-0.757634092389016	0.544465931886052
-0.311915445540878	0.189696680786568
-0.653618971912851	0.486775607699182
0.621019749396131	0.453215888480515
-0.706545610799663	0.562706747744352
-1.32335443234379	1.58507291993568
-0.69462825563813	0.385272711857699
-1.21575402659865	1.02625872516235
-0.665857181089109	0.504611164255713
-0.902241774542003	0.750213273039172
-1.30329372286454	1.04513247820513
0.118807771229998	0.0445282984584883
-1.50288209493654	1.06688250898433
-0.398960996072017	0.264532200204
-0.192665351493274	0.137926039710366
-1.18187857797646	0.74764386696638
-1.67500723154391	1.38588027561404
-0.123856840481715	0.0542130713370514
-0.278793097151699	0.124804588583284
-2.53264093543359	1.60881702536187
-0.759922373068773	0.51807092123804
0.3578001632563	0.195570712308314
0.413789842118662	0.249661884990443
-0.0879792783444802	0.0504043208126923
0.106521095661525	0.0625444835168272
-1.22997844340324	1.46933308158918
-0.427050089282004	0.345858882302328
-0.109861255412731	0.0761548104067305
-0.431394438458628	0.330750657508629
-0.338499445600811	0.244406235141702
-0.341817115309983	0.326104025997019
-4.9665234938595	3.17796993841747
-1.77413982213288	1.77982931974354
-0.828032182199622	0.598957762531809
-0.371498624151859	0.313613992225303
0.0280490225098274	0.0137200523540379
-0.241180944822932	0.0750844735638015
-1.04164750482261	0.72629806086574
-1.15737147159282	0.952074002233198
-1.13623359215201	0.832672786560602
-0.893828380727697	0.563798559335982
-0.224253766747656	0.135356853803862
-0.426643804958118	0.249282571192273
-0.394215623823399	0.188833383049147
-2.21564641599167	1.84935398058485
-2.58652569939867	2.63506786422766
-1.41851531085049	0.788184960245718
0.0844283363787406	0.0545997253998846
-1.7375118112224	1.52318686826852
-0.556753802549247	0.243384596278911
-0.611284590920773	0.490839760306198
-0.156551124914083	0.0648558578734285
-2.93651538916855	3.63443024747112
-0.879311464489727	0.471209819050634
-0.326504234883298	0.250318003726593
-1.28700406669294	1.05462318999421
-1.05429864140402	0.881765002159427
-0.978734016383589	0.96263461361191
-0.320572099225513	0.162424951329079
-1.91564063352791	1.879159379166
-1.07904070877577	0.71470880229779
-0.0958501247056532	0.0582025088478673
-1.35090661288921	0.944785256486138
-1.06773229535569	1.09755053367225
-0.583274942260859	0.381423663009642
-0.152875164848418	0.079275562262995
-0.472768316097193	0.239546604011018
-0.997141641074739	0.970646679422942
-2.23905694171213	1.25996669596233
-2.52461483948742	2.563615851437
-0.352548057719655	0.254335285115346
-1.36708026032251	1.36993781198222
-0.297002901335616	0.245785083323316
-0.515118381800645	0.264362278367252
0.252637921015814	0.163373269233942
0.0599395794083814	0.032365610749663
-0.287102625500656	0.208539150435182
0.724948100846431	0.544213456335939
0.303153315797772	0.196814154363207
-0.972462389938351	0.664077853085652
-1.12910991619085	0.978694650641303
-0.165237512762671	0.0953874350120268
0.200855303652086	0.120377856313501
-1.95325442110587	1.3846796786111
-0.748826597640659	0.705609947160607
-0.508059622653731	0.262662959823357
1.09400298232724	0.853193289976483
-0.962507338997252	0.612714230369395
-0.681275193917578	0.537775644191613
-1.32123446465515	1.29699316939922
-1.47209550939353	1.32886737774338
-0.448370369711948	0.416506823443992
-0.341520951813155	0.198982263911091
-0.535528679100913	0.399955923547085
-0.516527030874124	0.435257564731061
-0.509604450102693	0.431282700004698
-0.583923165284732	0.521313236030873
-0.257426267337706	0.238760517291486
-0.292900791642067	0.217343782229809
-0.0303451418804861	0.0161571316941189
0.0646259917328611	0.0421082972838904
-1.26659672660343	0.841279687262317
-1.00158112490599	0.771520016546922
0.0149613574739626	0.00615427101577922
-0.583551663607086	0.389904961154947
0.313211963700165	0.184226007278826
0.395223438110891	0.199748562019181
-1.06897186414384	0.722360002299819
-0.350806005487266	0.234136295258531
-0.99357319337515	0.560994051426029
-1.02370032826619	0.570129473318736
0.419245721198337	0.253175265360486
-0.442859764117196	0.317231516148177
0.523935840398288	0.280432735255039
0.0237112154241868	0.0129819393942263
-0.820190678292347	0.586739619065654
-0.751929897033071	0.514098380881063
-0.657976555555287	0.423880400497577
-1.50303665995368	1.11714789359251
-0.393227091691695	0.253151516404682
-0.042161102059857	0.0223202933480731
-1.69292955323366	1.08264011805359
-0.860252079023184	0.666049585948246
0.128803448256465	0.0502139681341859
-0.716613778918172	0.391706642240947
-1.07463944765026	0.48893667410704
-0.336342800799026	0.17109645260352
-0.771493973588883	0.578939344502497
-0.46271196038796	0.322471353681119
0.592941412735127	0.377736919163929
0.182547911188361	0.107951841004944
-2.83158073403844	2.10199361943578
0.816390561191933	0.603773291948572
-1.65583658288097	1.36282209084552
-0.383585422084834	0.26091859835711
-4.60979865183486	2.59078731104303
-0.425898464527687	0.309234406084341
-0.934052187044449	0.908348081229266
-0.696541188526727	0.60286384181118
-1.33151870951869	1.59791311391556
-0.322311678216994	0.161655411448002
-0.329119237776474	0.196928635584087
-0.514787942646294	0.384195712598855
-0.136704702861634	0.104975633753252
-0.693314332740584	0.785134535316448
-0.36817736530617	0.266552191921361
-0.2479460689255	0.132753527022359
0.344087433048387	0.215583740777239
-0.02144898703987	0.0122286060136256
-1.04584156190084	0.759738880331625
-0.305286044466125	0.152296031558677
0.116116941436658	0.0642647490065611
-0.980667916870943	0.681275218610812
-1.61607433873517	1.61762894128018
-1.26543731397534	1.04238364486856
-1.33226998645718	1.10368395646091
-0.247933147276405	0.181625214663701
-1.51074587734901	1.17188081780111
-1.87428338062129	1.25487580443788
-0.629566534368832	0.325735961992988
-2.30742791493414	2.63445862323229
0.190642547194828	0.143179425840713
-0.656039120407868	0.4668785377404
0.0498644523315891	0.0248578993318011
-1.39554967851169	1.45509758854588
-0.617145346289198	0.421414204815642
-0.871974500525297	0.624464026673474
0.131463754933453	0.0612274562638462
-0.934384088259603	0.886844449207788
-0.757890081917534	0.736433335443439
0.0392168244733617	0.0210136970820335
-0.218102280311925	0.133778638111695
0.192256631453856	0.114615404302708
-0.293254274543636	0.18460855407658
-0.612715502454589	0.422093963479186
-1.28714443554255	1.17985362208738
-0.586146572204602	0.354313458582532
-0.488425783513539	0.42039101198292
-3.169590621484	2.68871307195794
-1.20371777982606	0.887031098761938
-1.5752616992784	1.21348452966064
-0.978338846984094	0.690424228631585
-1.50792752514702	0.872013153394237
-0.0783854804494096	0.0425042220864649
-0.765124052929918	0.520355605976128
-0.826035284397714	0.575620142928447
0.742238270591679	0.448500493933557
-2.32447873071991	2.03672404673422
-1.22944861038463	1.27927364363465
-1.20219437337838	0.601039933649416
-0.964940118335609	0.865579950630523
-1.52851532074273	1.15432434636529
0.143253755178241	0.0670649880568124
-2.88687477018902	1.70079780052621
0.00161313532165471	0.00127723721460371
-1.24674966426485	0.780792601349175
0.0256022251166213	0.0130285550118972
-2.23695635901538	1.2466208305426
-1.40773344729348	0.772008460061571
-0.439742981855567	0.147719371177321
-1.27991230762622	0.835324772399488
-2.020641818536	1.02430896693048
-1.67014771770143	1.33010574715103
-0.499018677603517	0.286209463883559
-0.736728821961592	0.488727456463865
-1.41875457126849	0.779944320245855
-0.275367420781653	0.121794049048126
-1.08885866288713	0.651685484119106
-1.23119711751389	1.2363522066638
0.597457095218701	0.407810795838654
-0.468582389468492	0.321099168501993
-0.248310431088343	0.0752517943203595
-0.803560956969398	0.485135345628627
-0.755778304219702	0.69225099779136
-0.0543236084210286	0.0296696503673453
-0.660924910500452	0.546886202035083
-0.412547615552048	0.33453144420772
-0.618061694922862	0.342582936736778
-0.148589973227225	0.104838034066423
-0.503646360398579	0.289535408678656
-0.415684326594498	0.361420344838585
-0.967053292866435	1.00535080195954
-0.167719515866592	0.121634711552843
0.893906378560677	0.947669598399813
-1.40520610257998	1.4249000831992
0.408106220192419	0.360786790955103
-0.515762821186879	0.51075347411014
-0.170203266357438	0.0867204177492303
-1.14431372111559	0.954305774357397
-0.678824604447503	0.521995554658955
-0.259389455476115	0.200659440822317
0.151277473065913	0.0774661312263993
-1.09779403477615	1.02744864124189
0.755085731771631	0.591513608124789
-0.663502932412562	0.543661100391941
-1.34589037482306	0.919913699724193
-0.507393958422979	0.320411649264285
-1.94425525510171	2.26938019258549
-2.58564542778954	3.36919241475579
-0.4365066755835	0.317582291540454
-0.775346709751401	0.700236810194845
-1.12950044338959	1.26120429660166
-0.520076478581577	0.479316294513184
0.0247511784650771	0.0137650917595953
-0.383350267500498	0.303653911760885
-0.0799727498683436	0.0533836867355472
-2.01246227297987	1.51774245599077
-0.0970965377862378	0.0735041749247888
-0.349713679613226	0.234760124557059
-0.151303527466837	0.0994929144572883
-0.0226635671901982	0.0156606534639354
-0.222355414352514	0.145513082718572
0.833664804932615	0.66136411898221
-0.836852034018153	0.75370210322981
-1.35120634754125	0.920131946936731
-1.57551005022722	1.8001045685972
0.0184686941145547	0.00958377002423427
-0.813761707163809	0.63324300614296
-0.708561666131878	0.412550667138318
-1.73113549575242	1.48083170066888
-0.473159930839744	0.318324060415575
0.657504904445469	0.438047618765377
-0.52259634024506	0.301358325079418
-1.41199396764417	0.786572809823537
-0.374031426391058	0.244228798859333
-1.07128554073809	0.510186381747685
-0.616130192284652	0.450308923000737
-0.593751464009947	0.356929202388878
0.0416473079941295	0.018731399232925
-0.499011067661508	0.244174976062921
-0.835437329632495	0.6790149839079
-1.18303549668915	0.734610133037309
-1.00533306703602	0.67258932639198
-3.31319464395181	1.21509579750581
-2.84394541036545	2.08673922167869
0.126014806059615	0.0485488304781615
-3.0256271646114	2.43512638531237
-0.793716685236124	0.326670795264617
-2.41135048754949	2.10746749574898
-0.850375863646144	0.596573636713026
-0.526853615446949	0.301595131343324
-0.543458742865666	0.239196093549865
-1.21929291207579	0.924797383157618
-0.536615187730765	0.311409510224177
-0.851117957591563	0.621824787409811
-0.488646907446135	0.393990810727729
-1.39562180470882	1.70848499152654
0.0982295124542337	0.0559963088355086
-1.26686820880231	1.35281430922767
-0.802159694924754	0.493126438440615
-0.896856498345983	0.448526403305499
-1.07112248359097	0.470125619252553
-0.742628486057882	0.587643580682724
-0.542193714314725	0.54911927057165
-0.651799075504208	0.677859508722716
-0.570811168387744	0.525162228842741
0.0602755751736298	0.0401889110271668
-0.331765119375079	0.275204638722728
0.0208003919353733	0.0158927755343409
-0.448139484582575	0.5061872102888
-0.891587923652783	1.57019898253671
-1.32892672511974	1.89186971913218
-0.767305047526958	0.991799464849122
-0.367864564204037	0.426205988331492
0.0767181021319644	0.0661372678446444
-0.346075326344248	0.30896186590133
-0.534608471775384	0.58524599536796
-1.53562180173859	3.57212883165043
-1.83006408501967	3.15611081103876
-1.04797233618405	1.14822951006733
-1.49621025067632	2.32350976167364
-0.62240891407493	0.717440523563486
-1.26715762999407	2.09561176587781
-1.55618477889735	2.0868222441951
-0.458130212733824	0.42637688632997
0.0156152519453342	0.00874732730688489
0.113530602323437	0.0773725318344769
0.0179808229783289	0.0145270548969279
-0.140795941978993	0.0860829992118453
-0.85715752237998	0.907459037118316
-1.39390685787573	2.2403507589982
-0.032624359451316	0.0168387661089902
-1.09212925187296	1.40790403134408
-0.557251476174734	0.53457779783489
0.0202963561373005	0.0112312704536706
-0.49314178278708	0.28212518375566
-0.85672832923374	0.873166519873483
-0.489219608480693	0.326123608211117
0.108658279992477	0.0622470809434434
0.217758359077542	0.131671978072664
-1.26063544031471	1.32613748157635
-0.32832166335689	0.312222551501863
0.048721227013255	0.0258139137482425
-0.599414425955348	0.754430504183214
-0.0901249197007344	0.0611493407947361
-0.61319824881083	0.470946069909378
-0.897100871973749	0.894822321950548
-0.283602997412808	0.19548781429263
-0.00823639343157046	0.00525173684858029
-0.566586346675709	0.447001540009374
-1.76840707552992	0.792660126904099
-1.70116206823992	1.09569323671436
-1.06675263673745	0.503533317603669
-0.591174941480574	0.347199487805649
-0.443724327700027	0.300259505863984
-1.70600370390005	1.42570969245578
-0.864662084245668	0.79020301079713
-0.601265784826193	0.523024712726762
0.0234679341585309	0.0131347466018397
-0.691410440158952	0.432072341582357
-0.45657627809659	0.379569440135594
-1.26422460473332	0.813801911143723
-0.72531824965816	0.592521933898704
-0.422944070344404	0.269787465444608
-0.283296665323915	0.223002506046662
0.357865676551578	0.320055380661355
-1.01453398955949	1.07154730293097
0.562454812951209	0.567024804461603
-0.267161257061981	0.173846497652309
-0.592721567600138	0.512985003890533
-0.551636270646026	0.667956823013564
0.525406123172146	0.407328489244937
-0.701126208397296	0.587704675273374
0.058653913424141	0.0437896480500362
-0.598162703926547	0.54211401420051
0.379933291163823	0.310593600347811
-0.256960936420352	0.241265931124367
0.345680744091405	0.360630599494418
0.307433698242138	0.232805608448333
0.0510913605159149	0.0263523006103367
-0.370293196248684	0.3183669820651
-0.88917926061641	0.843722154247894
0.159220874496009	0.111276617653727
0.237268915787762	0.15363916390176
-0.839593893363354	0.736687388682892
-0.321466742699529	0.278576268747554
-0.0604377120597226	0.0372675629162611
-0.369142124830404	0.256868970233585
-0.273489206387594	0.196214062163454
-0.14313513500109	0.0892689280620027
-0.320018490279592	0.201833702206854
-0.0531751782057436	0.0263943538698216
0.688814364942341	0.487192936805702
0.130879316571649	0.063240389946868
-0.766995716773836	0.859722573473721
0.0374273980185013	0.0173323737643161
-0.128455672320963	0.0737698465280079
0.266806203790656	0.18137547819788
-0.524544451759558	0.395163645579189
0.532247971907757	0.275778615034061
0.360195497883688	0.282213071859312
-1.51772319588419	0.907459487690107
0.520224004379078	0.371300163677096
-0.749277562661728	0.746068242355246
-0.88276438191601	0.476563165102917
-1.0701075338547	0.67069169738718
-0.799569137503832	0.408258509265803
-1.38098907875062	1.13993553626606
0.134070234661607	0.0567296000491444
-0.798987828013514	0.472569845424395
-1.06131033614222	0.741912001201478
-0.296166124504634	0.132055696587113
-0.169911502460538	0.0881912375125159
-0.555623348044014	0.385031556411987
0.526026783819865	0.400458061843413
-0.23326151913963	0.136390829065595
0.258050325280223	0.179379991505566
-0.627526330311941	0.239398215017912
-0.493252498459846	0.281216466219384
-0.35793843154833	0.209869778350099
-0.0249351152646015	0.0150772560683871
-0.621647510530685	0.618094132129128
-0.259824636427054	0.211082019364296
-0.419101384043516	0.48772950719964
-0.495375215502749	0.470341165502575
0.0168508862957879	0.0119292687709548
-0.434938994839728	0.379929028285364
-0.69957009754578	0.727548017686575
-0.944667015334805	1.03195437116999
-0.923127259358991	1.50158200338844
-0.609228913121153	0.778886008593709
-1.09781636400728	1.55344424426844
-0.931462592603889	1.36903439713411
-1.31422849077521	2.39562822868826
0.222890047479974	0.203572931916498
-1.19335026313932	1.27181902776316
0.516355562954294	0.495865579064287
-0.51416277529387	0.572493365366412
-0.668048767214822	0.671760286664242
-0.206005725712133	0.124357956057967
0.276180717933593	0.194741558758174
-1.73489359504334	2.41321093083184
-1.33648152813584	2.09079664587197
-0.893742767487942	1.02173395346298
-0.344878876768948	0.309681488820358
-0.489025368915742	0.564404008537428
0.00619855105133585	0.00336399819640569
0.0181946591237777	0.0093861526323684
-0.115352250498042	0.0703499271122509
-0.162270599591358	0.0887616011440631
0.146139665696145	0.0697885051709749
0.735099714973689	0.599849649757525
0.320927622310519	0.183972935891128
-0.00681601600389226	0.00394297353466224
-0.014704022846597	0.00849745926231115
-0.682957412126585	0.616150164585455
-0.173559136533093	0.089622601009517
-1.12312933971983	1.23540902394128
-0.635891439115718	0.34148113862458
-1.21720494149978	0.930027625480945
0.0443583173894693	0.021530080837658
-0.570556686433792	0.24628747803872
-1.44474616184627	1.02444786258446
-0.828671576945875	0.591328539126252
-2.28854977183248	1.99312540295697
-0.934104910783637	0.762802327717203
-0.254749762917667	0.207230188510664
-0.289096213848107	0.201615482222986
-1.56940511924712	1.43350784661933
-1.09076755790962	0.901479286986255
-1.11135099742006	0.959694208939409
-0.501934730180889	0.28338941769801
-1.66712952608243	1.64052641482328
-0.957253989602164	0.98756803726949
-0.144653259244199	0.142428838976323
0.347995317918947	0.405576529587899
-0.36592934548337	0.375367789564462
-0.98643290104141	1.19827267034885
0.00623872033907876	0.00481626108626556
0.631203887659614	0.593854128666469
-0.328701443378528	0.319214578543317
-0.331709051192685	0.316597099506657
-0.473249669707638	0.491849634326221
-1.47667525007056	4.30377705132487
-0.853960503823271	1.52703674485679
-1.10472582795576	1.51287070283471
-0.811439923325317	1.33301124677292
-1.22843996576567	1.89572843654111
0.0110983896319797	0.00749442931827071
-0.375394579334172	0.398655629613514
-1.78103608780538	3.58864679844073
-0.912380084032895	1.36543337632423
-1.4822791900682	1.97788976215787
-0.884004414033883	1.05847143108686
-1.43965017209696	2.02611963047429
-1.54636759384643	2.64828208873153
-1.26102211821507	1.8018710062835
-0.796323037020573	0.809346255496984
-1.05450143069428	1.58049703901859
0.392801725124208	0.290285504657982
-0.735646780114496	0.875950137336516
-0.318797874801328	0.224869476150194
-0.415101317109222	0.350226719079518
-0.776686391410114	0.709675993632103
-0.850495136652486	0.806412042345781
-0.798987828013514	0.472569845424395
-0.655426407676819	0.472449402584954
-0.392055856821264	0.155625903905781
-2.17675371686522	2.950096996498
-1.6684916876367	1.35288123999325
-1.62564767943995	2.34263803017201
-1.45590958336704	1.70357755970917
-0.587161575643748	0.635338855289374
-1.26809707765831	1.6452373580035
-0.702170334452009	0.772296220484292
-0.360169329936481	0.290834312478137
-0.602412427367159	0.473056764119633
-0.623971378579879	0.339011679654703
-0.503372414710602	0.251960459077699
-0.592363203057443	0.528830516867612
-0.567513508406561	0.550984092727738
0.217313752620206	0.203851914605098
-1.06268969604442	1.7001929889746
-0.63750123927407	0.732860965578658
-0.067675179290988	0.0473768949947292
-0.789551315960491	0.821249878291323
0.19449297167018	0.131697621171222
-0.204322162808822	0.182534412751497
-1.27935530375992	1.9941243104445
-0.893412992599236	1.17366043611879
-1.44943663170447	2.35717290579057
-0.886264840342734	1.28989216390392
-2.18499943599976	3.8903552287453
-0.0142873557310141	0.0116573042178109
-0.15863791230792	0.135334453696838
-0.168623434526026	0.118914355171977
-0.772989630095757	0.970017835361319
-1.67380077625359	3.35323469717457
-1.08499823975366	1.09919506886933
-0.0176076874633133	0.0109152212289309
-1.8382419397858	3.01048999965904
-1.213816344709	2.48552279729955
-0.365927895532069	0.315555606617234
-1.90097371559795	2.12568235232328
-0.95446709282837	1.28980498348456
-0.086060049240001	0.0538476237189354
-0.390753646176726	0.319198463549586
0.00262379156108666	0.00134450824272171
-2.4177625011973	1.45562842373346
0.264011820997236	0.12883634410529
-1.61509483945675	1.00138936220791
-0.634984993992697	0.466313670300161
-1.4609519365219	1.05315705269454
-0.813793812447975	0.513077149370433
-1.17799330876723	1.05758987469559
-0.638013282990639	0.481624883755924
-0.749371888184842	0.849365239210561
-1.60015503092019	1.82137338998114
-1.19801679695496	0.949320300020024
-0.0941002742961249	0.032860990695244
-0.171795662088112	0.107514696885666
-1.192789417785	0.593533140009703
-0.55344924817727	0.577189090865191
-0.86556074363456	1.45246282689246
0.0542223245139899	0.0427988464473878
0.263581649441649	0.249925415032876
-0.511201459784904	0.492873542890329
-0.58822390924053	0.722469915271062
-0.926563004304526	1.04614770570058
-0.0721773109424184	0.0537505266511748
-0.919091249578616	1.74194024664873
-1.10473608464357	1.14593549578394
-0.9312026408801	1.30155190590027
-0.823806442660233	1.12993796891186
0.162074925175732	0.120311232232189
-1.26988612646079	1.32289056297013
-1.05754395686225	1.40836166922669
-0.567277899244987	0.625165386772169
-0.864182709176937	0.92650230541709
0.193936799648792	0.117915663263343
-0.270574873428138	0.181396123387944
-1.24072079651517	1.5066864080784
-0.602032384093939	0.576590467737602
-1.504332535272	2.08901742509455
-1.09939330310895	1.43200831823826
-0.46433815217404	0.383691348237261
-0.792189412913421	0.478053266336925
-0.0901884571344103	0.0626226976169269
-0.0700788195007162	0.0351722993142468
-0.903656148511342	0.674232789467861
-0.149760654547069	0.0864280073506044
-1.13587037901696	0.812795542656087
-0.58982658100434	0.355636722726199
-1.08426784632218	0.481185443360921
-0.748050592543382	0.503182907069418
-2.05433974854713	0.576107769870825
-0.298792911859562	0.133240017974981
0.00136514404632406	0.000828825429855129
-0.140952246292672	0.0564454847232143
-0.228201908978443	0.110058938512205
-1.68816770545827	1.3283200561338
-0.79873070240102	0.473358958419582
-0.816198220020908	0.495069623377583
-1.05125850802572	0.745136062377214
-1.88658752087464	1.69295654749466
-0.793062755704539	0.403950882323321
-1.69036809888447	1.08559511166365
-0.0248669240691534	0.0141652265343338
-1.26032269668995	1.18167617740607
-1.15340465469171	1.14034585999782
-0.58057374407116	0.391284652638955
-1.25891833827381	1.18625864022871
0.13093110786446	0.0512586015587621
-0.585621670607146	0.355359596087336
0.0128775487639714	0.00353990912076751
-0.974081716385544	0.507630672981608
-0.948721956559299	1.83069114676315
0.375038626945992	0.409099195887064
-0.574535035601066	0.635196508166234
0.21195732811043	0.199455766213514
-0.641838383139027	0.693707885980905
-0.807062912636142	1.10915937056092
-0.33196777992065	0.390712634120746
-1.58017538819483	3.21623639265288
-1.66270605702745	2.96819842273438
-1.59661453361193	2.58968489871097
-1.32306368117548	2.90987521907749
-0.950040296632731	1.5668700002497
-0.427077719865781	0.405084537386621
-1.9565359676385	3.30982384397179
-0.286379591930808	0.245736774078801
-1.31125314658143	2.0910446995941
-0.635698867915668	0.562601985372594
-1.02711023419674	1.14919913119
-1.9146963357224	3.66057522620201
-1.47534631997833	2.44929043896249
-1.15171213829085	1.39863528406685
-0.578297079559089	0.657032826379866
-0.358656445142359	0.280950706693045
-0.524173511296343	0.512205579101872
-0.0828761261736762	0.0517061567618018
-1.18641890120695	1.40215026859444
-0.1453843083346	0.0837296738311497
-0.163975118077543	0.067122863215098
-0.268475379303284	0.19040662098778
-0.152814953189583	0.0634334571160128
-0.98310232157704	0.681354200855968
0.450188366437447	0.321872933560519
-1.00449012864394	1.03039878562175
-1.41487098020001	1.22001934993751
-0.0958050520237563	0.0623292757827407
-0.899674267748343	0.877903747244072
-1.76224738181242	1.83782269294126
-1.49085710028316	1.3795339014647
-0.410830196460679	0.299307144133329
-0.40852255859335	0.166928607194314
-0.630776124541111	0.423654609080789
-0.180562108539312	0.146530325665554
-0.659024058245562	0.623712275677266
-0.730439143684165	0.807088888602044
-0.695571945042469	0.643320462306096
-0.695559272060097	0.633329931884681
-1.71045345045832	1.74588380975403
-0.577841979612189	0.533721703533129
-0.175081628337236	0.106852556599049
-0.789430864728689	0.408971632285197
-0.454933456075915	0.158845027425575
-0.61874304463173	0.462930228636085
-0.377409761392663	0.3151588669622
-0.786352879953601	0.84326831795767
-0.129173387858987	0.0928575414584411
-0.368494071656975	0.255507087198298
0.573015928274191	0.517620971725891
-0.296158770292119	0.212070470641477
-0.00311289588826402	0.00193970195138531
0.222148340837904	0.215359134616821
-0.640231098340115	0.63150178569966
-1.03452382540105	1.11009627381653
-0.337578759493317	0.298840787952013
-0.630967608445758	0.594738332345746
-0.463746765516282	0.337519899398287
0.757767955987581	0.741176646780889
-0.902162312219789	1.00277065945363
-1.48774116231615	1.94462083468703
-0.0314794536118962	0.0119400319069748
-0.623381203172066	0.504171696918323
-1.02352200173779	1.26271044880165
-0.972168402012714	0.934434137484003
-0.598838879736598	0.441840895545357
-0.934218484653333	0.979994201749286
0.660399714783782	0.582221349913071
-0.527668393084208	0.302656152547941
-1.4089226028401	1.22914632624105
0.399940862248128	0.237163627790051
-0.961900848234886	0.646114355665367
-0.50979102979319	0.29646993176959
-1.70141501245341	1.43859657246383
-1.17962780682448	1.0618819627279
-0.668331216860139	0.320505589551387
-0.612190775744025	0.362858893976532
-0.246439141799044	0.0773722564020785
-1.22963805971427	1.13236283481797
-0.230918445369823	0.110281060831038
-0.645474904976416	0.227822679721649
-0.226314193559043	0.140956573133319
-0.655418593410586	0.454180511712992
-1.21133981773937	0.853993589930648
0.0389215371501327	0.0191428053793231
0.0205777046123889	0.0107256765599336
-0.986397797106502	0.650337602430884
-0.514716325946124	0.285469173743436
-0.307672212063022	0.21509544202143
-0.610400407108092	0.454647629481805
-2.11687761462856	2.28312836625501
-0.232516161124298	0.18277549466024
-0.289533602788395	0.195190124696043
-0.509458515093508	0.312514083869516
-1.05088423091772	0.748089675510607
0.152961852639434	0.0771537910410685
1.05628262497029	0.665950068415753
-0.449504082612977	0.155524011362025
-0.164463702833998	0.0671761937557845
-0.904667290445097	0.673240193642665
-0.875478663626432	0.882096190248988
-0.318340799905603	0.251741076363737
-0.0398702539345399	0.0307787446816916
-0.548647325737702	0.558481304242654
0.554859375298425	0.567204772220421
-0.610704990994567	0.677242279728353
0.0324984172542213	0.0227233602544028
-0.863470713606862	0.797543786182931
-1.19858971347695	1.71767355417499
-0.30123554365427	0.311442885069114
-0.0339530744688209	0.0252359780507214
-0.424369863035055	0.29895186107426
-0.945108836678096	0.946317926413766
0.338036896495894	0.281328771268235
-0.230590649656073	0.183977806679011
-1.36732172797614	1.56659540079192
-1.05358526724159	1.2605567963902
-0.498423953595168	0.527784198942108
-0.252441154506714	0.136901946507369
-1.91427940950858	1.83872317700357
-1.14483541351567	1.48028736322472
-0.599774697183984	0.632124872023247
-1.16876451365049	1.38720719467833
-1.83376630728151	1.67009586348583
0.570707129698894	0.468027867268192
-0.755269896706408	0.547767983190617
-1.0774004365406	1.24554734919666
-0.299558454112724	0.19806023892618
-0.513561623404922	0.364747946351456
-1.24715537321408	0.950317647466777
-0.165786862446474	0.0656067395371174
-0.74884278158967	0.578934505354817
-0.551156754255888	0.248636232733919
-0.0939762075756172	0.0438246461953796
-1.30703088269727	0.692820528623623
-0.926611809616107	0.396289258336526
-1.27635853789997	1.35185651600889
0.0421651866185767	0.019309449272123
-0.78453883989323	0.471777416983519
-1.81996755289352	1.23223239696265
0.416691511365701	0.252407059008862
-1.70699025619617	1.45595152931507
0.587651578835061	0.538127526647818
0.138190846229912	0.0711835138883167
0.341849285798926	0.188456718946951
-1.3843543919766	1.96706812378919
-0.291042783591141	0.210272804193747
-1.42612741460757	1.79463003186014
-1.18997302792695	1.1096336248267
-1.57458759473564	1.24953431162768
-1.36776162648025	0.928922023098795
-0.128653213991628	0.0765804163768388
-0.896417475246667	0.583781083171049
-0.428488642142723	0.233328444661633
-0.40862111846693	0.171370823940697
-0.687633435596191	0.433785963519056
-0.35362549505456	0.36703094902086
-0.30334667503082	0.246612039485881
-0.47362988641145	0.420500142931083
-0.380860580163286	0.331134342055757
-0.116528120696848	0.0775477323880861
-0.431513986705571	0.357350657970003
-0.868178688097278	0.968651500714711
-0.839259518549953	1.12058238921721
-0.999933524116228	0.997686548521684
-0.399322889325389	0.355730476068576
-0.422493884229472	0.412610730700942
-0.865989767031095	0.895782693327851
0.451370926250984	0.408178496596493
-0.230041265140135	0.158594442523193
-0.606678755270903	0.539564294732549
-1.56098098406673	1.80307480033917
-0.726151785777032	0.574296257417858
-1.13500925400906	1.12585795634437
-0.713183839435036	0.645893825043234
-0.910794782443272	1.00437182440493
-0.937409247281292	0.931339463928676
0.0247366275484801	0.0135612332911327
0.152576349328735	0.095035129164098
-0.35562829776717	0.243198479259693
-0.335938776985079	0.218927787096649
-0.0475683992399786	0.0243697352679408
0.342902491946467	0.245179267296198
-1.76011294557399	0.776380443398049
-0.794235269423719	0.479588864379543
0.00973354674954528	0.00479519935536926
-0.416410517289236	0.217019239580981
-0.786091619459102	0.457528044351286
-0.75096045613951	0.554627107402292
-0.310008745914274	0.138428971341312
0.350039277697525	0.197557506371827
-0.294097312361297	0.191869159897538
0.911723293850586	0.619990965521936
0.247074764400237	0.13389497405991
-1.32482755201676	1.32247748825081
-0.357316942626106	0.242367391895584
-0.636558622950627	0.573720060457925
-0.942541933100397	0.804098010662372
-0.540565960970418	0.392556376129693
-1.00114381544445	0.586548405043213
-0.413184357058428	0.268549310014226
-0.555566296677156	0.242549849403037
-1.27302848792939	1.44706384266938
0.05097867966215	0.034949664477162
-0.238289164840074	0.156673103015437
-0.100978552454999	0.0819277531430159
0.0891244937458054	0.0595576880241644
0.459142704392597	0.456515168088058
0.577971471431584	0.497320267698599
-1.08188216255494	1.29451916565071
-0.758396222234736	1.07595533382879
-0.446891454244518	0.357003151683602
-0.566737276953196	0.615167370461524
-0.302992667257231	0.295792745677253
-0.17654175828771	0.134991174371108
-0.0833641237997781	0.055443105724306
-0.257685007453304	0.228801994613046
-0.593930703530675	0.578661449454687
-1.75412518060138	2.16657151481357
-0.55789390610389	0.454160124183741
-1.04755832863815	1.07773740437925
-2.12978903989181	2.24310990451961
-0.492819340741273	0.540471973076111
-0.415773413608476	0.378652017457956
-0.768569631296396	0.69309841262378
0.0922492302766244	0.0595925875595084
-0.433894189607442	0.304278425719577
1.56329893687584	1.3502913303104
-1.43651384781177	0.80536987830285
-0.727615188756812	0.544320953725618
1.27821655026265	0.687965685492059
-1.51008330787191	1.29568586276371
-2.76833084395088	1.99816778769978
-1.48663219857901	1.36676616543578
-0.906286441986269	0.569031039130292
-0.164741981216161	0.067167061190482
1.26217935060042	0.911623223141954
-0.18772270362565	0.113455558164571
-0.748234523405599	0.49028911293309
0.114145406713906	0.074536687306372
0.175281793162432	0.111990156622903
-1.35616981744305	0.954140667678917
-0.761364333907097	0.512492342766363
-0.0318985620212428	0.0120099099537784
-0.713787324467213	0.422548040873411
-0.621724335157192	0.718303312622564
-0.809106294497387	0.970358447902086
-1.29459860768648	1.49060037072743
-0.31071514859563	0.26879518915021
0.410974082085179	0.347760054051667
-0.579544590898211	0.53711888208525
-1.9391772114802	2.13258845780769
0.169019984084483	0.128656044322241
-1.33866795127974	2.16754139580867
0.312927938860862	0.17907230465434
0.0982790267977475	0.0629728881454809
-1.08263263863764	1.36087405254675
-0.531444292582088	0.560549163226557
-1.008236287716	1.08265498143942
-0.0514308543067568	0.0353470917569007
-0.389093728422485	0.304163322019958
-0.641895091566731	0.701400418479843
-0.691085460364614	0.628225883952797
-0.363975690557124	0.240770138736209
-0.808660711432308	0.966540000280088
-1.2575741488733	1.57431411986256
-0.541738022136603	0.384599799304172
-0.553024668215496	0.404272352042705
-0.124633095687838	0.0837472628966072
-4.70148138027019	2.45313186178599
-1.28710613021377	1.8918143268241
-0.154422747475227	0.0885399260409518
-0.400675761596963	0.195272369270915
-1.116010445429	0.946141052021785
-0.445796022446739	0.300638277728606
-0.610117613381732	0.33282956403884
-1.56970041200079	1.24845539129394
-0.445713324837731	0.241716637651908
-1.66336392121541	1.69798548902136
0.581140274305788	0.31521349423563
-0.534373090885785	0.430412169126783
0.357233454111857	0.259508997465963
0.850333537327282	0.807625355642569
-0.245400142099817	0.137959532080656
0.315591209745148	0.185916554825491
0.353966502831584	0.246136886865807
-2.22839455321291	1.9209501713531
-0.75200970320318	0.747944830015828
-0.356061299640835	0.218349329142286
0.192340552037308	0.150387553450283
-0.313876253250842	0.194018884986617
-0.251386108521508	0.176656609778635
-0.346813894140695	0.264534279103217
-2.07903492120173	3.05038196219637
-0.0297870756070652	0.020450509255187
-0.0124051060579858	0.00861202134677704
-0.859972747164254	0.979027094624567
-0.159029314635773	0.0963418876307572
-0.114924035131133	0.0745721715122831
-0.0820806218338039	0.0497723542750549
-0.0353042561337926	0.0271929041745426
-0.637877098359129	0.615717781116051
-0.193574100101305	0.141807592841531
-0.899540659463332	1.00373394617305
-0.843705947733217	0.791968782147405
-1.03994147130143	0.946771965630269
-0.636655143149755	0.537609094165108
-1.11935974953471	1.04182986064901
-1.17637970250016	1.53883155309804
-0.388716886410139	0.249958912444308
-2.12900274896823	2.3032178745376
-0.966416823285222	1.11958177520187
-1.29122313525372	1.95677336457002
-1.4797180120954	1.73435510607765
-1.06533050729086	1.19681434050978
-0.198456062147768	0.160199276329558
-0.293419597714636	0.189103934013572
0.132531506526809	0.073546855891749
-0.798855532043425	0.641202758766685
-1.13104978462627	0.847997221664148
-0.58900810383716	0.398439236947767
0.12013487185748	0.0460966579739625
-0.585873207100875	0.354493857700578
0.0108539775293926	0.00294215097137045
-0.3137437934842	0.136071394100444
-0.407188496709131	0.168994536226651
-0.654764793484922	0.403023861629537
-0.218025036597089	0.123290639229844
0.0416270170982115	0.0181502756126403
-0.163226258997856	0.0839834626584499
-1.40729910676261	0.794883569971249
-0.378280700197324	0.278268559021453
0.411195736728039	0.248955668007593
-0.763283667516636	0.392241724837289
-0.935424311536896	0.962275441002335
-0.538892143048484	0.407369950219974
-0.089040001577382	0.0432940597866339
0.548969389650962	0.340020387983698
0.48980598990924	0.400245687355853
0.32472768911685	0.275761598337756
-0.523469932897766	0.45095667528413
-0.0632678680953493	0.039081182059392
-0.30780955137942	0.242499454661615
-1.51429424652396	0.864609549019643
-0.931729673887288	0.693889942400646
-0.320963678222096	0.254430366647036
-0.461430469508307	0.379630144046316
-0.462511194743478	0.365382411624894
-0.267500836837367	0.235557796416748
-1.99988112634498	3.55515206569403
-0.0076541313586511	0.00548357476379767
0.146603475876234	0.119232371852475
-0.687851363598091	0.799537764912686
-0.952745131723431	1.13260123016086
-0.300815831748516	0.287109055633722
-0.194392889225704	0.155387327995598
-1.42206630364934	2.10345897356896
-0.0256516536212134	0.0195553042049936
-1.37435460972015	1.99563051433067
-2.10184941686733	4.41307794248842
-2.02811320756742	4.00071450783506
0.131466137835327	0.0987685434210364
-1.49296002872235	2.06603894002458
-1.99541210667829	2.73559755963835
-1.76678727150763	2.70067547802216
-0.766274288436714	0.657122358006291
-0.234704753547773	0.169929473089628
-1.40130245175652	1.77004123108123
-0.822695486497457	0.959359258050417
-1.15478583499146	1.36492603646603
-0.668151603080566	0.741964257087741
-0.739991298273733	0.803766702898613
-0.0761645537485233	0.0469112636549968
-0.610872868343355	0.502767970107272
-0.793517278876339	0.600355092982499
-0.214026612517323	0.13730705790447
-0.681687140584816	0.489779248171327
-0.660451961729051	0.470716167129158
0.141614900957939	0.0655902051207797
-0.670148639722251	0.436123857146587
-1.66404061936597	1.34047983175635
0.110368969408723	0.0733157434664297
-0.109947059233495	0.0486202111020088
-1.86349545350588	1.32262232691129
-0.507142992928517	0.331561357574317
-0.580975308072524	0.508451862175634
-0.810317298640808	0.808634911010034
-1.0780667307764	0.986007866142201
0.798470757645398	0.569437186283978
0.242554018131776	0.179532592834053
-1.2152646145875	1.44252162510922
-0.205038727359005	0.17507215836088
-1.49930516458385	2.2512059223898
-0.876720392000467	0.810711634557052
-0.649024814332996	0.540328496269643
0.200355186409701	0.11261231408543
-0.831606375227306	0.869594063736088
-0.434575899316212	0.264965952073827
-1.23393039327456	1.21175132426319
-0.281097093254931	0.194059340274425
-0.0611228753270286	0.0454943584927257
-0.742699508061768	0.755596076379177
-0.281060749654721	0.202784402625935
0.821252178989307	0.961340916981077
0.385361853751331	0.308421603479819
-0.594512177680739	0.495028605323398
-0.680565680237002	0.615295977644915
-1.57156220542271	2.3995723910383
-0.956099174874581	1.44722159384197
-0.548611873863342	0.491624200840538
-0.241802749352947	0.180143698492401
-1.35658587184722	1.77079384976051
-0.546945938112461	0.576504762561203
0.181256523465054	0.119779643710791
-0.738394150504808	0.746119245202297
-1.67962179903138	2.53857955397565
-1.04180804256504	1.48087553115068
-0.748697456862028	0.58312312430126
-0.780566821923558	0.640247162819395
-1.00223740440046	1.05137026949079
-0.917681289011435	1.29970566032632
-0.994299656568448	1.12469522984798
-1.7177097823938	1.81732245440302
-0.459580694379847	0.382272444899826
-0.459453304107243	0.363616889320978
0.238902609915636	0.150274372513595
-0.261124347265296	0.139555083831701
-0.348729709833873	0.200565618314298
0.0268769713779255	0.0121658878077966
-0.0226641490564597	0.00866067730086848
-0.260204617080088	0.0974545387185099
-0.222786749310453	0.0979327050389325
-1.50629473503677	1.40108574193099
-1.70894746230573	1.08099329724311
-0.84653304945852	0.577157421594131
0.969343182459923	0.723581608202418
-0.326036348232172	0.204985203424611
-0.255796046721238	0.149727823467161
-0.59737548271452	0.400732246796577
2.13916601704008	1.79634106235883
-0.484131485711667	0.325773657103518
-0.277526353322766	0.21872744089546
-0.299777083236622	0.187602642814466
-0.678662525272394	0.742372061397814
-0.42228808254431	0.253851562871502
-0.286486221418708	0.23634098815255
-0.960707941894323	0.623978113030516
-2.14903274006447	2.35078694870701
0.739402415588066	0.622913092725211
-1.37859759959721	1.6365763051704
-0.339625825663394	0.309538023794712
0.190149471321141	0.126687795017042
-0.535772446217171	0.49189016578599
-1.73429729997157	1.87928544786977
1.03810932439443	1.08268171700799
0.0165747943150771	0.0121780333140811
-0.871106927047869	0.922037096116748
-0.955436168614175	0.615148168628502
-0.508353430180137	0.346472695883814
-1.49165238528574	2.17170260116467
-0.598459126528261	0.578421141921594
-0.18132429892082	0.0912393710476152
-1.11103923654241	1.21478781798481
-0.56178366089587	0.509565403681208
-1.55630009269308	1.77140384752146
-0.904662923502566	0.575064617779437
-0.837100060008617	0.578925358097789
-0.157612386392638	0.0992841294946821
-0.127462169015783	0.101405225568208
-0.66912351869091	0.523070321780174
-0.185140326927728	0.0950739220791084
-1.19394213354899	1.48129643177812
-0.852793922283559	0.887392114004481
0.192375721623005	0.113522104718281
0.117384773456794	0.0541707873447804
-0.899817592091692	0.500415251392575
-0.745834229809212	0.582439906899693
-0.0519058172045586	0.0276973211835939
-0.0344193621521029	0.0173597151357724
-0.265055656895081	0.166498628978352
-0.612222946569454	0.329407587730766
-0.57734346448402	0.382585435111214
0.052323317460254	0.0259926036235728
-1.35662749760927	0.949239109655112
-1.42806443876205	1.00800475681749
-0.900050958522949	0.498967910532224
-0.110556152468797	0.0616780608944301
-1.01081855170919	0.919807515706761
-0.150816246075874	0.0748392096575535
-0.811725871504527	0.413986577321262
-2.61687668897554	1.73438967979055
-0.834231922867685	0.653515215110597
-0.380879569461353	0.247179614436926
0.05373142734047	0.0321104551758438
-1.45307042517286	1.24189683711128
-1.49208773566392	1.58649875115815
0.127048042208002	0.0548426776779083
-0.0978660639320963	0.0429922284543687
0.515880310528145	0.364898980251772
-0.223807082621946	0.169561731780714
-1.89121756923644	1.81012430042327
-0.291288057029612	0.235267624099045
-1.10097993733485	1.15802410690872
-0.562448105659219	0.615318182222616
0.090717018408553	0.064745572546341
-0.689382036090685	0.727280092769959
-0.651374490767836	0.455889519734802
0.124120871812316	0.0775068937487025
-0.24876963908787	0.204394204994346
-0.844318151531994	0.929667369369832
-1.02564231910653	1.27353878524637
-0.823559165695654	1.18575657141931
-0.351740426744984	0.311432199500158
-1.12837912219468	1.64403052484495
-1.50137327615441	2.36946830941766
0.156598730395652	0.124636082826555
-0.564248679355652	0.506951732458229
-0.640771660078296	0.517384004904922
-0.703245927096071	0.587938079081343
-1.43434051825376	1.67754120092412
-0.756344196493979	0.620156004051517
-2.27857301391718	2.59866942338497
-0.708762180112735	0.718653000830714
-1.66304773691057	2.55318871553217
-1.17168586595539	1.28503464817857
-0.646102129310515	0.547028941382365
-1.48580413743915	1.58823689305361
-0.989621555572325	0.883242421395618
-0.231370911857563	0.160976648874691
-0.978663525306011	0.798992934888185
0.149187190605351	0.0712011097045799
-3.81781524151711	1.58338082494921
-0.398999292572262	0.188914527418827
-1.62515499949132	0.993380654675631
0.131887780485263	0.0560779928924329
-0.392409839213903	0.244080895402633
-0.751287284525817	0.509447440377827
-0.163205283149742	0.0691240904211787
-0.316531289843059	0.194720814918754
-1.66051797723429	1.41020086515493
-0.937631467753515	0.762748166674684
-0.667763394173402	0.564558925016617
-0.224946919575292	0.127212392201208
-0.783213989882348	0.389764613581498
-1.92901920343642	2.25189769431163
0.193446566671066	0.127891827385407
-0.0750267023098384	0.0428538651901151
-1.18873467930443	1.51270250567551
-1.27964033931478	1.48376831913823
-0.722743794229379	0.573335479697192
-0.255581182867714	0.0993910615227828
-0.281125419501413	0.21933637786295
-0.395207735933367	0.249694092656015
-0.615728410716921	0.335947017789039
-0.671820043908283	0.321213056959999
-0.271456331730505	0.100263524100554
-0.116202251332948	0.0593578173345769
-1.63095944296193	0.692076586132104
-0.401636838114678	0.349537000969499
-1.52656290173957	1.08654538821464
-0.585883155379194	0.399019947796916
-0.819891927125718	0.687906662138951
-0.709652204739939	0.718552197710979
0.138465364301086	0.110374144934578
-0.214614319362404	0.183155487922479
-0.712944094315049	0.54885007398795
-0.643160622553671	0.576178750129257
-0.420519086202992	0.29977360063772
-0.519335283105689	0.444378405112207
-1.10096453761579	1.21735283968888
-0.698998264993516	0.855829328700489
-1.40520035650026	3.24402411845539
-1.89172557691859	3.13407445178846
-1.32266931672897	1.48971891008151
-1.1862668407991	1.73814046905939
-1.32898503472986	1.37387994934217
-1.77859485992815	2.49675800309863
-1.78371238068811	1.61129891060488
-1.25269298592835	1.70321027767999
-2.06017366198576	2.10363650402787
-2.03221290564162	1.46069589778629
-1.90025481024536	2.27515401169703
-1.07983239890217	1.08750829015672
-1.25263927962236	1.32132322087228
-1.77514871545875	1.55297378064595
-0.769871945676717	0.635951867306328
-1.72038648908045	1.5156877964348
-0.177997691226684	0.117002119496265
0.434056445784322	0.200000113222017
-0.990476077925506	0.574369229870184
-0.78919091182988	0.313234327025209
-1.3038999297096	0.687044746063649
-0.0991489974095922	0.0348066712742901
-2.1489742546577	1.14747201417453
-2.24047837804778	1.25970706127678
-0.285025011700903	0.150971711702971
-0.209685887625989	0.0997739555071762
0.126940092377884	0.0623636672394914
-0.258373397267176	0.139779023833933
-0.51334143780171	0.266401019130184
-0.892237214140048	0.64662359921481
-1.60537028146327	0.984598619819257
-0.843504314449551	0.619355547532996
-2.35697960259382	2.76062187738567
-0.396230671120213	0.33044809972632
0.353823794570376	0.198937919533827
-2.68108323605402	1.78892554485147
0.313670849228536	0.186925041040317
-1.53470067956762	1.46639836665847
-1.42486829422923	1.21908485718307
-0.478780049386401	0.32610977756486
-1.12546447854186	1.3021835911943
-1.10634053376344	1.36671146101952
-0.398189810133	0.264493896071613
-1.14492445162237	1.15316680473058
-0.60239392988323	0.4964734626226
-1.28835895368356	0.837546729887051
0.0952917259607274	0.0515795058176737
-2.8448418531185	0.898193427255453
-0.439218406052929	0.340615895854716
-0.279864653614391	0.123951742358517
-0.567923566532196	0.491386734255185
-1.38897806801931	1.37677132707962
-1.55813603874039	1.18913440140536
-0.128041904856067	0.0867823805864694
-0.685718213293909	0.53894599095189
-1.82860412987717	2.68353827574216
-0.214520801061261	0.131691581935762
-0.975474269662584	0.824612760702652
-0.268416819866938	0.220148354020464
-1.03759882943002	1.10655093049535
-0.122634010630829	0.0748857836165199
-0.205001314282604	0.146002676094456
-1.35255503089955	1.93885285377892
-1.14133851771045	1.48203388641587
-1.2435166150512	1.39774104584643
-2.28675324427337	4.70109301090121
-1.21608419670162	1.31719566476512
-1.79270825934881	1.61861749040146
-2.15301537938627	2.64805939685525
-3.20555901573838	4.13407390576654
-1.95505716772503	2.89544006176961
-1.13615777984497	1.10319193814597
-1.42783131291586	1.43200149747408
-1.62226886935709	2.10586170152447
-0.588557123764804	0.495955310317329
-0.659633401202514	0.59111941412243
-0.63823314105947	0.639680564066198
-1.76552813382367	1.46793013201863
-0.216905822162368	0.103950036833198
-0.221527651406563	0.124099866160734
-0.811053224462175	0.301707704606653
-1.45318643665084	1.07844621558693
-0.927488696041593	0.408273875851187
-0.182185211545127	0.113690624831924
-0.594203738480717	0.353326254927899
-0.0824639800199207	0.0395819565072834
0.455599646102665	0.344058850664549
-0.0195038432076246	0.00762136230208936
-2.59146113746326	2.52158901942885
-1.27263754991066	0.857420813320075
-0.560848251681972	0.426611610282415
-1.18589026542564	0.982947667164493
-1.14287188267545	1.26949030302657
-0.448825572738314	0.331828984385263
-1.47968678428896	1.72074279497138
-1.30429987652935	0.828271156658915
0.0203402908244636	0.00837913723521916
-1.70654249814651	2.50835633556438
-1.77062819418781	2.36411292623729
-1.61617256454617	2.27036084895753
-1.4550127771755	1.71676374779289
-1.66228036698892	1.89247706620042
-1.81779914733239	1.19956401612468
-1.68807363949358	2.27554398634091
-1.23943952484661	0.968688785116327
0.286527212213269	0.181993706327572
-1.0728426414874	0.357886269207487
-0.267005776927718	0.143797374397779
-1.10288458441811	0.647479303401401
-1.41069849602536	0.789121281993152
0.34035750925187	0.225141075942225
-0.260958755379458	0.100420864850041
-0.616157616758762	0.344680891658242
-0.643012426865655	0.52641173627937
-0.602641233925917	0.369976733307642
-0.11659701049583	0.0512876206117121
-0.265588900443056	0.144980648592493
-0.402351256023376	0.209485961864153
-0.617336617652977	0.379542787386835
-1.0851880644327	1.02029466167204
0.258474344820746	0.156458628173309
-0.769861559113949	0.830002507887712
0.229343001649226	0.118865657430931
-0.243534844673773	0.131527086303032
-0.263970595126645	0.136011175735376
0.903540879851957	0.575678222213966
-0.638473558176027	0.483968302831973
-0.220235512597817	0.106238458306664
-0.436218393504667	0.239728403492655
-1.00482800887332	0.578057591911564
-1.23607040124632	1.23707659156737
-1.33580724941345	1.26684414987921
-0.529992380155115	0.271315269715235
-0.672830438496963	0.490104861559194
-0.226961489121158	0.150345871014606
-0.760834614199713	0.526667250158195
-0.425210515547802	0.233066015503436
-1.3946851443898	1.84462634272957
-0.221838100183733	0.107134322361488
-0.155806403311642	0.065435270584255
-0.895996297567667	0.492817841258721
-3.81815917706376	1.59505751292442
-2.52953629729231	1.57761923893858
-0.42108664664237	0.224360127856218
-0.402746169403528	0.187502307371999
-0.523361741367587	0.331630503358507
-0.989494615718373	0.765160729514674
-1.44772395014361	1.00111588781702
-0.674096124516838	0.325126522014245
-0.992493784149843	0.554743060380766
-0.111343090262667	0.0564331911412394
-0.384698422316719	0.264863493243154
-1.36171888021777	0.955149866517407
0.39533812517853	0.205949829638013
-2.52484817223884	1.61961676824783
-0.540865545291394	0.352426792453074
-0.41638644669199	0.232879109230399
-0.753402334807394	0.50873251977543
-1.07215689583087	0.941793590601192
-1.0737355096883	0.982478286415556
-2.43073716060722	2.26286388831682
-0.312786565485723	0.155037121668701
-1.18367919382023	0.592069415436479
-1.22384107744949	1.48138601173338
-1.66844672327589	1.31786905888791
-0.294466442153919	0.211019284722971
-0.212365586644465	0.100918079006083
-0.676726181981801	0.547947955688439
-0.0220916555370336	0.00844143331635079
-1.26212642572253	1.34991020581803
-1.17771530485275	1.01814701463627
-0.540360595294281	0.385139518590178
-1.41402252306656	0.802991802628973
-2.32844905346166	1.36764451906635
-0.806819692097297	0.497509990187187
-0.0329067461392897	0.0178409057707821
-0.36420231111058	0.21108219316176
-0.916482157761547	0.579108389084123
-0.902864317125772	0.585832074455902
-0.319857045266004	0.164206071752839
-0.628240006229971	0.342887521356835
-1.27711967622844	0.78993624138824
-2.53153237411087	1.59515651801067
-1.44989696858866	1.50267987291641
-0.424957515879023	0.302529066575193
-0.356066187723008	0.207652544883726
-0.657187002334511	0.465360800730888
0.333861758307989	0.197990852646028
-0.325540447365153	0.16526250708305
-0.672483284544879	0.47971243729128
-0.913185302036324	1.05365629814086
-0.606747790843999	0.365071078029283
-0.810557312461532	0.49435173863082
-0.37020910687813	0.269580942083191
-0.809267033715657	0.474805928760739
-1.28588398648143	0.845503271288918
0.542355095219033	0.291673890469618
-0.187918915398218	0.0931392812133085
-0.288820148688259	0.129847947309297
-2.22543464499199	1.2254702235404
-0.902490838930495	0.482962263123721
-1.67048881319688	2.06886163552179
-0.448717067748628	0.325353265237863
-0.645313873560217	0.482726467345127
0.12324631121634	0.0582394191276317
-0.793685692202689	0.407858248789684
0.75280459992923	0.653759536894062
0.247232235696766	0.120522913590872
0.0665775484438261	0.0320702779819248
-0.542072382457576	0.232574305945408
-1.14824391349004	1.13399111639868
-0.530374245453836	0.344454029122268
-0.710701770943754	0.616899412632034
-0.547035430572565	0.259550421423138
-1.17790660952933	0.756088314759898
-0.228787911489094	0.110954495620896
-0.419848376147398	0.341893471118761
-0.776829730870543	0.396818356945113
-0.407250215524918	0.341911649098472
-0.328398058522776	0.241251639824861
-1.12634773263974	0.922937791806134
-0.81655528233869	0.712812152435853
0.00495054129993617	0.00295497884469677
-2.33001764130866	1.3515443265713
-0.0629266338586981	0.0395630744588912
0.376747492459185	0.246897693209546
-0.651541966713071	0.455872979273853
-0.165343928397383	0.082144132226765
-0.352643170533071	0.232311110316062
0.0845512101692251	0.0520602890407849
-0.831657779849841	0.722154899412437
-1.52952486419871	1.4430569012576
-0.270523760356986	0.152042453217655
-1.65443489221205	1.34976321464046
-0.360199653789205	0.19793401196865
-0.773778622000063	0.80901492682707
-0.670280189826005	0.519561909158647
-0.116596681082838	0.0707133211880313
-0.0526712832123095	0.02463725793457
-0.814037491101246	0.565339908283356
-2.23009054740897	1.78342065462702
-0.728829303480909	0.59416899879743
-1.19313373074854	0.602684675509179
-1.94850235163287	1.42086659443225
-0.524106397677593	0.266245227169713
0.0908183528997131	0.057512190398355
-1.52367720464312	1.36493865927927
-0.229673389512438	0.131668393957887
-0.269043751322143	0.169527436729931
-0.638865526709473	0.533943741416307
-0.589454256561588	0.390761582082614
-1.25600301610172	0.808068182916779
-1.82673145342655	1.66769495915629
-0.800253704761249	0.407794986040301
-1.25728959584767	0.977951870747315
-1.30173653167245	0.825232180639564
-1.72183591490745	1.14339078924331
-1.87542848859539	1.34546406812996
-0.918927695000266	0.700887724876382
-1.54471911345935	1.92196022750703
-0.982812695090461	0.961651834997723
-0.138421737610178	0.0836917850569832
-0.391465208421989	0.225184090485303
-0.806832897003004	0.625589937013409
-1.13412112025484	0.832094900133454
-1.23458435138423	1.13588070059074
-0.697660505485256	0.406806342532442
-2.3192920813889	2.07029324680193
-0.267939887570321	0.145622646336504
-0.593742795962733	0.485680617888413
-0.00131757547472451	0.0000707712872436297
-0.210740743089138	0.100342836912205
-0.155382058733921	0.0851382675716946
-0.406751808474787	0.199543079406295
-0.29478465194152	0.13420883624797
-1.29330962770427	0.862065567422478
-0.683476131997669	0.568516097936069
-1.04890663677071	0.714139050985872
-1.50079081179531	1.83737198298028
-1.93073106298157	2.2158680686465
-1.18983248645794	0.773972309457414
-0.781448664136853	0.387703665953165
-0.238594831006054	0.137492715261486
0.18624411406223	0.110136675302987
1.5862316583504	1.71491843932193
0.0955083010914587	0.060086779972543
-0.571259522289792	0.369448908569368
-0.499509029347548	0.310891250142686
-0.885392599675264	0.567239738114045
-0.407614577892953	0.24863546374574
-1.18730544679527	0.72833658996591
0.607673149085357	0.359597845731597
0.68611049788982	0.380873497972318
0.575946765936252	0.390484962842287
-0.61730390721236	0.56049300226635
-1.59065328807668	1.23772078666079
-0.981090879267815	0.911673336088666
-0.330353552725218	0.166291750550393
-1.76890995609937	2.28781663627602
-0.334186854273184	0.168354166194649
-0.237898329219895	0.157415878619992
-0.619526299347617	0.341695803957218
-0.0419149971311363	0.0215107675209092
-1.06585283717723	0.883156689873169
0.179104596323384	0.107342247315016
0.105099744887006	0.0577107355501172
-0.837369382725117	0.596436041453806
0.897412812854843	0.565404673345251
-0.460608087434396	0.377223425221447
-0.443505581844269	0.375194602527126
-0.988471566627634	0.788181074719624
0.0809996395379382	0.0522873491010084
-0.573967894591005	0.460654083408701
-0.133565531064824	0.0817927756282449
-0.690239930948349	0.326775989107003
-0.130854283996531	0.0748866176885107
0.0840361972859133	0.0442905310889831
0.563887567931541	0.430227149111503
-0.407362074397197	0.220794492148292
-0.114441721552887	0.050778435646745
0.0350821651825796	0.0157943541634298
0.0608754477220076	0.0388251881770887
0.468423649968428	0.364166638108787
-0.838371649062649	0.572836052527601
-0.148183486128287	0.0966346049592556
-0.954073708955826	0.646326827996668
-0.910098401688723	0.685600177368605
-0.967840289033086	0.73188686300927
-0.510198381130149	0.323544984236541
-0.156240627503378	0.0648910552145489
-1.58759639959583	1.23538482316236
-3.52149635441226	1.36410181417727
-1.57928795986122	1.17848278256897
-1.06625333199744	0.836231042179014
-1.43202255831297	1.30534243479548
-1.09155934794922	0.859967356724648
-0.76870190074514	0.753378598826338
-0.304822158027643	0.197787322614414
-0.74321057156162	0.634921510271605
-1.51630363838644	0.892504468202534
-0.158838523092625	0.0813904746155535
-0.695190587924867	0.390086616548417
-1.06989375332919	0.49793800118629
-0.729095351485094	0.429891841594803
-0.512251510780341	0.265336291344342
-1.20753713577247	0.589479186202102
-0.859584034882409	0.619978331949618
-1.00374722517393	0.579173582324296
0.313910038391308	0.125762230000791
0.130932327332211	0.0617802149692854
-0.573148856596523	0.337014950299639
-0.442499997440654	0.263766667051096
-0.0772587732470503	0.036987602922702
-0.160325363642849	0.0642017952117934
-2.02930677503794	1.00845893534576
-3.97567982309295	1.70800983580491
0.548692294885492	0.36123956834622
0.577783829031499	0.398736793927404
-0.918159972464447	0.58513630916589
0.094938317103937	0.0529065899948339
0.0119598413630351	0.00593173434898559
-1.75635580289125	0.793444868497383
-0.592684429540545	0.395770028520548
-0.312494783664073	0.157141679939903
-0.662932059178017	0.320995048145563
-1.77369545721976	1.19222928824968
0.584567990894561	0.489039645333166
0.0395857012296283	0.0196168745496959
0.272268911621638	0.137341842614352
0.281570183732543	0.127836198840716
-0.522424977025204	0.268421135905775
-0.000143461405771024	0.000555828623582888
1.08502743282053	0.766375749617877
-0.709934665300455	0.564210434689522
-0.584897686428445	0.361762580679549
0.281143993862108	0.134660032883643
0.526586510859181	0.328205734945713
-0.642518783558186	0.435114054887502
-0.586075335453295	0.348327749197344
0.1760980728905	0.103844637943364
-0.965345156467801	0.921077061721021
-2.333455356361	1.3782642586345
-0.303837938875975	0.224012751984384
0.97110840868223	0.429894977896482
0.115848435646858	0.0744940168648319
-2.50950629000591	1.53161103526063
-0.615475250159774	0.463278985603785
-0.0914100204592325	0.0324642582411165
-1.902816029491	0.872998657964666
-0.708558924895996	0.396270857277226
-0.351412268708662	0.238438591711821
-1.26063300883227	0.995704372124251
-0.902003694844482	0.488678003432081
-0.662895135491464	0.408357047465847
-0.895976749899818	0.462456300464084
-2.63433219438762	1.7052425689298
0.628178131274496	0.445531927464677
-4.67535262400805	2.70029613526953
-0.258632930159557	0.0990366247828828
-2.04856345383205	1.43697057163285
-0.169643596694463	0.070391309939156
0.136323403621371	0.0540239247855963
0.224582185827473	0.118849022866439
-0.892643979282525	0.561390254450376
-1.27016855954983	0.817843845676881
-1.46437421381565	1.49404809316963
-4.20532719911299	2.00365151506966
0.308536246017821	0.181729143355294
-0.14811689019368	0.0848245567087216
0.656856680592659	0.563734277282402
0.279767097485588	0.127841839995305
-0.0635997291018448	0.0306286097851366
-0.0786513168313929	0.0398431557007355
1.68832431216442	1.28633842111035
-1.43448549566462	1.64144524092394
-0.707092113380571	0.40834998290515
-0.0451286370826827	0.0276849471181085
-0.608169742070381	0.334790002068205
-0.623385058658374	0.3378558331065
-0.352429736574032	0.242459474830991
-0.11165498681045	0.0503114583472294
0.638512908365603	0.412597009134129
0.544081413362614	0.325634958706784
0.342494522801636	0.179055096930433
-0.204707436770439	0.116305252201746
-4.58903984748582	2.54727737927138
-0.0798919933713041	0.0408805031353247
-0.0607698404293248	0.0288405438217691
-0.975189274722142	0.650959553045799
-1.19656608731774	0.607465877496725
0.946780119609839	0.762093580382896
0.546847726240761	0.34780281426015
0.0446397034749247	0.0232658083093071
-1.06561012227261	0.762138927547908
-0.678904487449134	0.434520478626562
0.952252675779014	0.712617880739305
-0.228721511800287	0.141111647692483
0.0518341984196208	0.0253268013868835
-0.520485314851992	0.269047400281773
-0.229048873928224	0.131383962627415
-0.297392760243991	0.218771653044046
-0.0565471935386528	0.029144756904107
1.05592074805708	1.10396163517525
0.173821815499672	0.11350994353438
0.244338451821317	0.128661649786733
-2.04134860111407	1.57946121350515
0.656476611022674	0.415011322566234
-0.613961538183771	0.326068548818196
-0.895877175044023	0.569782376899546
0.94742169029673	0.702106221992449
-0.875753964640612	0.570533879295328
-0.606771162954895	0.40701565227765
-0.781452933184147	0.394404794319425
-0.306775116420762	0.188509341523983
-0.910409337726231	0.949374943278157
-0.993295558243219	0.855848698837042
-0.446413009124397	0.302444532552903
0.731303058677322	0.438517806695926
-1.17695091635884	0.731430135872277
-2.45109024248772	1.48194052874998
-0.411563394704908	0.306747008575406
-0.794170670834319	0.650260219770814
-0.580551410004308	0.430447821149437
-0.425826129611859	0.234884073206739
-0.939604585897608	0.71073470235783
-0.33805191151716	0.187120425551003
-0.069461884224002	0.0400182405274213
-0.531138229208141	0.381162078075069
-0.790028939113534	0.464929250232693
-0.248747396782614	0.0948946367635893
-0.772829990664354	0.523907291201981
0.28287413069928	0.136769619497031
-1.52895988802519	0.801650972388631
-1.78994808593937	1.2081467492585
0.303848966204155	0.21919634501343
-1.21564042446195	0.739271849959659
-1.92863578406739	1.37754575884787
-0.774470596822598	0.662870742377602
-0.053144855652963	0.026264472943054
-0.405227938143095	0.310868687330193
-0.605176509663438	0.404702905763973
-0.581746472013936	0.383600712112342
-1.12980159102317	0.819316657679723
1.18463534719116	1.18393758000771
0.630814239210796	0.471956802915412
-0.509817230824373	0.331172600543722
-0.886359072888346	1.00666611557825
0.868298691391202	0.759860017517824
0.655284783476734	0.528077523011775
-0.236243539966187	0.115122708705591
-0.3290433812678	0.164343941756766
-0.106738317290392	0.0640234325293981
-1.00723464873334	0.589764185783501
-0.530077305397002	0.273392123336408
-0.622677176569132	0.234080035152868
-0.626860189440094	0.353337810101217
0.151486230761761	0.063787586463478
-0.136323624666657	0.0727691363092324
0.896564784324006	0.551923630419467
0.259133465116324	0.17405402896561
-0.401616601363136	0.190711494315419
0.313390665363223	0.184762492936008
1.63045422604476	1.34302845979329
-0.885108807895557	0.734990125098002
-1.08020967619729	0.638120656510352
-0.666692108012486	0.519988903177162
0.0964676272444151	0.0324374119478731
-0.514788913864063	0.393888750374731
-0.153053607107669	0.110130924640302
-0.195637157138916	0.118985849518653
-0.571137952119974	0.340777391405007
-0.338548758038556	0.207661977655632
-0.288318154661524	0.197140981477108
-1.0631834409008	0.748325535845306
-0.133128847293743	0.0784071585851185
-0.418928274506892	0.320357742926617
-0.0507199306384606	0.0307336230948209
0.584242727456771	0.400666678384192
0.465644902104231	0.351913852177579
-0.617315844159441	0.618140540972854
-0.741305713232682	0.418860596418488
0.152844470893277	0.0794174197540513
-1.06509018125513	0.758653680257759
0.433526227525186	0.268741718797705
-0.95936540579978	0.736271702164166
1.90634752213627	1.8953088490629
-0.117176954029817	0.0715827218002384
-2.89683899717363	2.23226252174597
-0.762381922049951	0.52839012899055
-0.79184424187434	0.643230261005066
-0.141781690076822	0.0766196899888502
-0.319419121822809	0.161871012775491
-2.71609186847295	1.80740606573792
-0.619867935168831	0.426062770497128
-0.570293854377777	0.362754701420777
-0.530963939645022	0.530281139133276
-0.475947859960153	0.442792443639818
-0.896150295407661	0.840780820520451
-0.763903632271532	0.645341083824149
-0.591689560716212	0.429280396245802
-0.25323695487198	0.151735963348275
-2.5046153788503	1.57523501008741
-0.459400334781962	0.334837860147596
-1.08579674376274	0.883899152151477
-1.36245173828283	1.11870172569085
-2.54761309128876	2.54587213315449
-0.405843991946657	0.219377705583133
-0.476856331931619	0.330920798831263
-1.16042195285963	0.981553627944565
-0.520584250108421	0.305307037014245
-1.30314525816947	1.23787772237183
-0.114296126808486	0.0510731045626918
0.373587975722033	0.188617345478142
-0.190894796351022	0.125577381298704
-0.345705024847804	0.245523179374839
0.0528413343808364	0.0259335223708033
-0.239042981013802	0.136067828396468
-0.590261567970922	0.441721021027508
-0.856872541749901	1.07252646046417
1.15852992919744	1.07147489775216
0.585422054057552	0.409562908546829
-2.76233089532246	1.94378823080839
-1.10814036413354	0.947025544198779
0.087575608352225	0.0500330987755408
-0.385190197873556	0.268797942889968
-0.592576207923481	0.475545360780611
-0.213424903711163	0.144422013445849
-0.14755105114366	0.0863685770476064
-0.214053945016184	0.1290459141249
-0.281601315442988	0.194019311651546
-0.72317408491389	0.411601321449939
0.0262312619173787	0.0104926995177202
-0.206371748555663	0.115931873577497
0.111443741010138	0.0602335286446038
-0.629023303773004	0.381172798318964
0.28494597580831	0.116852094702415
0.279009743226054	0.175981710370497
-0.284219349517039	0.128789984754731
0.0345808020282846	0.0180611771814119
-0.764885520990699	0.508211720488468
-0.789326791062204	0.78230861533961
0.0279206768424614	0.0137382899789538
-0.0653465462013781	0.0514104371410344
0.515531318882272	0.311615651960678
0.383921766439922	0.247505128331246
-0.288245662536965	0.213666081541773
-0.593172304554288	0.366127903279057
-1.04041370754341	1.0428944132436
0.758630237574806	0.736390092493231
-0.457281508493851	0.303527157795181
-0.215377595742109	0.129976607359784
-0.636629239026978	0.535090611412981
-0.482556915593122	0.35828110768521
0.133926254223596	0.0885105169184537
-0.530569637596228	0.441799721062329
-0.251669037667383	0.166755466672151
-0.420164581155887	0.255402921350834
0.180350874506597	0.106015184432109
-0.218117975658545	0.103277212325221
-0.207952244379328	0.0990574680948827
-1.46521836464301	0.992299553446201
-0.926852382636482	0.590273724800274
-0.405030157859717	0.211522054390896
-0.613737228793908	0.322216123329134
-1.06127772655666	0.484149654185016
-0.789902886477698	0.676833129793074
-0.616862521812662	0.690417844893249
-0.606076577182453	0.405884734020355
-0.575767393841482	0.391218121281275
-1.1621417215162	1.10312306250906
-0.3013855474764	0.194689792119282
-0.197684001400143	0.127624338439271
-0.22402012182288	0.130629653578095
-0.922838857523566	1.06941491150569
-0.499158877933136	0.250591701930499
0.772348551708222	0.523213646220251
0.536182272537785	0.385118539825157
1.10553165879223	0.840634035381686
-0.23887331314949	0.136605081319939
0.350069273523475	0.236566822661024
-1.76400293889194	1.83542717715365
-1.77386567676642	1.57946226008844
0.0192277216229115	0.00906361378963459
0.0263825904381859	0.0134359092887556
1.18157116745337	1.21753410347166
-0.356412872202625	0.210378204755787
0.234436477866454	0.132491297230678
0.0264468488413684	0.0123603112568189
-1.73721937918835	2.50046751006043
0.244281819276334	0.186004552350707
-0.0197846171228419	0.0113212188193858
-0.242585332665771	0.124940689048471
0.1476424757818	0.0866770898594056
-0.0819546754328091	0.0566668937129687
0.605769315928637	0.362427532744506
0.0258651163649077	0.011922181542977
-0.959225154641079	0.785818983649502
-1.02094816765546	0.970018415272542
-0.970573326259687	0.749707972568481
-0.864860242130541	0.619018135303221
-0.937227115175414	0.412228742777122
-0.242506422393864	0.0753160757356815
-0.187491917473253	0.0945241511600955
-0.508805805900502	0.264290563104851
-0.0654071902672866	0.0350208473974525
0.0410539369164075	0.0188851012868623
1.09095528932422	0.838200545184679
0.00670204345826501	0.00297402256745686
-0.22009534178198	0.153940474896887
-0.924853136965075	0.58939986464845
-1.46632447802338	1.31429884875794
0.0994547039537742	0.0674320234882063
-1.46384562602276	1.3516226754822
0.0381487353191396	0.0191097822062917
0.0364883737929746	0.0236732092615403
-0.447762546821294	0.265767515464085
-0.0691186254938006	0.031601531735253
-0.166839233258249	0.0817409803776351
-0.230377716458083	0.158447511725818
-0.6710339268087	0.605182940956868
-0.307346987829421	0.189634979574194
-0.288860451042861	0.184217218518527
-0.0707466217926313	0.0435707461927822
0.722794998726976	0.54230287283591
0.961528525473128	0.807172464468839
0.949640408201385	0.721407085078478
-0.771330491356991	0.553393303805731
-0.71245005894753	0.408388157067544
-0.66445987953399	0.470322955754022
-1.2377073200467	1.12032626096569
-0.52231263935245	0.338968467896635
-0.732910281780995	0.424772084638319
-0.706493426080531	0.508458216794039
-0.338913540006881	0.204471741514873
-0.884973600579116	0.538657111535499
-0.389092478623392	0.181085361310404
-0.421436100330146	0.256967944149475
-0.579008331944408	0.457324051906081
-2.27131365457846	1.87844475300118
-0.213479370952265	0.126153734311159
-0.608169742070381	0.334790002068205
-1.07052635527504	1.23773619381149
0.329242916593689	0.191464649379674
0.839715652887482	0.826984920089885
0.0560705197139611	0.027826679014983
-0.137438782891379	0.0720979259921941
-0.0241069702975318	0.0130951938900108
-1.32799956828567	1.07895447099743
-1.48762291282695	1.09350936365853
-0.727155093274387	0.582945699849806
-1.33047792851111	1.60303969355798
-0.0883093614591507	0.0499865661795782
0.972315177884619	0.834836418572444
-0.71120626645177	0.702940510305768
0.0404072826809526	0.0223139562317105
-0.586810687345556	0.404252516876793
-0.0269332337387136	0.0102833995882518
-0.952556245574215	0.608563602738124
-0.398196805796573	0.186844342685566
-0.18611379815089	0.119239569053288
0.859294830959566	0.491510617691886
-0.526451752638671	0.371720666647201
-0.909253148577399	0.682046359754227
-0.141894411220891	0.0988876930926121
-0.594124848481957	0.354383668772884
0.15398561333366	0.103137709831918
-1.65520003805652	1.6874619147218
-0.533627032627278	0.341456795425494
-0.00552152030781078	0.00184476371537544
0.462931804407564	0.262120665716784
0.175060785050514	0.111393724653821
-0.580704750367066	0.400899791872978
-0.439965211308578	0.22780186717783
-1.96419454533924	1.95533363962866
0.460512526258006	0.328171017082722
0.0397240965362404	0.0193890807313818
-0.0796553278161003	0.0512283014090853
-1.74390038135039	2.01377363405859
-0.122842536014366	0.0525193030360904
-0.61082240463195	0.62635388239056
-0.536226006850669	0.274535487852283
-0.514540439514322	0.341639192652229
-1.20157937251389	0.907217241081841
-2.21941070872953	1.87853027666503
-1.37958294327658	0.95334624235565
-0.510255349845474	0.358737393446194
0.419135609157516	0.295765266074927
-2.71795964485802	2.97362816188843
-0.364871935538474	0.281932942674793
-0.145267469075256	0.0587914128581328
-1.41096653906037	1.40894289557419
-1.14295261918701	1.12651566113507
0.477484394472449	0.272931129725295
-0.137332479309866	0.0815115081906569
-0.520060055543103	0.363228138623045
-0.208255695599029	0.0986019834929481
-1.43448850204458	1.23210233927118
-0.216167251940599	0.174453013481502
0.619386528883014	0.445931589983594
-0.0775381992739038	0.0375958896705518
0.748824531807722	0.66198132019131
-1.01177193560329	0.576253096876058
-1.07488035737971	0.506664999003077
0.0231154714137843	0.0121687568506869
1.05493435782508	0.618703810019362
0.848002052540451	0.782109913669774
0.703459186176567	0.499665399148911
-0.353043701051386	0.258941570377108
-1.54163311769625	1.43067446212151
0.974934541165718	0.932237361633661
-0.145562542917335	0.0840574733576141
-0.563022803957356	0.519274016029172
-0.17424767201246	0.0909550488586756
1.01312710209667	1.11951607970518
-0.16906911238976	0.139557896237155
0.207423491404788	0.154474825751985
-0.214657286006917	0.148499008851046
-0.287050393425278	0.212152733119848
-0.418068734313424	0.300356776127295
-0.141317674622336	0.0950600845769232
-0.423764237665335	0.227810927757558
0.146824966645522	0.0636163455601504
0.179104596323384	0.107342247315016
-0.637493335872702	0.561857150403911
-0.982333174189355	0.652504846352112
-0.0475516274805065	0.0300096135669692
-0.731100981990657	0.544088190674663
-2.97365420742884	2.33733187900217
-0.296460412744699	0.176815843067725
-0.0525749833409204	0.0327245921401299
0.269029078963847	0.158605757755581
-0.353417664203624	0.21426078035901
-0.623562789312465	0.478564865009847
-1.32390394881054	1.50231494616824
-0.215526241063243	0.134216637669117
-0.274679839006561	0.117162293861966
0.029303999990262	0.0152849307940858
-0.0481315235397238	0.0278542334473986
0.641156457020862	0.411695747871686
0.237290462988766	0.119691677483302
-1.0688119862873	1.10915948808159
-0.974891225574381	0.665919619439036
0.759838453373998	0.458130498651292
-0.321350051993032	0.255204141745776
-0.55072817378636	0.396028951770902
-0.045017361466599	0.028151560085098
-0.746010275810999	0.501664546824016
-0.358504745340819	0.26103107303267
-0.667230330460702	0.654122307154145
-1.04860108685071	0.92904744658206
0.0163705391365904	0.00891298146533087
0.112891356897381	0.0631128647164734
0.0374089372580995	0.0205914556629371
0.878776678648624	1.02414515544376
0.437250634209759	0.275235796321891
-0.209903412453242	0.136762704833135
0.0290778791737524	0.0183252288357391
-1.72821828778351	1.52677518196721
-0.557520271721894	0.415206543136366
-0.232413111675397	0.109596140760882
-0.185406903261463	0.111699521060055
-0.98560399255191	0.793147548275902
-1.18056556106684	0.891541014597397
-0.629395847373906	0.341757515569182
-2.23541471571809	1.26370111462327
-0.78762667148149	0.696111479585894
-0.629823720131192	0.621400920131771
-0.599833223097515	0.457409961500231
0.761562303247186	0.449528258460363
-0.514719829902308	0.398418916456795
-0.601453443434196	0.549569631723342
0.240727609856849	0.111689570009661
0.915877110631725	0.623267652540616
-0.346147546199169	0.243945899068306
-0.975602855272543	0.66437409555562
-0.143246342260773	0.0852136635307515
0.141197491029635	0.0600584448242906
0.698850217397112	0.490463669296824
-1.18823035667442	0.591521814554059
0.251540299995785	0.152505643278593
0.036716787429437	0.0165908675165234
-0.393500185429257	0.354848054444683
-1.07421723457589	1.10571442293498
-1.50247334507204	1.41136540349492
0.026116460522821	0.0147260260910224
-0.00808053422430676	0.00455397851695174
-2.14306743942188	1.66625723414882
-0.0583893596832689	0.0317213739963148
0.275753580988861	0.222431142719336
0.0826759106857283	0.048007136460017
-0.350755276656344	0.315188282579914
-0.884275870705685	0.822391135923728
0.278978863417626	0.136551568787555
-0.292136895565394	0.229093845983374
-0.742777168505468	0.397852650003434
-1.44915879780961	1.46835337785127
-0.974004352114723	0.910072585288037
0.31983015027729	0.187151525280691
-1.59415238777591	1.80859789820151
-0.306676386272696	0.242871848908139
-1.55792843287933	1.71779828670585
-1.42024311840318	1.01923084887099
-0.0508366150006079	0.0282604443975184
-0.453491943383801	0.278300079980354
0.0258284849296609	0.014456030319313
0.252128085395912	0.208401742987411
0.153026740064598	0.0951047114083736
0.162867571778222	0.100569225596208
0.517467872822205	0.268504781415873
-0.813440778495372	0.484980281730601
-0.797961099024272	0.616554965116626
-0.330607152719682	0.19639490744989
-0.383054917479257	0.296122181350435
-0.357254299122438	0.198773548028408
-0.171384467230039	0.0690879572968338
-0.878366207758236	0.469956354165032
0.392824975645704	0.200186392717455
-1.71559720949972	1.78338328715305
0.425861825394488	0.291800392044759
-0.470983164809127	0.374691832165154
0.0214921846299988	0.0101519824623595
-0.662169431876983	0.657115847698057
-0.770987421646723	0.753823880620074
-0.62663937143403	0.525075883653868
0.397252387760477	0.297784954141344
0.409448320963293	0.245618271446606
-0.00318947043183913	0.00185264490053457
0.0501740269353902	0.030521163786154
-0.56943888999734	0.347571323663907
-0.269191556186698	0.118713060312432
0.113063595845311	0.0528968298735953
0.0904668166644441	0.04936409470688
-0.112202567732143	0.0496514307084613
-0.222318820627758	0.136271511700786
-1.0086045285029	0.78013289468945
-1.88100350736771	1.33500768962594
-0.975076059241109	0.652447141447242
-0.901398768136028	0.731887895019443
-2.75486895365899	1.95321674427246
-0.872511087643242	0.69888715150677
-0.198773352021673	0.147874040624765
-1.13850414633487	1.18810252300347
-0.589565337457002	0.398772133610065
-0.898538611444905	0.920567954893021
-0.568707356185024	0.388979863822178
-0.905340686201139	0.663657373230964
-0.681518634336647	0.414362748987918
0.377779337700747	0.282496474340806
-0.299375319434612	0.179479992100853
-0.969162741321136	0.655212383776412
-1.85870019014207	1.31772935604229
-0.0205196747142829	0.0140302438552178
0.38153609822793	0.246033261053133
0.327135096315252	0.226487665143538
-0.399606580446613	0.185165718392768
0.249201723721738	0.174251045600297
0.680564153642015	0.600273606153405
-0.90187733502641	0.595451152294354
-0.89397354264128	0.644442735342941
-0.183218446398597	0.0925798725365778
-0.0605407268923304	0.0306334548695806
-0.2652618326539	0.165149775166509
0.435645981923642	0.324736763519215
-0.0711783602020826	0.0340899427575378
0.845654405987527	0.598546821420861
-0.882081176607283	0.565510808080964
-0.184877020027477	0.0926656087836639
0.0488762947606908	0.0239458171234029
-0.132186902090854	0.0806390572302927
-0.66763286278119	0.529673284314358
0.101974679314083	0.0581846268432275
-0.773468694830431	0.534737379007794
-0.89868685253972	0.665857795919096
-0.778190009672127	0.390350965350906
1.37554380428324	1.2872955519437
0.191442006820181	0.11545220751594
-0.664163867252345	0.406999278996122
-0.509898439749208	0.417620438042863
-0.611499782505288	0.38205213380532
-0.511264931982737	0.32141575839321
0.391997596070564	0.200890871714688
0.2401713910347	0.133064741036873
-0.525034516588899	0.269211326309591
-0.765596738494586	0.628898457264311
-0.200400915857984	0.128949802008895
-0.106315241841337	0.0478051783796558
-0.423307186952858	0.231715602938514
-0.08074252648806	0.04097608020345
0.0577337390718092	0.0296999225455055
-0.308943373187809	0.212850271409048
-0.509814782323148	0.295211891526622
-0.754415816277478	0.737597276959072
-1.71265473228073	1.09796241633937
-0.362807994527698	0.281369029895576
-0.16463419375522	0.105351326224268
-0.444246723174268	0.244649908264265
0.947823630559052	0.772743942849132
0.28999766160487	0.195793790710667
-0.388441623346999	0.184352414915428
-0.522456689608631	0.322900923700614
-0.42677149024245	0.279135943316056
-0.220114904415758	0.149253688081501
-0.322672810272361	0.190536285238497
-0.0753540255908961	0.0373822482604897
1.07871972541399	0.707679026864145
-0.119997513454897	0.0686998440834969
0.286624987566827	0.129231192439817
-0.504075450393236	0.256023128570039
-0.678681424105909	0.499822748199402
-0.174735405977893	0.0893412205267663
-2.02169406798043	2.08109408903315
-0.272194245842049	0.122332803473007
-0.273425106595183	0.119220431829867
-1.2882929487527	0.472495939919855
0.135490566548652	0.0650495978143077
-0.0870281039969672	0.030743482832246
0.148999764701455	0.0713087337833192
-0.995841480077303	0.564823843515772
0.416018743591819	0.239294381632441
0.23405964554006	0.133490934284133
-0.83561833842138	0.579877559051958
0.200804058006575	0.113927493313742
-0.610620919899943	0.473201380735515
0.607298186820381	0.36141031182779
0.131455507378193	0.0563782371114956
-1.4421062603438	1.01535186119926
-1.05558162036143	0.737516115229213
-0.617902211907078	0.470278754009102
-2.13853411252574	1.66472262412596
-0.415977763368776	0.168917330669374
0.249348683153908	0.121750234073668
0.126669731955693	0.0551650312661979
-0.599274825963682	0.414652555374905
-0.0499444354971553	0.0287202019595154
-0.280383090706685	0.125999797803056
-0.460206744049097	0.260104885837621
-0.96559318004193	0.785665330168607
-1.99712413702484	1.44114796115159
-0.73446570010884	0.573453628728048
-2.02423405706358	1.48083386994169
-0.985191621492924	0.773262194419475
-0.659932592821298	0.483887721132012
-0.700727583593903	0.311773576717104
0.376202312961725	0.23766772414678
0.973496684386009	0.855560671703513
-0.239277006270538	0.151595991147504
-0.11351190618899	0.051104944649203
-1.61743046392399	0.67058082027604
0.269660037402278	0.120793236569565
0.4614553703902	0.369035381037985
-1.59079624387132	1.29383742325043
-0.801616149569973	0.458608566056373
1.02418023511339	0.53395658851542
-0.265030933789092	0.143242979446893
-0.510041091080178	0.343217885727385
-1.88622744750065	0.901260415859402
-2.37637362779889	2.09934914580738
-1.52773499357776	1.41474181491594
-1.40946053729217	1.24395459430788
-1.21472326984396	0.930584854898774
-0.540204867467185	0.386670387649658
-1.06434201774402	0.496728652436148
-1.19187995498753	0.558906633431866
0.134573161905292	0.0527382812136328
1.99758315198867	1.75800695423105
0.29957636632387	0.12201939436616
-0.641768718816321	0.370254598524743
0.602568313719698	0.287458993336808
0.749786863752676	0.464882935076159
-1.53124217145292	0.910590355457851
-1.3660299600909	1.53620026605048
0.117107430474426	0.0594480013115774
0.151561335956963	0.0780978955672896
-1.28415275817991	0.840892953358378
-0.118111752530129	0.0665262989745559
0.425053614166842	0.296379947902814
-1.18320692992489	0.74605663683333
-0.880630708918331	0.578118569620924
-0.725341792977549	0.57659672619522
-0.673749287036878	0.541063320885359
-0.359649634087365	0.226241243897317
-0.946778681202865	0.900318457704974
0.793288313492949	0.529249698515505
-4.79026966240094	2.61706816324991
-0.604445994536221	0.419054213540831
-1.04240821069327	0.730773475834705
-0.249656709544742	0.1293423959418
-1.00466110939638	0.58354857111831
-2.0278149737236	1.44353916366852
-2.10093929752062	1.7005612381061
0.375614997747794	0.23735876215105
-0.9085545971926	0.497287323356671
-0.822606065547712	0.625250962429833
0.0177557714688666	0.00745685587458384
-0.699537086731497	0.464645708905375
-0.42307017587437	0.26019350467213
-0.638780320132522	0.239756033006214
-0.423847259248293	0.299229331756056
0.11080050819207	0.0598255299411323
0.291794421320364	0.135080838060563
-1.10884291739202	0.951978265130586
-0.211981321485167	0.10289084725639
-0.283900336785967	0.130268287129113
-1.85470466920133	1.30096482098408
-1.06580335753058	1.20251660366292
0.183523684971371	0.10963196467503
-0.930689206419077	0.405889249817814
-0.537819694499385	0.391097655279757
0.531750682983417	0.316214176243118
0.538061459243337	0.285213999101073
-2.14126423991301	1.11945957918573
-1.92236675721457	2.5752670194701
-1.80333870329903	1.19732275010694
-1.70809491025822	1.47526800378141
-0.905829976451108	0.603574809348466
-0.503187173230415	0.390637901411836
-0.217942619054713	0.106824998120044
-0.242497856308202	0.0745985086594221
-0.928165091428561	0.407621951355376
-1.61822160796073	0.665179209731519
-0.259704537694093	0.0996998515611503
-0.303861864495483	0.156795563218833
0.260408022074527	0.129782903236222
1.28671647440105	0.696208714443861
-0.0496942300904074	0.0242178816851396
0.139181840786421	0.0599958891125039
1.511726497609	1.06250455792866
1.27130412477075	0.867684864622767
0.675514442287578	0.438519807788849
-1.52494236688867	1.05506832388102
0.269343135504814	0.169056311370346
0.375834344539176	0.206162598431205
-0.865437132314825	0.606036351596124
-0.615339483928883	0.323349096999177
-0.440291756166329	0.266529169281644
0.283432508040073	0.139548926903757
0.620556682176313	0.298064998249483
0.214845047833307	0.108596542618256
-0.898635850719348	0.596931084148101
-1.48008030234314	1.52347538958076
-0.819359353592526	0.653122321532127
-0.394638462673026	0.188285446289884
-0.540748422201612	0.384004290868897
-0.801598233323247	0.49232522441084
-1.19591227208653	0.734359330576527
0.109075438690643	0.0591499445164847
-0.64154550823029	0.346701779793517
-0.10518288667991	0.0465311027550481
0.00683272739616036	0.00385058816691784
-0.073875090040322	0.0499693265432551
-0.447277146637792	0.295697491856634
1.049326367191	1.1239267986654
0.0448871335205622	0.0222179043937729
0.134507269490635	0.0582108450426624
-0.0457561334247157	0.0235431813960898
0.442776232722569	0.261899368519171
-1.95949971042925	1.78881818698806
0.142771467984489	0.0738091349068739
-0.625539045194008	0.505278381405014
-2.00721428141333	0.996656908209517
0.78225980254624	0.519526913188268
0.340693660749068	0.188262782712902
0.118502031391089	0.0734155846376164
-0.137258333954452	0.08305601991575
-0.419995463773843	0.226664542981147
-0.0188647532686772	0.0071918588794996
-0.51519961867177	0.258732921373615
0.477961541095121	0.276434956453629
0.0247460880538151	0.00988807917035905
0.547201574273876	0.291705782090389
-1.16885880427581	0.737364967509346
-0.665023149050074	0.310348018872158
-0.210481170220971	0.133614236167087
-0.703610892236948	0.390232310554196
0.282876285170964	0.198000753553186
-0.933478968357444	0.408152995558778
-0.80551522048913	0.400614610991753
-1.79130349411936	1.58983222466667
1.40045062966583	1.2270790779064
1.05533365322395	0.592266893059428
-1.51945984089204	1.10514829013875
-0.0314794536118962	0.0119400319069748
-0.36873174746322	0.210429245321396
-2.12440458088607	1.11683359245193
-1.11904312944369	1.07348889931809
0.933993994466143	0.635519609874726
-0.80690887168715	0.765159408381033
-1.41771303804696	1.21657096869388
0.171404914015096	0.11518164195258
0.355222948347212	0.226964735755446
-1.14455112101193	0.773147626683743
0.453298276003371	0.287338018174458
-1.21512339999733	0.947870290085986
-0.335096473194438	0.205701624253648
0.123609572477584	0.0808590648403003
0.225404457208198	0.165341705993218
-1.39778077957078	1.15263240223344
-1.33230692449881	1.65045834311166
-1.48092540425772	1.95011264418703
-0.215990760760735	0.132834423950498
-0.935811427249546	0.410337852814449
-1.09262027353993	0.720623082531835
-0.655443573974036	0.636412423360493
-0.521514791486532	0.266114563505732
-2.53052905763132	2.58624546608803
-1.16998933963672	1.05978711883879
-1.29607418934266	1.19770223622257
-1.78848691651472	1.96996096087078
-1.02236805830709	1.03973777278192
-1.42300340810249	1.87457130101868
-0.517096540901901	0.273507736503572
0.247737066746827	0.123340019838077
0.631426226369148	0.682966187543857
-0.141363844830987	0.0979135736613662
-0.0347391051384311	0.0184926608475725
-1.39222851483865	1.15928132408666
0.0156892980938996	0.00935623062742105
-0.482310626257486	0.413863920574448
0.962209385851171	0.934030911715567
-1.33894377190029	0.912134717712073
-0.782514151627814	0.6460148927263
-0.458783617772351	0.32184234435652
0.453156477028098	0.346825567920224
1.56535248047025	1.76105102264485
-0.345550745763402	0.196706306618633
-2.59828833244497	1.72397590095339
0.155687371051226	0.0731894563687567
-0.599392843698353	0.40705042464975
-2.52484817223884	1.61961676824783
0.117812743189256	0.061200203384484
-1.70185824509896	1.73359635342926
-1.18308037941483	0.721022101028713
-0.61134473910724	0.363055931100274
-0.504489734770225	0.287861825814341
-1.17852605538203	0.762183137286636
0.566664574690767	0.206020861265899
-1.10669128310435	0.685046567740793
-0.929065056687257	1.01139660853813
-1.31801669508227	1.25584376560336
-0.12897711010578	0.0698021131572219
2.04148841628314	2.44865949882583
-0.770946480208703	0.589115615695029
-0.516473399610043	0.25746928461762
0.463250587728174	0.301914382751201
0.277723083305774	0.126864321692428
0.125439698715425	0.0473005376366524
0.865961281739432	0.490092631677103
-0.257993180121237	0.147963342261339
-0.262843598000018	0.0994414272960916
1.62189995002579	0.917474274111926
0.255772539573173	0.128649673418123
-1.757167323677	0.785545886007129
0.661090918694561	0.434945797830887
-1.89214379547402	0.912750959378481
-0.366583152196109	0.234206008098014
-1.61704177636448	0.688879454024264
-0.249515281803977	0.145479244521729
-1.2249700449164	0.964297218932349
-1.62523757168267	1.33559822371138
-0.263602081290117	0.143849581950271
-0.227584779931529	0.131280614239305
0.426935682454291	0.262511145826473
-0.370996552333339	0.232781164643314
-1.50996101751759	1.11791982871592
-0.442833807380469	0.292015116194495
-0.820060824306832	0.62963917328711
-0.404964225964172	0.193599415186287
-1.88759183971618	0.89068052944229
-0.778034094556619	0.52695411479891
0.273171220937571	0.17000008679093
-0.721214713667422	0.414600117269057
-0.897629638126112	0.664378105506071
-0.672365390134441	0.434077746256397
-0.284394450493776	0.124577675902545
-1.03764172823314	0.826339234279159
-0.728419635160041	0.423130572386155
-1.43124793725779	1.07956019156183
-0.15637969763249	0.0796167246831426
-0.391545824888153	0.254632702167578
0.044532892882581	0.0199722035594898
-1.57854366226103	1.23502566913819
0.113962301391692	0.0431035419177279
-0.824038376802193	0.48056102729986
-0.389953599469823	0.268368054550825
-0.179806769265058	0.0913102994352842
-0.282868590246311	0.143586563058637
-0.0821799717426047	0.0500046135596033
0.0976542433148013	0.0580567188414433
-0.272776276271272	0.146859541546439
0.0148775393905976	0.00750646820350475
0.146848876884204	0.075619977543943
-0.566664800907867	0.411732600194501
-1.02247212297664	0.926775540892083
-0.830852840704566	0.575533931352996
0.14697668103042	0.0635090859356539
-0.350961468157854	0.205701123560017
-0.157139604177215	0.0869954034917886
-0.217011784731646	0.125329388881719
-0.0659414261446406	0.030161394946758
-0.577664909954536	0.345755603606751
-0.864486742134035	0.604822102752044
-0.420899443216509	0.198109815419505
0.925790747509703	0.621005288689946
-0.138811770096049	0.0740350196915731
0.0292837232036361	0.0116239481848458
-1.00511574737383	0.583598037065259
-1.2904339015699	0.876590219777402
-0.85758785002821	0.674871699419312
-1.26094850949453	0.986354340687365
-0.951097413721009	0.797517783083302
-0.900791656885729	0.486051772779756
-0.450364836802381	0.306932861498567
0.298011304528807	0.102337924767415
0.0845606108773405	0.0285908562905457
-0.0933019437201779	0.0308858196847844
-1.28921304637222	0.462862440526814
-0.00701790984060529	0.00295009485367872
-3.32112060479918	1.21020607655163
0.015480665771631	0.0039883519427443
0.445814263739484	0.201874869017987
-3.09183480000513	1.07302576822624
0.0015547750555573	0.000720021214793046
0.0129153418849133	0.00344424604437407
-1.07381227391188	0.355463167451648
-2.01332411447213	1.02812325866382
-0.415774553228356	0.174043837678939
0.0339491005778029	0.0158108779975177
-2.41958421904818	1.47578411110666
0.0167206885281096	0.00801100103292616
-1.70561388263512	1.02544750128329
-1.62517365019824	1.02738762120155
0.855241397678482	0.500303768136334
-0.0610530264206676	0.0332786235221316
-0.796613665444015	0.405013607632395
1.07198983854606	0.63416557209065
0.356479795653823	0.196666523680889
-0.51083291366561	0.261525508530871
-0.613158548782749	0.321658597614524
-0.786437803052391	0.394561956455557
-1.09041116114469	0.480214432393942
0.311288336471997	0.107575169468678
-0.792981035774862	0.323944718420955
-0.264334732049905	0.101116468422521
-3.32488003028897	1.22287774231669
-1.52388878234959	0.907783245239447
-1.86013570603501	1.32594681750049
-2.97801716814676	2.36169859408274
-0.552969309279384	0.249275317490904
0.00480236737684822	0.00282108003706391
-1.69406682968412	1.11000630766102
-0.882101622402086	0.461382318861458
-0.889098376672946	0.568287684924911
-0.698019804944226	0.328957867813841
-0.296487368270039	0.134660313566489
-0.40578644825295	0.212165478642908
-1.42888180070888	0.800443138863142
-1.70002168580317	1.09679008311234
-0.553582626607781	0.242421254668192
0.288260589406712	0.127514240320049
-1.32146316796117	0.711807243276604
-0.0634904809985331	0.0299620043340397
-1.1963387751475	0.78283232050341
0.141358347687558	0.0554666388372241
0.0368587238422167	0.0182383038994925
0.141107079647528	0.0622696670631888
-2.13138603780192	1.11468499447673
0.134589519012438	0.0630235806820826
-0.12935431602039	0.0796891706451766
0.805903188658733	0.515437256928816
0.137369922570081	0.0596240583123167
-0.697846270630496	0.383498073378565
-0.408192795069698	0.164739187424329
-1.46442092379468	0.588269800741158
-0.627098298282587	0.228548627511608
-0.800343635281755	0.389646704950202
-2.01888611073408	1.01863087143504
-1.0026541402646	0.551871918196216
0.491521989440763	0.208775644478449
-0.0991570668214221	0.0349846242666348
-2.45264174641791	1.41846259040751
0.235686892222202	0.125024701289848
-1.50728195977585	0.859640463153684
-2.13555573194493	1.12567456392254
-1.77998757745959	0.804662624343387
0.601177662578706	0.301391026925996
-1.89725523413101	0.918429440872901
-0.540370046791183	0.239746040086724
-1.34148680665606	1.15235653511677
-1.0456027445211	0.849739094754366
0.143112085594705	0.0783850727012657
-0.885831665781887	0.484769296981856
-0.409464059216641	0.170680362432782
-0.55200374340758	0.240377834475106
-0.215222981473607	0.103845693121019
-0.415555904058364	0.197824067338459
-4.0893071890678	1.87661337779369
-0.329080199352591	0.200797716652408
-0.253958018955165	0.0957690926819723
1.71955981990113	1.60018502652623
1.01376190110941	0.528724746765092
0.69200084737766	0.484713483492047
-0.0480331537683614	0.0242504592887871
-0.274794132870892	0.149484619201606
-0.167284814772329	0.0687728067807277
-0.264334732049905	0.101116468422521
1.09144841067738	0.886790508376297
0.248491491556937	0.129472050031616
1.09135417739868	0.783303629808481
-1.4362532332622	1.06313735510475
-0.533122493085339	0.248347087201107
0.506642432671234	0.361511737902001
-1.11334359306812	0.816329372363677
0.650176958002431	0.537033370864368
-0.531163099768067	0.291457156851112
-0.0631018195059419	0.0301014678952074
-0.984327972696317	0.639271502973698
-0.909588091811904	0.485250019861304
-1.06080853354174	0.863476416738758
-0.497865697397625	0.373005302413343
-0.550709522578198	0.249742489884771
0.235997925622054	0.127348594135933
-0.633930535996099	0.330967714490427
-1.26321584467732	0.829001444831392
-0.933600890461784	0.397428874951538
-0.530836585333043	0.372795390914196
0.399137174601698	0.261000387691605
-0.746713752899752	0.559744084413228
-0.178135959490089	0.0877032469926655
-0.160168485662986	0.0654525808486438
-0.767250922887844	0.499115619366447
-0.791359283672505	0.607963597154029
-0.785612890522096	0.537534887425267
0.0500351904964492	0.0248268906978939
-1.06486117211326	0.758786676821271
-1.46879644853494	1.04705074227933
0.526153201246365	0.375248092920991
-0.755041273381386	0.498706365697202
-0.238045925338963	0.111938868037058
-0.0554003717804143	0.0283834900832671
-0.501820724220812	0.277612145601353
-1.07172720993107	0.886717462100691
-1.18878708146489	0.59549855631434
-0.823850488833442	0.613352886359353
-1.07129707615161	0.982546618178208
0.348566576876534	0.307807985540951
-0.0103690053378897	0.00596319902684927
-0.23840288450055	0.144861290341864
-0.143093751376426	0.0760411017655186
-1.07255310761473	0.635974992758935
-0.423981880198743	0.241169277981061
-0.839765550372241	0.837448901661209
-0.217863712969985	0.125307423005158
-0.504899581384884	0.292996954233687
-0.722291892276763	0.558172432667163
0.801602529607949	0.578884143345489
-0.167419679392971	0.0905881118652582
-0.606185773739003	0.442158861834961
-0.991147106156446	0.977399512296996
-0.762396725650219	0.609591190919682
-0.781538921660435	0.396430627601675
0.0901518422385979	0.0613521044373556
-1.09604477068319	0.680173804785349
-4.68103281375032	2.66996438295894
-0.75006882414534	0.506178698258946
-0.749340062953017	0.571034739850087
-0.287094040076165	0.127526823965176
-0.322402276465494	0.225646043492636
-0.488854884982485	0.394361884641721
-0.2891310251616	0.186065400450238
-0.815270005692725	0.410272489287443
-0.556458288753982	0.245378649701651
-0.39658899809776	0.158700161210157
-0.935939682823681	0.403531047598136
-0.0678455406135162	0.0323193172943079
-0.782743781088362	0.392953793586897
-0.792796898282561	0.408030378802793
0.672334352036531	0.475531712939726
0.110220464299068	0.042278849212325
0.117225992322105	0.0457600088439894
-0.898446335568579	0.472652231236818
-0.291714932969874	0.127586415650765
0.15827880794911	0.0756150774424034
-0.276557347600117	0.104057962168653
-4.67912242379946	2.56604961587439
-0.34077667948693	0.185006715801403
-0.255280831393142	0.0978643394356112
-0.734728072340163	0.549820884059166
-0.156271724320529	0.0638697085504653
-1.79343240871883	1.18498967209527
-1.43661916010181	1.0351562112242
-0.328555911830638	0.16664224763034
-0.729100357550587	0.414423166730403
-0.856502727163396	0.61988929825844
-0.98183444707901	0.651011851113338
0.81666117788776	0.582737365055567
-0.0199742886487598	0.0121204082065195
-1.9293520977389	1.86970231009043
-1.50659325469826	1.2753858676281
-1.28732278805028	0.841540419085295
-0.9643178868429	0.670170634943968
-0.788701007645364	0.324101818855728
-1.93484375715808	1.42902091437189
-0.305948945099379	0.191250175865479
-1.70154576315175	1.12343359370483
-0.884397058887648	0.470311339497855
-0.301110807841393	0.150391391175907
-0.573275404268643	0.382055989046057
-0.145259638316356	0.08883699001308
-0.517075936800001	0.293723690990598
-0.179151468527777	0.0855353076333494
-1.50241899519035	1.1105620266398
0.136455334221044	0.053215451018615
0.613437984838975	0.458138826561692
-1.51055495221755	0.896654468837009
-0.350631944064122	0.201462448591182
-0.974470464518726	0.762011863344116
-0.763483125677816	0.509893074562111
-0.317835588336079	0.179867209246555
-0.797233572505851	0.734977676559656
-2.50851589046537	1.58479079028914
-0.425794578096022	0.270835165656029
0.308951186072774	0.209538977386651
-0.521967648454903	0.391293709204091
-0.238081691801187	0.136521769270671
-0.594276536492663	0.364947391397418
-0.553613416477729	0.358371381252142
-0.889594751101954	0.48739606984243
-0.180013095926011	0.090474347751821
-0.830361915266758	0.49308851871674
-1.80770506025769	1.96187721695756
-1.30112220915141	0.863107391581488
-2.10528027365496	1.60955902374672
-0.327881201856157	0.173227966470659
-0.50018412161252	0.291392238383748
-1.58587148233903	1.50551298670972
-1.82501909189865	1.11651340890545
-0.393680649470571	0.187714720290268
-0.341205550802296	0.208915474805632
1.09920831128917	0.775894999546127
-4.40872946997531	2.28964260614942
-1.94589482069814	1.44522446417012
-1.18228359128882	0.898350082516771
-0.424152747086288	0.257176147073051
-2.69826294842758	1.87476077190981
0.326580072408845	0.174381433221707
-0.526510354779551	0.337499169427953
-1.51502831736252	0.861317482380265
-1.0007399129703	0.565631726541482
-0.994142916174064	0.576323628388936
-0.291444805243408	0.129681300646083
0.158425571209693	0.06923838597156
-3.52586750519355	1.31762822833322
-0.231926508383891	0.107377737913454
-1.41878937789832	1.03198213890678
-0.9375580175142	0.412318343527971
-0.607842363274378	0.31639495445327
-1.40865071904194	0.78494319014265
-0.0748021729001095	0.0375160460014082
-1.42092437410364	0.811829019289904
0.353107198942006	0.19771580841933
-1.86221282808379	1.33623621513199
-3.6972978132558	1.42352709168604
-1.26843119916338	0.936693043000028
-0.786877675220552	0.32394973064177
-1.47389147353029	1.32599523674744
-0.7020696767062	0.312806800384858
-0.750536832215822	0.478191238097415
-2.34982889226125	2.18499400557062
-0.938888433417639	0.817947835382756
0.422469591928893	0.278642190238881
-0.794577525683474	0.534375645463615
-0.220542005073256	0.136848616813861
-1.86772969902556	1.32481407549417
-0.701480715283805	0.533339373606392
-0.816875958087856	0.495402968941553
-1.29813206242727	1.04756467584837
-3.03420313796765	2.43090681444804
-1.83365900557056	1.60539217309644
-0.370584845886849	0.236832722810383
-0.790875900651361	0.835922551540116
0.317171266694936	0.209486997164168
-0.785505241602091	0.587483916832936
-0.212955033035685	0.13909859216442
-0.614770671626981	0.475414240417652
-0.14043684212192	0.0782164965410948
-1.71321430105283	1.4633145809515
-0.625077695026821	0.337694255736451
0.370704312490459	0.233535735939486
-0.156525871833579	0.0775328136304104
-0.119629067800831	0.067257040389341
0.29108696857675	0.213180778718707
-0.354202284152681	0.206406713224572
-0.761866513780263	0.671777681228057
-0.197677151471098	0.120739765331924
-0.502107914457792	0.3482667956268
0.0801670031437774	0.0508883816653799
-0.409436685117561	0.191850855951707
0.127548773468974	0.0497117094782794
-0.735144983708283	0.600028871897703
0.583208929483807	0.459710653586145
-1.1947121695313	0.602750568173961
0.828696682361904	0.641256484244274
-1.1821417416656	0.766280200010097
-0.575086592999011	0.336123908748684
-0.0687784356654489	0.0331660616306853
-0.444989789241937	0.322282484488926
0.196735295709417	0.118639327502564
0.0340249165671702	0.0156084685144888
-0.984809762235268	0.768197984033789
-0.80737338273618	0.62882160960598
-0.344770422715824	0.194285902281963
-1.25694135151702	1.42140278223599
0.187754034844861	0.113014470707453
-0.540338921472106	0.365512095325134
-4.86070596855655	2.85975361031369
-0.143533847498246	0.0823438321362472
-0.787662894419264	0.655248752473443
-2.83431896224727	2.11784287558479
-2.5855815738691	1.6808533842961
-0.589261912554473	0.365680216583233
-0.98694021856601	0.659371802386486
-0.519510313905037	0.387039905741925
-0.23702977651681	0.138070647634751
-1.64440628472574	1.25342853708782
0.144655228770382	0.0639016553501613
-0.277222080804683	0.102842647502872
-0.478227241011768	0.324857376980158
-1.06392273117113	0.490692028998994
-0.889941408316942	0.488724364490269
-1.29879078017298	0.682829232123922
-0.558797036447008	0.238502619492778
-0.196813329400336	0.117368337617288
1.86816326514642	1.51962157407491
0.603887609531173	0.35796448371522
-0.787533203014766	0.321148005720038
-0.65569489179198	0.301303001990549
-0.658173896656287	0.307995220728759
-1.46062205413077	0.567376752811065
-0.150020369522119	0.061744971044397
-0.983480903135388	0.660432981185963
-0.447141212503182	0.156601589905302
-1.5282591189901	1.09140346909201
0.283272936685775	0.110510969911051
-0.454237578707244	0.311903819334363
-0.6148461867594	0.321187955569884
-0.322195950691711	0.159591867663604
-0.359951794585442	0.19849982840841
0.148175805921191	0.0655433704561459
-1.19492035389905	0.593698859689245
0.654203733680436	0.526921095062078
-2.24321745587891	1.25622179677694
-1.87202961821666	1.32614522911068
-0.480274250806603	0.347773073420774
-0.286783478299819	0.190393181505259
0.588605563199516	0.409080038875369
-0.526253566608372	0.340741709735189
-0.797593651817067	0.622060076545675
-0.244701484516665	0.138767877544057
-0.41118475599597	0.18985592549207
-0.342241792068866	0.229684541062544
-0.410348819788884	0.166078941071223
-0.752432175486412	0.557240779927874
-1.49560415973422	0.830418964595386
-1.42937928994723	1.04189480431777
-0.693343682110422	0.321730878549384
-0.429524615966634	0.2374531428288
0.0234011784648155	0.0129554962943433
-0.746029384184769	0.556372268388972
-4.10262205615217	1.89782334525988
-0.410960751914509	0.221664207439851
0.702160892674931	0.38805531556253
0.278227463487555	0.193504890605871
-1.19757988125661	1.08815201259282
-0.333178061660611	0.173811363901023
0.272247053265488	0.169575764900582
-1.80736433724624	1.21258723790321
-1.06471172593406	0.498268645461943
0.232452439238859	0.148873717863904
-0.588482750848778	0.356045316139439
-0.295296049070544	0.157080543027707
-0.979448501247786	0.890320395243542
-1.78072230677261	1.60299174001056
-0.872075533882731	0.528184569978557
-1.39775715629066	1.41877163950504
-0.834578426264754	0.583382389355594
-1.43240745114207	1.04957522450939
-0.54558987263971	0.248453969827987
-0.335337334589506	0.193127391706124
-2.61635823593355	2.78029340947371
-0.697802971808661	0.447035978176967
-1.26267187715846	0.846839085868365
-1.89381778842127	1.74953380085417
0.00443259851065882	0.00244701712885109
-0.604352452457208	0.420916835956961
-1.366053710441	1.32911949311208
0.00585786881204631	0.0033657812141353
-0.508884796859177	0.323279481583462
0.286148244349669	0.196204293700548
0.199158408143844	0.109836803221624
-0.350661754613942	0.206350533285597
-0.303293375779288	0.194417526007527
-0.402116094376118	0.2637383944264
-0.320891831852526	0.165153421027592
-2.42674683489977	1.46496597104149
-1.44515331408178	0.756526558928819
-1.08083726435163	0.488809481819441
-0.894394395089412	0.469902017861664
-0.629402459532119	0.241710413150332
0.611900170565163	0.291591753633429
-1.0119279389794	0.577147655461971
0.276389582550958	0.120140324773486
-0.305898500054474	0.136198412163744
-0.79193668767505	0.323740455554184
-0.646522974436142	0.237813799960939
-1.02230990477605	0.573079926849713
-0.533347460253751	0.230380810490945
-0.501372077287004	0.3188068521488
0.287186308361692	0.130821774076085
-1.44005007819951	1.06428382362245
0.140030511083544	0.0541974216714276
-0.535995473718958	0.386398817878054
-1.19769593674801	0.757264013064986
0.0407757397468154	0.0184184119376674
-0.70131375611967	0.446777057340797
0.0240233677225757	0.015098754622911
-0.320870152332848	0.163707811461873
-0.521207145183944	0.297445572988104
-3.1367780027222	2.62330786426469
-1.0770444820873	0.498835291986792
-1.70563845512362	1.11841623275658
-1.48519635899748	1.32305199865218
0.00619021971444903	0.00444068460146588
-0.331671841170378	0.228255895797343
-1.73420405183745	1.46878523775032
-0.29155422499328	0.187649290921841
-0.0753807422795402	0.0341865281880299
-0.119635688083419	0.0677461401688475
-0.609913209351619	0.375961045143263
-0.833764900239059	0.571877971352859
-0.403310804391676	0.186403398391821
-0.365562459372867	0.254561325960334
-0.120203167273229	0.0692464816382806
-0.819688896451995	0.831125214776225
0.0702420727284325	0.0404915732247879
0.0315316934409407	0.0168164505455149
0.176806770043529	0.124398977020099
-0.340222488168417	0.193703278509702
-0.247340540441051	0.133489286219312
0.0306245609562218	0.0140486854226097
-0.743804437071063	0.401494904243789
-0.348776330843063	0.270149367737178
0.048725166169094	0.0236333822408245
-0.11612438729902	0.0505287633153735
0.205260029630439	0.122269799011873
-0.668809868503393	0.418291187477247
-1.35659802409757	1.29529063656646
-1.35043440957625	1.12663401110674
0.315889110009552	0.25172823920094
-1.00773047297014	0.912599695197902
-0.765186906506142	0.643242125130217
-1.61853790214866	1.27537423547091
-2.0246249919843	1.95779473383143
-1.32958039073848	1.11918896320882
-1.19051500688419	1.04633482237341
-1.17620327239019	0.864976261882919
-1.07892654295919	0.741783553740602
-1.57352800739284	1.46262667764159
-1.26577056512108	0.982118472109592
-1.76217471183966	0.796352087631961
0.021738048900309	0.0119943447193804
-0.735515390439005	0.647319344144134
-1.04577957281661	0.870811776408261
-1.70206886917724	1.66080237819114
-2.33006216476765	2.62882739315307
-1.09789741373722	0.941329822627484
-0.346647702578564	0.200951054117529
-0.277025601521382	0.201645890929867
-0.947157931552256	0.401512215302347
-0.685863013172502	0.326233878214594
-0.651875209402545	0.460748196594988
-1.89199157715901	0.906348887947021
1.96753895111597	1.48223645380515
0.0235719623535326	0.0114982124859269
-1.58289751895821	1.27066432538174
-0.90161010392609	0.449531506665761
-0.907288096621966	0.757751938290803
0.0215289619627584	0.0103804563853971
-0.442738987804005	0.149719436890101
-0.755237094338255	0.583045968409566
-1.51807501704108	0.904992043344329
0.659973640990132	0.614606772628534
0.221399823945384	0.124125673135625
-1.41277305344171	0.999591454215419
-0.660680976676354	0.425431361047903
-0.103155497356006	0.0607402362747264
0.271744866600416	0.164061232556232
-0.262352556711418	0.0987714677460831
-0.262325433510044	0.137174663016301
-1.05076002586883	0.817804934004474
-0.75238646247226	0.526705540808466
-0.66124423054211	0.473164736525461
-1.15126875232878	0.846892839894769
-1.21053408883687	0.599100663637977
-0.563063460676382	0.416838849602043
-0.277326479649401	0.186832874295533
-0.566394814740523	0.405742627789688
-0.0459194083456929	0.0289065777585125
-0.21169299483701	0.134606895089846
-0.383193645715789	0.243947327259556
-0.756672120593329	0.507820267837483
-0.762644836479982	0.521696805826359
-0.462883449905999	0.413477065677454
-0.47702304469578	0.262824843297971
-0.346894707400617	0.232380852594158
-0.590189622253344	0.431037332296068
0.648990054375002	0.541408323346574
-0.785298834254423	0.562153859500749
-0.436700478503786	0.23325985149465
0.152429675310973	0.0858681485980246
-0.0600113191640221	0.0375680910630946
0.0860167337803501	0.0594254914667873
-0.320612262774817	0.161912858278455
-0.993373692734315	0.555978355671041
0.936066620174501	0.653075411834197
0.394472764379116	0.298689684888464
-0.931474250374291	0.934591959579095
-2.09602916815013	2.21941688553132
-0.981682747560275	1.02618903126468
-1.17208035771358	1.15792718899769
-0.913253730173862	0.583876976571717
0.0323544037440635	0.0130717165245513
-0.543000239987203	0.270413930604306
-0.327898098721528	0.296373606717956
-2.25225970559149	1.87894232508207
0.177671713002087	0.111385599093757
-1.16322139209439	1.11561395803804
-1.66059791311573	1.26640644125191
-1.07576686696542	0.494875224062359
-0.313811154188867	0.159911635622041
-0.852355994393237	0.661583390372548
-0.294628297665392	0.185460577929985
-0.467997662803626	0.322750440142076
-1.13490189926681	0.859640073694621
0.132639348337636	0.09809480837155
-0.219206487470694	0.127699704388269
-0.349940735930519	0.295780399945909
-0.546573324751924	0.417013421326015
-0.263446108953141	0.172865062206115
-0.537002388847383	0.234882232080391
-0.552797658792118	0.238641737942873
0.938643000144331	0.654688119976779
-0.680501629367944	0.326945650759916
-1.71523590806591	1.11635045425857
0.812011038199285	0.413922979847314
-0.64421780092981	0.339638646656795
1.27072675379216	0.942104523477299
0.433829594852908	0.206095780130193
0.612789877436284	0.366349987849838
-0.196288814714435	0.130417668397422
-1.94241001815988	1.44235571245943
1.07315541597623	0.878211996041193
-0.518838633616643	0.298328268607567
-0.611019137451085	0.362771528932999
-0.699165452263826	0.536053037458696
-0.872959301863041	0.717224045061913
-0.734064617374367	0.38871028420461
-0.41485537741437	0.258277991870897
-0.912153284965512	0.668332075731716
-2.02769478882877	1.53782040089041
-0.762817673649562	0.704233537044376
-0.41073154458195	0.270107514466967
0.746279455020511	0.624722060401124
0.443107482333941	0.208288468003827
-0.206282693143071	0.125476834330438
-0.843944667177053	0.617318460177029
-0.845934687166164	0.603342494714116
-0.0744167938222881	0.035060598502611
-1.79509727799047	1.57387969015012
-0.375526784431989	0.270961380934447
-0.00804177279761817	0.00446523830646698
-0.607847771801632	0.381521896058843
-0.904689469060386	0.597054086243798
-0.269070882419338	0.147386709055595
-0.378074575145802	0.330497045680623
1.03676855783612	1.07549849820406
-0.817213509441204	0.629858928729637
-1.51763111433472	0.88717667819834
-0.0446831846351123	0.0243912898713081
-1.27154400474182	0.836835970019769
-0.996046287064956	1.03906826151298
0.632106735989129	0.492455298487705
-1.33875592277435	1.07813995193282
-0.839371794211044	0.573117442587286
-1.58213653268507	1.17681423953461
-0.419594817813873	0.200959509173878
-0.331294168681797	0.237848021706482
0.00351021893312228	0.00186717657625073
0.514569874731554	0.372836716388338
-1.09299226071151	0.65189380256027
-0.510833760153111	0.327273724732072
-1.94042623955892	1.36542863474624
-1.30171292853917	0.669824284612204
-0.238164753865961	0.131794636817351
-0.734011584281945	0.554153681299457
0.256958452851466	0.12713123418389
-1.85671260294231	1.67585153848838
-1.53574680707839	1.60903149042175
-0.417403690643381	0.19792583073707
-1.42953482414477	1.25486252853916
-0.418452371088325	0.239024587220391
-1.26895094929374	1.17810801815036
0.137014899377693	0.0860331098396128
-0.44875034495582	0.321810938671756
-0.541339130661341	0.478126520513125
-1.30165084680634	0.678553788664438
-0.105620064750102	0.036238384268575
-1.77276740242877	0.795858789086137
-0.940927083521162	0.400910837555638
-2.0099921818924	0.997171429155702
-0.724230797190474	0.405944611625943
-0.301304434357438	0.136156261322509
0.691492390958547	0.383879395997734
-0.606895469713433	0.328919359048354
0.122679574110556	0.0568132260434357
0.539463591520637	0.327328643672679
-0.304538890484437	0.135880479760203
-1.28118739136584	0.857925808579111
-5.04406957134398	3.31468566514885
-0.112078760564834	0.0490546535761571
-1.08836074194908	0.621069060598286
-0.416809617421772	0.246116737644181
-0.518669504863827	0.301019382421712
-0.214751777496024	0.102340967409538
0.74100160834059	0.456350716224462
-0.72727579874335	0.410981970570652
-0.419094118209015	0.22546069799836
-0.438898773319741	0.271771807737544
-1.12512698475241	0.851678802553153
-0.507532065123056	0.279942655949184
-0.0608327596634322	0.0308859715430598
-0.525821048361978	0.334996692206626
-1.03534157716083	0.849133561232946
-0.991765987025915	0.782663607300374
0.0123745447944908	0.0059221925479508
-0.453893423907307	0.15867311168819
-1.09012840351181	0.873671075275329
-0.958777293252472	0.752703154062672
-1.58474865964982	1.27088794692658
-0.323824323234723	0.167300951724033
-0.824506500251262	0.652723621590844
0.246812431428492	0.177011620315718
-1.18648056031908	0.729397940880332
-0.931490659820195	0.494909198578123
-0.903000276217684	0.591396598858601
-0.296892792644521	0.132491564748753
0.34984427392219	0.197354661238184
-0.81686939248515	0.573112227227206
-0.686444013804333	0.433160688935626
0.278304233780346	0.121513880366607
-1.88745989406673	0.894598245289609
-0.500085275618028	0.285489900052228
-2.40208806866348	2.19351662654554
-0.905002725782778	0.673103086241402
-1.49242669466527	1.0982781718976
-0.90632991039165	0.456456668578725
-0.278882957506824	0.149457858765249
1.29972940679006	0.74836557130056
-0.108184249039368	0.0478418287399825
-0.400468000558952	0.210111056492398
-0.897650423561386	0.838216750841869
-0.26091279897221	0.140891322617921
-1.66927560018668	1.73858195736547
-0.0766417811517548	0.0415388595429146
-0.882700237608877	0.573872464613879
-0.0588058810447886	0.0295860911009563
-2.76567637755979	1.99043460536326
-0.916663929400676	0.897239409999124
-0.0399916699049961	0.0214621522677627
0.100028815994144	0.0623837793330454
0.0353902912848689	0.0170381443439425
-1.19955967773912	0.594624871705245
-0.249814295807248	0.0955308167807054
-1.19906733459933	0.6075351963294
-1.30159339964098	0.697442110999837
-0.940278598708467	0.419893684245738
-1.76750329125218	0.761608967142895
-2.23043030262336	1.25422579636693
2.63106718343574	2.46376305381468
-0.435916687416786	0.147613860691897
-1.18684079062983	0.585615980968265
-0.402729023809242	0.163745730811611
-0.719614874036741	0.419405363784016
-0.778138144911242	0.390326464503502
-2.23268760279043	1.2132306188483
-0.0957336582762937	0.0335049827950398
-1.05019030021255	0.740920137718644
-1.27778429529115	0.87069384459404
0.143107256034986	0.0683311544705047
-0.539867541133488	0.348826609640756
0.545220873491749	0.336801323830759
-0.543648486508456	0.272581743439933
-0.402344087629316	0.194664555149826
-0.585521089982686	0.405329931491893
-0.521657775699858	0.358021468693373
-0.523845616440865	0.266416877426982
-0.914085820827648	0.573171867019866
0.0832848093211071	0.0282783961958145
-0.400675761596963	0.195272369270915
-4.30830820338354	2.12157970923197
-0.587637717585691	0.355636299136148
-0.898750818371815	0.690631808642729
-0.0102129874971172	0.00399217891971745
-0.50729343347348	0.28969367731322
-0.397705044531128	0.260704373389029
0.136104924025508	0.0575305322405075
0.842072123198056	0.784860441541328
-0.817080622366259	0.506310085471832
0.683335278860703	0.371454253404545
-2.13300248253507	1.14957278772943
0.132447673148323	0.0641727870668352
-1.19143271795562	0.825741914122774
-0.395261376386167	0.26070212306543
-1.20761967041035	0.567768839340285
-0.0937218891257578	0.0322379812918539
-0.490229507934101	0.328450391764776
0.010762119009926	0.00674937664057455
-1.41895550253621	1.04917402403736
-0.644205901721464	0.240686187132547
0.274648299934685	0.122916347329513
-1.80165628685695	1.23485355457647
-0.922120622921486	0.487681117590038
-1.7052327034788	1.05702891486154
-0.498153667699762	0.407378111472447
-0.814875166310467	0.379915596945633
-2.30332188994472	1.99211956107745
-0.429598266353769	0.306301327811652
-0.177142780988809	0.0886709838101968
-0.781395902399668	0.318556184991201
-0.118542575322463	0.0652169300801541
0.3285700399729	0.186717209950214
-0.420959882162834	0.225651717818412
0.278686622003286	0.156275401422453
0.400692788387795	0.200298080755982
-1.28198483282927	0.462594410304927
-1.89363933355065	0.890622157557779
-0.519662324847855	0.139505494309868
-1.88659544664929	0.893372657154617
0.693683579595849	0.300995511917553
-2.05433974854713	0.576107769870825
-1.28207481227429	0.473471454058406
-0.25301754616974	0.094412172786082
-0.172985854203516	0.0717733230156668
0.699590800915363	0.301868890884042
-0.459496279840481	0.155547395894627
-0.792868141549309	0.325164740633287
-0.803096468998549	0.323840661974424
-0.271705209166439	0.100821452543812
-1.7787031076133	0.772820454508427
-0.643551231310479	0.239812902474365
0.0875930198756001	0.0300917091391237
-1.63527642407324	0.672859371575741
0.133324392037263	0.0510895171390703
-0.800653917333363	0.409507165756654
-0.160076001994468	0.064849045634718
-0.777580364787184	0.308189687863907
-3.9649744965498	1.76884208379733
-1.76662277021825	0.791787510689201
-1.07560432584591	0.506373981696817
-0.461018063478401	0.156363339407065
-1.46603941705047	0.583389390662394
-3.53618191157246	1.25443245008496
-1.46794888549671	0.567750277619328
-0.238967145654963	0.0724168592993159
-2.22292660353002	1.21091943101535
-1.45522846411172	0.560246065559747
-0.0919646110486071	0.0315137704942888
-0.600643750721762	0.350776166133204
-0.165790769162561	0.0672492633575135
-0.312160039896821	0.159774091005361
-3.98199826654545	1.71327305453922
-2.25349383809626	1.24163184038564
-0.0250683229821327	0.00945661801126601
-1.28720112740479	0.45429560731955
-2.83701082493837	0.917156293169085
-0.519503582578891	0.135921654883701
-1.46148630165531	0.576250740418482
-2.61483174760978	1.70847635617361
-0.680230576215599	0.326524416542615
-0.92572053820773	0.404668060685216
-1.77696105464488	0.78747518031826
-2.00790299948055	1.0120628959364
-0.44050288686448	0.147239203969114
-1.08043456838936	0.361340664763697
-0.414208045431208	0.19256416674218
-0.443693212546937	0.154384665933085
0.100004198485394	0.0330396644969637
-0.838095643745156	0.253839784159447
-1.47096693464675	0.589068483824976
0.310154448981789	0.109367885817903
-1.45421686388904	0.568575438155638
-0.674829810631081	0.317372561176401
-0.634790134550308	0.238654509903903
-0.833408040905954	0.250484038706387
-1.61679540852867	0.681474236997958
-0.777264665493028	0.371276625683564
-0.0279202355839969	0.0102151054126658
-0.533940294795959	0.23167612307272
-0.276311555802631	0.115263521122883
-3.69887795936137	1.43026243783623
-0.0197313648726034	0.00773186456565565
-0.23900432545147	0.0741699350900122
-0.197970643342146	0.0928374150914381
-0.831974893269606	0.252927992747765
-0.0859228891455053	0.0296194285407457
-1.61297070616514	0.662633597213172
-2.53374969357369	1.61638352579523
-0.436387139295105	0.1757876099784
-1.06050876701814	0.772393500563865
-1.50114888788503	0.875794755681098
-0.20025901564824	0.0922779979136001
-0.0629923234852707	0.0316479795402501
-1.3495231612419	0.941755007171982
-0.982561958160268	0.654252064210536
-2.24605847277387	1.26273494871101
-0.173330185731475	0.0913341272773976
-0.528398577722688	0.27181477712977
0.133614662650361	0.0660194954210023
-2.82405434366016	2.08374723851313
-0.515888406882501	0.265177095034109
-0.52099440693506	0.268681058915851
-0.113676887834748	0.0513154467136338
-2.79965158865468	1.85130720366865
-0.225643784207688	0.106279243264173
-1.07656106122475	1.12512308482124
-0.759918915034484	0.528232791067584
0.126084427970556	0.0484061237664611
-0.388851538246964	0.220019498964957
-1.09088706429177	0.625249449836252
-0.012120171662879	0.00441475213026899
0.133613742897484	0.0685016326683966
-0.772808810938027	0.591169226013587
0.76028811188603	0.617888682122588
-0.78809022138417	0.403379408881176
-1.26858634521977	0.83559894834132
-0.352952689837906	0.208877455197688
-0.950987634711993	0.409230784114409
-1.33609516608876	1.0567774782461
-4.22543942081906	1.94858308131509
-1.46427595604439	0.57697885771139
-0.364411761492495	0.20989380759224
-0.193108974093962	0.114537988263253
-0.68788263700463	0.434098729947578
-1.21623936988974	0.729600603428965
-0.608513777724804	0.354956633441832
-1.25804985616619	0.804746943982086
-1.10046914355682	0.682416972251586
-1.13241971299722	0.802039229095053
-0.50400471404507	0.279257079473573
-1.45312655838481	1.27719105583332
-1.85628250552857	1.28603447388213
-0.320941743394274	0.164552335344089
-0.429190092263638	0.226750180568907
0.288249127661784	0.127945593678886
-0.803452551231657	0.29828883183199
-1.32304779260679	0.701176477994225
-0.633927925274596	0.437452561024713
-1.1980145470467	0.745687188944936
-0.675772292438378	0.482243510245276
-0.548198540836907	0.345312645725935
-0.402930188369466	0.209550852219702
-0.385187365099601	0.23863498792471
-0.423926600586409	0.194814996546066
0.144087036460867	0.0616100259174466
-0.79614897937093	0.408683544193189
-3.32001561112394	1.2286468506821
0.520503099128233	0.273544868880399
0.97430048238241	0.428999426932205
-0.710894370336021	0.403339728758502
-1.46634836871229	0.566697782961005
-0.632904648947558	0.354944188963066
-0.841584907418502	0.253607767209229
-0.778044839627105	0.376797417699739
-3.09514860705818	1.03749547577687
-0.0999607316335543	0.0444838958932505
-0.0798407761975889	0.0273810801394522
-3.52880016061497	1.31976579627955
-0.244346536173026	0.0764432926892936
-0.0256353298380321	0.0097563565422092
-0.613054915395838	0.324882184001739
0.135742423217605	0.0519429390958743
-0.562066922315549	0.240565302872233
-1.30708468522201	0.691149402679024
-0.239835231419673	0.0743429357564094
-2.5295840635037	1.62520870435337
-1.06112593111022	0.746275272505052
-0.204287950712702	0.0948022335333041
-0.599075269498225	0.37466961287525
0.0211204308588292	0.0114892847515745
-0.625622775066009	0.341738756649996
-1.1042481086315	0.680286960013074
-1.08024296915687	0.494893911366698
-0.223763279602534	0.104975272907619
0.0121744648587282	0.00631173218878211
-0.890288533979833	0.469131985697917
-0.604385335233978	0.342859645402495
-1.3328340299533	1.12378066169513
-1.41546136957051	1.03815428642313
-0.684753208163611	0.461388529858073
-0.324407800220882	0.169342290360607
-0.891358106422636	0.478614373446535
-0.641964961971433	0.234327617197927
-0.497277114018034	0.29874486130927
-0.262993502228797	0.0981634410339796
0.351763420346603	0.197944049952222
0.287735330662054	0.116728496922452
-0.600842961729297	0.321331094366282
-0.79913990972445	0.497846191632957
-0.170220743164767	0.0886853648037574
-0.702122558620711	0.392341449287162
-0.936905814078044	0.417313431823351
-1.09384456485116	0.656197085651924
-0.786932802819325	0.393976617695254
-1.85419278143027	1.30730356765904
-1.27965663134521	1.07435752509573
-2.52095446120783	1.61934794200409
-0.11161530047609	0.0376219153976604
-0.00747558849273829	0.00262719465891939
-0.0253733683347481	0.00951100257543616
-0.706313892353702	0.40579751703017
-0.954744171837007	0.633822420408817
-0.799736495847412	0.477061559345518
0.536915442667936	0.285128366357434
-0.623819474180673	0.228932856391285
-0.610779675078302	0.3592809991315
-0.217785860880151	0.102194041138525
-0.828502094065778	0.25094168663078
-1.63220358330882	0.681812031246998
-4.19791019641284	2.01921620753843
1.94056540988317	0.801039885015426
-0.783450214832148	0.320146696680835
-3.69629383511926	1.45543527845855
0.309214100843144	0.110363401502379
0.714235733388839	0.320574661157273
-0.812974627709358	0.559900591509443
0.282460297729926	0.112940887556903
-1.46551031426983	1.01912084394112
-1.08460582149024	0.62165260595876
-0.605300711353449	0.368383131953636
0.126132765395516	0.0488355593253165
-0.525142528729913	0.302467266005651
-0.292388818860032	0.194441944436681
-4.1000500773488	1.87629805087159
-0.354080638704603	0.20569491427673
-1.20439069165098	0.898872962259615
-0.0895733138771907	0.0307728445274892
-2.43642748014422	1.38023973476079
0.432638628989972	0.209008631619426
-1.6202387445172	1.02961793208947
-1.13911081251826	0.84514778223588
-0.754318998046858	0.491131175040861
-1.11335455235508	0.632688892403553
0.0929834550697535	0.0509053098106106
-0.225822951944039	0.108506946453153
-0.899755895605423	0.469118560112952
-1.05477184326043	0.483984657825857
-0.100579861441985	0.0447592755059681
-1.02997313183122	0.930925974118431
-0.418665930129319	0.170907655594362
-0.346698874284507	0.196305265605354
0.540870998921478	0.285576530962083
-1.49710626946702	1.12375082610255
-1.41882293998738	1.01734158928011
0.606348928998679	0.444249242419229
-1.94326022960595	1.39358034255731
-1.68418374551119	1.02188276303802
-0.161703295763132	0.0667103097848266
-0.285336150323175	0.126337766602652
-0.668654485033071	0.422674910601674
0.281459288074087	0.173638318906037
-0.523659391506286	0.254703775725871
0.219906159432957	0.114162319215938
-0.671737470215643	0.427710394283851
-0.233735783416981	0.106846710445368
-0.824921134058957	0.497151443166732
-0.709871359718504	0.398505784562519
-0.715037130374897	0.503256993141611
-0.605827064556865	0.329004710922378
-0.814653475165019	0.501753469815286
-0.843235681070471	0.514765619301569
-0.404320905777289	0.196440324795661
-0.591574867927508	0.407594845582626
-1.1091925492595	0.64880132032405
-0.803634399847325	0.401960690343188
1.05513417256409	0.618718313241888
-0.450202938203909	0.151285975284894
-0.0574625500572362	0.0293694536038694
-0.441277030946249	0.322557259923929
-0.989988004322336	0.56497876158373
-1.02551139505673	0.583764418765428
0.320503935554356	0.0931219670988443
-1.46099297268817	0.56497209976937
-0.241844219552331	0.0752485040642155
-4.30780082349972	2.09029521121432
0.141039172672283	0.0603807937030175
-1.21172156725856	0.686641593837084
-0.785708415666925	0.404274170162131
-0.403135917530531	0.16909940778428
-0.60838335043984	0.331158712631783
0.699854324870704	0.392716286368645
0.359716151891709	0.197230475073986
-1.31219976154931	0.705326199193234
0.271434424195956	0.118762784205645
-1.77276740242877	0.795858789086137
0.568277266255364	0.475498290462733
0.339607946483383	0.187359802233629
-1.86823581919848	1.26874752140774
0.020628248184266	0.00845475827732809
-0.897055649373762	0.475395280152049
-0.664825699353064	0.454115409243877
-0.977307614422705	0.550960820422599
-0.436772079469984	0.229221886184281
-0.735175290848551	0.564842015385722
-0.497503592820554	0.283937014021184
0.132672542019823	0.0684676837300284
-0.23490163618785	0.166866384185922
-0.214383044632538	0.128851288251256
-1.13417045240993	0.638672169863488
-1.31509540210069	0.657019985454102
-1.09486429433646	0.656295441053255
0.049704487428411	0.0243081877747563
-0.237461856591752	0.136214781814622
-0.447759120682798	0.157190994276233
-0.962643079530576	0.646935941776299
-1.34233322310989	0.905980179606248
-2.25102466267338	1.2538606944006
-0.943913153921352	0.682304290195954
-1.88919204330262	1.33663802437609
-0.311489931424307	0.156804760614165
-1.0890642857026	0.620813105115599
-0.6645824704933	0.424273294536243
-1.39607122438582	0.756013011217632
-0.819532836772517	0.398090585025144
-0.30879597223879	0.153838195640794
-0.125563286908089	0.0757983224493003
0.13830996633692	0.0838734885828108
-0.14560468449528	0.0792153860987618
0.639578474802571	0.403647418899405
0.850284226937433	0.464801409057579
-1.6391283375274	1.33479847526813
-1.44961935465354	1.05991481587898
-0.789453791084338	0.457489558312905
-1.76262876184196	0.791463275259494
-1.344726205403	1.13377380812875
-1.88848005925837	1.29537266776054
-0.416213159197467	0.198848311785338
-2.03644663768421	1.00559947860895
-0.417578946084982	0.203416115867712
-0.394114792838498	0.187458687664272
0.0137496411610965	0.00704380460263302
-0.111105433256046	0.0491686359331089
-1.30404490415963	0.675296541267879
-0.788243140340799	0.322364572590355
-0.795716033008348	0.330423083344369
-0.541246498148091	0.221105574229785
0.0144127031489886	0.00391569660959579
-0.713090723822399	0.390933744845184
0.709593517145443	0.321749793199717
-1.51642674054057	1.17337263909402
-0.277196918382459	0.119983364340537
-1.76941996191172	0.798517026810057
-0.16488861949356	0.0803557246487266
0.0413820527106413	0.0192163180391205
-0.589955164914285	0.360990066945922
-0.33279170704286	0.173392880269616
-1.0031527498278	0.575078134406913
-1.71015389224601	1.09219408037786
-1.26505094842717	1.01562720696083
-0.284206564745694	0.152960362789192
-0.896097744319187	0.482084215464322
0.287735330662054	0.116728496922452
-0.977669416148695	0.658760348086801
-0.968490103887436	0.611061402667871
-0.0585844067978539	0.0276623379172442
-0.161867409444273	0.0819269240094974
0.554094126744962	0.34644074454668
-0.764142169541767	0.838792613326621
-0.809572807660122	0.648627260516396
-0.605710269810581	0.319407806367329
-0.552898943533898	0.426517869596332
0.253130818037801	0.121174307845404
0.148011055250751	0.0649484345463078
-2.20598553532332	1.73168929091133
-4.42180542102708	2.27055730532522
-0.901839827965468	0.534713943130368
-0.232880693076642	0.13347099600701
-0.280430299194043	0.104552367523152
0.108988788914202	0.0630385586425119
-0.41234400389013	0.228381192952298
-0.447998346684168	0.278542017708357
-0.258210558875686	0.0969663746224535
0.962380876505845	0.720927188609341
-0.391624780051195	0.21708050472091
-0.20149431952625	0.123425469036653
-0.235472061298344	0.136399336568349
-0.427197328952443	0.259473579106876
-0.906297879247857	0.473408716218892
-1.31299115931509	0.660893278896423
-1.06712815197034	0.77098346025487
-0.477765564270269	0.329715859858301
-0.886180576223486	0.642859654314747
-0.718959854118516	0.41395735838873
-0.492789911699658	0.360247690055191
-0.719876448363006	0.378854573847348
-2.91530484833841	2.28707811893147
-0.210076600342129	0.101921653026236
0.125171768909682	0.0649352423476573
0.495732877063707	0.324641463259596
-0.673285454644668	0.323922831751198
0.115097981284254	0.0619511181220652
-0.842099570500066	0.583158072332478
-0.106529557356284	0.0474063062671528
-1.29031071965297	0.471244509692648
-1.72642054937037	1.09875264588816
-1.28501684137984	0.471749653468482
-0.946436980772808	0.401307127871957
-3.51856233104499	1.30804474671761
-1.28900474234887	0.472433305719735
-1.35044368718146	0.909320342439558
0.141074899263279	0.0629908314578899
0.423117868203369	0.193175504243949
-1.46061957813435	0.577061024615412
-2.49582076805792	0.739355067527278
-1.074876740847	0.35938944910669
-3.82521990339114	1.60354515589254
-0.524333926905191	0.277427011677357
-0.784193708016335	0.313202432941493
-0.898128089763844	0.466495515973777
-2.13685990097136	1.12944212758517
0.482086148507566	0.204807048606453
-1.27882386728085	0.463370374340706
0.147234392730234	0.0637989571090799
-0.44827845243124	0.157314833464383
0.29951625714447	0.120055140903827
-1.28886622712064	0.480829304316831
-0.166374833997218	0.0667887776587254
0.495069781932357	0.200787636060121
-0.774826237775199	0.397196709372432
-0.680168388999591	0.320174960826049
-1.63256473271303	0.693313185263179
0.0514780557399799	0.025079332027626
-0.781749331150124	0.317809245172377
-0.170463354131125	0.0870058744646128
-3.50265551196981	1.34769454815451
-0.83918257049564	0.250905796711351
-0.237212415301336	0.0748327439790269
-1.01081296623041	0.573051152809335
-0.960667452423719	0.397042105874689
0.134775178922472	0.0629705729573767
-0.63240716630956	0.338506501016628
-1.0984186511212	0.670014152192369
-1.00031399835542	0.563483463892087
0.653399763461373	0.416062974619405
0.134502761012033	0.0630870985624544
-0.889566375300818	0.653082874581209
-0.403851666097851	0.165553937754704
-0.455498369233501	0.152717187474874
0.0276568485642015	0.0114188151660022
0.00875383381249511	0.00380522497382043
-2.88041785973914	2.07282762515384
1.08575459544365	0.706796787253925
-1.88639089007176	0.901264022286009
-0.847699675477293	0.594285855610124
0.334611235920276	0.199346571876956
-1.67985351865361	1.04972542076183
-2.01512378760157	1.01866939480236
-4.07785833770613	1.84852594760428
-0.628932669960421	0.343196233318627
-0.104147267469067	0.034445524618695
-2.13713266347774	1.12942888546274
-1.76874520881917	0.797424904189732
-0.215742169977865	0.0994070207373353
-0.40395392739206	0.192672987271318
-0.521239785553401	0.140369579797354
0.734937320535682	0.440969755748973
-0.556293533241217	0.248919806537234
-0.254478054256091	0.0958175232165309
-4.23487527295331	1.97393348462144
-1.40612846814245	0.778387724870767
-2.02016899759838	1.00688194691868
-4.09726278595914	1.90282657935485
-0.78646343242416	0.319488556356472
-0.676014018450813	0.31241244278048
0.303923910777153	0.120702695096012
-3.84382866224434	1.60947385613232
1.91522446634681	1.90730437640783
-0.639260028651973	0.233252732365495
-0.66359771256721	0.321599774464838
-0.627802787003507	0.23772302269956
-0.256776497293765	0.093224576574651
-3.32600725437378	1.23438140630258
0.328410119270765	0.0920683609997333
-0.795642183409563	0.408560176278077
-3.95964086989462	1.72068379682166
-0.551885796621997	0.249232703919173
-0.219602148416032	0.105626249298843
-1.41988059794997	0.805140732674072
1.69781040388223	1.26377448900562
-2.50226013804269	0.743052864003894
-1.41856844499229	0.798380890212349
0.293800807157867	0.11794024620112
-3.50424787188215	1.33990468054318
0.525952041264962	0.331654691462644
-0.263242822260552	0.0992441795666885
0.286816314422169	0.115987461989766
-1.71786688140502	1.06027652931273
-1.08755748186535	0.492563635228569
-0.076468204217301	0.0442151799588833
0.0385908464652908	0.0189934207134549
-0.10576239866702	0.0465700003314294
-2.43420513463668	1.48231008561784
-0.781661172512817	0.384623131331518
1.88083834766488	1.19103127141924
-0.630629332882798	0.341277763877799
-2.01981034940835	1.01182941085658
0.582613016520285	0.330331219371124
-0.645646286870035	0.239150826738316
-1.18878708146489	0.59549855631434
-1.12127537940487	0.794526889745203
-1.25523109954467	0.830351158826746
-0.614810866621404	0.33329240864621
-0.797264188210262	0.480156046382227
0.0968191964446189	0.0541494452039808
-1.70353400624249	1.08718558480136
-1.68524051078191	1.02115768398899
1.08151753248539	0.711387120850585
-0.392694698614424	0.181314236119812
-0.634370705398783	0.482385648779683
-3.95400999623019	1.69878349506632
-0.202106390294863	0.0931220820224831
0.127126328032586	0.0495414188945234
0.111099027635542	0.0407561481415387
0.259975151120682	0.125197007288893
-0.797648288886074	0.326861826908647
-0.12706106093095	0.0558768270140637
-2.34131016939019	1.39349823698557
-0.399747421311234	0.186250857694017
-2.33927324868775	1.38334094139128
0.0422591840031097	0.022244457631536
-0.773652240828644	0.540645145943607
-2.12471470620295	1.13737406802217
-1.20108679125363	0.581116540755975
0.598215639921933	0.289906990497316
-4.31209147039507	2.16157699857915
-4.49110157943721	2.34595804140525
-0.800810799762888	0.331350617298061
-0.295529785510298	0.132602144885653
0.154945219581888	0.068074323880307
0.0256253140697318	0.0116502615162542
-2.34329617259284	1.26809237520019
-2.22625283213058	1.20944772808938
-1.76463911462547	0.785719714106234
0.278928605717828	0.124660032322983
-1.06840893935837	0.500707663706203
-0.98734934252697	0.548240881212109
-0.639508057070829	0.236803773387204
-0.299655642728165	0.134298822814845
-1.18610774053227	0.583199354889633
-0.325232690362298	0.159766701033807
-1.78584380729118	1.20782220147594
-0.0193900428548801	0.00743367328664463
-1.69947949243733	1.45850584009763
-0.504974480503712	0.260460678915306
-1.66140261848242	1.3813064408519
-0.0547839760276058	0.0255475412363467
0.39571719844144	0.200830606365001
-1.33670524087052	0.902077967495672
-0.950603022499616	0.684400664753005
0.161428564691387	0.1003521986804
-0.703616741365934	0.451424818094709
-1.68925577450124	1.10023111622679
-0.671005489497476	0.487159269634026
0.876403401567788	0.829481529415669
-0.612548522176435	0.409600886578842
-0.503793862480502	0.312855666573762
-0.899178929009911	0.484984504135339
0.0153743919103099	0.00763209576087652
-1.00446410219477	0.567533785754473
-1.10181879736451	0.687845643678532
-0.548870921349694	0.245661780544616
-1.42476887289738	0.808925339823687
0.441384361213725	0.208393164973088
-0.51138170567467	0.290813210848773
0.0362840433050907	0.0168054787178626
-0.767665441899658	0.529200789689783
0.929153213511637	0.645723037608144
-0.292629961227585	0.193862255431104
-1.35900198899828	0.919004679304239
-0.0796026482208653	0.0434302950444315
-1.12536318414933	0.837997348724432
0.196977209795921	0.131312106107459
-0.897978060261741	0.744383112022749
-0.0621926676968166	0.0295983945406127
-0.455815873799773	0.336015397128913
0.288781038897446	0.177538856061636
0.447695560943533	0.340363580674606
-0.9035702061882	0.669212625827288
-1.50059757829792	1.11562067203907
0.45448125870242	0.289378609357465
-2.24762279562769	1.88050270983416
-0.0192341394001212	0.00708446971299547
-0.431787480494541	0.203277834732225
-0.210621095230211	0.118759586050822
-0.77742285465703	0.313024672115443
-1.29106721015759	0.468236012180276
0.267458377894432	0.131021090838804
-1.63890835130777	0.663704819911669
-0.403811473241756	0.16543126869712
-0.925928002011292	0.400298470363607
-0.837980270991306	0.253674993229383
-1.1946080648256	0.575533620817913
-1.76773435534235	0.780332317509603
-0.44387350269083	0.147700336899302
-0.791833140400021	0.32372878165912
-1.07912178722694	0.357132861316791
0.43231136972171	0.197302375559081
-0.246509348849218	0.0774697718467404
-3.09404330590539	1.06245153955413
-0.839071234022021	0.253754074663262
-0.670426819451346	0.325046021541498
-1.46042236233527	0.582462127928243
-0.44827845243124	0.157314833464383
-2.82570625121832	0.918479199567565
0.706529672137806	0.38582988306526
0.318690280544721	0.0935093374158256
-1.31298759941203	0.677039602155071
0.286689927313312	0.129744072316188
-0.667631181179189	0.319862819768565
-0.523642589376419	0.342231214885104
0.642679056365629	0.402380220620914
1.25513746680773	1.06223722122583
-1.77697006919884	0.781288712798474
0.328882146589737	0.093927256480872
0.306314613633123	0.107465175890849
-1.69530538896395	1.06059259749132
-1.03057856890942	0.708442407409121
-1.69570362407669	1.09216448045701
-2.13193838401945	1.1415712073453
-0.97800327393301	0.550345614960484
-1.57591921881921	1.44992851389517
-0.78750387895432	0.326445898324451
-0.535089780545177	0.233385004911365
-0.529518213485167	0.265627211843169
-0.460512357729233	0.158532271375042
-0.372433184660601	0.209876650895685
-1.7148415338337	1.09471338682861
0.112773631243136	0.0538333649505259
-1.76262876184196	0.791463275259494
-1.48899682319483	1.13586149733698
-0.353572663208918	0.191563351659874
-2.13353750797354	1.15125450950931
-1.29343681244167	0.654989216503594
-0.8959103066985	0.569335823536328
-1.01425914419999	0.583746083324568
-0.595416945365306	0.344153912838654
0.344148025383845	0.193600611134373
-3.97310709028628	1.77110483482116
-1.60816257835287	0.993342070701269
-0.685557896338612	0.327840412853152
-0.660870099694295	0.475132065029609
-0.992298033911213	0.55531142025422
0.0205182884992069	0.00965894258881819
1.23220417548457	1.13572392008861
-0.524048851366602	0.365421591318202
-0.523958462679739	0.271081469641777
-0.52255993556004	0.269537415733139
-0.410452783763798	0.19878791400181
-1.09879830350007	0.656904238243562
0.133928054506614	0.0653464021946032
-1.04622965712569	0.750350727790989
0.194307756686128	0.108250758443856
-0.984086536588858	0.660256626733435
0.0197919999414707	0.00804702704618017
-0.16836021772223	0.0699552210980763
-0.79669175276146	0.308988406725228
-1.62148608494655	0.697491772953892
-1.08637211966678	0.35550676919895
-0.271328389996295	0.103255301649188
-0.304184836945856	0.135057981119265
-0.895917806410726	0.469110704525275
-0.114434435417458	0.0495505811313811
0.296865836452899	0.104451298473671
-0.45593130572327	0.159098673126773
-1.21361135988616	0.565826990200999
0.71845385533609	0.315760753384189
-0.235918652264616	0.0739415337889668
-0.510148315253968	0.26794904929899
-0.408689547271398	0.168506496347299
-2.24461264738147	1.17745103662805
-3.32488003028897	1.22287774231669
-0.518199629138426	0.301096469154252
-1.0687840753855	0.503266158158657
-0.0510923942676112	0.0259827436443274
-1.8975932187188	0.918435589962869
-0.519669559470034	0.255819355273327
0.378718637399925	0.246369554020886
-0.710333416123621	0.412323738948643
-0.0300791214532726	0.0108166123870064
-1.49802888822161	1.09345371547364
-0.487682025752386	0.309566372125354
-1.05963554026414	0.495485649660681
0.317752939226927	0.184427987909777
-0.208926142467391	0.126538215266405
0.351733697161464	0.194370840023018
-0.622213343504676	0.333110982959195
-1.19156416584648	0.860284810116298
-0.113347019792705	0.047799556138459
-1.79196392886317	1.21464174172998
-1.40473413200024	0.769975722299271
-0.412192186347392	0.223984964210882
-0.0193530464972564	0.00747942244422528
1.59558490655022	1.70343378922818
-1.69910641919009	1.05000391020568
-0.267267828967236	0.139316263466099
0.133996037184952	0.0687194245155085
0.139557273747445	0.0652991207831467
-0.459242165189913	0.316310756926747
-0.224147953802965	0.127033580621625
-0.674459907184273	0.446918261957569
-1.35708724298274	0.927498920930068
-0.600514450053525	0.407073590325551
-1.64197357030347	1.01184108797601
-0.160428720222137	0.0792559236170273
-1.79101737377047	1.19591888014065
-0.0620577876433979	0.0317109639931647
-0.805677539723688	0.405549865583154
-1.00114381544445	0.586548405043213
-0.43316489864823	0.197053126393679
-0.490968977012057	0.279592611033618
-2.42866382985205	1.49005004065808
0.247656637576371	0.146270979630518
-0.954252464521993	0.917074484999238
0.112572640912284	0.0512070080739893
1.08155949489938	0.900175196127024
0.68728491076102	0.374686417686765
-0.516612893699832	0.284157893785537
-0.612225903662042	0.372883068884077
-0.798181578591819	0.415342430826635
-0.697749144670272	0.401021988524096
-1.00755977518062	0.780952866757894
-0.210525006029277	0.0999860441212887
-0.665052484795293	0.323002765967697
-0.623561304815685	0.234277836951613
-0.662890618258868	0.320944862437963
-0.5199076920676	0.136064628295205
0.29363679062876	0.11715198299241
-1.18359230251348	0.716130412099854
-0.397303587852814	0.163578510978359
-1.53109887356511	0.868880002382866
0.963636143491009	0.434488027186146
0.604535927589845	0.28196230834125
-0.422860505817154	0.176835326418505
-0.234458028369952	0.0732314184953936
1.71666308193427	0.820794228463132
1.2548405553302	0.761238018745071
-0.626939701198821	0.226595176559672
-0.0269332337387136	0.0102833995882518
-4.09708776535062	1.90691716453567
0.538308542315886	0.289344806535853
0.725557913099638	0.552596992902344
-3.33472038118953	1.16903748640032
-0.0693895491252973	0.0324779190019162
-0.920319863668376	0.385535182407557
0.443807453836348	0.202986717777941
0.291818930446556	0.113441142985563
-1.20446386057898	0.9284292957341
-0.881898807958089	0.45829554965723
0.664652784095324	0.424109551722042
-2.13212179904566	1.11636362923739
-1.7811062783355	1.16680052347324
0.349638887148478	0.196325639870172
0.541450504227041	0.293793302405857
0.228673128344385	0.122948723086218
-4.85669952304977	2.92969998558255
-1.16687180182624	0.741095962322038
0.0267138454923583	0.0123707202249874
-0.89495151886574	0.474997273521055
-2.82744009656379	2.02574314375572
-3.09758000874198	1.09367827811836
0.26735215785301	0.123000539524355
0.752015602622858	0.467423442401301
-0.520727105124478	0.259767569978467
0.797217285387962	0.40078251773226
-0.512605753630634	0.26124187490899
-0.835006015071769	0.57236769363465
-0.303585685638102	0.138371059580572
-0.309236528671138	0.158027010496353
-0.780175135511968	0.404106078865792
-0.750872175181292	0.571398950291798
-0.409922442491757	0.162399512707373
-0.402996985397911	0.195157193413363
0.343659944455878	0.187844147052391
-2.32844905346166	1.36764451906635
-0.211917555390523	0.119431994256216
-0.774738965468518	0.387391749627964
0.231006673642285	0.121183510814214
-0.180652820248122	0.0860390308611352
1.27775795106934	0.934948753917398
0.00588934508301859	0.00337968001393673
-0.186423057925666	0.0755931424936786
-0.732908675764678	0.409905827142531
-0.349721852425546	0.171046313434769
0.00800348461405471	0.00453357309323469
-0.178877018858624	0.0733390769481278
1.23013440064768	1.02501368544749
0.234351686236316	0.122282315625256
-0.0941195988596788	0.0321737489002872
-0.158209797412942	0.064650324411942
-0.936206709312641	0.41565610185004
-0.444485005403671	0.149414723736195
0.872868568433269	0.335906314973334
-0.939494378603995	0.406696565511843
0.696589153995216	0.380534292429325
-1.48087947556207	0.550757518747781
-1.08441322616615	0.349532384666712
-3.32698574109241	1.2280591673737
-0.638507631702955	0.241026629305365
-0.627988022755788	0.23581946826592
-1.62832866336978	0.696958855066713
-1.08772854064505	0.610382034252973
0.164605018454412	0.0697962328218717
-1.89229534128663	0.91580294216214
0.740464274036165	0.227891483543122
-0.802893967979759	0.325018368038102
-1.76256059254044	0.800057357671111
-1.7729678083316	0.720066233910873
-0.402331343402644	0.193289944349999
0.490204333481973	0.208575737011245
-0.5223760081113	0.140414884928745
-0.401571413491391	0.163111174046921
-2.43113078534348	1.49935603818851
0.298856859052848	0.104599228836656
0.410063595476227	0.187678975051123
-4.08901882862006	1.89850177464631
-1.20428937499082	0.589358239238099
0.291358398725312	0.127825804722498
0.126071972671023	0.0470192139346478
-1.05962932543354	0.493715201839457
-1.68900398351278	1.08535367186174
-1.60757662471365	1.00621248938336
0.129239357603932	0.0503659778310647
1.25975424627102	0.905525005683274
-0.408916533086822	0.160125689933606
-0.77671376512617	0.370296948502819
0.124925724522237	0.0587460609672834
-0.71101635259678	0.407620055658973
-1.20354504954372	0.761257715155102
-0.785913084613843	0.403359898389374
-1.20338053195812	0.601290879626691
-0.667631181179189	0.319862819768565
-0.106249505144381	0.0483339812859344
-1.61008301178907	1.00402777088579
-0.809564850676526	0.471480804807567
-1.31488109335384	0.711038105396837
-2.14592430091815	1.1215504194988
-1.06942461822529	0.505111703072862
0.786013329138654	0.537405430923888
-0.891128955333484	0.470897466551399
-0.82984497855229	0.461128909396877
-0.766455452765151	0.537170944935674
-0.159540536574552	0.0664057537564577
0.102421952490739	0.0466613938583195
1.54220231330265	1.75270743749738
-0.520169649184937	0.261228404426625
-1.09082440133905	0.638027528066656
-0.509148414109579	0.258724582777333
-0.125241697816605	0.0559797343743031
0.143571121395634	0.0618247760730723
-1.33885657368779	1.12887225767918
0.45229274504926	0.211216548060318
-0.301765147486562	0.151323164385029
0.284822503227452	0.180039274422855
0.909883657010127	0.560282525427764
-1.13161306951861	0.838101016018107
-1.77697836671076	0.76662191286726
-0.151235916956975	0.0855324279944664
-0.983569889559857	0.768269429948039
-0.681432281703047	0.316156610206
-2.13089205934192	1.14883092150696
0.140252331028116	0.084004100810833
-0.13024782744382	0.0698410152216571
0.725206095465213	0.555352299874441
-0.397753493049984	0.183676535626377
0.89409466507	0.572208177054265
0.77012976943811	0.519273567847801
-1.62148608494655	0.697491772953892
-1.41199396764417	0.786572809823537
-1.06747556211259	0.498428676688797
-1.02132086047267	0.576883249730194
0.328325097747485	0.0960689936716833
-1.28352440655067	0.464175371506201
-1.32352036928974	0.682063533763164
-0.22296496991485	0.108986332660231
0.966957801283034	0.444938368716053
1.00896001188423	0.514759871692624
-0.237974788674939	0.0750087781254484
-0.424786515468222	0.172376035604667
-1.32507339887684	0.699161965605491
1.63993460787516	1.33298694293829
-0.545107489389756	0.244831541907989
-3.52366182463919	1.33249983440651
-0.926089249274259	0.402786917752585
-2.13970049572321	1.09308953639443
0.322559993977293	0.0903760163562387
-0.76498886084276	0.369297169316337
-0.65261287379922	0.23179663580823
-0.392773485711629	0.160345875599503
-0.787369048339879	0.322366764997519
-0.417345426060829	0.175483843206323
-0.54093951891465	0.240594866841278
-0.0788007791100078	0.0383272483086215
-0.411070591597935	0.171352428829907
-0.797648288886074	0.326861826908647
0.124696139150423	0.0487743831996004
0.292255475933041	0.131779964856782
-0.260173467990126	0.0992647414957727
-1.59445905617634	0.970076620230389
0.743159037698278	0.458715662735601
0.931043130976469	0.671255753287039
-0.402658275826909	0.192721686187969
-0.234303088431131	0.0720657058555488
-0.891672498098856	0.492674609871816
-1.77270007380096	0.804385496877914
-1.20264749786342	0.764662987506216
-1.01743500296299	0.594952637056161
-1.18055148219938	0.742518792174016
-1.3222979187632	0.618542575933524
0.0220657732751006	0.0100002623310251
-3.9706675090944	1.75821571282393
-1.30664474019232	0.670321685140447
-0.103760086365205	0.0472040541417488
-0.174014053603278	0.0721296878215287
-0.4024126331517	0.163002461306022
0.766783937025777	0.499261040277912
0.483845695826741	0.270350113435345
-0.996132868769701	0.656719877701768
-0.461220486091142	0.314241535875537
-0.680662932681889	0.316416862167079
0.346930501171301	0.184876899870131
-0.41927129897937	0.228479984496885
-0.980365677256909	0.767829458791059
-0.671271505891334	0.312853083559279
-1.19445116358453	0.573368888037724
-0.231331789361851	0.108472968604259
-1.41604569917772	0.806139586566244
0.244538269094266	0.129586964686253
0.458464684875295	0.291299213507744
0.410373336012475	0.24222831026042
-1.19447974015149	0.604496362077403
-0.218005080084668	0.100787967544257
0.81199333615205	0.593394215333265
-0.516079797351514	0.289510298776121
-0.6308957709287	0.233267700334861
-0.408908886757138	0.170243439306169
0.0844888751135818	0.0276924135025255
1.51518776073242	1.0311607775468
-0.0696996107950652	0.0348346194777257
-0.429060993441053	0.260819218488723
-0.438513298571713	0.269070703973853
0.271064955939112	0.120751356319452
0.13740890511925	0.0670481347895782
-0.52281695180699	0.269834603567031
-0.520119659565952	0.255986921977524
-0.984841453554176	0.543613518595844
1.43959532621252	1.1735306384457
-0.237275358357156	0.0740297101533226
-0.174288634934701	0.0724437328945136
-0.0937219048388723	0.0404645419601345
0.284303580008935	0.128206500502004
0.434211221248843	0.203230402138177
0.606193540495631	0.30164790783777
0.700310530604855	0.301132623323466
-2.83133823353176	0.934971127868472
-1.26090145413277	0.82020676521373
-1.89742456366904	0.920154818315901
-1.4639940154101	0.579205934292896
-0.2800949815817	0.147330972701708
-1.18908645260084	0.574277318598582
-1.07653198198923	0.51108276780576
-0.936905814078044	0.417313431823351
-0.519047917270715	0.135752304649831
-0.100450570425244	0.0449219996986349
-3.3250289416445	1.22913026258715
-0.902836785251109	0.497339607270847
-1.29120059397147	0.456753319311517
-1.19850089467699	0.606353674121031
0.95190451490831	0.724106072162413
-1.32071970980192	0.712949824498361
0.489519681094373	0.272962931710923
-0.507384794261245	0.371983516321829
-1.93908834736884	1.40927059674189
-1.48935244750265	1.09357145351224
-0.806649490591966	0.550104756393198
-1.1422268357629	0.863402807031832
-1.50846923773194	1.11772401538653
0.0169098481799186	0.00706611682346355
-0.959678471739905	0.751036325660723
-1.50209641294179	1.12660376591342
-0.946795753039857	0.581698474222546
-1.08616630601686	0.504349037744712
-1.77156086177719	1.61381861040737
-1.31332252421775	0.694899431330731
-0.407114957086364	0.214649769602804
0.382027468065429	0.248583126991309
-1.19565833653135	0.579584638776973
0.281498968144157	0.129296421897981
-0.797789795119468	0.317868466462071
-0.802968884620979	0.398225641236729
0.0137733251760589	0.00573371582148685
0.767142525330083	0.504361023280426
-0.101823315057839	0.0451015079421229
0.235558303726199	0.135426762740828
0.143836731322746	0.0905859918080178
-1.35673333353459	0.959773809343873
-1.10356554108823	0.674438076338539
-0.412088772297051	0.166374880357964
-1.71453120074316	1.03807297358892
-0.608693112145343	0.374371988487387
-0.0311243663080851	0.0117531018311608
0.0185327836712998	0.0077368244534162
-1.9295417908692	1.85891029973686
0.125371636432266	0.0681258201770622
-0.792646627264461	0.402551915698936
-0.616094001713199	0.411012401007435
-0.0491538541631653	0.0257298851393618
0.575489876618386	0.388967161842923
0.0332445516646626	0.0150857705858537
-0.508108211826044	0.277950463999774
0.741838419737769	0.455412542595854
0.428074752653135	0.264521506091473
0.952627794445818	0.738946779043767
1.48451553049004	1.49812687508898
-0.827699104042544	0.398054599169043
0.230933898098791	0.120158544327823
-0.234557283375265	0.111007986672997
0.825137131078383	0.608092747632305
-0.0741952747402857	0.0358352242614509
0.204716843137285	0.110615910499451
0.115874713081662	0.0631547468922885
0.146979859204808	0.0879691671038418
-0.511284637088545	0.257724566006532
-0.0538628348244442	0.0263897395040933
-1.45414541273076	0.567873779920886
-0.62793356383172	0.235271478886622
-1.1934150789219	0.763972804096003
0.432173957682176	0.201720574010236
-0.236696740212558	0.0737145165919981
0.383732045740262	0.19894339936695
-1.29619806232643	0.681930445941378
-0.190518062671229	0.0860436707423121
0.490210476518615	0.280812194352315
-0.0807689743813225	0.0377350002431188
-0.885505650896964	0.582587825292153
-4.10228215974842	1.73964265295585
0.15004187624358	0.0718456576292211
-1.18767322117448	0.584964592109124
-0.99326728137415	0.553563481670003
-0.268092531295613	0.0961105111112762
-2.00848536849875	1.00951561662394
-1.63224392008662	1.34417636769655
-0.619081810950497	0.341180977895147
-0.541103233797313	0.234585965621444
-0.548559191998402	0.27713677052369
-3.31319464395181	1.21509579750581
0.118745146485431	0.0560904694132035
-0.788847574080247	0.32002840494186
-0.66075070823192	0.304314117750938
0.360084042584096	0.193840641988883
-0.390236719521937	0.251138133755903
-0.796905358185638	0.410654228830973
-1.75756869603674	1.49368583544162
-1.93360976040168	1.39903036185124
-1.63689103927845	1.6267482042948
-0.791412699757912	0.308541933732635
-1.17349410470697	0.72740533555626
-0.780834338426301	0.387645916457119
0.277046406800586	0.195705540792847
-2.5139380766066	1.61138994862261
0.0338669468673504	0.0156803237094532
0.344584313708912	0.188518571875513
-1.30870335913488	0.685774105441097
-0.204345525115962	0.139502251596367
-2.51600436743479	1.53642938545931
-0.317884887110465	0.157886750553892
-0.944116789774186	0.417674568359301
0.247918969886137	0.131586338677085
-0.414381994579737	0.217318848265565
0.0354031824174875	0.0173727847176583
-0.282470121016414	0.125125040232301
-0.202943855876362	0.0938179536098871
-0.913650971939133	0.492676758410963
-0.500751044720971	0.280543531657898
0.433391059633568	0.202491125224086
0.793426434827629	0.533441735656796
0.79676652382121	0.395173172623023
-0.325789560589162	0.16384344520352
-1.98763243600845	1.99189892640032
-0.892430367561848	0.550072412964605
-1.42213101991346	1.01625892518387
-1.5986124545222	0.946086543428962
0.108089737466538	0.0611499019700211
-0.741694927862758	0.494442079773009
-0.739893873766701	0.411331347241921
0.475452353570905	0.265504326037348
-1.50886894599864	1.16483676180831
-0.68163909150695	0.634681807763332
-0.436527740150096	0.333185816734267
-1.01469237813844	0.941147218368223
-1.96353669357666	1.91876328757528
-0.516984175377263	0.297977623973269
0.0317471426045464	0.016898784236763
-0.708727413161253	0.432506338079655
0.0323519663230631	0.0143758603099413
-0.0556865627733155	0.0288686611508996
-0.897618288725836	0.589776040728125
0.952460915622705	0.712467169846161
0.132497606806225	0.0510076026783752
-0.417817491704866	0.248958862645566
-0.708066145368474	0.401269398061662
-0.251962057355606	0.13733979261319
0.123399608408551	0.079832949005617
-1.25898716284787	1.15303749402523
-1.20025379126235	0.928714114789775
-1.10061455906193	0.685656948202216
-1.84397617676236	1.65478497741017
0.66130521014674	0.431167999936955
-1.88316907306884	1.29767811739604
-2.85291717723899	2.09949836362272
-0.500815202193508	0.311754896283451
-1.04247510687493	0.718814445580302
-1.00534471363754	0.904117909753272
-0.415644352092647	0.296664037243011
0.528545149684697	0.336101508825151
1.27555560557783	0.83950280014458
0.578591394958617	0.472063824656695
-1.6568385518694	2.12030332456131
-1.49709245345839	1.10721791821651
-0.236020053099905	0.136001657896061
-0.0834006867710452	0.0399918559398661
-0.0890794026406413	0.0558125457356025
-0.260153043317549	0.0939264644709139
-0.536482850937821	0.233068050878346
0.0243439067684448	0.0112337220185116
0.388972379202301	0.196779735193028
-0.977353608516292	0.53285547815625
-1.63129675506922	0.672471176725389
-2.21791047560649	1.19902404685933
-0.141967011094793	0.0565393310777599
0.10296224514354	0.0345478743151817
-0.398954020860874	0.165184420674049
-0.633776101029101	0.24266905744596
0.125511664376192	0.0492886875107313
-0.041019047646008	0.0207454225707573
2.70483549323043	1.01668215592958
0.494397627735158	0.203231019709236
-1.90468712968266	0.905117740878831
-0.78919091182988	0.313234327025209
0.272561427395034	0.124127621135559
-0.669604296070559	0.322887142120822
-0.033003912555331	0.0122093995922737
1.79145812726271	1.22188978483977
-3.67599283921959	1.50022965768208
-0.0969229661306875	0.0454347297446003
0.116011014964599	0.0514233960833141
-0.433367286108337	0.317067320265888
-2.53170769815046	2.44079222098549
-0.969364307675043	0.635795316979147
-0.891578378805739	0.567733529542719
-1.18530244055148	0.666272662530524
-1.94557251956624	1.42638131221391
0.742661830614084	0.452525559781939
-0.747328385114377	0.502141959505165
-0.163313597386871	0.0840931298203189
-0.974743334913267	0.661051291030455
-1.09361134538282	0.657825779796095
-1.4269824528293	1.04128139079085
-0.980508053032883	0.619892903611783
-1.12824566837893	0.834560001759629
-0.813480461988895	0.631483783485131
0.217725065023456	0.124221793719562
-1.55611580796874	1.39204029374949
-1.00810481242586	0.577262072025602
-1.44211902524751	1.05218510513829
-0.409628231021646	0.216250384370963
1.28746533377625	0.70390371038467
-2.44347622777236	1.46356075116454
-0.264708842033566	0.166882227657479
0.618765499616308	0.442078308109807
-0.158930887144551	0.0656881451723466
1.0758309622424	0.617314845195586
-0.669669471267928	0.314155075972035
0.0310018959168636	0.014155207770416
-2.33213751703257	1.34060789217055
-0.165284764768896	0.0836964688666398
-1.08309594162854	0.874421886593851
-1.62148608494655	0.697491772953892
-4.42418519367663	2.24768053537653
-0.557207885314392	0.249367375690268
-0.813370489223838	0.490228218966807
-0.974381878206821	0.744007087497146
-0.129290433368865	0.0811756590948782
-0.698022477492827	0.390169871369621
-0.471929749891314	0.331932635106661
-0.514649401050611	0.28356285156772
-0.630357305288671	0.513925723704293
-0.141506861901097	0.0768660656777716
0.017491007173472	0.00949141976332138
-2.21503545287741	2.48550131463798
-0.341655773788238	0.193285402569706
-1.99717255579444	2.49171329988267
0.960355510814351	0.761638945219671
-0.688435513194359	0.317703198527096
-0.072098006184845	0.0350485665160545
-0.80938451689547	0.478368983579757
-2.81871847794124	2.03996298990686
0.123805893402896	0.0616338400448878
-0.531665535517478	0.301424412109784
0.119229078097926	0.0607713070433255
-0.667848038608244	0.300913832634028
0.353273148603101	0.195646377980768
-4.51136157946002	2.34758631962649
0.546085953230191	0.350071665216507
-0.289431157246468	0.129319984072503
-0.905056097116724	0.571991205912722
-0.794433412887455	0.465543750798616
-0.943171739265091	0.41905489072848
0.257209093660669	0.123952042601194
0.413718828796233	0.244265428890902
-0.379640072730148	0.24710916995151
-0.887953722136474	0.470154503641667
-0.967738908395909	0.628154762862916
0.36817128426593	0.249565284612246
-0.519750861596925	0.304208827768195
0.503805811218666	0.326042027588453
-0.687694644391093	0.321512566505612
-0.481386197521125	0.398297749159185
-1.15235765995691	1.25966823583723
-0.368749252581707	0.298585186736352
-0.769432091028675	0.51203319460558
-1.75652409852464	0.779163618269777
-1.19447974015149	0.604496362077403
-0.255381139783734	0.099323478232979
-0.910668845330771	0.48359461150861
0.287735330662054	0.116728496922452
-1.06564536511797	0.500545756566627
0.331531281032729	0.0946784968791169
-1.07950775325928	0.504108486109502
0.266946343306573	0.129905445472505
-0.403292884237287	0.168592863506836
-0.442738987804005	0.149719436890101
-0.101773000480635	0.0351486041878193
0.60233830513121	0.357898501653525
-0.792630454196182	0.320729849648545
-0.437782326193767	0.14979225353418
-1.46603941705047	0.583389390662394
0.472338811398847	0.194577915610673
-0.106566471069748	0.0236156238664408
0.0108539775293926	0.00294215097137045
-1.46880813033085	0.584120844859485
-1.40258514088459	0.754864327960774
-3.97301489018404	1.74387445117264
-0.250404532378958	0.0774809167796415
-4.08298340911882	1.86288971416318
-0.0345592720938701	0.0120194157332193
-1.18190484490935	0.580602440253578
-0.300150498035058	0.13400410807655
0.70511015418503	0.359224483423945
-0.398750410573178	0.185207940203302
-0.921018121957972	0.396177011659464
-0.292879391548933	0.131049663842415
0.60408589691262	0.351115162597294
0.21962906902457	0.112547703157771
0.59170409276363	0.346607352658722
0.135503808253693	0.0529364651054662
-0.166225402641243	0.0699098874673041
-0.188867226407622	0.093478155074757
-1.07080147154815	0.481751307928458
-0.438422687810782	0.262307069230947
0.589380337066087	0.40412480461656
-4.42117976332863	2.28398775442264
-1.75134944946046	0.773354777526637
-0.54232027887666	0.233212975716572
0.349103882320159	0.193221631546705
-0.961145228135805	0.38968393436824
-0.28723587853808	0.127354767294606
0.475938218328399	0.19203807016171
0.122601936811179	0.0511424130373044
-0.71433374462346	0.418488774430847
-1.89244621449753	0.915805410338537
0.0279585119919645	0.0112519308628815
-1.6086388555513	1.01104860079405
-1.25693464911168	0.812744968088373
-1.46658001845824	0.577925772695557
-0.997921225309071	0.555461449922055
0.491948608327761	0.204838702249654
-1.86274720021594	1.33087989173176
0.778516321533228	0.526378890051167
-0.666104845155514	0.42020902613248
0.296383085941936	0.102890143973454
-0.243606827297253	0.0752468363811756
-2.52647291760158	1.5961234015583
-0.0509599939513242	0.0257656239628699
-0.891521667173259	0.5250999621825
0.0533448922305656	0.0238691764293771
-1.46973718530614	1.06006966838001
-0.742989763961305	0.436701268353783
-1.70552849653731	1.04503329762445
0.432305770255351	0.205612256632105
-0.533008017658275	0.232003647469115
-0.403344068086302	0.163761946432659
-0.514332026143359	0.258271240083756
0.759090278982662	0.460161074270453
-1.76530426336255	0.794989246573585
-1.70099219304178	1.0758830931807
0.612749687817972	0.363077877449669
-0.926421240736539	0.395618180273532
-2.00442887542787	1.49214825424568
-0.235178727896966	0.0737955949925185
-0.62864512918537	0.23482064188399
-4.31568734041756	2.16197838408472
0.3462445865609	0.192542018380689
-0.592883907779398	0.346825922603702
-0.62089670369598	0.228562977760283
-1.36051585413614	0.898771561713185
-0.801469682842393	0.374222387448628
-1.12219672854765	0.656980820779339
-1.10387882595405	0.648409492037251
-4.76305230961368	2.81534567108442
0.598040980856647	0.294968490609336
-0.886947940515797	0.571469236289611
-0.891631074232398	0.687829332466531
0.498292007298498	0.211826322687492
-1.7615802496647	0.784370608566685
-0.611959633667384	0.32889162051547
-0.250137634813484	0.133479695930205
-0.970366050884417	0.736542738006127
-0.102117794175938	0.044100069105404
-1.40846765377633	0.789301108954876
-0.638379085540179	0.226244929366426
-0.688181166959952	0.320558655076669
-0.833408040905954	0.250484038706387
-1.89806623814221	0.905710236479827
0.971865961639459	0.41759147586059
-1.6120413341432	0.674452972396136
-0.673382250638352	0.323949443945117
-0.554399630243308	0.244864979872223
0.807298593612892	0.390938970563625
-0.2387097578406	0.0723592616141246
1.06096098378194	0.616339212796007
-1.06492427104975	0.488631021827695
-0.787590229752133	0.32240228265395
-1.30036254731452	0.688662372440129
0.467617581680246	0.261671505955399
0.300337230115316	0.106969044286595
0.0131594047851037	0.00553885358064719
0.457733672944709	0.201019169152515
-0.233872192272255	0.0714898842543921
-1.27882386728085	0.463370374340706
-0.412985597754073	0.167316681604901
-0.988756980353073	0.568805457350468
-1.4004526759316	0.977809843549517
-0.989225076222846	0.562278340734009
-1.19014116257308	0.591502321054309
-2.60349046776198	1.68603114626394
-1.86977316728317	1.33172298918858
-0.28465843851626	0.127896477340117
0.483540443355404	0.1917434067768
-1.85479186878944	1.21733891259953
-0.629416543382033	0.326062704264966
-2.33370035925957	1.34481056536082
-0.508576717502407	0.303833992930531
-0.0997421614539955	0.0433924564375599
-1.70903114291373	1.45069866931815
-2.58415017556998	2.5311159247247
-0.673943187960486	0.318045681768791
-4.21998092721909	1.98065569087067
0.459195311264678	0.257497936814961
-0.815456831642022	0.488609947096356
-1.40492741089183	0.779147515851948
0.00780370579993759	0.00393670351476487
0.135594059638767	0.0529070957417802
-1.76217471183966	0.796352087631961
-2.11804820526193	1.10372508788334
-0.377388278574104	0.233862569494151
0.00819122517007483	0.0024173107426008
-1.20376731915095	0.595164192629136
-0.221178686299891	0.109088205987773
-0.395915372674572	0.210785279112624
0.544820316505254	0.348092308666164
-1.06980448465022	0.498764891490382
-2.35175546980177	1.36335581217033
-0.0864774710575048	0.0296836443252867
-0.426686937521505	0.253553374175481
-2.76093850255543	1.95794198371285
-0.76094463487402	0.596172687147734
-1.08058194691878	0.500169980603755
-0.502200588013075	0.246197629610899
0.175960020012345	0.103194637397347
-1.18445516778226	1.1026371756894
-2.1095130460627	1.66252860609893
-1.10239927152487	0.667670395074897
-0.355011740971481	0.200515637496251
-1.03023999996969	0.709320128230372
0.151540054856633	0.0729183705479711
0.481350929429299	0.279408251740165
-0.410960751914509	0.221664207439851
-0.518136352511995	0.265722915136964
0.722509761191125	0.556044879628968
-0.585291890887734	0.332530787959287
-0.422574727432355	0.227246364474199
-0.1514463074915	0.0611622482179276
-0.59723072522393	0.31599398768781
-1.30737444960309	0.672481291414369
-0.667518754260679	0.42865587493778
-4.31209147039507	2.16157699857915
-4.77714203457515	2.79943328350881
-0.887449896415808	0.57232997078407
-2.14828610724167	1.74288804256853
-0.54320770283575	0.228047467281429
-1.07966622788214	0.364695080877922
-1.79500166586358	1.14909000631558
-0.398451340277653	0.179934475855759
-0.164379319853613	0.0658395887789843
-0.481332159148198	0.32299948228584
-0.595959646626291	0.366404003922904
0.438683228268811	0.210665781846964
-0.829426563283123	0.532238076066136
-1.72532554121987	1.77597257146883
0.309450474384129	0.182236067114925
-0.788207211633723	0.322363103414074
-1.76972707390019	0.804784118977648
-0.62385471818499	0.232400153173429
1.285705950008	0.594298859600344
-2.4946503122275	0.759347999169937
-0.631780545425326	0.229441886885997
-0.2397303691628	0.0737167046010426
-0.831326799140313	0.249343856236029
-0.406774367934164	0.220606011373287
-0.558185576791391	0.251361482754818
0.358128358250613	0.225756579702737
-1.21762045320262	0.575292603984118
-2.33360874068529	1.29735566727639
0.869394976750458	0.327217369320998
-1.60769771859854	0.987920493846545
-0.661404894769478	0.308609724068448
-2.67331646306584	1.72884776876939
-0.537296849435444	0.231733750309162
-0.534885857736677	0.310116921201702
0.136292861473947	0.0529133550278035
0.0140647941308415	0.00593137200359838
-0.886169282271663	0.572452907773401
0.0213288064136703	0.0110008982618568
-0.662282066937538	0.306759450680009
-2.22418750107726	1.23342070197783
-1.59894650644838	1.23007075360028
-0.161015449493203	0.0822446416481918
-2.02776521537114	1.56639648893561
0.241541509283933	0.125696918073822
1.3685494016842	1.20140963590884
-0.126797380740242	0.0729832931631667
-0.509028532392297	0.295743647498146
-1.51431974812742	0.892359700204757
-1.40486413316762	0.771506480688279
-0.332247818835617	0.186902906933925
-0.213590630433292	0.102487545681097
-0.536309607984698	0.268009983951582
0.90450800453444	0.578363324296921
0.683555458172681	0.363417329820267
-0.158286658256916	0.0794292635105743
-0.0479653125669893	0.0245716891559033
0.151984578167565	0.0722015157883075
-1.11565991063165	0.645817532910336
-1.8975932187188	0.918435589962869
-0.0225077243420827	0.00871394967688475
-0.588736173025385	0.348230478129605
-0.0108423820042743	0.00387392587561424
-1.94708064105121	1.40961624235667
0.28973073620564	0.127704272017681
-1.18750798599136	0.59604819374484
-2.12683526711441	1.12657746727399
-4.67128803812321	2.67292704966664
-0.611360431107623	0.425220526982851
-1.43231893784303	0.756391831289403
0.386196303403112	0.248557806522425
-1.21017539695314	0.770492660227394
-0.0989652220490529	0.0491910949698567
0.243720231581914	0.129087862048072
-1.69873215984465	1.05427093510309
-1.74550353129052	1.48173026426576
-0.0590438895207772	0.0299975825382071
-1.26397437744152	0.998728877691049
0.671348660120148	0.570797504345616
-0.202164102883913	0.0953724400985148
-1.08274597409529	0.637393633272842
-0.222451225812625	0.104510328381522
0.483665933524619	0.316905922783554
0.317259425855045	0.186120480405701
-0.494936073715843	0.277056837649979
-1.57024898337721	1.20769889999074
-5.04582288703456	3.35293632933454
-0.0125323025671506	0.00493295170829199
-0.898159939906475	0.46887513090835
-0.320286579571798	0.17686358337042
-0.802908730684028	0.488270005219103
0.436055396284028	0.259642264515727
-0.546160509447471	0.248260220105325
-0.395183742675524	0.159607854522627
-1.1057094214013	0.664158474044789
-0.412477116992709	0.197659292272405
-0.959682463543992	0.635886129868293
-0.178992247688792	0.0871207717246765
-0.809032098699764	0.493149129614929
-1.00344922561335	0.910957672200628
-0.749440815512593	0.565171012866911
-1.15379881433615	0.818743627509507
-1.00612833159578	0.567080442517473
-0.535562099286394	0.38633159513851
-1.47431568649926	0.569773904228264
1.61157805252885	0.886960770312161
-0.537532811540132	0.235911180444539
-0.627895248759834	0.240765810914701
-0.0967050332138681	0.0323765492027698
0.147969082487217	0.055281181052921
-0.414936409945226	0.165908004549388
0.0194794557920048	0.00772862231990123
-0.805192978707427	0.307127339210568
-0.114298714075307	0.0507282136851614
0.616711827016582	0.358908171770001
0.283418442445077	0.0977648838472427
0.451558972417832	0.253743373454224
2.05446466560032	1.1625282151067
-1.03345153110537	0.835926540391478
-1.10795860687195	0.648399010759274
-0.0586423866097893	0.0309318636042641
-0.269925067921635	0.10199056050695
-0.725845799212647	0.421904348721113
-0.434493504619972	0.226986668416559
-1.19344411921357	0.732588769007485
-1.2954479896961	0.678996330819728
-0.460023822516937	0.232416642531043
-0.993373692734315	0.555978355671041
-0.528900749500932	0.258672414399463
-0.347092585601756	0.199402871426046
-1.8662459401958	1.34947053136391
0.0512900427759997	0.0231353826505338
-0.167513679267131	0.0855363233063518
-0.301332703007332	0.133301902540798
-0.671207262857567	0.326235480194601
-1.53130663345263	0.890801347624652
0.140963516463407	0.0555477329444662
0.318690280544721	0.0935093374158256
1.29800395684052	0.78411880804104
-0.249265790613992	0.0939963446595307
-0.781485507147106	0.309066160455887
-0.36140666055484	0.247333146135624
0.565920923520402	0.204656699518303
-1.89153890663173	0.90387520074587
0.180320649948302	0.108217354074622
-1.68445684153647	1.07049789748239
-0.414095980915918	0.264520602713627
-2.01810532457433	1.03028519362278
-1.09162819897389	0.670428251324096
-0.161181489906656	0.0630229124010853
-1.41988059794997	0.805140732674072
0.0197976821482351	0.00898435965151885
-0.0603840165788391	0.0288309853510324
-0.260771242325509	0.100357884316154
-2.59291258545263	1.70625842128091
-0.216589564752695	0.103555499523872
-0.549604032629164	0.41303898464148
-0.527816204995942	0.30098334464791
0.477731708918546	0.324316647809141
-0.417210804791795	0.21832468430968
-0.752647881399813	0.519498483360539
-2.10677787967446	1.67660998942961
-0.997251308279357	0.577828221640184
-1.96775647812085	1.45341569244318
1.07451225936912	0.694976593342753
-0.527951572862105	0.341390615607361
-0.417156081849656	0.197273263301995
-0.919538185262111	0.46155538382859
1.28923937623464	0.769115530879452
-0.932622884769372	0.395609720019684
0.115032522745329	0.0449109290120712
-0.1464871418241	0.0600835586331537
-1.69180583174252	1.03775656882238
-2.67914042697939	1.83608923091258
-3.31902457203743	1.23889070538812
-0.627105398121994	0.230380559008138
-0.976123363885481	0.656561857246019
-1.08492058721772	0.364828477810771
-1.08865808277929	0.664602367728451
-2.13225741637124	1.12909002580285
0.75170430484302	0.471586915911581
-0.410206182176601	0.211330711599624
0.531868836664413	0.285186813510108
0.465611677309292	0.3101891201821
-0.771266067789602	0.377391572556486
-0.0208032276343239	0.00813648479401212
1.05752893893599	0.654264099486711
0.137927085645236	0.061324450847335
-0.40843322031639	0.19540038309176
-1.08739405204136	0.355028792937831
-0.790181048223236	0.403769237816637
-1.42096711111918	0.741233493202196
-0.175801746120641	0.0719148179678687
-0.793736419219928	0.396172607679347
-0.279654759072458	0.125286405945741
0.774720290190879	0.516642202633446
-0.442407471166674	0.265810043889203
-1.07613545004634	0.506448715980912
-1.47752920147887	0.575895063443856
0.364480177388085	0.201618900734079
-1.61915582127874	0.672916817289055
-2.90492728273399	2.20777050385842
-2.33506360018154	1.36417895793996
-0.154876160731949	0.0631139300574417
0.890886109404577	0.551451552570369
-0.727986077304664	0.401774612196985
-0.0244895378582569	0.00908349204950127
-0.751632666924108	0.511704877227229
-0.422259267569102	0.195969936912021
-0.531288649164963	0.275210840524604
-0.0525473866590247	0.0264240295125785
-1.19708808768797	0.602142553087781
0.330779802414612	0.228061249493715
-0.261689379091054	0.0994518454515733
-0.794222890392957	0.48222906337229
0.0403191870833248	0.0199081569146735
-1.86735220664349	1.29483263735124
0.00676087627740028	0.00372551368058322
-0.387831440700465	0.182269736621687
-1.29947634475096	0.688731007015168
-0.642209888542036	0.228958052452506
0.773258501646838	0.368964765488739
0.317360803436169	0.104984981643143
0.424498205194262	0.201097038776972
0.388643168226791	0.19863702918605
-1.06714136899968	0.502779931290686
0.440678065279911	0.202563727638587
-0.422957640806103	0.274426924051776
-0.374968726749387	0.218009884959279
0.427435940908327	0.263200419117396
-0.663958717439774	0.413361293265666
-1.09857125689293	0.656328734729076
-0.318761824558227	0.157183338897772
0.29326964384184	0.118492486397648
-1.292503352388	1.04492007406836
-0.792583776822167	0.327353074593634
-0.358228235351273	0.25069442916173
-0.664799921055109	0.40215159334981
0.900765120893692	0.569217603650465
-0.889037386272824	0.473209800340456
-0.426105992385579	0.304658569630627
0.197682115355158	0.118567800806892
0.269776086709113	0.1336603075259
-0.911696860396938	0.729964058933906
0.13824277683479	0.0649190846280851
0.181828922679099	0.107267578314686
-1.08444708184547	0.515662485031997
-0.221318299495398	0.104992151460509
-0.556160494018756	0.247030579078497
-0.211622517244225	0.100902420273303
-0.311357191914076	0.136512208961138
-0.17374328732792	0.0701812089228737
-0.753287559288544	0.555901899741361
-1.88765553982616	0.895281848149954
-1.63307884397196	0.697754172943155
-0.0445976333010518	0.0237988927842587
-1.49999085805475	0.869210243863953
0.537449114399333	0.321573396464251
-0.998578540916898	0.580797834084301
-1.86766897406281	1.32902066962339
1.56524482551013	0.944952467009436
-0.0130864433555729	0.00512403925069981
0.286582826522931	0.209802166160048
-0.253224954964162	0.139220117746215
0.569327286039634	0.436127148727781
-0.217448063873195	0.103113758451759
-0.419048903002255	0.171719458409302
0.0158484560339853	0.00654480588366262
-0.208564823148616	0.125954262029026
-1.88813403715791	0.904494408004437
-1.06672781720595	0.496251934595011
-2.2228654431518	1.20864159924869
-0.54232027887666	0.233212975716572
0.871742753751994	0.48759136317697
-3.83202912311112	1.63763004661274
0.487223866228606	0.205337933385362
-0.941096739778225	0.411331387280734
-0.159665621994058	0.0661259805784981
-0.508188017006532	0.286109670703346
0.356854398175117	0.195584322910295
-1.52112730543793	0.880730582927192
0.525605172016656	0.27966259388132
-0.522543175578447	0.316487857294193
-0.901667026265889	0.584203866844654
-0.190659222817174	0.0991861377467789
-0.403929609980064	0.238859208729742
0.529575568703241	0.272403473503266
0.703403944118793	0.522791222492178
-0.200569464131381	0.121776783150223
0.800025868210208	0.410190711468358
0.437209414859558	0.305860514232416
-1.51410528284749	0.88840464659117
-0.670856387259439	0.304601714085295
-0.305384888679773	0.154523855603976
-2.25453281143636	1.27478443280568
-0.408212980458586	0.171230086785493
0.394337646027195	0.195941699466535
-4.09708776535062	1.90691716453567
-0.434419113437265	0.237017095655765
1.62377728122035	1.34004399019903
0.135988438411881	0.0689841702893195
-0.264334732049905	0.101116468422521
-0.950116416739245	0.394189032398183
-0.160613828677122	0.0650956116928516
-0.0382732856303245	0.0195013333900502
0.843679326833647	0.884511003332074
-0.521142754518441	0.241996314730699
-1.9471058920567	1.41508361946925
-0.111891797414748	0.063934587145722
-0.308755086909156	0.15998963890842
-1.77540647614592	1.20711884533634
-0.411602045393348	0.193824300491316
0.614282038002855	0.360250477118429
-1.33094206084659	1.11323908176613
-1.80803739078931	1.22069328957511
-1.21594885667173	0.978548496420778
-0.289176935760864	0.120262323469121
0.279667191620205	0.113030091496098
0.131413084582768	0.0494930398533058
0.160796524470943	0.0816750835207516
0.142472485614447	0.0743708590205946
-0.422495920381145	0.299445443650954
-0.880029264110255	0.461458227302391
-0.700165854692932	0.411062942878494
1.02772812604764	0.553415742888945
-0.946252124892278	0.544609157649445
-0.68326674592704	0.435945356063205
-1.87317171139487	1.36063041146424
-1.07619328777347	0.498613816227844
-1.19775671027489	0.725566619954254
-1.43073276322802	0.762284315283527
-1.18589235011163	0.758185144291202
-1.87618339557585	1.27631380474306
-1.08303326918155	0.47840183575427
-1.29209545846987	0.651897746138279
-0.789369300817435	0.313138351779133
-2.23547127157829	1.24862470048835
0.150082741165742	0.0768743847233105
-0.294632333597396	0.130993601981157
-0.78265874998985	0.308132226021341
0.270731982037414	0.162649255685928
0.303185774134756	0.177512535292822
0.950754859000498	0.703461993746088
0.46982834145998	0.310811845557415
-0.511613681340242	0.264759063575223
-1.2709284293143	0.840459091857989
0.353099546509861	0.187118168213483
-0.42650316905443	0.237279403453185
-0.67202110320169	0.323324527413646
-0.552599006623574	0.250777150636947
-0.346135164902521	0.198821217859379
-0.528461790646225	0.29612550350634
-1.18877646083904	0.763639663004715
-0.801486263768141	0.40524797341546
-0.316447774059242	0.160185147205589
0.608790282552418	0.296064784724562
0.802577027872728	0.407224285304494
0.593065032271933	0.274360395368782
-0.684300075333058	0.438703021678817
-0.349737449233765	0.236924035783932
-0.0834091348296972	0.0392849882364973
-0.787547408079597	0.325183443103057
-0.431670730426539	0.316966608435911
-1.40258423648855	1.40768706971236
0.0436675199559048	0.0223176186542946
-0.658092442466212	0.419840301490629
-1.1033864120663	0.928897007701531
-0.0456725495514917	0.0233864247494193
-0.701876468510578	0.646661251584314
-0.587541300661515	0.387803485893496
-0.245971587637601	0.134036172791806
-0.0712424588344964	0.0353041999207226
0.509187395971154	0.30707231981519
0.193915942695853	0.107525980568825
-0.979024733606109	0.518311871806118
0.688541749602773	0.379858320536598
-0.301182186122276	0.149764733776374
0.851509385264296	0.726970450646587
0.856796359688772	0.489320685778946
0.120574113781114	0.0656877406002825
0.360993431978802	0.193521614822122
0.285132470615996	0.127867852030648
0.377769756707073	0.240862000737228
-0.585373834560379	0.510907399485644
-0.498408328505704	0.280069903440844
-0.0788493334449649	0.0458368618833194
-0.504644258011389	0.250858696115441
-0.493218152748078	0.335716919322797
-0.562964317849684	0.401203726726402
-0.761988035355201	0.620922654769661
-0.402038138601611	0.193024378441461
-0.529941321570901	0.273592103656837
-0.347535204316688	0.168424819732343
0.556519133241616	0.482329600711509
-0.269043231535127	0.144560205338961
-0.847303336603864	0.725960609951974
-0.00922663142157472	0.00544583625324025
0.466420201370498	0.256830448661076
-0.0453296645012123	0.023125524519077
-1.37554571920691	0.935311166166992
-0.581353323700253	0.35115384997609
0.511600359959046	0.357387730714419
-0.0594809441679081	0.0338876848076434
-0.517773578136391	0.327806375395671
-0.417059728097073	0.172840784764951
-1.31882460472828	1.11971443166255
-0.30022513679124	0.195979577792468
-1.34855493364427	0.913651504417646
-1.33855917652589	0.908000140752383
-0.756044277799384	0.511628802699233
0.349281768760333	0.195911286553221
-2.22846088095389	1.23381493250113
-0.428197262611924	0.262388703999704
-0.446762104514195	0.303393833350594
0.122395218536388	0.0433641025692954
-1.62461293152827	0.990479305015039
0.717174318756713	0.545733482914953
-0.162895976503878	0.0829696244536515
0.241070164727199	0.159710329663665
-0.397672282335087	0.283795496461814
-2.68545824226418	1.86492873505274
-0.613387602974327	0.330521934343949
-0.261212405206278	0.172479033445643
-2.22057475876792	1.80166921777558
-1.07898299128584	0.783124820864977
-1.70824003140336	1.08758768087314
-0.591189291438074	0.370790292681193
-0.630700991159683	0.227603581560665
-0.53263216949578	0.232996695688967
-2.00998401975104	0.992825610458593
-0.448006066337637	0.275154063453268
-0.357437987097126	0.207219732644061
-1.32434688484657	1.10125590823458
-0.25660349096793	0.1419991367797
0.160755025885	0.100478298353601
0.309556027606604	0.127387926110523
-0.924841572305363	0.700244523031366
0.34802731702633	0.18889827078273
-0.412255119125674	0.228614065212117
0.761322588604874	0.468815520648923
-0.526262545477202	0.272976149261629
-0.931830976114029	0.414474744186308
-0.427021046126168	0.201018815698549
-0.818684947534316	0.493940269274164
0.241458288329291	0.153846685169823
2.75345496808745	2.10938973704531
-0.12234274152708	0.0535405887833808
0.189646149954655	0.113786158599562
-0.791911871503761	0.32610867113537
-0.974929505399731	0.815918773573193
-0.631157932063117	0.237768559992294
-0.155057048040343	0.0635060253554401
-0.981202055611431	0.5628054908626
-1.28480664579343	1.04542396985762
0.240295747793046	0.129938132717799
-1.1453010392078	0.991584846458931
-0.0647761245981927	0.0307726962453825
-0.164930079637638	0.0690195566663311
0.00443842385204469	0.00279182883801869
0.367185780498244	0.238728211614199
0.938176746880563	0.686678936608527
-1.14057235058935	0.776030119384661
1.07327093208417	1.07337122830319
0.509609309127555	0.303432780434689
0.321209583664561	0.168311839159558
-0.301153060065489	0.133298826686887
-1.00402551690802	0.754430191925997
0.033303131919453	0.0153720045211643
-1.18861496976435	0.877122416418801
-1.01439441624686	0.549356209767944
0.432420457519367	0.265830421084344
-0.298840061297683	0.133898760160479
0.311199403423324	0.0897711466132797
-0.700165854692932	0.411062942878494
0.0314854726034075	0.0137651102495255
-0.0136558658052779	0.00545118974769621
0.433458121641775	0.263431063354854
-1.98087573276773	1.39394430798951
-0.552401717129539	0.241499232052021
0.232487149686882	0.132482579025873
-2.17855776845422	1.69805193683335
-2.1064493640159	1.70129726484717
-0.0190716771302021	0.00706045319007877
-0.837269595492961	0.599962031517108
-0.341461683711242	0.219614833979157
-0.610608585101531	0.492282600452163
-0.265758975178074	0.0988753106009325
-0.147925415930709	0.0603599820623411
0.250499307182744	0.134936273369271
-0.740248629056049	0.549762550777056
-0.299532679206459	0.134661371832807
-0.749293065961015	0.520701621592618
-0.0495608786699849	0.0255436563308461
-0.267730456746322	0.145491405292559
-0.0317576453551401	0.0120359578576308
-1.57151683473707	1.24887147634192
-0.604561906813327	0.449677684733051
-0.463530796464412	0.362212709990659
-0.761477841790384	0.564739063464619
-0.320470597817178	0.192309157383729
1.10082428028474	0.779326985827879
-1.0513370334343	0.755510553737671
-0.550620986390938	0.44672098180544
-0.512254887636332	0.261408783720852
0.221995034267498	0.113778403878528
1.76904657080228	1.16641878230934
0.578372534988316	0.469022824103686
-1.20412082898992	0.763380815216374
0.298104106341405	0.215755158336182
0.843332883001242	0.652857752889253
0.202382337847916	0.113943190555099
0.141045225063134	0.0781591187490815
-2.13300248253507	1.14957278772943
0.00612276207655906	0.00355460580320901
0.53163790041961	0.397774503051192
-0.246681224467249	0.159313092298761
-0.184581686174763	0.0947699568888929
-0.110498223192601	0.0488780957637656
0.304465423007263	0.11016431089777
-1.23459444989511	1.06395429134002
-0.79612669381976	0.682858423455551
-1.47873562825652	1.94997165625465
0.129846648666825	0.083088790981594
-0.176512494128474	0.0852148060269075
-0.75737720932938	0.580217707447898
-0.559457246179842	0.499694800496873
-0.784771803881428	0.670721348606282
0.950272649844138	1.06056328634469
-0.464418163576438	0.475609970453478
-0.455202197815463	0.318219986534174
-0.309140466816954	0.213727611912542
-0.568851894612926	0.475593417800479
1.33257350556822	1.32355046567685
-1.13980362792363	0.859239186248203
-0.215382806542449	0.135196355919768
-0.069863213842973	0.0409261299685605
-0.392601600737648	0.157145134739554
-2.1300453453567	2.34188377493379
-0.909309345717918	0.581354233044824
-1.70546073313849	1.45263338465654
-1.02323239482732	1.0223015216796
-0.709096586511188	0.368341524306674
-0.690933753866806	0.50937255037043
-1.19768906953015	1.03073808926653
-0.764364888407362	0.517404778597678
-0.518720869039932	0.267119741005597
-0.505095790737378	0.299953508709866
-1.64965379833769	1.8693871765031
-1.18407179972643	0.750657328781328
-0.135802038870566	0.0737540714603308
0.459869382368989	0.342260920727085
-1.24117495852047	0.974617235128164
0.623953562305559	0.462408298011656
0.152681844757462	0.0788172219613142
-0.170742732069316	0.0882615116795391
-0.342905143468703	0.168059819834672
-0.431181138113521	0.3216444426263
-0.631880302851802	0.230268124102099
0.14196988276023	0.0635191395155117
-0.210503721681284	0.102969020917018
0.0130632979447305	0.00730370738965537
-2.75493363866786	1.9319476286866
-0.604361631765208	0.365038679722158
-0.921682037925058	0.571537324106227
-0.603869837015764	0.410195809598675
-0.775309547006485	0.580129107420335
-0.0694786229003585	0.0326374399927241
-0.677662524136581	0.425196632534616
-0.716665398224046	0.393005799818161
0.24338696862002	0.132053333747748
-0.144623147010179	0.080112925604156
0.701539779791689	0.307518291455802
0.493989769746628	0.20855482176681
-0.156057166662108	0.0633806970751649
-0.448863486383709	0.153713100154534
0.850980337825912	0.762035319657175
1.09120834757654	0.773139190473778
-1.20517784621688	0.898291824053231
-0.719940881635486	0.421064286936478
-0.306895322443571	0.214808679149946
-0.884331235282714	0.552706416428197
-0.422691276775662	0.194353667241304
-0.417490166417395	0.165935378059414
-0.286393423322154	0.101830092337027
0.244797919434303	0.159327072578024
-0.893666651833981	0.630850184349943
-0.219152414846751	0.17258650194595
-0.674872499966707	0.473191778786904
0.670767695808687	0.430276957254947
-0.971623762933777	0.756054044519603
-0.972447246238464	0.942757961457155
-1.26252396550988	0.829380752282958
-0.581571093595595	0.349954636668499
-0.935272034554836	0.987766382666793
-0.783568228516793	0.656322165952274
-0.780313838984755	0.736103215614386
0.24936519525455	0.146300951006186
-1.20212781585816	0.711365571660171
-0.0053820303608165	0.00245256426557923
0.142286002404685	0.0777852910423683
-1.42948764721203	1.04824899533866
-0.836182343000525	0.592168625273377
-0.512705055859466	0.355923969984358
-0.264540883329961	0.141885548509646
-0.975326746463292	0.743576778667057
-0.380168948159259	0.258112827166003
-1.61180858721283	1.20086966794155
-0.436081942439498	0.234414508778554
-1.41337447629129	0.758418177428423
0.434723873356196	0.264945329774579
-0.860344199633494	0.594159843517008
-1.42448229795918	0.796864166400512
-0.981789396625721	0.661235469305473
-1.50287618031608	1.17343942323481
-0.415688320912527	0.200921435621488
-0.709879941813426	0.407330479625858
-0.169510259718232	0.084984784993368
-0.732649771883422	0.562780533980335
-0.540757645050898	0.54724836796861
0.315547198110922	0.1850608360074
0.0159633814541667	0.00659103360596556
-1.78870756310596	1.54269003111382
-1.70139619535807	1.4680974500709
-0.259511966368168	0.0992957668747852
-2.08150571692739	1.62481883352343
-0.410469932123205	0.220632345825788
-0.837740991460121	0.603332309682139
-0.242707944917198	0.130896166723887
0.473207462730634	0.3412824963383
-0.058806942327109	0.0297301761200105
-1.30920871369226	0.704582753747264
-0.413589380119113	0.169165304976227
-0.286952443884814	0.10601570318183
-0.504344053139171	0.253739821283372
-0.5618903522551	0.23508564898997
-0.219015275340145	0.105902719228221
-1.41343870177908	0.737799152723683
-0.61082336901151	0.331798052628938
-0.0817427155634046	0.0351208900588288
-1.2954479896961	0.678996330819728
-0.539253167908066	0.231781707677412
-0.126378803004223	0.0566147813991978
-0.101728290714063	0.0350698671610683
-0.777302193257541	0.389469663258831
0.257316146904282	0.124615570760978
0.32054961459881	0.217741937727991
1.49166537083921	1.00130446957206
1.61464452931605	1.34179473129338
0.974671874086745	0.749382575526288
0.637385344827397	0.411327748600272
-0.0750431916473264	0.0358467651589978
-0.700032580990494	0.397351635990373
0.341917643584848	0.193679531155753
-0.241180944822932	0.0750844735638015
0.392993179842833	0.19320824353336
0.4218329210879	0.260792576300724
-0.768212006316364	0.573893835566818
-1.010836732429	0.672298527381994
-0.618584526181347	0.342876025337055
-0.22116859659728	0.104729600088401
-0.749863320569143	0.721782401604249
-0.616511585911052	0.476679946683541
0.750147634259382	0.450721345411643
0.359735220266989	0.250829955779449
-0.834415254414706	0.580948016321552
-0.293352663781176	0.177641062631648
-0.900874822573688	0.482060457483411
0.731115689778804	0.426339743422057
0.543348752270624	0.335606940405357
-0.3956496242518	0.183617055787908
0.703746281540362	0.487981646481029
0.0444061442642805	0.0195859555549028
-1.11383483746875	0.820365036930196
-0.284630531149919	0.128029008494455
0.307778408362716	0.179596238462756
-1.01254994156317	0.576674884087479
-0.279431404994142	0.149094422342317
-1.96486796008271	1.40893746856686
-1.63624522235447	0.680583694584443
-0.0520572698731168	0.0261992618837111
0.970449854014402	0.829385618465808
-2.04902373026814	0.584535062964325
-1.41403267574755	0.765869479691335
-0.410585341270261	0.170263510199126
-0.603063190591456	0.367007483194223
-0.715346593080876	0.409938330547931
-0.617088068385205	0.412590472426429
0.128996544934787	0.0603405620789373
-0.667631181179189	0.319862819768565
-0.316216952503443	0.163527350620061
-5.22351876146029	3.78952707113913
-1.89651590408468	0.902512129828045
-1.60108646316453	0.98553431782206
0.025470251679809	0.011155409992663
-0.614216177871087	0.363635585366551
-1.52053881916491	1.15770918553925
-0.121750536530616	0.0690392537349231
0.376324455513914	0.189739880006136
0.66842856601788	0.424713716524144
-0.609844672286389	0.334861489613774
-0.934027801810053	0.400128466072809
-0.788557253640922	0.328184193825966
-0.314793199329472	0.159279826643501
-1.8959136398762	0.890100272484853
-0.694178506414106	0.440680003366155
-1.27416817832491	0.832940162682331
-0.617496603792361	0.333894152894434
0.220510987581715	0.117682177468961
0.0235882839066677	0.0109912334135631
-0.981973714319581	0.641099569378981
0.285909972845423	0.128265601162448
1.29256493296099	0.714847764086878
0.538553986205851	0.279497846689737
0.547367620742953	0.334755562228628
-0.626453246626016	0.235162891105832
0.402819360619329	0.229748195527122
0.315765753383336	0.111891435964924
-0.0939140782516097	0.0444360933135014
-2.22632686174834	1.91998904355584
-0.619526299347617	0.341695803957218
1.15041033174556	1.21352390285901
-0.0969467579241606	0.0429497005359343
-0.814516526454817	0.475846626223277
-1.29744438489467	0.684601513904095
0.143662982505138	0.0725686324003763
-1.59054064308256	1.25605006661488
-1.41416938998235	1.03023540334721
-0.424359296881719	0.226029477299629
-0.155287834253501	0.0859635855867192
0.441704917576897	0.204059313052931
-0.433805719217465	0.265306318569334
0.0174955786190434	0.00976608331006044
-0.453965431399218	0.157436208414778
-0.988730477993744	0.780742398067496
0.264361882077877	0.124963263214783
-1.77091093815828	1.49650832901612
0.295308917700747	0.168378100323653
0.657919986202882	0.428270469830569
-0.551339186830848	0.244369159372622
-0.601365214004526	0.365401584412142
0.898377279044528	0.573042956893361
1.93710742202868	0.767767183948741
0.357426848505709	0.22517751193772
-0.72558126189361	0.410547338663547
-0.820664626512241	0.404141525986543
0.670624578077124	0.41889490646403
-0.84418273460794	0.599385529755357
-0.183823919226011	0.0940126492030151
-0.503242726329977	0.250479946868146
-1.50266803550367	1.07138388450485
-0.511845065060396	0.333191871797097
0.140383240999261	0.0527168730602065
-0.508825982488065	0.289345369742039
-0.406471254234461	0.219740173211676
-0.154674346517032	0.0754628337638901
-0.409745778218845	0.210966104323488
-0.599551529850456	0.319215198596346
-1.2604288834871	0.826437201343119
-0.497525359517974	0.274396677423492
-1.88258960888731	0.873208414188014
-1.36849882808914	0.9390603410736
-0.798560277645493	0.482431365877859
-1.52287520478822	0.889585689955634
-0.787632343825489	0.316467196960976
-2.97507196793098	2.36113778194276
0.483067036806654	0.338747158199106
-0.482755149274429	0.344544430469686
-0.350092624771213	0.199745944674528
-0.0660418426749922	0.0314421353629003
0.131652032389459	0.0513459514796633
-0.458464353123078	0.158103272835044
-0.73323572976179	0.415028050142574
-1.53392894463323	0.877200994481984
-3.68461012193775	1.4316066222454
-1.42210583762672	0.999982771005351
-1.62475876573545	0.653637803304567
-1.13916841444788	0.991360511346461
0.950895558985451	0.81858315564582
-0.0352227768916743	0.0180625133531795
-2.52405857027911	1.55566663315074
-0.804525326001519	0.478284707117516
-1.08561728913799	0.658980290328894
0.24265689909675	0.130354425342103
-0.524570910583321	0.309246401803483
-0.896449835003972	0.588691477344677
0.484153778266614	0.282947545433891
1.68953302556568	1.2762912404088
-0.959774955142777	0.616242204296828
-0.791942490908806	0.363968462084785
0.670087810281695	0.370715418384475
-0.963818036788378	0.742698033209133
0.929067588835847	0.664457406589463
-0.627094999584564	0.492759017389662
0.427540840028857	0.196853785550052
1.10385766183288	0.856567360871561
-0.27899802544715	0.105701576819528
0.178646169720231	0.106666282759418
-0.364425233166005	0.201414990924153
0.193139420781081	0.115097922757861
-0.196077059774243	0.0973406886591
-0.577956071862026	0.34452460594033
0.807101390772019	0.599157820986063
-0.971221012870887	0.752366275597224
-0.636606843542014	0.441067583529422
0.40200898196902	0.203476871067214
-0.910035275716371	0.760718033254837
-2.90901396775253	3.39817029175618
-0.259567678981197	0.135558295026746
0.373488757150971	0.26435963684004
-0.900952744648235	0.579508075388057
0.572211155861167	0.470316978994043
-0.226093777317613	0.10366687573848
-1.51770873722939	0.876571471145652
-0.675849481160253	0.295264807725178
0.839918648095179	0.86017308942558
-1.4093851289623	0.784222123386258
0.0164874012393862	0.00688561065633049
0.0208548468634903	0.0115623927609222
-1.15756579956035	0.974432100137584
-2.06537187082409	1.59058213860388
0.358784713307254	0.197893370838601
1.06466943857079	1.15264866312078
-0.512943532140074	0.256546403315751
-1.08222158538261	0.5044182355298
0.291855351934352	0.118125584198406
1.26178756190366	0.997200599299853
-0.451544545942935	0.267042937159722
-0.17419577092847	0.0701757765645044
0.118686776324349	0.0457937847698164
-0.916011909123929	0.666562730541053
-0.752231768927481	0.512240977568678
-0.164545147839595	0.115187397327982
-1.60422686508468	1.2536042407657
-4.40938621042781	2.29204497916857
-0.399258770521355	0.189050144389912
-0.227217367691638	0.108333684471668
0.244643509799256	0.118554705456289
-1.50906573845464	0.889050399747609
0.275312279031372	0.170600076070695
-0.909517650705722	0.574135946540088
-1.76530426336255	0.794989246573585
-0.154938545490687	0.0630590444732156
-1.29099416502455	0.646568116371821
-0.66698348111382	0.313213216665248
-0.226999996859601	0.126896004698352
-1.51589251226234	0.903410969256189
-0.618219727743172	0.316942325984172
-0.432319451841094	0.237081546069885
-1.52999112703891	0.804893339308899
1.27293116387186	0.683393082242773
-2.52171482794943	1.61452147972926
-0.408502406095431	0.164725841102286
1.68912872367662	1.32655397735536
0.153972434107117	0.0706518900577258
-0.107568118904991	0.0481261056923333
1.01796810443732	0.510111536898769
1.27553218508891	0.938890381158352
0.601888571772507	0.290774290659593
0.0136089815926842	0.00694549057629914
-0.443046104492721	0.26716901143698
0.383419519246012	0.195057477145938
0.00981641275214217	0.00416679403269186
0.841637968487621	0.458287277445912
0.368929529461726	0.199475415444746
-0.00386203054313942	0.00190894480898439
-0.161185753316432	0.0895680455210836
0.270813471895857	0.120381556428303
-1.78197068377446	1.13218324511391
0.219791654027233	0.12570473695355
0.433865191045837	0.318374330987619
0.932541097924702	0.651958645586679
1.43288612644712	1.16881786767332
-0.608466104437359	0.445186374814231
0.547651671649119	0.353936486803418
-0.0793026002452072	0.0383857447960777
-1.61414427335165	0.970749781910533
-0.613193987863213	0.324985505190903
-0.508657994263119	0.298441533897493
-1.18341182022873	0.770192977052296
0.606966412885637	0.297123930564042
0.607110385653571	0.293664124099977
0.0268945897272371	0.0111457470776647
-0.938274581834525	0.387972562746496
-0.916043117573927	0.480075331237728
-1.01188585847713	0.786880499811777
0.589180514042693	0.476041901443689
0.866454487892075	0.312196096418755
0.329499178227133	0.0941776028831613
-1.09908231487801	0.931921821647549
-0.527299440628103	0.289518905379861
0.70896604213954	0.310994706036983
0.823685382827497	0.589654353027311
-0.523628214097667	0.301480695759505
-0.356032548578479	0.209331160267757
-1.31332252421775	0.694899431330731
-0.666028438893522	0.315049359545486
-1.1977762486413	0.753621386478606
-3.6708084484862	1.46290246266027
0.534928405335146	0.284154167091637
-1.15345641142257	0.962389882482659
0.452831062721397	0.237921963505951
-0.90659749879575	0.483010217063652
0.358589030015053	0.202608726402515
-0.88476648683737	0.563097318823873
-0.979191006091936	0.519978723318536
-1.2960187262142	0.681650017482007
-4.41523913177325	2.2935003681744
-0.606058378268434	0.311575245924205
0.49450116833267	0.328822680484292
0.68211502946205	0.599172308260633
0.80299800429863	0.558615121642064
-0.301296773401067	0.132707116154277
-0.45841314783357	0.15820368336475
-0.905543356736703	0.47690508674599
-0.409143973458882	0.172054556211391
-1.76235190824188	0.804750810334465
-0.795700262788512	0.404697269897168
0.298476544904212	0.180518841105582
-0.518136352511995	0.265722915136964
0.546554197810111	0.346083960812838
-0.628172707173069	0.240289784886738
-0.409945498057431	0.192019725204913
-0.944298987949929	0.409616127356706
0.030775915566411	0.0138048655816667
0.596617303663113	0.293784417603141
0.142742196122373	0.0673994464759335
-0.507897189558222	0.295164232562684
-0.252506856463096	0.133321213802628
-0.269250812377327	0.144784650931932
0.0800997686158583	0.0254917177929248
-1.00499593489213	0.589066272854153
-1.17392910646921	0.901420684301202
-0.165080904010393	0.100729096041219
-0.276207524671914	0.121393151195124
0.43943079738673	0.270157537682032
-1.17784890221952	0.761646300576263
-0.894726908889614	0.495424980540621
-0.870033197381347	0.600323832989342
-0.211706403320413	0.100941772203957
-0.179117690017612	0.0734178704077342
-0.653693003976039	0.340154482231154
2.02561869873697	2.0987943879851
0.265667776688975	0.166367309643448
-0.037321699850362	0.0202939022638986
-0.796905358185638	0.410654228830973
-0.70799677982355	0.38044369248175
-1.28904998665754	1.05870557721393
-1.27299532873738	1.02539319283266
-1.19320017207825	0.603684735644847
0.136426228190562	0.053429543129973
-0.725869193655951	0.4179857356715
0.026400116807889	0.0133129585804315
0.297564569653833	0.181046933791109
-1.07107736096305	0.509541735564946
-0.793685692202689	0.407858248789684
-0.16594471083448	0.068415697790661
-0.416585753224025	0.194579801718813
0.0263431890657934	0.0128905789276339
-2.24701164129114	1.23897269146176
0.136772401479868	0.0698598108612086
-1.43331430438645	1.0431095602861
0.0387054572286501	0.0179069830335848
-1.61186920513756	1.00736633488793
0.481719022397611	0.20523979770721
0.619454954572224	0.446117139741469
0.973002482571198	0.893689932300717
-0.793625784397613	0.329079370830853
-0.713177509603742	0.425533830795516
-0.785913084613843	0.403359898389374
-0.544336899608551	0.352949276326927
-0.348219996202892	0.165297402247349
-0.780564647305448	0.392113669892546
0.140026220507753	0.0624943847623195
-1.05484262512412	0.821885657403572
-0.406643165341756	0.233866436450581
-0.26808050386325	0.139753303972959
-0.709150052938255	0.400922572666667
-1.43833558677704	1.25155891634206
-1.19679912955915	0.584451161938617
-1.90443413306693	0.903847920147895
-0.605981804921667	0.321931632202573
-0.655514207781758	0.478247011572174
-0.25320189699266	0.0968803247329662
-0.249284220588251	0.13208488047688
-0.709335198837178	0.46093213244944
0.373814807587439	0.26911733206939
0.00947879790207249	0.00509787584982719
0.462619415198764	0.260712150331561
-0.628184219891277	0.231610741095655
-2.42624898559515	1.48595294232431
-0.816306200769899	0.509773595743865
-1.95040632983902	1.85198041531502
-0.416337847374728	0.244626175413945
1.02332843916816	1.10706638586296
-0.389617776363097	0.250926491420156
0.319797704321071	0.241750591782863
-0.45452356955285	0.283376725866488
0.525266753168721	0.270924189025628
-0.0554132757217749	0.0316572829956752
0.902117219600434	0.571132776382098
-0.922771998374897	0.66703681267139
1.41668339754547	1.11555919026251
-2.22974914146668	1.86048798351465
-1.20551326539651	0.584022019969375
0.541436372522061	0.345772509151415
0.00189604906989345	0.000998932350343075
-0.0867187581266369	0.0417621563876245
-0.373944419499767	0.248206123352006
-0.600338976018623	0.360079627681639
-0.804484553309105	0.61499813534824
-1.36105596403271	1.15685862960537
0.0447518587402403	0.0217138929225518
0.307697516913929	0.186515269639536
-0.804750283241631	0.467973357895364
0.368886500370747	0.236625655902807
-0.440198434933136	0.383174857021117
-1.36549131731859	1.35648524005169
0.157608470808242	0.0740153996447775
-1.2877091722438	1.10422322703678
0.859437760643182	0.717089030306371
-0.311158161732094	0.186452208924635
0.464240538634496	0.25506357473944
0.0340084910618199	0.0165689662421265
-0.424354495324919	0.219310483629784
-0.145746694905328	0.0790829630398555
-0.299725351932714	0.185746132044746
0.398650004204976	0.204563116245351
-1.18776619637897	0.59236835617508
-1.70713452057303	1.49049347850411
-1.09569141489052	0.655432891791933
-0.172352736657162	0.0813754855324726
-0.672401121828839	0.421869371549577
-1.07930993670051	0.742273483055066
-0.684127946147903	0.311278989942146
-1.12311597029494	0.980825586251368
0.114879561081523	0.0628490559975195
0.485877968294854	0.205126148849247
0.116654658121691	0.0598645739905617
0.0303439369459269	0.0124492889529554
-0.140223749184438	0.0755156421330927
-0.21672244352194	0.106154725081149
-0.328642128420847	0.181183954899539
0.111002261144671	0.0700149577898506
0.820617620061441	0.645568823782683
-0.60639629542267	0.385535006377631
-0.81161113041698	0.647603337733157
-0.507686040675003	0.284241865941056
-1.96636978911885	2.34861971577871
-1.77915694119863	1.19244301929212
-1.04772427926824	0.805310302829749
-0.684865707188091	0.474418965048688
-0.528745852556756	0.382450631932507
-0.448038442893387	0.33305460232797
0.00146607268603145	0.000851573068479073
-1.35860584897757	0.944983757684275
-1.28470921496505	1.0501341690453
-1.12602062886879	0.640875185955112
0.022352031602907	0.00993786156157213
-2.87310706468427	3.42782031765157
0.143913640705453	0.074758175149958
-0.277692575057425	0.119324699182931
-1.01578378906922	0.569777901617943
-0.622774487201807	0.235945624597286
-0.8885239609701	0.470350206512968
-0.78324170903363	0.31752168112008
-0.0524418296261766	0.0245654965088354
-0.0967018769359183	0.033118325315731
-0.556806320018867	0.24181146766969
1.42019438251242	1.17163586807077
-0.793293387359748	0.404950618931042
1.07442543074952	0.75296177072644
-0.280618433070429	0.123349395949485
-0.414137342960897	0.226063541309969
0.321596831485915	0.0953901221130846
-0.552365514002387	0.24998333856965
-0.514920594136137	0.260320879013176
0.745385938937741	0.613600592368212
1.24705568795172	0.856877088780509
0.482140265957887	0.200878064115405
-2.75870365347319	1.98762737357721
-0.156248990377691	0.0964889957336968
0.643690571497089	0.420002472485647
-1.93253993449418	1.41392261734197
-1.50619004781487	1.14752776602411
-0.0707591577924727	0.0353138318775772
-0.219292338650483	0.142742255870853
0.489317111198176	0.204197185743086
-0.937826824372128	0.410005771583112
0.0112939273570896	0.00464317549265956
-0.175544079561233	0.0916781032195374
1.06560567823381	0.791062639006213
-0.899720957317962	0.488541544362977
0.688787715609588	0.485672160449482
1.02075174710946	0.5282624321521
-0.910243786284376	0.655232058523194
-0.161731775935499	0.0669385370214679
-1.40161864343025	0.773698453452127
0.163724245222217	0.0697813658509559
-0.668331216860139	0.320505589551387
0.276139139832086	0.123113944439314
-1.69066078869109	1.08444402155695
-0.17124759951871	0.0837254470122845
-0.279167415911626	0.125102375266371
0.713481780124873	0.311319188197036
-0.0644618030941573	0.030663675806124
-1.71385057607036	1.13662051494536
-0.25089467907408	0.0947503352643549
0.463161744545586	0.187866427241841
-3.95909144509355	1.74367417083539
1.08256327913517	0.768197730629714
-0.397345538869178	0.160950088563549
-0.42076733521224	0.174047204505986
-0.206981519794083	0.100644306545221
1.09871203393148	0.976582997288097
-0.249265790613992	0.0939963446595307
-0.28062143191831	0.127666696045106
-1.50782309844592	0.894609581088366
-0.281136384642802	0.123368695367399
-1.6120413341432	0.674452972396136
-0.780272403263571	0.394677071376427
-1.41952442818426	0.787892761777863
-0.311002511437776	0.190425575776397
-0.2172871103258	0.131388984419532
0.130496559777827	0.0509824102284152
0.0160783579337067	0.00670081660934235
-0.725464159157032	0.428662631755261
-0.876165786833613	0.451959939829744
-0.545245958624869	0.238405285933643
0.122891451402345	0.0518830142580509
-0.898485755794644	0.473028092359264
-1.45733133830417	1.27484958264673
-1.41073445749583	0.726080859269098
-1.80172689865758	1.23350848567733
-0.400298895747539	0.191133638382799
-0.507738094721294	0.261838717925848
1.06069898109721	0.627599304841545
0.0443029679364534	0.0210833830365208
0.537312601824208	0.280825589318705
-0.439294129567351	0.197300892638463
-0.511385209173061	0.421975067604633
-4.20913823653273	2.02728484847108
-0.922947185430203	0.691345241318655
-0.414550894411799	0.220729726385896
-1.09769997647423	0.662878560599289
-1.30662062257578	0.689380081270512
-0.232067553439038	0.111102279098299
-1.17939892047644	0.746970463346925
-0.966955972665266	0.614989576304144
-0.481100565153819	0.258189351688078
-1.76321905273824	0.798147569058936
0.0139436501702389	0.00580494532286162
-2.25890267066492	1.90302398402408
-0.506520201077972	0.256777036329069
1.96831806768102	1.5840428382303
-0.638809230464633	0.23809604480452
-0.799550942213773	0.489657612678199
-0.962949250519405	0.684051163716676
-0.725132776753304	0.466355928449673
-0.474578251269223	0.325211947879474
-0.244653994348075	0.141379524338174
-0.1453522799821	0.0827120918142001
-0.255552112964763	0.0964509922920373
0.305423572538108	0.180217502505586
0.455552539168207	0.205171138001026
0.681576691463511	0.434132463442951
0.328188423100452	0.218889566683497
-0.747108159545957	0.499277557099245
-0.396652158402164	0.1911772609924
-0.228717877047663	0.104496367442485
-0.365506386012951	0.228977100633396
-0.774629660607624	0.388042009365409
-0.411084348751809	0.224848611416523
0.266505806243684	0.132662930005973
0.616832092721215	0.294026854070155
-0.817379349217223	0.569729469377024
-0.606550781846328	0.399561373164381
-1.41880047319595	1.01731245498083
-0.086358390679106	0.0304440917173083
0.135233892724031	0.069697904638118
-1.08444708184547	0.515662485031997
-0.626693000280246	0.237461138577178
-0.59379150869117	0.408559607331928
-0.0245907255213677	0.0094057097001453
0.275371348599207	0.124865210122394
0.680471518284887	0.376332090204925
-3.10058112952437	2.59989953063721
-1.34823740547465	1.085623853449
-1.53149352204055	0.895035499126839
-0.41337231740191	0.23121799610928
0.253880615074562	0.119826150351648
0.658907108326566	0.578415637014359
0.0287194267725857	0.011437286073163
-0.792429874910281	0.403474127011775
-0.50586121367078	0.25869851782613
0.219685734931361	0.125339161624778
-4.20368727444785	2.03100230057622
-0.36312461643178	0.299837304188315
-1.57572842167521	1.2731797485136
-0.552500307889548	0.380407103825629
0.458832576049539	0.250185533451988
-0.600172572007258	0.373477328372257
-3.40769140410846	3.36068190688152
-0.683799637546732	0.321075453890907
-0.952860873323623	0.892499945801966
-0.902484559354276	0.679350912307206
-1.53572571154254	1.67433269923729
-2.01539339453984	1.01046304327937
-1.25778848321198	0.819849625629686
-1.93818993458446	1.36936410334011
-0.390069728333719	0.176739961466777
-0.905603266335846	0.582608814424722
-1.80932080156116	1.58258016023312
-2.24876675061449	1.27828902259317
-0.069006099287321	0.0321271310212066
-0.501585808622888	0.290444963147764
0.598729039588609	0.293790009724881
0.49883495560807	0.341973795064034
-0.31126010800465	0.137517239441481
-0.931652139919328	0.41225778334066
-1.27333670214592	0.830771623384073
-0.958257479479555	0.720110039265542
-0.518524253524056	0.258582755497775
-1.44085384189381	0.794806438068202
-1.34657833421518	0.915105664320653
-0.557347703697451	0.250356811462803
-4.68541419690825	2.63928956048422
-1.1820998902921	0.744273423552384
-0.657258809598775	0.31233267165109
-0.336173657297488	0.170628304365998
0.0921064729936015	0.0298286783653654
-0.517463316682259	0.307523226186637
-2.83362097275164	2.0837566997873
-0.886058782535168	0.583267878100558
-0.10392549605399	0.0454236617534067
0.274901543532074	0.133886405714002
-0.0324487735295031	0.0120850446197945
-0.933071618812294	0.417319819505609
0.421207904736305	0.253592586522283
-0.0846421631332882	0.0406981045399518
-0.258159578110918	0.0956718295860637
0.813399184331616	0.415742619946489
-0.269397771049252	0.0987824648897123
0.0300213053235332	0.013849597353612
0.138418816816408	0.0724003510576587
-0.888706720478758	0.478700825294496
0.934004188833823	0.67369144966666
-1.34005012972466	0.914094156067731
-0.059617465189139	0.0302621993246034
0.139315400730807	0.0540124214225657
-0.240279551557748	0.0736375632351795
-2.34629942944115	1.39219183732959
1.07822455254381	0.754495870478603
-4.83233936400612	2.94327961360513
0.570185357306036	0.205342825769399
-1.88692367877391	0.902542824843069
-1.42287062564134	0.760577835653842
-0.795335373743768	0.399043657215759
-0.398097557328055	0.204553699978372
-0.418850683767433	0.229735006432488
-0.61427394252717	0.313833967078174
-0.905790757623184	0.489453886751505
-0.304926390129344	0.135388930682022
0.409081400765158	0.281919465218399
-0.302274800198212	0.14936573510119
0.297686530820953	0.135700484795072
0.0295228024093111	0.0116688172317549
-0.405008631861922	0.193190078640786
-0.513111360566232	0.261431329840746
-1.28758420887901	0.471090922947331
-1.17527790189067	0.742138262574923
-0.0897281785248286	0.0418735733124676
-0.433804486405758	0.260353883551973
-0.518744214381223	0.265908683916236
-1.27408814033572	0.801575939367493
-0.223316126125841	0.104960713713694
-1.18632271320782	0.763910894012058
-2.75480135781708	1.97158825532155
-1.26234206763715	1.02920713279272
-0.780748105613392	0.373668495939287
-2.31309976269052	1.96311814126816
-0.39672062325711	0.261697531311097
-0.580394176447637	0.374027644675409
-0.21008282348675	0.0977244436710225
-1.07031879116747	0.609235343946363
0.0886432068654742	0.0508640817951216
-0.672537922665879	0.322374207492244
-0.657221830931831	0.471133021029003
-0.317363926305701	0.159174407221997
0.349263283800058	0.196395554671606
-2.13085817017127	1.09349850333806
-0.410828891875527	0.200080057681646
-0.137733470777549	0.0753406959088913
0.496546584545805	0.207285055511551
-1.94790621682618	1.34261643596203
-0.508148792818374	0.38907309099229
-0.596480406038808	0.404827629145519
-0.394349912983369	0.186317095821429
-0.261895207164106	0.0993276783072784
-2.42630802890552	1.47580100417155
-0.797405347644465	0.402893278635402
-1.42920260810557	0.776971176882342
0.877942433798754	0.728355384960872
0.213925717138675	0.10988946094184
-0.401876362358479	0.213619494377665
0.769703394018262	0.710211689207643
-0.407023295552277	0.251831388372081
-2.97543911720378	2.31564988730565
-1.17778618511068	0.755787923711347
-0.767650345853689	0.52087754351468
0.150582809383603	0.0717934734249517
0.248590708620389	0.135195676280111
-1.30591475442927	0.66595242455677
-0.0635043437920699	0.0297041942242126
-0.18772270362565	0.113455558164571
-0.846363758425696	0.589043009118756
0.0186479231943675	0.00751148760172068
-0.819924976630471	0.512652014694967
0.929847082861158	0.655047512975267
0.25480604014585	0.136292980294896
0.0162928744289168	0.00736149730195618
-1.80345007349512	1.21259055742171
-0.0960204357638029	0.0330998093963985
-1.58148927013398	1.21634085577354
-0.656568570207397	0.310643162762148
0.588683393519416	0.280795992181335
-0.672665006280689	0.475721824889904
-4.20913823653273	2.02728484847108
0.52761229489758	0.279265903968811
0.74651884355735	0.447893884771561
-1.93423599734574	1.3883133410005
-0.388016738505568	0.177866130856343
-0.220610291573056	0.103844150693982
-1.62885718984515	0.986212564282967
-0.170323781413633	0.0859324921650485
-1.59998471689721	0.975631125950964
-0.215143374004518	0.0928146071610118
0.968541680778785	0.78858631275665
-0.286788026205956	0.15099978594099
-0.257736484660889	0.140009638674518
0.181441332350423	0.103232869883517
0.143898229336022	0.0624681863965799
0.0335104143563493	0.0151442590607729
-0.660632927584231	0.307253704461424
-0.391713652836161	0.179707739641149
-0.348001857020364	0.203845504363946
-0.40479399759317	0.269553219264522
0.0784774932548099	0.0472665936081306
-0.0364425332181051	0.0135564926969327
-0.0546871144544101	0.0278588266496026
-0.271208709513949	0.149700672663618
-2.91878355621075	2.23010095875035
-1.78136090299628	1.17502717559269
-1.40122731459802	0.752975014713467
0.607965074810438	0.30019311339388
-1.07615679981249	0.772477903996942
-1.52533248271943	1.09299706717963
-1.68635841268181	1.08485802418394
-1.0620541289812	0.488706613688241
-1.34178197704303	0.623258200570123
-0.268125056828714	0.103062015225684
-2.84719003434724	2.03841132025623
0.0218680179408849	0.0101008020857124
-1.33795467781869	1.08451696054309
-0.77447875816036	0.52205682591738
-0.0639106785913428	0.0306661261858937
-0.723490513201183	0.420989808459779
-0.973274110112446	0.621646163820108
-1.20014911369645	0.740118966621137
-1.44055337043363	0.774842251839858
-0.879019339914962	0.459668574870641
-0.697530101878822	0.462505823093331
-3.97319647441464	1.76245629371376
0.170815801756524	0.107118727630687
-0.98116502213245	0.540841503376235
-0.327881201856157	0.173227966470659
-0.668139043418981	0.309499924666619
-0.429837996089897	0.166521277318487
-1.3645325723191	1.21499304385063
-1.94641209192689	1.40614779998659
-1.40655730280713	0.791656443829861
-0.395439954218907	0.20880879502122
-0.396227445958091	0.18746713072367
-0.447082533694606	0.318112888087158
-0.185424183558667	0.0996281474563501
0.046263353547442	0.0230854196961444
-0.40966227147389	0.21657142453936
-0.27984301372149	0.162467439752627
-1.24820317532966	1.1762122571177
-2.09085222563866	1.68741221608326
-0.155228351363743	0.082752432156398
-0.160220656378214	0.0976180112692756
-0.488618598829115	0.274877154669005
0.221647259826924	0.127404447078499
-0.937227115175414	0.412228742777122
-0.168144760652814	0.0695413238648526
-1.07103942248603	0.490700957644303
0.580077101418784	0.396675689553007
-1.54012542319162	0.90153649657505
0.392091816303689	0.202237270433493
-0.683554431010036	0.323372715310587
-0.879621311478849	0.544651366678586
-2.69407449856807	1.87471116514917
-1.13673364123679	0.842191285632429
-1.08112458149592	0.633967891862084
0.0368323042229809	0.0168004069770359
-0.786932802819325	0.393976617695254
0.140082041345068	0.0664162163365412
-1.302866552955	0.873516986576644
-0.88344784035012	0.465789012676934
-2.24608569881247	1.2189433875157
-0.939237985378313	0.400425126762599
-1.09485446557957	0.679012239885571
-0.701058803528208	0.383469767298818
-1.35966837165409	0.949540866556775
-0.504601260651464	0.306948073909495
-0.543350886829316	0.237568797552686
-0.408780097464111	0.323083161587065
-0.111879758392824	0.060713015397798
-0.234346495882202	0.134540254506106
-0.026031527332715	0.0100455445969945
-0.321104229195944	0.194690236527534
-0.33029951062749	0.16854346062793
0.160779776004031	0.0643266843163803
-2.83090314934365	2.07722181112821
0.251105376610647	0.122072281796377
-4.82993532440308	2.94742379911892
-1.95413221918946	1.43428728735202
0.295642065806834	0.13364577189086
-1.34081393801078	1.08765294268609
-0.587379239889154	0.588906809149417
0.850477306006403	0.481719429332544
-0.0233791296050634	0.00867040236120483
-0.714986658514326	0.403366897333905
1.10251897401067	0.828399249567372
-1.20649630292203	0.761809500490876
-2.52678622481551	1.59307478597508
-0.55422325677874	0.380378122117827
-0.670377964584986	0.316510992890116
0.290713133162945	0.114742683077384
0.332027430094079	0.182347139976446
0.65887550557069	0.425499915528206
0.92155154345156	0.647880784084406
-0.411777083440881	0.213800868983163
-0.712148572176886	0.406442328565637
-1.62363191010939	1.0125349184037
-1.13523392767496	0.82600417383244
-0.596164764565076	0.361244459865748
-0.722970159168773	0.414586181340381
-0.821966609100887	0.490852899526407
-0.78145634932143	0.314711153700686
-1.10386163797928	0.908804849607836
0.268617900746468	0.127477137600251
-0.514138722027989	0.301089945530201
-1.06636334708582	0.50259261153832
0.10458495058432	0.0615927802517263
0.132518940282721	0.0669703759101743
-0.930850675419398	0.708995708263226
0.0285447243680397	0.0128566020606794
0.494728016404488	0.205299088525112
-0.241859315102776	0.138415028678731
0.658260810752602	0.426515595700946
-0.34142428051171	0.174314078610977
-1.19910409866153	0.759959272611267
-0.148067262072775	0.0600845233767213
-0.252471688139125	0.130687404047398
0.899823003384985	0.569468976623901
0.132130915249968	0.0638094662874434
-0.777040174981359	0.30443917987033
-0.799254905873516	0.405821945615605
0.32894420016729	0.0965259148221703
-1.42028565996594	0.768250689764377
0.019259777945617	0.00786690896304964
-0.72276845039606	0.422220002867264
-2.68478939145928	1.88371470405754
-0.0964567627966981	0.0333689253293212
-0.381744793862479	0.240138525504502
-2.02930677503794	1.00845893534576
-0.611626849328405	0.467888201851539
-0.548077706136816	0.237254713358099
-1.089181401229	0.650628134248717
-0.0317283294340417	0.0116563585235515
-0.514578438835618	0.293414317966067
-1.08194152441796	0.650613125166689
-1.3141502198287	0.708609635349868
-2.24246634611305	1.25423793041878
-1.9498636408678	1.3670061910891
-0.610842834587669	0.374933799852808
0.117803355450435	0.0456117122447139
-2.50768702691604	1.56641863449329
0.374097861566342	0.23774765740947
-0.0888807024520649	0.0493818361343832
-0.933731514365621	0.405945738115588
0.0417499170600883	0.0221956654745403
-2.0316297329498	1.58003740787059
-0.143930653487209	0.0777364747623313
-1.43193507019632	1.07887474374099
-0.186305784806807	0.094864323547539
-2.11251351906675	1.68790833324758
1.29398068596436	0.769645159767327
-0.779840564726365	0.395852835204996
-0.925289134767157	0.674334305290291
-0.999341628204179	0.551925326098703
-0.779207902082582	0.386858575746867
0.806401643447579	0.404971273928913
-0.278601053870572	0.146403648921779
-1.6082229079066	1.01009080244092
1.02848036087057	0.546553660374466
0.406733982127167	0.20585369660008
-0.303999357989132	0.152631595051689
0.0860451965654325	0.0290011389256935
-1.62292676396146	0.681217186249375
-0.999538099869368	0.671200925089991
-0.532742666042221	0.265261274288988
-0.765334394734223	0.51110815726897
-0.811664893945995	0.493081351143228
-1.08637211966678	0.35550676919895
-1.62302847332844	0.6839930382907
-0.782179513759431	0.400320858952646
-1.37175187693867	0.948216217773518
0.0879046458389413	0.0298173025734727
0.234684229908897	0.16073328508802
-0.286196252122029	0.127952534745851
-0.369183373750173	0.219325284842029
-0.399526449158675	0.161023039621816
-0.0972037904535891	0.0329719146864416
0.126356491027652	0.0476048110675241
-1.88248966299421	1.2763171046542
-0.063619262734723	0.0289227568402201
0.264121230938669	0.128588731255176
0.21085683173327	0.118505556077505
0.0190039036316731	0.00895398770243678
0.134027170546372	0.0508363709938626
0.0336120242421187	0.0133768352806283
-0.706169815454004	0.408315530279202
0.806716283866869	0.418475300260135
0.257091475790597	0.111074253917846
-0.321837960764396	0.159445307331668
-0.354047391090489	0.174768637895543
-0.782538887274895	0.316909881329121
0.318143538060255	0.0951754671461897
-3.82967619998374	1.63756887052844
0.485877968294854	0.205126148849247
0.89662618278406	0.554782667278681
-0.453236769298277	0.151759171823749
1.28334028460781	0.759031773640509
-0.0103257990327545	0.00363763752327241
-0.927813203566376	0.398607900467113
-1.05490547358617	0.472906565381335
-4.20637017032262	2.03439080305776
-0.415610113869052	0.185503725070931
-0.508411842656005	0.286344086011374
-0.403810810614131	0.189702061276382
-0.804351810294454	0.478947449539399
-1.7115017120123	1.05289157552147
-3.83029531174362	1.62917679111318
0.0185866427367544	0.00780678177117915
0.0142384976193655	0.0076966731958603
-1.52211214832023	0.885606853895769
-1.25648701075956	0.774296465194072
-1.47020787805621	0.57234315637096
-1.91246534609053	0.900631184731623
-0.543808291562297	0.243306087359193
-0.412558547237793	0.166847601482866
-0.302218977040406	0.136998495598357
-1.30598843396652	1.28420812890246
0.0391892513778084	0.0178765470954272
0.555844691625306	0.199296856533302
-1.25912512263238	0.820719569223897
-0.115246630165676	0.0498844604837852
-0.658074896324765	0.316591353733919
-0.112276785788804	0.0497220345015183
-0.788561090838431	0.407450539168195
-0.514487832820856	0.260620241969206
-0.414902112928959	0.226687754006197
-0.161773889377216	0.0655494357764098
-1.20032320683746	0.600277150631704
0.757823188426767	0.466754684041048
0.475206586519528	0.319767184266677
-0.392132679662609	0.180627484328219
0.183447261338702	0.104595959028197
-0.307098130866139	0.149042059879819
-0.933415044567387	0.407198822555963
-0.498096970355743	0.321803279330654
-1.01000666760381	0.571075487913781
-0.449734915858354	0.300919827344669
-0.0950529708917464	0.0421476575073285
0.132804334867021	0.0563703422675719
0.74461487365319	0.618823104858635
0.0431803969482712	0.0239210404367755
-0.107598715379238	0.048546147391671
-0.017927334637246	0.00688138203442067
-1.31022679663595	1.03067338949582
-1.43694521645842	1.25316935117773
0.0113960710931939	0.00639266363014889
-0.319500092530657	0.167624965448381
-0.563641162224736	0.241928347259888
2.7613630484055	3.41201166847009
-0.0843358891279054	0.0411777941472744
0.0167206885281096	0.00801100103292616
0.304175056169458	0.12146566346252
-0.101590961952481	0.0478940482785371
1.30203444901362	1.3533866709051
1.09450078474454	0.768505406145939
-1.61830792551931	0.67292195091878
-0.71429858173563	0.41334549420647
-0.993861593891772	0.566502385566514
-1.40846765377633	0.789301108954876
0.486928888659427	0.40952915411245
-0.135715069986229	0.0574491030016552
-0.597043563717588	0.403398549677539
-0.0125440419539965	0.00499945060345702
-0.50322049791798	0.384695915689947
-0.984962815632896	0.786604052648747
-1.42904821839809	0.799099253952977
-1.76752959754986	0.808060739008649
-0.347522213058683	0.193967992642444
-0.643297881025559	0.447055946211698
-0.786277852480841	0.667817304374514
-1.33312927796205	1.08541842901475
-0.260632972378236	0.0968766752518943
-0.677159848612813	0.434143448922868
-1.61702049723627	0.673246783502988
0.319557954116506	0.190826822124147
-1.4067215301339	1.27497143821887
-0.714095137903951	0.524334819254876
-1.29797859043194	0.67247485993054
0.0768797241225585	0.0454628140903926
-1.10657655315475	0.922511344353433
-2.90435028972454	2.22880029453312
0.130257139553621	0.0673176095193104
-0.436487484997291	0.23479975273488
0.79770551560855	0.548560927987851
-0.600830831904514	0.366106154475265
-2.00785685431408	1.00470448498944
0.264275232779154	0.116904859824329
-0.238259444391089	0.143520739837584
-0.351484101306809	0.203185301942614
-0.158589043332125	0.0664887796884046
0.239544953750574	0.127031006276212
-0.0381131184882629	0.0208810823250383
-1.0674482027376	0.484862234746898
-0.503806493487292	0.248138733102771
-1.07020465128232	0.749342374883906
-2.07963012738024	1.63329183080245
-1.18132019642868	0.897025399584374
0.13335255206143	0.0585557838638844
0.526096748439555	0.322755678630545
1.08429178489596	0.814613531130719
0.784839563186279	0.395487206758595
0.479024109070131	0.271382671994239
-0.320036242018499	0.207727195013148
-0.272410078509417	0.184746106479311
-0.666266761233149	0.426221959640335
1.4684419232096	1.41407346932085
-0.265407759691816	0.153956431102847
-1.48749179239	1.08975299858386
0.699828500090615	0.504613206637858
0.216264977007865	0.122296282257963
-1.93595481940989	1.80779804487585
-0.502333877980548	0.254812739334793
0.114622406089361	0.0518168773570234
-0.156893909602985	0.0804625057860863
-1.2714350830521	1.03646532009112
0.0987636925633791	0.0327172408958427
-0.674006978775719	0.315380603131868
-0.698485319475068	0.449401196826378
0.285153561409234	0.130097554641186
-0.0293521501543173	0.016006310878306
0.191155249809481	0.115057665922403
-1.31777077192312	1.08591841501379
-0.593975929276921	0.411221619989007
-1.61247294163541	0.990965040054882
-1.20758368206726	1.07464561712384
-1.34475523019252	0.933239262412988
0.405650755707509	0.247113889111153
-0.175609200301856	0.08890847863163
0.0410209124693796	0.0201372912584875
-0.671942011120245	0.432726749460956
-1.53969902171327	1.41961487202305
-1.22488041310754	1.07129020677498
-0.0981284494230552	0.0341763780932474
-0.862347851258174	0.728574885469362
-0.96637410411093	0.833895257355862
-0.886890056309011	0.714835063342366
-1.69978858077039	1.08870160266919
-0.591189291438074	0.370790292681193
-0.242886156842531	0.136932553077779
-0.726013868533928	0.413530492384828
-0.756478506827297	0.629104651148955
-0.274323250781184	0.147530712578125
0.039096227828577	0.02018918847927
-0.850843029571303	0.60413694183391
-0.0485958453950173	0.0244594933500196
-0.084534520812026	0.0401302890927254
-0.16095515426072	0.0811528613391855
-0.426570369003046	0.201851053334621
0.331584735189433	0.196267351225819
-0.53356183573215	0.351980074806218
-1.0566520064737	0.726194271332904
-0.663365267805546	0.312564176025822
-0.780035461676114	0.448097996827818
-0.78934797392479	0.315312708856753
0.341473242255933	0.233020937293441
-0.596679718363541	0.344656005186672
-0.289517523421603	0.198316988507939
0.439508440193517	0.26552443640214
1.03197659342182	0.512475648188382
0.325699761828771	0.194941345443538
0.143757850175797	0.0781257420130784
-0.668954693929285	0.321624629008776
-0.786191740352807	0.389815733492037
1.22391648005052	1.34598771720161
-0.0812358449614519	0.037179240387471
0.43665284097857	0.306775642197397
0.678325566408169	0.374200983115293
0.840405006426131	0.648970279468572
-0.654557625892183	0.454634556896726
-0.51603671862193	0.297462810659654
-0.24245265906136	0.127042094918247
-0.816521617657506	0.472403289321995
-0.151505803290013	0.0642696201537733
-1.18865686661406	0.751087391731174
0.142569770823471	0.0627889928022279
-0.903505239925916	0.56521698738432
-0.483558960357988	0.332308472619619
-0.380280456199122	0.246485628045114
-0.542824169800835	0.241268498745753
0.0911336845743764	0.0510264398358218
-1.41972496696433	1.05021565985694
0.892006820405391	0.564134028497711
-0.806932251541571	0.480230275546977
-1.40417131748221	0.775726976644949
-3.29662964587613	2.92544678199973
-0.107676473259694	0.0618865770862429
0.455553797624768	0.244474590781995
-0.686141930489276	0.437070322603216
-0.605796460928895	0.404755692483325
1.96844198698781	1.50596682668778
-0.320789855050021	0.156171958413307
-0.795300798927299	0.398017322324935
-0.224347053727007	0.136211074410475
-0.753251242311886	0.558203679112819
-0.312679047820832	0.158966024284765
-0.306514565984142	0.156697849212351
-0.759925564236561	0.52465300065631
-0.128165019605181	0.052125154038971
-0.976094345841587	0.665274055936347
0.0395588902356189	0.0202046466503885
0.237092094010847	0.135928305488755
-0.663181758807578	0.419067338741238
-0.591881394612964	0.330377920446778
-0.409051884133433	0.19649973842294
0.312534664403035	0.177840662509659
-1.35532743932046	0.952289918876197
-0.609077592809675	0.48881037972696
-0.292197999141175	0.130269645712069
-0.547227014210316	0.246984908519124
-0.412030404803398	0.32369482417278
-1.00912060845255	0.5723998737284
-0.885398014942256	0.47214403022503
-1.00871887254954	0.5810794784769
-0.742116891858726	0.564782256884788
-1.35373070000632	0.883525035860865
1.18727955873015	1.1271075273296
-2.13144819418806	1.13136351218657
-0.359825084958477	0.206640708365265
-0.40554516527466	0.167363067265507
0.375282626096859	0.191517952414378
-0.359959359774157	0.221000390704033
-0.414704397272987	0.227709095948201
-0.0330040163881326	0.0188575829360722
-0.422468030182374	0.225381415429965
-0.729823758563568	0.549867607317914
0.147369317780545	0.0550137747817111
0.219738652885645	0.114747958951351
0.385654487909612	0.247951541381687
0.455056554298603	0.211570740209699
0.688625453901907	0.386850985882689
-1.07895167178484	0.514736894720385
-0.956035775816903	0.694210528002013
-0.798354590204909	0.413564564976169
-0.553628560665189	0.245606495515923
-2.30464225630064	1.97218787502664
-2.20715385417354	1.7689766073787
0.0535405166235441	0.0262295554241087
-0.178052204970168	0.0847421914244642
-0.661721176988738	0.473205061442102
-0.913924471356965	0.544648494681911
0.900930705196244	0.544664908251108
-0.62620567484056	0.235102600209879
-1.19283267838226	0.604147989318503
0.8576856229518	0.732603099113376
-0.00999288945411755	0.00405962501149371
-0.690150761609734	0.441267296010143
0.143122751586211	0.0691209991668637
-0.315449357711279	0.161130239825174
-0.606879829117493	0.320483071569102
0.0380799940907351	0.0189977279320226
-0.155668849607742	0.0634393557750888
-1.07549671375705	1.09112505698747
-0.053074904702445	0.0287017302251707
-0.219225888268692	0.120894680842574
-0.111044805903269	0.0481444976454894
-2.33167044981822	1.36567275356394
0.0386466975194036	0.0175223141692702
-0.212797946371767	0.121181506651298
0.555294227623294	0.333431526010979
-0.297944541324046	0.172837077741408
-0.00961375609051308	0.00340784634830367
-0.171223222095321	0.0708018050574482
-0.507402972938847	0.350726211763266
-0.734477156559142	0.488826608490245
-0.368885030050869	0.210616901085809
-0.312089065573068	0.159779419482713
-0.852247321021121	0.693370317978159
-0.0512064200071529	0.0273206853850271
-1.1925729624892	0.58589497022885
0.039855637547473	0.0206160313755291
0.467287420855394	0.26745129490369
-0.0178557202941973	0.00682834641941091
0.122403970247251	0.0672178133465031
-0.813061598593299	0.578431956187221
-2.46542541896315	1.30822885098301
-0.992252742970015	0.770039731570391
-1.09096820344225	0.660913188819405
-1.19245827487201	0.760504517994123
-1.93697147417797	1.42171667277018
-0.356922905940082	0.202229369590739
-2.01850147374889	1.01675734198605
-0.728829231733376	0.39609228330413
0.939591568794811	0.708784744958864
-0.686027937385062	0.571790857882338
-0.508787215749034	0.381683143547374
-0.04042855483425	0.0147352592300671
-0.741565120352934	0.549822621119527
0.498324378237521	0.210582835469206
0.858649396524002	0.700538560820241
0.0432609079248753	0.0193941354871712
1.67411552301086	1.25325523746112
-1.08207159893129	0.640406930132974
-0.248671398635396	0.0933894020363419
-1.5208424175616	0.895652926809774
-0.236696740212558	0.0737145165919981
-0.412688271330888	0.173834559826464
-0.0045803965740493	0.00148642884679802
-1.87238286367489	1.33362762995116
0.421044588909091	0.260436362631749
-0.0579840588899496	0.0278158405544835
-0.668599997974071	0.301335035494437
-0.443420509412986	0.152848515587045
-0.440219120737899	0.288431923169612
-0.540758018100437	0.382209879777755
0.127643919855197	0.0497689815320545
0.00808612094830053	0.00451443605829311
-1.19176882197723	0.761429756813703
-2.33875969815296	1.37865303371991
-0.791434809427059	0.399906096328357
-0.606283575574355	0.372617028502525
0.128188212069759	0.0662284788388797
-0.427910170705931	0.237634133637804
0.137478645116499	0.07603612230072
-0.143707561366366	0.0871250442744424
-0.579554960864436	0.457815968425155
-1.4603726967941	1.14325046237228
-1.18803730298607	0.600667087294677
-0.147655658246482	0.0818133533494835
0.572462991448086	0.462917820912553
-0.291503905252552	0.186766976909521
-1.78140953205587	1.19307180068884
-1.35217594893529	0.915502396601303
-1.45724642205047	1.33001810133258
-0.103142785593242	0.0447453721397743
-0.226005857378422	0.12783463465699
-0.513061083929294	0.256943940649106
-1.56682853549643	1.24124725306831
-0.735020200862816	0.565282356881126
-0.252046213083723	0.0926540737812681
-1.12964764853222	0.965094739718903
0.0898569401179597	0.0515976707305675
0.867907232200504	0.813936269852435
-0.604882902970209	0.362228879418604
-0.454313505271892	0.349694862945618
-0.900018157060794	0.591415924110698
-1.39782196202913	0.906884355744304
-0.601464284540502	0.365365506764238
-0.119543861356876	0.0718650956251609
0.571608165215455	0.437406155721299
-0.382148520030109	0.330761166152334
-1.40094948731356	0.738390052187267
-0.891145903019187	0.570581011493692
-1.20989453076546	1.06353251259039
-0.32548625194768	0.224123932981852
-0.826054617612721	0.645169794761247
-0.626689660413324	0.482135717829193
-1.78988917519802	1.58290710000041
0.317216179137477	0.179962742915181
-0.0575779656280356	0.0290549918065695
-0.604457732141597	0.369069093657957
-0.36571625096325	0.221661076327452
-0.453823610773764	0.278241570053483
0.221039948700345	0.125187983484571
-0.520335590527966	0.305580635017131
-0.0895926060094955	0.0309655263321982
1.24850774543984	1.00217934856818
0.106180118536177	0.0412403529340281
-1.38876105031049	0.963095282884673
-1.55000455497033	1.16353410131539
0.38298145205384	0.247133926543632
-0.87922101813496	0.69187201893783
0.0310174214001736	0.0124039080281899
-1.7155962792752	1.46272318795247
0.0297275272454532	0.0143472393911306
-3.97635607437737	1.7355789233167
-0.631157462607175	0.346574469605772
-0.264321042934929	0.140489140429312
-0.664408247468404	0.469889465931904
-1.13381502211021	0.613518039482581
-1.06619232608199	0.761748644031197
-0.71174140884911	0.405608987664791
-0.726799833439821	0.430861151529553
-0.706356621093405	0.448979038899631
-1.59706031197752	1.26181409096298
-1.77338290592411	1.91838806037593
0.0228311109127049	0.0105294911962278
-0.229710096384425	0.132759256357459
-0.165307098320813	0.123040831376523
0.257931268236267	0.209812686734042
-1.05210414495944	0.751365232925574
-0.506052526262699	0.249156109442507
0.269920524024748	0.16250980438863
-0.937802135661916	0.83848024570117
-0.734372728545524	0.554941055043932
-0.0367844969352468	0.0197837503100105
0.323848967270517	0.188469731731726
-0.753911536173689	0.503768208978723
0.134746212277516	0.0704413654604468
-0.53439047286845	0.271757146317719
-0.309561168667606	0.134387330536149
0.421809973532936	0.25573102800121
-0.337260702585799	0.172244994456749
-0.436461098309892	0.274992049893957
-0.616029698320757	0.340414565337006
-0.42699953985676	0.176255873993762
-0.607126706452178	0.365924361312042
-0.667090767159428	0.299031276726191
-0.201066683355377	0.0949322198941066
-0.0168046595568358	0.00663508966009148
0.812070677340814	0.589484095807598
0.391010441731708	0.197937208753277
0.130926623828335	0.0566267416467033
-1.76452436828128	0.79159680546658
0.53516876842847	0.281103953096264
-0.690417320113745	0.385307084398616
-0.916114330188387	0.687733755547189
-0.386555565047911	0.18469240889023
-0.535513113881937	0.33566583282697
-0.154526908405979	0.0645386220820084
-0.777346889074723	0.385738323729355
-0.270290920901899	0.143758146936148
-0.266457595049692	0.138743088321016
-0.553576134019112	0.245385379119513
-1.07631877177279	0.650707065594015
-0.61604400775945	0.327436791468224
-0.549319695376689	0.245873143958864
-0.24224801655087	0.0890666180749987
-0.0163896115572448	0.00658630929444677
-1.41028054246996	0.7847160645121
-0.783207092307331	0.320218446459616
-4.49541637407587	2.39171987614688
-0.630826501274502	0.337020921035536
0.537832650071221	0.290754126192549
0.273309756377952	0.126618745648834
-1.08580577403548	0.901767445084489
-0.0871455724222255	0.0424421265920208
-1.75917461630353	0.778956967177539
0.0145691590898854	0.00597981220546203
-0.316342903014068	0.160462240323926
-0.780708553933004	0.393080507289817
-0.518668007288291	0.302729647164232
-1.79623241941733	1.20408992632334
-0.400895346009543	0.159137097045002
-0.171168648494278	0.0879489186408067
-2.34969659019813	1.39127037092106
0.154945219581888	0.068074323880307
-0.526426596512662	0.244691925291624
-0.558230556934377	0.245752788983975
-1.25981673505921	0.822181105584059
0.14059020611259	0.0773134137407939
-1.54940469257768	1.48951218843676
-0.414211202810501	0.172884198953137
-0.607593191219979	0.352906208627968
-0.615238870079237	0.37873407594679
0.539193044182067	0.334175153420674
-0.123911341121091	0.0691440056057832
-0.784821209711998	0.404429413691832
-0.26665582312339	0.11285097328861
-0.623311582223339	0.233867770696141
-1.73073422507243	1.06854045527159
-0.625197224450558	0.230036031328211
-0.904899632759293	0.502169003486706
-0.176916709311821	0.106644460392788
-2.10723025540854	1.60825664185492
-0.0799159789262487	0.040744583418645
-0.424538083159672	0.172947555960254
-0.835242582387023	0.248047458204957
-0.14285629879934	0.0573896368313291
-0.114144766911941	0.0513927282215594
0.652426457619069	0.422578214087683
0.615293102997281	0.307054191059427
-0.779207902082582	0.386858575746867
0.704371743570732	0.379902683612183
-1.48398430003087	1.37974296885651
-0.408530504236292	0.169861242196501
0.598328994277023	0.354286387860631
-1.58970508486494	1.22909562673647
-0.407503380882987	0.1946486233243
0.340484641900225	0.193734795800991
0.125797850757633	0.0494397639864758
0.129313312269776	0.0559863986168506
-0.676128426361292	0.306302319594262
0.648452058992053	0.409929987457099
0.378157308001541	0.189532025107498
-0.96603975268224	0.381480678923227
2.31467967274325	1.80668653134351
-1.4655003597977	0.588266476209701
-1.86824012350853	1.2777450651653
-1.07922254067205	0.457495463945357
-0.709239814830157	0.407365390377898
-0.224695828263449	0.107732955566611
-0.0471954925226458	0.0217601056245266
-0.889515260853054	0.555590488046676
0.273845842549742	0.12461321119517
-0.66374919809264	0.31361852691058
-0.509709400979254	0.260737502382148
-0.782572570433153	0.373123506085034
-1.35576218769499	0.948505201666365
-2.03778561271201	1.59445688006865
0.380160859022166	0.196037297934765
-0.0206825302575492	0.0111703584898875
-4.61385264541487	2.57772182758874
-0.0187514184731766	0.0072434442263303
-0.323316503493816	0.168466679690505
-2.48469476174095	2.41641794812348
0.241371822913669	0.1134179113217
-0.520171977619402	0.270717632149033
0.138891858802951	0.0651710407876527
0.0435258062284267	0.0191901377114286
0.601519453554598	0.360296058740496
0.114095971325419	0.0443889500354111
-0.542132499867703	0.236552146164207
0.44694041844007	0.211284583001916
-0.662038876079302	0.309919934593373
-1.6214957194321	0.685838793239302
-1.23682711869088	0.94087899760509
-1.78387088371817	1.19653199705522
0.465830856783578	0.305366138640364
-1.28970841897299	0.663391968765525
0.122622164410865	0.0574478081291166
-0.160191295055989	0.0825143732255442
-0.832703165315011	0.599291476609222
1.5548518207515	0.967332266022902
-0.683767561409829	0.319823828721913
0.285167001467143	0.115606026127163
0.345234947264686	0.189569926954592
-0.301916299282775	0.134202567086567
-2.01436469780821	1.00820311460967
0.321725994269506	0.189662853404541
0.657660034622009	0.52548404978293
0.159190375936079	0.0765084160562057
0.254402657536331	0.136356477603326
0.853106980992574	0.478276371715
0.294241719586823	0.116275164439081
-1.18988047973772	0.734862395653131
-0.420790836571933	0.20243946098094
1.30504144165355	0.646854103644846
-0.890184012767787	0.482563127544106
-0.238737053888655	0.0747430206022402
-1.46113979194988	0.562924130647427
-0.419381841922854	0.201177781460019
-0.969563233187781	0.659159840958298
1.49899526156081	0.964323913194409
-2.59742133592588	1.69077264645158
-0.192677223005003	0.0959936510128087
-0.794644368836411	0.394532076952203
-1.90710033894882	0.885996454211335
-1.19817327112003	0.73042231956597
-0.670019525884573	0.326904706445735
-0.634834368695516	0.240745569314624
-2.08683861954872	1.65828242800285
-0.30848212039181	0.127415002908922
0.00772265281416594	0.00336914851455821
0.4922081732941	0.209969079758459
1.07006099282314	0.697886140021253
-0.667176721034325	0.413593620623548
-2.98338564569528	2.38675607996752
-2.34009519349182	1.38311355254508
-0.504091519079759	0.245180908382165
-2.43028229761378	1.49814223307333
-0.291799122377815	0.143296815119688
-1.71377917006075	1.38468244085731
0.142931045065686	0.0539430187201078
-1.60708946775435	0.992050985401018
-1.5108190377375	0.856974142482379
-1.28501971994047	0.461293597245854
-0.445148468381342	0.259156081435823
-0.604362557370528	0.327525784278048
-0.402692439401359	0.185530834140775
-0.819311402769178	0.498884867895955
-0.795050230244674	0.369343757157211
-0.787414698935794	0.325163340197709
-0.8134873209237	0.389464498008966
0.271815461692189	0.119470886503436
-1.30591475442927	0.66595242455677
-0.788605877934119	0.328191620139746
-1.30474938476789	0.674544206053925
-1.89310433224127	0.908780025165508
0.116793870369333	0.0628951935159277
-4.20301562348751	2.01805348079076
-2.35321773434508	1.36398248488365
0.11505183699998	0.0446742650622155
-0.162344487088768	0.0902566309303715
-2.22093579632891	1.85219074789747
-0.618650079016478	0.340185630627191
-0.404828932071021	0.16375512977796
-0.425600134758462	0.235022584056745
1.09786087516618	0.92060650549082
-4.44097025696918	2.03340197188805
1.06647763293422	0.642538160540464
-0.668954693929285	0.321624629008776
0.362367315287756	0.192872840908876
-1.07433753222606	0.355844441385825
0.486481725786569	0.205454185728884
-4.20368727444785	2.03100230057622
-1.10173777678734	0.620765205665354
-3.51002640341346	1.35960019139027
-1.60706474092761	0.999318132140631
-1.0726189156642	0.5095395321135
-0.30354382961051	0.152735497221798
-0.0908862095146485	0.0296868013291164
0.209277923820235	0.141339772589501
-0.287898661158288	0.129439351653436
-0.835142304985754	0.250144926202691
-0.434357181869888	0.23133192697503
-0.249500228584625	0.13593674939891
-0.884014942504575	0.468551129776434
-0.237275358357156	0.0740297101533226
-1.07015789258803	0.501999298605259
0.691103486405217	0.373573528691348
-2.82463358625914	2.08610122050462
0.450473357045224	0.209292819488158
-0.623561304815685	0.234277836951613
-1.10296910381206	0.624151311751138
0.467864419083305	0.266456667282756
0.484957084934213	0.194202046176355
-1.88706003428689	0.890655136850939
-0.414492112189794	0.183006428667803
-0.994142916174064	0.576323628388936
-1.01114092357602	0.555423884987271
-0.742834541035784	0.484133391111237
-1.5404833476785	0.856147950764672
0.439769968640051	0.19539805888532
0.552163577903319	0.20193756900062
-0.169332435992334	0.0709916133474648
-1.77565574467238	0.789988812421093
-1.07057093678215	0.508089088176909
-0.830458254376926	0.253340793357874
-3.31219836079853	1.21229419336227
0.093032763474029	0.0306677933939666
-0.105867691459593	0.0471144987837733
-2.01980816870663	1.02062953097936
-2.8291542449386	0.893923832929712
-3.5250865180139	1.25760342214264
-2.02337864525771	0.989515712033415
0.303839589671694	0.121614304004036
-1.08194428963184	0.482913189169667
-3.50504390842947	1.32502571663792
-3.9788725729227	1.73998045116332
-0.104205887301864	0.0446770643041816
0.690797187650053	0.498450838044628
1.28415518209619	0.760629715628778
0.497679439611328	0.203289200811586
-0.412884472184669	0.170778791968031
-0.255385119888836	0.0960577355586687
-0.655819361906794	0.303136051434548
-0.087148216239729	0.0299715693203392
0.792778388026129	0.396773508995951
0.744561566795475	0.232791161107715
-0.83918257049564	0.250905796711351
-1.8978701740071	0.901801120314122
-0.295062276141686	0.129048430969639
0.329971039447924	0.096148941949692
-3.31319464395181	1.21509579750581
0.732351304582846	0.446148787781253
2.11263614662901	1.5004375315034
0.9519999309716	0.423001337541399
0.742846606800615	0.233354125368674
-1.29365563241636	0.47652004785956
0.0104526084615773	0.00279053576603641
-1.29108890735412	0.462636067986867
-1.30943736227333	0.693694627070146
-0.839439651611475	0.246914268305005
0.30184536666313	0.103539878898466
-0.638507631702955	0.241026629305365
-0.78919091182988	0.313234327025209
0.747927529305998	0.226764681396792
-1.0932479893436	0.606387217087767
-1.07057093678215	0.508089088176909
0.880513694991045	0.334746513575528
-2.62025850862459	1.76245813065943
-1.2167991660828	0.568773913834654
-0.621281558305601	0.234003889742584
-0.163858517189715	0.0665902011349585
-0.520400638654727	0.137450762960971
-0.461198625741807	0.152822568634595
-0.445101493970742	0.149949319551661
-1.07560432584591	0.506373981696817
-0.441332261573384	0.147071836393657
-2.3400035868386	1.32690463113241
0.0926386979383656	0.031892603661031
-0.281542413485137	0.123383925527038
-0.42276412102382	0.174193613555118
-0.0202342510300775	0.00789800907000984
-2.0068921435449	0.98802261668936
-4.41356023835925	2.28725878977849
-4.08298340911882	1.86288971416318
-2.02320681632392	0.998697074012584
-0.0980886721082758	0.0340612687338902
-2.34367844318834	1.32774144645619
-1.07107736096305	0.509541735564946
-0.449309141859221	0.151929538704476
-0.794646119695604	0.325554507426354
-0.414870962786792	0.170073973182498
-0.507493997917109	0.251992147778051
-3.69176604714002	1.46233546411215
-0.630459583751097	0.230907013639216
0.500094209533369	0.205047398374344
-0.111484074598321	0.0364987492309878
-0.231810215251364	0.0706518959746122
-0.640800015817509	0.236731962302497
-0.395010682956096	0.18679196573996
-1.07763580612094	0.504308247165069
-1.30488056073206	0.654487430528088
-3.52073578217799	1.35843254411252
-1.88606333250934	0.89830837442401
1.071268323966	0.631031111220222
0.878306011675144	0.491512709703512
-0.987680752026438	0.563301895068285
-1.77691636804555	0.770157400925016
-1.29475573039468	0.673262169052798
-0.904255247555853	0.472823345045506
-0.78891053270678	0.318837879114834
0.600064128630876	0.282316218038462
0.0923811753006992	0.0316360588258278
0.40333254269889	0.200365636985187
-1.90476213653531	0.923165637342653
-0.0136558658052779	0.00545118974769621
-0.388441623346999	0.184352414915428
0.546937786123633	0.281647303257598
0.0918492160380474	0.0306136351060446
-0.242506422393864	0.0753160757356815
1.88577063096171	1.19903599107469
0.623369427410694	0.363921075851319
-0.804883925279584	0.319047897605421
0.758528107068039	0.469771977499002
0.459483085456262	0.255594116162565
-1.53885320576527	0.836605144031167
0.358779265617831	0.195006638449642
0.113799894708071	0.0441207113319369
-3.97623753758147	1.72027776210871
-1.08425366242167	0.369278140646016
-1.62607706046076	0.665919030838267
-1.46124030268177	0.568071741739232
0.302797563226186	0.104763852295193
-1.76763338215875	0.804520643970057
-2.52604006947135	1.59440367611574
0.29218595017699	0.134353895233821
-0.0112443101476553	0.00464805298929912
-1.09518299822507	0.649707613826443
-0.449099734035736	0.158277241802759
0.678893510171356	0.374866554215751
-0.790649947335911	0.322904544391737
-0.450668094423509	0.1551307676817
-0.781395902399668	0.318556184991201
0.932585075965356	0.645775772416556
-1.40737203409135	0.794639270654452
-1.5047953591324	0.851386482837571
-0.836229957159059	0.247317031216125
-0.415695541829339	0.173781595169849
1.03889173291702	0.525136121614835
-1.29845791540433	0.46362151902055
2.70507217841151	1.01576685039178
-0.930174216476002	0.400235140445841
-0.298447899026709	0.132183037462528
-0.176445554124825	0.0706699347389892
-4.19991531108857	1.97193953727813
-2.25424721283581	1.24356605315459
-0.913298415601307	0.493755858476893
0.525054562583906	0.2783253132585
-1.76221372574836	0.792930037971209
-0.0325333394791483	0.0120515023717554
0.020765413528514	0.00813899683433769
-1.70263440766659	1.06605300682444
-1.18242827427001	0.719245176498889
-1.99279137600976	1.41663100274755
-1.20771491899848	0.758226487309191
-2.323474782838	1.3159063647426
-0.253244919111015	0.0946635717520122
-0.280539998913343	0.122420073745668
-0.667943214680118	0.312396084485795
-0.536918720336807	0.237963205921076
0.00521195475823335	0.00163044193678137
-0.221575774951	0.106990781491112
-0.407772054667964	0.167349892409629
-1.43085721180603	0.803383324975636
-1.20503385113845	0.608320982103034
-1.75713797326246	0.788541628720663
-2.14819746856654	1.11539906476774
0.13375166197833	0.0523999089039036
-1.18847817695606	0.581690042045287
-0.783568598428573	0.403364924291036
-0.883371210251321	0.44548255135681
0.0153648602419546	0.00414817620770069
-1.0710273294838	0.618125184896512
-1.47412787696017	0.563657392078379
-0.543918637416977	0.243716054805424
-1.61194073011617	0.949683450093908
-0.397918675805448	0.192279395085615
-0.0896111800416131	0.0310279507994448
-0.445374492995517	0.14936325710071
0.808328000481298	0.407402620319184
0.587218017520832	0.343536146746066
0.536705177903593	0.288016529127363
1.51105540694653	0.981834662199896
-0.427969131677338	0.272955257082099
-0.991241619032866	0.577195159619652
0.819657678981644	0.393611800140661
-0.270366726953499	0.102644287895117
-1.52046891855141	0.918040399638072
-0.172246132119513	0.0895859597200144
-0.61239803264502	0.329931166659643
-0.789980189233399	0.392518320294472
-0.9421147106966	0.41337288517068
-0.160914227987682	0.0664173772497017
-0.0930422858411176	0.0326804422980712
-1.62331925982069	0.683986905498861
-0.5087466188358	0.251350020475631
0.140030511083544	0.0541974216714276
-1.31339843667659	0.705468261038649
-1.89972493676838	0.880650608401814
-0.912287620279542	0.490614478006479
-4.8855262258386	2.64040409257284
0.096322043281912	0.0324150883622246
0.270020423623579	0.134306549650142
-0.329973768619824	0.169982671793962
-1.57111889506283	1.22999182580204
-0.514427328295509	0.298320510039897
-0.668108451665636	0.320229384740953
-0.251400518042783	0.0943177872826122
-1.47638963475503	0.585095741089904
-1.07623377496826	0.363444231148948
0.73024080767608	0.415001578007841
-0.383544632520779	0.246476178037022
-0.117291261737251	0.0515264978967193
-4.96770141533785	3.12772010543446
-3.50923973767825	1.37307967191977
0.339691615073474	0.196424567057104
-3.53033428041018	1.28166486077378
-0.534928490452377	0.254896510477242
-1.06564760956435	0.504554753460608
-1.50244149515223	1.14721533597812
-2.42092046561545	1.47243442598291
-0.929580533485321	0.402079926583516
-2.5243086020784	1.58284985858111
-1.33700372499626	0.699179304601273
-1.43230107636964	0.979876098658674
-0.789022074423223	0.381592906455238
-1.51579616548257	0.899784156024932
-0.403851666097851	0.165553937754704
-0.0947753336256289	0.0419336149036346
-4.08872779183518	1.89173842013028
-2.23239356655851	1.1600849484669
0.290200369681315	0.118140015439356
-1.26206952589999	1.02321650478318
-1.09941072068037	0.68150810147827
0.373375164737992	0.187175675452737
-1.26453291964535	0.854156379418338
-1.88934424950936	1.32565617112349
-0.501277716138338	0.254526681427324
0.870353176300629	0.49238315278895
-0.620606537140567	0.224286308846909
-0.78081102440161	0.301231772250026
-0.0201912181555805	0.00778708132534848
-0.880869495898194	0.559752391472441
-1.75804950635288	0.794876124947177
-1.62360939608361	0.681099849112713
-0.806832638860786	0.411011641001609
0.750750067750285	0.462441905036786
-0.229819459699791	0.0713436708638103
-1.86819237008883	1.30624416120242
-0.517577019725988	0.251548308720607
-0.328248721362607	0.164152576179285
0.15229241544121	0.0644415995269839
0.323574374942187	0.185839824688909
0.326519368094921	0.0959325958169173
-0.907973940303143	0.492253414123569
-1.2980018849101	0.45361561097837
-1.41326645137992	0.799363731043532
0.128337658060047	0.0548624083426802
-2.13144819418806	1.13136351218657
0.286811568291467	0.125750779553304
0.455656119474397	0.210949315385889
-0.539308341099445	0.228475807121627
-1.75303234832685	0.778568418740643
-2.2619908034011	1.23011140406475
-1.50274037019501	0.87762512044217
-0.147529769792405	0.0613863011808692
2.12252916991298	1.47810100522013
-0.103478172932184	0.03600040039701
0.433742345193196	0.204308714924571
1.00860667323998	0.479048645068175
-1.50763648030908	0.878121298888806
0.418185908038672	0.189842790610385
-0.0870281039969672	0.030743482832246
-1.08242550955231	0.511430973321029
-0.949884578166612	0.419128667519545
-0.208268339860307	0.098598684496476
-1.07253214113581	0.615763466658755
1.30008540260843	0.529163191041818
-2.24474561262941	1.2627054270035
-2.13763416711601	1.13172279851762
-2.24031857542987	1.20725086937928
-0.0991644093258202	0.0349878616117129
-1.41402252306656	0.802991802628973
-0.367828233709677	0.236097732792624
0.0219347534029245	0.00895234778528852
0.486626223105145	0.323559584147728
-0.397918675805448	0.192279395085615
-0.637960260294274	0.239552171750457
-0.913848367043636	0.583257331135064
-0.162453693133947	0.0672793146094549
-3.95927733295005	1.76345363906642
-3.97635607437737	1.7355789233167
1.09353830089115	0.70715651724427
-0.540458945960838	0.245466734939884
0.280090649146194	0.136648640259086
-1.07922220740851	0.628407005620776
-1.38128302269489	1.14589885167843
-2.23834578655953	1.2541221251786
-0.696564232804237	0.433782137430444
-1.30963590852613	0.693362248337187
-3.97072375453241	1.74974547723431
0.288906294747324	0.113525563186916
-0.667050991914349	0.317154609984512
-0.509730336346031	0.25345289177264
-0.256577332994036	0.0959909399414583
-1.3052520069832	0.67752548540567
0.158663074866464	0.0746499635578602
-1.45804535329944	0.574692839163122
0.364073391468163	0.204112976282465
0.360067980042683	0.199816904191257
-0.0699202148215696	0.033208177436633
0.790394829325404	0.403546880248437
0.302220032862657	0.124463016237507
-3.50265551196981	1.34769454815451
0.674122704399739	0.366095774205558
0.299714264639426	0.105602365741159
-0.270187311329235	0.100898493582177
1.28032745406524	0.591772071780012
-0.436341822808405	0.14564115051
-0.267539228254074	0.145395149559721
-0.800158563439392	0.406525611339842
-2.13549778471955	1.12963863697139
-1.4322575433021	0.770933819544666
0.401232975560829	0.218082901694656
-0.882066298435018	0.553922539458528
-2.22441613778779	1.22499423634867
0.929778187561969	0.645218856137453
-0.0973790569743821	0.0342107777463314
-1.70485505124327	1.10272831703481
-0.449408352190264	0.1541722756129
-0.624878103630335	0.32235419933069
-1.05997639414113	0.482528771538099
-1.772734092732	0.802375849571221
0.288176750394601	0.128666028577837
-0.0939258269865051	0.0414415045565103
-0.289086470476408	0.174187615848749
-4.41254373331802	2.25215457270441
0.530428497293813	0.337038067172809
0.130534998833184	0.0512741754381416
-1.11127852538504	0.65681821349564
0.425378456713064	0.194429526986928
-0.815003804099924	0.318129299600562
-0.540177974715578	0.237423424340498
-0.0989461643156145	0.032763183396414
-0.0873139868512658	0.0290629264061311
0.145775784657735	0.0705711151432382
-1.88493369286423	1.37024120280076
0.125863412060263	0.0489222287704801
-0.410625858661625	0.171994523779896
-0.814457856435385	0.485632780702602
-1.29038680242072	0.665746819848175
-1.53728459377196	0.914708796068158
0.295312799691886	0.120473884068277
-0.42288905879085	0.234698173161018
-0.929404084438885	0.462118519196886
-1.52112967630902	0.902514666471724
0.258412267162476	0.133497315887102
0.227906027601473	0.117129524375101
-1.27475986771305	0.837262973674206
-0.515678085443318	0.302900101996214
-0.900437047122724	0.561082486539741
-1.43317635955742	0.774203325893863
-0.411626375756319	0.227928557746767
-1.88152643763636	0.871377152255246
0.126014806059615	0.0485488304781615
-0.969594656883002	0.652333454166677
-1.41818610781624	0.804888482708018
-1.16307587516861	0.725490078850307
-1.09068961883411	0.87850710445704
-4.59984013902314	2.55258307720665
-1.50331383827647	0.877839560896257
-1.12723744655588	0.84194407243887
0.263929190137146	0.134828054032708
-0.451388610311541	0.196298642502876
-1.04760482607145	0.733678156429911
-1.50887785057222	1.14498391046651
-0.103478113003357	0.0353228232788329
-1.3010004886406	0.666955674395875
-0.898232848742355	0.573308554876849
-0.600054631977938	0.408157181864204
-0.29371778085467	0.124121103687625
-2.24682187116681	1.22751021259075
-1.61068429112921	1.20005471444792
-1.45951204258043	0.57460003559255
-0.926973800591835	0.49807367024705
-0.619651793542837	0.224739496048608
-1.42047668587788	0.775900156635368
-0.401114718017832	0.159326753920004
-0.44827845243124	0.157314833464383
2.11697176741926	1.45249850400065
-0.458690817275241	0.157352338316826
1.07387669733876	0.607473981885296
0.873835270339654	0.329058386585936
-0.442969474223489	0.15316865166785
-1.46583095830101	0.577071383829588
-1.91224259674175	0.89843292262847
0.00649974030905584	0.00201908523642661
-0.447116789316969	0.149817947759911
0.877048984231681	0.328846677160624
-1.08522412925042	0.362643044085522
-0.530441565236403	0.138655344135078
-0.23115207063199	0.0699458135496967
0.565544117077979	0.200089731409959
-0.448786871869139	0.153782641767454
-0.234458028369952	0.0732314184953936
-0.921405258316575	0.390465648137732
-0.410264828056813	0.173064446274603
0.476757378775066	0.196720278802489
0.0926070175496618	0.0304584788955314
-0.0982083876780528	0.0338636575420359
-0.791886341483897	0.326834722306384
0.306948896967052	0.120141659356323
-0.261145587171713	0.100139972878915
-1.45530140517973	0.566168385659182
0.741611120992749	0.22843729874227
-0.834249424385902	0.250115174033497
-0.241878741931826	0.0736625815866581
-1.89223695553806	0.905163772926849
-1.0614808821613	0.483042813860342
-1.08396828783319	0.364717341125983
-1.19283267838226	0.604147989318503
1.29110598155172	0.607300131920203
-1.62620730611787	0.698214490010259
-2.22845322910907	1.23987797010361
-0.831547258034552	0.253419977958223
-3.66907587004444	1.47350436569985
0.320439876388449	0.0908088080094268
-0.236696740212558	0.0737145165919981
-1.08328339450837	0.370848428206928
-1.28331625133256	0.470420786668762
-0.930283481737614	0.395014882847701
-0.615706957159926	0.222513095745834
2.33839255167011	1.4896644948764
2.04177497193822	1.14346602410334
0.706953418669978	0.305119170006932
-3.32880462830973	1.20190562208253
-3.09514860705818	1.03749547577687
-0.786790594449386	0.325194714775423
-1.46531308563971	0.58072512893609
-1.62837548924266	0.689202865069181
-0.798014664473737	0.326087964255193
0.0119936048600317	0.003337070239106
1.01735886742181	0.54033143536164
-1.08201146281252	0.361073846238358
-3.67764744025752	1.47487100615931
-1.07956990052973	0.354861321086833
-2.83701082493837	0.917156293169085
-1.06471172593406	0.498268645461943
0.322688990359234	0.0958307659053989
-0.794682066476761	0.470011187538515
-0.0882295320261274	0.0386125448367117
-3.09293870382283	1.07206408964027
-0.829062107836469	0.244140991162542
0.0989366093754906	0.0320581545655608
-1.62741937825229	0.687551220211387
-2.13837130248567	1.13344957805002
0.309214100843144	0.110363401502379
0.0200435301438727	0.00515627532800797
-1.75112530821208	0.773383294428734
-0.519662324847855	0.139505494309868
-4.61592783178451	2.51399387992
-0.640278722291214	0.241757947163111
-3.3112024857887	1.20126544638792
-0.262843598000018	0.0994414272960916
-0.0962833901203116	0.0222038630107127
-0.174527483413059	0.0709261407091744
0.308742928290006	0.106340121260361
1.27038238361827	0.657669567622025
-0.240456442334008	0.0748776000291145
-0.669295394325232	0.326652211433965
-0.418949252101929	0.166911297897328
-0.9421147106966	0.41337288517068
-0.291696048597844	0.130267696210874
-0.187111363523239	0.0765098177365635
-0.412494025611292	0.217801584779466
0.95825409471092	0.435655818820448
-0.0953451185365488	0.0335646616700753
-0.69618494700347	0.314002545029594
-1.09798552052817	0.924564732933264
0.0118017456544194	0.00502561663576619
-1.28628610867284	0.470598272863016
-0.801508485094964	0.470938469303768
-1.06621666779953	0.486909079270025
-0.0265493751560985	0.00984554933007948
-1.50840630451871	0.862009000436922
-0.541188714670652	0.236452194099086
-0.267345975718337	0.0993532108814729
-0.145963815448025	0.0595545993402415
0.608608520279534	0.303326371942587
-0.771872774883379	0.389321541744534
-0.549758901897153	0.242252707986371
-0.553993574007151	0.246957939270046
0.192976604040051	0.115857809970716
-0.790935070965419	0.46718522943386
-0.533299574280251	0.232090355682183
0.561391103933223	0.19901342128711
0.35979632940717	0.198160771813417
-4.22229237518672	1.88408151672879
-1.07980609580313	0.769341759891358
0.300867801784306	0.120250360101411
-3.31419133549641	1.21069698468705
-0.944206861443769	0.413808415888897
0.89930995839837	0.578551678340218
0.303888367191334	0.176183578897556
0.0114202123721441	0.00307192001957707
-2.92181433632085	2.1604941784321
0.159044155341651	0.0693326038136039
-0.4237135863696	0.205663114345701
0.282228512203868	0.125273570691909
-1.18186865456287	0.585050774010625
-0.785940522904479	0.467788796558074
-0.273765627999736	0.0975961469620908
-0.35388850522606	0.203429131320481
-0.807737472354131	0.481442586261645
-1.29531385281946	0.45591725892214
-0.793972390886377	0.324327616130387
-4.20335173039538	2.02798775150682
-1.75657879821813	0.762703659090942
-1.71645262023992	1.12165358915421
-2.1371251643626	1.14499085833545
-4.21182675849789	2.04344619116619
-1.18545164894656	0.751038115306463
-0.171866198558556	0.0841101029889812
0.0742838936278659	0.0238753428865479
-0.668285632250275	0.318825635837075
0.131463850698504	0.0503509775650459
-1.1850328843541	0.724565613478574
-0.688435513194359	0.317703198527096
0.312771185273505	0.108155445799656
-0.555459587020911	0.247942252996893
-4.10507039112117	1.84016161303104
0.563073510542869	0.199704748919007
-0.888635532942758	0.47510141777505
-0.104633117923961	0.0449451077012746
-0.724501264586436	0.419785891069613
-0.25040004334619	0.0946050034925094
1.08348669348817	0.804820732029283
-1.26746708138138	0.841174287004657
-1.62729230818375	0.667474794145845
-0.528643773149589	0.23371317787417
0.622052101646302	0.355560080140487
0.433710465986835	0.267765690774211
0.90957952087802	0.590644594082245
-0.414697008437823	0.165348308436776
-2.3361973591781	1.36645959950772
-1.78305249580798	0.760602886654727
0.302490084670944	0.121592385027721
-0.141057708365403	0.0576882253253436
-0.0791866832692479	0.0377252515477433
-2.01430724848957	1.02109241707061
1.71522888092806	0.825777594851588
-2.43489251513431	1.49948445570431
-1.20145547228155	0.598512009569834
0.321596831485915	0.0953901221130846
-1.3186877997312	0.707697836461567
1.0295740649358	0.538980148006589
0.00254578925619004	0.00127965170819131
-0.0281372536909802	0.0107492979799627
-0.397646036307698	0.19364015334757
-0.249225514792959	0.0958368401971283
-0.788701007645364	0.324101818855728
-0.622074998973986	0.232524309157841
-4.31516479969545	2.15894591205615
-0.832069625663695	0.254252617003816
1.60460395748047	0.853897544722599
-0.557375913113923	0.243115918462233
-0.677899643064219	0.318534682597715
-0.562625673371923	0.236123819803302
-0.463270546660279	0.156847842270181
0.594866142261432	0.347135581365054
-4.12834247638098	1.7644974707547
-0.443122850400919	0.14625177125915
-0.5223760081113	0.140414884928745
-0.444036372579586	0.153411790765877
0.0969687032041972	0.032438921525774
-1.06574139837127	0.491834579532003
-0.659973920931267	0.303571879554476
-1.40580170771388	0.788115685809167
0.862932098234641	0.32278056531688
-0.108313654425145	0.0357579147753874
0.552166684348044	0.206093792238402
0.800478824588074	0.412136327493837
-0.398609239205488	0.164925679999679
-0.310110715384274	0.160131783207238
1.28321570978636	0.585068594472004
0.117829127689655	0.0440456697028984
1.2946240224528	0.588109123971178
-2.14151712519089	1.13527066313046
-0.779833078863628	0.401798745028122
-1.89135758267844	0.905535565160872
-0.629822958363261	0.335521649166983
-0.777580364787184	0.308189687863907
0.397582472909546	0.201051510738274
0.304097133632716	0.127246006012529
-1.89402923272368	0.905443933959692
0.820322818587202	0.60448621706051
-1.70326771861533	1.07569743605277
-2.23834578655953	1.2541221251786
0.287273823430717	0.115603120146881
-3.10433890137635	1.08509397093051
-0.655108831790807	0.296762210317897
-1.29060108587243	0.664887691345241
-0.275533390940387	0.120921902783161
0.0220260858538609	0.00900389889177138
-3.83807769141209	1.63288479578917
-1.07666813951648	0.36466782984443
1.04037892783197	0.519157305233545
-2.0133820660872	1.0190722163489
-3.31618594475123	1.17061745626373
0.00962698743274129	0.00270396457970473
0.476908723007453	0.270211505507236
-0.595502938474823	0.311367060726931
0.241013913108356	0.112834871393068
-0.543737077872862	0.242738597274013
0.0968570613347669	0.0326012092864388
-0.985660819249679	0.552806088207944
1.29301123449279	0.689189728498409
1.28860368944313	0.589798419126451
-0.624196744051635	0.236405002380094
0.941959020753586	0.628596440078216
-0.69874076149118	0.447440984431993
-0.112418362540486	0.0506865316794205
-0.415477330763794	0.172169499457202
-1.40737203409135	0.794639270654452
-3.95379451212572	1.72183213288577
1.27013227907823	0.8005307907498
-0.262603875910797	0.14146022073213
0.123912500128329	0.0481716775732381
0.0982104744591689	0.0328661333126171
0.000912187417371163	0.000646406303084122
-1.46583095830101	0.577071383829588
-1.61852175422101	0.99034619148272
-1.19009141468328	0.749033994966774
0.0102309494565961	0.00431750688685793
-0.819608809833384	0.480981154182606
-3.97319647441464	1.76245629371376
-0.511944280460429	0.256217834733027
-0.548870921349694	0.245661780544616
-0.792981035774862	0.323944718420955
-4.1985457189273	2.01261013584513
-0.535141778828908	0.266584702614108
-0.606225640232981	0.325391214133574
-0.789303176746365	0.315308661725137
-0.308738937184507	0.133239681508256
-1.77249987836145	1.56121042159476
0.0879046458389413	0.0298173025734727
-0.450668094423509	0.1551307676817
0.0479012462798651	0.0211494874137016
-0.158284173601289	0.0797943660836043
-1.76321905273824	0.798147569058936
-0.628152425726433	0.33820693442875
-2.01922877287781	0.978016185215177
-1.94788807258203	1.44881398463486
-1.52388878234959	0.907783245239447
-0.943171739265091	0.41905489072848
-1.30929021241339	0.679388673296419
0.472514235029933	0.271437532908832
-0.93215943401449	0.405868580406624
0.224032607305849	0.128230518766849
-0.631640244361638	0.33603540562512
0.523603074971778	0.278365441068624
-0.152713660750551	0.0758565562492661
-0.165275387651103	0.068434043853186
0.97170745816346	0.441345174892688
0.0253728672447182	0.0110870602836405
-4.20843124063997	2.00463864244345
-1.41519144173783	1.02697468775884
0.435192521714808	0.201951901883856
-4.32049210946296	2.14424430006945
-0.154720541609754	0.0639539895577118
-1.30258854307807	0.8346644059353
-0.674245330220062	0.325742935947144
0.390717260290256	0.205231789879366
-0.516698041488653	0.257122422194218
-0.893958719278428	0.56452681553234
-2.90430618278148	2.1889511526638
-1.07800236473029	0.601647108114102
-1.02878773045212	0.705644439882819
-1.36130849890689	1.16924727004704
-1.20697589546996	0.922781967380143
-4.40355663397851	2.27464720632791
-4.19155518742042	1.95102644468495
0.12275784304438	0.0476303124201813
-1.71541571583234	1.05728672886145
-0.297580032355993	0.122162163669523
-2.43405387338728	1.5163839174653
1.38785687430197	1.21633380122462
-1.76843216723932	0.786310398806498
-0.797590339232444	0.396174888674476
-4.41167733578167	2.11627447568363
-1.20649004314719	0.606624595295055
0.120546895283619	0.0470303463935988
0.754376484765916	0.451971914866254
-2.13170676387687	1.13298564520357
0.564051294983484	0.204011125707296
-1.31448850940104	0.682580610831706
-0.53470235886717	0.232583618331743
-1.42113121755018	0.786770170705294
-0.80352144292207	0.315553641071569
-1.42489471541771	0.786966421608451
-4.52192074408439	2.45196927700099
-1.75845932371649	0.77930058669249
1.9140943171546	1.92235695986775
-0.132773216603627	0.0726100566673437
-0.913440993980889	0.56678129808023
0.103875133181717	0.0340478878513201
-0.994437083041015	0.554845826296559
-1.09976756571	0.675270551789899
-2.01229926592173	1.0142029099976
-0.492362854267329	0.278721342481903
-0.559285723523965	0.247282995720167
0.272561427395034	0.124127621135559
-4.74399571929324	2.71647296393931
-1.50793845192492	0.889741229355502
-0.9421147106966	0.41337288517068
-2.69403806284967	1.83470301005252
-1.95217450881307	1.41549509090977
-0.580290674629861	0.34791650755933
-0.925019437819273	0.393520830781926
-1.18645749540068	0.595500222324128
-0.61644894711498	0.339348577528633
-0.407116849261514	0.194834458243637
-0.866008646667479	0.53180032514102
-1.62045348751186	0.679851945269459
-0.733256927291562	0.412735328533876
-0.75558428148818	0.412233620406385
0.783388025252359	0.527904753226693
1.96480794062291	1.50494243692122
0.856277395272163	0.46349522868792
-0.40741229378182	0.196282218021374
-0.234458028369952	0.0732314184953936
0.127957451178181	0.0543877695695897
-0.790685826953648	0.321686990100227
-0.453195224696431	0.154740829368904
-0.521956574566956	0.26592396206496
-2.23479926318784	1.24491747441405
-0.403621430980549	0.167806612310809
-0.338800039025255	0.161504027230192
-1.17782991300757	0.576847908813404
-0.928679663578912	0.398490866630996
-3.51582325847333	1.33026263386513
0.710176542514328	0.296772946415696
-0.613032590437491	0.333029760025484
-0.274005993340802	0.146103081231529
-0.398575561003964	0.212237913488814
-1.28486297953742	0.470411391030251
-0.985956288786691	0.64273762164489
-1.31248376336508	0.68956921813035
-0.181941768761574	0.0750250179985295
0.3848180238784	0.198311113235152
0.991485522096133	0.821425789667673
0.0494821649179694	0.0219923736310738
-0.328637657245536	0.192773387809131
-0.731186428919243	0.427370645134266
0.0813644759042323	0.0279770577162664
-0.634041179165041	0.242733634927003
0.035306579388496	0.016089878803409
-0.933731514365621	0.405945738115588
-0.00234585961297989	0.000598308741542178
0.303805539955146	0.1350539400887
0.43063289750291	0.199472070927606
-2.13498661302687	1.11912392921682
-0.33877991722238	0.169724351596356
-0.981713146675687	0.55467206259637
-0.625091968918146	0.233739873271655
-0.103113624434496	0.0350944337901131
0.377010510771012	0.248618498312688
-0.0651703212216462	0.0309979480412174
-1.46658001845824	0.577925772695557
-1.20460594987791	0.597682139703267
0.864749508735445	0.724003462853043
-0.155486190929353	0.0651382119305819
-0.504521458195018	0.313393703450398
-1.78125391338354	1.14475072278476
-1.68317262248809	1.03965136552779
-1.90960756647331	0.910453676899932
-0.406516777423642	0.240191842521984
-1.21694910811838	0.60364369511136
-0.933224239810551	0.406489331696405
-0.317101639055822	0.160622954802802
0.900214314445271	0.566291621691073
0.561948271118079	0.43314806664412
-0.0183023207906915	0.00705700933311042
-0.631905776151263	0.240362377309985
-4.50338321290249	2.41743153194909
-1.07629117629746	0.493008064376438
0.54910345020676	0.340640601367168
-0.105519675773868	0.0355098128625819
-0.520741235779984	0.269834694736442
-0.693664603169502	0.454844087382623
-0.507639052888594	0.258926804319408
-3.83029531174362	1.62917679111318
-0.541213289235835	0.240707732029768
-0.918814517877487	0.492391767944835
-0.885534597326836	0.566564305890088
0.136455334221044	0.053215451018615
-0.669690871197006	0.323850948649228
0.747878349084161	0.440247795897865
-0.788701007645364	0.324101818855728
-0.725500786563762	0.430325880634713
-2.45359125199952	1.45355872886756
0.24584592716616	0.130821029594143
-0.061992676963238	0.0317818170468151
-0.311002832066318	0.155906787337324
-0.545466797683359	0.245163873261987
-0.449861889085859	0.1498239017035
-0.43599987291003	0.232262284099741
2.3638864145071	1.1477888825569
-1.40986716041284	0.778699530968534
-0.787547408079597	0.325183443103057
-0.623153351587542	0.236236146640588
-1.29050884267279	0.453868410338061
-1.28270890880777	1.01932718864942
-0.292602492517512	0.127982237860475
-2.23277332891051	1.9015452740263
0.132373368667141	0.0499942335229257
0.440426604113037	0.19934651970683
-0.553044922420697	0.236388806925607
-0.264470697131192	0.178292074318551
0.0167883511431157	0.00784911752910796
-0.0863815076491104	0.0413191509202552
-1.06507225634258	0.505544530218544
-0.626930440991444	0.327437224450831
-1.18602023330721	1.0249954979523
-0.165197881973489	0.0679908551618297
-2.02940671058174	1.00011623837784
-0.665758715802196	0.321977147874681
0.530482675354534	0.283148694253985
-0.412106782526038	0.195938833539768
-0.24511750576022	0.0913111149248052
-0.020577455405089	0.00777408177197415
-0.103477114654155	0.0360009745410558
-0.622381644450549	0.347564210358298
-0.536918720336807	0.237963205921076
-0.262291460170004	0.100020741072357
-0.42119450509306	0.174546134560699
0.318364500857486	0.105966888589684
-0.407753714237324	0.163553148269974
-2.01091343447692	0.994755326825001
-2.43334947626365	1.45462940712841
-0.416855665828618	0.170648740022183
0.533947815890088	0.332918462799343
-0.999069212225836	0.576338085488928
-0.392405011532206	0.181704809556535
-1.75823393246066	0.79030729809719
-1.00942068159279	0.574142815473359
0.277203072192005	0.186273218693905
-0.38715065167384	0.177993900752354
-0.592584972003341	0.410347341194737
-4.09453712023831	1.89308235610627
0.29803598696027	0.115000098907904
-0.333552190413852	0.18966159477341
0.124647248442501	0.0653974865767752
-0.784000356214024	0.385949330561331
0.258784682415004	0.125595879746473
-0.991884404880653	0.562058795060162
-0.784810625804352	0.385858794300316
-0.288730873538955	0.126990707076522
-1.76997485254032	1.15039270933161
-0.385330832146155	0.250061437754436
-0.698148816661173	0.447330515904713
-1.00683974986427	0.579562452671252
-0.79263111951919	0.320733601774209
0.0434163692656344	0.0210466218462739
0.530065464979245	0.280058934616529
-1.0005765990454	0.538903264032308
-0.260301965568469	0.100204155463336
-0.998766776256765	0.574972699844816
-0.156191234335981	0.0639153614831493
-0.549274967132537	0.239107023357053
0.0246210615707353	0.00984176313598863
-0.162046183209408	0.0661754943055042
-0.493692905026368	0.279774042645527
-0.622465402803835	0.33886818223378
-0.406155023270903	0.190791914138222
0.597885017722619	0.353330835716822
-1.00905456901164	0.774918375872677
-0.513241541763174	0.294260780303598
-0.405952826035175	0.197098864487046
-0.644922126280682	0.445505136623858
-0.156322900099467	0.0653333031727417
-0.40395392739206	0.192672987271318
-1.06091226635603	0.498209491734871
-0.623897045359651	0.23544042153972
-0.254433103674464	0.0910997082583948
0.000624638381969325	0.00055679984727357
-0.524021961086836	0.303747687981353
-0.448049274478646	0.262417266429196
0.499059259995347	0.326282231213389
-1.55837486273598	1.22645166195043
-2.03292437496139	1.54266161116813
-1.78133976521499	1.20642688852231
-0.594546844719834	0.358764196808765
-2.52590647625555	1.6213256534653
-0.882698160008156	0.551484636230702
1.2869814001634	0.804616464777704
0.412534913776171	0.28107631494493
-0.593726718858156	0.406002257386853
-0.294382590216012	0.13045075082384
-1.0133483692731	0.590224864820311
-0.269172216169176	0.138608936886159
0.145992973020999	0.0748261855852928
-2.59661561191223	1.72659657659809
0.417102069766481	0.195166867228846
-2.52463894102736	1.62513998555988
0.386942423662942	0.194143287087809
-1.91096436900415	1.29921831662198
-0.605621066963802	0.365455203592343
-0.0974732041794594	0.0343241224330076
-0.415744926708391	0.227243909849747
0.557542476811568	0.205754940084151
0.0148438024268267	0.00619365123453713
-4.98362007438919	3.20823193704354
-0.407139418848546	0.193621074728728
-1.10438460730406	0.679804261255465
-0.429933251255452	0.23291320515623
-1.67480058338732	1.70934590872661
-2.83988915390434	2.07245279610785
0.886971419809082	0.805552852071035
-1.71952767073365	1.05900548541432
-0.650518584011281	0.339855801420632
-1.21251730735852	0.716142234632783
-2.02175410149261	2.00472966398262
-0.289704059112009	0.130923783562372
-2.3139897235551	1.97965726041854
-1.70322140588108	1.10436696902352
-1.00518903056008	0.677654784630625
-0.343758724231741	0.196689027039735
-0.547280491993864	0.282410451538368
-1.25327762515114	0.808307549987294
-0.399689139880197	0.187773908415337
-0.269093047111066	0.101294136308163
-0.189952374787997	0.0753291884390631
0.273985204602485	0.132538733132947
-0.153068116057482	0.0638275436222014
-1.06032100670548	0.491276875683473
-0.205756978956554	0.0972628516465785
0.39761029206063	0.197940718635328
-0.409089172434916	0.169753768041656
0.00617489098700957	0.00188984685649286
-0.0852155774244655	0.0299944503830741
-0.152069643802397	0.0630185870884566
-1.19042342329764	0.755599934758753
-1.0849929424896	0.491748521232464
-0.252500492417684	0.0940188033050978
-0.407395042162143	0.168997479583568
-0.891707999844747	0.595869294028376
-1.95895544000374	1.39779263884506
-0.269230501349558	0.101440143308141
0.789865589247325	0.53804438828349
-0.504414214083555	0.249946333399407
-0.0234417372486787	0.00872667337998617
-0.812181450985095	0.468478316501807
-0.713228125188211	0.390164790660144
0.3067068530217	0.180367084787868
-0.420339614531996	0.172755925433438
0.6160324829932	0.295179504412644
0.011748623503614	0.00559909802735876
-1.18645876001674	0.57838791683687
1.02671661407528	0.535382806692525
0.269299989375149	0.120882013117873
-1.01490160287267	0.562600836331638
-2.23258036030479	1.24674342417457
-1.61621817485695	0.988699926590162
-1.64346946845611	0.646983352086835
-2.13879500553028	1.1405453496086
-0.25069319102838	0.0939896878621617
-0.669461153675709	0.421816553521493
-1.4051866128411	0.777613157169857
-0.788605877934119	0.328191620139746
-1.9625160326685	1.45284798033987
-1.34623906942126	0.95301576150839
-3.50923973767825	1.37307967191977
-0.167858461116401	0.0689735223230161
-0.41227243483367	0.173690601092782
-1.32414388754707	0.693539071029753
-0.169195479662224	0.086335162242196
-0.535612447536423	0.227231883320095
-1.1883342605123	0.731253721197295
0.683317107190057	0.373915255398752
-0.687117229951046	0.315428499250538
-0.627526330311941	0.239398215017912
-0.556160494018756	0.247030579078497
-0.41089412126392	0.188120388687083
-0.797405347644465	0.402893278635402
0.0290646990607567	0.0133596213684205
-0.256577332994036	0.0959909399414583
-0.175566234493136	0.0705067206538886
-1.9098190976675	0.918008443350148
-1.47494139427926	0.57047505297248
0.100244094346692	0.0332849567231474
0.0923811753006992	0.0316360588258278
-0.41760252893591	0.189928304252154
-0.0852985341366609	0.029319863424197
-1.08436899766257	0.35831168119697
-1.46561602821067	0.580295799109019
-4.32218063554276	2.1262781087765
-1.08328339450837	0.370848428206928
-1.07719625785892	0.365069612392098
-0.792981035774862	0.323944718420955
0.74372659887162	0.214687855102197
-1.41827610834911	0.802536378663542
0.324797204236395	0.09588222613702
-0.672428298253119	0.317186827673252
0.153277213344543	0.0787593171587549
-1.1938835619955	0.594372548611527
-0.0269332337387136	0.0102833995882518
-0.250198875055626	0.094226973818647
-1.3013672903857	0.462622321929721
-3.97319647441464	1.76245629371376
-1.08147998671592	0.360679861491602
-3.31319464395181	1.21509579750581
-0.521354276075847	0.140151065895862
-1.88907528457237	0.887640883852254
-2.50662138300429	0.751156666336677
-1.62649237441874	0.696458443256091
-0.789051010600759	0.390856203571697
-0.252542499838731	0.078491207224713
0.32010207269038	0.0929899727077881
0.304575245523583	0.121240207008982
0.883237743966731	0.342149835436585
1.29874438174713	0.502480804066515
-0.5223760081113	0.140414884928745
-1.21186940071748	0.564547398171972
-0.623311582223339	0.233867770696141
-0.442752248445684	0.15036869591442
-3.10544605664248	1.08457036666742
0.315717592082212	0.088646524754605
-1.46805975055752	0.558734789742532
-1.61794464418584	0.671314104400233
-0.0182756059188874	0.00699178420303762
-0.678948544209906	0.3242054664447
-0.0385748107991375	0.0143314369847096
0.212404196252912	0.128170600344533
-0.114812990611824	0.0505867679274896
0.083134995612766	0.0283066524566154
0.0028107688909577	0.00141456353819664
-0.983939249675088	0.680023976978232
-0.165983087892699	0.0686421959567406
-0.408062038134439	0.221546158498446
-0.677532279267052	0.403612430856867
-0.54913107972643	0.340965955094375
0.626364242472866	0.466339701210538
-0.669256605908268	0.457656091214393
-0.21357143905362	0.0981196138180923
0.0350379053892684	0.0172855093458856
0.0247287109855011	0.00987954376158541
-0.822841367503029	0.575697649391641
-0.281125417247024	0.123601780702163
0.761939349174874	0.708191222504845
-0.637922009186441	0.337647708363609
-1.75751543787054	0.780204800666182
-1.08681653875303	0.646840844438419
-1.89701671545577	0.903788745418966
-0.155795974223528	0.0644961712828664
0.0140822305701809	0.00584254528229039
0.143163332621747	0.0728728956665527
0.783085894043301	0.533256326365327
0.494347181159355	0.203197551061348
-1.25985463239258	0.824161341657415
-0.207329977925386	0.0981502651304515
-3.70263716232419	1.41164394003107
-0.887744852591401	0.562689259553246
-1.190834177442	0.592684374825949
-5.16184745772444	3.59975531698508
-1.70428772680075	1.12619709416401
0.0105427179920115	0.00428396026039621
-2.14356735719376	1.06812296093156
-0.888114340287144	0.572269220676388
-0.382946121493631	0.173650683746736
-0.70662910476493	0.393173981074805
-0.437483052106694	0.149022159336257
0.231768971401004	0.120917728247342
-0.801482785736608	0.404232185729392
0.237204094791444	0.13310819679131
-0.869303409749984	0.540005311942744
-0.401148807624565	0.15826395151121
-1.88646090111684	1.3007877632851
-1.5048197759251	0.836287786942641
-1.0870842179321	0.504173534512944
0.149464506138762	0.0765308702042727
-1.05345395694753	0.733599513982371
-1.07814363449042	0.753352381669469
-0.998779908694194	0.559375162566282
-0.450672269578882	0.273699351440536
0.602131232940116	0.291987740063356
-0.800120056776616	0.405495250024269
-0.659544131715543	0.309911137511211
-4.21036385676815	1.94411343701246
-0.41297093193109	0.16474649750192
-0.502233683052775	0.254722652136013
0.288902555282125	0.128924740015768
-1.52736194417227	0.899725629175506
-1.61247294163541	0.990965040054882
-0.184027243982125	0.0803020665995782
-0.80311582171872	0.318739350210609
-0.636183932161486	0.228500403968578
-0.513910171043472	0.292460542018544
-1.36291415153962	1.14599810129542
-1.3340201208242	1.12323985277475
-0.651548456358769	0.354336573212748
-1.29736606373132	0.456162930702034
-1.31814500715681	0.664810323774698
-0.019804631807902	0.00776150148591098
-0.280485153556112	0.12561314087837
0.442668397393143	0.20069982890533
-1.33616722401282	0.69764580274992
-0.026031527332715	0.0100455445969945
-0.297490945242904	0.133177427516072
-0.042433025820485	0.0153994404540815
0.0486015837745958	0.0252291031840287
-0.366585468886915	0.215349296159758
0.00429094105789197	0.00127251095959964
-0.92800720470369	0.385805096961813
-2.50982806931696	1.56566664637755
-1.06399375385711	0.500181786940969
-2.24976419444437	1.21846101215909
-0.150323449429369	0.061672897905876
-0.165479483144042	0.069472357509191
-1.49775089714444	1.12294229453543
-1.77847356256069	1.20682724610585
-1.28242618144729	0.789613527361352
-2.23831034158564	1.21567165038931
1.29130707971184	0.779756167167737
0.855295986131727	0.495605072081661
-1.61711325174392	0.677635979110965
-0.624797783755033	0.231768805379722
0.0993499340698415	0.0329190024021713
-0.561537806290902	0.24983176677872
-0.4024126331517	0.163002461306022
0.29831580315409	0.172238883911001
-1.88343466853134	0.87325979631347
-2.24050592617482	1.24119313031748
-0.621065987919697	0.33386050967876
-0.795734163510306	0.329679680447072
-0.61357476539881	0.366475427053116
-1.52455032233658	0.911291139279587
-2.85913401003106	2.09846742194835
-0.943067949434244	0.404408661673093
-1.89223695553806	0.905163772926849
-0.0330669272896535	0.0118778901698645
-0.329811206707298	0.159574758116827
0.122133001135435	0.04513791974861
-0.423608168309753	0.228331580776483
0.86653123398152	0.777992243526984
-0.626700140011847	0.233928965635906
-1.07051073503921	0.503582591295913
-0.0203768944008556	0.00795676055780671
-2.11354033408216	1.64232536099059
0.128566372457354	0.0559368821649678
-0.323188313639841	0.166685301271575
-0.251726894495874	0.118885479036728
-0.0830272127785819	0.0391693095862153
0.201498004832096	0.105584189319275
-0.260732503848819	0.0977889332876481
0.126351187865776	0.047657754108586
0.035895618537466	0.0163457679514121
-0.792807259549371	0.483372081224129
-2.08531097563305	1.58133173178241
-0.792629067533667	0.31896326614029
-1.00762260395201	0.579937525209659
0.697607183308679	0.383385501066712
-0.192862722569753	0.0903812921984866
-0.640795025575251	0.338859818541428
-0.54752645620378	0.233669042156649
-2.02188694773514	1.02594977290146
-0.106040137661016	0.0472616630869392
-0.506698701113691	0.301048674089488
-1.36178079374357	1.16674942676068
-1.77244583140017	0.784357091525132
-0.408689547271398	0.168506496347299
-0.668851721210521	0.302426052697799
-0.637536676129854	0.347753834615386
-0.788180377374181	0.389363577456828
-0.783828425593307	0.397723017617302
-0.590083487419729	0.360094002535713
-0.154550328374273	0.0779814215408708
0.023035300220647	0.0122884937726315
0.0200132294499393	0.00942129286162505
0.0358238688577305	0.0172803602476448
-0.434177818848522	0.265396267065997
0.801399952861491	0.412451585792795
-0.166775799061481	0.0695269466395856
0.314188801138304	0.124137095005389
0.621276280763032	0.299630374517258
-0.099989281497018	0.0440967735860242
-1.21470008852881	0.933489858272809
-0.405391538389722	0.193396904208399
0.727564238242752	0.558856936705428
-0.707204027662808	0.394240447639978
-0.979016013679864	0.835467024057866
-0.520113840433535	0.268653467618356
-1.05201786735114	0.747438118809732
-0.266037660082498	0.160510431675844
-0.186226211412155	0.0741875803663757
-0.411094785162602	0.195690543088612
-0.182267101302549	0.0941557993245243
1.26526977123379	0.912556011836752
0.297133235151777	0.120884629558642
0.810520848678697	0.402395566316863
-0.416333186189248	0.167634473420452
0.000750361645069618	0.000608436394040469
-0.0124494881113765	0.00496546434795321
0.765385284937637	0.446391983253404
-0.159745682761352	0.0817085407653409
-4.40955153016684	2.25003181533549
-1.05513116472062	0.482424309753458
-0.422060181162144	0.20309871023913
0.148175805921191	0.0655433704561459
0.281749427535347	0.110802893514705
1.03287706080738	0.531667880205475
-0.102400232867984	0.0454351223865559
-3.67711899987516	1.44924720384049
-1.89691455207416	0.903133465112992
-1.39613304905179	0.736772465971415
0.0234249844611593	0.0106845171762427
-0.0265255926330648	0.0134629752933071
-0.318757280319508	0.162960911205986
0.135630885301738	0.0619540450912959
0.502085546768244	0.330909712934878
0.825809981825437	0.595923941688645
-0.493002547078595	0.398923077331498
0.508497365096768	0.29859742443455
0.764398690733894	0.483697606768388
0.611478431475229	0.459334161207146
0.520412102890545	0.428944822846042
1.35699188891987	1.27569922246052
0.134400084024491	0.0693340293804623
