x	y
0.0635161256464283	0.0414076082011001
0.595488835490266	0.354519732444993
0.00534901466695159	0.00315579698354501
0.679606128480499	0.371636584880295
0.1250237478478	0.0608330977487927
-0.673937771723284	0.484833568455062
-0.057585514642333	0.031407714530322
1.28957851530167	0.611436861800209
0.692297737294548	0.487221243652248
0.135416238274178	0.0705748153657759
0.341812338242679	0.187061621076702
-0.169882373115976	0.0711367021117639
-1.95493826642886	1.45995237136432
-0.902107095303153	0.492205624042194
0.699670798810423	0.390527913584445
0.0235359906586821	0.00957733398753084
0.0930598022216117	0.0311927820415481
0.267585524347766	0.114581036739765
0.982960096567413	0.767772686871057
0.129574086616865	0.0641317800952232
0.380918955889279	0.199888473093329
0.130437782393672	0.0705106513363119
0.469371354955843	0.310517891786425
0.00637724217762161	0.00349944129604769
0.585884143174938	0.409439454918438
0.720690411307074	0.539529291773944
0.302844280530474	0.195578763518069
0.29927773384651	0.221000704010048
0.475662874222727	0.276285642164838
0.7419566607377	0.450351586772349
0.754901291889881	0.468768571836902
0.452078852564614	0.345871156542681
0.276065336981345	0.155384653299427
0.79097256640564	0.3974805619102
0.127051235995041	0.0686266681187299
-0.159348294137856	0.0844441869639317
0.264153241105939	0.130355271691012
0.0290685508909945	0.0116695484694104
0.435399424885242	0.201985498440471
1.03386025790269	1.11852650982435
0.845280026439624	0.724906810186824
-0.17027657940999	0.0671172540270529
0.701387011194075	0.380889080236881
1.24406249282437	0.853244630988345
0.280498175608666	0.127151907176368
0.906457693210972	0.579421202013833
0.727750099313133	0.554220997005986
-0.931472627116743	0.408206525170467
0.197041830068999	0.118341955057813
0.0205754681484222	0.00866527678646917
0.103718770097463	0.0602130514359386
1.05502881238617	0.62933303999686
0.255277791397217	0.125664645484427
0.2932680823181	0.17846743818995
0.647619475502927	0.426484427228451
1.04223709724895	0.619612432944069
-0.0965414629381512	0.0424788730128642
0.208824050705318	0.118260603343742
0.100836177508392	0.0608812377402419
0.128618135295808	0.0490263780098985
0.134111986252718	0.0639643475360511
0.534634259735032	0.291120725621651
0.760168149740394	0.452858197166917
-0.246649086828596	0.140756151243276
0.298242338599374	0.187402228822708
0.309462305655026	0.180773356057385
-0.524457839798193	0.26107368323571
0.482341782701047	0.375383061736522
0.337842600263626	0.206694730008659
-1.28832556309337	0.837180179333213
0.129328813192425	0.0540555441159495
0.262033393564154	0.171501352985868
-0.0548953268373815	0.0271617459718107
0.773468749285799	0.499334374813096
-0.21488404148086	0.103062424428748
-0.205182517347459	0.0969762399803503
-0.00606555427546513	0.00197363821304192
-0.762228802105669	0.511209474404607
-2.83018212767897	2.11396903516425
-1.46924091116053	1.06436063157506
0.266294705954921	0.118041578968265
-0.684766702442143	0.440627190096401
-0.823409140664685	0.50484848690239
0.286037389641325	0.176999413561407
0.288683910952909	0.201343338396492
0.858152990047441	0.472698907718913
0.0416310328991101	0.0204029357982556
-0.210491532190216	0.101111852345224
-0.600636457047102	0.412485721659375
0.144107323762956	0.0739397872338075
-0.936657319810268	0.707161043446701
-2.14374169383783	1.75522039696913
0.928125754078026	0.652032070762904
0.784383923368921	0.52982210066597
0.393094260796998	0.205746106991828
0.643264482904862	0.535254496223504
-0.342198251954941	0.16574952490969
0.046232649680323	0.0313668967538495
0.865008080235932	0.800326415183949
-0.698235917408012	0.559955606343619
0.326299399981401	0.194737578877329
0.120131569185194	0.0615314664514936
0.679440832155646	0.376396963463075
-0.693393719083841	0.415398085361423
0.126105711589614	0.0487293695392737
-4.51598600012925	2.45775495969077
-0.25862686804904	0.138443858232131
0.931016965381359	0.694493293963764
-0.464448961932158	0.300540823176136
0.272051912424256	0.165737724093705
0.131238736330784	0.0614802569598947
0.651553389788601	0.430548191585173
-0.243374819620522	0.0759703352600238
0.726182108467204	0.424253671281487
-0.324522022714298	0.167559407006766
-1.02253968923652	0.569619624378459
-1.33972113111422	0.64372840952043
0.488575054176123	0.203648423208225
-1.32220639683216	0.707948216736586
1.59032240601716	1.41101671455621
0.134573161905292	0.0527382812136328
0.850424312707416	0.478314406268874
0.899344718321824	0.541706460017142
0.19659234378895	0.108839680874049
-3.83779631860546	1.63764932312898
-1.78212113875838	0.789409855891134
0.392557972034289	0.199336139536243
0.288684268276489	0.131529971631283
1.10865187024456	0.930021036775177
1.29580355976211	0.694469833056682
-1.79464464092012	0.756303468388033
-1.07528072607436	0.50878635301217
0.795687072740215	0.400419963792093
-4.43209687667168	2.25326653191914
-0.556459195798102	0.2368754403841
0.0791569215093643	0.0263629152719653
0.142271702746786	0.0623654349635443
0.697351830133417	0.307676920213133
0.520247815669317	0.270103755158355
0.868196797341435	0.335859606976429
0.248703041246629	0.123140258788582
-0.744924465968526	0.430513386009068
-0.163756128853027	0.0824535693882747
-1.02765738949253	0.735254110841618
0.474909243562788	0.193261680428331
1.27628905559034	0.943317038779266
-0.627569767530199	0.229875581468274
-0.288358647862503	0.130752897599338
0.149760374203742	0.064861632703036
0.266085090719263	0.161145250278567
-0.671162538246727	0.325303290559588
-0.882405706528256	0.479036009413573
-0.0738970240168811	0.0433614433777965
-0.811499819139658	0.473575445472063
0.0881716489037626	0.0447034567269168
1.2835505697986	0.81283769979435
-0.984782840745796	0.663911647076479
1.07678046445391	0.707913266607158
0.856993650265389	0.887445994673538
0.02152622505886	0.0113961791937919
-0.651593469619539	0.331908392053939
-0.0396853510257738	0.0248709422611696
-0.258931256692957	0.140861209974921
0.585042928393243	0.499112403870453
0.260093835204867	0.138207784570669
0.298096739535819	0.123629455466218
-0.309150024633194	0.156619120428348
-0.972948034859061	0.655552790640687
0.891972735504136	0.523908422060047
0.0198430124634201	0.00887357084476079
-0.416160811549277	0.265863861815283
0.78518889864561	0.530953324973195
0.0502848905403959	0.0236534865766859
0.238813424300183	0.130255588533126
1.76771665886117	1.21432031590632
0.520574858734352	0.282908667549809
0.0294679923354342	0.0133875823256283
-0.416753626695107	0.199666461673047
-0.423285374583869	0.200616997370473
-0.42650316905443	0.237279403453185
-0.289517355880049	0.153195739668485
-0.099263396312779	0.0338001351091084
-0.63142749818719	0.236143127485467
-0.134858883395345	0.0587616081273291
0.00357652528452888	0.00168272103410647
-0.34982376571499	0.178017373010685
0.291299704828223	0.113880635219326
-0.0931284805100329	0.0409952632009457
-0.0569780794713867	0.0274834004270364
-0.224324281367169	0.10636076326471
1.4595652364678	1.55172524361135
0.535789870322268	0.286244353876133
2.13485723646179	2.44530573668055
-0.672980067537238	0.497603293561273
-0.169884392492939	0.070003381718895
-0.681517970858833	0.475555587330781
-0.552427856008974	0.234427105178811
-0.02543316671936	0.0154997317515093
-0.839911571314689	0.503917121048108
-0.260771242325509	0.100357884316154
-0.181871491284658	0.0943466149828959
0.416756876615323	0.248182255629984
-0.660705530898597	0.309776102818063
0.236925141505501	0.126105533666549
-0.21752618127607	0.122456430979662
-0.182208155813199	0.0979722426538823
0.0531448409210349	0.0261167887290811
0.111696966664279	0.0543038266840698
0.23226708808686	0.123549254657583
0.650314048928314	0.420970353894968
-0.0797501850320722	0.0376668655806631
0.521579026301181	0.371293762577799
0.44358248995161	0.241332502289339
-0.267640615188327	0.0986307926560713
0.288039126105478	0.131483800355399
0.655386600058315	0.326370133826418
-0.265301175693283	0.101727547255709
1.22106526519884	0.912614440189907
0.462285532987404	0.3102205400974
0.226041917348544	0.126584542430974
-0.692308914754581	0.488678760069616
0.658950542400474	0.519516900664225
-0.814859454395385	0.511170482414956
-0.647186376225035	0.462246508312782
0.250499307182744	0.134936273369271
-1.18468238826787	0.772278623492299
0.0440641391930348	0.0216283797392659
0.0837944913414649	0.0273656779986299
0.260306584637048	0.129084792445686
0.313298826288529	0.185985640231093
0.33513227362902	0.224152497616077
0.385230467920995	0.19497155876133
0.097241658100301	0.0585136473396947
-0.359648946582263	0.20974083397757
-0.609778909988705	0.323442968881029
-1.60678487706741	0.992858577700362
0.854051604891291	0.710058312730836
-1.79653044861129	1.22506226177695
-0.249323146402284	0.140257169024667
-0.640162840274256	0.341856723096114
1.16355946539603	1.1218029095636
0.102976631962401	0.0387902466202175
0.527537751681945	0.286673199054599
-0.220623232012167	0.132220254230778
0.0900954608204726	0.0526772836665266
0.649495316030929	0.514103943899518
-0.674586044751387	0.540426447825113
0.215616519370421	0.143800724217707
-0.228496763063237	0.129453605577909
0.066792582818555	0.0407646207878087
-0.891993730340291	0.476790806947326
-0.604139015900039	0.301287759728166
-1.06927326369239	0.692053387625999
-0.301332703007332	0.133301902540798
-0.879105025013437	0.718551697703922
0.569294271867597	0.436760003453283
-1.53413887014938	1.46390167755488
-0.270297620632552	0.102057138513419
-0.0562879204168788	0.0286945487041491
0.855670423040431	0.485175447680054
-0.996636875675537	0.574302349857713
0.693536283377124	0.381419167837994
-0.17438252471931	0.0883058454248252
-0.733035413866149	0.433348061219916
0.111277235928264	0.0594884563745762
2.14189635664339	2.16541110678348
0.137306731108013	0.06090262060479
-0.681672255157782	0.328472032347125
-0.63844380667957	0.34133696252871
0.2102861843278	0.120793411252737
-0.916474593529028	0.692428115322125
0.693432464157783	0.49747760618352
0.487531517697845	0.197936725131326
0.542505747849218	0.343612209133062
-0.332999449440983	0.17045534529151
0.660177703679779	0.437947065391106
-0.782599169125596	0.313973402257904
-4.21532126170301	2.0110735033633
-0.322967128675131	0.170562362648021
0.515500986826704	0.271814114717247
0.127082298565917	0.0534608864234673
-0.163982319726094	0.0674265784525291
0.240168060295098	0.128105092286461
-1.19890946596307	0.584083164577814
-0.0210646397734218	0.00811846754175107
-1.80858636839591	1.24092692007552
-0.345781268250485	0.173511737810713
-0.193219162593344	0.0964147924285909
-0.543050057363911	0.309677610145754
-2.35503357902781	1.36279084444031
0.614771292776034	0.356966592618274
-0.0942109809489595	0.0431900403452137
1.28759781176066	0.597029061694741
1.5213150264795	1.4330395963625
1.46609084746512	1.10461263586448
0.531627344845887	0.273902604668518
-0.737325970922105	0.560532760302611
-0.0964337092530264	0.0336099748209069
0.480016512493626	0.277131509107972
-0.132003427998385	0.0686448363705828
0.394965241719865	0.202265283518948
-0.99165533287279	0.534596632830718
1.28095974069783	0.832474121333384
-1.01303516115061	0.775497406849627
-1.61738874470426	0.674115633967117
0.633780048056059	0.403769121005986
-0.401215210807653	0.190695498327848
-1.79607772380895	1.22244326417869
-0.507948330721394	0.250606375483713
0.547431632929883	0.428968726018331
0.535730196251447	0.338331312358807
-0.374733886642194	0.220643113051336
1.25412667263344	0.900135451083501
0.846510044925149	0.48350420638995
0.0177198492800512	0.00719924738347184
1.09183869724043	0.776049202117055
0.260824136073538	0.129326431992818
1.47072049673964	1.08498565138415
0.966121711661062	0.830314883651377
-1.18339357953666	0.757499573748103
0.865879672692053	0.507777145152519
0.742461540977271	0.589682062090732
0.205289782709959	0.117657208412975
0.362460051989572	0.17153113005472
1.26733884567883	0.934152165710548
-1.18143365695155	0.761599439396303
0.708292777359554	0.313423039635969
0.286741778593933	0.127933522350386
-0.926623128252205	0.401834402168487
0.126527949685513	0.065279306067647
-0.400261734370004	0.214013772717671
0.295533796830812	0.120011367004682
-0.519408663338713	0.26972423946957
-0.700293003388148	0.455223143679279
0.411918589498176	0.206448428778611
0.640635663277715	0.421767631733339
-0.0902457760143361	0.0317934729066171
0.516391870091819	0.327250433871137
0.551982798674522	0.201064220786776
0.0924159222909131	0.0310650694177018
1.02302842079857	0.526075717594327
1.04545173150842	0.572190125160976
-0.600895492728922	0.369582759526435
0.795858816471087	0.399741487061622
0.743641521248859	0.443009618388404
0.0768794093474557	0.0435834685867623
-0.676839368792539	0.316646075468355
0.355214422635424	0.194690219635314
-0.409234699717492	0.222163112417314
0.127616091049252	0.0696296181712484
-1.94441962812316	1.46518496834917
-0.897736988180548	0.561509332133089
-1.02999984897656	0.916917647052332
-0.406766263363865	0.319583886697608
-0.138693263075394	0.0760214041432984
0.456747851797085	0.254394718959188
0.215832080182212	0.111120478670364
1.28290606690986	0.684868356314662
0.892250078457137	0.559566249959301
1.85229745921293	1.52976019046248
-2.60316413886569	1.71457651334977
0.303548138643712	0.176441034946118
-0.338905596620187	0.222697374417052
-0.613518625887811	0.381650558836671
0.0181104477096576	0.00912883458038426
0.361452154159558	0.264435864715665
0.598324950858823	0.440014527739962
0.366086651921772	0.201718157565988
0.144531304135766	0.0616700996906485
1.25701346852051	0.805137840876153
-0.153797647946483	0.0642623566678804
-1.40856935093065	0.765037033261014
0.136964921263665	0.0610158890112773
-2.23473896842418	1.26028079247065
0.310052212030835	0.177331962102993
0.780253910357514	0.519657275460313
-1.06500122224167	0.836938082808986
0.0244944321695769	0.0115989783098287
0.314558784637537	0.184526342480516
-0.550318798580898	0.247042630637408
0.430325319718012	0.205534528165204
1.21916504095696	1.10308235817549
1.0887458296752	0.844334070818635
-0.538645589187893	0.236576547316368
-2.01448022446177	1.00848519405069
0.5474003027554	0.488932802872141
0.825270994256602	0.574741554347697
0.420687673593671	0.291029246839499
0.0136320898491508	0.0056340048151758
0.259356033804698	0.115900562180583
1.08319426623406	0.968225689152978
0.833886582198018	0.638747519567014
0.4543366026042	0.294004583485404
0.53665574124668	0.336258078412089
-0.167080439130501	0.0698964290337995
-0.0974367576511081	0.0342471371521949
-0.792981035774862	0.323944718420955
0.092211757744215	0.030176556701921
0.148715765671496	0.0635980291773783
1.21205083179637	1.18271723946516
1.63124466091108	1.31886798575055
-0.410157322961306	0.196105310324996
1.04566843181604	0.598448953309496
0.546803454870823	0.199808768500467
0.879129326153264	0.331203265714694
0.536321049886131	0.126331019370992
0.137404918037034	0.0595032474313781
-0.617565993138864	0.224574679101074
0.529517596715183	0.283333547983144
0.14398671403652	0.0678815128324197
1.78064588403433	1.60566872115991
2.33616928242916	1.41704275158476
0.609825521052176	0.300704786092347
0.300174028640231	0.123089052850808
0.80505224003307	0.407054212441907
0.292060619511927	0.115891367794208
-0.178848119573731	0.0723662201991486
1.69410933323687	1.31591389599046
1.21918235069026	1.01760852463219
0.123172083784644	0.0586758837301111
0.299937264790246	0.132330703915836
-0.176418314329511	0.0878420999075052
0.412711770573471	0.247972946973835
1.06306240949029	0.726917163931556
0.292819967021139	0.120790132819949
-2.43334947626365	1.45462940712841
-0.66054717198831	0.420068551440862
-0.156043129545354	0.0796934194394351
-0.298390340532249	0.175374205399941
-1.41901118205796	1.2273779017497
0.0150997450425288	0.00717838010379748
0.80577350723072	0.407785859743412
0.278342687845585	0.109183381838651
-1.47038522834037	0.584206087761708
0.138818959757096	0.0519076547112353
0.429074464847328	0.20372747627316
0.345906673699827	0.190336528808139
0.091731784172194	0.0315067560502082
0.440806699172689	0.207092762916024
-0.132029539926309	0.0697618579642682
0.13276149246199	0.0616161959961309
0.657568208165602	0.545441907588654
0.639716499451556	0.392963822094739
-0.797312257378108	0.402923068530251
0.136937177890266	0.0745986636408625
0.379210135801873	0.19274188625614
0.130005228978695	0.0520491512338777
0.821077489087691	0.607121270275749
0.139207534807796	0.0546656206694824
-0.563651583439499	0.235128473915365
0.59124906103074	0.410472764803024
0.00739576458854478	0.00323390487037658
0.12920911547477	0.066123560685014
-1.00523954952328	0.561995086126106
0.910331374544483	0.869934489418147
0.131680809426082	0.0554922880216681
0.39406121245894	0.200026412555891
-0.210096083743767	0.0973149703469197
-0.239775710273906	0.108185396295015
-0.171562070179681	0.0986744386743888
0.218317380687348	0.11488730986623
-0.0984811675770866	0.034665733051443
-0.0858075260994015	0.0366171312720524
0.215134747779443	0.123451401539617
0.536279879219293	0.274182632899767
0.260492844486003	0.113856441800406
0.0338892953310593	0.0167664228063591
0.136257858014091	0.0632701365862457
0.0341463537014505	0.0135349692190917
1.08073982620446	0.868874958955922
0.123118130458841	0.0532149466243384
0.0244849706445323	0.0099158916913641
0.525545231051054	0.400222974861522
-0.611848251192606	0.498653652738451
-0.0347919020480626	0.0187997721362621
-0.0305358318920868	0.0112111720384296
-0.271200598941084	0.116353660554967
-0.404275602994192	0.159335097500724
0.597625024855129	0.353300060880074
0.0259636250108033	0.0118063384750771
0.727618157255977	0.626835372861041
0.62854613593929	0.473176737515268
0.621276280763032	0.299630374517258
1.48621517108929	1.4172091246593
0.128223730793267	0.0652854564077973
1.21952516044409	0.835301085740564
0.288902555282125	0.128924740015768
-0.791606522416252	0.393086327693014
0.01267390942799	0.00661683505964005
-0.346447437103655	0.185365559282889
0.0151051312093894	0.00790233376547954
-0.155796768894363	0.0644985531168264
0.385394931700179	0.190981394450908
0.147320487774123	0.0740430010533404
0.427284080565095	0.263277337400588
0.791308436016536	0.402314986522563
0.465541563676744	0.247833482340109
0.126179750095957	0.0486201380561863
0.68124577789526	0.368727047681278
-0.52187997587466	0.291768191877911
0.741365137418338	0.456174760343781
1.06843627602608	0.690851429535875
-0.277233859858058	0.158717119751683
0.277997312299835	0.123454583291669
0.943687128402916	0.694313051900028
0.164677768205217	0.0983324394603439
1.09546967411199	0.98518641419392
0.359847213715031	0.189690272545579
0.294326934968154	0.113596452030735
-0.488045647167086	0.256810593764123
-0.292505706973416	0.131570390099009
-0.805313020035824	0.396776657138657
0.149720555089649	0.0643494693590998
-4.60883265833606	2.59217189127755
0.814875655793461	0.601370921865548
-0.407161849985928	0.219517711207873
1.42203735545426	1.14242977250899
0.966084292706266	0.830681487441641
-0.38189016737769	0.247657331156229
0.399393760428477	0.235469266969912
0.805192958148041	0.587118180801987
1.05362582089679	1.08559581002877
0.0951583444783639	0.0602429835612168
-0.17895491682306	0.0734845111140315
-0.117385377510518	0.0735644849732887
-0.00653301611741638	0.00215276794943145
-1.77784740060263	1.21335879476225
-0.446093640022226	0.347098941218802
-1.00832110024425	0.561793578523816
-0.335684693403734	0.169822806508487
-1.9155380207637	1.84949252848092
0.861648268984591	0.479918462205432
-0.0848577545417675	0.0293646948741436
1.22467293957261	1.16056754488529
0.255213633483351	0.102400115482486
0.0190267970290268	0.0104043387950321
0.778896031505936	0.509180528355065
0.651311734607907	0.553911624643614
0.526461953278058	0.280466486993586
-0.0761031702645186	0.0384482333617684
-0.323535178591087	0.167828648882174
-0.167827543563705	0.0688469391769323
-2.10613385980171	1.71332179814683
0.956765998419678	0.771654919622681
-0.191973437300677	0.120036149421855
-1.52969141358746	0.828201941146176
-0.173941742874256	0.0717865289335654
-1.43794687621264	1.04942583120655
-2.44413720113655	1.48488049099166
-1.0691966554492	0.697214014618735
-0.645061881370031	0.351802560551825
0.463460003916207	0.252097946467179
-0.302570229551131	0.184101133572473
0.0919896526272347	0.0317637050453618
0.954857307701383	0.772131870421865
0.649751217399222	0.611622546708812
0.436508697786503	0.20466919829707
0.39658604983737	0.20164612431711
0.42676663271745	0.200451185272031
0.801162151873925	0.521382705677325
0.114145933714569	0.0635838370937762
0.753095606241866	0.470767375392965
0.759330107546166	0.454299888415798
0.238542802252117	0.125846842963679
0.852000145245184	0.496989148998719
-0.290096101692805	0.131793056749338
-0.161705774970171	0.0836130639703022
-0.989761207543591	0.862347154931092
0.524360896104477	0.285172884518775
0.852088855205918	0.475260892493421
0.132460724423959	0.0511641154685736
-0.627667179116626	0.327623460220054
0.125020316684076	0.0586882276939244
-0.306558111610418	0.151094039456099
-1.52493531316561	1.10566336866901
-0.533996005553981	0.269765731811562
-0.889597131664797	0.574108400342638
-1.5843560663304	1.55280636132006
-0.227229331736077	0.109546003862318
-0.420247916353774	0.232270921023233
0.347255779923659	0.188215322849304
-0.124761731936521	0.0751249886441012
0.464587675368755	0.300694516875127
0.445969284413224	0.209494238279675
-2.629191025599	1.72528458241715
0.38333534527056	0.197517362978763
0.534584946770179	0.282055853113135
-0.352034155012275	0.177905253169606
0.383898792603411	0.275586939877533
0.384556538041098	0.201936138962399
-2.70893133399155	1.85685697815719
0.788839916392822	0.368802055288149
-0.373240000112367	0.215924369755795
-1.60816257835287	0.993342070701269
-0.392896909620935	0.185848320607884
0.131086340938338	0.0564886580055277
0.170915122691144	0.101261553115633
0.279190340321869	0.128559777389678
-0.155459776284577	0.0644379950127764
-0.990762892076032	0.556229916624959
0.28939072533467	0.117111403598583
-0.544017609376513	0.24623688882979
0.265023879983567	0.114295817974339
-0.806593180196613	0.401413318438545
-1.08032288527175	0.490892279235741
-2.33240676831784	1.36799970223727
-0.884209964451575	0.482380022172287
0.27924515476993	0.123817069860541
0.42192222956994	0.253405441451136
-0.719250862048962	0.424429131058749
-0.2387097578406	0.0723592616141246
-2.82800405415571	0.916370270350291
-1.41438999762766	0.791229302524114
-0.79359419231054	0.321737815533925
0.271725173886918	0.121392120681162
0.134306795780671	0.0577808948704363
0.210126407200147	0.119496938710895
1.02986931914594	0.535969002163627
0.144810874087856	0.0555460768932615
1.03388964726619	0.533157279499931
-0.0206419754353636	0.00807373464390512
0.324403762331451	0.0958764708145592
-0.555566353220171	0.249133575109039
0.355462037191867	0.189880149327768
-0.0919394447853315	0.0315052028647428
0.31169685471021	0.110048902346568
0.406618275223489	0.211034170860524
-0.268642753817387	0.0973396190196414
0.776292997686685	0.499306842166117
-0.227165112127957	0.10746665279136
-0.608748496274246	0.32784216673783
0.0881716784163646	0.0498613396944877
-0.662224674697115	0.318512607251152
-0.753643437929569	0.503500180569355
-3.06939545465434	2.35847760845617
-2.108177467507	1.6355119239861
-0.699809525538723	0.431173808564164
0.370303096637726	0.204740442703353
-0.42654362907363	0.174138186557597
-1.09858527643834	0.672485674355301
0.978878362014943	0.442375135918143
-0.447572730707378	0.24810684016572
-0.438008822986632	0.261245697809651
-0.887165328619992	0.5625487132686
0.535586376637827	0.343809633754879
0.0245105922187512	0.0118079631443169
-0.352632779330947	0.1998604722571
-0.303783502233959	0.134454913430917
0.684867029281386	0.362602029586943
0.382655665601181	0.24693942435052
0.273381014764269	0.120395358631993
0.447665992598704	0.207283080817558
0.0273446865658141	0.0126351450175282
0.946848228391043	0.800067542016691
0.587016613456015	0.401626405511315
-0.289343840297361	0.171787953142869
-0.338564620390197	0.166393358199387
-0.717487834164678	0.624587317799153
-0.372657788313365	0.235146525554546
1.63163716357308	1.61845871002313
-1.40093719966452	1.2257787380692
-0.489662447144646	0.275732919920854
-1.0767134485946	0.503991023524396
0.244427169007603	0.118471164130271
-0.165477288191393	0.0680637931476846
0.356494496726111	0.197698839874335
-0.434896324839814	0.272784501670789
0.523871508226608	0.37813171627125
0.965411837212112	0.780240509765791
0.345122283142904	0.24156423304306
0.608897389529803	0.444874446709872
-0.149926135794314	0.0787398238237676
0.155457076230363	0.0678896258172354
0.11544010925897	0.0582776600855877
-0.884102569727064	0.57893728232823
0.857552008507817	0.489503051616235
0.384999468143988	0.201681795705927
0.563305071791318	0.202668158522571
0.556600090640368	0.203586207706565
-0.0634660511556052	0.0313408781821449
0.118340006126292	0.0442387788159918
0.288968141463083	0.117502133509341
0.0145984256259203	0.00586837742096365
-0.159897059343657	0.0647635358260005
-0.932009135566695	0.415216911847897
-0.453965431399218	0.157436208414778
-0.085288265370546	0.0299166148809532
0.862345329420312	0.495330766759162
-0.0556802662898884	0.0283233447061915
-1.21739805997083	0.921204454541698
-1.36562070001531	1.17368711224783
-0.43162037928789	0.174465302102652
-0.406984367763265	0.165656222474188
-0.544447384093955	0.246435190817244
-0.0061638257319588	0.00203781128743154
-0.510835883661976	0.262132041001356
-0.0879890957796581	0.0306174800318228
-0.942413600644143	0.416160328284888
-0.302643808619454	0.137710272406629
0.254473158015847	0.121994755760172
0.0118021371098117	0.00497194382558133
0.440702614074281	0.20713922516071
0.498276916596319	0.210558545308121
0.00655299023248421	0.00291963659220529
-0.0941417412901045	0.0437115965183016
-0.51736657067453	0.25554888293126
-0.916858252097591	0.474641613614568
0.531184150335966	0.287164430136253
0.148296485453135	0.063542961828201
0.407430042524772	0.255407451249129
0.86270045354156	0.469585222812223
0.378609139790229	0.189777371499335
0.238617343151962	0.129761535377257
-0.0243355311150892	0.00936781314152672
-1.50908221212462	0.885923198770239
-0.717381282765232	0.404801702252884
-0.663639156005811	0.322511817994858
0.136810300403904	0.0596114706341183
-0.524909156547994	0.263904437213544
-0.180727747559392	0.0719165396601061
-1.01823713291267	0.563812294130307
-0.351084241396333	0.204487067962959
0.146141366733824	0.0690416902064693
-0.416984476359397	0.234020257257618
-0.73407630345767	0.605115261482843
-1.61707655108436	0.958954098695608
0.0448990820707388	0.0199616935333083
-0.301829005311055	0.18333953992831
-0.184027148796219	0.105741459492518
-0.603719878916676	0.358048910633034
2.28938133999634	1.73052295868831
2.47453085557325	2.08125730297067
1.01471169315344	0.51830823076609
-0.779194763218412	0.30747379692713
-0.602592510831215	0.411018862743394
-1.20425142537435	0.702174644774603
0.271789121340304	0.168659730943841
0.952669054341634	0.72758006775993
0.443167667529607	0.258143433443405
1.07295722983164	0.69553990663248
-0.560272358034253	0.226879898088561
-0.184668292434069	0.0932267922275013
-0.0870455722461114	0.0302592322072826
-0.112194902212811	0.0504028763726856
-0.553262815459049	0.234290848103351
-0.499921517162355	0.251502432043195
0.39676295451348	0.260259806460384
-0.0307479923206902	0.0115639181166254
-0.472070999789177	0.324910978204882
-1.33255167571667	1.14039258237472
-4.22542576185611	1.96845923980621
0.248556171610918	0.119922768930066
-0.473354260222653	0.325375589465057
-0.217474886866376	0.144746945411358
-0.608392199965766	0.361049422722544
-0.417104315176613	0.18942368541448
0.141887108885206	0.0673417036907627
0.900061309930007	0.561805502013714
-0.507258857404601	0.254625268151306
0.0338247773496092	0.0176376586994663
-0.235937790139879	0.0739705012996475
-0.0972420889691974	0.0451729817517023
0.248364041273729	0.123469090685212
1.22751979338532	0.945018403685878
1.26563997219186	0.926255967088315
-0.731069306571318	0.404697971700408
-0.608770020908917	0.361513893808603
0.673215495854671	0.437020490917417
0.014876046446379	0.0059037169631955
-0.295544986920175	0.131798875354949
-0.165983087892699	0.0686421959567406
-1.72287872992729	1.06528098561164
0.442485652976992	0.207959998504477
-0.750071563463673	0.405955934705664
-0.070365101269432	0.0372723100698102
0.457201767761155	0.29819582893068
-0.26818945186347	0.102878543299452
-0.616270621682746	0.223424936934587
-1.40743152563941	0.792127439186211
0.580121125331418	0.39870241827153
-0.0185006961312902	0.00711029120581171
-1.13980362792363	0.859239186248203
-0.964862221846414	0.822548527823064
1.24358705642501	0.953013125709406
0.382133261025329	0.19209633114228
0.390169729989447	0.196908463899716
0.149306504426439	0.0698177901750465
-0.24516548849182	0.13793112122475
0.141303620268774	0.0672821112047353
0.29258374454914	0.117241896014821
-0.115979867818728	0.0379107224021239
-0.241611724646622	0.0723901393742204
-0.514490385192829	0.263659270542848
0.14848518348938	0.0626766359661942
0.306061310794625	0.105108962694741
-0.274729763026844	0.123335344631521
-2.53192341220415	1.61708802326364
-0.786790594449386	0.325194714775423
-0.0246237193835376	0.00912857511811435
-0.577422454781597	0.386770966451609
0.0538235905347177	0.026144045253632
0.132174791732657	0.0511604184925972
0.295173916556268	0.11836725187233
-0.727764093559758	0.414252335824371
-0.901802185324827	0.574301687721361
0.440189631733686	0.206836247901127
-0.556178532896869	0.347595443168204
0.363663914336584	0.232238343333628
-0.926087563168061	0.589340125792991
1.27828050147985	0.862519893795117
0.286548575607877	0.112678987596192
-0.420003805546735	0.174017031144057
0.42606548613996	0.196927006772244
-0.710333416123621	0.412323738948643
-0.42456604499763	0.168792240234331
0.606713953085618	0.300099832669975
0.0173435990408376	0.00817090649561839
-0.424510333887083	0.233018702329329
-0.396961943342578	0.159219063266054
-0.429435163171121	0.322872377471978
0.289012474084107	0.128452498184395
-0.0169197053632664	0.00665044762990888
0.0162665284677837	0.00680894424022858
0.147060601663307	0.0547943900238995
0.936455347934695	0.684596742009385
0.694494214317204	0.393072722215123
-1.43616766419689	1.02188208385586
-2.23845828935483	1.2428629185908
-1.06032100670548	0.491276875683473
0.133956478984969	0.0697268143156777
-0.22827743301166	0.109869616237606
-0.0213717990211654	0.00835260475645962
0.371270253391654	0.201558135344947
1.28368454641907	0.582422549791753
0.128037384914389	0.0511267585233957
0.217010307731886	0.122720161880271
-0.0193900428548801	0.00743367328664463
0.141704502179878	0.072118712688536
-0.296487368270039	0.134660313566489
-0.170835181194307	0.0872193771401186
0.439150945879704	0.301699929764239
1.2783378745488	0.92784387993976
-0.306823573513009	0.148085683708181
-0.42487013264547	0.231304358886785
-0.271792909665079	0.146783874805687
0.797409704300461	0.537515828592354
0.039997222274893	0.0177408376038441
1.07904903569709	0.709556608024122
-0.80964252411173	0.389363329196437
-1.4288256571952	1.05603471282233
0.267894948002643	0.12193162786081
-0.516980034473285	0.294614401484066
0.0239772356509761	0.0116968321926869
-1.79756477743451	1.24608790105653
-0.274005993340802	0.146103081231529
0.00676087627740028	0.00372551368058322
0.0342976939393949	0.0182026259953621
0.144605640077446	0.0628456174740267
-0.00685068080333623	0.00297136036806869
0.0996254420863565	0.0314462831388279
0.531205720549996	0.281264863912417
-0.909187100513126	0.492484876469805
-1.07692795708874	0.513243226761737
0.433250952182067	0.209891844242117
0.0317483173556009	0.0145816442224134
-0.0987574274681602	0.0445465515137051
-0.0945032483602891	0.0218370726435746
0.0596661767311729	0.0305754049642276
0.0741826449475221	0.0507790207458339
0.593244225660246	0.437129711854909
0.56542681698174	0.472001397066345
0.11170310270604	0.0614269519882037
-0.261145587171713	0.100139972878915
-0.413256868463505	0.196205322517839
0.469614558575738	0.303616874954864
0.288782280593047	0.129467964465295
-1.10628136422233	0.656817898483441
-0.0934387306771583	0.0442716200283953
0.681312494970042	0.372472706964843
0.612284132963445	0.300292083104105
0.691786972517295	0.499245595474328
-0.053954278788546	0.0291242723501459
0.493830817514675	0.202969538001177
-0.630887700547098	0.238225433462368
0.862115408290196	0.499246240732792
0.611467990824409	0.291915047073555
0.469374961478917	0.269316444157054
1.693022749347	1.33538938034249
0.395828733866671	0.205917624519318
0.879129827418242	0.531384473813683
0.302009382124364	0.188750164985003
0.470931978324722	0.268742095434627
-0.321862502893056	0.159101675841951
-0.0894984439971559	0.0390613356422863
-0.159347159870783	0.0673402994951895
0.795780915354912	0.57864665942432
0.00772265281416594	0.00336914851455821
0.0993989498206142	0.0327071880501388
-0.89917196739498	0.471044994285793
-0.299987467577726	0.148010543787627
0.285390884658516	0.115714136677187
2.11275939032338	1.52130823413413
2.13101976676496	1.84279683847869
0.351750482647872	0.193791317462086
0.266058513709594	0.128051656537016
-0.11968996372446	0.0633080209450911
0.129401805958915	0.0617738778003669
0.131734866962662	0.0684751354390217
0.272051630411833	0.122064439423664
0.666377078410709	0.438925840416438
-0.0827227158044403	0.03878187148191
-1.07090430811434	0.510969781451341
-0.455432621073778	0.159534431150736
-1.76308254562304	0.77117049130262
-1.59073127802132	1.17990860981676
0.187100953360097	0.111517031315859
1.46012050069595	1.08001812180547
0.227014224543096	0.128436375184755
0.151080608704004	0.0656300000558984
0.360056843086231	0.175219643589921
0.399200032824595	0.201089447951791
0.289223694473615	0.113939696149921
-0.67557978699634	0.328154181461769
-0.290493699785042	0.118746391239009
0.0169965247478481	0.00848725944477999
0.00541531972486327	0.00316280713346175
-0.00843231925751619	0.00359464763751607
0.87008793186648	0.485794034880716
-0.901676416784756	0.48799285400563
0.481719022397611	0.20523979770721
-2.02149390651126	1.0199399000232
-0.41729345698386	0.22558779100629
0.542780143819648	0.34799360191545
0.133026652396237	0.0576163157805138
0.525055200725289	0.332920680924995
0.487378946330302	0.279713280808695
0.142874836932061	0.0673703590182287
-0.34192379576549	0.18838397509708
0.128627279687021	0.0556420518721324
-0.403544306094571	0.191896296111897
0.481227525941901	0.278215983615451
-0.163554187814953	0.0885558086892651
0.248902892892263	0.124483549076972
-0.947157931552256	0.401512215302347
0.140443920311692	0.0671878365817708
-5.1171036072697	3.43591891139407
-0.216356380418694	0.133026718669923
-0.621587520321673	0.321658990399779
1.36298513329972	1.29020417965432
-0.252711309819059	0.135796612514418
0.418520443363251	0.351401291383173
0.0319940871028871	0.0178170848517651
-0.790619604540419	0.405867935110831
-1.08077943662018	0.507053331178253
-0.933729768578872	0.698895020711759
-1.62148608494655	0.697491772953892
0.146050542828377	0.0678801186993409
0.230783415379237	0.124446396833768
-0.147657531685257	0.0860740578362382
0.265873188318438	0.126190330529793
0.11438062461627	0.0630025097244285
0.113451095258117	0.0586564111084391
0.128855465629583	0.050475241836816
-0.282924107610654	0.198838559229646
-0.300666768152385	0.196712881194865
0.0307017471981293	0.0141253767452364
0.643084674061842	0.399528434024816
0.309556027606604	0.127387926110523
0.262876717035945	0.118022855853376
-0.285291338369145	0.150427918791027
0.00877271830866967	0.00262446507582575
-0.111086019798488	0.0478855162255119
-0.945489070019885	0.39055664691548
1.39017202541105	1.14938465603373
-1.71802752311829	1.14088053873479
-0.43431528044208	0.234288091570324
-0.620896749254379	0.342358105135489
0.296268286914844	0.11686290147835
0.149627270922141	0.0711212350493748
0.29237286804675	0.119916975164296
0.266268871752422	0.098493921558259
1.28756827297326	0.831503008122544
-0.332847092483859	0.20073422384897
1.62838377336495	1.32575223219261
0.14430427967974	0.0625633586160613
-0.0756196651474587	0.0359011550860123
0.139986302563934	0.0523446746245863
-0.998766776256765	0.574972699844816
0.783542605017738	0.523360563942033
-0.284447318146405	0.127825415291567
1.43773995376191	1.16726869527694
-0.049123586175399	0.0282813326593031
-0.386905170847219	0.181124376372605
0.107303983644153	0.0584239388375515
-0.132013802364596	0.0689412709840019
1.27138652175808	0.902247967292003
0.829619753900029	0.622113806259987
1.20297787508111	1.06082489033441
1.39913964498226	1.23514166496647
-0.210087430967843	0.119705673143872
1.26213955799223	0.981744492598665
-0.439158006986792	0.271729873895585
0.245183987375291	0.130840529921971
-0.424717813730837	0.172557873344435
0.137916582998767	0.0657970941113354
0.322282313900314	0.188025304990353
0.265489315861096	0.126779859729225
-0.513055173675927	0.305704827068988
-0.164427128757765	0.066878518389145
-2.05314601736911	0.57654870638546
-0.897747066038127	0.466563629146351
-1.81372044662142	1.22634281674004
-1.7950342794141	1.22310576753018
0.839473005449141	0.659805755997607
-0.326127459240985	0.163316429019786
-0.415858994818814	0.275697888835052
0.0662303549565849	0.0439772605642755
0.0428146153809415	0.0192275524757997
-0.11418334254408	0.0497391365710382
-0.154704974758624	0.0639458142554701
0.838833247077344	0.66038970167695
-0.0620579926019034	0.0335525516227312
0.288823942125267	0.17789545974303
0.143156087128089	0.0886800189948191
0.0377575994814985	0.0189220524600071
0.536606902788728	0.336039709182051
0.438396198085039	0.258931420297931
0.376661115912257	0.225399036656731
-0.45656595086511	0.28083493394511
0.717641938908825	0.539440287480709
0.0806838493483669	0.0456653289212096
0.937080624360817	0.966357509421931
0.265385516726504	0.184563197916178
0.406340400668894	0.23263502772664
1.89516350746709	1.22141459792066
1.04062138493338	0.578692503507013
-0.67720013994896	0.434542980885548
0.268985821162009	0.188501528963116
-0.905815379702614	0.483458691976759
-0.0417978002698352	0.0214073762105903
1.07286833458187	0.809763693806128
0.924733565696848	0.965634679077138
-0.671359363389928	0.439899130027183
0.0995016147135785	0.0581882213029375
-1.48543021480624	1.37521431632131
0.824120341575781	0.647568824544155
-0.931462154639613	0.589036132384101
0.162163648404493	0.100808649819019
0.258815537758511	0.160465836227772
-0.0647789665664693	0.0439349534675749
0.293739669275232	0.185812909916078
0.49220096343566	0.215124134674406
-0.219281437818191	0.105759385829715
-1.24910626040981	1.1439864803754
-0.0599551923136261	0.0306423712806556
0.126190932402008	0.0649319936405668
0.548680216510601	0.340733668309285
-0.167644049042621	0.0928525299358676
0.481609546301028	0.314741892523204
0.214906652806044	0.119898433738102
0.537034184708562	0.278230392292028
0.140053140919956	0.0656422982583906
0.816982258478094	0.629166604172195
-0.483276325929432	0.27154595094256
-0.815241749081838	0.614197340854738
0.0919135317974539	0.0521597837138225
0.13246243272233	0.0534547199481604
0.361614938778277	0.224405399687745
0.118102337206652	0.0630278873921286
-0.0617489477575258	0.034441257284742
0.675312314533753	0.366712682786788
0.60703715245543	0.343451484816466
0.0224713624893917	0.0124732214357194
-0.0672857117019261	0.0387936444419316
0.609306270774738	0.350275344037217
0.273672118741912	0.166827503324768
-0.43497327026174	0.241197176322185
0.0339109258618614	0.0188715708060084
0.972549566880155	0.832354319832718
0.404755243979582	0.323213513891796
-1.22984983873274	0.726880124165161
0.84083237648098	0.819826881020861
0.524155865653036	0.383111482178095
1.42741153187886	1.40508633909979
0.61811931430641	0.549008549178952
0.0021226458150785	0.00136871813542839
1.00403446550843	1.0854610499373
0.222142587033171	0.125122807695671
0.275260822189543	0.173132552032019
0.62427826936797	0.491833371397169
-0.489966021739606	0.406943644501854
0.0797924947535456	0.060003203754544
0.356310160774993	0.264474300229545
0.971078879083435	0.946979627131842
0.0327188155564835	0.0149837747015218
0.5191178370016	0.377549857682034
-0.76227412478461	0.524210606070727
0.373019377197891	0.20398654606611
-0.0256266349545505	0.0130637947203265
-0.028316752181476	0.0143565389817805
-0.256851727990645	0.135540672669878
0.613450086118648	0.453850407057171
-0.609689795625461	0.361623328632035
0.695502307747295	0.65324549894234
0.666239947218988	0.461097211151706
0.293784368846017	0.183113656705741
-0.0875156854849014	0.0570498206202626
0.0993570130123983	0.0645568002053823
0.906271275594408	0.551673003352249
0.331238128251673	0.317330500837855
0.349460150960399	0.255720885290628
-0.491793494833088	0.277668174724722
-0.981227535367865	0.651275155720835
1.01694058095729	1.00596025941808
0.389339741369791	0.208053072363355
0.106631576764315	0.081571378409798
-0.314758000147058	0.160558415266191
-0.773443270093235	0.587454530623666
-0.26362139584458	0.198184201327114
-1.11100878055527	1.04422391184713
-0.626011905824715	0.480357534552212
0.450955536358498	0.418083813727716
0.236692791505916	0.194911466241968
0.220996090182504	0.174031036437761
0.745663155494275	0.618868256233221
0.215895216261106	0.171617726499982
0.138626721348355	0.0766153667089351
-0.398114410389272	0.333465995761793
0.660729392871526	0.557356105054552
0.633079809370878	0.656677735778548
0.241877684938368	0.167315039984661
-0.303444921760331	0.210726593291329
0.702895550053765	0.779830491087296
0.362506327185591	0.232715513062219
0.947934573087751	1.07668016959276
-0.225127109494559	0.170771393567799
0.304050543185885	0.248240228265903
0.165149576228221	0.118663768122072
-0.26340841012787	0.188320575262072
0.962792631467576	0.957474444123805
0.674790877789625	0.597473655173666
-2.24394583864455	1.26046944963407
-4.22665799180489	1.96499390082583
-0.613721707620527	0.381404682769032
-0.245614206320894	0.12905477340088
-0.808235974335748	0.400548857384998
0.837056392740441	0.695701759216396
-0.181674755673047	0.138660372332023
0.213858223118609	0.116936974968934
0.278230577900403	0.176727983187088
0.399881958792124	0.298596222723701
0.253264136838147	0.124378181069265
0.476825567165266	0.274772371393854
-0.0554004487628792	0.0301930211256874
-0.628560341224655	0.333639220680592
0.535022717410545	0.273096509657101
0.749102083859038	0.463235670478977
0.303487706987553	0.175431126850992
-1.1803351186157	0.888171123088845
0.219680910924004	0.160111115313235
-0.431483256825862	0.275770896283195
-0.0833911456542757	0.0487797050077638
-0.507877890543381	0.283201750906557
-0.119929003524547	0.0525070194207969
-0.257303748982776	0.143318951766178
1.09878085292114	1.0223265260384
0.601508193375526	0.29469689693842
0.204425252220026	0.112919690313027
0.340603118122077	0.232881991293255
0.261933046614399	0.181167133630563
-0.329468976012209	0.200362016723387
-0.130675693048524	0.0741823753297015
-0.508362409660663	0.387902071357015
1.06337433245458	0.666361291448915
0.406202539697359	0.331115734012792
-0.383947395815371	0.3053409642745
-1.12827200093937	1.3528799693379
0.665847754840666	0.639554957425434
0.33836413001292	0.236934244350549
0.54974828124583	0.34367203420276
0.812523431847975	0.411331106998266
0.273309756377952	0.126618745648834
-0.180413446617691	0.103013766567562
-1.65705845318702	1.3426083846659
0.430071362072255	0.266036720675883
0.0788761760204004	0.052082509402411
-0.150907233277099	0.098147789098628
-0.471072298925011	0.33858777825826
0.785707967918934	0.544454685350268
0.776989222575726	0.511556283609224
-1.06303929958284	0.728921978773991
0.181384829428229	0.108830959581316
0.932260399459059	0.890676221385633
0.0563243310570354	0.0274460314066408
0.679193737301599	0.606688610766245
1.08097502393561	0.896190632846074
-0.230524666192068	0.135684562801571
-0.324290526011367	0.182432222086099
-1.0264646598909	0.896488280922498
-0.749960788917346	0.566783336960071
0.39346870381336	0.351576679241536
-0.468301181186239	0.286016855952174
-1.00329946649603	0.910409823299626
-0.163330041967383	0.0994219629656093
0.0224298625807071	0.0121021840708866
-0.362315854093568	0.258741816071941
0.0498327333720464	0.0225957003036022
0.393592984200483	0.348022782433904
0.0145169961513521	0.00879188415285053
0.678482827864051	0.665509237045512
0.0718847786173605	0.0438884328886917
0.330548720972822	0.25571691182177
0.488831263486689	0.471484747637834
0.447331759823833	0.346752725900905
0.387525702862597	0.348999594368939
-0.544646339312151	0.454533922139846
0.553284344100414	0.468261534020619
0.293893859668294	0.215725559024507
0.740520252114288	0.65055059097244
-0.113152020386041	0.076056998634277
-0.0426820212460187	0.021506990458503
0.239103664941062	0.175434439337011
0.499540618216965	0.344843105480287
-0.46719356849974	0.283224805228276
-0.285942853583055	0.128180300998288
0.158133757430137	0.0897146958836856
-0.506479462641833	0.293909759892916
0.115112729535888	0.0442586450484792
0.190591705434985	0.1011152497937
-0.23883252017262	0.167853971688383
-0.0925089256490934	0.0542120302318201
0.0627726979063766	0.0336745126622296
0.154029672869904	0.0793554076645337
0.471767611631225	0.270873603164287
0.257280182161016	0.124804367710754
0.128323355342619	0.0661675013958899
0.220250200981646	0.11432804615367
0.12118754401291	0.0623279040347587
-0.34065012035316	0.194483155896505
0.636081008389585	0.481398009194347
-0.00319744359100737	0.00102432326050327
0.0200898022344822	0.0101322842862631
-1.89175374366375	1.31345994714508
0.227491970661118	0.122641284400906
-1.35276521625619	1.37713970231351
-0.00556557289912116	0.00180153011405284
0.132790808562232	0.0872062046637065
-2.34831333707709	1.346349172096
0.68416457736103	0.476206579527241
0.126991171879653	0.0651650789081275
0.242963050064656	0.173484455189929
-1.75585237843495	1.53766745748623
0.411752489279459	0.278943794179136
0.307933962162709	0.239640109302242
1.4096598322705	1.82875226959516
0.20702129799296	0.144991011551834
0.361379769706469	0.229018808927035
0.470315724384634	0.31237845898103
1.83338390435928	1.93441098273165
-0.272657593604754	0.17358663474718
0.131876579814998	0.0629952861554884
0.351151791967004	0.216469790766342
-0.413501973803548	0.198958418399202
-1.76752959754986	0.808060739008649
0.292138814288072	0.118078690191708
-0.885402347022284	0.586784607307603
-0.297969966271001	0.135730072560611
-1.41038328033303	0.778772039677985
-1.12002514512031	0.857457754653808
0.854315727699239	0.766408761527985
1.0454239851203	1.13289778481395
-0.0876249079100665	0.0424059813714009
0.744509573633721	0.458786086687912
0.812610421923391	0.57466109092738
-0.19633780904688	0.0747722494393261
0.525734860909158	0.274151319332583
0.124589244391354	0.057539208582018
-0.898124825074833	0.568728519314239
0.238013488325244	0.128017295474294
-0.271007462475333	0.185591906913816
0.142373234929222	0.0709712534944936
0.735832029543125	0.589003072988696
0.578572415118078	0.474434869310214
0.383796495805149	0.19805125871481
1.34268416617154	1.6870329746538
0.123851727756096	0.0831998041339892
0.552237412799976	0.480718934154716
0.430003472118745	0.405270616688408
0.566076569480409	0.51370382106825
0.640601516748623	0.545023523185068
0.313883552117308	0.255324911516177
0.726880198687236	0.575494863880108
0.0881878896657766	0.0554203213113956
-1.52361037975531	1.40244164294182
0.0870234309906769	0.0505539036195392
-0.149715495557906	0.0802593150719087
0.365635143906015	0.238000374156582
-0.957435357804222	0.639693581528117
1.26048737395137	0.841710339970367
-0.500056998871476	0.286355037696189
0.818004248878352	0.608068240388965
0.878474623901655	0.470654229811375
-0.950267681223064	0.588365795479884
0.452622408877553	0.288187495945718
0.503706753018101	0.421369772031802
1.01536048459636	0.959081352767301
1.69961311206291	2.0019369852868
0.329295711812186	0.218477878445648
0.691936506293653	0.484648042258227
-0.429744366668041	0.251405115972564
-0.769888273221034	0.508984186313954
0.738217593075188	0.432428158568575
0.423475157731735	0.261094804680909
-0.219840229828827	0.131831133938264
0.1491112307442	0.0696297739719908
0.470067022474679	0.371116877647383
-0.869400526346444	0.609493312363819
0.276319780203913	0.20986583942012
-0.122273741851814	0.0927577871051162
-0.454751554607886	0.350194646995577
-0.651683862608174	0.542060320631239
0.567668602637833	0.512261799701926
0.71638598976096	0.770675254265655
-0.285738129177061	0.324311583866095
0.707294372212453	0.638897910013573
-0.304432311101579	0.253635882510942
-0.26702485489173	0.196831912809559
0.763626538864307	0.599740457329268
0.0543247505357508	0.0276981063211615
1.29150413361918	1.41338331221652
-0.510328682330775	0.30189500079203
1.14506896665574	1.28869314770045
-0.827446323107875	0.505856312341045
0.970358131742482	0.888743784981464
0.93093153222407	0.660966907982594
0.687342683972966	0.491193653234106
-0.248996088533623	0.135400469975231
-0.158897497411645	0.0868621067526336
-0.181220095583525	0.0937204534777499
-0.350854421685052	0.177426349239096
0.520386448862684	0.373023929970317
-0.66564523638253	0.473196719718972
-0.0930747682102504	0.0401995835530762
0.693217362799688	0.387411039077677
0.962986289475267	0.786393060221444
-0.170081996794662	0.0877555103054906
-0.228193689729852	0.131284612038405
0.307723097359619	0.253635466278472
-0.211746779403157	0.125772315188136
0.255823842430849	0.172246823257582
0.205118916180824	0.114281325679736
-0.0559507692128529	0.0290047537638906
0.298307846106115	0.243458602665932
-0.234412914236964	0.178098806303563
0.576265356058309	0.468764687169265
0.63628676282836	0.623494125695207
0.386958043584737	0.3139471391441
-0.570161824257227	0.573696881607596
0.191649882729753	0.127283155739827
0.539421763632757	0.496985889095696
-0.656968139779584	0.696302209770754
1.27072964043368	0.842483407161751
-1.42286185729817	0.805409491760847
1.77258156983373	1.25627693523945
3.20928539975533	2.30621051286545
1.09030714565127	0.765210451583903
-0.441131886295965	0.246142806145283
-0.662263424761265	0.31729562070448
0.94108686270625	0.705907075798411
0.694403375406221	0.491314191881739
0.480532753437143	0.321609016063972
1.25826562431259	0.913360074917189
0.512040018813227	0.367350793454675
0.0564100562180516	0.0293824671904719
0.0331157660806808	0.0148519159476479
0.132773110107317	0.050765038855781
1.26669956891309	0.922618552285
0.389710568965944	0.194826916986267
0.0930620358941536	0.0310993091805095
0.38982029212306	0.191088157868529
0.249683571023102	0.123419625007547
0.602213465851816	0.354247478207597
0.305605391864418	0.118862718015805
-0.0588871052176875	0.0281007806263412
1.68504773251419	1.25959433536878
-0.882158001375567	0.749046120597572
-0.343758773272108	0.194535120080404
1.96258235119403	1.47525635980306
1.79515687490823	1.60653609412793
0.619522501244269	0.369243104927977
0.495558356212238	0.206068466087018
0.595562307188223	0.441320588022003
0.0373688554640583	0.0169875543145309
0.345373324239682	0.316924879318316
0.355646562711028	0.306310306631938
0.889759893335068	0.918817865204565
-0.519243937001034	0.479574506117177
-0.436571369597135	0.389810821850265
1.76699433234298	2.13267588716643
-0.084175227738584	0.0522002763738618
-0.262556643758823	0.143079300303928
1.23046642923989	1.10259895875025
1.24686680121182	1.00851400676355
-1.48174076895177	0.990867844392785
0.405219999994762	0.206216958865838
1.6332190685072	1.38266572617577
0.741858032011198	0.434207667067257
-0.986863807138932	0.761680088913534
2.89856612189554	3.0721481483489
1.07630942089013	0.697300928019595
0.120042913347916	0.0601784962153025
0.578655761186972	0.52139651897849
0.289688541252121	0.182260454016425
0.197164201184747	0.131434955912169
0.863672177956852	0.895516777780648
-0.0934833947063035	0.0447653063128592
0.0307231835435083	0.0197728349952072
0.547558548130265	0.196891351535487
-1.69775930262081	1.10375591558829
-0.632814605777393	0.241319323390882
1.08384231693878	0.990277036764911
-0.294046169848136	0.128427118214476
0.748514428055097	0.447673074968737
0.615983803668627	0.447451716744375
1.19516951521777	1.09790896155079
-1.08924209075187	1.13139554762419
0.744617752670404	0.614997348966548
0.286973271935235	0.177278005439644
1.58557882010414	1.41876875038729
1.61982828049673	1.35338650320754
0.141358347687558	0.0554666388372241
0.26753730542191	0.132911411362757
-0.304647183924634	0.225720980124795
-0.34573652486	0.36480085046857
-0.579384679268623	0.72183899733273
-1.96299287185784	3.33077847734064
-0.85045108610632	1.18829845494163
-0.605045093563569	0.713511412712427
0.0999415981759954	0.0326160299970822
-0.108686984818915	0.0482340748131933
-0.396052648698005	0.186524819953758
-0.024970731527767	0.0135958163558827
0.109053444506421	0.0600861946565248
0.820125460806501	0.599332012838681
1.06616780200962	0.615329733719135
-0.0930629225682076	0.032687813042358
-0.891347791402246	0.475559299274511
0.500901142991485	0.357272737056772
-0.878336244499412	0.545992738266643
-3.50845296259871	1.37767035504347
0.967262513864832	0.445277574419395
-0.216494758798638	0.139869324333561
0.138828372225892	0.0632004136348766
-0.0430419842756841	0.0221411056452354
-1.00367439857377	0.685531558430476
1.61888794655209	0.825393048157289
0.461074260465029	0.263301154300507
0.135503808253693	0.0529364651054662
1.28308827255637	0.615387686257593
1.09573337029996	0.924217743112514
-0.0906734305984962	0.0314938637935219
-0.250491006386211	0.143367824005805
0.488579244901104	0.385573328977685
0.851069363855129	0.785363086438318
-0.572293007144321	0.346437631518809
2.11379993121192	1.47035599340012
1.69409246396952	1.52011893477224
3.58442895214821	2.98248578371307
0.634479676659854	0.390982871876821
-0.298763364984191	0.259376673820222
-0.416210418162307	0.368731194174385
-0.85773942683799	0.972057536957065
0.113203939011923	0.0852187514395896
0.296054728920197	0.170317823463943
-0.111718765401167	0.0633903059467628
-0.243870506423726	0.131930212816658
0.307091550634371	0.12339947158368
-0.904137962821052	0.48659588548009
-0.791960789873525	0.318116635419675
0.246095972241947	0.116940344472909
0.12907649051004	0.0583434025357279
1.30642400005152	1.35594920622591
1.09445562925411	0.830998746773572
0.238607581138512	0.154277400916345
0.365706513258203	0.236620765666239
0.744009031381473	0.466789211119411
0.587424184948761	0.352514231351851
0.0257481816832898	0.0136927155058725
0.386089879978454	0.188984717433708
0.545448258848885	0.347206053849493
1.3559573617079	1.24859398451717
-0.92910055443931	0.396978541509813
-2.28922749759134	2.03226756367607
0.186155479441358	0.109359621024343
0.191335286933279	0.115574453706586
0.578494813177026	0.393969426479882
0.646403717330984	0.567058640117736
1.64563840179316	2.00817358764045
-0.428246371489214	0.329084877454159
0.52238750482886	0.377598226760201
1.92511169208591	2.17939577668812
0.344850345673756	0.223930524692226
0.841247951372556	0.649182941787506
1.30313589135616	0.503304620455349
0.119406435475301	0.0603743276864839
-0.27033670850287	0.100008471673053
0.941444588217698	0.694727961825107
-0.513918365493949	0.258933139344121
-0.640258773028908	0.243075692184197
-0.894599259488463	0.486196459849572
0.448072324714106	0.213500176986068
-0.414515967142254	0.198350786926435
0.606831544774412	0.450176950156204
1.62172035768354	1.34851984726215
-0.0852522773308396	0.0300049336117798
0.113757006514691	0.0608746504665567
0.391091168894574	0.252866052134584
-0.530957812246362	0.423382153443889
0.103870093660335	0.0597105948635575
0.450049695267585	0.248645464511912
0.556994322051377	0.35628842766223
0.100452063605471	0.0549781953036022
0.019001819619932	0.0095307998463356
-0.0529480389264212	0.0246544058922323
0.820066641494916	0.602970289727743
1.62445168407855	1.60742722848117
-0.412106782526038	0.195938833539768
-0.0341017177328249	0.0129259758238425
0.153432481983319	0.0727493443227879
0.709969102475678	0.680237466836501
0.628435166281646	0.484607704366966
0.351439328351301	0.248235793486693
0.604688493474113	0.287800532907401
0.536784243202683	0.338098245366986
1.29729566127318	1.26169841485954
0.667914018147465	0.35472063761979
0.251328341460957	0.135282980624788
1.76045437657659	1.23149618659922
-0.21827612253723	0.101821633217688
-0.109371140173058	0.0460161549744681
-0.400367907862886	0.207887310513967
0.314907940755596	0.158216108402276
-0.186291013795379	0.0951171193052948
0.467798956976445	0.189280443334321
-2.51820839304269	1.61731090167314
0.126167069576909	0.0590140904558584
-0.145936535590515	0.0938646876811866
-4.22271418800931	2.01469072948847
0.704818138741085	0.492838170488737
1.4627791579522	1.83413377957702
0.601874756023062	0.412899571605401
0.435232128791079	0.284209366748218
0.319435404364721	0.191286741142665
0.456682716394161	0.24962614659456
0.422256344394484	0.291622231646827
0.667172105177054	0.355671462885802
0.281282100959392	0.111826100850815
0.00525801532114751	0.00233530353508273
-1.0058835326387	0.575409488897946
1.70892613898393	1.61776440120016
0.363489079165724	0.198565031400827
1.77953661297025	1.24938595307511
-0.117237877274999	0.0503135622056357
0.71862312011688	0.556773375880615
0.953589367902419	0.856061882299694
-0.112105756730152	0.0639446541574156
0.222020060676871	0.125397407785102
0.405386872635151	0.3297278120717
-1.05592622470428	0.739699318065419
-0.267072833009776	0.167513902837297
0.587611221541256	0.39736796312164
0.39200789861391	0.195813340349653
0.388985482337496	0.225809638335962
1.47927368621972	0.951784740160097
0.527729309869534	0.283448772854985
-0.267154190877698	0.0992902857414584
-0.0699810059961782	0.0407297596754078
1.08493766520052	1.00750343775081
0.348767188568885	0.191246839661034
-0.797295749362898	0.635789991545026
-0.179309236619553	0.102150349294428
0.0727209862592747	0.0405085060072845
0.512265444937307	0.247721154267384
-0.228220678108522	0.141290199303915
0.648230564793184	0.41632758418557
-0.0972720510669615	0.0548393909376768
0.932165559170503	0.644745375082815
-0.213852968448675	0.131394500747698
0.222048951175601	0.126801944692973
0.483273247462013	0.276694729764094
0.283630799073144	0.126928100078333
0.524457273736205	0.401555804040908
-0.22140236112678	0.103543812878428
0.0420264512685359	0.0222383337738421
1.58102234100004	1.39696646589368
-0.401275137887501	0.191787411330666
0.705014656286495	0.389234837576231
0.195025771489207	0.0945652927923967
-0.31907153729189	0.161408515702585
-0.0190445445605511	0.0107951852807874
1.37040819451505	1.25160518298186
-0.355339255720342	0.202106067598322
0.029325387845133	0.0180901931644339
1.28479252302687	1.56146292234483
-0.270686250285813	0.149604437515505
-0.0680944400682102	0.0392577996910793
-0.0525380144276103	0.0304180729913612
0.321767573088575	0.216481220672162
1.24683204647859	1.05718035742248
0.53636251964844	0.291261387688144
0.627758674629198	0.465573851376754
0.682708221530003	0.376681979212019
-0.731032373611694	0.420239445980106
-0.513472411509771	0.307049019760921
0.917138106702017	0.614341109280674
1.57886013437635	2.01035060924759
1.37110636861357	1.94599759657866
0.057227293466785	0.0418757117884047
-0.320184547384566	0.283160319791998
-0.163828275786342	0.0827707128179559
0.537643873324782	0.286493239081733
-0.100579773666863	0.0446411738430663
-1.18828983842896	0.88408252653896
1.4170783797695	1.10852281378401
1.69726308792914	1.64729768503943
1.26848679438394	0.869494861402932
0.941576179742557	0.737312227948304
-0.00838264063694023	0.00294777136379507
0.0269992851344149	0.010970576836353
0.1357358196683	0.0516145774840776
1.53117378102948	1.46003540500585
0.913169954965867	0.884242514356389
-0.0409587259891086	0.0199913528213476
0.341746463196526	0.243205332431879
0.0985279324113827	0.057696056632633
1.05998239711099	0.629547634942814
0.303054927665043	0.131819541624733
0.590358177494166	0.288964806050685
0.398587578110161	0.203015084572471
0.80577350723072	0.407785859743412
0.246837760218952	0.119325565267539
0.12922174893729	0.0672525920956678
0.524602672359647	0.328334825361681
-0.62425377725752	0.334648618948911
1.43676835631616	1.15420785829403
0.0310342408317396	0.0153896646527957
0.763407499731301	0.668917221518275
0.389544424097348	0.296380181940392
-0.0184335004592996	0.0105103890214755
-0.28909717169728	0.199782538200746
0.14398671403652	0.0678815128324197
0.611438070158666	0.294011291486683
-0.262034677351851	0.141066689424653
-0.219583418884477	0.126999092440667
0.796385381147695	0.410213979267056
-1.04969215739525	0.753176437944407
0.340113145795193	0.19936717939787
0.0117585084294964	0.00564488542685328
0.438732021334179	0.205977472214897
-0.613001332283793	0.45960407402771
0.689946967448388	0.476274241176744
0.378630155348664	0.283882855808585
0.343024589583926	0.266093741764037
0.350226466319263	0.193904160747734
-0.267760541247202	0.141571684666898
0.247190130827178	0.131269432753187
0.936347358863708	0.639591337603818
-0.172852675531961	0.104843321043364
1.06902245639294	1.05807368816734
-0.0571607255589513	0.028461517495073
0.132781064019104	0.0793677546791744
-0.0297008405342616	0.0183900052956259
-1.18654170238282	1.02722942628946
0.317519748420792	0.183956955250939
-0.00862863984746078	0.00517012928965605
0.615135254471846	0.296746933469974
-1.18395303228862	0.590156150951118
-0.326307887351363	0.163186407311861
-0.732349043656669	0.554711725162624
0.461124072697088	0.331549145926826
0.224035983687762	0.126362226450047
0.403319064260863	0.312426231970028
-0.254660404999695	0.154459805953046
-1.93807307242537	1.43645380499487
0.225139091786276	0.12908650363434
0.840787287768725	0.603228480641734
0.769470506680041	0.478861794278149
-0.413553826717809	0.274262136001933
-0.40445215727083	0.194911839717159
-0.666012437348072	0.470734077760288
-0.0847857609920916	0.0423040174952557
0.728883663403299	0.439620703600396
0.122398608598274	0.0607058258784624
0.232419360366792	0.146786685227287
-0.0134166072286025	0.00778761672306915
-0.155444641145558	0.0784556782892238
0.13554858967457	0.0573799594950611
0.525598300196773	0.286059478401458
-0.105193929857719	0.0477882892171788
-0.00748444837999082	0.00252257465909423
0.832925000658291	0.589591098938066
0.464219377525413	0.306552696896785
0.23580351844599	0.122741649180663
0.66464026229597	0.328003440303836
-0.642987510496607	0.477977237637327
-0.221878512717896	0.147570007326929
-0.221634572442482	0.135346550185561
-0.307428551269586	0.185843036775775
0.0258583381484424	0.0158587221803449
0.182431904025461	0.135629079238262
0.20416027462354	0.111815911511848
0.77573824646278	0.52015754857205
0.48752049453183	0.203105245092521
0.254992043812205	0.161704045372959
-0.719131513979854	0.533064976478837
0.292795132044748	0.204366852851719
-0.60908171982277	0.333689351718323
0.0279878874225327	0.0144722979546583
0.440670255081784	0.205974689242704
1.08194256661913	0.710078098436662
0.296317780887469	0.182517745160847
1.13405349297225	1.22139726424631
0.268381478890313	0.130536609488777
0.0540063595021121	0.0280632141937701
0.312658692376626	0.231073076363198
0.885801715172559	0.838866878460558
0.298935693799185	0.226230846980349
0.468557136108594	0.348640390491854
-0.135238434764643	0.0785009709485082
0.54384500897151	0.4231614473896
-0.132295733549733	0.0879484657763683
-0.0678203096745766	0.0511628575728667
0.125328756573552	0.0674940279870238
0.412488119746425	0.242394710888809
0.229058530860492	0.18159096413483
0.121031720992713	0.0663632477626966
0.0754241523363219	0.0520821435236469
0.382180457193856	0.243895229243262
0.0252162443591174	0.0140914491701043
0.0493921600133566	0.0246332099514855
-0.830321204680319	0.804221099576352
-0.27058490974132	0.145392717037981
0.207279580388074	0.117898109014161
0.251682902108954	0.120806711172045
-0.168763592194485	0.0980990646528158
-0.279524881293664	0.125516944244246
-0.251096463401353	0.14480361188597
0.539207570030368	0.407390073599467
0.267521719659026	0.117133703380625
0.560808332787478	0.376393467115897
2.30662908029428	1.80097452207459
-0.00162996519296982	0.000322047838145912
0.399966066349007	0.305178117061107
-0.0884081492453813	0.0475708074523151
0.614482082867737	0.463145552455234
0.919958311433966	0.744321000013235
0.00731497770890132	0.00380427033211438
0.67669239649231	0.63110554452782
0.821486498413831	0.603054619253713
0.307859347394063	0.181304366136535
1.47900513469056	1.05771128663381
0.221472807365553	0.121730744184484
-0.0853376118803025	0.0552892724537895
0.825890958768432	0.821378064696942
-0.115837439417094	0.0517288045567545
-0.282613138426303	0.1277070197826
0.416688537338893	0.252875346299658
-0.742211551781449	0.64025548694594
0.249579301122959	0.131365310576285
1.34900550499259	1.35888851872824
0.0162079658177798	0.00911305008881382
-0.0711607781860267	0.0351742017413742
-1.51387729453104	0.865525136331297
0.860321164192219	0.80608522625309
0.135587341533147	0.0648176796937987
0.272091901550369	0.122292339263536
0.446395411789461	0.202536655434846
0.853315699304433	0.476989930280795
0.0219778690184736	0.00904876038185898
0.232210278993744	0.146283382346385
0.0350009860865583	0.0233277971315504
-0.629217504156875	0.469378685378335
-0.191725869635043	0.151284428884248
-0.421188127581443	0.29040578652414
-0.532865841006372	0.384589310816818
0.615410378262269	0.442308540903353
-1.25424149143089	0.966618539647621
0.487201855589548	0.282015786450861
0.0236735058641101	0.0131540260460886
0.249414273271487	0.123993486741341
-0.666059390206316	0.34687136113338
0.274833352445655	0.121248129199935
-0.594650020620324	0.315343874910838
-0.128914927943059	0.0572632868331401
0.513954888532093	0.313960032973907
0.035666643091439	0.0196218326112025
0.405706766979845	0.17837261509609
0.65943183573183	0.635846685157598
-0.403254279321988	0.315639703824403
-0.0925030322074986	0.0615494488728805
0.474520344178814	0.269109592685674
-0.0738193738200735	0.03485534405949
-2.67797789425826	1.83383073782445
0.617848164690831	0.462450164879239
-1.14854233791826	0.829120949722909
0.119175908059802	0.0685371512144166
0.439628637185628	0.206577680500986
0.129793814135468	0.0601168863434543
0.862864165401594	0.493812804481255
0.859194715366081	0.502949207975003
-0.691275493169685	0.325986565082108
-1.33435627592785	0.658424617408737
-0.973878024165186	0.650589660251155
0.682016338542694	0.366764485420491
1.07462553983914	0.749798361390867
0.235197911499734	0.114450788896521
-0.241182358340864	0.0750592293063734
-0.317210195614753	0.161475017541168
0.40933887774464	0.249424788046853
0.396836010899063	0.20821178652103
0.794704076467433	0.396765874855909
0.175734702112585	0.10555559081079
-0.236827431474893	0.147629035473106
-0.0768116903141377	0.0548690355883218
0.433310170184039	0.315439172224914
0.0170487441088373	0.00860595257463102
0.356642186772948	0.197181621071163
-0.287898661158288	0.129439351653436
-0.216062140753533	0.147000470536959
0.70204425927015	0.307899123018304
0.140353269769624	0.061654140088852
-0.783516949412143	0.32067598898499
0.306936562723294	0.110093542290928
0.713838997612124	0.310997817842482
1.29910519394844	0.686801731161026
0.896065972793263	0.574820485322551
-0.395008800973332	0.15849821907458
-0.298477966012847	0.131151894932789
-0.498565056255025	0.247312473039469
1.45875263085467	1.04865278842904
0.133508802469134	0.0512134222201038
-1.21086636423034	0.586743284289838
-0.895706772164147	0.495751080448768
-0.215471949186447	0.10157562762733
0.950100486686852	0.423561779181404
0.391103008487138	0.325171979261367
-0.453269204601773	0.304939854949507
0.258341277150008	0.126794519965493
1.75032462884505	1.81518605611255
-1.63469166330608	0.681682754745954
-1.21021238691442	0.598580343347882
0.380288349552794	0.243559858257181
-0.406230026788405	0.164227684855606
0.61485352017231	0.307437377632989
0.526425916726865	0.315255910703327
0.0907511194761765	0.0307053327642302
-3.34329515890076	1.09307809160629
0.655857263495786	0.417272755650607
-0.268855642230425	0.099791444184802
-0.701858440543694	0.393385868796696
0.525338714584636	0.270387188854938
-2.3268690059838	1.35822043764691
0.781250738086465	0.533298739991923
-0.291778015375675	0.127248236831043
0.285690061616452	0.130953956545433
-1.30160308798505	0.672420971816786
-0.169991283504612	0.0924128798692303
0.00121559258600158	0.000764277086756541
-0.815631582151332	0.389918398997017
0.136843141182143	0.0534267044800997
0.11331866858152	0.047915773144125
0.0400104837114655	0.0200364435914858
-0.764683823502184	0.56713978018692
0.257058998236325	0.155836495502872
0.0927002628812514	0.031098282472655
-0.553334758107405	0.252006929957324
0.282433072343555	0.156039618823385
-0.273208262182362	0.118799257691194
0.0936192543407664	0.0319656978945371
0.0944743936861653	0.0563994256102656
-1.32930673641552	0.638518713916067
0.475867727476706	0.278586675974463
0.394970220847534	0.203753764962005
0.0962181077379262	0.0321892371938324
-1.06785164414833	0.499999638954652
-0.149923541012104	0.0810144541118626
-0.0159516190921871	0.00625918569214687
-0.242615317815392	0.0729397118211544
1.2613692049833	0.944368999039576
-2.02024496365284	1.02241193490358
-1.51422978872609	0.87932080478517
1.09613240366545	0.822781450395804
-1.19281079888702	0.583306438892122
0.144758824683369	0.0640278471700609
0.0993499340698415	0.0329190024021713
-0.412472605087793	0.168118534225051
-1.40873203877197	0.758976472551523
-1.17548835706491	0.729826005794022
0.303443725458209	0.12600172716078
-1.88675989886483	0.899582632974469
0.297174495893172	0.130493133947347
0.241727169640851	0.12941239911726
-0.16790837748806	0.0866519690625331
-2.18275758759439	1.83950564804904
0.457187269517167	0.260527300877593
-3.96519496499446	1.73281893123096
0.0887042197426423	0.0300834094119281
-0.448576036434	0.157226426303193
-0.0216618352821365	0.00835725286990347
-0.0873099509320954	0.0296985302491431
-0.681265530362152	0.473247479982675
-0.405095634849832	0.165911740203573
0.142271702746786	0.0623654349635443
0.417396330104517	0.208448102069801
0.0980709391311739	0.0329127371679072
0.496147862550762	0.340710615192041
-0.0462541635725132	0.0165419531035921
-1.31235897035435	0.67191025792949
0.435004334651599	0.207661407714566
-0.0173802156921097	0.00684997422683791
-0.0675328156314801	0.0321372134974531
-0.114633786487511	0.0499718197250739
0.134258667853982	0.0527219002374871
-0.266226384574249	0.102370392276718
2.30860930056549	1.81103018963969
0.422994450454227	0.191451544176706
0.520194454071406	0.317997280507349
0.840635439894758	0.702167627268107
0.0599108840984628	0.0292794770089296
0.37984770894723	0.199652711622624
0.130074022305514	0.0498795882216565
0.367872162188392	0.229852779719425
0.262558840114865	0.12851048502546
-1.28486297953742	0.470411391030251
0.314397694834028	0.123816651052831
-0.335326218862774	0.171077969443923
-0.0190851619101137	0.00699186213102361
-1.15368613518788	0.872677762537868
0.479621876897584	0.355093063664683
-0.668046259100316	0.474205993985033
0.468408492072354	0.300714669459484
-0.297002294356453	0.199942649332411
-0.294828423683885	0.130231344560007
0.700574010883976	0.377304352086206
0.289537474414853	0.130478344293084
-0.1637579456758	0.065423346809055
1.560128490478	0.980158081049835
0.784726262692172	0.518805871955514
-0.258496119529987	0.143200620823229
1.02668522638329	0.523934563716343
-0.972192906191918	0.640937546539954
-0.795862750061073	0.372273427714119
-0.267038048079342	0.141755842289895
-1.06392273117113	0.490692028998994
0.140664453088576	0.0672352752319302
0.687051928964708	0.378821089742042
-0.562951673301459	0.25038302450858
0.3946645405206	0.198118659540626
-1.00334821167796	0.560935171978214
-0.0111753693312206	0.00438999875851141
0.529687344966828	0.279106062241513
-0.419598771181081	0.171660591588161
0.131719482799038	0.0695499771088032
1.89117924267849	1.18679670406409
-0.110816427590635	0.0488399822961464
0.207021548727602	0.117747152636359
0.37722672748049	0.191049002185684
0.121638604534563	0.0643536995727935
-0.50727654165743	0.281285249711144
1.06915623545748	0.616190713559423
1.27186103492639	0.80418179397229
0.139023775092241	0.070584197442289
-0.254225785448241	0.0972233997162421
0.53031071963865	0.289102302856434
0.811162913594953	0.591307694237534
0.450411330568183	0.20772625842248
-0.546201929511667	0.23976498619539
0.05953236162696	0.0347016737497201
0.402760021404644	0.206310208850396
0.973310418104633	0.43877624231534
-0.0717743193505523	0.0340938178346858
-0.542542207178528	0.420945996758628
1.16086250793321	0.974638447030025
1.09023001242511	0.886254715284448
-0.137729400283512	0.0607117611655756
0.0756990983159904	0.046290470146632
0.455003161177172	0.39400969370955
0.300806895971198	0.235005385010051
-0.135418170296591	0.0773291187565535
1.34994851492485	1.19744846423544
0.40648822595149	0.241616123352892
2.14347510030624	1.99218774887768
1.07319658992613	0.68358706371071
2.66553259865099	2.88811887966851
2.8964690671253	3.16778813459693
0.827249616806153	0.651206981859271
0.230333143056472	0.119542916498877
0.382562174652492	0.243182626708092
-0.752712035445458	0.606105340895806
1.19398607005864	1.23587369644131
0.564903451043645	0.384209069835706
-0.110689854141815	0.0498726280530044
0.353276999925188	0.198366679063601
-0.619810632310099	0.3346955718882
-0.297523051298083	0.133793270929886
1.09416805648113	0.78412717690107
1.52779312933714	1.45057769113809
0.31644980309164	0.184801535480712
-0.95783378969692	0.809418035678192
0.0169870511573154	0.0084552597645369
0.566113536372234	0.374062416189117
-0.534480177374469	0.231595487620522
0.68728491076102	0.374686417686765
-1.2866174509889	0.868066186231961
1.07643696881917	0.953218020694505
0.250796534115717	0.126593388686659
1.27901757376573	0.595660479273199
1.93842034259428	2.21624691480455
0.314964641186114	0.185377235653625
-1.1513116320206	0.800305733409781
0.746232603330169	0.654696116751369
-1.46024473321983	1.48200592096732
0.652094969540021	0.571430059553509
0.100704674902502	0.0707700129959324
0.402681331632057	0.33794839771475
0.00406623607833313	0.00253677395271863
0.156123528302376	0.0907903185609863
1.4247997736604	1.15182835889179
0.712622512340487	0.552975222947845
2.55871608841192	2.72777737895353
1.07521488979837	0.98866197978916
0.678261035828668	0.380941523810107
0.218628796757323	0.124178353232781
1.04324193965798	1.05533803694098
1.08089106764179	0.870532153060818
0.615568524311364	0.466684244774964
1.32807145882596	1.31848599491642
2.60925006023869	2.297312891998
0.115472942206802	0.063221260782605
0.112383302326912	0.0439635950241306
0.725319611390985	0.420774562277723
-0.891650044217429	0.579288384081094
0.826882310639539	0.648918496019606
-3.95368575063867	1.72463124922668
0.569886430626485	0.386702483492128
1.25943254010173	0.839815755070219
0.264086063148374	0.116961827096911
0.748259147909756	0.605753078414097
0.436815817182724	0.208491325285763
-1.47089952023922	1.01868018646347
0.405589724375062	0.21154486456985
0.220496658857673	0.112566759230582
-0.348441922072493	0.254138724698114
0.029343350194715	0.0164261937778968
-0.0443452763717127	0.0239806948134903
-1.01923885554014	0.929268987468625
-1.07175171836363	1.2094689553088
0.0934080331854039	0.0555687755239042
-0.10153301826269	0.0581961591449368
0.104451352366133	0.0665923873049684
0.106551560242615	0.0609450607677674
-0.897444989476183	0.57461640894149
0.670024668237484	0.435606287269691
1.06573429366662	0.880793660348965
1.78326584432109	2.34460511929644
0.443099383836705	0.203736162773034
1.26492477791172	0.808697322029576
0.917026715665262	0.895092854554475
0.757048218807956	0.614565783758694
-0.169809270595674	0.0960059217269298
0.181462366832133	0.108873957105307
-1.11841052664067	0.683453812221127
1.07967517553261	0.710437982087221
0.176175947333414	0.086794023147514
0.0629523203163295	0.0342860400201621
0.528430935862344	0.339083400760506
-0.323533428040966	0.157030239027276
-1.00702098127273	0.635787717017884
0.576309762539575	0.513975929012758
0.107645417098784	0.0575900699764997
0.791500889734072	0.540508542770446
0.127517883284299	0.0765030029516653
-0.0643449472290941	0.0351341404762936
-0.489438480860783	0.332227062710595
0.939441933081304	0.648084259358785
0.534373941208142	0.292547301496929
0.590848325516478	0.44057732447035
0.189788402951997	0.107059655136334
-0.768639640953413	0.523931105611116
0.434343587201561	0.31600014104385
0.418883562097729	0.255300221315428
-0.533113438177489	0.306453441371243
0.346142515589762	0.313189040098972
0.130165894796446	0.0555990428475017
0.377172092991248	0.27007601959187
-0.301811982851166	0.161354263517821
1.58127946604849	1.41563103186395
-0.508472544749432	0.29516151470334
-0.153417847106866	0.0638304187137925
1.42744119074533	1.18586656598522
0.725516093690194	0.395344746227917
1.86939578514308	1.59950867906261
1.07592855982395	0.758950450228311
0.531256877890216	0.386385752607793
0.420811882355994	0.260143006179679
-0.507331925920421	0.262206329797487
-0.12973852967339	0.0653395971879123
0.0323594616850689	0.0158076070583876
-1.46496086183775	0.589774817651462
0.15199208316628	0.0654821090706556
-0.00686015015519743	0.00223577845760911
0.271949092419373	0.133659953674626
0.700491726243732	0.495436926816462
-0.0964448276872123	0.0340177875304735
0.915839645396016	0.560161207299264
-1.89725523413101	0.918429440872901
1.27843203915	0.566624691238429
0.134753983635043	0.0680583479616265
0.39275290072481	0.24690251687069
-1.4139280131902	0.806160393923252
-1.43456568132414	1.07116514714897
1.23571297292925	1.0601711110334
0.298384725313538	0.176001330162335
-0.31503823365337	0.200273416702073
-0.207992460053364	0.0992523689980867
-0.500978543023002	0.285540472085836
-1.36240376104362	1.15358843707786
0.366797527428626	0.267998566498675
-0.198165042296688	0.118423910883646
0.567074825654292	0.393839035290166
-0.0479335399869869	0.0262228718212968
0.89522691274205	0.559059915554554
1.77252609984942	1.58978569713712
-0.785318063685794	0.385623195715378
1.2669876249898	0.912950326674403
2.29292985742871	1.75242096107523
1.78338023080272	1.64281712477837
-0.220444766947987	0.10291502149534
0.731450889878902	0.560374374808751
0.652598388042765	0.596098955145394
0.417969801968008	0.296083450454412
-0.123937251790764	0.0548518064319575
0.672856335676238	0.565928677408115
0.209641013933415	0.119586437684865
0.599435711265141	0.29135786181709
0.257345120418846	0.129291387069171
1.1095708808017	0.931407570341184
1.1094135334129	0.928824669511841
-0.0975439539749924	0.0340613537533897
-1.62113412455291	1.01049370907012
0.811310102092683	0.415039108112518
0.231314913255991	0.132932153127179
0.692211295774166	0.481270672653802
-1.20052433583642	0.731976823888503
0.851714448008124	0.82194667653793
-0.197242405310434	0.10004787445377
-0.246539768207762	0.0773565978250945
0.550239199505431	0.428876927867202
0.277054318410299	0.206246117540688
0.359003194844313	0.244460580647906
-0.658539483086089	0.413408737434426
-0.0272822190694251	0.0170525122314572
0.158164709247809	0.0994897873826325
0.845523308787652	0.670950931493337
0.19951101257828	0.130952623039982
1.40138201558088	1.24079028802299
-0.0261888538741786	0.0098736445083511
0.786480773453846	0.535258462210527
1.07392409155327	0.927544724963482
-0.648554265808546	0.229701307965081
0.128928078006891	0.0648207790956688
0.897148040473387	0.572368715315627
0.421627345429087	0.296173684169006
0.644441992929888	0.543146873683022
0.129489446445398	0.0737427914799834
0.331517807500142	0.194162739677241
0.144332688955245	0.0609016881903863
0.218406817891425	0.140258335141316
0.14244396624512	0.0693727527546788
1.86498983803557	1.60848160929421
0.0140432923210534	0.00595746202379572
0.435733499526639	0.200123432563852
0.150424127484869	0.0759139145740652
0.472538870211446	0.261259867166239
1.47302994541222	1.07570523409464
0.780161500825896	0.521632841764245
0.657718242878627	0.434519493646267
-0.0219674379727586	0.00839099878481994
1.36036964969727	1.30214254420011
-0.340814799299396	0.174044366834068
0.654888790093925	0.434086525118042
0.00388366711202375	0.00182640914035472
0.0350460753854871	0.0155621653906985
0.946309631965415	0.902981416251616
0.0252259456037147	0.0141623131648555
0.575249552003048	0.398983794361092
0.0627902000425581	0.0456195848936081
-0.391232230282683	0.261377941204337
-0.0883651789573119	0.0646081602208688
1.47516910473673	1.12116605438182
0.398531560432222	0.364169898155004
1.63995259255365	1.65092925295282
1.5461974721762	1.28897274465802
0.602580916471275	0.356875155260519
0.948324155655114	0.642072018678799
0.467434793132019	0.265906341264745
2.17102998986363	3.02524103339497
2.24427625726367	2.65239771331162
0.351192213356351	0.194746933313501
0.614557364977098	0.466919673574369
-2.02148906986656	1.58718948375368
0.835871211805925	0.749176812707471
-0.0953231924258267	0.0442227309128902
0.379600118869793	0.245767804037911
0.779108243231441	0.515213362733931
-0.105478790937172	0.0474481274889864
-1.61636950267848	1.0281007610012
0.777229949783236	0.509420708675822
0.662881367360943	0.42697840395618
0.0334734129018998	0.0162206095185608
-0.74874105078003	0.561303030560771
0.103875133181717	0.0340478878513201
-0.238356035152385	0.138933815119628
0.390523164445496	0.252778368646053
-0.444007895852799	0.150518805012431
0.678674753334086	0.369843087443753
1.06965322048349	0.610382500923439
1.0903029331643	1.0106474695801
0.679135351465067	0.358628240486333
-0.224434653809192	0.107172515739948
-0.450914857805902	0.309800991569199
-0.0812392703995587	0.0389103824058193
1.65506045652573	1.90401917066709
-0.453331782707761	0.392224343827286
-0.369027726640361	0.226946674878444
0.649969946446417	0.429211780479122
1.10046447904648	0.854538372622542
0.743859785524482	0.612581994903167
1.85900171517779	1.61481791528969
0.61105449778908	0.357207693917393
0.9669195930696	0.78404689856607
0.13702462646773	0.0640816780549942
0.129654713420038	0.0554708182967618
1.28690749063663	1.42671689969146
0.523763437006446	0.279184332565732
0.615171141300853	0.359627175869976
0.326499885001788	0.21442251832595
0.180873750359442	0.0990108368024657
0.249473522716226	0.119217224910676
0.299739141891854	0.221517776560047
-0.668084191915802	0.409884638620377
1.40864173798439	1.74455051018125
0.30140717487894	0.248715253560713
-0.911309601449617	0.793285797617638
0.464591882720827	0.29833965954084
0.231329437201987	0.121459685392923
0.216203394592051	0.124582158924524
-0.725106174027455	0.584959372771332
1.4670560841271	1.93169964849236
1.49454398658243	1.45475066310782
-0.14257556003661	0.0924417450494341
1.45959592437817	1.56680563494493
0.855378768879179	0.973216615867544
-0.0705195977625152	0.0397455365271363
0.974048416142722	1.07379858608507
-0.130724962974766	0.104960871180302
0.487211581770601	0.493946255779062
0.405717298964771	0.284448246637309
0.831616721612499	0.874830636740408
0.810284593108261	0.989330955549195
0.362352234323335	0.307845671245249
-0.0348902511904757	0.0219164036527014
0.839621892290103	0.669310963134722
0.642508036732697	0.546191044575567
0.752223115951223	0.840457825383872
0.359325256444841	0.25603201051307
0.733610893094113	0.751819398496233
0.206224498537316	0.119310344342045
0.693314830443695	0.498759281095129
0.725449088276251	0.715548630591814
-0.7935460551892	0.803265026167035
0.907644361877311	0.996808524767835
0.302075229864614	0.176693229100625
-0.0573495063169566	0.0288410715386399
0.866936288227693	0.724396138010118
0.00884603324416739	0.00369433720615287
0.196574315554134	0.137271213909227
0.187402120296257	0.12363847990527
-0.0238977559100612	0.00890167117424482
0.248730799050656	0.136144604709908
1.07865638485313	1.01936277198879
1.07197518508687	0.806217024407033
0.796855638781075	0.392224186399845
0.0965232730965467	0.0493057606748773
-0.285957366722771	0.184744622235417
-0.273170130192037	0.150644858537808
0.394523845674448	0.203675425100392
0.648582810965917	0.427049380474963
-0.0456951091186034	0.0295153032614381
0.72897150006519	0.559714366595251
0.940675500533675	0.873368901948355
0.295055273068201	0.208751792838306
0.361571565719316	0.257729347112873
0.661582416464475	0.530459955849189
0.818916147698522	0.618209941053632
0.550685106414178	0.205185616059447
1.43346762046883	1.15415095045881
1.77748092491726	1.63152824653201
0.778255815282537	0.516850003028505
0.217694981397044	0.123214808256738
1.09470845131161	0.978142652795586
0.470994226962715	0.257072083985445
0.569712301286074	0.488610835501508
-0.0267929830328852	0.0168118934149897
-0.154636089492978	0.0955058760983437
0.331264667102599	0.194592961345594
-0.444967972762975	0.259609373138423
0.609393151264582	0.464894733703249
1.1018951773988	0.848444332057793
-1.45665880034267	1.03950383926257
0.741237643947828	0.588196258056625
-1.69706084464647	1.10133375990798
0.352881868187277	0.195830772378577
0.229721064639367	0.128473551855998
1.50785073719559	1.06335676213495
0.0400452064954227	0.0198442757972857
0.313058147242764	0.208111717238712
-0.0591643824454389	0.0297086866262926
0.0410184251659056	0.0189788651585384
-0.0749835645239178	0.0352569277484079
0.0386345714090364	0.0236652025273811
1.10193448313135	0.856000943888631
-0.161015934211061	0.0665066692374324
-0.390293502946304	0.257099217500897
0.437447945269422	0.264166057988721
-0.158416205619433	0.103879299006772
-0.0639217344610305	0.0335603078406356
0.0333890376873747	0.0146561879611854
1.40438241160105	1.18924835222512
-0.181014163322378	0.0986366852704754
0.21093146199682	0.120155028625423
0.311315225890762	0.18663026746578
0.845208891903314	0.662618239554664
0.0297841407526206	0.014635030186407
0.657369689679508	0.419958474525569
-1.13875058776737	0.836450012571802
0.957284950943146	0.893700031755273
0.846362280466417	0.672401942976694
0.154623132615873	0.108549374933056
-0.211083372390918	0.101521165398999
0.296103122299284	0.205840691429359
-0.12558911446488	0.0734234249535914
0.0346404186511353	0.0184144879552636
-0.227154491024588	0.128987580330924
0.320757538753371	0.187696548476397
0.722234267269786	0.56007962121632
0.327959151404397	0.221011939763895
-0.243651132894253	0.0733660925939839
-0.0103643087918809	0.00376819478837525
-0.0538056152620724	0.0289779922498987
0.991819387696514	1.06829020160497
0.317986683636648	0.186232131596732
-0.441569094673381	0.366490374496699
0.452462640293206	0.418476497982057
0.654648690642517	0.532037821324237
0.953916089859046	0.881284021173664
-0.663205766412466	0.466258112643189
0.186313965396632	0.109753910948403
0.758543065997381	0.719998097282471
0.114721319218518	0.0648260299198287
0.425440573329707	0.284405960118728
-0.506148249751421	0.287116089255117
0.288876776929594	0.129761283741239
-0.418443461582167	0.343245680856088
1.87175416103672	2.42231146701431
0.544322344441235	0.551755704316629
0.257428737719195	0.15561838679761
0.832791302657955	0.688772932876331
0.476126244634127	0.308087209429916
0.335986846265754	0.183802911480922
0.924922726734037	0.64065669833313
0.864180360129909	0.715387268097309
0.529602264640731	0.403237122871062
0.642239812208197	0.536155779728969
0.350446740829721	0.193617950508031
0.478017205417625	0.202023742033386
-0.981847605447806	0.658855626756379
-0.220525554592234	0.106844264939771
0.00790923938753493	0.00383362907118128
0.289999663900491	0.118870471560913
0.921086249640336	0.574504518964105
-0.848975924754199	0.596656554693363
-0.557634971242737	0.248612120880267
-1.63122095510125	1.02788337402852
-0.0716183368194665	0.034035149159124
-0.895403656033543	0.552872746689604
0.522500853769749	0.282320398016102
-0.353527218625977	0.23375533782103
0.821268437915459	0.616654237663135
0.216906890282897	0.147329266809263
0.246433779203936	0.131438921544597
0.837087907000479	0.817231642304468
-0.184857746349505	0.114478767264297
-0.436408755686041	0.230063511028229
-0.743520448865677	0.574611519477302
0.949920405118938	0.936470823460791
0.308461124827208	0.180557937448935
-0.373088026918447	0.265422538956854
0.214889984192008	0.111522418666871
0.495637377221896	0.351607736588662
0.205235975836669	0.11745532613731
0.60474792322606	0.358735777899807
0.248387925653447	0.134836798197472
0.915953159431479	0.585074778426727
1.22851604725315	0.941584117989407
0.244207309505328	0.119451179881119
1.08821976611794	0.963382100811838
-0.924437418623981	0.692342274304932
0.154026444973297	0.0833954554355277
0.274100719731652	0.134209673461509
0.623333279605616	0.463969961923192
-0.393871069031095	0.158119726422757
1.28626002845412	0.671987486091634
0.0555369261303637	0.0273276446400764
1.62061590770953	1.32672478631018
0.271974519865136	0.133379309438804
0.609359815609234	0.438507409492832
0.738930742853867	0.452520870163021
2.55473330295608	1.72876271758432
0.139689073542772	0.0609341490622819
0.930835768200911	0.640353836034295
-0.550208921211529	0.347866478124255
0.360930361223754	0.174815703505736
0.37607222267112	0.238890511900966
0.236592667326666	0.126613576082161
0.878864643213222	0.838305826679205
-0.0644790815781867	0.0345561556869455
-0.471659078265128	0.339488768073032
0.0181469758813825	0.00992598427727307
-0.211449370535225	0.118451633013869
-0.129233079257273	0.0804423211892173
-0.358079839634553	0.286455046089026
-0.31418884096934	0.232898530121061
1.06903272029942	1.10654879423288
-0.0633130051492048	0.0306257117394457
1.35883287874574	1.23557869048737
-0.159665621994058	0.0661259805784981
0.224398448625907	0.128669418404303
0.717713538921009	0.304978062885032
-0.172995295965316	0.0707739768565365
0.403062021844912	0.230123167314099
0.0168826131657516	0.00844390981872587
-0.911651626982901	0.491476149979149
-0.910879933660643	0.750307680772374
0.500129945207617	0.394965964416234
-0.267324485065471	0.157599079224126
0.522324166774502	0.324683665188603
0.648277310714253	0.422055528106105
0.0108539775293926	0.00294215097137045
-0.840308697435453	0.610403297447074
0.408286269104864	0.240519589834637
-0.403933210380108	0.222139191180133
-0.31115437516417	0.161362425507636
1.70812134983299	1.59943938788312
-0.275329951886027	0.101251577889903
1.49377618516681	0.988209891270384
-0.0368479493433971	0.0188379717323701
1.25248592956043	1.01427122142209
0.15024245412369	0.0648240781798623
1.55515926694034	0.974884501062089
0.356606144600516	0.2476314695626
0.420333964699119	0.282565094063808
0.349306296573736	0.249606814017235
1.08409668063055	1.01964069353977
0.742994352123156	0.648591261404638
-0.606624907958208	0.528786031008126
-0.606666630521326	0.4829024848338
-0.392882858556928	0.283060674506285
-0.739036533715804	0.663304961956612
-0.111515608121334	0.0600212749297229
0.162790674708149	0.0771790632537788
0.154832564271779	0.0885903817188709
0.736844981438977	0.442823579811945
1.18112442493193	1.20561778632938
1.96947929451906	1.46959994454657
0.664841988640652	0.354294660808913
0.598971814135292	0.354831053675653
-0.889572608681584	0.458990838665557
1.08160869578177	0.892585545192581
-0.0969467579241606	0.0429497005359343
-0.815759931467075	0.584713738165507
0.596312561889638	0.407318204956988
-0.440106019077149	0.237259070907905
-0.548140923245491	0.584418766220597
-0.101819540250583	0.0640824132471518
0.239307902967188	0.154102337043208
-0.0507473157587842	0.0262782259891053
-0.0990255976724615	0.0446600701460324
1.24697249656679	1.06300278293408
0.533725099787023	0.342161841095673
0.229417680443376	0.111346532343519
0.4447878152179	0.201954056840446
0.530097467523688	0.288247222156536
0.509025785562028	0.307689973217204
-0.448463306094732	0.154284994773856
-0.0635476300839842	0.0302554801994662
0.281002472572097	0.175644756231678
-0.251457158008682	0.137609781302723
0.78177755012047	0.522929419697767
-1.40642884249493	1.24648173928252
0.751794741499378	0.599632958512081
0.729028111774533	0.56260681374791
-0.794698519154536	0.467341834863235
-0.501359364378662	0.48198404637755
-0.233568322043173	0.164548829062007
-0.778257576333372	0.500835984962145
-0.763421967778619	0.617194917116916
-0.177747597949833	0.111013034149613
-1.09000853481291	0.649881477557058
0.52481036112552	0.323863948467698
-0.706021713849062	0.48685975118033
0.960347497310015	0.830130663174469
0.289381135822735	0.182361658027664
1.52242114941467	1.71088297569001
0.905109101924305	0.579143284243982
-0.636127043321399	0.233885109095332
0.540272702733418	0.346745656140548
-0.4026436013123	0.220039588664966
-0.532128261590185	0.266243376578348
-0.210966066977415	0.125582995923842
0.605760250341891	0.463866592546232
0.487302243874266	0.199496885806042
-0.327674752806088	0.161619358510735
0.139986302563934	0.0523446746245863
0.879129326153264	0.331203265714694
-0.520461178483136	0.262263126724977
0.959698096952989	0.75579890777617
1.27695624522147	0.750187830371484
0.607687775809405	0.303646955212688
0.372704901543999	0.243359931701874
-0.253280937047458	0.150558772571477
0.357066349992543	0.184395118883418
-0.597625765764761	0.324701923913422
-0.259164180145134	0.139745556023136
0.521730405391856	0.276765120724069
-0.112734492459473	0.0493755229332972
-0.168207975133165	0.0839295312296959
-1.89223695553806	0.905163772926849
1.25706468646427	0.902585676918636
-0.600265593172441	0.419546682048598
1.05874853073007	0.870913734666702
-0.409999964695043	0.228118110509534
0.572796207748939	0.390177976923093
0.472951185573068	0.267399523832669
0.284372551776676	0.127267366745909
-0.229916722333379	0.107879834921214
0.532175158996449	0.381526007434305
0.683109330261784	0.378160038699244
0.222871372735343	0.128718849210243
0.669663225128424	0.51762619736022
0.0161127461795877	0.00673482137220139
1.0904382963119	0.840679844733409
0.281515407526382	0.128383423395598
0.0447821406579811	0.0201929328235747
0.119014104351557	0.0568587772666795
0.415122677320567	0.193384224347134
-0.118839869172194	0.0511489964168669
-0.297662826923035	0.181017491758325
1.77092102961392	1.22378688683918
0.130447276309151	0.0516862792962046
0.257715548867567	0.167576276669575
0.623684016598791	0.468405807178832
0.400061058044564	0.275727656433978
1.50813586378317	1.06509681898101
-0.691957267738142	0.37624151785542
-1.00272061082059	0.571804769342792
-0.415195328865672	0.164569666135823
-0.831819174351824	0.516128613338105
-0.608071140365304	0.328774222700162
-0.785589977135625	0.39425944204784
-0.631612306489661	0.337388048699912
-0.0538842163922243	0.0291968387754137
0.342275635573584	0.185215269673173
0.438613515127378	0.207799598097121
-0.036165986305811	0.0186418672994853
-0.227568628145306	0.0692439068929165
0.772525024161616	0.676076742451657
0.819548728615322	0.602572229114669
1.25298320435294	0.91779284632203
0.241924625672114	0.131496289622563
1.09956880252461	1.03960329988245
-0.174111888160763	0.0867020562121635
1.88281276748628	1.14168180768697
1.7727774689509	1.61642866282194
0.803467720385046	0.572648484151271
0.082458664582334	0.0281154019929693
0.149747305538908	0.0658105255298789
0.720344544045297	0.314224746627057
0.00632324630783415	0.0028217695143555
1.3005351024822	0.595141817120694
-1.76209456736589	0.792956620823847
0.298096739535819	0.123629455466218
-1.61605235511861	0.663216847400502
-0.551853288536627	0.239500214060028
0.277185882411519	0.12151280864898
-2.01106699132416	0.997179500214944
-0.0421003431444426	0.0150106492490584
-0.707587469829764	0.408991825568349
1.08478918252577	0.845756394339262
-1.47908467765029	0.550998151771008
-1.46388871001429	0.574859239236688
-0.543737077872862	0.242738597274013
-3.9648240501828	1.75402533803764
-0.275604824329966	0.101054099479285
0.241167760420057	0.127643597245282
0.227909374645488	0.121533154975364
-2.13036825780195	1.1471594279607
-0.414930556313027	0.173749586604405
-1.45414541273076	0.567873779920886
-0.415318489403535	0.17332272329318
0.679820118231943	0.360824889115051
0.672789177424841	0.361209857953666
0.455303616432693	0.257395688906026
-0.0245930125206279	0.00902977250173903
1.6104115188983	0.870044236146669
0.608184057567805	0.301737131588219
0.0275427967815378	0.0111455692330605
-0.94428817673804	0.39918835762481
0.750263324185568	0.454921699372805
-0.267012713398768	0.101988991977471
-0.530066371115873	0.261122291263168
0.859435624518337	0.484758748895031
-0.405304821291789	0.165713370428318
0.0814034270797085	0.0278125788653702
1.04900716488658	0.615712516540214
-0.0270820474059715	0.0104207420689281
0.385181291339222	0.186006101328252
-0.6233524662072	0.328543916698456
-0.0965439291255987	0.0432109057871766
-2.13207471344142	1.11931129050985
-0.0896111800416131	0.0310279507994448
-0.886596784641709	0.487149760780763
-1.28886622712064	0.480829304316831
-0.600076321760944	0.319392675436614
-4.29770611517788	2.0838361926586
-3.67486495496742	1.50848162780592
-0.66445259804315	0.3150520860286
-0.0870606374368321	0.0303196981372919
-0.288530365548462	0.131874696911675
-0.316360664460631	0.136556821293631
-0.451931971063554	0.157011976309779
0.614401928794236	0.357736527680945
-0.245366290362525	0.115044002786716
-0.794445579464454	0.398102634465185
-1.61933485623834	0.987379737144674
0.394986403331714	0.19939314054447
-0.761320206019895	0.524244384119178
-0.344694388477086	0.193980591641853
-1.0654365322489	0.507171685409573
-1.3222137072667	0.714757323740366
-1.5102263956604	0.890530366834538
0.973310418104633	0.43877624231534
0.55214581790574	0.20514117550314
-0.899713578495482	0.494114309468122
-0.554594736424144	0.391974581338965
-0.919876021699712	0.494050509613133
0.506479298818117	0.26188974260771
-0.804285333948389	0.486664962192749
-1.88732727789424	0.89587070164348
0.216116442178802	0.112497069627859
-1.36094883145778	0.932617612836214
-0.774408718253868	0.497930118224
-1.30987702614151	1.04181481163293
-0.214137456360022	0.0990794808646273
-0.273025907208649	0.153536804074577
0.274045193432169	0.187738113807638
-1.10313504226323	0.679967150191114
-0.407887092916092	0.19061624537275
-0.0767799219573457	0.0411757860616892
0.957654659927237	0.829822698881157
-1.31363730100414	0.70334509668245
-0.514236795441193	0.301204588510679
0.213327252996875	0.107596993793735
-0.311664484460364	0.158466064294668
-0.404516470941449	0.186398977037794
0.431213558763879	0.318314727386362
0.259449291004119	0.138942704971214
0.315104428878019	0.184109628057254
-0.889286680283259	0.487185291564713
0.230945706298547	0.125420897946336
-0.225083863662998	0.106806684621377
-0.161029684227286	0.0668997718849552
-0.286708039613118	0.10193139352391
0.00963487887480332	0.00398602041800512
-0.520819086684599	0.255241563725907
-0.65888805978271	0.309393336905266
1.24726118155274	0.974268767754744
0.138875972710032	0.0597407320986234
0.24539627428283	0.131025512714777
0.439256771318666	0.196975499114254
-1.40946508999793	0.744742096254615
-0.515586930975847	0.261698576527726
0.539198095597747	0.331201714636272
0.0493596772972184	0.0246354536664769
-1.12292214743321	0.671863402626147
1.23292346062891	0.928146518350634
-1.00659050884952	0.566284569175828
-0.0853433830002607	0.0377973798706569
-1.10975066880999	0.678509727049895
-0.305469694999561	0.186758032396277
0.0440965134793057	0.0197712820073707
0.304080271758575	0.107488760293045
0.287599517246336	0.112312446755084
0.424720611187818	0.25308584086672
0.705014656286495	0.389234837576231
-0.239084672817921	0.0755533408078037
-0.812598920527644	0.410080623857199
-0.803169034116039	0.621646415764835
0.83741589623206	0.754260297145851
-0.599923582203543	0.406971099315705
-0.319299873221546	0.19344764396208
0.576108188145452	0.330359811598594
0.415534143250856	0.25307510311257
-0.713955328375307	0.404447402324314
0.017239125886299	0.00715310327253039
-0.643801609403952	0.350706480829723
-0.864542982377746	0.626347891580061
-1.35288563098772	0.956865410006265
-0.521753258414162	0.340897306516283
0.164963385434568	0.102653850724455
-0.162680375246112	0.0660706385606157
0.0359615275584346	0.0232659811913976
-0.123008786156842	0.0701373965242686
-1.69862279584603	1.09375195625382
-0.103725285420158	0.0465768745062287
-0.535141778828908	0.266584702614108
0.262945518505818	0.130013169307434
-2.22485672132247	1.23483718041929
-0.168603468576221	0.0680191208772858
0.0479932496423073	0.0237706257176803
-0.130601039502814	0.0799136260285625
-0.71496971213277	0.410936784019133
-0.230337828002648	0.162213436375987
-0.748155947166227	0.539008855039641
-0.294032751460125	0.13069866875397
-1.04866629366319	0.727813395125322
-0.0606078411245906	0.0350347608719633
-0.960430322069374	0.642358543571123
0.368173916881313	0.230488505318136
-0.13626193819847	0.0746134712133802
-0.183681755099786	0.094154582315071
-2.83423554733179	2.1364902360634
-1.43358241574488	1.59595657306032
1.42153322978121	1.06141666613613
0.0120207862073713	0.00561990171770085
-0.799901881386796	0.399651398159364
-0.578303739786099	0.380003259165499
-0.154185026565284	0.0856010368768553
-0.790656329988454	0.666156474422446
-0.0472022969405849	0.0252222772686644
-0.212171058374104	0.128439537377351
0.278397263783664	0.124409946320668
-2.43310398534305	1.51054740807105
1.05900887769228	0.684734226757093
0.00663635028626041	0.00293422475394265
-0.0913873643857119	0.0325218615622525
0.322507156075813	0.216153322441852
-0.626336231558354	0.337355859385138
-0.504537354504715	0.341088949587754
0.62734299276416	0.450671145353583
-0.258062023551292	0.138221489552217
-1.36501901792673	0.981274671125452
-0.256553349741934	0.0958638060179816
0.136863316588682	0.0581599743081275
0.00369647425482308	0.00229625785635292
0.147469149417517	0.0681055720338847
0.14244468250885	0.0740542417233853
-0.127058796951195	0.0682444574930709
0.945705346372716	0.64839755266518
-0.30039442904632	0.15898446003485
0.673426057333457	0.436472940728749
0.308891413984229	0.194216908475565
0.223262449215672	0.142718139217662
0.282694860052399	0.170639841930748
-1.10221177922742	0.669234665797259
0.898552087376701	0.567910697851055
-0.0634696306697059	0.0300333517207418
-0.29031140978885	0.130892556490799
0.709655662071183	0.297324930534786
-0.246925240515284	0.143899885343394
1.05573867934089	0.615751674937972
-0.88532938073386	0.471550494594366
-0.171383649124012	0.0705717151250683
-0.93868878943612	0.412433964811604
-0.610713270044455	0.358332747705885
0.673428665250893	0.439488853720509
0.755532862036736	0.484690530396986
-0.637592549645453	0.339618065318408
0.550670785567801	0.415281259315231
-1.58097131741994	1.19228008468003
0.543683869900941	0.335842938434534
0.473701014532622	0.268362868959114
-0.805010462720598	0.414618983168923
1.02847296067055	0.550777427414865
0.397453775080255	0.198816955913392
0.146703918588987	0.0763534389868731
-0.795552852679487	0.473639881515938
-0.347206592959837	0.193957163842482
0.456797113722335	0.255372121514859
-0.223466052093764	0.10755765377442
-0.509241151145756	0.296907935243617
-0.346216300159797	0.197154239566598
0.57805151663468	0.474455627183332
0.704191978726153	0.309066197771239
-0.247545880421746	0.144796674959166
-1.15772855964215	0.836052006359904
-1.44878966782917	1.29642644500422
-0.667278264179387	0.314456182945214
0.139966653061784	0.0717881213567978
-1.7209762961538	1.1136887963074
0.633882175162682	0.399957840467938
-0.956515473332443	0.610080780790311
-1.05364005866274	0.735787283248935
-0.395916969058109	0.244524027528391
-0.617799569029307	0.457364567448891
0.284542718647874	0.171204705824259
0.266686626459921	0.165050812085613
-0.421618934643658	0.232975311453823
-1.17803038455359	0.734584407906703
-0.27204697436958	0.201602782247691
-0.41888078354524	0.198295561152268
-1.05765675128725	0.85130887870667
0.235822747887348	0.172538025293172
0.247436283637653	0.133700617478342
0.0947220170495022	0.0502683209397194
0.323891080237648	0.217592603389316
-0.98010314997236	0.926593067968335
-0.380015325501929	0.256613744268819
-0.835017805653822	0.592306900253398
-2.13924619344205	1.15808832442282
-1.51973380024238	0.872154008533285
-0.0287386787246655	0.0109313246417458
-0.0602143503495096	0.0287054059020983
-0.181000231245245	0.0749589290140589
-0.0123945481530446	0.00503103538948855
0.87746030983968	0.335420623423298
0.266477065512202	0.131639706783299
-0.402331343402644	0.193289944349999
-2.00338010071461	0.990110358199985
-0.887307523609198	0.474842297372165
-0.619236001458195	0.333151859373744
-0.074658144326861	0.0468483491623453
-0.277938212683585	0.189740114565742
-0.3147057648079	0.188365199415142
-0.417988546547913	0.23144846202193
-2.23339073254923	1.24897760499081
0.0493483973817826	0.0218365726647283
-0.667347628338639	0.310591700975666
-2.1912085499177	1.73277438012762
-0.892672946046684	0.485926153051765
-0.160698127503003	0.0874885021679583
0.689794740903546	0.484658951186293
-2.12733351975272	1.12250390732523
-0.42405142423423	0.227549096942373
-3.32405080310909	1.20491280964805
-1.2685204126968	0.830236991241959
-0.105841961154825	0.0363006980355032
-0.133547337941862	0.0732587887076886
-0.993667137276476	0.561588516605019
-1.93697147417797	1.42171667277018
-0.159540536574552	0.0664057537564577
-1.20019898914028	0.603418262457332
-0.442354235496594	0.152605591796983
-0.00393599531520483	0.00125259136731681
0.605029402833446	0.35683577970171
0.517330688187771	0.314280476777482
0.134281716135408	0.051905328228019
-0.786596313479677	0.40010177236343
0.329410446674545	0.223490504358247
-0.198391043584593	0.0947927131563983
-0.18192041497671	0.0935962556603906
0.455091548575809	0.333714588174801
-0.263832459604661	0.0999493710529106
-0.181920080597165	0.0721772646294454
0.272801547411832	0.133446706315213
0.788926773610437	0.541244864222655
0.0238398915080108	0.00974606802422576
-0.0832197385349473	0.0414189606441813
0.155653039873773	0.0718909211581192
-1.09294135310029	0.355687684751745
-0.0982081176169794	0.0434600570132131
-0.168612877297205	0.08531549118956
-0.412484355775897	0.217243152615137
-0.510114120190963	0.256997523770729
-2.82800405415571	0.916370270350291
-0.294224569911813	0.133316394560204
0.382084270195036	0.190032610275365
-0.298369487443242	0.132950321022678
-0.0470076084303714	0.0220802153286504
-0.261051581906517	0.139239959231266
-0.0977937435443436	0.0420425044048568
0.128566372457354	0.0559368821649678
1.89474344057586	1.15110221474751
