x	y
-0.266958636293754	0.0969652159965174
0.059686383812199	0.0309953133360962
-0.017546929428872	0.00692141203164965
0.134098117062871	0.0579850509407559
-0.676290146452748	0.303303290919782
-0.545845528048478	0.239449961018868
-2.3347053583305	1.36195776268832
0.304619795903223	0.12444412962271
-0.0896111800416131	0.0310279507994448
-1.0785431100712	0.51003367863523
0.315376145668984	0.108098803983437
-0.239665675174267	0.0758816081140354
-0.149635132030439	0.0599986080563111
-0.310349821663803	0.124886002633689
-0.405700341459492	0.198678087398352
-0.696509149524767	0.40119316514543
-0.54558987263971	0.248453969827987
-0.288398836556137	0.129472051587234
-1.76205343707973	0.785466653119797
-1.08617793565474	0.360691437847595
-0.671606828507694	0.305962950313066
-0.0271071169560634	0.0101115354539812
-0.255081807052726	0.0985515562412043
-0.172404316715383	0.0669070538860776
0.309154968380453	0.127652085068688
0.120061477087212	0.0458440505427867
-0.0123954784909346	0.00450365375987925
-0.901118097586958	0.483605098572113
-0.41628097187565	0.170796951533273
0.855746007729709	0.478573236277576
-0.40798261612184	0.168233991763666
0.303923910777153	0.120702695096012
-0.246509348849218	0.0774697718467404
0.69863196359625	0.480077165685086
0.438797053311419	0.210325776271602
0.497894036578042	0.206787848200096
-0.22178375809989	0.103636009219705
-0.932971385432127	0.409591747215401
-2.82800405415571	0.916370270350291
0.289723456605309	0.100581545507672
0.136842042720567	0.0533025772438072
-0.245750819454419	0.0770070334360556
-3.51703589633608	1.29990401687756
1.06299566167192	0.635554187929388
0.133956205182737	0.0524042806614438
0.00391543419752956	0.0013500429204479
1.03031535793434	0.507050916203735
-0.782353837484859	0.318474896403818
-0.516215201709685	0.137775183819285
-1.08589556734498	0.35395629495229
0.693361620779709	0.370731274044338
-0.240583170030325	0.0759160124673235
-0.62864512918537	0.23482064188399
0.019616156112828	0.00497100285560108
-0.100817644828108	0.0337219521769207
-0.0373296558223603	0.0135732912169868
-0.0172359762800769	0.00675884225309999
0.295627159372128	0.104228853517797
0.293383451899727	0.12950686392412
0.297695440745584	0.135523057160077
-1.05963554026414	0.495485649660681
0.302049671750551	0.121095161993069
-0.933536053672909	0.394170289894611
-1.51166327072397	0.885876230555625
1.29908526097479	0.579368644098954
1.06892997249821	0.633137433067887
-1.88719399127519	0.894586923360504
-1.46826705863806	0.570175138551536
-1.08351437608145	0.362192856986952
-3.82936568046265	1.62990953026003
-0.098940228440894	0.0220856852040079
-1.28300540309424	0.46985272572152
0.0898645449071006	0.0301909965970889
0.234231864535817	0.123555839579719
-0.541894230861301	0.237067888304154
1.50888470185689	1.02747228675268
-0.108597675494596	0.0369166362851703
0.906450447524307	0.554875825372078
-0.264567547033933	0.101194725170039
0.149165326616578	0.0636121824018774
0.746695784046274	0.227164306604738
0.879554968017146	0.341844876288003
-0.774913474980024	0.383364152365136
0.605557061150528	0.292746668940212
0.306314613633123	0.107465175890849
-1.07239798793769	0.358269457626047
0.452536708383593	0.200736745463352
-0.419135072491608	0.172280491190028
0.747547550470706	0.462005056037215
0.0850803671273534	0.0286167010156031
1.86726129384683	1.55159952469629
-0.105110575947249	0.0235349560977657
-0.624495797860466	0.236471056247116
-0.451787801767275	0.15134787497898
-0.806874292767327	0.323269283809796
0.744829935569955	0.226773045942414
0.303463348060815	0.107539895525808
-0.621546705264955	0.234576969241518
-1.28501684137984	0.471749653468482
0.017979073648316	0.00466661923012803
-0.412184452294397	0.168110933099371
0.310407287814337	0.123617784649944
0.873776058960847	0.337729092586157
0.29666290845064	0.120310502549595
0.808595178813059	0.409012003592586
-1.42029739721523	0.773259379100394
0.601833135514867	0.289138308612925
0.130713752001343	0.0503277705667071
-0.454157751780248	0.151761381974449
-0.087068852358104	0.0306532404807538
0.409526380183169	0.206387452841935
-0.44827845243124	0.157314833464383
-0.0941779390158178	0.0217731946290539
-0.0902843361220295	0.0320704264189181
-1.48564100701661	0.50222110684505
0.0888180820228901	0.0297322013485651
1.28846237261408	0.616618537678008
1.05892388490574	0.639734449800763
0.317450626633379	0.0923100636628705
-0.835142304985754	0.250144926202691
0.087710617920003	0.0300788833241827
-1.18264386867363	0.587943468349929
-0.401494886656121	0.159022371981343
-1.62178763673013	0.694441352855692
-0.285129696258595	0.127410953957866
-0.252912773762055	0.0951522549220939
-0.618509531912325	0.231235236591132
0.0844888751135818	0.0276924135025255
0.120849255032621	0.0471438032904622
-1.63069038736921	0.687717383372568
2.56147958373171	1.77149589291871
0.383218918830894	0.19713970920547
0.317924444867071	0.0922952031177124
0.0395221100255313	0.0172035456342804
-0.679329531134742	0.330032358025066
-1.06131057785265	0.496457435800102
-0.25081757182378	0.0926847181311135
0.013819187838367	0.00579477059767634
0.496919842886631	0.204603936893533
0.980669091876811	0.761210282412971
-0.793306309417426	0.320151548137337
-0.833159166502476	0.254330875026579
1.04383474273036	0.5929306340436
1.55761662870899	0.99592080052661
0.31376222458813	0.123239962184754
0.304145583687521	0.121050569047971
-1.79036283330441	0.782642523742724
-0.447468210672461	0.154031658472776
-0.833063405948399	0.254155985426631
0.09426989273233	0.0313636120860635
1.30634714918011	0.528894578070315
-1.75318897976611	0.770924863685206
-1.28294379576949	0.463636792257058
-1.07239798793769	0.358269457626047
-2.83342854030316	0.917117446615148
0.750212262173245	0.228253921774654
-3.31902457203743	1.23889070538812
-0.520214695772985	0.137880826745706
0.792499754671177	0.384403120679757
-0.244285342531844	0.0732803771235601
-0.0994736170795967	0.022542834663039
1.71834164494079	0.839480369370035
0.304619261648893	0.0996365274017088
0.010131495740088	0.00286003154930546
0.00252258717362925	0.000953137376538156
0.00860170294494074	0.00254293128322386
0.274601825019424	0.107340420064671
-0.0974411559193684	0.0219556283179796
-1.07815892867015	0.363555579143483
-0.516215201709685	0.137775183819285
0.872136950787859	0.323102395114228
-0.619152046876317	0.223951744791244
0.964180056066041	0.433422597218211
0.964973469306878	0.411243364822217
-2.49779134618292	0.753762077506182
0.498276916596319	0.210558545308121
0.796418502986271	0.402375944768765
0.103101927593874	0.0337009234873739
0.329499178227133	0.0941776028831613
0.130782839762083	0.0505804237900709
-0.411515071605321	0.166660405124551
1.0181803042197	0.523683355514545
-0.438055558671618	0.263036795566922
0.490010028338489	0.202707891910247
-0.636370034310115	0.234249756541566
0.290365479001933	0.0993858055555738
-0.258848694813062	0.0997575623180418
-1.4714827656171	0.589085482045999
-0.246539768207762	0.0773565978250945
-0.685302569304069	0.322943847257198
0.438302529281019	0.202017962714813
-0.537833665458025	0.234358790401075
0.124307668837885	0.0486149743281569
-0.812942575293287	0.515465031336022
-0.0216618352821365	0.00835725286990347
-0.18716924541241	0.0745844757513193
-0.23356248831657	0.0716408562189923
0.00207180478695246	0.000993433400005261
-0.408115829925162	0.16572037606703
-0.788879409128399	0.320032149965066
-0.535353040320776	0.137071679045048
0.704007495674694	0.307133694930596
1.61354154021249	0.88756095593388
0.793449046307157	0.369143523665563
-0.159138478616961	0.0649343582018727
1.01913612468331	0.540964864220811
0.784555689866833	0.527399369249455
-2.04783485499909	0.571093548500225
-0.788513257247433	0.320775240141999
0.558847458170007	0.209558363468952
-0.448576036434	0.157226426303193
-0.526964267085977	0.140208674753714
0.12704091237137	0.0489688603924903
0.808160896954746	0.404189184317987
0.30310091541783	0.101699029361198
-0.684109281057198	0.295162334428496
-1.08147998671592	0.360679861491602
0.0170169246376005	0.00444878785056413
1.6965721228554	0.77577832564355
-0.794409079514712	0.314984522230292
0.419149411099714	0.194803116740292
-0.415555291647853	0.167306641583137
0.0913147071289852	0.0306388435160509
-0.232566859661112	0.0712241383959986
-0.176586859070115	0.0723427333596835
0.326519368094921	0.0959325958169173
-1.2765298981513	0.459519550197926
-0.624495797860466	0.236471056247116
-1.62039069784377	1.01457379870773
0.546948826691429	0.270771167269682
0.692578559276767	0.29944927214429
-0.624797783755033	0.231768805379722
1.59432817272446	0.8398724151856
0.324329385368054	0.0959051461273956
1.28737071173399	0.577814087848204
1.27303221480918	0.558466843930275
-0.239833984559913	0.0760133865629607
-0.1464871418241	0.0600835586331537
0.478085820302922	0.193486916562377
0.49225415767636	0.204279303862193
-0.952017397841805	0.385052822079999
-2.4946503122275	0.759347999169937
0.70745426470268	0.292725089268704
-0.529297048011354	0.138367921393896
0.435779055992849	0.20450180136636
0.143654509859759	0.0637079266436563
0.495416661191705	0.206454596015756
0.133696450595582	0.0523744170343988
-0.791374817417601	0.315898415898495
-0.449315738029937	0.154089720505942
0.673022627567952	0.349170636134563
0.964127559932072	0.437554608153207
0.950036970191756	0.723052427348479
1.02914363494107	0.532823808228928
0.699638664820058	0.375694640345043
-0.392722850087467	0.186774366440762
-0.852039650107991	0.628772447726249
-0.118301211706401	0.0529022219823681
-0.30308230359284	0.131236482380741
-0.787414698935794	0.325163340197709
-0.509396411391834	0.2885510528331
-0.419486817795414	0.17369373995937
-0.98733138184703	0.649255526617527
-0.406890245511629	0.192507099919274
-0.621811185635897	0.234126260883939
1.27444727274152	0.880641225643803
0.123542739800058	0.0474530470320373
-2.34495693278238	1.38144406741342
-0.405631325526232	0.161692969688097
0.756934210445107	0.456966691254303
-1.09047158756447	0.363834716407579
0.556428155278861	0.191999351123627
-0.537335004713926	0.230445152479843
-0.151152794225815	0.0623502568539363
-0.939006386732556	0.39758690663381
0.475961479325366	0.199937775297
-3.3278279664364	1.1822344128175
0.299328580400967	0.115663587025184
-1.61525292386888	0.684271272958226
-0.452480793798118	0.154719302893815
0.498292007298498	0.211826322687492
-0.255780545452306	0.0991116177040111
-0.241914042811227	0.0752532861732076
1.03662868478409	0.524918988676075
-1.29048650947702	0.472560976297956
0.532410080866877	0.282206818902529
-0.167411681211682	0.0693596896888662
0.227152308653938	0.123331567346421
1.25688433613469	0.900028169739777
0.746585857337167	0.453810841865041
0.439974652361946	0.202922968025484
-0.250950765596532	0.117149212501803
0.974429211922999	0.425414339577765
-0.102565084777255	0.035641240762071
-0.453661958033717	0.15768897072405
-0.443771889503014	0.15296660626614
0.485393764149562	0.202557262593007
1.47073281378777	1.07552891520557
-0.0984727470372983	0.034490187124988
-0.622774487201807	0.235945624597286
1.46129377348164	1.1091794603384
0.261168872832553	0.132364074312337
0.970583135583407	0.428983336110719
-0.944751626316193	0.400536191067256
-0.435923955841788	0.202442331123457
-0.617565993138864	0.224574679101074
0.535429880944716	0.280225259268145
1.76715801077845	1.23957631196747
2.05387605852479	1.08103403426957
1.49375978983919	0.993615753977049
0.322614950062986	0.0914817346583648
0.0114146627509998	0.00308386638592084
-0.466127544480359	0.157528959219935
-0.803843910701417	0.324980435724606
-1.30670540068207	0.68992712345804
0.140132957715085	0.0548556390677481
0.769740887522646	0.47226428338752
0.810297553422447	0.396389719649846
0.297073656590546	0.116491478415957
0.0204658209907599	0.00928881208262164
0.872821635610177	0.342952084236384
1.02809681738165	0.506423710824586
0.709746365442628	0.300825956845517
0.845443359227254	0.463329360220899
1.08495982965425	0.713946765957598
-0.576326795081093	0.226626600900997
-1.62389888165664	0.674774278804938
-0.621738280565156	0.231230291740656
-1.27901211296881	0.459061428425146
-0.436370683092548	0.164829569364918
-0.0784903994463495	0.0260530727543553
-0.325881039221142	0.158577053084282
-0.254313815203601	0.0962355472165239
-0.900638533306419	0.47816184459197
0.295400879969921	0.135131718137427
1.88951621330728	1.22610216194502
0.809237860915206	0.586045233017519
0.498364996899766	0.209138180867969
1.26892378097086	0.918840826533707
-0.921018121957972	0.396177011659464
0.644672871656645	0.405360043346031
1.29907178016305	0.610714787114618
0.425610919132912	0.199833853448322
-0.531290089475877	0.268558554317514
0.486440079851691	0.205431911306571
-1.61679540852867	0.681474236997958
0.121727390032356	0.0514831307633582
0.152946786278007	0.0774835672077583
1.27296636499321	0.618801044842301
0.810089245942175	0.595582007463789
0.154463318081597	0.0668010285123677
0.652670584512558	0.433525756399673
0.857210501236221	0.469646406196808
-0.104675324914425	0.0464899350725891
0.812621082729362	0.574838771513903
1.25063056636568	1.06959416046809
-0.264705769386085	0.0991257851116059
0.257139950518932	0.125426918607953
-0.106769277223534	0.0485649955267461
-0.259278301022991	0.0999013169565866
-0.776826475849319	0.393562335952064
-0.396625421562481	0.154898112827327
-0.698212886562047	0.327020537441426
-2.03085844829432	1.53933564278668
-0.980778810272531	0.639742406155125
-0.417986538550787	0.169487150619594
-0.928009824366927	0.407580167793928
-1.01945648371814	0.540597649341879
-0.605775994166123	0.373990109109604
1.5779848109517	1.43129454116365
-0.311321772859948	0.134518461762864
0.949764556137742	0.935223188604817
0.271047659151132	0.120015887079658
-0.0995641391253948	0.0440090771651026
-1.76225203392004	0.785426975833256
-0.514680488872461	0.137579947568615
0.140030511083544	0.0541974216714276
-0.0914319592093379	0.0322623873295673
-0.0222586394871167	0.00857054623903864
-0.62385471818499	0.232400153173429
-1.30875281233303	0.705894540920764
-0.810964437141084	0.412038207213871
0.0853345487182935	0.0288077893156922
-1.28569997208888	0.465517460289009
1.4920705274597	1.02151916478267
-1.0647234912829	0.505089155257276
-0.794706783241103	0.323401473634312
-0.0927872811075542	0.0319319479540395
-0.243910086850447	0.0902269267919803
1.02333599365295	0.529911230544242
-0.933071618812294	0.417319819505609
-1.61554332344352	0.687211374779358
-3.51564280032336	1.37231939594184
-0.25112756875817	0.0772600866874314
-0.275249776570635	0.102883986250902
0.114593509889931	0.0536197039303464
0.124242902084365	0.0493104976197042
-0.253224954964162	0.139220117746215
-0.422392162183986	0.171688835223721
-0.442854494553987	0.149144169155624
-0.664852682227994	0.313256168197041
-3.31803372889694	1.2396293722172
-1.61762799786025	0.679416308852116
0.146858790159304	0.0627895494586226
-0.417493933389306	0.174908885403038
0.301529813206206	0.124013354971658
-0.631226071277578	0.22945566109109
-1.45414541273076	0.567873779920886
-0.515816270677169	0.137630330187878
-0.524121956492059	0.1376511210086
-0.0809520958197746	0.0284283785658821
0.813852321254599	0.411598165846883
-0.090957121149108	0.0316300551212227
0.303757002242792	0.105014418114797
-2.50013836544569	0.752963874303395
-0.929789346757961	0.391513499389274
-1.4676390491404	0.571902690160981
1.29447340564201	0.509609664420835
1.63136327277001	0.847882606220938
0.564108818657114	0.205223150345328
-0.444371002135405	0.147045174471483
0.293100890679144	0.120731559989091
-0.625957425083405	0.233744858764235
-1.07666813951648	0.36466782984443
-1.62832866336978	0.696958855066713
0.0160545770394899	0.00419682354489619
-0.398275952021276	0.161706141698223
-3.31902457203743	1.23889070538812
-0.521354276075847	0.140151065895862
0.714235733388839	0.320574661157273
0.311028969343538	0.111706948353774
-1.28761288766524	0.469346286108944
1.29757273309666	0.687427538397518
-2.04783485499909	0.571093548500225
0.428067694036619	0.194697499577333
-0.509053349473745	0.289441905748842
-0.249072190787118	0.0924995331983193
-1.42991888393797	0.794009741416838
-0.926611809616107	0.396289258336526
0.617871889611169	0.304466816808193
0.095640241676284	0.0318655076851783
0.926632570804136	0.652369536441825
0.433687467069284	0.202940257786736
0.299615565927532	0.102602345830964
0.474139446097514	0.312459744478825
1.45956536336619	1.08502927229468
0.0107971203507128	0.00461936837274069
0.458579081642624	0.201421893026337
0.293289913030801	0.120760519895703
-0.926611809616107	0.396289258336526
0.708211498814622	0.298613326950051
-0.151505803290013	0.0642696201537733
-0.401815297962145	0.165020400697545
-1.89241726765782	0.899959789335909
-1.19486840816373	0.595449939796325
1.68948722459938	1.26071090457519
-1.10925926536315	0.689784407999232
-1.52176029586026	0.917151021160548
-0.163455352791348	0.0878718229650416
0.386447051795863	0.19722604109682
-0.343410458955163	0.172294959435551
0.586004784101021	0.336581439051872
-0.40609224286152	0.16725016037117
-0.798542654358471	0.311881034454832
-0.0871088898208279	0.0304402829888901
0.0178280888734194	0.00737551209224412
0.120011510992084	0.0517354749983408
-1.08759944251105	0.363309583910467
0.597593385977756	0.402914061937832
-0.16885752783862	0.0700933432149418
-0.0932449853356446	0.0423370050346925
0.617363809230364	0.298090210434958
0.0900156124275083	0.0298687393233743
-0.549274967132537	0.239107023357053
-2.02143386311402	1.0163719625918
-1.18860949717026	0.594930384501913
-1.07801850903145	0.507054202217985
0.546404312906726	0.286915166677396
0.300275191523398	0.121855326230638
1.28846247692184	0.769513773731498
0.293864398741837	0.130984869645486
-0.44538452339381	0.154460657274915
0.713401504208558	0.309595506401178
1.2804762659252	0.580583830210166
-0.831547258034552	0.253419977958223
-0.416698562504061	0.17060330731067
-0.828502094065778	0.25094168663078
-1.19930993193719	0.578219487626341
-1.06863732258222	0.488695528239607
-0.0972037904535891	0.0329719146864416
-0.0885782723086553	0.0388809906428465
0.0184519205468099	0.00748740631521829
-1.61612217536236	0.684247297535747
-0.0941102971862113	0.0326586016877903
-0.091389371216965	0.0317022617675207
0.874567060514496	0.332360018691997
-0.0975782329937372	0.044289429660939
-1.18526827843323	0.580738886880438
-2.12738153866482	1.13172650673914
-1.61887384383086	0.675728073946511
0.555335330454088	0.204846342829437
0.251026836658842	0.119534070346589
-1.07018939008537	0.508863506845208
-0.168007342256878	0.0669624327577838
-0.533514945772799	0.237279491494434
0.280790609171846	0.12740251989136
-0.634960897213362	0.223223950643936
0.309556027606604	0.127387926110523
-1.08010190469453	0.359548596166992
-0.672755069544293	0.315353676113484
0.434043194272067	0.222047028189736
0.840129731354573	0.45203115969296
1.75279794223846	1.17522707106494
0.223976682178352	0.11918995404413
0.0176377761211317	0.00802351178111986
-0.000852627877184585	0.0000173291093721591
-0.424347920802272	0.172561473166902
0.0894949013823103	0.0294175715327638
-1.62244495150201	0.674765457576561
2.36279140256036	1.1440180558691
-1.29048650947702	0.472560976297956
-3.50980813755273	1.34273849079814
-0.391883784686485	0.15634938303577
-1.63386539161215	0.670067864907255
-0.797976122247202	0.32679989784807
0.127795366533642	0.0486974290168504
-0.0863987951602957	0.0303552326705985
0.0765177380540342	0.0256907473490406
0.00972478893981658	0.00278683752860415
-0.0793179342005337	0.0386284518545725
-0.1004013798285	0.0446247519552472
-0.0212908063607328	0.00817353501951803
-0.266458705101283	0.101879256889588
-0.247485443776889	0.0892440113960467
0.073869539577594	0.0231015736131776
0.48551032224889	0.278038435621991
0.265539883509178	0.119403077620069
0.316999011228212	0.0928334677014698
0.136964921263665	0.0610158890112773
-0.628838118507978	0.241580521936116
-0.670470825849838	0.325031646165415
-0.0888197707667051	0.0301101271994828
-0.630343562391159	0.236846840667377
-0.130414075413202	0.0567432940166623
0.291471252579418	0.100465712451441
0.748257247663717	0.438464525056891
-0.539174365211804	0.244078137576835
0.268632224795026	0.120533791029359
-3.68567211452441	1.43097306882035
-0.922080912100963	0.398108385643823
0.303027757273632	0.120262646722951
-0.932971385432127	0.409591747215401
-0.212472374181876	0.102216896647162
0.340230646036042	0.162194596013615
0.442043763094784	0.209243516652081
0.30707321515774	0.106107172154716
-0.242615317815392	0.0729397118211544
1.71469577915581	0.804613524165158
0.000586527863325409	0.000544276312347966
-3.66907587004444	1.47350436569985
0.114906749557165	0.0443151554530381
-0.623596702262865	0.233397360638811
-0.623961017662321	0.234724887715385
-0.392985212453105	0.157272420691434
-1.07956990052973	0.354861321086833
-0.418711839574258	0.170306577645712
0.152873596838867	0.0673523413796235
0.364684429575637	0.204443655710983
-1.20142319036538	0.602360389991863
-0.260632972378236	0.0968766752518943
0.150149123615542	0.0642892219945565
1.26873960274029	0.783870634482207
-2.8427245388945	0.878379752655737
0.602561196720796	0.279151412459929
-0.919800197871355	0.382171114339007
0.261218170040627	0.11823812303752
1.05138370998294	0.616568556045196
-1.46511152077137	0.580275520005264
-0.163646514027226	0.0666637938931599
-0.243150332208668	0.0900240988894909
-0.792857013561111	0.403037277442655
0.789221686003843	0.405216194985734
0.970708351703462	0.440274544023184
1.06737827204998	0.71549482941515
1.86328205975378	1.54605927097884
0.739012557339092	0.440936921880905
-0.519826132780285	0.261152510252981
0.718632727419549	0.544990132038005
0.806942512444005	0.408376947340524
-0.521762084945313	0.338773305093071
0.90504837356993	0.575051405200174
0.620338972515338	0.359522267180607
0.146216215708087	0.0549875848018221
0.261595044216792	0.138166111353935
0.13303530557796	0.0522112895109688
1.5828649035021	1.42412131516607
-0.304815694118416	0.130265714962482
-1.77266534576809	0.802391823723131
-0.288161017071303	0.12873221201351
0.308040028691411	0.120541824710925
-0.89312220769624	0.59578290558394
0.310500697244986	0.107562673388463
-0.500601089839718	0.291833579150346
0.279527141843846	0.127360716236266
0.608432049850298	0.36803545645468
1.89307615275936	1.22640870208752
-0.943087074078388	0.404779162469067
0.0205058333368569	0.00831478573685978
-0.0475492614660791	0.0170163332066372
-0.410924368349726	0.16814530096749
-1.40777955517531	0.769684233217444
0.40312197438373	0.202673992817678
0.605274719264255	0.442886967209664
-0.16666543127114	0.0689303930483852
1.28641737050107	0.572691195088774
-0.263346153659975	0.0953698869913174
0.692472024732921	0.373866134518019
0.692976574671917	0.393066705973173
-1.0736101147903	0.623312462889317
0.0773785111944067	0.0256288930884747
-1.61235176012732	0.673246153208457
0.301996718589012	0.120785327816092
-0.25732500165246	0.0944343515105622
0.562721254126936	0.208189832473217
1.09793731005541	0.680544902439462
0.279276594429087	0.138035439895914
0.72767113210805	0.437084102152303
-3.66965381157033	1.47602873590866
-0.0153843770601188	0.00608041699213839
-1.46985998416647	0.587960540824066
0.283774564257191	0.128004713103362
-0.506660742750384	0.261122358914679
-0.086944475165687	0.0306172992358435
-0.622915537942754	0.224748648425979
0.119077194079611	0.0482058898148826
1.70084432834848	1.29462412978574
-0.54093951891465	0.240594866841278
-1.19416231089199	0.593575500541042
-0.0122460174986979	0.00486559340118721
-0.448318187609526	0.152493438723003
-1.17751057935682	0.574522249230338
-0.246584354538776	0.0762228524851048
0.499027297945885	0.209137507245623
-0.634469861209263	0.230937590976325
0.793098330340138	0.529182381759025
1.07016138313475	0.700230499920128
-0.626693000280246	0.237461138577178
0.127402855706646	0.0591742044141323
-0.0930212583066807	0.0212077808526859
0.348843528647147	0.192619594732295
-1.08193607918032	0.363184830319551
0.80577350723072	0.407785859743412
0.095640241676284	0.0318655076851783
-0.636581351793707	0.235071253133622
0.711668669249934	0.301767566411403
2.31440068975276	1.47360485080583
0.310407988005459	0.106331332925881
0.880088006913954	0.332071169795692
-0.630103698846658	0.238114142337654
-0.932186618144018	0.414569643520657
-1.07293248593122	0.356885713259243
-0.894395096547722	0.57346058303291
-1.07719625785892	0.365069612392098
-0.162680375246112	0.0660706385606157
0.0125770160118149	0.00341390833792685
0.853054428680571	0.489922415320117
-1.33001308340728	0.684527485895831
1.61481212666053	0.909755154089203
-0.241142022218638	0.0734807086322996
1.39041632652022	0.449818911651812
0.306209208533061	0.121850472493708
-2.82570625121832	0.918479199567565
-0.247267762923724	0.0773718761143215
0.119336818505693	0.0444530521003849
-0.409861112055929	0.17292479642046
-1.37736686643192	0.369817212053887
0.323643931065314	0.0946140099914006
-0.0945032483602891	0.0218370726435746
-1.08231332567193	0.369176480609056
-1.37736686643192	0.369817212053887
-0.245825532928544	0.0758252265485299
0.135497280199085	0.0542731489347094
-0.453130878530398	0.156663328184095
-1.07478828847395	0.492637485442338
-0.267403248255819	0.100538975858261
0.135954583426458	0.0590026671561168
-1.51215518947707	0.890785486972137
1.28436416976343	0.704959730520412
-0.79553423965275	0.40403409720825
0.932978942971873	0.649442771427312
0.854302692456135	0.488084505684388
1.27717159402274	0.785145712148669
0.140119522897579	0.0882423748714564
1.86862532000152	1.60648196909386
0.505124393770295	0.2026761738698
-0.107870498433572	0.0370490203879284
0.111465996776466	0.0436503456703723
0.207511990799447	0.116631399388382
1.0772972110509	0.736597103318442
0.491169014575249	0.206661483818438
0.609789862942919	0.294776815087214
1.27531960799297	0.818821912007605
-0.027181034619861	0.0102092089920865
-0.778198907435947	0.31215894019337
-0.889433076315226	0.449230591448118
-0.638781876495884	0.3492916896567
0.236437718951031	0.122451848888164
-0.688627435738664	0.317890637152481
-0.93235814842435	0.409423643681654
1.29113706680622	0.712562973958357
0.146061361603915	0.0630792805403234
-0.426619786517504	0.202771407988292
-0.423445268798633	0.232999385218843
1.44548129769256	1.16923882336025
-1.07623377496826	0.363444231148948
0.973676770535679	0.441122816731194
-0.281760820830339	0.126915680255295
0.516794649765111	0.275478595207159
-0.683780369672418	0.322118194875496
0.43220366490236	0.203940813910636
0.817009540135779	0.604433383679428
0.43764894856255	0.208332570154453
0.561473526445638	0.197281579167088
-0.177031903400708	0.0884998746224199
-0.791559807384052	0.411409087538945
0.132920167263415	0.0510880474240847
-0.671228160101026	0.318604507704956
0.224378452603956	0.119694420123475
1.29556969683419	0.711182063763915
0.526333160998899	0.270292107042579
1.9849027550957	1.54574095770992
0.146262067764409	0.0642676898412116
1.27694260415549	0.752117927964942
-0.0687784356654489	0.0331660616306853
1.10047450898773	0.852068343957841
0.61363840968535	0.297808462772229
-0.166496061462482	0.0676696339598728
-1.28501684137984	0.471749653468482
0.869156369709655	0.330891166249493
-1.76763338215875	0.804520643970057
1.28749378076982	0.487220942817208
0.929925439574924	0.655143422294451
-2.82685472330953	0.922711444031235
0.7794125489695	0.510752784453289
-0.783061534076876	0.317495950804548
-1.87052150953458	1.31045526854367
-0.446621736891828	0.155572166824047
-0.103097022648424	0.0447979786952641
-0.0284032583696673	0.0102170136632065
0.131113802061155	0.0557678519605251
-1.07758897270314	0.649615740554516
-0.437357585375361	0.240821837406035
0.619890907376435	0.304091010935729
2.28174108204791	2.16996588431956
0.263021176925401	0.129193418395238
0.283086763981667	0.125161184519086
-0.436439262304467	0.14878426416811
1.08372721523212	0.961638423954721
0.321596831485915	0.0953901221130846
0.440043998440767	0.200953710919164
-0.764282871027869	0.564376113720867
-0.266212532869524	0.100322537265407
0.28024290629624	0.12461554797097
0.751193601971895	0.231756848435628
0.300234793952548	0.120744314639244
0.536952872915918	0.290969779051137
-1.07481154065185	0.498956665948618
-1.06603496950627	0.501479004729835
-2.50662138300429	0.751156666336677
-0.10075853176445	0.022608042052954
0.974300244999388	0.439826565732736
-0.237212415301336	0.0748327439790269
-3.31618594475123	1.17061745626373
0.30559068026284	0.109901940605023
0.592385189167263	0.280738306475184
0.010131495740088	0.00286003154930546
0.73704183663585	0.227152369479022
-0.79391761517967	0.324329622947537
-0.442887594380354	0.153064672097082
-0.810132074668062	0.395818467034312
1.4677616476689	1.10626599074866
-0.552181308096449	0.239984702765866
-0.00297521481345821	0.000840679153061632
1.49883060878414	1.04304014024965
-0.103768133233552	0.0351394603495154
0.103549128128031	0.0329887812163524
0.304583266337342	0.109460856293357
-3.67764744025752	1.47487100615931
1.26102551207585	0.920797459756191
-1.17568648395231	0.731774695684746
0.601858191455727	0.277751930693827
-1.45530140517973	0.566168385659182
-0.284995789133857	0.123245134045684
-0.114516097615511	0.050126932956154
-0.802651811594254	0.384288396272137
-0.788697878361879	0.407589658088919
0.146634036709147	0.0632899080721404
0.309940569717756	0.120677944603778
-0.458464353123078	0.158103272835044
-1.46095455551434	0.580997184039725
-2.9264392090651	2.16822585815995
-0.407753714237324	0.163553148269974
-0.298060833646263	0.132794346102283
0.0475871004231032	0.0213486788650182
1.07190681706663	0.803051647866617
0.160129444252059	0.0740569914424731
0.826734892854401	0.599001968063287
0.679972232486988	0.361289598916737
-0.630071830615149	0.345602282708094
-3.6708084484862	1.46290246266027
0.301687439503102	0.107171082274571
3.42559525552626	2.51365666946355
0.120524940037738	0.051108086497175
1.70679576296035	1.29764726075381
0.519913381904852	0.327661477518646
-2.01917096403015	1.03020245571643
1.94171798110185	0.803776539333411
0.495454841912236	0.209142950818353
-0.0859660040562697	0.030489939263947
-0.787551179122806	0.321854672051478
1.28581946275928	0.683758241681432
-4.21054549976887	1.97648998506842
0.319235701030726	0.0941325908845634
-2.82685472330953	0.922711444031235
-1.6158330740944	0.687200844863277
-3.51426902866386	1.36923995903935
-0.832069625663695	0.254252617003816
0.752335392046826	0.227565334947581
-0.101997947972724	0.0220402603950303
0.746287337554133	0.222419549188941
0.560162969997921	0.202552635423601
-0.827973934228269	0.248897601435703
-2.04902373026814	0.584535062964325
-0.255131687400916	0.0980469057633689
-1.46561602821067	0.580295799109019
-0.94266615497468	0.413525392723285
-0.405485765035409	0.190597988997103
-0.796958141987824	0.323814436804465
1.46990727708461	1.11913358726455
0.0163723402234453	0.00670423379483495
2.12904219636873	1.77474305072306
-1.09857753643076	0.677067907745496
0.368033689680357	0.259417111799167
0.517923455071389	0.325516117574409
-1.102666401659	0.648920516537383
0.851079161119158	0.488065828826909
1.23060902806138	1.06295733677772
-0.279879945024108	0.153399365747199
0.692212170800797	0.296109649559936
-0.793932385446397	0.32670059997012
-1.52805289646201	0.869575677940215
-1.11545964168315	0.659736259308677
-0.510148315253968	0.26794904929899
-0.14825305674613	0.0616070990563037
0.327050365069486	0.185032006695315
-0.651395614970245	0.338928891217687
-0.0974411559193684	0.0219556283179796
-2.03296099608947	1.01972275526937
0.275643587875093	0.131452090683429
-0.66446921550775	0.320920320041559
-0.170956231479392	0.0667439605897365
-0.996658696647423	0.567228441187825
-0.251085025058268	0.0927157478683349
0.450228258929276	0.213073958056389
-0.406074087654512	0.167775804315665
0.0187648786810387	0.00787691174556664
-0.711611003623618	0.41285724930884
-0.284758494597917	0.123769086808989
0.137145254700325	0.0535091742721343
0.139819731889344	0.0652330491466893
-0.54721179981361	0.236647848090598
0.69528239228832	0.347684093747891
-1.28832208852662	0.473045239219147
-0.809432794163808	0.415170986860953
-0.0203433586939565	0.00758469103561187
-0.792290350299767	0.412807474120998
0.14196988276023	0.0635191395155117
1.49178432283365	0.998038835269704
0.0321087815048448	0.0146754887411472
-1.44323396155754	0.756131159629368
0.00634261434377181	0.00279438782512284
-0.113977720069944	0.038136014204782
-0.239665675174267	0.0758816081140354
0.11956206227758	0.0511921184677672
0.00576282991318676	0.00187956752798575
-1.62491794011467	0.681174378303346
-3.82563038660201	1.57291524214124
-0.732595145989812	0.424357681806813
-0.0841697065046011	0.0290668052505688
-1.2875447384838	0.470541975502241
-0.256902005262499	0.0979126175362844
0.688443516326182	0.383243444706841
0.113867152273864	0.0433579642527645
-0.256776497293765	0.093224576574651
1.29113706680622	0.712562973958357
0.0927912175691937	0.0305892965678871
-0.447759120682798	0.157190994276233
-0.102329697110192	0.0221028159522019
-0.240415257229644	0.0763442857745277
-0.327514823111822	0.159496536683815
0.721396515237623	0.30376588267164
1.5763035366972	1.42300976602037
-1.19560908934695	0.547152116782973
-3.52301705998267	1.3320779008944
-0.802693868713501	0.402043946805525
0.135342088689557	0.052654160371433
-0.0848624491369843	0.0291881961091927
0.718045003071686	0.30868391454314
-0.40086053450213	0.191454925208561
0.304122949888655	0.107086798187406
0.128037384914389	0.0511267585233957
-0.0844316041441796	0.0282809231247535
-0.0879890957796581	0.0306174800318228
-0.261983515475002	0.0988684748986858
-0.173423276957806	0.0694123303326435
-0.0892605983692757	0.0300425732056021
0.322762749874878	0.0935836834104354
-0.815968324323672	0.50277252996469
-0.273082869114443	0.117147458978366
-2.11701655373629	1.09631134882933
0.279975206648588	0.125264337161123
-0.387454385897554	0.18314552439739
-0.4024126331517	0.163002461306022
-0.254132085478848	0.0959606162347693
-1.07112248359097	0.470125619252553
0.952863410251211	0.405960466385448
-0.00984729683559207	0.00407058009981842
-0.281406331127628	0.1251669829788
0.535765365205101	0.289761770292306
-0.541645398392034	0.235680924388248
0.232283950851358	0.115946779460667
-0.418286855117497	0.196353689361388
0.606129156608968	0.295408927806107
-0.29963425904213	0.127751463406315
-0.0224907444630024	0.00841613502307722
0.145171049298337	0.062988211209081
-1.41903341324691	0.806179008995565
0.289336576416794	0.114524390736836
0.140269418069109	0.0563427307524069
0.615943083747433	0.29765673759576
1.29650889770016	0.588256760814107
0.537403497692617	0.274213678793647
-0.966896215210419	0.639046300365695
1.07386147149863	0.816767653845993
-0.88635276716298	0.474012942110964
0.126902743235226	0.0479738683588493
-1.0805248563296	0.360561938702347
-1.07634430427106	0.506552490776859
-3.32001561112394	1.2286468506821
-0.932478144582737	0.403545285028222
0.734999759270719	0.224471934267942
-0.518522788361015	0.137251012289687
0.00770693508204256	0.00227367695076611
0.547153124490705	0.128061292620407
-3.31219836079853	1.21229419336227
-0.837725680837318	0.257618742248887
0.016585367115239	0.00431836572446858
-3.67653779446514	1.46867909772071
0.795644122833434	0.403937722279864
0.546465924658674	0.128383503124171
0.965274564449398	0.426775369712916
-2.49582076805792	0.739355067527278
0.559434225070307	0.203870193340105
-0.441725045785078	0.152762734038631
-1.37855256949683	0.369087290450251
0.319235701030726	0.0941325908845634
-1.27805932009521	0.464543188836519
-0.927813203566376	0.398607900467113
-0.408930932825112	0.167639955216634
-0.0934161693868107	0.0326146996613425
-0.0841697065046011	0.0290668052505688
0.269104466066283	0.120773974063325
-0.293238887137089	0.131602150882595
0.568131518697229	0.210993711274774
-0.50729643335175	0.248588529278792
1.26246404489662	0.960275656245953
-1.19287721743198	0.59265988349822
0.232986060377532	0.124557418882484
-1.41807966202293	0.804429289431161
-0.0886644270213702	0.0302823377731696
-0.0751971327433769	0.036301596170179
0.535719676883488	0.289369705401419
-1.20080887222371	0.555737393861698
-0.216975687312092	0.101591200683
0.407875954950087	0.2065294069399
-0.160260047256716	0.0630465799142851
0.845861156239883	0.447033562701388
0.314885324114187	0.125751469573616
-0.250081737950838	0.0882366700409161
-0.255381139783734	0.099323478232979
0.655600470795198	0.434245566988526
1.55456810806936	0.968326000341616
-0.334380074362985	0.168144896732874
-0.250489570844371	0.0768557847415615
-0.807721996907192	0.317651209138204
-1.40354511518942	0.780975056506133
-0.232983515207047	0.105130137985528
0.328390611184075	0.0928282901973728
-0.0863987951602957	0.0303552326705985
1.03495573717198	0.533209000673329
0.540324765453365	0.286003322960368
-0.612953810356559	0.331688783973852
-1.19391164507154	0.732205638303496
-1.05454714801711	0.47104298473409
0.147708883058763	0.064765575528918
-0.209074029564221	0.101443664277175
-0.534919348659707	0.228659417029622
-1.01078375921027	0.562810033654041
0.309209115863932	0.126443731503683
0.327130737736728	0.0929907722561203
0.55214581790574	0.20514117550314
0.529417439037028	0.275875867153457
0.698134801930755	0.308842138238843
-1.28397484377712	0.855211715985995
-1.79785624562432	1.23349942051732
1.29030392607171	0.593346654994484
-0.778502679092996	0.402564872177849
-0.179239051630908	0.0708469032213842
0.133072597921463	0.0735703438948971
-0.55079897525142	0.234794756978582
-1.07439317852246	0.503216991851121
0.794488225943891	0.375750794367826
-0.408115829925162	0.16572037606703
-0.838292132460631	0.241553764999905
-3.69124345456858	1.45644881270932
-2.8291542449386	0.893923832929712
-0.516215201709685	0.137775183819285
0.54857087575441	0.128558386573012
0.0123876104363821	0.00332088703147064
0.546465924658674	0.128383503124171
0.324806634650673	0.0927716123811618
0.875844030305876	0.336682424821453
-0.525823473591188	0.142192228149134
0.542280131446209	0.128299417175899
-0.00122700266729161	0.000118274627045177
-1.4677674812712	0.572283921565341
-1.46880813033085	0.584120844859485
-0.259391726168999	0.0989378867030392
-0.425231651381722	0.173660643167555
-0.293060491403927	0.130944288615169
-2.12085087900372	1.12440423400448
-0.783949483979896	0.402473520759221
0.756789442263081	0.453030503121111
-0.00404829272460391	0.00127533686610745
-0.523513114305865	0.137679209591898
-0.792981035774862	0.323944718420955
-0.172724818520153	0.0708556844421047
1.05078669021982	0.595364014506082
1.61139862979856	0.892258128334717
0.152325380734136	0.0730334977474937
-1.08787092225791	0.506511521715926
-1.40401401676832	0.769203149411581
-1.41527324932363	0.767399462183745
-0.622328964810778	0.23417735226982
-2.02870419953673	1.02250188615256
1.2786750726952	0.862127623299729
-1.21462740432404	0.758717866593651
0.561464825044093	0.206172037992028
-0.682038151512564	0.425483972336985
0.79665690507608	0.532913771777536
1.53339001058221	1.39530628485048
0.875170860007597	0.495958488694649
-0.255280831393142	0.0978643394356112
-0.895706772164147	0.495751080448768
-0.234303088431131	0.0720657058555488
1.29501353742001	0.519595491969007
-0.557492392406155	0.251303741322847
-0.954697431810305	0.400670235741122
1.53794915458828	1.42107666519175
0.486209164114118	0.205887770886411
0.0201429608800242	0.00808000819109713
-0.415164378996578	0.19884132004377
-1.28977845024548	0.455500438451631
0.779207383845609	0.523865306624564
-0.220751635169701	0.100617444228662
-0.883525720028306	0.475070746070786
0.0210726230777778	0.00851349155116046
-0.0156022915162114	0.00588681956714289
-0.100397591633356	0.0347340304428276
-0.45174420682636	0.270511376734916
-0.936379043877388	0.407450048467314
2.70732312948265	1.44883086896814
-2.00893212506407	0.985494788377611
-0.26967280782505	0.102088291698154
-1.06580024546541	0.507256087052187
0.117729866120778	0.0459903375975929
1.07114756173575	0.65339692832071
0.0222045929448471	0.00917491971784601
-0.401680040670412	0.181215380260278
-0.456202861873775	0.146363449101988
0.14056924299169	0.0554592650083813
-0.825799730446553	0.248850296046326
1.27902336799255	0.583899099639096
-2.498964405108	0.767925687647617
-0.0995973058669546	0.0224260918786388
-1.08193607918032	0.363184830319551
0.547391394977736	0.128082186515472
-3.51779918439184	1.30846612312444
-3.32389604813218	1.22913311718987
0.318143538060255	0.0951754671461897
2.35242825336942	1.13511690169107
0.474730627274639	0.199893376090307
3.25441962880894	1.39530782780555
-1.0885566476252	0.369289157276746
-0.833063405948399	0.254155985426631
0.020575217840061	0.00518184212929662
1.02475950690376	0.497768467815116
1.28514438735211	0.582514174254378
-0.0905820939968262	0.0302555490222111
-0.781561097639516	0.312759770274788
-3.5105880644975	1.34597780163031
1.7680956231278	1.22268665024645
-0.238368408029046	0.0730144213668988
1.3866691796729	0.441467883753617
0.955823797265994	0.718550668515443
-3.32112060479918	1.21020607655163
0.530790055372945	0.285609234028816
0.321953495094911	0.0919169186090849
-0.0838850247867613	0.027989688166681
0.00855887989712466	0.00241960783495397
-1.28207481227429	0.473471454058406
-0.249093226379413	0.0762300613810502
-0.258695841361134	0.0937103735684786
0.738348160190416	0.228612711329341
-0.23900432545147	0.0741699350900122
-0.236516139800868	0.0742890111474493
0.324329385368054	0.0959051461273956
1.27961031471803	0.599998347667916
-1.08714078500731	0.366580849372236
0.492196664165005	0.213779702945331
-1.45584302237519	0.560922149886694
0.304940561865536	0.107877977454965
-1.2795883046487	0.459586639042885
-0.438004265768244	0.148097615757373
-1.61679540852867	0.681474236997958
-0.833408040905954	0.250484038706387
-0.633287278481493	0.239866463473891
-4.3385225410907	2.1029535901107
-0.796691111875399	0.316280358003998
-1.28501971994047	0.461293597245854
-0.834152635363741	0.25296310080088
-0.235937790139879	0.0739705012996475
-0.241117232203474	0.0766152348332909
-1.28486297953742	0.470411391030251
-0.250438360879019	0.0775638663008411
0.304207163606898	0.103955337525253
-0.0989824574858418	0.0222456966330467
-0.245750819454419	0.0770070334360556
-0.399392117379909	0.166696592515304
-2.22627287108	1.2351188712438
-0.449079045752854	0.149376231035541
-0.40945684039182	0.172162750833961
-2.82570625121832	0.918479199567565
0.00985112133250351	0.00270490566336264
0.875562112538139	0.333435340872029
2.35131244630801	1.14548527724578
0.551434132025428	0.205612163968176
-4.2211785868418	1.98476058331193
0.319955188979433	0.0891324247714265
-3.317043081878	1.23068131856223
0.750788370120738	0.226789242785611
1.29220746553467	0.503379734723833
-0.236516139800868	0.0742890111474493
0.86443234909896	0.325924314144281
-2.04902373026814	0.584535062964325
1.87110733943015	0.599602400649659
-0.525967721160877	0.136720395702645
-2.05650312187694	0.572642061324397
-0.0155084942243123	0.00613570369951706
-1.08255639517178	0.362075346638336
-0.402745628102474	0.168710632147134
-2.02345355008079	1.00875585373549
0.268113201148937	0.117931377509466
-0.223660298671758	0.105343952129969
0.593485959466241	0.288664736795379
-0.392768713097836	0.18494119293681
0.0917640890315659	0.0306711655732705
1.29826769863472	0.517718185768294
0.472894460406136	0.270797078638536
-1.76016394637632	0.780696715868536
0.312146439233386	0.10873506669941
0.298471989659286	0.119867795123029
-0.0284985980606089	0.0107157145146623
-0.123858589560203	0.0550593430730722
-0.797312257378108	0.402923068530251
-0.791522690741873	0.31734849087533
0.792174293411462	0.374214062011346
0.769875779725983	0.458471397802298
-1.76428312075508	0.796604778762008
0.125353771284949	0.0633279494427326
-0.238236646502882	0.0722371898417368
-0.512254887636332	0.261408783720852
0.308279808620381	0.122773442715621
0.413064901104919	0.186194172586035
-0.00440597558119841	0.00139828738614711
-0.78850792326069	0.326892092037814
-0.105516427544425	0.0358786534140618
0.0974312424372913	0.0311474774755102
0.329499178227133	0.0941776028831613
0.309355176709334	0.127755898973924
-1.75832042057433	0.765731807884889
-0.897093955060602	0.479946942417119
-0.080250609678389	0.027591390547924
1.43444365566832	1.16684828294847
-1.01747898148611	0.566003651678541
-0.400643114787901	0.164342732151668
-0.680074181257	0.322376518083972
0.12954185891272	0.0673049005272346
0.314035647599708	0.126317235264299
0.0144127031489886	0.00391569660959579
0.801501049687112	0.401951885775677
-0.627338353373023	0.238337715146027
0.558111232390697	0.204493417300908
0.0790026908990664	0.0259296805620581
0.559584005737016	0.209985261051233
0.0877910164299483	0.0300195073784517
-0.256902005262499	0.0979126175362844
0.547153124490705	0.128061292620407
0.13535659163047	0.0517165244220637
-2.04902373026814	0.584535062964325
-3.67486495496742	1.50848162780592
2.36231432978325	1.14726817819118
-0.0956609260577928	0.0215971171731289
0.503340720301756	0.209088916411815
0.00112218195090535	0.000774245296953195
1.94790175613624	0.801728943573825
1.38638151288191	0.451248877983357
-1.28904102514027	0.470679738640395
-0.440273188511385	0.148150643109314
-2.82570625121832	0.918479199567565
-0.245086104881698	0.0766295358796992
-1.7666438172446	0.789843538223155
-0.787677240756539	0.315776865396873
-0.44796599845068	0.154689701734251
-0.100630873298134	0.0231392113137372
-0.098488861150623	0.0346690753468352
-1.75318897976611	0.770924863685206
-1.29696981659506	0.470011028698821
0.562788744491654	0.206971949619702
0.67988807167476	0.380113798844151
0.477667963094383	0.197450415264583
-0.448797325089838	0.156531394094799
-1.29365563241636	0.47652004785956
-0.829590086194977	0.249784329587004
-0.825335027523982	0.248598183771305
-0.623043367043011	0.235489444745503
-2.82685472330953	0.922711444031235
1.07896468342953	0.700202475343003
1.29391597149827	0.505537434088164
0.551574639096523	0.201876306117284
-0.63748737917422	0.240134896217542
1.9426712217466	0.773814236771712
-0.4411027930622	0.149009179983693
-0.1028043426964	0.0356847130076247
0.00891378266306723	0.00241722255067928
-1.45954265283905	0.57403561389523
1.61432076936322	0.869363514280936
-0.635810954321916	0.243471586768212
1.87110733943015	0.599602400649659
0.00526618147656546	0.00152611893018079
-0.449826582075874	0.149829611137004
-0.0231931695497517	0.00879888327082224
0.00896257799837875	0.00262738053550214
-0.522730428597738	0.135680265064023
-2.83458329559744	0.91634542093066
-0.640192902794208	0.237157450408828
-0.0979674206227201	0.0318932314546976
-0.0035044494090112	0.000374007980371103
-1.29240884760877	0.456866664039903
1.37876066568467	0.443326011148766
-1.07433753222606	0.355844441385825
1.53373896846694	0.921575816350659
0.324329385368054	0.0959051461273956
-1.28025734148033	0.464687579341
0.00359562472707502	0.00137167257788358
-2.04783485499909	0.571093548500225
-0.105836198629932	0.03619257121092
0.0114202123721441	0.00307192001957707
-1.2844385705487	0.460762202132447
-1.37736686643192	0.369817212053887
-0.457952467882089	0.152238768079244
1.28048769175174	0.674920976302418
0.321596831485915	0.0953901221130846
3.24240681893828	1.42771156811189
-2.05433974854713	0.576107769870825
-0.520104445364255	0.137370661910804
-2.05433974854713	0.576107769870825
0.744980507015802	0.227659325846765
2.36333695390092	1.13792054370565
-1.37736686643192	0.369817212053887
-1.37855256949683	0.369087290450251
-0.528357476837837	0.138974057943311
-1.38250936278202	0.367021552852188
0.131156595827582	0.0511095826436203
-0.167840930392659	0.0639781019842886
-0.258744467208515	0.091459383651122
0.132428949434406	0.0581208799497152
-1.61738874470426	0.674115633967117
-0.513545588916538	0.134680065307493
0.267503073420215	0.127877569900861
1.27215665094155	0.842119999230958
-0.100773522662661	0.0350425554712166
-2.24246455141129	1.25801740530686
-0.0189150031049904	0.00705853981428009
0.299513936805346	0.10453461640491
-0.27397395552147	0.119816448520282
-1.01171336509432	0.593200052715905
0.438613515127378	0.207799598097121
0.309707523091543	0.122804930951766
0.138414151963735	0.0665499690753817
0.0927002628812514	0.031098282472655
-0.795716033008348	0.330423083344369
0.796402144705119	0.40363392255359
-0.45711706091941	0.151415308847684
-0.838767070950065	0.241794805876104
0.020575217840061	0.00518184212929662
-0.516775237435231	0.138362889204207
0.540274986045954	0.291304425268878
1.29775260580164	0.611429353584948
-0.403292884237287	0.168592863506836
0.398820568125262	0.201036535278068
0.29198224571715	0.115460673518835
1.28212022818692	0.656062849821093
-0.779605695555686	0.391338643084962
-0.678019785401033	0.439798273808061
1.01541324031258	0.513675160548178
-0.237212415301336	0.0748327439790269
0.0155438548458804	0.00405178143408911
-0.407804288232798	0.170479425377121
0.103123819310073	0.038578478758377
-0.623061137859356	0.230339937577169
-0.249225514792959	0.0958368401971283
-0.0830925990070645	0.039883210793801
-1.28686787327505	0.471151862954024
1.27186605579433	0.84309848346881
-0.232977508148196	0.0728750919260725
1.01899673774676	0.530229666427727
-1.18645749540068	0.595500222324128
-1.62259104364055	0.669253363279676
1.0191289028473	0.543510683101311
-1.46838881456181	0.572989903000432
-1.45958519759709	0.567351277341272
-3.10186540327758	1.04102889151319
0.54857087575441	0.128558386573012
-1.46015956548501	0.574745191187339
0.305183694018193	0.104485014781049
-0.105110575947249	0.0235349560977657
-3.83232766914954	1.63738876630433
-0.019848102738211	0.00717145690966037
-0.449622976654422	0.158402020614659
-0.80311582171872	0.318739350210609
-0.44827845243124	0.157314833464383
-0.442048577723863	0.152689526026685
-3.09073159364739	1.06509583332195
-3.68514135023859	1.43504937058255
0.325284210116399	0.0947009503158023
2.47879922827748	2.08692106048909
-3.31219836079853	1.21229419336227
-0.913378670886725	0.48043963407856
1.30281978304653	0.516382390088555
-0.455840549367423	0.153856922942926
-0.391165559222237	0.150615599359099
0.136710925432801	0.0521760729601174
0.0872620434387969	0.0299296743881726
-1.42145497764256	0.804931517148835
-0.286834105900307	0.124881134248309
-0.62928208558402	0.235545871325552
-0.443389203451223	0.201267099706155
-0.240438926085152	0.0746406049517052
0.706977208810427	0.300450489916941
-1.61554332344352	0.687211374779358
-0.299008261603273	0.131301717825019
0.298392332922209	0.104744035086682
-0.83107905876281	0.253159203624365
-0.175654931050933	0.0880841992679265
-0.146793360408797	0.0607918336419781
0.0255114641933154	0.0101887405689934
0.554592402120507	0.201083675133381
-2.32578521438231	1.32975217927734
0.100658811758578	0.0321969074419594
0.493974274864421	0.209794309123177
-0.635360111036236	0.228382564416369
-0.535499967142684	0.230099785092046
-0.949708604901676	0.41774822513994
-0.403447466736354	0.1942681695946
0.0930598022216117	0.0311927820415481
-0.425003461087676	0.174112688477466
-2.83795601700087	0.914236934316833
0.277427978087488	0.127131283948893
-0.792924940810233	0.325174383514389
1.28714517854748	0.611360145260476
-0.451787801767275	0.15134787497898
-3.09647448091884	1.08882943702806
0.139782370761286	0.0548015175334386
0.100315010181669	0.032758110584804
1.72136021492481	0.818275143602808
-0.930689206419077	0.405889249817814
-2.05433974854713	0.576107769870825
-1.46479475134773	0.580702493477498
-0.446969943382775	0.15164445407913
1.28700529892342	0.60245389301027
1.93925039428541	0.766100967478704
0.320315073371118	0.0918159211540541
-0.44684517885348	0.15346237358826
-0.246358112791038	0.0747650702293946
-0.628838118507978	0.241580521936116
-0.496988807984546	0.290990641023316
0.613109653463145	0.292316792986873
-0.232615628955298	0.0721074667826583
-0.211948888076364	0.100664050051964
0.557532205682564	0.204766766217193
0.555530966807052	0.19908816696864
-0.717609260646784	0.400680078705324
0.497250546772201	0.214308991699582
0.596821758628378	0.288064523444569
1.05230964370053	0.680783672768657
-1.18481179526437	0.574384576510808
1.55406252122495	0.994688706672393
0.38132773935503	0.192907322324352
-0.239689010674365	0.0744800040485844
0.0138776727479394	0.00371737921651206
-0.795012917681561	0.318916030750128
-0.614148856554389	0.306149736628816
-1.62766597363056	0.986318022749136
-0.425435691254823	0.173388625213345
1.03122831568285	0.532404212959134
-0.0388135183205586	0.0140940188657011
0.00315146877953838	0.00154069989481932
-0.418335141495435	0.165367950410216
-0.902542341186245	0.492324216795951
0.448821125158577	0.204581159839405
-1.00534805167276	0.569123608342595
-0.687645494074726	0.319991161768421
0.854799502594233	0.477290525313938
-0.542132499867703	0.236552146164207
1.71823067677419	0.80209768706932
0.110692825488039	0.0423823482572113
-0.523874505862576	0.135964042671109
-3.3250289416445	1.22913026258715
-0.841324460591787	0.254223558114739
-0.638030261275064	0.231974863795972
-0.0325531860625831	0.0121965819988547
1.62129933892892	1.30744214429637
-0.279609946100392	0.100761898582457
-0.830458254376926	0.253340793357874
-0.45387038519935	0.152302120851211
-0.832884030316045	0.249681598941155
-1.07045924783237	0.348655539443657
0.699814678245819	0.305588100903
-1.88855317620535	0.886407979078181
0.305790646028795	0.106855648819102
0.0166328919450953	0.00418655247743507
-1.07666813951648	0.36466782984443
0.32378945791284	0.0941270332049614
-0.528357476837837	0.138974057943311
-2.82455863670409	0.896736460929173
-2.51316275901324	0.725618258301834
-1.07815892867015	0.363555579143483
0.329414764622806	0.0965032236713675
-0.832413506587079	0.24942693040685
-0.92572053820773	0.404668060685216
0.542077868427697	0.336591755465357
0.750520799292051	0.462838263973136
1.62069437766888	0.869613626465238
-0.398946203630488	0.185584277050389
0.28660183327449	0.117239680234048
0.148701092817541	0.0721308417942012
0.830214245574524	0.584131231235204
-0.0963718360966471	0.0338704458871828
-4.20984299038634	2.01909642177849
0.0983550481415305	0.0336114230903965
1.29705360423516	0.786095197727899
-1.20428937499082	0.589358239238099
0.135594059638767	0.0529070957417802
-1.19214020164042	0.575327385211374
1.27655166903834	0.855487470196948
-0.927531095157197	0.400950856995904
0.301102562933727	0.122612269268888
-3.96175014747305	1.73028154136774
-1.52346783749265	0.876093213932645
0.530553172437501	0.339799499074091
0.78451046211025	0.369636333793105
-0.457349676100709	0.156312109760511
1.10579644800613	0.888528543785856
-0.32373347855649	0.167705325783473
1.26600087651727	0.823577781401758
-0.622234735333595	0.233613576285548
-0.451427023485615	0.156337767156886
1.08589200587229	0.712743249565614
-0.229708426494184	0.109768432454521
0.13102671227747	0.056199002536562
0.0232128578056101	0.00954794431377457
-0.419323413960559	0.171285581067993
1.28891395579987	0.681101270645921
-0.259278301022991	0.0999013169565866
0.282140748192228	0.123350535981884
-0.220858087745295	0.102503911272336
2.13448849352235	1.75056992671969
0.133442537455576	0.0525561150884897
0.132395468447085	0.0571147792181194
0.0160545770394899	0.00419682354489619
-0.636104787624701	0.34136848444478
0.520762310002266	0.274668637812909
-1.28628610867284	0.470598272863016
1.29277567183293	0.700324444521975
0.608801746939096	0.293566349156937
-0.554725606030961	0.24813915374902
0.285262427226277	0.110532715864655
1.29337507943617	0.520832317482809
-0.78712587402645	0.313307634704253
0.313792592074321	0.109239055013965
-2.82455863670409	0.896736460929173
0.0129153418849133	0.00344424604437407
-1.76249172705706	0.804727042246167
-0.94337414411159	0.41815989742952
-2.01178616417821	0.985078269704328
-3.09073159364739	1.06509583332195
-0.833063405948399	0.254155985426631
-1.08881132616325	0.360812302847269
0.300509850473933	0.107017194790929
-0.52779952666709	0.226772922252766
-1.75713797326246	0.788541628720663
0.0149480141956578	0.00396582610339533
-1.4714827656171	0.589085482045999
-0.513944376026364	0.134820394971873
-0.24786081174021	0.0765341263355769
-1.18313976198397	0.589495111973371
-1.61049682744984	0.670773178890503
0.321953495094911	0.0919169186090849
-0.421140121716403	0.169740595434337
0.450473357045224	0.209292819488158
0.90329800862843	0.566609334920806
-0.44827845243124	0.157314833464383
0.0190842251441769	0.00494141267484626
-0.928165091428561	0.407621951355376
-0.0195038432076246	0.00762136230208936
0.557542476811568	0.205754940084151
0.496629791404607	0.203628188366229
0.298392332922209	0.104744035086682
-0.801126208421726	0.322174992682881
-1.08334878733888	0.351185504190357
1.29000455456755	0.695227464784534
-0.640849088511884	0.234003420753034
0.500873762671814	0.20520249158328
0.00252258717362925	0.000953137376538156
-0.520802749971932	0.137595352476473
-0.672013400507399	0.314614298933758
1.29555514583486	0.597646623783763
0.00487266274740583	0.00159990718475562
0.966755970220939	0.442411904138521
0.718941744995871	0.313995894168662
-0.235175374955605	0.0740295955887752
0.304214123847467	0.10617473038417
-1.76000883866659	0.752582263493074
0.304080271758575	0.107488760293045
0.292369129631096	0.119603230223302
1.2861906075213	0.686750064132655
-2.50875714167978	0.731657401207843
0.00770693508204256	0.00227367695076611
-0.0992289152954666	0.033885817881563
-0.409199400155176	0.164545874761703
-0.943811087564307	0.402669177067316
0.561391103933223	0.19901342128711
-0.517911135702038	0.138411916640514
-3.09293870382283	1.07206408964027
1.94341798296218	0.801191315472705
0.0190842251441769	0.00494141267484626
-0.523135590479346	0.13582242225782
-0.8247136985442	0.243775063199332
-0.830458254376926	0.253340793357874
2.04898071453106	1.0912983763403
-2.83573891845403	0.897342341993353
-1.37736686643192	0.369817212053887
-3.51856852145392	1.34364082261708
-0.237275358357156	0.0740297101533226
-2.49582076805792	0.739355067527278
-0.0945032483602891	0.0218370726435746
0.330033439664547	0.0950177430381346
1.87693466126903	0.595647178734079
-0.100630873298134	0.0231392113137372
-0.84293628563619	0.246758137242534
0.54857087575441	0.128558386573012
0.546465924658674	0.128383503124171
-0.243051820381954	0.072777302682525
-0.530587016762827	0.135175035298495
1.29157617855243	0.498114853416598
-2.82800405415571	0.916370270350291
-1.37855256949683	0.369087290450251
0.546465924658674	0.128383503124171
-1.08617793565474	0.360691437847595
-1.38476212339261	0.366878631153991
-1.37736686643192	0.369817212053887
-1.38476212339261	0.366878631153991
-0.943171739265091	0.41905489072848
-0.614919310346601	0.319511545578475
-0.15107157060789	0.0603334458667678
-0.328258404245458	0.162696136848629
0.0123436296170815	0.00341524440635948
-1.07049805369923	0.485775489767854
1.04736657096397	0.617842711037941
-0.881201967484767	0.470920124589549
0.598471093651933	0.288084211653247
0.750050902487593	0.226091187584343
0.532592855571001	0.275212519817878
-0.419544818000898	0.165571982571636
-0.0841754941715745	0.0291212554549698
-1.10974241853704	0.943265587021238
0.129212904846228	0.0504859963118826
-1.42286185729817	0.805409491760847
-0.989070876861164	0.556788502351903
0.80768467734817	0.396122318232441
0.854475810103017	0.483624342979376
0.620164226391058	0.29975877225367
-1.07760763919149	0.50771087221934
1.28910159379016	0.671663314248421
-0.204864283131855	0.0959550634837852
-0.0941102971862113	0.0326586016877903
2.75273062615881	2.23563873848556
0.623742118352898	0.303117285616294
0.122783388120764	0.0478103891362977
0.132626037681174	0.0692304066883478
-1.76221372574836	0.792930037971209
0.283190812344234	0.113482823129956
-0.029359866460975	0.0109244408427671
1.27612484852128	0.868141087981698
-3.67709283705794	1.4752719396224
1.29994326450762	0.591310054685898
0.603314721925029	0.296841304255033
-0.360224372504419	0.207664492147201
0.70204425927015	0.307899123018304
0.0250489246099664	0.0101984435277346
-3.50766607864638	1.37426814117007
0.326763941420613	0.0938492014293281
-1.07390451092355	0.359387288546195
-0.161031816089182	0.0661458272042905
-0.266129841310379	0.0979112570864003
-3.85968365396893	1.5030507169938
-1.07652621510493	0.353950179594174
-0.0924982063303179	0.0321431011967746
-0.536925592408259	0.21833894103721
-0.0933464908639628	0.0212702965815671
-0.834152635363741	0.25296310080088
-0.0994736170795967	0.022542834663039
-1.45608214826289	0.570053697959349
-1.47118428178164	0.565407948397559
-0.551911847613011	0.246784909992825
0.562003258631275	0.2096791914521
0.00770693508204256	0.00227367695076611
-0.5223760081113	0.140414884928745
0.705143211121904	0.314964144094488
-0.831797157170485	0.249598715476935
1.38862995695289	0.439716681685414
-0.516775237435231	0.138362889204207
0.275004425348331	0.102155299712161
1.39169916614548	0.435776864920201
1.28232306134027	0.663613889948702
0.0145978733345866	0.00388391183704723
0.541100401848291	0.127818857380943
-1.28563619486867	0.466502345115354
0.865758573678066	0.326685916203701
0.322557654004936	0.0929384197794441
-0.102208622300794	0.0226916030253293
-2.83249128745503	0.934154025578548
-0.522739884222163	0.138889648292059
-0.526964267085977	0.140208674753714
0.554760328299753	0.202262145763023
-0.530695804189267	0.140404794130474
-0.5223760081113	0.140414884928745
-0.0978213193620585	0.0220638318542834
-3.51703589633608	1.29990401687756
-1.08828343061445	0.494490726022216
-1.19530190300696	0.582499224436925
-1.62620730611787	0.698214490010259
-1.62546258423917	0.66161983777373
-0.692347341652176	0.317563621753014
0.422927123446388	0.261625067096332
1.87765931772325	1.56465747051958
-0.882490666297407	0.46397988911058
0.52837228878308	0.261474315786994
0.0482315112101528	0.0216317614642087
-1.17040542938328	0.746502150760741
0.284450324018334	0.126161173311799
0.277691693198741	0.12339243931146
-0.548255671004689	0.232539252767686
-1.75734275843736	0.78804982735828
-0.255161935410149	0.0953879954685331
0.428364998213687	0.199910481946282
-1.61615783093139	0.681500593514244
0.492198450022755	0.215124259553815
1.09056730301307	0.80580283275873
0.540182373486059	0.193660529539629
-0.421233694693436	0.173296815850599
-0.561073049057505	0.238967440315675
0.900674471178367	0.571724734923435
0.615189702512773	0.288577219466382
-0.447141212503182	0.156601589905302
-0.543215086632608	0.266903173992686
0.0390194810497877	0.0175071435094974
1.28627463396002	0.612927169658483
1.69195899503417	1.53068785121721
0.130788392792657	0.0565773703492221
0.327854367618469	0.0960907721742113
1.26808177175617	0.914167650917027
0.873414888554725	0.467704639719501
2.98889555266167	1.83278439565222
0.710360591428888	0.313646562678378
-0.0257509255235394	0.00972649001771962
-0.799277542783509	0.393514262746065
-0.413614494585791	0.198811013742593
-0.933265904436459	0.408097355725433
-0.622915537942754	0.224748648425979
0.109497854620618	0.04248616233996
-0.441217370807169	0.152641861724314
-4.59489992162574	2.55685618544321
-0.338659842255063	0.167557431644644
0.480718149703501	0.203911570055299
-1.77266534576809	0.802391823723131
0.872216839820143	0.501073780574397
-0.238915967588742	0.0745023660885908
-0.0964394026935361	0.0338480807031003
0.288998210895491	0.131505845799298
2.69902559231597	1.02942646113875
-2.4946503122275	0.759347999169937
0.30543807789728	0.10769195594896
1.29955883066389	0.504260967961614
1.94016088732929	0.80242414532779
-3.09758000874198	1.09367827811836
0.0953604120466347	0.03170945747077
0.31916177580145	0.0934913649873131
-0.515079347934818	0.137725022751014
0.312014348765381	0.109896762300488
-1.61785036828436	0.651317101751954
-3.10336310613868	1.07624884357692
-0.831797157170485	0.249598715476935
0.29612468148946	0.103030176759406
-1.08255639517178	0.362075346638336
-0.245735381656775	0.0755204282595915
1.29687604573864	0.503348445569695
-0.459499522807888	0.15827624095221
1.71177833939613	0.821856637490597
-2.04783485499909	0.571093548500225
0.00721601039352863	0.00199363515840127
-0.618509531912325	0.231235236591132
-0.240415257229644	0.0763442857745277
-2.83249128745503	0.934154025578548
0.00962698743274129	0.00270396457970473
-1.94504112471582	1.42132593155522
-2.13924619344205	1.15808832442282
-3.83439116809398	1.55840208886517
-2.13924619344205	1.15808832442282
-1.89826162686977	0.905717372514422
-0.454402163258654	0.158245707184904
-0.245142940666999	0.075197969225855
0.75671821541662	0.450639969101106
1.29498023826476	0.49419557236473
-1.61489860322867	0.686313419006943
-0.89036598125646	0.482745848190491
-1.63505700310374	0.670385012869491
0.966122084478045	0.423212400753006
-0.522730329140127	0.313403899055719
1.25286212350447	1.05788473213023
-0.532318143888535	0.228612919463773
0.535537081894866	0.2834260719852
1.8836011986167	1.1821760891103
-1.32665043232932	0.705428524505184
-4.20335173039538	2.02798775150682
-1.43506613607795	0.707160419469253
-0.685145709168414	0.314028150877818
-1.0897563417776	0.357095891122124
0.60960061773606	0.300861305381878
-1.06616339567166	0.505799426919686
2.55298858190534	1.85804694727523
-0.520802749971932	0.137595352476473
0.815053149025809	0.395897365836894
0.0998311051332781	0.0332450707514035
-0.2522637005101	0.0933839662624944
-1.61674255860421	0.673250277361113
-0.156547017680559	0.0648695558235555
0.503771218939765	0.205523489744893
-0.383360954480029	0.179238895393297
-0.937060648207288	0.410069435205644
0.875308135614467	0.328313963586618
-0.239084672817921	0.0755533408078037
0.0129427177648686	0.00351566625402241
1.30453082984367	0.503354122110679
-0.0914100204592325	0.0324642582411165
-1.28254273938625	0.466456155861013
-0.240456442334008	0.0748776000291145
-1.90012918983543	0.90788597695097
-0.833063405948399	0.254155985426631
-0.794810395460208	0.414187020746736
-0.638389874162365	0.240794121074563
-0.641806321939999	0.233744556160207
-1.20948994621754	0.599779906120475
0.141485500122899	0.053815136928802
-0.677800741813126	0.313157263735007
-0.559704128046594	0.24768116052138
0.439211615930363	0.208980849495268
0.611531432801787	0.360978594898293
1.46020665666217	1.10033962351426
-0.0945032483602891	0.0218370726435746
0.0138776727479394	0.00371737921651206
-1.08906704164876	0.361234119904197
-3.09073159364739	1.06509583332195
-3.5134917290528	1.36974037157449
0.00491545989567752	0.00162467659609041
1.94804350546653	0.745550324190357
1.28714517854748	0.611360145260476
0.702064117652323	0.295224340702426
1.30696124666167	0.50404388266621
-0.449504082612977	0.155524011362025
0.00727795056105435	0.00213502079322114
1.71945712084817	0.814212190812017
-1.27882386728085	0.463370374340706
1.94131353117111	0.805172253180273
-0.831326799140313	0.249343856236029
-3.10323230642891	1.0653082707597
1.93226924968694	0.778978691425575
-0.936511213830852	0.411947577374712
1.39041632652022	0.449818911651812
1.28030784150997	0.603928163833868
-0.931587399611493	0.398373968578464
1.29999848974098	0.662517912294614
-1.28282972300952	0.473490748576721
0.548974674116778	0.198121973140907
-0.78324170903363	0.31752168112008
-3.68231262623632	1.4547959020232
-2.4946503122275	0.759347999169937
-0.230401768750824	0.0701610180824533
-0.100433580666566	0.0223310096939592
-0.79405220028993	0.412170100386068
-2.82685472330953	0.922711444031235
-0.295432436909356	0.12769935253515
-0.659384731278031	0.315013796211274
0.308367325517448	0.178074763212184
0.310607364709638	0.124414588754402
0.152568462717094	0.0677181910148973
0.712713097349236	0.400176564885414
-4.08901882862006	1.89850177464631
1.28579407279867	0.704581295564724
1.45200471937853	1.05432292716415
-0.906188128735257	0.486476065731084
-0.457544526311845	0.152112512443428
0.883237743966731	0.342149835436585
0.486440079851691	0.205431911306571
0.112975238436338	0.0416440803477403
1.2883248831667	0.608742537942513
0.973198814845744	0.436823190347312
0.297695440745584	0.135523057160077
0.304872278314261	0.124239444832028
0.794753278832366	0.393100371657863
1.708186888593	1.6028280452569
-0.037218556756842	0.0138857121036088
0.429567151780453	0.185315040081626
0.807033222093878	0.531705034343464
-0.231108789370875	0.0721774916639875
-0.927860470072811	0.40837337688318
-1.42576439169042	0.783776949133774
0.0166742562583304	0.00869519693530158
1.28075134037304	0.860988334335477
-0.303908001942125	0.1326955095724
2.35770552157586	1.12771426950911
0.501985934910238	0.203333105112633
-0.440595434320964	0.148889148520169
0.320924105164241	0.0921003179543894
0.121251741254795	0.0474221693260498
-0.451427023485615	0.156337767156886
-0.455738914254377	0.147427407676935
-0.211595597795941	0.100505832602492
-0.794412513973216	0.313311360366623
-0.539905432689742	0.245274948130555
-0.831797157170485	0.249598715476935
0.0283003277635942	0.0127310503147776
-2.02353386043207	0.993213120841662
-0.162368773050463	0.067470611898526
-1.28569997208888	0.465517460289009
0.00349019507817179	0.00116942549552859
0.309732947812194	0.109912703127726
0.806673982915283	0.409133787424421
2.35096157585567	1.14757070765658
-0.523513114305865	0.137679209591898
1.6096013762301	0.875864681950439
1.29687604573864	0.503348445569695
0.559589102331629	0.197879399093802
-1.46880813033085	0.584120844859485
1.29501353742001	0.519595491969007
-0.836634894627274	0.257543939751531
-2.49348075277667	0.760631300990853
1.30110747636288	0.498525090323233
2.69902559231597	1.02942646113875
-0.100630873298134	0.0231392113137372
-1.08231332567193	0.369176480609056
1.29975900885764	0.666110772051501
-3.09183480000513	1.07302576822624
0.70763644141587	0.315494567480271
-0.525823473591188	0.142192228149134
0.00770693508204256	0.00227367695076611
0.73496708810047	0.220284864286936
-3.53177931488339	1.29248217277654
1.71738707263108	0.815379999301974
-0.45458800719814	0.158024455337096
-0.832636786270048	0.249232691777988
-0.845110982467336	0.247223191336858
-0.522190909373952	0.136407044608739
0.568286351675008	0.205430544935892
-2.04902373026814	0.584535062964325
-0.0863987951602957	0.0303552326705985
-0.830458254376926	0.253340793357874
-0.515640221203127	0.13543764457855
0.547391394977736	0.128082186515472
-2.01942756518329	1.01874881635741
-0.41640538671496	0.173125844226474
-0.419900904713344	0.173488198636388
1.16527743048831	1.24710174925859
0.778513786664619	0.510381612247915
0.431065946030323	0.205170358602325
0.136617000867685	0.0592999641495564
1.07589626526781	0.678463789421946
0.918089574539655	0.631330688536545
-2.44270573166883	1.49875772121921
-0.624226026029129	0.316865959509277
0.704899971420589	0.31614062112579
0.366231124635341	0.181837266555841
0.703574715017132	0.505862550278326
0.377235041320635	0.184831470120553
0.865854337780186	0.49097855368372
-0.102492107075179	0.0351215544586105
-0.663172362385594	0.473856570562587
0.692949325773661	0.296021316729536
0.526963598000588	0.317637469132142
-0.404369892081274	0.164710701850794
-1.47538661331456	0.585002485480853
0.270284443829326	0.133866591445508
2.76110552388749	2.78459490732492
0.896567371408232	0.539930095928619
0.13245920602671	0.0664265309407959
0.286604941194569	0.128163361385347
1.01912241498653	0.540961972339847
-0.584100126414425	0.353135332651651
0.611247569245573	0.35932228827857
-0.16390637566016	0.0842912514388463
1.61661100131091	0.890238249829043
-0.402616776786681	0.197001225949376
1.02737898742461	0.539414279809001
0.00318504624276367	0.00128605095068552
-0.933427686649141	0.399961864688937
0.0974573292959245	0.0324686122361661
-0.545245958624869	0.238405285933643
-0.811174474299253	0.560650894942332
-0.387316998718127	0.181239338999457
-0.597899756123278	0.358598283534257
-0.889469758363292	0.481002210359875
-0.0841697065046011	0.0290668052505688
-0.628952320356525	0.234888797264658
0.306587613177243	0.104327704725898
0.555314719298322	0.20529632658328
1.39253316011569	0.447615222737444
0.877485930398228	0.342946519506239
2.56223274433147	1.8102027663848
0.743988900194572	0.228997201004662
1.30422780479301	0.517017505008842
0.557532205682564	0.204766766217193
-0.268073507071259	0.101794348505136
1.86899375495445	1.12169976657606
1.29202406141592	0.508848498630214
-0.413599207376973	0.171622751087002
1.29669975780372	0.503274111545444
0.73496708810047	0.220284864286936
0.302511203731561	0.123674778164239
-0.238915967588742	0.0745023660885908
0.323705695530232	0.095444827266487
0.739498461318299	0.224344540791199
1.2849391297721	0.613854056922096
0.961667817590737	0.447021746624851
-0.521354276075847	0.140151065895862
0.565360203513309	0.199454335396081
-0.156555343997436	0.0644678084933441
2.35451633396825	1.16082609605918
-1.28826364397063	0.464260955131576
0.307585082019164	0.120111716636434
1.70776478709246	0.800626398816278
-0.925780372068225	0.388282982405561
-1.28961906558462	0.455867649402862
-2.04783485499909	0.571093548500225
-0.789550267238655	0.321229487156441
-0.618435017372534	0.229675726568853
-0.234916372995788	0.0708488036151837
-0.0962833901203116	0.0222038630107127
0.010131495740088	0.00286003154930546
-0.0957027096313858	0.0335605978005346
-0.404691488603203	0.164175775627309
0.308988199970144	0.119763122762451
-0.79477567773299	0.461698859081707
0.0298136936799055	0.0132267838020064
0.260405881650891	0.125593005005378
-0.674809713016854	0.325375122003483
0.116752611036208	0.0462440076302771
1.08770800293695	0.791550998399147
0.0263520455629058	0.0131429736954006
-0.80157647422509	0.316599864382746
-1.21032578358177	0.602310364593934
0.859194715366081	0.502949207975003
-0.364287946749165	0.201169304337237
0.25634352926641	0.138480042678767
-0.038332402568673	0.0137130109109734
1.01881129361475	0.530217276691904
0.241620123767878	0.128192111295211
0.545448258848885	0.347206053849493
-1.62603523070286	0.670150330943288
-0.792168258213006	0.413275971665524
0.435990341199663	0.202663588855744
1.08360187809151	0.775902991504399
0.0128062643348067	0.0054197975781573
0.0304353161830202	0.0138588962676636
-0.800008026965434	0.326678659334568
0.421032537881024	0.2506012370245
-0.217139616194964	0.103002132184375
-0.404594467274123	0.180614579513541
-0.191675205982426	0.0744495184183874
-0.130122866836241	0.0697118694178494
0.485144696834469	0.209774587988783
0.128108367670043	0.0609027688645089
-0.787584985060278	0.318852114838309
-0.449622976654422	0.158402020614659
-0.823434606735261	0.564043506913952
0.237779154442972	0.114286864392279
-0.609551295974947	0.364628079088012
-0.835662837615585	0.247701971806053
-0.232821752039729	0.0704029792674771
-1.28358451008746	0.470403258949645
-0.435916687416786	0.147613860691897
-0.796691111875399	0.316280358003998
-3.5105880644975	1.34597780163031
0.0701022766035915	0.0237061525480879
-0.444309873807727	0.154215836062215
0.744561566795475	0.232791161107715
1.28991745500449	0.510886330890785
-0.529297048011354	0.138367921393896
0.60176202697271	0.28932238750488
1.54872121419422	0.951333235787961
-0.833063405948399	0.254155985426631
-0.0945032483602891	0.0218370726435746
2.32014552005532	1.50605357969659
0.792963196090685	0.393331146516023
0.551450793636633	0.199123470518551
0.964343894579118	0.426169090218698
1.28831096126493	0.781370632085629
-0.832168409431155	0.248980114167423
0.0819383971328871	0.0275423992017688
0.80715609154985	0.407539166860882
0.141191724000601	0.0519892911285431
2.36479373492716	1.12583752689112
1.71472939421168	0.81731992085942
-0.516775237435231	0.138362889204207
1.28923267232724	0.505602562960701
0.0119225788609242	0.00326071718689357
0.709358724268349	0.322993485508799
1.94226546101719	0.798478773934451
1.27641681554813	0.600906476885549
0.96233899724623	0.410640389001075
-0.238236646502882	0.0722371898417368
-0.0035044494090112	0.000374007980371103
-0.25417074738957	0.0951038785714196
0.748997881059862	0.453284763524989
1.55909504526715	0.982399545705267
0.324729623853496	0.0936277682101276
-0.169108485686705	0.0689199826139921
-0.173472418805354	0.0712165148083789
-0.0921991633285304	0.0394348048459526
-0.933415044567387	0.407198822555963
-0.406106049219262	0.184011910375061
-0.280657199722239	0.121314013880464
0.300715430734407	0.169675094023392
-0.0897277528024547	0.0414429266155223
0.303308096144699	0.123918667311236
-1.00563363079503	0.590865447669077
-0.0949770512023325	0.0321549750060531
0.817751323803677	0.393610042433898
-3.66907587004444	1.47350436569985
1.26346143503454	0.941251878771174
1.28513003766309	0.591455280850357
-1.79143553378151	1.24013457649851
-1.62307649715883	0.682845805059479
1.28134997358078	0.845309715228107
1.09198220255634	0.713137210027263
-0.294453069906997	0.128826235357111
1.6973620027981	1.27249313738003
0.640865410220121	0.388907951384617
-1.08876878342062	0.509681216182047
1.78359010163726	1.23491676940667
0.683233864439034	0.386959770492225
0.0828851411615116	0.0283133956837035
0.0200453653534371	0.0111246500982064
-0.458464353123078	0.158103272835044
-0.61691847929488	0.229143616922748
-1.28408966487073	0.471627669451728
0.100072716123842	0.0331579599167103
-0.59081189322216	0.393393670555915
-0.934972362677293	0.382057844439365
0.276898553518831	0.127129472701746
-0.259862144943969	0.0938800242027449
-0.279203687809569	0.102242506279215
-0.513545588916538	0.134680065307493
-0.234431964466863	0.0735830565144137
-0.826886475386905	0.250046085549171
-4.31620945640442	2.15782967523942
-0.63962477496606	0.232834761259067
-0.236661795904665	0.0730041471970701
-1.7579230668494	0.781987931603995
-1.08425366242167	0.369278140646016
0.0909075399395963	0.030829500562381
0.540819935158067	0.196108585624892
0.00727795056105435	0.00213502079322114
-2.04783485499909	0.571093548500225
1.93057704206056	0.781405269039522
0.565711986963923	0.205907579487061
-2.05433974854713	0.576107769870825
-1.38250936278202	0.367021552852188
-1.63624522235447	0.680583694584443
0.874028983138552	0.324257523300072
-1.46985998416647	0.587960540824066
1.93541310108067	0.793116974124203
2.0484023780544	1.17015817571776
-1.37736686643192	0.369817212053887
1.93609910556804	0.785706386427873
2.70080453911676	1.02336096831486
0.558131315194218	0.20033221845755
0.562350013217041	0.202598622135986
3.25441962880894	1.39530782780555
-1.28904102514027	0.470679738640395
1.93070812445836	0.771954514457349
-0.626693000280246	0.237461138577178
0.305175047805392	0.106901152877455
1.29501353742001	0.519595491969007
-0.518522788361015	0.137251012289687
-1.37736686643192	0.369817212053887
1.30405046689218	0.48619442223206
-1.37855256949683	0.369087290450251
1.87693466126903	0.595647178734079
1.76653615493953	1.16295347892869
-0.230401768750824	0.0701610180824533
-0.922248138192653	0.397025245803977
-0.777203006163692	0.302483038048361
-0.927179457928062	0.390316661718986
0.300512853687424	0.103704477255505
3.24240681893828	1.42771156811189
0.863711436871084	0.326053170114366
1.30470249408315	0.51612438736542
-0.406984367763265	0.165656222474188
-1.62175695343725	0.687530838444021
-0.447468210672461	0.154031658472776
0.883828410686571	0.32474226691361
1.27051030159917	0.762346342792266
0.00765391587369127	0.0022932830524089
0.328325097747485	0.0960689936716833
0.609170184029165	0.298222066238842
0.702183738589339	0.307582468620088
-3.8375142842007	1.63330589210199
-0.623596702262865	0.233397360638811
1.28601689633993	0.720008987891269
-2.4946503122275	0.759347999169937
0.605906598163356	0.287534959540064
0.306343018947896	0.119637161468398
0.291887463203239	0.120010860388255
0.442783916179116	0.208881345793722
-0.23115207063199	0.0699458135496967
-0.248286233196974	0.0723109940462863
-0.412985597754073	0.167316681604901
-0.291714932969874	0.127586415650765
2.70786776638818	1.4658731783055
0.877056025692956	0.341417439858904
0.879022206987936	0.333185790829705
-2.04783485499909	0.571093548500225
0.806593240931411	0.39400841848696
-0.533560606423485	0.228786598972958
-0.806874292767327	0.323269283809796
0.744573107812477	0.227859030370143
-1.4235243526384	0.777392557016882
0.297552255986844	0.104373108157182
0.565575332913485	0.205209211542751
0.00396270932064349	0.00141331822320185
-0.256505619180509	0.0785950695045466
-2.498964405108	0.767925687647617
-1.89214379547402	0.912750959378481
-0.842416267004409	0.251298774042738
-1.28179212857486	0.451952898828184
-0.101789050479357	0.022868379633766
-0.5223760081113	0.140414884928745
-1.37855256949683	0.369087290450251
-0.5223760081113	0.140414884928745
0.739495127750292	0.229163664241222
1.30785719765415	0.480369322595916
-2.05433974854713	0.576107769870825
-0.0995973058669546	0.0224260918786388
-0.0974411559193684	0.0219556283179796
1.38807595397222	0.442047911275176
1.39169916614548	0.435776864920201
1.87492520164159	0.596544505245442
-0.0147131229801148	0.00266572546897049
1.05454554785091	0.626138638193414
1.87110733943015	0.599602400649659
-1.37736686643192	0.369817212053887
-2.05021356478115	0.569031985318464
0.313960828573921	0.0920614225806
-0.827973934228269	0.248897601435703
-3.09979316343933	1.06354521701068
2.69902559231597	1.02942646113875
1.29329960917392	0.504317970016831
1.87693466126903	0.595647178734079
1.94886186358611	0.77215322826278
0.325762034597271	0.0928588401766378
2.34761336587571	1.12128280517821
0.315208962222958	0.0911817061531431
-0.513545588916538	0.134680065307493
-0.515816270677169	0.137630330187878
0.884779751210965	0.332585768931519
-1.68764216641986	1.04618997194486
0.0185093777604819	0.00478759989815322
-4.1170270129405	1.82118906589964
-3.68818733939199	1.50113592035426
0.678646199574456	0.375534642863509
1.01735886742181	0.54033143536164
1.29058733904956	0.571992753946343
0.880171556313263	0.518008297800501
0.278367186540415	0.122130378337683
-0.250872811264864	0.095620727504521
-0.418816809976524	0.1647519646869
-0.622677176569132	0.234080035152868
0.486174322358845	0.202984938968296
0.465163793707863	0.188145622731016
1.04477858846774	0.580155430291154
0.304872278314261	0.124239444832028
-0.507297049857582	0.261694089866149
0.0811367825110162	0.0278448389000825
0.793312903127112	0.392234970022912
-0.448863486383709	0.153713100154534
-1.46549912656781	0.575932942383045
1.61691155766517	0.898552329348029
-1.62426100901656	0.660084666395284
1.51903023576435	1.02812831589455
0.145696587061023	0.068422875255469
0.0788654734170121	0.0265936448220987
1.78311541253762	1.20765959954822
0.442352419017798	0.213798246078937
-0.0871088898208279	0.0304402829888901
-3.84382866224434	1.60947385613232
-0.425495416197402	0.173805545112454
0.120090442391373	0.0463096985185524
-0.157821539465752	0.0635074982768365
-0.62816709188634	0.226178911457543
2.29596478688728	1.75432282869789
1.06489895949629	0.638281067949835
-1.30096075335636	0.686698241562952
-1.074876740847	0.35938944910669
0.129078295238612	0.0498873589949531
-0.52567506533391	0.13808514237228
-0.0974928366755688	0.0220000133147072
0.554935462929906	0.198501842503235
0.730466790534972	0.215964113979967
0.706056711029156	0.292548115297351
0.5460484790469	0.199394812843192
-0.516952935597397	0.134997042674037
1.39286395741949	0.437144521309055
-2.04783485499909	0.571093548500225
0.326044131549766	0.0939437624922731
-0.424889544537601	0.166746957044189
0.0143217884608953	0.00371661229200184
1.85971889255817	1.06077613598833
0.55566770945517	0.202290877152592
1.37992663094243	0.444768794438503
-0.451523183774937	0.150520668120347
-0.0956609260577928	0.0215971171731289
-0.228486955443837	0.0695012238814201
3.65927777306904	1.83817233580402
0.747927529305998	0.226764681396792
0.324403762331451	0.0958764708145592
0.742846606800615	0.233354125368674
1.93400096432528	0.789526308766741
0.744561566795475	0.232791161107715
-3.09073159364739	1.06509583332195
-3.51856233104499	1.30804474671761
-0.241164713270331	0.076244858485767
1.28681593753938	0.668459339937816
2.31489404979509	1.43412356173848
2.69158100136576	1.49452680283391
-0.788225533647783	0.323076102287749
-0.168106425089332	0.068079213991593
-0.521048855151166	0.138255992379653
-0.936206709312641	0.41565610185004
-0.115722161357782	0.0512345535706399
0.720583310556613	0.314418862082545
-0.270366726953499	0.102644287895117
-0.158796464571626	0.0648294772781008
0.293783615796278	0.118424535508913
1.29714210456955	0.667481035543193
-0.0855288094131782	0.0288281069642135
-0.425070121647013	0.1737336892095
-0.686420570171779	0.325194159811484
-1.06806482601128	0.501216629656791
1.50331939682332	1.03543082131583
2.4750486864606	2.16905187849188
1.03379025668466	0.545700901636546
1.04519899648373	0.56565441241779
0.492973153792125	0.209022087263089
0.0138822919165315	0.00366683406239973
-0.945555816892858	0.422262653924985
1.51397100408508	1.02374035025214
-0.322520462513217	0.161025570161737
0.0148490360916572	0.00383708291074221
0.84831473358749	0.478044926336168
0.858241248909533	0.483637076974664
1.07614885990656	0.715335177380273
0.318092425170427	0.0932620700170988
-3.67820160344977	1.4675144156287
-0.425157423737805	0.19865915120818
0.552893324539326	0.204766376131463
0.48281471982297	0.205539756006577
0.31673624778906	0.108305831467032
0.956853736761933	0.752003959711385
-2.1470862275216	1.13012523410006
-0.143576966787584	0.0581732445832245
-1.28131977836248	0.470305005529611
-1.766578540806	0.783567413409201
-0.530441565236403	0.138655344135078
0.0160545770394899	0.00419682354489619
0.548824187685504	0.199937258236108
0.86787424557191	0.326700374198795
-2.49779134618292	0.753762077506182
0.426516845170045	0.201030895768361
3.24688433797277	1.45389803769784
0.749070350540287	0.232504892288716
1.71332321864571	0.81666871169428
0.48842098851514	0.204107087119958
-2.83133823353176	0.934971127868472
0.744980507015802	0.227659325846765
-0.833408040905954	0.250484038706387
0.309534240116829	0.106826915293774
-1.08372379356844	0.362405255849129
-0.100630873298134	0.0231392113137372
-1.08447253556884	0.356872689261484
-0.520214695772985	0.137880826745706
-2.82800405415571	0.916370270350291
1.38310568737594	0.45202977531251
-2.4946503122275	0.759347999169937
1.71317049562734	0.82708892574799
0.320503935554356	0.0931219670988443
-0.0941779390158178	0.0217731946290539
-0.441755493245011	0.146963578525865
0.328410119270765	0.0920683609997333
-0.634569326954581	0.237559273026907
0.747927529305998	0.226764681396792
0.295560849925779	0.120595986959484
1.93843279058735	0.76862147113365
-1.75696656280513	0.793089517764612
-0.278270845840084	0.102496180865826
-1.18916568829402	0.595051069412366
1.51575739674545	1.026383274237
0.0858340832837558	0.0296170778005427
0.0911859666411709	0.0307413671123229
-1.89499217210283	0.871697845705717
1.29297248126587	0.773098569222263
1.02809719384738	0.535287364133776
0.757554393908765	0.45815621964459
0.805629882832861	0.573663588777461
-0.0797432747898406	0.0271667954874623
-0.709150052938255	0.400922572666667
0.415689628941736	0.190204894140289
0.880130577997704	0.327456719372116
1.02315643114298	0.493266535225497
1.55334257247316	0.997330113324653
0.322328416712662	0.159837603278614
0.388972379202301	0.196779735193028
0.00913876512255594	0.00266781331555496
-0.269095403802115	0.097665503319912
0.238614690285465	0.0934274642354905
-0.947493857667218	0.414395809679683
-3.51426902866386	1.36923995903935
1.51935523954001	1.04147005672994
0.706982681309575	0.308053478334932
-0.825335027523982	0.248598183771305
-1.28433917302664	0.461686846187326
-0.827588152040652	0.564061343885859
-0.282623723857145	0.120492482080557
-0.789581734965076	0.32002497131727
0.59465573498418	0.349378499221031
-1.07336765963707	0.358272920144905
0.710011333850278	0.313999086294604
-0.305528765148467	0.136678834831703
-1.76874520881917	0.797424904189732
-0.101789050479357	0.022868379633766
-0.618509531912325	0.231235236591132
-2.04902373026814	0.584535062964325
1.39253316011569	0.447615222737444
0.326519368094921	0.0959325958169173
-0.229069304699041	0.0711714015119185
0.560889458349361	0.202949999110533
0.0142535041620434	0.00382646304133508
-2.83018604355835	0.915523433166795
1.71522888092806	0.825777594851588
0.547153124490705	0.128061292620407
0.739498461318299	0.224344540791199
-0.095335539902063	0.0215346615173759
1.30234689127824	0.503021605454108
-2.50544223207936	0.750736650496268
0.599935343352567	0.295894339866732
0.542280131446209	0.128299417175899
0.697138438088357	0.302215169449842
-2.04783485499909	0.571093548500225
1.93725201045493	0.788334484788622
0.331675523051172	0.0931943718165391
0.541100401848291	0.127818857380943
1.72656606977004	0.810314682841495
0.314438027955894	0.092045817435734
0.00770693508204256	0.00227367695076611
1.38605416874139	0.451696726388903
0.973359659819755	0.42520693846846
-1.90490986095321	0.90737456605444
0.119878987276164	0.0469955942156012
0.0830366673809654	0.027826109876177
-0.832168409431155	0.248980114167423
-0.670355292699317	0.315429346988391
-2.23824935006664	1.25771299822825
-1.28961906558462	0.455867649402862
1.09932826762245	0.742387328124914
-2.13476375861316	1.12792468150929
-0.0105867125485071	0.0042488893136684
0.299165718647602	0.116998679506794
0.311288336471997	0.107575169468678
1.64836909530491	1.34766280790461
0.619630781685011	0.306061558546004
0.569027436701152	0.201919473292873
-0.922777874773351	0.399639276239487
-2.01374867965503	1.01904717362163
-1.20074127165698	0.597280182915713
-0.791911871503761	0.32610867113537
0.154956320341124	0.0675586141780768
-4.60172307201251	2.54997674429195
0.868396112342607	0.323785652236272
-0.635557616386267	0.243410565862776
0.00866705764748314	0.00250892523770994
0.715869709478676	0.311943966742844
1.41893388770374	1.06803923600833
-0.262286725483033	0.0922700352713712
-1.20876981562491	0.580790522548298
0.292543284830124	0.134962241662981
0.129687133851016	0.0504544322192343
-0.518011789794506	0.259932978643612
-1.6158330740944	0.687200844863277
-1.75208989324658	0.769232717535251
-0.418827764884956	0.160645469231015
1.29449542348795	0.763971708099123
-1.4655003597977	0.588266476209701
1.28882031973458	0.509916660884464
0.968232302383866	0.41877128646014
-0.809581265188288	0.38311268521782
0.122102384727541	0.045951562050865
0.0930598022216117	0.0311927820415481
-0.240415257229644	0.0763442857745277
0.306299362877213	0.104578556552026
-3.33190248695464	1.2186517956945
-1.07847996742696	0.363856947530528
-0.0962833901203116	0.0222038630107127
-0.153473717247606	0.0621225846471077
-1.61733521081788	0.685911357845271
-2.50875714167978	0.731657401207843
-1.08617793565474	0.360691437847595
0.0129153418849133	0.00344424604437407
-0.0978213193620585	0.0220638318542834
-0.793611729732918	0.321746323147149
-1.08351437608145	0.362192856986952
1.94790175613624	0.801728943573825
0.293361633130184	0.114912848255854
1.29543892881224	0.56117089933679
-2.13193116765416	1.13485108137179
-1.18768054556616	0.57103295251423
-3.32715032644173	1.17488068098715
-0.801476121195662	0.310372826446756
0.0940697107356758	0.030345509649293
-0.152684393118473	0.060841423267957
1.03276049957335	0.550211092660556
0.141285251871902	0.0543775748429142
0.139486443716083	0.0659853802470809
-0.409436710350008	0.164304442461995
0.303814919924955	0.101952633463999
-0.301916299282775	0.134202567086567
-0.808956932014911	0.321777318901527
-0.786422823076418	0.317217365083451
-0.109769811826713	0.0477292516623843
0.976123782039824	0.429670360897213
-4.08872779183518	1.89173842013028
-0.928009824366927	0.407580167793928
-1.0781831686054	0.351497185158558
-0.259655232717689	0.096448991369234
-1.34511503743352	0.904704631215994
0.806942512444005	0.408376947340524
-0.66375282649349	0.312105563076896
1.79008805651029	1.26375768542261
0.572488348449277	0.365764859627007
-0.200055555893183	0.0946016398292861
0.12907782833824	0.055029780206347
0.253744266446879	0.126276284237553
0.0394801181060015	0.0189724356471592
0.696760041800951	0.298747663974476
0.756343598257273	0.454807019252504
-2.01932041736928	0.998440210196944
-1.76960624290511	0.804814271110633
0.29626910068828	0.117249825374675
1.62372450038467	0.889629210588403
0.867736159718545	0.49361375246629
0.871157664906069	0.327922733917567
-0.240415257229644	0.0763442857745277
0.7099575747597	0.301092959078309
0.305661063955641	0.106032458856076
1.38633307834389	0.431695879803105
0.327854367618469	0.0960907721742113
1.28495522820302	0.60164886990943
-2.82800405415571	0.916370270350291
-0.516215201709685	0.137775183819285
0.0870410142876139	0.0288693117955536
-0.622972533534553	0.235032606203282
-4.42096311006534	2.24002198507888
-2.02643032965294	1.04062514218028
-0.798666646552143	0.319632211424928
-1.37855256949683	0.369087290450251
0.751599032641694	0.226662610300221
-0.922273156353408	0.3959725618329
-0.446969943382775	0.15164445407913
1.93961424406146	0.785601693422132
0.0175928292076634	0.00448036146983496
0.310046761824949	0.107312705692975
0.250597745729493	0.12418807081269
0.309214100843144	0.110363401502379
0.564214369953002	0.20910955697646
-0.515079347934818	0.137725022751014
0.0153648602419546	0.00414817620770069
-3.95346618981874	1.71382959517358
-0.520802749971932	0.137595352476473
-0.243380523081411	0.0751664462060786
-0.8354030541528	0.249549701480023
-3.3250289416445	1.22913026258715
-2.83133823353176	0.934971127868472
-0.228900797764582	0.06943111070728
-0.83918257049564	0.250905796711351
-0.513545588916538	0.134680065307493
0.557542476811568	0.205754940084151
0.857372608311788	0.475093976866143
0.746544367786844	0.226289566934731
0.708823123676285	0.311682465064307
-3.08962908394606	1.04057543600083
0.101608785977622	0.0335587271049162
0.32419932066976	0.0930352783219064
0.962279072626686	0.417441304417715
0.302977162439632	0.120909196720357
2.3638864145071	1.1477888825569
-0.827973934228269	0.248897601435703
-0.521239785553401	0.140369579797354
1.2957945618006	0.577642366690877
-1.29361114040927	0.478327419078214
1.6272593547897	0.846565226984742
-0.520104445364255	0.137370661910804
0.295751275863449	0.120367588305018
0.875308135614467	0.328313963586618
-0.52427974030057	0.136106393131316
-0.5223760081113	0.140414884928745
-1.62790533086392	0.671109218225989
-0.229651344301763	0.0699905865497825
-2.8436786365212	0.897528788955238
1.02269917250382	0.53434764298188
-4.32157083951527	2.15115346716017
-0.841324460591787	0.254223558114739
0.00349019507817179	0.00116942549552859
0.542280131446209	0.128299417175899
-1.08010190469453	0.359548596166992
-0.100630873298134	0.0231392113137372
-0.521239785553401	0.140369579797354
-0.834152635363741	0.25296310080088
0.7071930605733	0.308166313858804
-0.830458254376926	0.253340793357874
-1.08587305575592	0.359410997906107
-0.517911135702038	0.138411916640514
0.748331792113693	0.226571962978259
1.87492520164159	0.596544505245442
0.0175928292076634	0.00448036146983496
-0.244501624053495	0.0763021184580786
-1.07773590957251	0.364585466114807
0.323643931065314	0.0946140099914006
-0.102329697110192	0.0221028159522019
0.554343929898016	0.203832898087996
1.30743690386423	0.517391142582921
0.273916958950237	0.123214780300775
0.00612083568196411	0.00188162468475948
-0.939493756528101	0.416253321116774
0.314247104507149	0.126872208339682
-0.924827513583755	0.391554850980049
-0.53025703456645	0.240590641900468
0.307794254018695	0.119666807829779
1.27915986943104	0.588532521927362
1.28860368944313	0.589798419126451
0.309535683927827	0.109269767919125
-0.431793227781872	0.169019430795931
1.69832837405343	1.33941672880374
-0.836634894627274	0.257543939751531
0.96796957903103	0.435545455128177
0.442215919266071	0.206056928963075
0.876113996955877	0.481206686888108
-0.63291127375446	0.236430623158035
-3.3297814604609	1.20159573453125
0.80813549509005	0.400564298487905
2.04306133414093	1.17455293829614
0.880671212604701	0.326906832693811
1.29326333380135	0.59260793340755
-0.791374817417601	0.315898415898495
-0.777136424034641	0.300382210636806
-0.832636786270048	0.249232691777988
-0.27836518565178	0.121279656564395
1.56160630453455	0.90467179472236
0.71352002649309	0.30556662861327
-0.410839049414799	0.197558197644459
-0.44684517885348	0.15346237358826
-1.08425366242167	0.369278140646016
0.0974312424372913	0.0311474774755102
-0.234458028369952	0.0732314184953936
-1.76317425460138	0.794727809124587
-0.42119450509306	0.174546134560699
-1.1915620694212	0.572276210426323
1.29162840511661	0.625345145975671
-0.457078012151853	0.151564135033088
-1.1873907275592	0.584971564062176
0.290036364571967	0.117563226374354
-1.07142851728416	0.35578122297751
-0.834249424385902	0.250115174033497
1.29251756467523	0.596225173130457
1.29473422108083	0.575243984195224
-0.100433580666566	0.0223310096939592
2.04444435608509	1.14540859399247
0.282372006614716	0.0958361922759032
0.743272223281135	0.22643329731518
-0.467593202054816	0.154873356494545
0.126014806059615	0.0485488304781615
-0.234458028369952	0.0732314184953936
-0.778190009672127	0.390350965350906
1.38638151288191	0.451248877983357
-3.68397934608947	1.48834927068878
-2.05530739097121	0.573074172318947
-2.84579613079574	0.893328293302029
-2.05530739097121	0.573074172318947
-0.642061476363922	0.239354139817586
-0.44050288686448	0.147239203969114
-0.0922933596315262	0.0314378298631261
1.28828244924092	0.753337394623146
0.0118237600693153	0.00316782879588578
0.309355176709334	0.127755898973924
-0.251515960721129	0.090340834901923
-0.422602657900009	0.173302533701351
1.72390814306295	0.789416578688766
0.302965815991837	0.124066049924978
0.557532205682564	0.204766766217193
-0.0151182816498603	0.00584062753787549
0.620615528079218	0.300788277401781
0.974470765523608	0.419980265442005
0.298064179856821	0.115866057138664
0.559584005737016	0.209985261051233
-0.514680488872461	0.137579947568615
-0.636593405831694	0.238387633507967
-3.68567211452441	1.43097306882035
0.0115804123976581	0.00323217008026935
-3.09293870382283	1.07206408964027
-0.260689838138526	0.0932824999344708
4.26983807739232	2.59946207222939
-0.243762328029738	0.0761162300800073
-1.09482955561044	0.362004407873505
0.750788370120738	0.226789242785611
1.3017488879038	0.482572411542447
-2.04783485499909	0.571093548500225
1.61768051657859	0.866790376617976
0.55566770945517	0.202290877152592
0.565575332913485	0.205209211542751
-1.88959902427534	0.878907373438797
-0.147505009615335	0.0595499975111726
0.302724915662089	0.0997049936912936
-2.49231208841664	0.741884845199983
-0.451931971063554	0.157011976309779
-2.83018604355835	0.915523433166795
-0.447978192690651	0.145363103641038
0.739900789940366	0.227191955608612
0.308908990350138	0.106731917917037
0.74735203385171	0.227266926935782
-0.826886475386905	0.250046085549171
1.62464484920712	0.874561768278687
-1.29435798572725	0.480339703041541
-1.19550977840595	0.597025539121117
-1.08328339450837	0.370848428206928
-0.521239785553401	0.140369579797354
-0.837725680837318	0.257618742248887
-1.09245677080552	0.360931107435898
-2.04783485499909	0.571093548500225
-0.44827845243124	0.157314833464383
0.0164454119915526	0.00420432162168112
-0.397578075909304	0.154695491418106
2.70080453911676	1.02336096831486
-0.0978213193620585	0.0220638318542834
1.30799116030862	0.512772800018718
0.747433875359793	0.222937106239901
-2.82685472330953	0.922711444031235
2.36279140256036	1.1440180558691
0.0128775487639714	0.00353990912076751
-2.04783485499909	0.571093548500225
-3.09965171459907	1.06948551034403
-2.50108453829271	0.757473465243405
-1.0910297657526	0.355161839041843
-2.05849704146216	0.555726647791374
3.98921267371417	2.31830149719429
1.87693466126903	0.595647178734079
-0.828502094065778	0.25094168663078
-1.38250936278202	0.367021552852188
1.38605416874139	0.451696726388903
1.94226546101719	0.798478773934451
0.548332676093981	0.128537566389422
0.542280131446209	0.128299417175899
0.325432342788482	0.0942165040747729
-2.83458329559744	0.91634542093066
1.71426957190746	0.846267024469648
1.28769304219518	0.49398464612106
-0.517911135702038	0.138411916640514
1.39136829124984	0.446170964769697
-0.237246505178233	0.073317331165406
-0.549974868249723	0.248530011966146
0.329414764622806	0.0965032236713675
-0.62620567484056	0.235102600209879
-1.28179212857486	0.451952898828184
0.300202685203077	0.10722123906898
-0.451228261455826	0.1500324890388
-0.449810407281086	0.151553966754225
-0.514680488872461	0.137579947568615
0.316999011228212	0.0928334677014698
-0.616354134998133	0.228176377134668
-0.934648678206242	0.408577283664684
-2.05433974854713	0.576107769870825
-1.07719625785892	0.365069612392098
0.00962698743274129	0.00270396457970473
0.00707127365794201	0.00212275445822351
0.00526618147656546	0.00152611893018079
-1.76150361116991	0.795266266017858
0.877103663811785	0.32437770524485
0.971207665853776	0.443077513597869
1.28498285357695	0.604393520862965
0.302470761413773	0.104066024046621
1.29702432440859	0.595598536250813
-3.84092264271008	1.60119698294023
2.33124224943936	1.52494787839189
-0.646254202944821	0.233307659434878
0.433106313267265	0.193078114723589
0.883237743966731	0.342149835436585
1.71680119031723	0.785400930592333
-0.437904521282586	0.142407083017551
0.565587636318307	0.195336411101155
0.963085737566466	0.41402106707649
-0.0989824574858418	0.0222456966330467
-0.641985200863735	0.229514927729326
0.543933997993288	0.126853376726706
0.0190842251441769	0.00494141267484626
0.542071704546615	0.126697206817108
2.69902559231597	1.02942646113875
-1.08536096162328	0.353576050557431
1.28698374859342	0.61313591087372
2.70661769444647	0.984474181856912
0.542280131446209	0.128299417175899
1.38605416874139	0.451696726388903
1.29611048808167	0.508466152656823
2.70685532156478	1.00994202653964
1.87680508733918	0.595685726697882
1.87680508733918	0.595685726697882
0.542071704546615	0.126697206817108
1.87693466126903	0.595647178734079
2.70080453911676	1.02336096831486
-1.37736686643192	0.369817212053887
1.93609910556804	0.785706386427873
0.0176974506224392	0.00442667642003626
0.543933997993288	0.126853376726706
-0.100102853846225	0.0222670185448718
-2.49582076805792	0.739355067527278
-0.0930212583066807	0.0212077808526859
-2.04902373026814	0.584535062964325
-2.49231208841664	0.741884845199983
-2.50013836544569	0.752963874303395
0.548332676093981	0.128537566389422
-0.833159166502476	0.254330875026579
-0.0974411559193684	0.0219556283179796
-3.09868623597984	1.08730133775312
-0.834249424385902	0.250115174033497
-0.236382744207306	0.071193351192347
-0.524683569236692	0.139865316336557
-3.317043081878	1.23068131856223
-0.838292132460631	0.241553764999905
-0.0974928366755688	0.0220000133147072
0.557532205682564	0.204766766217193
0.313983593271939	0.107460631654727
1.28237316602933	0.675583895863928
2.02777926539312	1.06880403029564
-0.103948938199882	0.0233524604803125
0.329499178227133	0.0941776028831613
-3.51193676282497	1.33196036724588
-1.0824694771194	0.363585631280859
-0.41243557330916	0.17178490169697
-1.29696981659506	0.470011028698821
1.89052493494547	1.20053142486651
0.559649306801621	0.199241254955498
2.35514553396731	1.16621588601112
-0.235178727896966	0.0737955949925185
0.480339612501136	0.197870726465435
0.444463297979021	0.199236360155063
-0.449408352190264	0.1541722756129
1.61661671764802	0.897351740902843
-2.05021356478115	0.569031985318464
0.812702803904942	0.416876967879674
-3.31618594475123	1.17061745626373
-0.635360111036236	0.228382564416369
1.28919447166382	0.610695562109316
0.311926290688142	0.105616433211398
0.319471424615017	0.0908018883567284
-0.937886210272657	0.406396257935373
0.281498968144157	0.129296421897981
0.492628725244061	0.203805278649336
-0.235043551892684	0.0719927906206638
1.94242682742473	0.765841992006581
-0.786790594449386	0.325194714775423
0.000187096248038645	0.000561917903002206
-0.834055224856238	0.246836587084446
-2.83701082493837	0.917156293169085
0.324329385368054	0.0959051461273956
1.62392326242494	0.85638671221341
-0.51812082156918	0.137106412514332
-0.826421666340134	0.249792102287426
0.325907993840851	0.0924014035187484
0.329499178227133	0.0941776028831613
2.70685532156478	1.00994202653964
-2.04783485499909	0.571093548500225
1.87492520164159	0.596544505245442
-0.0941779390158178	0.0217731946290539
-0.827509018985055	0.248646107200568
3.2482390271058	1.40375263383915
-3.51426902866386	1.36923995903935
-0.52526767593918	0.137938892200619
-2.05530739097121	0.573074172318947
-2.05314601736911	0.57654870638546
0.543933997993288	0.126853376726706
-1.37855256949683	0.369087290450251
2.70661769444647	0.984474181856912
2.69902559231597	1.02942646113875
0.542377859137839	0.126587100412967
-0.0978213193620585	0.0220638318542834
-1.37855256949683	0.369087290450251
-2.04902373026814	0.584535062964325
-2.4946503122275	0.759347999169937
1.93070812445836	0.771954514457349
0.328410119270765	0.0920683609997333
0.322145418202747	0.0932126195967607
-2.83249128745503	0.934154025578548
-0.516775237435231	0.138362889204207
0.74610547207819	0.228282542864155
2.70080453911676	1.02336096831486
1.71666308193427	0.820794228463132
-3.82489509334159	1.62306568605038
-3.09758000874198	1.09367827811836
0.300202685203077	0.10722123906898
1.62584330355778	0.874690886961449
0.883828410686571	0.32474226691361
-1.64186759556945	0.652399711934175
-0.236449934238729	0.0742106876529409
0.558271571203455	0.206166632625584
1.06825808801816	0.62842138024714
0.299866799708259	0.103353903329333
-1.46061957813435	0.577061024615412
1.06283761653254	0.604644107718125
-0.0228147610258672	0.00869466055510461
0.709937007625636	0.305098817827715
0.315990683732962	0.105881424865485
-1.3129186736208	0.705460041160683
0.424766138063567	0.192692136512563
0.076232071284938	0.026092668745073
0.301397463148016	0.102427836926729
-0.232787103490094	0.0708064205646363
0.738355836787058	0.228487450174743
1.29775967464856	0.668504933504261
2.03885741429677	1.07042770912862
1.06667443523639	0.620289186626258
0.744472131108266	0.4533967420375
0.971207665853776	0.443077513597869
1.89108236534155	1.14110122536958
0.0772270946350949	0.025911891261787
0.96941121769504	0.436743210580267
-0.94211343014624	0.392483305454613
0.0013819804285651	0.000965288242949416
-0.537948048148039	0.235327495964592
-1.2958512655768	0.470376500192705
-0.787752780833438	0.31735316154443
0.734999759270719	0.224471934267942
-1.08425366242167	0.369278140646016
0.74610547207819	0.228282542864155
0.316773180797766	0.0914429038408354
1.94619846171611	0.782458353090485
-1.37736686643192	0.369817212053887
1.29294609674321	0.59105941389206
-3.09404330590539	1.06245153955413
-0.23650308986099	0.0742636478244499
-3.10544605664248	1.08457036666742
-2.05021356478115	0.569031985318464
0.884242806587385	0.321609919396979
-3.09073159364739	1.06509583332195
0.561473526445638	0.197281579167088
0.544175487457479	0.126874637564392
-2.4946503122275	0.759347999169937
-0.0978213193620585	0.0220638318542834
0.542280131446209	0.128299417175899
-1.37855256949683	0.369087290450251
0.548332676093981	0.128537566389422
0.316614267667375	0.109207751694024
-2.04902373026814	0.584535062964325
-3.31319464395181	1.21509579750581
-3.09404330590539	1.06245153955413
-0.832636786270048	0.249232691777988
0.124840454440287	0.0486097317925623
0.315425177465613	0.123627404507889
0.318539902136847	0.0939999634422529
0.742846606800615	0.233354125368674
1.38638151288191	0.451248877983357
0.750050902487593	0.226091187584343
1.88291437008306	1.54331698328817
1.55400247888234	0.931515497240994
1.71849335715053	0.822069815022035
0.741206268974865	0.228640771349315
-1.0728426414874	0.357886269207487
-0.00866057749769888	0.00356212289668196
1.71220827395166	0.847703053380469
-0.0329501202505303	0.0123276908672769
-0.0933464908639628	0.0212702965815671
0.563305071791318	0.202668158522571
1.28126613890708	0.743925432705714
2.69422394230624	1.52097958502809
-0.108886938175918	0.0372524198386794
1.29722005701929	0.710910616538989
-0.260396912664614	0.0935838137645656
-0.93900013449545	0.409660311943239
-0.261145587171713	0.100139972878915
-0.166678331108438	0.0689878246649639
2.9829395153885	1.82763387852042
-3.51779918439184	1.30846612312444
0.0119481861389783	0.00319511477387208
1.29037813865306	0.790994597249118
-1.45530140517973	0.566168385659182
1.2815157785395	0.7748374578201
1.2959134756589	0.595958453115825
-0.0841805611280037	0.0290684547245428
-1.6202734578406	0.673548223754579
-0.639055857377433	0.23600661893794
0.128087465964082	0.048014451253063
0.0185525720165945	0.00472697494929157
-0.289462422416336	0.124968697346473
-1.41118869940539	0.783674760697435
-1.76574087976193	0.758995579943984
1.55846460406101	0.985051457747018
-0.236696740212558	0.0737145165919981
-3.09183480000513	1.07302576822624
1.29506211489774	0.518841499105638
0.740464274036165	0.227891483543122
-0.095335539902063	0.0215346615173759
0.299866799708259	0.103353903329333
-1.37736686643192	0.369817212053887
0.321672801610281	0.0919423857259322
1.29797217134323	0.517188527164908
0.562369703431833	0.192438877372697
-2.4946503122275	0.759347999169937
0.746127020258956	0.228199966307787
-0.520400638654727	0.137450762960971
-0.0933464908639628	0.0212702965815671
1.2996134727987	0.530136221804645
-0.826886475386905	0.250046085549171
1.72557358600144	0.838776985184898
-0.0974928366755688	0.0220000133147072
-1.38250936278202	0.367021552852188
0.885730904160914	0.333446178819067
-0.526964267085977	0.140208674753714
-0.525823473591188	0.142192228149134
1.93070812445836	0.771954514457349
1.38488871141273	0.450211777140325
-1.28225088407572	0.472932749218288
1.30016077947136	0.500191833157399
2.36231432978325	1.14726817819118
-3.51214756302181	1.32897242356633
1.0317122879466	0.508402160001166
-0.0986538976590582	0.022181849463491
-0.436439262304467	0.14878426416811
-0.240364458853584	0.0752144877428103
0.09450349202418	0.0309120556003473
0.0109808248201078	0.00291215169192999
-2.83458329559744	0.91634542093066
-0.00228457098244678	0.0000266478609149354
-1.6213725503413	0.667678124181875
0.00727795056105435	0.00213502079322114
-0.627976497033395	0.341469945604577
-3.67542911223521	1.5080288603743
2.69902559231597	1.02942646113875
0.0868323868597121	0.0292837018488055
0.563519148073657	0.210932625353315
0.715278670822475	0.309334136422218
0.913481937894438	0.576769724835087
-0.630582742182833	0.233140145325236
-0.929992209726859	0.394759649091843
-0.412804141000887	0.167174823602089
-0.398609239205488	0.164925679999679
-0.265264963508609	0.0992992251091271
-0.153628046871651	0.0624787043841874
-1.3001616065329	0.692490435146967
-1.77479858146298	0.808192667800261
-1.76875408846622	0.795449072774356
0.741192827520051	0.219706903960386
0.739498461318299	0.224344540791199
0.128345438414279	0.0496017033490632
1.38605416874139	0.451696726388903
-0.0945032483602891	0.0218370726435746
-2.04783485499909	0.571093548500225
-2.05021356478115	0.569031985318464
0.325891110168536	0.091855434174363
-0.519047917270715	0.135752304649831
0.0024348895089195	0.00103360283751351
0.547153124490705	0.128061292620407
0.329414764622806	0.0965032236713675
0.752740749945134	0.22273469507249
0.0138776727479394	0.00371737921651206
1.93673765548103	0.794033939329963
0.547153124490705	0.128061292620407
0.741206268974865	0.228640771349315
1.87693466126903	0.595647178734079
0.737212301794485	0.222878174874788
3.24655992739218	1.4562540675439
-0.251770806244282	0.0772004722046918
-0.101997947972724	0.0220402603950303
0.563520595048585	0.203258066976924
-0.834055224856238	0.246836587084446
0.720409893676784	0.307420000912534
0.563467749471445	0.209628028394203
0.296279146030947	0.116998116850156
1.94056540988317	0.801039885015426
0.542071704546615	0.126697206817108
0.546465924658674	0.128383503124171
0.115251841750297	0.0439004365908491
0.481098597401719	0.20140827747474
0.326368517742069	0.0937209806472253
-0.0956609260577928	0.0215971171731289
-1.07187320968594	0.357882420410236
-3.67653779446514	1.46867909772071
0.0168516567538235	0.00436024888284146
0.0937312439786833	0.031362618974507
-0.392935152374242	0.152330707110671
-0.5223760081113	0.140414884928745
2.37056746610527	1.10411077553523
-0.0945032483602891	0.0218370726435746
-1.08522412925042	0.362643044085522
0.95610683938126	0.426921759925641
1.02674919436643	0.538656630128338
-0.637685578225943	0.235662383372013
-0.640955636653363	0.226482315876957
-0.935898680168679	0.380781355085473
-1.46561602821067	0.580295799109019
1.61749911418162	0.878919347928847
-0.285169450905181	0.128265131450143
0.0982104744591689	0.0328661333126171
-0.641538590956081	0.236381897179075
-0.0159516190921871	0.00625918569214687
1.0344721634394	0.527501810125149
-0.521239785553401	0.140369579797354
-0.232566859661112	0.0712241383959986
1.93685000669188	0.789660825523142
0.326368517742069	0.0937209806472253
0.743418412008446	0.226976622674307
-0.520400638654727	0.137450762960971
0.545286400011961	0.127906532067442
-2.50108453829271	0.757473465243405
2.69902559231597	1.02942646113875
0.320872458539489	0.0942158349620341
-2.04902373026814	0.584535062964325
-3.10544605664248	1.08457036666742
0.0035442382966788	0.00129875765866884
0.316330223482106	0.0876900485064238
0.00860170294494074	0.00254293128322386
2.70080453911676	1.02336096831486
3.23659418314006	1.39602123304027
-3.09979316343933	1.06354521701068
0.547153124490705	0.128061292620407
-1.64456147873303	0.673061984489542
0.326044131549766	0.0939437624922731
1.38605416874139	0.451696726388903
0.545286400011961	0.127906532067442
0.541100401848291	0.127818857380943
0.331059341247749	0.0965806007825434
-2.83342854030316	0.917117446615148
0.537881681620156	0.126600678583075
0.885145150564903	0.335959819350958
-2.05021356478115	0.569031985318464
-0.103948938199882	0.0233524604803125
0.740288318376559	0.214568885399696
0.323721577140901	0.0911876413216331
0.599426679396042	0.290780747421553
-0.102180395881385	0.0354999048837066
0.435592298220285	0.207268815667877
-3.32013518200022	1.21087626955713
0.290847589447122	0.100492550779321
-0.278793097151699	0.124804588583284
0.26540601114459	0.118334035678654
0.704925021979698	0.302234903711595
0.322559993977293	0.0903760163562387
-0.551550394607917	0.244304484717128
-0.297602727820876	0.131525561748042
0.879213135695241	0.485937425643989
2.13578736987207	1.8326412597938
-0.942355118498749	0.389937082960773
-1.76361054992533	0.795516968860381
-0.921715984936925	0.387549597458497
-2.5341449125403	1.58432888697462
0.935290226836068	0.606129828503814
-0.234916372995788	0.0708488036151837
1.71164458523943	0.808309300651645
-0.521239785553401	0.140369579797354
0.702527184369662	0.308627168281151
0.550685923418775	0.199566504789894
0.547153124490705	0.128061292620407
2.70103916327475	1.02243498183666
-3.84644358214738	1.56680175178282
-2.05021356478115	0.569031985318464
0.324329385368054	0.0959051461273956
-3.09965171459907	1.06948551034403
0.314633899723433	0.0916227904320196
-3.09647448091884	1.08882943702806
0.746133826300268	0.22159527187311
0.0828851411615116	0.0283133956837035
-0.620749266402764	0.228245116729646
0.751599032641694	0.226662610300221
-1.38250936278202	0.367021552852188
0.31983741969336	0.0918283568487579
-0.828597086324465	0.243898539550448
0.321474699068588	0.0901107565437793
0.0123876104363821	0.00332088703147064
1.87680508733918	0.595685726697882
0.30184536666313	0.103539878898466
1.87492520164159	0.596544505245442
-1.37855256949683	0.369087290450251
-1.07945716189932	0.363853566224814
0.570185357306036	0.205342825769399
0.738190443583785	0.227698765264521
0.592239190962846	0.279706521677301
-0.0930212583066807	0.0212077808526859
1.30531911227828	0.506160101023626
-0.103788179411775	0.0225578986451196
1.89490347948829	1.18433883936053
0.494650950058434	0.202764296415138
0.90433524700521	0.572087831396389
-0.399343928972123	0.159109233940664
0.00806825611327913	0.00342138981277724
-3.09293870382283	1.07206408964027
1.56626730687983	0.955657218586871
0.449348146336695	0.212109641322535
-0.537494745348059	0.238163215055423
-2.12654258551613	1.1309448392747
0.491968502155688	0.20484899698398
0.445261067028033	0.207366415365986
-3.09868623597984	1.08730133775312
-1.10020132232341	0.349315635626592
1.27435354805604	0.744377658449749
0.0166328919450953	0.00418655247743507
0.796781404480115	0.383355620653956
-0.781332614656838	0.317343927645208
0.702309540999442	0.308997917832506
0.289710416210001	0.131477822207504
0.701712923033098	0.307226835262822
0.55679847982431	0.209914993943735
0.874984603417501	0.333832999577272
-1.29286415881844	0.469943282235934
0.744963299474828	0.2325771171156
-1.08810382039827	0.366696523215772
-1.07239798793769	0.358269457626047
-1.07914244532363	0.35798870585013
0.498276916596319	0.210558545308121
2.35666064728462	1.13651075880581
-0.841724845706962	0.247422909558658
-0.828502094065778	0.25094168663078
-1.38250936278202	0.367021552852188
-0.516215201709685	0.137775183819285
3.24856443687887	1.44757234479347
0.017979073648316	0.00466661923012803
0.54678204125377	0.200219967063269
-0.243651132894253	0.0733660925939839
-0.254313815203601	0.0962355472165239
3.58785814360115	3.04359434422077
-3.82391687564926	1.63436157613468
-0.562765686437537	0.239942032947377
-0.254681716589054	0.0987595307910649
0.951579266551952	0.760970482834838
0.967289248066916	0.415183948353405
0.883073577309553	0.328779376707233
-1.62837548924266	0.689202865069181
1.72296070566239	0.822986335752422
-0.413103554619891	0.173355055429406
0.407981681766802	0.208104711134519
-2.4946503122275	0.759347999169937
-0.831547258034552	0.253419977958223
1.29548272616691	0.518673455471275
0.0904718791797428	0.0289458277812999
0.300658830607214	0.115490411186806
0.280387630302911	0.137512736036754
-0.44256064365741	0.153686289718749
-0.079793454480821	0.0274539022440937
-1.07815892867015	0.363555579143483
-0.666526015239816	0.302142984900639
-1.07301239681281	0.508770188782636
1.28793635393319	0.788992418821418
-2.02476152821174	0.998344728577001
-0.622504943148763	0.2353651709422
0.0148490360916572	0.00383708291074221
0.879554968017146	0.341844876288003
0.319781666217287	0.095251523392
1.87693466126903	0.595647178734079
-2.06067219017022	0.565089611828464
-0.0974411559193684	0.0219556283179796
-2.83342854030316	0.917117446615148
0.975333008551552	0.425095320230837
1.29789060206286	0.59180575386331
0.307070066617306	0.105240588991079
-2.04783485499909	0.571093548500225
-0.831326799140313	0.249343856236029
-0.517911135702038	0.138411916640514
-1.38250936278202	0.367021552852188
-3.50923973767825	1.37307967191977
1.39220252896263	0.437531654237884
-0.83107905876281	0.253159203624365
1.39041632652022	0.449818911651812
3.65461048834511	1.86564770143453
-0.528357476837837	0.138974057943311
-0.834249424385902	0.250115174033497
0.311405059030864	0.106739715794221
-0.102329697110192	0.0221028159522019
0.541100401848291	0.127818857380943
2.69501131532824	1.00895292772661
0.00919789971719187	0.00263503856727176
-2.05021356478115	0.569031985318464
0.564214369953002	0.20910955697646
2.34788814587511	1.13508462707684
2.70080453911676	1.02336096831486
-2.82800405415571	0.916370270350291
1.71929602035725	0.819475902454747
0.881478254002855	0.317937934116567
-0.258632930159557	0.0990366247828828
0.300626408499561	0.102759128800348
-1.75829401166227	0.781935720210867
-2.05314601736911	0.57654870638546
-0.229819459699791	0.0713436708638103
-0.788511977195142	0.320081091592823
-0.246432756023798	0.0705790532822327
1.29995590935161	0.483490155695136
1.37876066568467	0.443326011148766
0.749474540728185	0.232293679945897
0.750788370120738	0.226789242785611
-0.438400295562227	0.150343257405573
-3.32013518200022	1.21087626955713
0.548332676093981	0.128537566389422
0.54857087575441	0.128558386573012
-0.833408040905954	0.250484038706387
1.87680508733918	0.595685726697882
0.749645597891801	0.221434616636846
-0.0945032483602891	0.0218370726435746
-1.37855256949683	0.369087290450251
-0.0974928366755688	0.0220000133147072
-1.37855256949683	0.369087290450251
0.750050902487593	0.226091187584343
-2.83249128745503	0.934154025578548
-0.835242582387023	0.248047458204957
1.29124079155532	0.49661940292452
0.738355836787058	0.228487450174743
-1.37855256949683	0.369087290450251
-0.829369965901945	0.248779369121827
0.74735203385171	0.227266926935782
-1.08429247380929	0.35130146682579
-0.515816270677169	0.137630330187878
-1.76727394278925	0.790929352363605
-0.233717836713403	0.0733160812457193
-1.75696656280513	0.793089517764612
-1.7789249035955	0.748558972664513
-1.38476212339261	0.366878631153991
1.87680508733918	0.595685726697882
1.62252639116407	0.914567795822606
0.0132986595705727	0.00364904689139703
-0.24511750576022	0.0913111149248052
-1.77478290669934	0.740325825987805
-3.97306134216595	1.76259890264903
-3.67599283921959	1.50022965768208
0.0881440600457979	0.0289603369707352
-0.160632143740017	0.0640883035583004
1.87110733943015	0.599602400649659
0.0114202123721441	0.00307192001957707
-0.0951265447799466	0.0216293083269459
0.542280131446209	0.128299417175899
0.752740749945134	0.22273469507249
0.323237769806572	0.0954668421415237
-0.528357476837837	0.138974057943311
3.65927777306904	1.83817233580402
0.313960828573921	0.0920614225806
1.30634714918011	0.528894578070315
0.543933997993288	0.126853376726706
0.74735203385171	0.227266926935782
0.741206268974865	0.228640771349315
-1.27805932009521	0.464543188836519
-1.28904790095887	0.453722648708786
0.743418412008446	0.226976622674307
-1.37855256949683	0.369087290450251
0.54857087575441	0.128558386573012
-0.837725680837318	0.257618742248887
2.7017820633786	1.50969776100962
-1.37855256949683	0.369087290450251
-1.08951402937366	0.369398243880082
-0.0974411559193684	0.0219556283179796
-2.05530739097121	0.573074172318947
-0.514680488872461	0.137579947568615
-3.10917902294542	1.03561947360895
1.0155754641844	0.505124908598354
-3.09293870382283	1.07206408964027
0.297891135562629	0.104155351001806
-3.51426902866386	1.36923995903935
-0.453057354623893	0.157177597781163
-3.10114808039898	1.05727517208626
-2.04018630772019	1.00551245719858
-0.40852255859335	0.166928607194314
-0.258367913675374	0.0970323228752759
-1.28904790095887	0.453722648708786
1.01780125564724	0.504725148599862
-0.0989824574858418	0.0222456966330467
-1.46450798665349	0.575571060293547
0.529592277958767	0.269346135428826
-0.25105983001523	0.0770937678718349
-2.4946503122275	0.759347999169937
0.00985112133250351	0.00270490566336264
0.14025986370079	0.053318958663197
-1.28886622712064	0.480829304316831
-0.51812082156918	0.137106412514332
0.252178375861798	0.123156387439191
-0.214326751491934	0.101282505640736
-3.31902457203743	1.23889070538812
-0.260850899301244	0.142068121938777
-0.831547258034552	0.253419977958223
-0.63895817661679	0.24075735891342
-1.89845634003739	0.901825726419839
-2.498964405108	0.767925687647617
0.559877105401011	0.193942520967928
0.0144701362076562	0.0038086549766241
0.74610547207819	0.228282542864155
0.738355836787058	0.228487450174743
-2.49582076805792	0.739355067527278
0.319781666217287	0.095251523392
2.69902559231597	1.02942646113875
1.30008540260843	0.529163191041818
-0.451427023485615	0.156337767156886
0.747433875359793	0.222937106239901
0.0125770160118149	0.00341390833792685
1.61291607468416	0.859981429092839
-2.04902373026814	0.584535062964325
-0.836634894627274	0.257543939751531
-2.05433974854713	0.576107769870825
-2.82800405415571	0.916370270350291
-0.517351938617723	0.135137025900895
1.38841003431685	0.431874411465578
-2.04783485499909	0.571093548500225
3.99461224077353	2.18404549824135
-1.28282972300952	0.473490748576721
-3.50766607864638	1.37426814117007
0.877636916125413	0.332452408713274
-1.08147998671592	0.360679861491602
0.537881681620156	0.126600678583075
0.542377859137839	0.126587100412967
-1.62361086517211	0.659254389946254
-2.83133823353176	0.934971127868472
0.54857087575441	0.128558386573012
0.859748087160465	0.307120122385018
2.70080453911676	1.02336096831486
-1.29400459217248	0.461631777855105
-0.100433580666566	0.0223310096939592
0.326763941420613	0.0938492014293281
0.0175474715951843	0.00457046826837147
-0.833063405948399	0.254155985426631
-0.787139040612636	0.31265089637887
0.430167435191173	0.19603997818919
-0.419267212423922	0.172593191225792
0.0074326705900898	0.00322576102355788
1.29755860503011	0.765165502190003
1.09351308013923	0.849886493270201
-0.931652139919328	0.41225778334066
1.09453906265174	0.752971050613291
-0.276881161424489	0.123151756678681
-1.06165513920545	0.499879727504429
-3.9649744965498	1.76884208379733
0.150607733540289	0.0638450934836254
-0.837099534088992	0.249769720288877
0.119878987276164	0.0469955942156012
-0.812779059046026	0.370435183726494
-0.691822924796449	0.314024370528529
-1.08035527381437	0.605901743394553
-0.830458254376926	0.253340793357874
-0.606403738039702	0.324806789594554
-0.78346728810559	0.453380735135581
1.63283842160065	1.36949506742376
-0.0555156749526238	0.0262885860774029
-0.535751459553869	0.346251516916381
-0.607910782275397	0.326257746682288
-0.447053703525793	0.153258240882995
1.08876839748072	0.860423103905213
0.128713842587624	0.0550918417342678
1.28549430878087	0.69549170209551
0.322797972219401	0.188835533679791
-0.0132268317764248	0.00508439613219759
-0.788122727660705	0.385207822200271
0.0933668611384729	0.0314005612625027
-2.02358791062945	1.03128664715674
2.03707876886931	1.13913382929006
1.7645508184638	1.19750009876907
-0.16011497472721	0.0664926792586695
1.29744833517819	0.70729564556161
-1.28331625133256	0.470420786668762
-0.175804205835804	0.0733884963898733
0.563467749471445	0.209628028394203
1.71738707263108	0.815379999301974
-0.921189657078148	0.39510704593737
-1.07584917555014	0.356945538003037
-0.0992708777956576	0.0221496476688967
0.0129153418849133	0.00344424604437407
-0.841324460591787	0.254223558114739
-3.09183480000513	1.07302576822624
-1.28369124992731	0.463666536386477
0.313960828573921	0.0920614225806
0.884779751210965	0.332585768931519
0.964274883327966	0.436674471872681
1.29862879888014	0.674646917158943
-0.830458254376926	0.253340793357874
-0.0994736170795967	0.022542834663039
2.55244905202527	1.79073603562665
-0.237275358357156	0.0740297101533226
1.38807595397222	0.442047911275176
0.0024348895089195	0.00103360283751351
0.548332676093981	0.128537566389422
-0.523881983385789	0.13702530803748
-1.4569003221604	0.562677280766893
1.94790175613624	0.801728943573825
-0.102208622300794	0.0226916030253293
0.546465924658674	0.128383503124171
1.93267444315592	0.777685872279347
-1.07623377496826	0.363444231148948
-3.32001561112394	1.2286468506821
-1.38250936278202	0.367021552852188
-1.28425901874629	0.474855091321997
-1.6124798641982	0.973504661602293
-0.922944764278455	0.398545817772487
-1.06092901580912	0.497254307780746
-0.67018020470987	0.301404825581504
-0.453057354623893	0.157177597781163
-0.438308336698429	0.150238381381934
-0.322842418514991	0.167041931712695
0.295048005746277	0.118993538880424
0.134258667853982	0.0527219002374871
0.60960061773606	0.300861305381878
-1.19156452972054	0.585839046570364
0.440806699172689	0.207092762916024
1.55626449309593	0.961448758048466
0.493974274864421	0.209794309123177
2.04621636371752	1.1757694312477
-0.816219161134376	0.307303647619577
-4.1004122679285	1.86707402582015
-1.37855256949683	0.369087290450251
0.544175487457479	0.126874637564392
-1.08596764946997	0.50377811667463
-1.90436214780629	0.919088992717046
0.0562771845508959	0.0275716092029351
0.703548825336532	0.466467613415115
0.0138776727479394	0.00371737921651206
0.614313768242549	0.370576924930602
-2.01850147374889	1.01675734198605
-3.83989436033398	1.58558586161456
-1.62832866336978	0.696958855066713
-0.254313815203601	0.0962355472165239
0.809071136780467	0.406694241058394
1.09147981099842	0.795240461141412
-0.252296300840765	0.0924836673364662
0.304097133632716	0.127246006012529
-0.253138796796203	0.0750276064570576
0.967723675247484	0.442675210445599
0.0163168362351795	0.00431759714522914
-2.49779134618292	0.753762077506182
0.541100401848291	0.127818857380943
0.306625104888907	0.1233273506011
0.86723702727016	0.329674425233152
-0.453598094111381	0.157773074772358
-1.08810382039827	0.366696523215772
0.299379968968207	0.106447509821458
0.486890701441688	0.203637036196601
0.00713763059336234	0.00212611679198555
-3.50845296259871	1.37767035504347
0.74382021694343	0.226781474929542
0.560671239660952	0.2085215745404
0.331675523051172	0.0931943718165391
-0.520104445364255	0.137370661910804
0.877728663900217	0.330108389696685
0.56366061810318	0.206197315251433
0.0185093777604819	0.00478759989815322
0.322613450856061	0.0931969730661386
1.30296321998004	0.485333748184595
0.736674428358857	0.219845410207826
-0.521239785553401	0.140369579797354
0.325432342788482	0.0942165040747729
1.37992663094243	0.444768794438503
0.736674428358857	0.219845410207826
-0.517911135702038	0.138411916640514
-1.37855256949683	0.369087290450251
-3.50265551196981	1.34769454815451
1.71701318320008	0.800100487366916
0.0149480141956578	0.00396582610339533
-0.835242582387023	0.248047458204957
0.744573107812477	0.227859030370143
0.750212262173245	0.228253921774654
-0.500361213727219	0.243886345556245
-1.38398987052809	0.932425791401994
-0.776829730870543	0.396818356945113
-0.278897892388389	0.127592078278933
-1.06473630680411	0.4896609554847
0.0113966406130064	0.00489708316937567
-0.821992990981693	0.495437413050977
1.27518052736941	0.878869534654201
0.305287714670481	0.123926045961371
0.310668121410293	0.110266161898773
0.62066550251816	0.363087049328107
-0.827973934228269	0.248897601435703
-0.0815689471617453	0.0281532475035938
0.874815805770015	0.496509339380258
1.02880330991158	0.554903925683511
-0.566598192786021	0.241570256274539
0.490850492422545	0.204535288803544
-0.272951774841969	0.117022574377808
2.15286360508235	1.81665942742949
-0.826886475386905	0.250046085549171
-0.497709846577039	0.24802023143588
-0.907200079180726	0.564492545961072
-0.235759541131017	0.0743536615313082
0.863008835372893	0.483446887534724
0.713494862850374	0.508003685078369
-0.312245545188809	0.136180095698087
-0.256136474919119	0.13591570339386
-0.900526336159426	0.481733092281853
-1.51867437707901	0.878579357131975
-0.780175135511968	0.404106078865792
-0.898200935965032	0.452183825083841
-0.658975147606037	0.421879233716988
-0.178571270820018	0.0699275333798487
0.34575143521624	0.186243725076597
-0.318142832491913	0.154681327591897
-0.000728824062792069	0.000028360228889479
-0.417333121416573	0.173948940707376
-1.28074147479309	0.46975360367354
-0.233660268793678	0.0717682678832686
-0.660073792126764	0.314542399692128
-0.446719082429879	0.153425048547218
0.681215340532824	0.36768225337364
2.24687086924199	2.28134796073453
-3.10225524298542	1.07674434808323
0.687384821414628	0.359212377184901
2.70083695509685	1.50529192436194
0.316388386747289	0.109163452009118
0.124307668837885	0.0486149743281569
-0.235937790139879	0.0739705012996475
-0.455721344272577	0.155433568215753
0.547153124490705	0.128061292620407
-0.831547258034552	0.253419977958223
3.24240681893828	1.42771156811189
1.29851872905576	0.515432791161323
0.318092425170427	0.0932620700170988
0.877485930398228	0.342946519506239
-2.50013836544569	0.752963874303395
0.311405059030864	0.106739715794221
0.297514018105047	0.104355122054982
-2.04902373026814	0.584535062964325
0.715940922894339	0.315430206476909
-0.231281040957701	0.0720387889490784
-3.09183480000513	1.07302576822624
0.0927002628812514	0.031098282472655
0.0129153418849133	0.00344424604437407
-0.516775237435231	0.138362889204207
-0.524837858829501	0.332697779168497
-0.0252385822508116	0.00914020102569859
0.284952018353679	0.13016824637765
-0.271745449382453	0.118976762505114
0.568860395232501	0.204289738872054
1.24091106745514	1.06673123213828
-0.265757759143498	0.101370205980796
-0.618128176266277	0.362534749745633
1.05280482511551	0.633922429520314
1.07937799805921	0.685625402024479
1.96274554798258	1.53123149057701
-0.666028438893522	0.315049359545486
0.146165047207985	0.0681348355002362
-1.30024802826626	0.683655384934286
0.442534464862957	0.20823307170481
1.26917256009677	0.809834353534298
0.385447925587192	0.195233799433493
-1.28425901874629	0.474855091321997
1.05761063471385	0.603138212507789
2.96298228183354	1.90399513227581
-1.4601038558071	0.568742589999827
-0.715069145957214	0.400663753466041
-0.621281558305601	0.234003889742584
-0.0328590302208243	0.0166008861481512
-0.894395096547722	0.57346058303291
-0.507296333896686	0.295282385580979
1.0657311261452	0.608143506327527
-0.554976646421429	0.242132764484186
0.143742735792011	0.0621660962851487
-0.885311250065988	0.53811440655944
-0.749375742447029	0.549908710409893
0.912202250925399	0.585989685121321
-0.275084980115317	0.119442678985877
-0.148613904309612	0.0594915041062108
-0.204467329583218	0.126032807487761
0.300804417978834	0.131831501722694
0.63769606079413	0.513258121175512
-0.78801789336439	0.471766447927911
-0.488382740035967	0.276052461733594
-0.632425730847208	0.239136158179561
0.812523431847975	0.411331106998266
3.4137913139411	2.6905134181328
0.283555486265752	0.128293404833748
1.71522888092806	0.825777594851588
-0.932363423713495	0.412449320403969
0.0929852611504376	0.0309900524016979
-0.392601600737648	0.157145134739554
-0.00113552948342716	0.000269052456283292
1.38774204173137	0.432251742729871
-0.234431964466863	0.0735830565144137
-2.05849704146216	0.555726647791374
0.543933997993288	0.126853376726706
0.963945152999706	0.435518770986134
0.315904858319612	0.0906719899454981
-0.623965730583367	0.226303820265981
0.746287337554133	0.222419549188941
4.24925751592005	2.61873238979115
-0.517911135702038	0.138411916640514
1.38746482707804	0.438324100518707
-0.105110575947249	0.0235349560977657
3.24655992739218	1.4562540675439
-1.29181820802458	0.468330218032619
2.5476304563025	1.79647209303206
-0.0125361272723873	0.00499313634458551
0.0981036889096247	0.0324617356916898
0.29428358856186	0.104025891561411
-0.628404548349175	0.229736536558636
-0.959985261779497	0.400859131264887
-1.77263465850241	0.778154591086662
-0.656478026583928	0.293575874145132
1.47511430243747	1.10626499543475
-0.782130115568903	0.308073914666867
0.528155352683626	0.286102648367677
0.0835336339805847	0.0284482232371102
-0.532669821174069	0.23632069754242
0.0123876104363821	0.00332088703147064
-0.684995631207335	0.44908744612323
-1.45795860343198	0.578739232377799
0.358379867172606	0.19644946228037
-0.311278949822716	0.129367630609626
0.569613012253004	0.206709640774205
1.29444903283975	0.690241058104021
-0.259391726168999	0.0989378867030392
-1.88802438548092	0.877636928797057
1.2917105541865	0.675466960026766
0.304465423007263	0.11016431089777
-0.522190909373952	0.136407044608739
-3.09979316343933	1.06354521701068
0.557683322662457	0.201256204312399
-0.250511216637007	0.0960707667918606
0.298822717749439	0.119969767101425
-0.101461848604811	0.0338446073875772
-0.4098473987211	0.166297291804649
0.473133120301679	0.270809195468567
-0.635624825321417	0.23620000279713
-0.626608885704098	0.229036752056097
0.0171105349301335	0.007210350731609
-0.0219674379727586	0.00839099878481994
-0.232829775147311	0.111558387235315
0.00770693508204256	0.00227367695076611
-0.145737316391736	0.0595560314371439
-0.793932385446397	0.32670059997012
0.611289350296029	0.283920657549765
0.304806769407327	0.105193706845862
0.431810950096402	0.197244990590125
0.599116776381789	0.352251960330334
-1.60132295634996	0.971462852051588
-0.157606145842796	0.0610106558291583
-0.284276560132958	0.103959894400167
-0.447141212503182	0.156601589905302
0.0953604120466347	0.03170945747077
-1.9066507597598	0.887039429579184
1.30531911227828	0.506160101023626
-0.638462629034986	0.240626489251053
1.28422790377063	0.600941565350519
0.714971515557103	0.310476559550866
-1.08425366242167	0.369278140646016
1.39041632652022	0.449818911651812
-4.08387254799291	1.83648212240272
0.559921499614568	0.204009116822365
-1.37855256949683	0.369087290450251
-0.102208622300794	0.0226916030253293
-0.450496782366167	0.15299691479541
1.39136829124984	0.446170964769697
-0.235756809331476	0.074113881734835
0.548332676093981	0.128537566389422
0.300144757778023	0.1226241897918
3.66086984732958	1.83596411680631
0.751599032641694	0.226662610300221
0.735360591931943	0.222702866639154
0.0170169246376005	0.00444878785056413
0.318143538060255	0.0951754671461897
3.65927777306904	1.83817233580402
0.552893324539326	0.204766376131463
0.711238602807492	0.302599592473527
-0.100630873298134	0.0231392113137372
-0.0941779390158178	0.0217731946290539
-1.37736686643192	0.369817212053887
-0.0992708777956576	0.0221496476688967
-0.661475566237071	0.316984057154266
-0.440087606864423	0.147963031160762
-0.786475536199284	0.317216512131261
0.318690280544721	0.0935093374158256
1.51313259043465	1.06336882815112
-0.414930556313027	0.173749586604405
-1.6158330740944	0.687200844863277
-2.34380884210835	1.39281883224497
0.294386282404269	0.0988048107817228
0.30504979822095	0.10157621513535
0.0190842251441769	0.00494141267484626
0.310173608016653	0.122699133513655
-0.01423963218682	0.00566533714397547
-0.448576036434	0.157226426303193
0.793230637831683	0.396288857976355
-1.46933428462261	0.587940718405459
0.565121816013371	0.19933179639524
0.0100861335019789	0.00286449573951946
0.699590800915363	0.301868890884042
-0.0249259807110885	0.00961024836617463
0.748331792113693	0.226571962978259
-0.235175374955605	0.0740295955887752
-1.46072179099803	0.569441162943915
-0.556128171280471	0.244994545546311
-0.0879890957796581	0.0306174800318228
-1.50698481191433	0.886384924937728
0.319628588618048	0.0930060930695022
0.302242852912948	0.106016758885149
-1.90220385463169	0.887085291410985
1.05407057100503	0.604834070535839
-0.788561090838431	0.407450539168195
-0.794756753940006	0.388426497544852
-0.243380523081411	0.0751664462060786
-0.932009135566695	0.415216911847897
-0.784979861631117	0.391473514173501
0.683317107190057	0.373915255398752
-3.10696373587064	1.03536570265388
-0.928479397418987	0.39475784096011
-1.28640931040017	0.457340692358255
-0.208063100469954	0.100693459865356
0.234703240562693	0.123255132005381
-0.544751063339679	0.240741424861527
-0.781364613564976	0.318552580329589
-0.833971476168581	0.245682096121293
0.00503205325323939	0.00176066980971586
-0.520644673111812	0.138109482713933
-0.00482245318811748	0.000625072427390788
0.0843762395160224	0.0286700407797936
-0.624794206308367	0.235640817465508
0.303463348060815	0.107539895525808
0.316272895181113	0.111433623683771
0.701386600368808	0.271039664065281
0.0123876104363821	0.00332088703147064
-1.37855256949683	0.369087290450251
-3.09404330590539	1.06245153955413
-1.07623377496826	0.363444231148948
1.2996134727987	0.530136221804645
-0.107015470881838	0.0228398179619613
-0.832069625663695	0.254252617003816
0.137229311437485	0.0532309868168945
-1.07773590957251	0.364585466114807
1.56484251697844	0.969173505017878
-2.49582076805792	0.739355067527278
1.38488691804201	0.443152527504214
-0.100630873298134	0.0231392113137372
-0.0974928366755688	0.0220000133147072
1.87693466126903	0.595647178734079
-2.05849704146216	0.555726647791374
1.61464239979135	0.872144987031638
-2.05433974854713	0.576107769870825
1.94226546101719	0.798478773934451
-1.37855256949683	0.369087290450251
3.21632270325436	2.20399599915151
0.0185525720165945	0.00472697494929157
0.741206268974865	0.228640771349315
0.802778951017324	0.406373418091838
-2.05650312187694	0.572642061324397
-1.46006976749378	0.562926270920661
-0.229819459699791	0.0713436708638103
0.410285807112187	0.210105922174637
-0.823571570568905	0.395468443177233
0.29056278857197	0.12628308083883
-0.930797282867202	0.391784760594474
-0.9421147106966	0.41337288517068
0.305538390094572	0.124640555736757
0.636986923810654	0.382167541172316
-0.778502679092996	0.402564872177849
0.0106696739175262	0.00303980302423724
1.87537406993366	1.54101027691132
0.41749393334435	0.186722740523278
1.48487658907847	1.07479152334253
0.543439225125607	0.295389336514619
-0.418108388912064	0.167173340529118
0.31118225686456	0.110497295015127
0.362506871485634	0.195005744450376
-0.409028701885556	0.170901510800991
0.0119400822621131	0.00492182735958808
1.29236600952248	0.62660277412665
-1.06392273117113	0.490692028998994
-1.20155032609128	0.608540817433311
-1.35333574202763	0.939679521702458
-0.882163352645121	0.439019105789205
-0.536140320812311	0.262320407544474
-0.790675271736925	0.409866945735448
-0.409436710350008	0.164304442461995
-0.170568595730213	0.0851566814010953
0.147808159577798	0.0741911049032278
0.44015511305968	0.19949815223215
-0.269902886206237	0.0995399616766554
-0.525288063890371	0.257055735650492
-0.0902843361220295	0.0320704264189181
-0.970842547867574	0.640707189803586
0.0217400922325724	0.00870244570572605
-0.890200809937389	0.568956589485517
-1.18959738887057	0.590591887014654
-0.679491576797476	0.320008239965868
-1.07859318466578	0.356748386023769
0.975333008551552	0.425095320230837
0.0295724085561861	0.012088722871847
-0.0300128009027036	0.0113326166246387
-0.540150019925681	0.237574894024048
-0.792504010639737	0.324951894497707
-0.44827845243124	0.157314833464383
-0.240039008919406	0.0715696993970441
0.0498193355910582	0.0224998626811987
0.0163659900345216	0.00667497168092392
-0.794589956775525	0.325556001858572
-0.783648320414102	0.318565701867546
0.143330200282999	0.0533528095437828
-1.29065265574961	0.446313875217768
-3.09647448091884	1.08882943702806
-0.100630873298134	0.0231392113137372
-0.244974630406592	0.0759744483821371
-0.0992708777956576	0.0221496476688967
-3.32291224913404	1.22391735684743
-2.82570625121832	0.918479199567565
-0.839644646190034	0.246317573135243
-3.11226293684757	1.05509625501772
1.56060406651327	0.944766463966251
3.2540909299333	1.34043567032651
0.0129153418849133	0.00344424604437407
1.55667206216115	0.971407902168052
-0.0941779390158178	0.0217731946290539
0.886681869379834	0.326896344366019
1.37546465165424	0.439216784934893
0.3146648104573	0.0913579545285187
1.38488871141273	0.450211777140325
0.548332676093981	0.128537566389422
0.703826584375126	0.303433409348192
1.68982670577324	1.10565460407634
3.21072869344457	2.25560869563109
0.0170169246376005	0.00444878785056413
0.105627140931303	0.0342533581402734
0.477334058264436	0.197505896086949
0.325887977908023	0.0943713534542507
0.302293797737101	0.102743493642288
-1.46427595604439	0.57697885771139
-0.416098246275795	0.172413229036704
-0.0749724741816655	0.0348017663850088
0.818242434180428	0.409011991298116
-2.13437409610227	1.14182445659473
1.71469577915581	0.804613524165158
0.00988398501533402	0.00269365248353356
-0.102937951115917	0.0332905285775852
0.799838859725435	0.411284059306285
1.61796436287614	0.8981910520461
0.941094091463618	0.663230321779277
-0.674829810631081	0.317372561176401
-1.31320621602695	0.672348714291496
-2.4946503122275	0.759347999169937
-1.08180628574552	0.496703674538019
-0.627988022755788	0.23581946826592
-0.782730058549022	0.304443745127234
0.811408784445647	0.386899872933987
-3.33306252811932	1.19665851399297
0.132830955230803	0.0502174693686246
0.751193601971895	0.231756848435628
-0.534290332268213	0.236011129854576
-3.31518843568061	1.19835002370899
-2.33917596516424	1.32542164709717
-1.60988459797453	0.670792612470687
-2.01466985902352	1.02106717046239
-0.790301268762018	0.315125479829167
-0.778236186208865	0.388236159470226
-4.40163487077249	2.24107726836611
-0.410931457546735	0.190653660339063
-0.11141410178976	0.0487758560281441
-1.61106124878639	1.00655971416757
-0.40720187142756	0.166170666966293
-1.07953145169083	0.648064351923125
0.142532747220059	0.053035622709742
-1.88315566407321	0.883791911775848
-0.0945798073718868	0.0397208842148916
-1.41645823574153	0.779640857285215
-0.0283350429270585	0.0106390148246971
-3.96504867967752	1.76513755671617
-0.244501624053495	0.0763021184580786
-0.936858192800053	0.397526239971092
-1.76662277021825	0.791787510689201
0.0864379439027449	0.0290500062393543
0.103224627321408	0.0347076883588721
-2.25497628421833	1.22307076735616
1.30955657015878	0.501338242886864
0.53426072579638	0.329973788590124
-0.39465702618875	0.18323321156682
0.150705106221055	0.0636135668163992
0.307437013207317	0.108513033682142
-0.521239785553401	0.140369579797354
0.96820793327244	0.443148007475481
-0.0994736170795967	0.022542834663039
-0.100102853846225	0.0222670185448718
-1.0775029851148	0.361295530740018
-2.49348075277667	0.760631300990853
-0.624218854030812	0.225903072685419
0.00429094105789197	0.00127251095959964
0.968142145064715	0.422044153125698
-1.45475935214366	0.568568727829898
-1.37736686643192	0.369817212053887
0.297338765292813	0.103367177325176
0.548238753267921	0.200198153194089
-3.11016549362482	1.06811464422329
-0.0994736170795967	0.022542834663039
2.96569341734169	1.84811362574505
-0.095335539902063	0.0215346615173759
0.562171083899824	0.20945234556886
0.745719693963199	0.22840082916161
-1.0775029851148	0.361295530740018
-3.09183480000513	1.07302576822624
1.38958098938758	0.447916404365245
0.548332676093981	0.128537566389422
0.875261994360494	0.32126526336249
0.970832673216298	0.440856384176844
-0.623965730583367	0.226303820265981
-2.50013836544569	0.752963874303395
1.94301249410525	0.778922300814368
-1.07623377496826	0.363444231148948
-0.517351938617723	0.135137025900895
0.00147931566778941	0.000796099035925127
-3.69044727291588	1.46106040587526
-0.0933464908639628	0.0212702965815671
-0.616636634408028	0.22908099257379
0.879129582087406	0.494044856003387
-0.155599667905643	0.0644791683794337
0.326994851850523	0.0940281343579022
-0.0790947567138407	0.0270782321533941
-0.251852792715364	0.0782019489375256
1.28120239974297	0.591566371341271
-0.241922827453425	0.0749956807265483
-0.515816270677169	0.137630330187878
-0.101789050479357	0.022868379633766
-0.525967721160877	0.136720395702645
-2.50013836544569	0.752963874303395
0.0125294548513759	0.00346079386071412
-0.674096124516838	0.325126522014245
0.882117085745703	0.335485521708417
-0.40196337572859	0.166173280079814
-0.531397938841053	0.228051288190469
-0.797278470126576	0.309341983566823
-0.106566471069748	0.0236156238664408
-1.07128554073809	0.510186381747685
0.305183694018193	0.104485014781049
1.90063542945759	1.19198185448669
-0.925401257779621	0.393624438497736
-1.07597459657912	0.507312881979007
-3.51856233104499	1.30804474671761
-0.206830976857267	0.0945170936315946
-0.645428744517896	0.242048446472289
-3.5134917290528	1.36974037157449
-0.438400295562227	0.150343257405573
0.00410037932411771	0.00154788083855078
-0.446719082429879	0.153425048547218
0.32419932066976	0.0930352783219064
0.322688990359234	0.0958307659053989
1.29309201355779	0.608539638192053
0.96591306992034	0.445097298106441
0.316999011228212	0.0928334677014698
-3.3250289416445	1.22913026258715
-0.0962833901203116	0.0222038630107127
0.546465924658674	0.128383503124171
-2.04902373026814	0.584535062964325
-2.82800405415571	0.916370270350291
-0.515816270677169	0.137630330187878
-2.05021356478115	0.569031985318464
-2.49348075277667	0.760631300990853
-0.519260285802177	0.139357225000014
0.871463876666351	0.326278868410334
-0.518522788361015	0.137251012289687
0.541100401848291	0.127818857380943
0.547153124490705	0.128061292620407
-2.83018604355835	0.915523433166795
1.87693466126903	0.595647178734079
-0.518522788361015	0.137251012289687
0.547391394977736	0.128082186515472
0.324329385368054	0.0959051461273956
-1.38250936278202	0.367021552852188
-0.0945032483602891	0.0218370726435746
-0.0974411559193684	0.0219556283179796
-1.37855256949683	0.369087290450251
0.0160545770394899	0.00419682354489619
0.321596831485915	0.0953901221130846
-1.37855256949683	0.369087290450251
-1.27748366018139	0.464006152680012
0.413596408093573	0.182403996436733
0.796429023860848	0.51816296913575
1.02957287014134	0.538986556171134
-0.783207092307331	0.320218446459616
0.145793144432938	0.0637346417053173
-1.07433753222606	0.355844441385825
-0.264662187902196	0.101224197956559
0.293361633130184	0.114912848255854
0.884191543164984	0.343066445645257
-4.20843124063997	2.00463864244345
0.879536619864746	0.343062626938762
-2.02741130437116	1.02561194332839
0.493297973445249	0.210285005144929
-1.42676834869883	0.816226122514275
-0.557837386613169	0.240932139179061
-1.29546562657861	0.442476780339361
0.000586758870042443	0.000480546357701669
-2.05433974854713	0.576107769870825
-0.642416538048055	0.228308011052759
-2.83573891845403	0.897342341993353
-0.922442070690337	0.39841033492025
-0.260513240183382	0.100938326377322
-1.28277655041533	0.461168050564253
-1.89701671545577	0.903788745418966
-1.07945716189932	0.363853566224814
-1.08105608861575	0.36095604784384
-2.02840751484359	1.00042526445855
-0.553262815459049	0.234290848103351
-1.27901211296881	0.459061428425146
0.0906618554935407	0.0305901113886111
0.564108818657114	0.205223150345328
0.323237769806572	0.0954668421415237
-1.2795883046487	0.459586639042885
-1.47831317854253	0.553868867093406
-1.46940142323248	0.577918531828735
-1.61518801598484	0.686303083163625
-1.06980448465022	0.498764891490382
-0.260029175172371	0.10064501268103
-0.238413725909472	0.072415210242371
1.87001502873705	1.16921463577559
-0.629120617638175	0.242192445289825
0.0095493181685138	0.00274112871982817
-3.11127143495882	1.05422430722101
1.38746482707804	0.438324100518707
2.30731568068044	1.7861929903738
0.878269844450612	0.338553545383499
2.32403975222069	1.5487085513942
0.317450626633379	0.0923100636628705
-0.231108789370875	0.0721774916639875
0.319235701030726	0.0941325908845634
-0.0930212583066807	0.0212077808526859
-0.524683569236692	0.139865316336557
-0.52427974030057	0.136106393131316
-1.47917396309221	0.570476165457648
-0.0986538976590582	0.022181849463491
-2.04902373026814	0.584535062964325
0.0024348895089195	0.00103360283751351
-0.0957027096313858	0.0335605978005346
-0.533241001405787	0.138073304052291
-0.517351938617723	0.135137025900895
0.560953170648451	0.197832783759939
-2.83816850847321	0.90339074521464
0.569010630445431	0.199147476128042
2.70080453911676	1.02336096831486
1.30422780479301	0.517017505008842
0.306458879912335	0.0875732014068923
1.87680508733918	0.595685726697882
0.55679847982431	0.209914993943735
-0.100433580666566	0.0223310096939592
0.541100401848291	0.127818857380943
-1.28733861005802	0.477551825971716
-3.31605263115566	1.20372967855182
-1.42314424751236	0.800706027059866
0.463708003452252	0.261566315835645
-0.622774487201807	0.235945624597286
-2.52528190631984	1.62771766157195
-1.46604982785316	0.57649157592956
0.140175527636442	0.0552130941598842
0.130496559777827	0.0509824102284152
-0.0291818354696786	0.0107286939677045
0.124493492049254	0.0512584089672497
-3.9756474725053	1.7159696055981
0.82480750804851	0.609328015026294
1.07708672600733	0.603870544775452
1.55839927213142	0.971762434230234
-0.44684517885348	0.15346237358826
0.894266612267012	0.523659289458655
0.692790770325568	0.380968275363036
-0.0818090928724945	0.0381958454449057
0.551400030409573	0.201326514062608
-0.802075361866919	0.322148059214215
-1.33014767849301	0.660284976846863
-0.678651088210304	0.317547909498268
-1.3186877997312	0.707697836461567
-0.885094058943408	0.463787733349011
-1.47384053104714	0.569699823283169
-0.790181048223236	0.403769237816637
-3.70214972494492	1.43289977339452
-0.630654158162557	0.344076167264713
-0.66282677548171	0.312324486996364
-0.600893592125319	0.318906876065688
-0.890583667978973	0.487727613015934
0.104458493037893	0.0342474959385465
0.12588537625316	0.0498221415173426
0.558894604661734	0.203011157453727
1.28459331298616	0.690807915675967
0.500053525178718	0.20388354001698
0.309534240116829	0.106826915293774
0.326994851850523	0.0940281343579022
0.954938097326619	0.426247292314937
1.87693466126903	0.595647178734079
1.29622190246647	0.692719549117533
0.742846606800615	0.233354125368674
-2.4946503122275	0.759347999169937
0.738355836787058	0.228487450174743
-1.47712236038577	0.549786334900438
1.88669383053003	1.16813275435825
-0.520400638654727	0.137450762960971
0.0860451965654325	0.0290011389256935
0.322613450856061	0.0931969730661386
-1.08589556734498	0.35395629495229
0.00235927129399443	0.00105722163216796
1.30634714918011	0.528894578070315
0.720409893676784	0.307420000912534
2.70305318313569	0.992389817262118
2.77047324491491	2.74425775752288
1.70903701612267	0.805752139404422
-2.49779134618292	0.753762077506182
1.38159292353248	0.445976872538675
-0.797794949123431	0.315685787101761
0.556080129440135	0.205787587423881
-0.100630873298134	0.0231392113137372
-2.00825233070487	1.01352403936491
0.0992531018651065	0.0330447715589924
0.305971455720574	0.121182346902381
1.0700316112495	0.697784239370916
0.931015002630756	0.628228215581169
-0.798722842368065	0.326710875694545
1.26972479803145	0.58368727063857
-0.297689156723799	0.12851967944758
-0.284163904489119	0.122295842006181
0.61801298584087	0.280599871316712
1.26661280488872	0.992232443644231
0.266929867318726	0.131351192753334
0.792762436673984	0.398907004057802
0.307342633839957	0.107439934225689
0.402895115149557	0.210619301588644
1.56524482551013	0.944952467009436
0.00396270932064349	0.00141331822320185
-3.82626330740636	1.60082454394528
-1.07979326944725	0.507196840669013
-0.149895219139872	0.0592449327833123
-0.618128397806659	0.222166221595514
-0.256277718847217	0.136904384242648
-0.331450392938221	0.170324676529153
-3.33615857579719	1.13684853726701
-1.71386938355792	1.12086442049819
-1.0774212801116	0.488648391620399
-0.680163863862853	0.329191688431767
-0.415273503060648	0.195065551643096
-0.551156754255888	0.248636232733919
0.316123364387971	0.124430732919154
-0.160391484582492	0.0813185285457786
0.0101575856162158	0.00282804364824852
0.749645597891801	0.221434616636846
-0.233009112300014	0.069178257996354
0.600817219677739	0.357037810377697
0.304648772787853	0.107318558371333
0.103487679157447	0.0347272949726
-0.521239785553401	0.140369579797354
-0.242506422393864	0.0753160757356815
1.2910606803569	0.598335322362745
-0.837980270991306	0.253674993229383
-0.418393636046613	0.166332660979301
-0.259301875455237	0.0769041931856301
-0.846229366556135	0.240641376349913
-0.105110575947249	0.0235349560977657
-0.105110575947249	0.0235349560977657
0.486105179384383	0.208667087262631
0.973451801314943	0.430631528896648
0.0866080968347163	0.0291212659375777
0.707236410410961	0.314288962693369
0.315904858319612	0.0906719899454981
0.548955309270444	0.19564108523989
-1.6270605466334	0.677306495115759
-0.244974630406592	0.0759744483821371
0.447288118474437	0.210593480746347
-1.28207481227429	0.473471454058406
1.29981010655105	0.594042842806429
-0.830458254376926	0.253340793357874
-0.824249101673745	0.243531934977677
0.428664062001053	0.200327076353796
-0.647016038691834	0.239979046593201
-0.792531312936611	0.327347522671821
-0.281628253025937	0.124519244895864
0.79251267706217	0.399631285530068
0.690960103773082	0.301712470354951
1.70694116674169	0.810715825749303
1.30255386656313	0.673670199758449
-0.0805154055905781	0.026865420014487
1.24511821747281	0.880238777529131
1.03319195206457	0.532533332319321
-0.0594583264138189	0.0286688430659344
-0.926409718548638	0.404037141298393
-0.282201574481988	0.125073408659884
0.0865642245318729	0.029691681957256
0.294326523833979	0.115172912193957
0.608818599890909	0.300866605099401
-0.403547430260339	0.183936424204131
-2.14650546585245	1.12807405533148
-2.03290806145153	1.00692425439787
1.38774204173137	0.432251742729871
-0.44307224454687	0.153808127972859
-1.09807111109789	0.644658164681859
-0.447239330472856	0.156153993937711
-0.512487256026515	0.252681925498786
-1.45360323354618	0.567880172583835
-1.81225820088589	1.19837953031941
-1.08115119172692	0.493891358554454
0.550685923418775	0.199566504789894
-0.830887096458826	0.2476956260607
1.71251165179414	0.792200324228792
0.320159186534265	0.0929647852056076
1.07106467945046	0.634884537015096
1.30258364589298	0.500235281307435
0.128883498955894	0.0497531492981377
0.294293777037191	0.12875829723182
2.35305037074739	1.11174370525686
0.0119481861389783	0.00319511477387208
0.330033439664547	0.0950177430381346
-0.522494745184589	0.138224827015017
0.878170446451773	0.323354908580189
-0.271112070292081	0.103182755881995
-2.50662138300429	0.751156666336677
-0.842809859873287	0.247804433748461
0.740464274036165	0.227891483543122
-1.09108699043128	0.34013777053503
0.744573107812477	0.227859030370143
-1.29328454539775	0.461528688991664
4.87146498567321	3.91972052503399
0.970864971364143	0.433448601866312
1.39286395741949	0.437144521309055
0.739495127750292	0.229163664241222
0.0975623284547558	0.0320145603131338
-2.50013836544569	0.752963874303395
0.704396240415514	0.303865379671504
-1.08334878733888	0.351185504190357
-0.532573629672071	0.267525291965431
-0.301803223180495	0.151426651041699
0.244374976700273	0.118934169106937
0.592324367232666	0.276626644085275
-0.0016793914201076	0.000321995233295522
-0.893677499043412	0.489899479901574
-0.145689385001058	0.07868378226415
1.08709106490091	0.744745315510048
0.235425761064351	0.125097109494195
0.908065478497947	0.576864478746342
0.148610468822028	0.0697702276066471
0.700663992139416	0.494326508250587
1.49829825450631	1.46238912521902
0.461136170076743	0.266602866736285
-0.315240017820247	0.159371470854976
-0.25742936299586	0.152133839048344
-0.121731025257103	0.0522245307580579
1.17247760797742	0.873263871668637
-0.134280592761882	0.0718234353033578
-1.44186453568718	1.04095641602856
-0.627895248759834	0.240765810914701
-0.790300540521505	0.409269374386521
-1.65137740453639	0.991765122023062
0.801214314482685	0.543801559206645
-2.01663510132562	1.50976026046122
-0.821803392619268	0.467933298032794
-0.402930188369466	0.209550852219702
-0.554652066165118	0.237149616034126
-0.232392215557442	0.07113871128973
0.975785643130849	0.436022138328357
1.03677814166086	0.59406946344355
-3.09404330590539	1.06245153955413
0.881695120122191	0.334060021430021
0.864008496468584	0.487539744687622
1.28576952609262	0.784643541915555
0.322081051353188	0.0929531789439972
0.323721577140901	0.0911876413216331
-1.07773590957251	0.364585466114807
-1.28879737062027	0.468122387716328
1.70512264187184	0.803661263144765
1.7081484040975	0.825866472225595
0.307342633839957	0.107439934225689
-0.0870749837719464	0.0302665685702279
0.310668121410293	0.110266161898773
-1.07859867331795	0.358439828286282
-0.030473099964549	0.0111640638782978
0.745703811636536	0.228481367728924
0.529659174565005	0.276759292899201
0.690498709549467	0.296896184647212
-0.407604384283519	0.220494491819102
0.472859284164423	0.269424972651213
-0.817271926978227	0.475637312034837
0.234006215872425	0.12448917296436
-0.523247160088198	0.26134980094459
0.00390269035675484	0.00182850847687912
0.344148025383845	0.193600611134373
-0.581905976859677	0.337825699068293
0.254962722806995	0.132374532263436
2.13362803089878	1.82484799202268
0.143654509859759	0.0637079266436563
1.0648222663563	0.633475939444126
-1.0862342268954	0.66783931026422
0.534017785786262	0.268076150381673
-0.528095899788321	0.232672849346159
1.01803156990996	0.542873267553641
0.963980654292624	0.793163633030735
1.51555315704106	1.42661932546704
1.86960224796338	1.56933205762448
-0.113891954917248	0.0498519148990799
-0.922080912100963	0.398108385643823
-1.20279705025931	0.603620047465291
-0.293625812383842	0.132808571267031
-1.70596806353724	1.08403268263859
-0.103174740552034	0.0351150045745481
-0.39693039470568	0.162551045655332
-0.0829341620157426	0.0394757277297169
0.807437943517115	0.420414805813212
-0.629397621634765	0.236280207248123
-0.255829568258952	0.0962036548809724
-0.634087688599278	0.240562105980088
-0.5223760081113	0.140414884928745
1.78393815734397	1.2398600248402
2.32990574393563	1.54127560487152
0.562198780138918	0.206583627143683
0.964274883327966	0.436674471872681
2.55823283825268	1.81860296309754
1.01940228020338	0.517715154889113
3.66434294560213	1.77328119297797
-0.00577160259029977	0.000837894848564423
0.799557248911697	0.38298763027455
1.02795938082886	0.526444329815452
0.741703403287808	0.227480384928699
0.320712021951722	0.0927860950219752
0.568872199636455	0.21046867310137
-0.438102603240408	0.146251533050345
0.319235701030726	0.0941325908845634
-0.156553290132035	0.0662748423341265
0.0199059273969376	0.00917247008311982
-0.189077583500998	0.0931712155824025
1.42267265098528	1.10773444493983
-0.399137389724471	0.162301720718757
1.70019929334892	1.32305840374622
-0.409143973458882	0.172054556211391
0.268154765492962	0.165793413483749
-0.250515856861322	0.130584878703092
-0.524564337808084	0.30901384245413
-0.233717836713403	0.0733160812457193
1.22617724409323	1.11409810701875
0.0113136178600107	0.00470448954918111
0.597514861279971	0.281332022217266
-1.46347957914527	0.579182868489406
1.02807020237561	0.525011023731311
-0.788847574080247	0.32002840494186
-1.07038577618603	0.496148828589486
-0.391921765674724	0.202773771249384
-0.394843473314319	0.158965279060662
-0.216157888200989	0.103443725065343
-1.08063167459834	0.358233910383563
-0.680973220127945	0.327305234305643
0.0195270519038567	0.00815958057588392
-0.156939336937725	0.0658544657922683
-0.511095242692837	0.303644521713271
0.130661509162226	0.0507297009758902
-0.621820885588455	0.34952957167193
-0.810897775044792	0.504800371249042
-0.206555491478839	0.115229127105154
0.103487679157447	0.0347272949726
0.139835627671065	0.0533145827940775
-0.795384817685209	0.32462613411527
2.11856169873997	1.41589913116303
0.872086834279008	0.33780025631223
-0.101789050479357	0.022868379633766
1.03275611686562	0.546007032539821
-1.08714078500731	0.366580849372236
0.879210324753055	0.333577896385666
0.312320568211031	0.123343288043694
0.884609810484795	0.327775678814417
1.28422790377063	0.600941565350519
0.326044131549766	0.0939437624922731
-0.279019230713569	0.121207518731995
1.38159292353248	0.445976872538675
2.33750573951005	1.45263095383311
-0.449309141859221	0.151929538704476
0.0986004407796034	0.0336955754451977
0.00913876512255594	0.00266781331555496
-0.828597086324465	0.243898539550448
-0.404716890703845	0.19857892502549
-1.08810382039827	0.366696523215772
0.120838024810905	0.0607436992151633
-1.62887372834319	0.677811845876981
0.523256612252174	0.276962710753791
0.84111352136925	0.607310036286423
0.086022287531621	0.0293556655550775
-0.408212980458586	0.171230086785493
-0.101398479522333	0.033824447846383
0.0134152974866337	0.00691428649765858
-0.990508444147564	0.542642109524253
0.702104708228016	0.308852321486391
1.37422474249846	1.26710488974165
0.461242535641092	0.261563653065483
0.828144892397091	0.603515098519991
0.606663851010817	0.302015554556953
-3.68871402735119	1.50080168214842
0.3454473217686	0.192082095520751
-0.799712897696791	0.329621619894089
-1.45608214826289	0.570053697959349
-0.78809022138417	0.403379408881176
-0.269762803986481	0.117303247238237
-0.245750819454419	0.0770070334360556
0.124664776042909	0.0477858772699348
0.299513936805346	0.10453461640491
0.299541989941134	0.123632275340581
0.884779751210965	0.332585768931519
0.979600921550281	0.429211152466076
0.326368517742069	0.0937209806472253
2.69878858747426	1.54790991664484
0.751599032641694	0.226662610300221
-0.098940228440894	0.0220856852040079
0.330033439664547	0.0950177430381346
0.0720479835532019	0.0239169775932198
-1.29510469428056	0.478449739353142
0.562884513415761	0.204562775575446
1.70300314117582	0.805083494620847
2.55485173660544	1.89418521798685
-0.098940228440894	0.0220856852040079
0.556078390879393	0.205264101123716
-0.0989824574858418	0.0222456966330467
0.309214100843144	0.110363401502379
0.00359562472707502	0.00137167257788358
-0.621281558305601	0.234003889742584
0.294885230394584	0.133787389207603
-1.60783032956749	0.956800962309151
0.401734692106473	0.204616121566581
0.151226908577662	0.0638009877400352
-3.66907587004444	1.47350436569985
-0.424268326239516	0.193877796046535
-0.0101207345443427	0.00425675707143595
-0.371357408416019	0.237392129435748
-0.391180333597956	0.186742317136466
0.545797622316961	0.289019556037284
-0.263969836818863	0.100668596696407
-0.29273641157447	0.132259205079007
0.151557521272372	0.0659211818404031
2.31164327954785	1.74877930968249
0.491096188964447	0.210275739902497
0.527898957852536	0.266086746284342
0.951415443892502	0.689139957570405
-1.07239798793769	0.358269457626047
-0.803026573210838	0.415667662985617
-0.240568421637523	0.0735830318676972
0.558111050586238	0.205607935990577
1.37992663094243	0.444768794438503
1.2990676838516	0.506236864226172
-0.794924013891273	0.320083228472032
1.98318476909404	1.49099727896917
0.32378945791284	0.0941270332049614
0.123990695095127	0.0475299774526477
-0.52427974030057	0.136106393131316
-1.08043456838936	0.361340664763697
0.884609810484795	0.327775678814417
1.38629273260838	0.443742611119823
0.309832724387647	0.110305655091749
-2.04902373026814	0.584535062964325
-0.829990262317023	0.25307982627687
0.562721254126936	0.208189832473217
0.000586758870042443	0.000480546357701669
1.30016077947136	0.500191833157399
0.696801773474473	0.393832202616122
0.880513694991045	0.334746513575528
-0.41640310792415	0.164488155743536
-0.352123872510449	0.20348636420274
0.426521547850231	0.263430436612769
-0.532897951576299	0.232257025494054
0.125949884345997	0.0495633865592663
0.818782374725505	0.581351034477487
-0.51135627603989	0.303043181662711
-0.992495496396174	0.538203706398981
-0.283900336785967	0.130268287129113
1.46553077992355	1.08923047264621
0.500471353806004	0.205447443091722
1.5387385475698	1.48149698194582
0.6895625018868	0.386318767539194
-0.103300047878572	0.0464557271711303
-0.414633559126866	0.163316302892267
-1.77479967454267	1.18942323221365
0.0292235659537273	0.0146248429653434
-0.279612634915387	0.148807058933748
-0.535711260469472	0.235429600815482
0.355696875354308	0.196249973076482
0.0958282272168934	0.0316534426276427
-2.83701082493837	0.917156293169085
-1.06103125050027	0.493236529449603
-0.487243566157043	0.27121544243355
0.448483766059921	0.196602319579178
0.695006154518654	0.362691690131393
0.562171083899824	0.20945234556886
1.28482298573876	0.785822640514782
0.32010207269038	0.0929899727077881
0.555314719298322	0.20529632658328
-0.521239785553401	0.140369579797354
2.98402813979246	1.76877468898302
-0.828902080556811	0.248526627312195
-1.07390451092355	0.359387288546195
-0.406737837251189	0.193414834618501
0.5415149226619	0.193203582913269
0.0757620059775247	0.0235522715666926
-0.158466419310806	0.0663529591580413
-1.45958519759709	0.567351277341272
-1.08657255227886	0.505581683735405
0.31169685471021	0.110048902346568
-0.241869883769564	0.0770838111994731
-0.78433465705727	0.407959535312135
-3.31219836079853	1.21229419336227
-0.751009708683649	0.493601315199343
0.042876026163427	0.0197952031009174
1.69147325070324	1.30441298851332
-0.404342446611311	0.220656938658648
0.966993364079325	0.829457210694063
1.27102205198489	0.846542297299904
-0.096345629638034	0.0326644644796489
-0.0238033059256191	0.00904881640049779
0.696012988801799	0.381235950076694
0.333925237024418	0.18222972454385
0.0344227514784262	0.0135149198009416
-0.803528311213284	0.387678064752419
-0.131630076620818	0.0783938152753353
-0.903588006144627	0.482764715178194
-0.183642032567515	0.0921888811390618
-0.936100265266757	0.392081285596503
-0.229755066274472	0.101951152329744
-1.76355514955844	0.79213758272291
1.26435585259834	0.910871216466685
0.12588537625316	0.0498221415173426
0.0929686564173826	0.0297329024510699
0.142454052568249	0.0626615348675101
0.603108302551955	0.297318436515106
0.315904858319612	0.0906719899454981
0.495844751967769	0.207771608579377
0.960995052179346	0.415163087003008
0.602869283367503	0.296500725167362
-0.827414816822434	0.249739591539434
0.411922497415625	0.209073135726641
0.714235733388839	0.320574661157273
-0.268846077093835	0.10330594019303
0.0887620297185635	0.029908388041815
-1.62331925982069	0.683986905498861
-1.07187320968594	0.357882420410236
0.491521198245021	0.204820985196217
-0.242615317815392	0.0729397118211544
-0.519662324847855	0.139505494309868
-0.838817185962132	0.25328760025507
-0.83757359279952	0.250025558200439
0.096555158970184	0.0526268658743643
0.236194752569958	0.124023824994265
0.312771185273505	0.108155445799656
-1.70622453567077	1.12895890119085
0.822806607966646	0.607721849707535
0.647294369652121	0.418896819564548
1.29297248126587	0.773098569222263
-0.1343319532168	0.073414522200546
-0.0199870928951105	0.00766783149296435
-0.266226384574249	0.102370392276718
-0.108548780932154	0.0488242278245436
-0.189570536810972	0.0953411756909401
-1.76425543193365	0.796614577849308
-0.555364773444742	0.246012368310737
-0.0930057540633595	0.0629644913130552
0.0405862291324346	0.0206140948129574
-0.23719019382597	0.157944546753169
-0.330871473649641	0.169201890337488
-0.60666626767244	0.366810554123774
-1.00684359387693	0.585728314528353
0.122021266514614	0.069605676435164
0.397225304441563	0.205092261962302
-0.320377189358882	0.164770411157031
-0.274643427018528	0.102245862328655
-0.989475556387206	0.572799899072281
-0.789605730849713	0.321738730331657
0.52263834595172	0.264974386153701
0.871549620625515	0.338386876454127
-1.89992738152279	0.899185533248264
0.385501273277142	0.196250528239794
-0.0279631812475754	0.0101467945825434
0.696504717691311	0.302371092900657
0.0981945478545039	0.0327131213909426
-1.31339843667659	0.705468261038649
0.138010462482005	0.0592437330246222
-0.459499522807888	0.15827624095221
0.934476238414293	0.631373733230214
0.00396270932064349	0.00141331822320185
-0.671943429366762	0.326494236714748
-0.259896428132606	0.0997641244031596
0.00302935543907772	0.00146376187842762
-0.414211202810501	0.172884198953137
0.501991355217568	0.205240371188961
1.06089350849044	0.615438615944211
-1.30917243005381	0.702594078205318
1.2314424110526	1.13736998926071
-0.61691847929488	0.229143616922748
0.813852321254599	0.411598165846883
-0.549601016455579	0.246844218663588
0.364290554485568	0.19698481894127
0.546085953230191	0.350071665216507
0.604379501141551	0.356084457441102
-1.49948361751613	0.847974900255529
1.22562757291557	1.12848755328309
1.49827478912518	1.00175067381036
-1.09702030479314	0.339287684641596
-0.547628491985155	0.248786962237693
-0.0743275042519473	0.0362878697693124
-1.52985891383592	0.90655009120031
0.153688578427039	0.0653749165614148
0.272168268573533	0.129763521155392
0.262338726156207	0.130514683643767
0.0161725194532953	0.00828663489897845
0.243104716551327	0.117941815294025
0.423626789989691	0.18485645986798
-0.427309290383177	0.200203066733451
-0.0930629225682076	0.032687813042358
-0.550527669868069	0.242424339271996
-2.14088529661829	1.11113122683962
0.294599311447269	0.120604374267169
0.00640337316097934	0.00197920330670484
-0.461055474591722	0.153595909940292
0.137759298648537	0.0527125382413432
-0.660226824963811	0.316111143367357
-0.0106827261013103	0.00445799403153667
0.406418520461159	0.208536477000122
-3.95379451212572	1.72183213288577
-0.51812082156918	0.137106412514332
-0.0912907138683186	0.0317768210953605
-1.28761288766524	0.469346286108944
-1.28419829828401	0.462466064636913
0.0142535041620434	0.00382646304133508
-0.644418918730446	0.237822401926239
-1.07763580612094	0.504308247165069
-0.792531312936611	0.327347522671821
-0.249259042007872	0.0929584818122201
-0.662788299722307	0.320400698135872
0.0408351159140121	0.0176357478747991
0.396376697244208	0.207026033064578
-0.354829051566207	0.204394687283215
1.0221551521616	0.510608313391336
0.0149761394495565	0.00717282012649083
0.141423357612133	0.0677909434879578
0.694198030561236	0.380602289492873
1.03208584089587	0.516732668130798
0.917259766066812	0.576348336912854
1.50833279697006	1.0587200191803
0.247387394793384	0.122243155816334
0.127795366533642	0.0486974290168504
0.825254359820877	0.635660016172345
-0.945770060415177	0.421355879161423
-0.700697308262502	0.531979041469781
-0.664566233706113	0.313668452870919
0.255419651225179	0.166014084646588
-0.35793843154833	0.209869778350099
0.878565100924239	0.827667834905382
-0.0325333394791483	0.0120515023717554
0.148715765671496	0.0635980291773783
0.0890807495636539	0.0447196374370994
0.126709216037919	0.0502443420178602
0.476832590903297	0.31568694048882
-1.17451836229328	0.691852888507241
-0.0740253922715382	0.0342082784593232
-1.88285366376482	1.34364710787465
-1.3043555048933	0.689692164289906
-0.782864349476	0.535994199802048
-0.297210151561941	0.176784932717855
-1.07840065145315	0.50799666318433
0.0132986595705727	0.00364904689139703
0.268351497063214	0.117564701372899
-0.509756638604462	0.25524572405541
-0.526841617194313	0.275127573262871
-0.794679985902727	0.321592559498265
0.302969209529315	0.107728925993264
-3.3250289416445	1.22913026258715
0.439864223632588	0.206726196645601
-0.251852792715364	0.0782019489375256
0.461596480188204	0.258661211262637
-0.229236840920787	0.0696713583544589
-0.286263043962843	0.128967274711412
0.00985112133250351	0.00270490566336264
-1.45910335908348	0.580923693024047
-0.78260241233998	0.310632156556604
-0.408129852814177	0.167178672531238
1.27488675255422	0.660867988799296
-0.210708230555219	0.0963901914977343
-2.11960338595879	1.12276313677194
-2.01539339453984	1.01046304327937
0.0925074136215224	0.0317705614474032
-0.519260285802177	0.139357225000014
0.135342088689557	0.052654160371433
-0.279167415911626	0.125102375266371
-1.61711325174392	0.677635979110965
0.270987502350823	0.123261312989922
0.819880961552828	0.391254527046951
1.62782266506143	0.892715118986719
0.0778952453574731	0.0264474945886949
0.144414639778499	0.0638272158788344
2.05896720525743	1.17019236226308
0.393237189283801	0.203095822020977
1.05361890180982	0.61078686110804
-3.82358954214025	1.62413828387734
0.133657291971941	0.0589520389054441
-0.44020061603472	0.149073559115676
0.423796511201274	0.19470028927516
-0.230401768750824	0.0701610180824533
1.71674513777366	0.801787717570618
-0.694067148079458	0.53959316971097
-0.804581143486506	0.394517686647834
-0.0189952556654967	0.00728931572514611
-3.69453848599467	1.47622328748813
-0.513309200654886	0.255840471844235
0.220970375947587	0.110721733533801
-0.169049156103906	0.0861060909161361
-0.788697878361879	0.407589658088919
-0.433823674574738	0.235708711872208
-0.32328515770647	0.164411947564102
0.425053859111511	0.199083063286039
0.291961034501558	0.126483041437678
-0.902804723478509	0.499266913800845
-0.809236578874024	0.323797578519282
-0.662077501544866	0.319747778254561
0.598242921025568	0.273382359790448
-0.933415044567387	0.407198822555963
-1.47297639249591	0.56900496633979
0.323315190973095	0.0941448616051168
0.272208849957847	0.107167292571335
0.485144696834469	0.209774587988783
1.29227613548407	0.506656794450709
-0.634431211779711	0.236064234425243
-4.09761081171946	1.86754758876906
0.471920828929771	0.197244897487106
-1.0733490551807	0.491049230132807
1.70957374847133	0.827097648349801
0.964856933766705	0.424753143427274
-1.08043456838936	0.361340664763697
0.139315400730807	0.0540124214225657
-0.526073516359683	0.138632567811719
-0.0361072732306252	0.0133556793908686
-0.445999133167541	0.153082157896496
-0.439452492527815	0.150583128708704
-3.3258641954105	1.19859969202884
0.0135236619994021	0.00363736486668893
-0.926990918359155	0.393837795607739
-0.528095899788321	0.232672849346159
1.02375648915998	0.542440680397608
0.0138994575439144	0.00652027585879131
-0.552134914599204	0.244508694807895
1.08954035810356	0.711270424678254
-0.411492089352984	0.225073171409037
-0.406298058450999	0.196278024967599
-0.149001914622733	0.062093117314833
0.140218697696336	0.059989616314579
0.210959051243857	0.119166954203692
1.06236299032278	0.997311907847624
1.089834612184	0.858835102157019
0.532454892476195	0.285079780931815
-0.947210803476826	0.465111361958746
-0.206080499319135	0.0961083523554252
0.547201574273876	0.291705782090389
0.358576227118011	0.196863988119587
-0.958104055137823	0.410405331853779
-0.442354235496594	0.152605591796983
-0.546814507790442	0.228544115677013
-0.926249821490543	0.403994134263099
-0.405860186577399	0.163597223915003
-0.717381282765232	0.404801702252884
-0.212846775125536	0.100039743051794
-1.75696656280513	0.793089517764612
-0.285545274214246	0.123470575170237
0.689177141734161	0.374896407553574
-1.77163861231822	1.19251793748552
-0.709061572016035	0.394183311950045
-1.11486492097657	0.671861328028709
-0.0403609411358896	0.0142761647121638
-1.88315566407321	0.883791911775848
-0.938890989913665	0.416096031536736
-1.09720021866642	0.496928921177029
-0.913689945758171	0.495650969600173
-0.802293870092435	0.402445949484972
0.020156400586259	0.00845169226895875
0.435911074288414	0.197056723519072
0.0355104541802772	0.0174284196366493
0.0971483151866662	0.032914274380793
0.104852294279727	0.034213091465724
1.27789474962347	0.683583779689859
-1.91310852813804	0.872322224128855
1.0849285676113	0.701241543026731
1.77850354041265	1.62771928160723
1.05377772912321	0.620419453100249
-0.62782809177438	0.235945997778262
0.0972437074566002	0.0328516333826303
0.0885811095611677	0.0297461383001263
0.481516245527679	0.197403431091524
0.130005228978695	0.0520491512338777
-1.79032984130421	0.782631026353838
-0.516952935597397	0.134997042674037
-3.70490958673347	1.37453857516316
1.03207418113683	0.531447495154542
-0.444716289974285	0.151933357237643
-0.796471525637768	0.317538818518839
-0.643662352209686	0.224224353037235
-0.629120617638175	0.242192445289825
0.026536519587557	0.0107717829684701
-0.943811087564307	0.402669177067316
0.29476271649223	0.118240182613288
-0.426768459641944	0.188926235013594
-0.623819474180673	0.228932856391285
-0.164434768285412	0.0660506958922267
0.0932223782093277	0.0313532921626955
0.137896902584886	0.066119153674788
0.148464851855677	0.0648805976642433
0.810004829645547	0.526035334121108
-0.0941773714239248	0.0322737275877813
1.08706280368013	0.845899106929853
0.570335415400792	0.205156499065008
-0.0112216156295928	0.00461317705881448
-0.717923236896935	0.395074496981288
0.850852410241517	0.467266990782246
1.23408145197742	1.06232473061278
-0.411095487313513	0.170176045724777
0.257348825753709	0.12725452811685
1.09508102661193	0.915789498368258
-0.0940895302968344	0.0329213612772457
0.773763224737097	0.478045444638782
0.306209208533061	0.121850472493708
-0.0469729502355728	0.0170844894475425
0.558997825349389	0.204843676173057
-2.23484731905325	1.24116444513991
-0.689665422392931	0.436570503334769
0.0379074064030397	0.0170800622034201
-0.416814107848495	0.223198950839868
-1.36018103720505	0.959399868342153
1.07202527689556	0.753575778123862
0.039210606364683	0.0176746295927893
0.032512344917847	0.015085379614826
0.526740234761323	0.31875317638087
-0.249143478328783	0.0931825988303569
0.128715722808498	0.0502852676882265
0.391952289965698	0.198889830857041
0.153072362876651	0.0732151756405597
-0.178470118652948	0.100688047125353
-0.499631897378461	0.285393129114492
-0.79148641202492	0.481081371082597
-1.21309695063481	0.734932442986756
0.145413651014722	0.0752328386918711
-0.428712999658797	0.189513565651625
-1.19123512115349	0.596103028245679
-0.202597467291761	0.0979947206765351
-0.521895610242993	0.303573027775515
0.282318709986114	0.139837789801221
0.27159052873057	0.122528076247558
-0.804615230844748	0.487728374819629
0.552823867596861	0.341488409984872
0.874310845194386	0.337151126771116
0.297875647923923	0.102704030085606
0.688741505207343	0.382451202697849
0.280934568287402	0.126681806399054
-0.213136787996784	0.102478361362015
-0.832069625663695	0.254252617003816
0.130196923514203	0.0618125662603231
-1.60893048996856	0.997954575320263
-0.634135233284023	0.237778824545752
0.709895326813972	0.301713681982984
-1.08201146281252	0.361073846238358
-0.0953451185365488	0.0335646616700753
-0.234303088431131	0.0720657058555488
-1.18771999896283	0.600674198175474
1.29382647568797	0.609719629250052
-0.963687689943235	0.620688024966019
-0.827509018985055	0.248646107200568
-3.69987453402379	1.45185523793957
-3.68397934608947	1.48834927068878
-0.787677240756539	0.315776865396873
-0.258695841361134	0.0937103735684786
-0.253117894504943	0.095219813921113
-0.229527945354715	0.106001663309399
-0.090957121149108	0.0316300551212227
-0.515608490063747	0.263795621538654
-0.203656966988029	0.0952262706269559
0.109429337583969	0.0394450639644224
-1.61489860322867	0.686313419006943
1.28726883698757	0.731972262646695
0.145387699354223	0.0636878132627783
-1.63786031544703	0.691784426807218
-1.19375436050452	0.723946186441754
1.55064755292374	0.946651703182207
-0.085515120449101	0.0286106031058067
-3.9649744965498	1.76884208379733
0.298151104111125	0.121102157407826
0.308556517804713	0.108392815605308
0.0147869336447569	0.00394888653328369
1.29859417289142	0.753810807333599
-0.106196143213084	0.0354002180188048
-0.403461692359382	0.165182644176754
-0.614581173573814	0.362632450233126
0.694125300695839	0.373175794149043
-0.803483924061027	0.315539687890957
-2.76227566133584	1.93361006032237
-2.49348075277667	0.760631300990853
-3.33190248695464	1.2186517956945
0.488265151065733	0.205721087584376
-0.280539998913343	0.122420073745668
-0.0329439048775957	0.0117838466543004
0.467740594841341	0.253896157414808
-1.62082950375994	0.68624939881294
-0.898342279667898	0.475602680451503
-0.0953449071694144	0.0335654654475731
-0.157777787415798	0.0630549750064019
0.428868846940447	0.200750688057795
-0.275202908915905	0.121728759703309
-2.01888611073408	1.01863087143504
0.393370438719907	0.207002197289907
-0.023666535767925	0.00902867689982897
-1.08797255340097	0.474844656239422
-0.0253117639767591	0.00928874381844022
1.50092558208291	1.04831279522054
-0.885999745227767	0.470629680965624
-0.393564469146313	0.192453353510291
-1.62120661983992	0.68235244892833
-0.315651002121193	0.160074609332218
-1.3124547491445	0.689084168624004
-0.250872811264864	0.095620727504521
-0.443375524506244	0.147582966180821
0.688139598122073	0.377243216595652
0.105627140931303	0.0342533581402734
-0.119478688752252	0.053510598165584
0.30559068026284	0.109901940605023
-2.02516542477503	0.996544875199645
-0.114074908602618	0.0511411212024575
-0.240364458853584	0.0752144877428103
-0.253899740625219	0.0765791641232445
-3.31518843568061	1.19835002370899
-4.08617252637306	1.84727673130877
0.0175928292076634	0.00448036146983496
-1.62649237441874	0.696458443256091
0.309710220210952	0.123510402373532
1.29202292324296	0.787809746767957
-0.52526767593918	0.137938892200619
-1.07142851728416	0.35578122297751
0.318092425170427	0.0932620700170988
-0.0951265447799466	0.0216293083269459
-0.632553948345149	0.241255784524975
-0.83107905876281	0.253159203624365
0.0000905106270792838	0.000616194370237079
-0.0851400425772954	0.0296575331937571
-0.447759120682798	0.157190994276233
0.00410037932411771	0.00154788083855078
-0.520104445364255	0.137370661910804
2.69501131532824	1.00895292772661
-0.519662324847855	0.139505494309868
-0.227736947367193	0.0689465179637311
-1.62582267260009	0.677858050090999
-0.442346972281103	0.149833639236887
-0.795384817685209	0.32462613411527
-1.45367394103786	0.566173888855813
-3.68343929226872	1.50245061428202
-0.800448539479943	0.322441298433836
-1.07847996742696	0.363856947530528
-2.45121690083149	1.4141921578944
1.71522888092806	0.825777594851588
-2.25271962209197	1.23058552179646
-0.255781080105107	0.076626819825058
-0.782842443026985	0.404587384420481
-1.09713701704465	0.666052324006839
1.10491579744029	0.809373655549016
-0.0967050332138681	0.0323765492027698
0.561626672146408	0.202205452023394
0.0119225788609242	0.00326071718689357
-3.84092264271008	1.60119698294023
0.286046669317854	0.126615558247698
0.403798990750959	0.210214762966047
1.71921844965213	0.806378174844592
0.444291686506307	0.209150875919359
-3.67023133792318	1.47260138710082
0.0932012141295997	0.031094002320502
-0.253818270482826	0.0981712322721893
-4.09946147553551	1.84153662714748
-0.926701346759473	0.382588968800842
0.136680159927704	0.0602696491441384
0.128135637482138	0.0494784615946813
-0.26262787260515	0.0945893160868187
0.0114202123721441	0.00307192001957707
1.71277646147975	0.80063934071007
-0.539133794504834	0.275859865387737
0.866396657780122	0.482486385714651
0.492622045424303	0.203802668994718
0.301687439503102	0.107171082274571
0.278439216821861	0.126846173319108
-1.07478210680139	0.348692519382462
0.00223815657025062	0.0010470463163629
-2.02740319480314	0.985207101186892
-0.0146335025502588	0.00563584394939796
-0.240415257229644	0.0763442857745277
0.140963516463407	0.0555477329444662
0.0918304624582976	0.0308179791463295
-1.89328100287881	0.907107529329117
-0.241180944822932	0.0750844735638015
-0.44767937038248	0.150362718233695
-1.70933564857859	1.07762954447016
0.317740581646402	0.109364622537775
0.547016567712848	0.339119289619512
0.148701092817541	0.0721308417942012
-1.29167388232756	0.463172134932641
-0.166313830539464	0.0675836662609977
-0.190722307563554	0.0871903506920135
-0.415350465011645	0.16712359492277
-0.40391482110044	0.168312413510042
-0.814309138758749	0.397381852462934
-0.427609417289032	0.233431400112254
-0.942207052998486	0.417043954537336
-0.622972533534553	0.235032606203282
-1.29879078017298	0.682829232123922
-0.792541736939236	0.378201193946584
-0.527215050774644	0.140893224801063
-0.559227770009211	0.248837204681293
-0.628223762007556	0.235876230209215
-0.415347171725214	0.168079811204556
-2.50226013804269	0.743052864003894
-0.229819459699791	0.0713436708638103
-0.830458254376926	0.253340793357874
-2.4946503122275	0.759347999169937
0.711243688433747	0.314278984990167
-0.453661958033717	0.15768897072405
-1.28254273938625	0.466456155861013
0.326763941420613	0.0938492014293281
-3.09758000874198	1.09367827811836
-0.445999133167541	0.153082157896496
-1.37855256949683	0.369087290450251
-0.452271285902916	0.153348194988927
-1.37736686643192	0.369817212053887
0.745703811636536	0.228481367728924
-2.4946503122275	0.759347999169937
2.70080453911676	1.02336096831486
0.551400030409573	0.201326514062608
-0.0956609260577928	0.0215971171731289
1.29669975780372	0.503274111545444
-0.0986538976590582	0.022181849463491
0.316298484439334	0.09145581819607
-2.50108453829271	0.757473465243405
-2.50662138300429	0.751156666336677
-2.83133823353176	0.934971127868472
-0.84293628563619	0.246758137242534
-0.515816270677169	0.137630330187878
-0.0945032483602891	0.0218370726435746
-1.08334878733888	0.351185504190357
1.38605416874139	0.451696726388903
-0.826886475386905	0.250046085549171
-0.517351938617723	0.135137025900895
-1.28282972300952	0.473490748576721
-0.833063405948399	0.254155985426631
-0.441217370807169	0.152641861724314
-0.49289513041013	0.262371301475807
-1.61679540852867	0.681474236997958
-1.60362411649681	0.969015881058032
-1.45795860343198	0.578739232377799
0.372659246685907	0.236499360567042
-1.20311797845749	0.613840466759113
-1.30665872750244	0.702428740913224
0.046076546353426	0.0221516985800908
1.07914525692579	0.707672386383865
-2.61814423854455	1.71359704743876
-0.668851222827889	0.312895816138341
-1.07387170350933	0.513060355434227
-0.945276723144437	0.691105687365392
0.54784657330075	0.342351160539612
-4.08336847037813	1.89161096028853
0.271846659779733	0.117460003996464
-0.253944337909251	0.0952091393920335
-0.247977747369924	0.134345528695041
-1.0179693992977	0.565592463229552
1.04066141961992	0.529147356505686
-0.273207948097424	0.102170792454077
-1.89671530841885	0.89864816321413
0.519333415633573	0.260251777232687
0.137145254700325	0.0535091742721343
1.02358835646343	0.522641509246148
-0.42139272954981	0.198283009200455
-0.399972568357631	0.212120872633829
0.544159848585834	0.295309451140377
-2.13814210135691	1.15422367415959
1.30000043306977	0.754941836657782
-0.197734218074121	0.0935523601623142
0.814719190394239	0.559111291952287
-0.0872281791792139	0.0386163371302
-2.23741598522478	1.26437189011227
-1.28612272133958	0.469207730976362
-0.438926619059665	0.150792103359398
-1.06431750623523	0.495578713861749
-0.0616045947471379	0.029644530318969
0.133648982938878	0.0559300973892197
-0.155190652177425	0.078466805148824
-1.35337245123178	0.957780730368375
0.134457205970635	0.0516818293011966
-1.0635455330971	0.476554026712342
-0.531686319412163	0.268207598431606
-1.29405823830244	1.05966179280057
0.30318329500637	0.124437648560967
-0.895951291102592	0.462939051701724
0.0266725374073488	0.0106168890301065
-0.667029199242389	0.313067715433507
-1.42981051344493	0.802674394604738
0.388728272333739	0.197186451131478
0.86920940797332	0.506182697884712
-1.19227231692435	0.577913456049896
-0.895122983398029	0.476792533152234
-0.546514047896864	0.24371683867647
-0.62037436293313	0.320386323688914
-1.41536889133374	0.73092969469549
-1.20633858836758	0.746359931432893
-0.164731615670067	0.0694774053344279
1.46634057746094	1.08651648981978
0.27924515476993	0.123817069860541
0.296009498795064	0.119182994439705
0.0941260737597748	0.0323083739887619
0.871157664906069	0.327922733917567
-0.628952320356525	0.234888797264658
0.868196797341435	0.335859606976429
-0.836634894627274	0.257543939751531
-0.437255866049067	0.148606661616553
1.30228241750149	0.502575860991841
-1.08834482807196	0.351474943449604
-1.37855256949683	0.369087290450251
1.94461709071339	0.738523039900267
-1.46347957914527	0.579182868489406
0.749070350540287	0.232504892288716
0.741192827520051	0.219706903960386
1.37876066568467	0.443326011148766
0.00913876512255594	0.00266781331555496
1.72710757171108	0.815958360966834
-0.624495797860466	0.236471056247116
-0.23115207063199	0.0699458135496967
-0.246318063281954	0.0719245274947921
0.560335289862621	0.203638562985932
-0.454093292533392	0.158453637062728
-3.32001561112394	1.2286468506821
-1.76221372574836	0.792930037971209
-2.0209145272534	1.03488294131283
-1.76872530283597	0.789078721343572
-0.793959773410205	0.326699174922422
-0.411213777321593	0.194970649897915
-0.926623128252205	0.401834402168487
-0.927860470072811	0.40837337688318
0.691898922765198	0.367400745819034
-0.617411863770534	0.337013908479876
-0.826886475386905	0.250046085549171
-0.404369892081274	0.164710701850794
-0.407494618557421	0.165967945316801
-0.926038074703894	0.390001506114432
-1.53812306174071	1.10004363613991
0.21377888006247	0.128474723737778
0.164577592573484	0.066104867757267
0.397636254048068	0.205038903082259
0.266491346390969	0.131463119409387
-0.890126940516159	0.551649748007849
-0.398985052709517	0.191402359845281
-2.13995423271831	1.13148074259265
0.93122875920162	0.65768549176965
-0.698212886562047	0.327020537441426
-1.42114482876477	0.809920646786793
-0.21614197778863	0.103183872895359
-0.653514229066066	0.337041344756345
-0.100315184724078	0.0433699144464846
-0.415219521425514	0.165173274748722
-1.50525529733101	0.846192967857228
0.150673059388487	0.0653375456296099
-0.096403130438137	0.0338140247738197
0.431401673188479	0.259848686618389
0.714971515557103	0.310476559550866
0.397931169278391	0.197103310321368
0.145621126114975	0.0561984931189183
0.920561466214902	0.578960907551976
-0.439334414829464	0.242411750950274
1.36951870121452	1.27543148178558
-0.100760461749253	0.0350393497257066
0.3094401867753	0.125692350089358
-0.700859249042853	0.440063118326618
-0.102901508877963	0.0458349891370565
-1.34943004497123	1.14878554026842
1.06962367767814	0.619177916523557
-0.168575303622478	0.0679977446416302
-1.05383401278167	0.471052361931332
0.555635987184952	0.345800537497626
0.374616837584865	0.187652731224985
-0.39672482617431	0.18561034747063
-0.897419875472554	0.566285484232723
1.09996091899149	0.881065002558775
-1.5103457352025	0.874161271557149
-2.4942409070227	2.36417836277059
-0.158944779319342	0.06549283605682
-0.930174216476002	0.400235140445841
-0.325588820602591	0.160681444739113
-1.31144936343362	0.702215637095631
-1.19229725753767	0.555131345275209
-0.431905225918936	0.20461323911865
-1.29510469428056	0.478449739353142
-0.210831652868796	0.139018183512519
-1.17556707108825	0.698902960659231
-0.0113237968590776	0.00448769930632628
-0.457788503887853	0.157618482656744
-0.42058959501958	0.173056800506334
-1.05928263630903	0.492992902141923
2.09809980246673	1.46580069637009
0.975056946140154	0.433391860105269
-0.0140701792586334	0.00567375098404339
0.90695373911263	0.576985786789217
-0.812822465320681	0.314668946599128
-3.10447167066501	1.05661139143271
-0.557608660821074	0.245035691511966
-1.45910335908348	0.580923693024047
0.569027436701152	0.201919473292873
0.750456405947033	0.221324751963573
-1.07390451092355	0.359387288546195
0.328325097747485	0.0960689936716833
-2.49779134618292	0.753762077506182
-0.516952935597397	0.134997042674037
0.3146648104573	0.0913579545285187
-1.07333509326277	0.511648483694642
-0.235015859477384	0.0739045903974166
-2.49779134618292	0.753762077506182
0.745719693963199	0.22840082916161
1.71929602035725	0.819475902454747
1.39074595013018	0.449376726983695
-2.498964405108	0.767925687647617
-0.255381367905204	0.0956029854303186
-1.63624522235447	0.680583694584443
-0.637079340312777	0.23851574127309
-3.09758000874198	1.09367827811836
-2.3277269979172	1.33096657380957
-0.68997564041301	0.312179695739644
1.91836986589973	1.88612912460904
-0.401160073999995	0.21453354260198
0.0288680050526125	0.0144011196510785
-0.0794328209570691	0.0371173137740667
0.692981068901996	0.385261769925491
-0.297370122015063	0.132074335447225
-0.229681601294127	0.111777534655512
-0.505165231212644	0.280675735253474
-1.3001616065329	0.692490435146967
-0.415103740433095	0.230670752716263
-0.164790151650451	0.0902230498066332
0.916457324519917	0.570748024704406
0.25920842020112	0.137225651078807
0.145039655491784	0.0623270562050951
0.718714975557469	0.487130695184045
0.159861038537038	0.0731182477850531
0.492432260453146	0.322000774347816
-0.427655156203516	0.255043076994582
0.0320507658960225	0.0170425211862218
0.173680181191095	0.109537563090536
-2.33927709104711	1.36317249178978
-2.68560549895426	1.79386992472999
0.230237457268756	0.12050340065609
-0.898551557476604	0.587315551036915
-0.134271114367891	0.0576819394801001
0.957155883932144	0.71524556543606
-0.622465402803835	0.33886818223378
-1.00379295217332	0.55445222744511
0.0117161847463063	0.00604964905207827
-0.619870764863304	0.334419124720292
-0.615142003191152	0.336861860230061
-0.50668671649041	0.32061024628786
-0.399777685235213	0.18302944204846
-0.468307979802819	0.317483392117857
-1.50889213053214	0.890918572731197
1.29701815932011	0.614851401370039
1.09707556853949	0.743277356471885
0.47371070813226	0.274362631434084
-4.32103168370065	2.15171869045998
1.26476151725075	1.00216025624701
0.608432049850298	0.36803545645468
0.0118192297268248	0.00564465297645845
-0.791434809427059	0.399906096328357
-2.47542522084871	2.40234179124266
-0.42159040754169	0.188079413943263
0.835566566925505	0.59695252753057
-1.20048008759074	0.580969883766329
-0.990599348960574	0.557934145115621
0.0172567675964215	0.00953015316881956
0.385134610256221	0.249989093760787
-1.63395430128953	1.02419856029899
0.485988100623766	0.409651748375014
0.94038096843903	0.761985439022332
0.65580809279982	0.577805449906295
0.187213387015754	0.123610950842655
-4.44642823736308	2.23586089065444
-0.270503347625376	0.120305152097183
-0.0354881382337588	0.0176006844650841
0.0289717420019764	0.0151525713356118
1.20252906264725	1.14239909910264
-0.534769776827401	0.226272390492706
-0.533975028462569	0.395398921337929
-0.933311668377891	0.526085987782584
-0.578237841035931	0.404378810897606
1.49730835144039	1.04348648635754
-0.0924633226299312	0.0390747143927503
-0.22290577969789	0.105571679057824
0.90903877596428	0.575783271351377
1.2811579213411	0.771770743969229
-1.50591891615367	0.87518749848292
-1.08296701167161	0.355784995732612
0.474426276669263	0.193304869806396
-0.216132010627099	0.100624123280959
-0.235687345957626	0.0727607971618686
-1.07815892867015	0.363555579143483
2.36231432978325	1.14726817819118
-0.513545588916538	0.134680065307493
1.60915755086852	0.86107390899343
-0.933536053672909	0.394170289894611
0.801899439307064	0.409147456029992
0.742846606800615	0.233354125368674
-0.096018589525287	0.0329437896805932
-0.0213856165976913	0.00818639316329808
0.55894262151989	0.187684269820041
-3.11226293684757	1.05509625501772
0.290365479001933	0.0993858055555738
0.881614815211715	0.332783342993644
-1.29031071965297	0.471244509692648
-0.796687585574621	0.316287072564495
-1.19871513053642	0.575881075085363
0.00617489098700957	0.00188984685649286
-0.955231893625107	0.416771974225454
-1.0179693992977	0.565592463229552
-0.793036426280252	0.321231057348269
-0.274548517341465	0.117375790397253
-0.937892988694923	0.718217179350701
-0.242506422393864	0.0753160757356815
-0.163246974048916	0.0800577599546936
-0.890077568618973	0.463969984347524
-1.51675965745308	0.904916731719677
0.910081659079072	0.576039163592383
-2.68528503757506	1.84144848071107
-0.10633792206243	0.0364613932112161
-2.69918021635707	1.83051021462504
0.645729577430094	0.424572629597448
0.418086038178184	0.287238724106535
-0.670581836670685	0.425585527182075
-1.02917080317157	0.760873276092787
-1.29531385281946	0.45591725892214
-0.519932169388474	0.327576417694258
0.321998950556148	0.186138269550849
0.131798266612485	0.0505973950455514
0.871483618235755	0.502145563992279
-0.128672379813539	0.0722995019854824
-0.414439194977684	0.217284555347588
-0.776417405410192	0.309427116188473
-0.923834555178447	0.487150340075618
-0.535766584873869	0.351004953092839
-0.42761189404095	0.231732860808166
-0.364540086526489	0.215552634674546
-2.66691987518601	1.80080839506977
-0.589448945681404	0.391780201610603
-0.507198576661711	0.292573313247524
-0.276784123178431	0.122520488852716
-0.0815272267567501	0.0371608867732126
0.479503374071377	0.27467060444394
-0.515816270677169	0.137630330187878
-1.7579230668494	0.781987931603995
1.54943243015251	0.930516390963379
-1.71491530144618	0.997994496444585
0.0655103280190776	0.0416632805523349
0.467361375686443	0.267366962919272
0.595755942571699	0.283619346078171
-0.433355166692195	0.194621393728484
-0.170205062888926	0.0685013089008964
-0.345246877178032	0.190572732749916
0.49329167036649	0.20902544636189
-0.21291325788992	0.0994820104852266
-0.180784678189093	0.0916771845332121
-1.09809054253988	0.662516570137161
-0.0912349160033255	0.0572403369888383
0.707420688511553	0.29379733660698
-2.34638187436402	1.34306023282996
-0.268148539825317	0.102736478285714
0.0572895189203862	0.0281307638032891
0.955367283246701	0.729682412211309
0.0998670574287748	0.0563624960138619
-0.604630441233178	0.327450694712877
-0.178422667038622	0.0931150109612338
0.45994609784045	0.303201237716146
-0.263833280616544	0.162517130685403
1.27048460779103	0.741148460328785
0.284935987015583	0.194957824063534
-0.114161120111742	0.0697259412134903
1.04800602429229	0.605565285411758
-1.0550654674079	0.718594910417347
-4.32210957649634	2.14256683633026
-0.509341060158635	0.29805130953589
-0.67557679298654	0.318659433461111
0.322688990359234	0.0958307659053989
-0.949805681587862	0.396126690657953
0.294899250216731	0.131095583417161
-1.46511152077137	0.580275520005264
-0.778689092846236	0.400773895411935
-3.09404330590539	1.06245153955413
-0.829990262317023	0.25307982627687
1.71418955232001	0.842991378766293
-0.448807399713797	0.151301008767485
-1.46068699236648	0.563608746368949
-2.82800405415571	0.916370270350291
0.00624120463056556	0.00176645845508515
-3.32291224913404	1.22391735684743
2.69824905683656	1.49534517099166
0.0938723253618401	0.0322216299179572
1.02201876896027	0.522729151789658
0.307070066617306	0.105240588991079
-0.516215201709685	0.137775183819285
1.28584487937338	0.778310345764863
0.487816053305403	0.205672277821094
0.284546654396631	0.096831862106882
0.322145418202747	0.0932126195967607
-1.76662277021825	0.791787510689201
-0.101789050479357	0.022868379633766
-1.07183341315873	0.51336273992467
-1.89701671545577	0.903788745418966
-1.41438999762766	0.791229302524114
-1.9362798307766	1.41756776884936
-0.596374227012274	0.36717029291641
-0.326393029155396	0.191949414328966
0.0191958471783901	0.00867726579444301
-0.445374492995517	0.14936325710071
-2.32962471281548	1.36084036905465
-0.897319890127028	0.491922324200487
-0.0283999547985641	0.0154520147128076
-0.338011356400582	0.172407085518308
0.0374217336632539	0.0169692384551812
1.26399706475114	1.00344067537088
-1.3122356864939	0.657342182495184
-0.286501101334795	0.126923246162654
-0.781364613564976	0.318552580329589
-0.785222531423431	0.371025345962237
1.28726020149721	0.753317223971748
-0.243762328029738	0.0761162300800073
-0.601446958602968	0.355878224542039
-0.0923213670610865	0.0321124681804863
0.151498361806015	0.0713944843539644
-1.62201751889261	0.685835550337397
1.07379229090792	0.671960886562015
-0.126990333939977	0.07221860135194
0.701943877472907	0.485299826154652
-0.674575761312369	0.319386075551667
-0.162132544347093	0.0838945692066987
-1.09952443719008	0.630146183665142
-0.516573843841921	0.267536429284081
-1.34248804060767	0.881382366413052
0.139769649107374	0.0700638124389604
-1.06886741964498	0.501413780587386
-0.794433077954909	0.401776605546573
-0.153417847106866	0.0638304187137925
0.000251956140912346	0.0003919001906567
-0.203846909114047	0.123722202543119
-0.883851333242056	0.460884240602892
0.881534605974123	0.822360342022768
0.609336743544467	0.351876340933389
-0.201692964448389	0.094230560732151
-0.0249259807110885	0.00961024836617463
-0.917470011296174	0.447907145204612
-0.534201802544324	0.226080347231364
-0.257742399003009	0.09294934154872
-0.188707265099575	0.094663126753346
-0.203042601508813	0.124585645384557
-1.07062536305759	0.762271596339417
-0.932363423713495	0.412449320403969
-1.19817226331628	0.911002411029025
0.248934960610399	0.155161868610987
0.894868085491569	0.539623932051077
1.58310660678387	1.39341127267006
-1.28798995460225	0.803556852472098
-0.627840840132678	0.327548892758343
-0.28308819390681	0.122615067516585
-0.279727043499244	0.145127688892422
-0.326544365798471	0.168395439296543
-1.26188797188206	0.785799662549252
1.37291027711105	1.2634220124541
1.10535111622558	0.968764245552984
0.396465413425782	0.205251948997179
-0.345691605434502	0.171706002377886
-1.76249172705706	0.804727042246167
-0.717180416962376	0.419448959449452
-1.78212113875838	0.789409855891134
-0.242622413069517	0.0769806307874468
-3.66849751396212	1.46463830117178
-2.82570625121832	0.918479199567565
-4.22116179447266	1.96721804316993
-0.938800374496538	0.414613794566336
-3.31803372889694	1.2396293722172
-2.49582076805792	0.739355067527278
-0.515816270677169	0.137630330187878
0.0754570878423861	0.0256468721926445
-2.82800405415571	0.916370270350291
-0.831974893269606	0.252927992747765
0.742858566830602	0.222845210348703
-1.62440648744682	0.6769470558374
0.967882640092131	0.43280456838012
-2.49348075277667	0.760631300990853
0.0012104676940613	0.0006772538402327
-1.08617793565474	0.360691437847595
0.877636916125413	0.332452408713274
0.884727409566124	0.333285960329792
0.784418102439775	0.367905194362687
1.28861691526034	0.592314218930983
-0.418953338162854	0.165030631732252
0.966642709874233	0.434461264616371
-0.616270621682746	0.223424936934587
-0.09675940623193	0.0328826841439422
-0.628952320356525	0.234888797264658
-0.952071371303398	0.407876816718705
-2.3347053583305	1.36195776268832
-0.289956871578102	0.124983594183727
0.690082225690305	0.381612497322862
0.484517551805099	0.27920723497876
0.0939450596857713	0.031925053159894
0.956731537361171	0.713399432517626
0.877485930398228	0.342946519506239
0.484465274042697	0.204901458455709
0.429500093325104	0.20006620686476
-1.41527324932363	0.767399462183745
-0.829990262317023	0.25307982627687
0.020156400586259	0.00845169226895875
-1.20484038135351	0.588999008702513
-1.46953408959469	0.576371722581661
0.309848535787167	0.124659512638621
-0.316225977483089	0.162407446942246
-2.82570625121832	0.918479199567565
-0.537774045174895	0.242212475634438
-0.631406050627153	0.342604845619165
-0.0937617288208512	0.0320997644332582
0.487575146840094	0.199903720066807
-2.42140575791481	1.4817846183516
0.0306016667275456	0.0139648062051808
0.256771307308829	0.126832547524444
0.282570943259994	0.113874700931841
-1.8934433724061	0.871575641079379
0.124229293999391	0.0477718344174744
-1.6257162172734	0.660099291458467
-0.240583170030325	0.0759160124673235
0.612718154136812	0.300357073167589
0.821075598628917	0.597454687138734
1.70415589922315	1.25829378214505
0.546135557168668	0.285249923818123
-1.6084509198016	0.995993367408319
1.23768009009895	1.10784474376328
-0.0336486187181399	0.0121666536225281
-0.783135731181611	0.321438505431073
-3.5134917290528	1.36974037157449
-0.437483052106694	0.149022159336257
-1.41715831121282	0.800754520508174
-0.102355788609801	0.044013047533626
-0.78894344069201	0.376954291212417
0.944702022478138	0.805446673214647
-1.08993877521986	0.508919396909341
1.50370804402594	1.03396114482028
0.534888573637353	0.280448383175418
0.449147230357465	0.207454525395999
-0.63660044531218	0.232760219242627
-0.290551757727583	0.12236455914045
-0.0175855361654776	0.00677529824377168
-2.83816850847321	0.90339074521464
-2.4272570316328	1.48136390684634
0.254246054487923	0.121951567148236
0.884849016511132	0.538634035217933
0.161273431976785	0.0815932722276553
-0.304833133459783	0.18215291053501
-0.319544260899703	0.160108063205585
-0.99843868478969	0.568863089527722
-1.07390451092355	0.359387288546195
-0.0287589825290033	0.0108009057695546
-1.47538661331456	0.585002485480853
-0.936794546609778	0.410611614453207
-1.0843784473441	0.513534057036015
-2.00825233070487	1.01352403936491
-1.28832208852662	0.473045239219147
-2.83816850847321	0.90339074521464
-0.525823473591188	0.142192228149134
-0.830458254376926	0.253340793357874
-3.10075820893695	1.06347774708302
0.7433147921486	0.219110890573237
-2.04783485499909	0.571093548500225
-0.832413506587079	0.24942693040685
-0.844386915427024	0.238789394078706
1.30344375217873	0.50243543840451
1.38310568737594	0.45202977531251
-2.82570625121832	0.918479199567565
0.864460679312648	0.322382128231996
0.738355836787058	0.228487450174743
1.29704914178607	0.51445118128362
1.38427123595822	0.453531705710845
0.323237769806572	0.0954668421415237
-0.241908116677168	0.0742801598735886
-1.28810247494672	0.480815408735924
1.39041632652022	0.449818911651812
-2.04902373026814	0.584535062964325
-0.830458254376926	0.253340793357874
-2.05021356478115	0.569031985318464
-1.19197010979316	0.598633211350574
-1.6108016020652	1.00605247339027
-0.94266615497468	0.413525392723285
-1.28277655041533	0.461168050564253
0.859720721588454	0.485013090195709
-1.06056820146965	0.497761062574859
-0.289760714537399	0.17550830365407
0.0225854714312609	0.00935029419443597
0.302511203731561	0.123674778164239
-0.621664715717912	0.227582298724618
0.0960479458597839	0.0318097885914881
-0.839105271761601	0.595126316653501
-0.4098473987211	0.166297291804649
-1.46511152077137	0.580275520005264
0.694261169029481	0.295086077509964
0.0167288795343214	0.00790483501633799
0.43907721123919	0.203571651797319
-0.538495566481641	0.308659378291395
-0.422741354479322	0.201565625012295
0.299647447043956	0.120859075999014
1.52523219214978	1.65881454480108
-1.62491794011467	0.681174378303346
-2.0209145272534	1.03488294131283
-0.545428090973482	0.247050533809166
1.71695918818569	1.68911595566866
-0.165788081809061	0.0871370390163877
0.94208325155918	0.636308650542002
-0.185690773740407	0.10758821637487
0.126641416140382	0.0574943726619193
-0.163982319726094	0.0674265784525291
0.166508611664797	0.0939652730658607
-1.30394262648521	0.692851256530379
-2.43058096711157	1.49738037309562
0.121832631311603	0.0667437863825366
-0.155743608427445	0.0832974701207286
-0.250304339796832	0.137702606811874
-0.937558910985735	0.408528582532619
-0.507227184515629	0.295154279113283
-0.240583170030325	0.0759160124673235
-1.29758111956073	0.687478067244251
-0.8327792213577	0.487765290245667
1.08079802490889	0.757761831575162
0.310154448981789	0.109367885817903
-0.67708379630537	0.330944618832959
0.160633847248723	0.080200304798876
0.835858521420039	0.623684712684511
-0.903761908215331	0.49331593367115
-0.921611340722579	0.451783408224549
-0.16143932176097	0.0651132173507233
-0.537004679579353	0.236102651739649
-0.417334179261392	0.197165754730814
0.42135400599732	0.197264720838771
-0.826815387280825	0.454766318171739
-1.28486297953742	0.470411391030251
-0.513944376026364	0.134820394971873
0.857031502844651	0.318621205964129
0.0200435301438727	0.00515627532800797
2.36340951086108	1.1510641538515
1.71307076721437	0.825633583409046
0.744561566795475	0.232791161107715
1.70665134152732	0.803392487107385
1.29825608853158	0.784532705249082
0.304648772787853	0.107318558371333
0.878063035149765	0.332310344071191
0.555264852380623	0.199544146821637
0.284992104257091	0.0938038603473861
-3.68539778331026	1.47764596284789
1.93843279058735	0.76862147113365
0.0190842251441769	0.00494141267484626
-0.449952784395641	0.153960443265327
-1.08447253556884	0.356872689261484
-1.37855256949683	0.369087290450251
-1.08684370995373	0.350422863690893
-0.792583776822167	0.327353074593634
1.93569702954421	0.787022063832923
-0.233717836713403	0.0733160812457193
-0.792531312936611	0.327347522671821
-1.0775029851148	0.361295530740018
-1.47020787805621	0.57234315637096
-0.830980801001082	0.249662932178235
-0.837725680837318	0.257618742248887
-1.62178763673013	0.694441352855692
-0.932182891169896	0.402319066288043
-3.32600725437378	1.23438140630258
1.28241171517911	0.929636320172108
0.547153124490705	0.128061292620407
-2.82570625121832	0.918479199567565
-0.00314820445117615	0.000331224078050422
0.875428935583735	0.331980290895084
-0.153969540195881	0.0623045338567097
1.6177576865867	0.869293461545006
0.0716874535831896	0.0236841660688516
-0.629621922181945	0.23666978355493
-1.0728426414874	0.357886269207487
-0.229986603317995	0.0694602676163757
-1.08255639517178	0.362075346638336
0.562921187128501	0.205670123827078
1.52380323388578	1.42996679045133
-1.37855256949683	0.369087290450251
-3.31902457203743	1.23889070538812
0.0853094823777274	0.0280979251085327
-2.4946503122275	0.759347999169937
2.35404451991948	1.16226475553687
0.537881681620156	0.126600678583075
-0.78324170903363	0.31752168112008
-2.82685472330953	0.922711444031235
-0.109921053361441	0.0238296426559996
-3.95390259405754	1.71344564188039
1.30743690386423	0.517391142582921
-2.498964405108	0.767925687647617
-0.630700991159683	0.227603581560665
-1.07815892867015	0.363555579143483
0.309219628552626	0.120934253937055
1.63089893987688	0.868417710848426
-0.835142304985754	0.250144926202691
-0.445218215217276	0.152052516414228
-1.63149555660992	0.687752788075338
0.301290155977415	0.104806992943767
-0.248182706426781	0.0926172295075138
0.880202091651978	0.314246380435928
0.113904418505927	0.044225681662889
1.28698374859342	0.61313591087372
-1.76758184120578	0.80805060854661
0.015480665771631	0.0039883519427443
0.280090649146194	0.136648640259086
0.56073630759832	0.200087662851911
-3.3356901257479	1.15570065858205
-0.442668914483889	0.153258638973545
0.0977023875019956	0.0327153508757986
3.65887547992175	1.9017957742477
0.329971039447924	0.096148941949692
-0.52427974030057	0.136106393131316
-0.100630873298134	0.0231392113137372
-1.07187320968594	0.357882420410236
-1.61963696353958	0.685355819735513
-2.49348075277667	0.760631300990853
-1.07806840059686	0.358050711442116
-1.37736686643192	0.369817212053887
1.38427123595822	0.453531705710845
-3.317043081878	1.23068131856223
0.548332676093981	0.128537566389422
1.38746482707804	0.438324100518707
0.547391394977736	0.128082186515472
-2.04902373026814	0.584535062964325
-1.28777545889079	0.461063188580087
-2.49582076805792	0.739355067527278
0.886267883356015	0.332872664563692
1.87680508733918	0.595685726697882
1.39136829124984	0.446170964769697
-1.37736686643192	0.369817212053887
-2.05314601736911	0.57654870638546
-0.105110575947249	0.0235349560977657
0.885730904160914	0.333446178819067
1.87680508733918	0.595685726697882
-2.49348075277667	0.760631300990853
-0.0930212583066807	0.0212077808526859
-0.095335539902063	0.0215346615173759
-0.456368116283284	0.154112615383341
-0.0859660040562697	0.030489939263947
-0.174248359331583	0.0715081144739213
-1.62703350911954	0.679468129754924
-0.259007943252215	0.0991456325028834
-1.30734421439046	0.792636082883292
-0.608221528565776	0.330000152713591
1.2804494787738	0.930911526300221
-0.516775237435231	0.138362889204207
0.541100401848291	0.127818857380943
-0.450635793594519	0.15581883702818
-1.47877378854691	0.559367558798946
0.0158650609735358	0.00655404627972054
1.88328822120131	1.15679522245759
1.56785681209256	1.37424386044112
-0.241156086274174	0.0738964897839881
0.0979481271660163	0.0327975278417751
-0.164717696925283	0.0683542654087937
-1.4655003597977	0.588266476209701
-1.52093775956042	0.871847800326581
-0.272581841714117	0.121237034642289
-0.413889412986436	0.202651988235724
-0.906684484756823	0.57722713294844
-2.01229926592173	1.0142029099976
-0.438106116630014	0.176229040961016
1.29445320775359	0.759420150248482
0.55214581790574	0.20514117550314
-1.07847996742696	0.363856947530528
-0.826225782095351	0.399388651139733
-0.1562248456196	0.0631130135278071
-0.246553233847948	0.0728357406839262
-1.27930703972847	1.05183816854248
-0.11122982069299	0.0463147162244327
-0.083725644686636	0.0395064556763611
1.28220749743845	0.673283534266541
0.707911424145209	0.313874728752261
-0.151587887041578	0.0628043956886857
0.132624120965366	0.0516159440337102
0.44525328360152	0.211961203427413
0.0382290437121844	0.0172419156817816
-0.0588890379793643	0.0300708429408623
-1.06202573444911	0.498473443136394
-0.092012790420757	0.0404139358068684
-0.256145171599695	0.0973842147503916
-0.020334174989402	0.00772333935572347
0.0811327052672901	0.0276550622531512
-0.264929974032153	0.096510045010835
-0.90745001633352	0.588742026074091
-0.278060296274708	0.122448249210061
-0.938538205138613	0.409535756871234
-1.46985998416647	0.587960540824066
-0.0400939214939589	0.0144869197161875
-0.834152635363741	0.25296310080088
-0.447660229415192	0.156725286930136
-0.825799730446553	0.248850296046326
0.556776307096912	0.205253420093904
-0.0978213193620585	0.0220638318542834
1.93884149178635	0.790193936391235
-1.08589556734498	0.35395629495229
-0.832069625663695	0.254252617003816
-0.440087606864423	0.147963031160762
-0.244346536173026	0.0764432926892936
-0.100102853846225	0.0222670185448718
0.536321049886131	0.126331019370992
0.878658745680647	0.3166524076073
-0.519047917270715	0.135752304649831
-0.111383370843136	0.0237444154501064
-2.49231208841664	0.741884845199983
1.39169916614548	0.435776864920201
1.01736276358997	0.540323171973952
-3.33402818802569	1.19631780795137
-0.5223760081113	0.140414884928745
-0.519662324847855	0.139505494309868
0.564214369953002	0.20910955697646
-0.824249101673745	0.243531934977677
-0.831974893269606	0.252927992747765
-0.233907737271535	0.110816404091893
-0.796929071174526	0.397497489146741
-2.03204405506147	1.01776631206357
-0.94544858382326	0.592392195439038
-0.165251019113455	0.0700014832592573
-2.6290481448426	1.76276758098511
1.43829144678426	1.17867782673774
0.381600660465084	0.240371504012286
1.2871436822328	0.858718540971372
0.863722511107712	0.82398471065575
1.07117654742344	0.656832678987297
0.599368358547539	0.345016208563445
-0.410924566400098	0.167681905836835
-0.0930422858411176	0.0326804422980712
-0.918668453225148	0.484910903012211
0.023882447886767	0.00970779943895773
-0.125586819366291	0.0555351406886765
-0.407804288232798	0.170479425377121
-0.529885238058655	0.266491572619707
-0.266458705101283	0.101879256889588
-0.764986012538045	0.483376954418673
-0.330416170978029	0.164992549321405
-0.960264995612809	0.402220847942264
-1.30600595106251	0.680418763460694
-0.20707124794874	0.0970221647266413
-0.817812645223357	0.504922525330763
-0.796162429832121	0.48207861871122
-0.688928411291873	0.516891598451148
-1.19499496897512	0.757508215173221
-0.217209444615546	0.125694926167618
1.77255487853619	1.93887374789956
-2.020641818536	1.02430896693048
0.434634869244508	0.199900820008886
0.049596624482245	0.024271990887308
-0.0173418682465911	0.00627572455804204
0.531990325642619	0.274328595109177
-0.251457158008682	0.137609781302723
-0.353656432790104	0.203725761364604
-0.683492122332134	0.31963270605832
-0.159809032451575	0.0862763476760049
-0.780484677331054	0.396849305417834
-0.127760282379918	0.0533075417693461
-0.275377282009488	0.10248756728118
-0.825799730446553	0.248850296046326
-0.519047917270715	0.135752304649831
-2.50226013804269	0.743052864003894
-1.28254273938625	0.466456155861013
0.310537005809805	0.11106683842339
-1.09577392262863	0.35828723267502
0.32894420016729	0.0965259148221703
-0.562696147381659	0.250198026629036
-0.519047917270715	0.135752304649831
-0.828502094065778	0.25094168663078
-3.81918727481022	1.59423504555658
1.29410591912553	0.694738413712038
0.289607764088322	0.116604747492509
0.810303030793013	0.405514708093976
1.05280482511551	0.633922429520314
0.865758573678066	0.326685916203701
1.30453082984367	0.503354122110679
-0.0989824574858418	0.0222456966330467
0.104852294279727	0.034213091465724
0.0138776727479394	0.00371737921651206
-1.07859867331795	0.358439828286282
0.307316811083193	0.123762167056349
2.05662438043109	1.09879243495031
0.51687827466124	0.266960373860199
-0.0359627444772532	0.0134320369106809
-1.86913007340843	1.31364389107525
-0.16228202138814	0.0818564243155546
-0.306314991255387	0.18423247004341
0.0270077093177138	0.0109883148579327
-0.794810395460208	0.414187020746736
1.36029260092457	1.24006458083131
1.78525800870361	1.65999865035469
0.597880566970164	0.353212622795862
0.279409934947019	0.110249544674516
1.26564352202251	0.92272313344844
-0.0901218422627859	0.041546422276279
0.693060701727616	0.378230513041339
0.0175592336666823	0.00700374693814841
-1.49856445714892	1.1074252225666
-1.00911586649149	0.561946458067924
-0.0866114007768608	0.0401341551309625
-0.529575942264798	0.346704518561765
-0.0953451185365488	0.0335646616700753
-2.83573891845403	0.897342341993353
-0.913689945758171	0.495650969600173
-1.3477863965689	0.939538365614357
-0.685116208062119	0.325112321665395
1.08879130905685	1.03012739076414
-2.2292109468602	1.88592602450592
0.610463135934359	0.301542174904459
-0.175557859363279	0.0879479011412485
0.124748243028784	0.0543560015494396
-0.405409798995325	0.158029363074512
-0.818580446223665	0.509207706593587
-1.1002013536758	0.672656667826023
-1.43315755362301	1.04874352280972
-1.43078336472181	0.802246055834153
-0.396676014403729	0.18374966103379
0.124459930491846	0.0531466749153586
-1.53900673550601	0.85772558874437
-0.948943388472822	0.391182822570659
-0.830887096458826	0.2476956260607
-0.795372131896524	0.324618854695577
-1.30794610982236	0.702897078108206
-0.442435360259396	0.151935661114471
-2.01588064463987	1.01524180813616
1.03706928344879	0.539022915019064
0.558131315194218	0.20033221845755
1.03197584151585	0.541878459652644
-3.50923973767825	1.37307967191977
-0.418302159346027	0.16620322343337
-1.21631765008404	0.599963615302236
1.71238212920663	0.815422630011815
-1.29167706250648	0.462020585299733
0.103807427765709	0.0331323465039053
0.296058486173585	0.103307360389691
2.04169653630903	1.16528955047303
0.0949487964623006	0.0315524866664236
0.961527941057267	0.438388173793819
-0.262993502228797	0.0981634410339796
0.0857901128666627	0.0289172514118167
-0.621546705264955	0.234576969241518
-1.07763056835217	0.363157385349633
1.28879390759049	0.507324075109526
1.30348423534623	0.671760781309373
0.00891378266306723	0.00241722255067928
-0.233717836713403	0.0733160812457193
1.28847110753695	0.599897434509282
-0.62620567484056	0.235102600209879
-0.263765959852634	0.0999586485678065
-3.09758000874198	1.09367827811836
-0.533940294795959	0.23167612307272
0.138282243380377	0.0520878580432902
-0.0973840871370541	0.0427339431407928
-0.53261215399544	0.235415149050587
0.091731784172194	0.0315067560502082
1.19068006848943	1.12405863995877
-2.0239520740623	0.990974872156585
1.40476712877663	1.23969787687827
-1.8927459427212	0.906371041399531
0.567578847655745	0.439439360036391
2.03232702758221	2.20296768222045
0.623449364462249	0.293979824030433
-0.284020781600923	0.126774464522167
-0.0332690060761137	0.0126093791313142
-0.37027686645058	0.240085927521134
0.111020100896796	0.0598385976599136
-0.673195314932544	0.325541855215252
1.10299623530121	0.883864626400765
-0.447945780313286	0.268730337178023
-0.209402359594235	0.101932868704371
-0.828502094065778	0.25094168663078
-0.0753280883657346	0.0360957619823696
-0.738886666412761	0.410617645103891
0.0188094438194339	0.00874563054067946
-0.40718325049959	0.158241438044669
-0.00531670654150443	0.00211968870519393
-4.20497842043781	1.97578549372576
-0.106206341296997	0.0473465562826227
-0.906559622072823	0.488436185409529
-0.552401717129539	0.241499232052021
-0.895706772164147	0.495751080448768
-1.19921233443333	0.583637677880574
-1.0805248563296	0.360561938702347
-0.235759541131017	0.0743536615313082
0.0978326759015137	0.0323085081634845
-0.0396528328604513	0.0147718331259095
-2.83133823353176	0.934971127868472
-0.526964267085977	0.140208674753714
1.27700813834484	0.764436386465137
0.313385758790342	0.0904571675705358
0.0128775487639714	0.00353990912076751
0.0114202123721441	0.00307192001957707
0.00866705764748314	0.00250892523770994
-2.50757633600411	0.731266994599381
0.542280131446209	0.128299417175899
0.320924105164241	0.0921003179543894
0.00624120463056556	0.00176645845508515
0.713829794155826	0.318196901064702
0.121841985031866	0.0462633710380537
1.88900485748025	1.12445127233541
-0.931587399611493	0.398373968578464
0.555492691623485	0.206071394995507
0.746133826300268	0.22159527187311
-1.06091226635603	0.498209491734871
-0.422392162183986	0.171688835223721
-1.79742758921296	1.23283467035639
-2.1471316601355	1.10829985865943
-0.415555904058364	0.197824067338459
0.589348212231596	0.259698668362632
0.129956509384101	0.086976355692184
-0.711063902787151	0.401160765128758
1.07874767529025	0.836802919302217
-0.0247834147746481	0.00933205600757502
-0.261081092466313	0.0982610895903968
1.26685348801134	0.824408115570967
0.397244412317506	0.207860839935199
0.0300359006310158	0.0120823029666241
1.44764901610052	1.1684261654413
-0.713273349620219	0.412879083280034
-0.0988910570999626	0.0436855256680057
-0.134297130825799	0.0725643744605932
-1.46042236233527	0.582462127928243
0.022219005500051	0.00896905250500217
-0.822760363759422	0.4845906280586
-0.407817963886033	0.16902271819855
-0.179503350011044	0.0922929446743127
0.148322574503842	0.0769371299296311
-0.991241619032866	0.577195159619652
0.25870904436623	0.123128683174187
-0.880477451157307	0.520243645434806
-0.516261101166745	0.297599014237034
0.0104526084615773	0.00279053576603641
0.00624120463056556	0.00176645845508515
-0.541063965022924	0.228074965431534
-0.113970061640835	0.0387153263502666
-2.23195447676165	1.24236239659032
-0.684308394222414	0.324487886706547
-0.633287278481493	0.239866463473891
-0.796687585574621	0.316287072564495
0.260676314976516	0.115934967712529
-1.06525520376557	0.49783012137148
-0.102565084777255	0.035641240762071
-0.788557253640922	0.328184193825966
-4.49464261446712	2.37809736674396
-1.28294379576949	0.463636792257058
0.308269729720545	0.106152041816149
-0.243752752353547	0.0717409158222955
-0.413006208737228	0.189910755716161
-0.262169313751771	0.101141878235791
-3.83381493003716	1.53637279438749
1.29473422108083	0.575243984195224
-0.817822604788631	0.395200547638721
0.0106696739175262	0.00303980302423724
-1.08394887233067	0.514611219228602
2.0524221142244	1.1206476941159
0.0138822919165315	0.00366683406239973
1.30846837079073	0.511853844975022
1.0238332791786	0.527968594073496
0.86987611223746	0.332282934393304
-0.155507742778621	0.063583622162366
-2.01374867965503	1.01904717362163
0.296710307023022	0.120401916453135
-0.361923376171446	0.210457466632
-0.153705703054068	0.0651133456176333
-0.32779513747458	0.162165451357499
0.029869684866596	0.0133346759214378
-0.111789392036293	0.050304681012616
-0.636473644442713	0.477901726839682
0.0370013103169623	0.0185884454196243
1.28492841305021	0.895120350682667
0.493974274864421	0.209794309123177
-0.516462938825833	0.26617834271809
1.06072477520708	0.628563880050842
-0.904899632759293	0.502169003486706
0.615743724411376	0.358137503462794
-0.500420744996572	0.284271384462114
-0.289798936484581	0.124112591071567
-1.34551220285454	0.962398936248414
-0.0191532811335328	0.0073483834339097
-0.0969242383750754	0.0429692113376803
-0.200637193176796	0.0912558681831703
-0.662633024807916	0.407250396075368
0.236056294930991	0.125162119081239
-1.36927027238377	0.990454550806861
-0.261188062423772	0.142109741530369
1.09596290214426	0.860126752048421
1.09982877422521	0.898788069968952
0.743939952669803	0.463572213325629
-0.263498956340771	0.0988061055104415
0.0379628841511677	0.0167730697221189
-0.0881092854797454	0.0421013257858697
-0.591122896304861	0.359253813511369
-0.553055953733921	0.248768592921061
-0.157744003459874	0.0662439782573252
0.124242902084365	0.0493104976197042
-3.31419133549641	1.21069698468705
-0.517351938617723	0.135137025900895
-3.32100684598019	1.20134190913051
-1.31515584882368	0.701680170283674
-0.247097784603965	0.0752604889785044
-0.242612421918724	0.0754243237901665
0.540819935158067	0.196108585624892
0.321343621282208	0.0941965604079644
0.9683893359636	0.431182777518056
0.304132878432737	0.105749746130648
1.2996134727987	0.530136221804645
-0.452047298601351	0.156919646143955
0.618790508797071	0.304145961001827
1.77367219971455	1.2034658591811
1.29214558318664	0.699535314793022
-1.28501971994047	0.461293597245854
-1.06931733608543	0.488384120768682
-0.553561736540171	0.244867960881729
0.774249986894144	0.504198903782827
0.702827198653251	0.383048938709291
1.07776320119284	0.684801526310364
-1.04632179554667	0.524720710200458
-0.138170446667202	0.07369767836067
-0.165304797975955	0.0847486328715225
-0.878733681756123	0.562800197948015
-4.68128748043073	2.72553659932842
-0.508463455291431	0.255496891418271
0.378300344602154	0.191341202164663
-0.0816728514787705	0.0382074464457057
0.731429042135983	0.432490363910954
1.65403062731981	1.68957862456087
-0.081040625017389	0.0356169882649579
0.130485239703539	0.0567460678220219
0.286438404669085	0.129661260650755
-0.158045936264085	0.0656255326363975
-1.53932444410315	0.901543681265024
-0.145270163996554	0.0780763677875117
-0.997573891493323	0.554620945069679
-0.0661978005474411	0.0342084652452588
0.799766668103012	0.522970636043542
-0.993541818967392	0.578202344318297
0.244198649266774	0.129904567288999
-0.0663053168562761	0.031850033378454
-0.743077005524261	0.420224528172965
-0.232658909099796	0.109364596262728
0.476224869872695	0.273553394913355
-0.41900626232492	0.199377256303895
-0.036536902678338	0.0134910664609761
0.435434663470914	0.205656807600492
-0.158794566950313	0.0662151324434446
-0.133358233209198	0.0565391486848279
0.217808965473328	0.122059124748444
0.294843759818205	0.120081227611919
-0.329284298496104	0.169612470992803
0.034265684562764	0.0155205203011465
-0.105212208853446	0.0339448097644246
-0.0320429792361476	0.0114445502808749
-0.537833665458025	0.234358790401075
-0.0841849072731832	0.0288945752590371
-0.788509977233009	0.317812637923733
-1.27882386728085	0.463370374340706
-0.251935437370272	0.0769498665513122
1.54492265152819	0.954292933700645
0.0930598022216117	0.0311927820415481
-0.0995973058669546	0.0224260918786388
0.561463326366569	0.200946365819002
0.318143538060255	0.0951754671461897
0.311892544701275	0.108587888710346
0.0977945327245978	0.033039346410239
0.708028614538735	0.311045725845194
-1.07815892867015	0.363555579143483
-0.234419553957208	0.0731857418093444
-0.634787398566011	0.234364099189476
0.25400658943173	0.136292359700569
0.700633857976104	0.379466117531598
1.29800511543983	0.675162443576904
0.352187837909587	0.194652467862002
0.745025568089755	0.452737038934905
0.125462673337723	0.049550919778321
-0.926784039771657	0.40434456647286
0.89650777851548	0.551869780155428
-3.09758000874198	1.09367827811836
-1.29811992266705	0.45785417211334
-0.317616380140781	0.157596080945922
-0.404896098076725	0.16861796902221
-1.3062430733128	0.854582208023474
0.124171234673538	0.0474808416482547
-1.27754400731538	0.864784184622753
-2.12085087900372	1.12440423400448
0.298582815328856	0.123336825512208
-0.0982841889924977	0.0435440113407925
1.07751616301513	0.70558788539746
-0.509185386026749	0.256384427653189
-0.435820014522593	0.145221695449833
-1.90688024051377	0.87919780789998
-0.216031987178673	0.100608999179893
-0.299811525994617	0.131696430363984
-0.163134572113389	0.0682217085638498
-0.108124350142022	0.0471795568956225
-0.4455554059269	0.150890592075422
-1.32120805396064	0.678470547184753
-1.88675989886483	0.899582632974469
-2.03031759667044	0.95748457995148
0.595740108894423	0.278204628228353
-0.100632307235336	0.0466398123940078
-0.792762435916543	0.478981070849321
0.130782839762083	0.0505804237900709
-1.07912178722694	0.357132861316791
-0.631157932063117	0.237768559992294
0.486808451361484	0.208630114606187
-1.32942577352502	0.678782993548365
-1.31889926328798	0.686496989797742
-3.51856233104499	1.30804474671761
0.0185093777604819	0.00478759989815322
0.561076244606517	0.200706731156312
-0.267595865976986	0.0966464849542844
-0.249244895097703	0.0761553805865339
0.744573107812477	0.227859030370143
-2.05650312187694	0.572642061324397
0.73704183663585	0.227152369479022
0.323705695530232	0.095444827266487
0.486417314431811	0.202675796841015
0.546465924658674	0.128383503124171
0.0119936048600317	0.003337070239106
-0.442738987804005	0.149719436890101
-2.8436786365212	0.897528788955238
-0.526191315010741	0.314546516044587
-0.430214280457537	0.234015824527142
-2.69458848713563	1.88693184142577
-0.910943646227645	0.494446070680479
0.341642501133968	0.189004350380428
0.37282925189387	0.263610988787535
-1.20948994621754	0.599779906120475
0.0426343943204303	0.0210737085321168
0.900529637624799	0.569694115588397
0.376646110387846	0.193928271049667
-0.414697008437823	0.165348308436776
0.546903318988977	0.292721397942854
1.24253036090201	1.07474706363121
0.141107745756036	0.0604674523675685
0.0285377926269927	0.0133278354753627
-0.930396022374075	0.396316821248003
0.275732657314217	0.123609744237231
0.48314397465187	0.279568149903077
0.137722807651141	0.0600402255811851
0.561562000078574	0.372602868797207
-0.19618860897998	0.0975314251022425
-0.662788299722307	0.320400698135872
-1.19635114874517	0.599590816067696
-1.00224743477073	0.585384079083066
-0.622238161319718	0.344193697736414
-0.280691117018715	0.122306590333007
-0.611211371104788	0.331209021243784
-0.0459055303267159	0.0166650445017675
0.666882904620459	0.359398501724878
0.914552693421379	0.580748429383722
-1.00793513302972	0.584584959102148
0.391669109725838	0.253822112561033
0.437768788308537	0.203163743580547
-0.165983087892699	0.0686421959567406
-0.625273321320748	0.334193762541393
-1.07465297719665	0.489121536515873
-0.0994736170795967	0.022542834663039
-1.42274309676805	0.779878409581869
1.71887780323167	0.862960826081481
0.0843079924319758	0.0263080214896368
-0.111025612235484	0.0508538155337016
-0.44645741007271	0.150949621264543
0.290718892884154	0.11415162354076
-0.240583170030325	0.0759160124673235
0.956443461636522	0.419462880704561
-0.405310732658549	0.167444592661165
-0.0965414629381512	0.0424788730128642
-0.851899364560256	0.646383343760566
0.751386588670694	0.459464136187644
-0.586965550179137	0.333907357894496
0.339804495621686	0.185018325061442
-0.103233832351819	0.0482951014416237
0.119728065297653	0.0654540271513676
0.291533691184767	0.183344796790753
0.0504037394936589	0.0238679828752092
-0.393126773916422	0.205833713530397
0.610339451973204	0.366082794550978
-3.95927733295005	1.76345363906642
0.149028856027462	0.0705488722184816
-0.412071573591953	0.19955772681693
-1.419902293336	1.04337839950093
-0.29721311576072	0.135112515899128
-2.76816666935298	1.96593995162148
0.102514708165187	0.0559762463520441
-0.0309219222660636	0.0114881437329809
-0.224964644515922	0.125413372570608
-0.459063409472782	0.272978436945957
-0.773464579199571	0.555240613674993
-0.393931058051357	0.183555315628554
-0.158579947269852	0.0790096416919394
0.489611650069328	0.267937262687953
-0.405726771862856	0.197724411552256
0.956044587700274	0.721951721174746
0.320682091179448	0.191223933331356
0.348543484974119	0.191507888618629
-0.557347703697451	0.250356811462803
0.41821171154603	0.193571745363
0.133850414977806	0.0514674181673115
-0.157235429618028	0.0799791887562308
0.0190842251441769	0.00494141267484626
0.222877282008846	0.115399011177142
-0.560978487160758	0.248598520870832
-0.265848621023731	0.102116627818756
1.29134323854707	0.800297617037284
2.04103022971081	1.1741222177333
-1.08731433463151	0.359710178704569
-0.937969575381845	0.419415534580411
0.298544056018449	0.10687186461455
0.32894420016729	0.0965259148221703
-0.235207250390866	0.0707006159597305
-2.49348075277667	0.760631300990853
-0.671174863315146	0.422198666124261
-0.636541870683232	0.316831245341369
-0.777746571762642	0.400612203310884
-1.64313155218739	1.01192190539101
0.671332119611519	0.434507895234725
0.983636738966726	0.783294079933439
-0.365133028785933	0.271379026841653
-0.269800650847184	0.143917886047149
0.941819577445844	0.704678146974357
0.943367358311807	0.706376764577772
-1.31795497424736	0.70629587178598
0.11371767643831	0.0565671466812774
0.0471632135510245	0.0256798598472597
-1.06166620611781	0.487203074484624
-1.12512300661375	0.812190997155034
-0.14267469202024	0.0762160215347272
-0.965256130356305	0.652735600895048
-1.61704177636448	0.688879454024264
0.664268859207362	0.438308070741647
-0.288385202293781	0.122142595840517
0.933611973708121	0.953096627211444
-0.788666581245248	0.380384566323758
-0.502241168523802	0.249165746195169
-0.203423423591108	0.12178134170924
-0.3768513078651	0.242911613108406
-0.25407844090812	0.14380796339444
-0.702617073012011	0.524944495626484
-1.10056745674637	0.645825363227355
-0.431787480494541	0.203277834732225
-0.255143269489721	0.146128513019074
-0.438393699647887	0.275557888585136
-0.99735917981547	0.780996929966151
0.0926386979383656	0.031892603661031
-1.29050708987828	0.845079398919533
-0.156620407378099	0.0831799305465894
-0.537598145370316	0.267127193412034
0.0087189778503377	0.00374990922745593
-1.43555140097016	0.779097915523649
0.129889541309431	0.0607414384097488
-0.191868794325019	0.0969630197230162
2.54957696804024	2.69472937449965
0.555137180836836	0.340041272872538
-0.403164522300991	0.187670695629738
-0.616545055694233	0.325581331900604
-0.43759058838049	0.175943553473214
-0.151148348696404	0.0608119577732621
1.62921347665962	1.33454217929349
-0.325986492529585	0.168208664451006
-0.285942853583055	0.128180300998288
-1.75120071412621	0.775817797713052
-3.32001561112394	1.2286468506821
-0.629450964183805	0.237236316920027
-0.241844219552331	0.0752485040642155
-0.636836714680159	0.239257943512023
0.315904858319612	0.0906719899454981
0.00133357378033698	0.000869162384964369
-2.83133823353176	0.934971127868472
-0.837725680837318	0.257618742248887
-1.3122480242494	0.677337484287524
-1.18934339511562	0.597454434365442
-0.411475376644969	0.198569267255821
0.613462334846612	0.358495133587738
0.143528884919741	0.0736835086653238
-0.775792879444623	0.298876664196675
-0.772487520258082	0.382397346124905
-0.0246291301084654	0.00925543269361354
-0.569506674529108	0.245049514604735
0.719323975883603	0.432877086036014
0.437192717781212	0.209448633431848
0.330164970485573	0.17778449437937
1.56916930562062	1.40748281680127
-1.06223671491928	0.724557240549466
-0.669690871197006	0.323850948649228
-0.241117232203474	0.0766152348332909
-0.637730351874267	0.239386145517236
-0.0859455171621198	0.030485272098201
-3.50424787188215	1.33990468054318
-0.679144263467702	0.326605328491484
-1.62286507627941	1.00784859619023
-0.252317411483997	0.0909720131245843
0.128256868068549	0.0551637215915122
0.282042169745299	0.125359163264173
-0.60942905917581	0.363337826344194
0.158203785028967	0.0734134981739069
-1.05837780745074	0.736348801075311
-0.426380574592685	0.261385292355406
-0.203399612088653	0.0942839551213225
-1.18192553595072	0.733884403935572
-0.393240580098685	0.187596851964237
-0.264210060935337	0.0994438723011353
0.0215142216168836	0.00981530490772069
-1.19156452972054	0.585839046570364
0.596756520811422	0.352420996801526
0.316872329610645	0.188172305024341
-0.404981334882285	0.216530376257517
-0.424124513005277	0.173356502013286
-0.580811105499753	0.246552903162382
-1.07771401736866	0.512415257137264
1.09117187195952	0.793406019498714
-1.04333215634167	0.722638146924868
0.704250397140043	0.308597096977725
-2.02823120556818	1.02107354603505
1.25445383780205	0.799431744679724
0.794496744394827	0.41337846816081
-0.465882808369141	0.15709495552666
-0.241844219552331	0.0752485040642155
-0.0886623341671673	0.0302261440253641
-0.793328619790147	0.410783470408277
-0.633912238754946	0.236922496996505
-0.251577983489755	0.0945068034512636
-0.520400638654727	0.137450762960971
0.564961115086865	0.2053681329173
-1.37736686643192	0.369817212053887
-0.519662324847855	0.139505494309868
0.321794982646247	0.0930595814272877
-1.62118389069422	0.697505577276637
-0.55709024114565	0.249583321137023
1.3608678419076	1.26957542507745
-0.239835231419673	0.0743429357564094
0.139853640178764	0.0541151520740039
-0.804217619422272	0.403450795354448
0.140751616735839	0.0616704876230057
0.173021511901553	0.099297001465452
-0.633288108751896	0.411121937217482
0.40786587013088	0.246916110801308
-0.0828715995506457	0.0389637574087534
0.826859788018029	0.602975075048545
-0.856398251818685	0.4989543457618
-0.0219674379727586	0.00839099878481994
0.39266841498744	0.204161373472361
-0.441400525964399	0.232126165910582
-1.33696178901081	0.702005893482524
-2.68919497101317	1.86937793723438
0.35459721925708	0.198749534563758
0.240721958066573	0.115490367892255
1.26745804628201	0.926919546886945
-0.298288854249794	0.134556983692933
-0.0841417839099447	0.0359049995443492
-0.277166667999141	0.147739971342439
-0.0158576141344027	0.00607649562131424
0.0852939778738498	0.0502144773602301
-1.2790384384569	0.840503118579207
-0.616708592239929	0.313646250911473
0.443566737991792	0.264472817333852
-0.99216436889143	0.573204121187972
0.00911858467219863	0.0038609259967501
0.0191953300540675	0.0103748846885156
0.676615130908527	0.374379732413409
0.435344899972351	0.307269078402457
0.824361266880571	0.631651415628018
0.143732422117239	0.0609669249264744
0.145376370789082	0.0619978937226747
-0.532145627783383	0.223738872660367
-0.118824979075461	0.0500987431991632
-0.711222944615197	0.4214966471762
-0.67683772691838	0.305082911210624
0.285697100438231	0.133001337227681
-0.811174829288924	0.301746845887079
-1.47398993745883	0.562534616726987
-3.32600725437378	1.23438140630258
-1.28886622712064	0.480829304316831
-0.447141212503182	0.156601589905302
-0.109357311947348	0.0376493066985266
0.30179172489262	0.110741395972367
0.29984856905661	0.105332789746835
-0.0155084942243123	0.00613570369951706
-0.250063718423558	0.134525505826595
0.129374782732784	0.0662214143704052
0.258972658093247	0.112232383278326
0.510700336532086	0.251250120497334
-0.0963986852509852	0.0417574265537391
-0.070401524655956	0.0338890084663175
1.84120732174953	1.82644012027512
1.09893221085629	0.872824548490653
0.968760584022431	0.793411572036535
1.23167031995648	1.12428099717543
-0.255171605227228	0.0960460997123765
-1.01412591185778	0.668934029731999
-0.57998115973765	0.337208000227541
0.90188206662448	0.595212015316542
-0.212220305917069	0.100991501012136
0.00159104089480579	0.00130606121845628
-0.15266201485574	0.0633898081950437
-0.022859072607842	0.0085219571303667
-1.06321455393935	0.484638952774333
0.269017275781437	0.128331520928696
1.06501805170449	0.859598702058572
0.66288895081399	0.43216829226552
0.745743174184345	0.442941122051446
-0.501691240980573	0.323732767929933
0.137375350016275	0.0579961218903196
0.29106909252184	0.167544946552499
-0.509699145855613	0.294170981731657
-0.290074779892286	0.180678397136225
-1.04118988163332	0.73448244539211
-0.392267710968486	0.156476570637421
-0.322290495390778	0.163567508387822
-2.26739619288392	1.08846904634628
0.290633212018915	0.131465480418335
-0.0937712489650745	0.0431543101217525
-0.798004261419379	0.393699344656287
1.09631133836652	0.781545342868159
-1.7020604307351	1.07413037248875
-0.221029731171471	0.102836656315162
-0.675553072360615	0.309192170008377
-1.19099257709166	0.750251375971875
-0.201667014460836	0.119687318301795
-0.417703990570258	0.198948022121811
-0.907609800460423	0.492936368456077
-3.32488003028897	1.22287774231669
-0.947157588594316	0.394693286322804
-1.07847996742696	0.363856947530528
-0.0304849099228756	0.0114910602499542
-0.697446930200624	0.327428697914675
-0.783424177070413	0.313625406420073
0.293142013420472	0.102504012883816
0.0166328919450953	0.00418655247743507
-0.826328253600043	0.244633196851002
-0.237254470792012	0.073066738069559
-1.07433753222606	0.355844441385825
-2.835854011812	0.903413592096073
-1.2814962411484	0.472913125289254
-0.739826220998907	0.385315347923913
0.124909686157945	0.0465019291815321
-0.206408578987764	0.0989499663882104
0.0152998114654183	0.00629959296816233
-0.54999336895464	0.233492952036551
-0.894674724152627	0.462034860915172
0.0238604933841475	0.00966556670218582
-0.220201098394181	0.107141071848764
-0.825737968088467	0.564463526737907
0.703480701828732	0.355310202332377
0.292940734575196	0.115893156958881
-0.234303088431131	0.0720657058555488
0.912362869385273	0.571214382490737
0.462802343016088	0.266241888250269
-0.794987354095066	0.307766404472813
0.293289913030801	0.120760519895703
0.149188140327554	0.0813659816311361
-0.299223556996466	0.128837526631594
0.868069669138662	0.493030305978025
0.865342494739413	0.779272535332237
0.313416014156867	0.179553846738679
0.139969236110058	0.067855750904647
0.251105376610647	0.122072281796377
-0.986301589511802	0.571800276473854
-0.52068511479365	0.269030710408566
-0.28188065740599	0.12726159182811
-0.277702860350494	0.120347184328002
-0.525200736045109	0.267352083541357
-0.722938807194706	0.428040395351736
-0.884462289026837	0.453585008363295
0.0120252161196989	0.00514480877984558
0.131971321293492	0.0582701387652003
0.955779807727366	0.700631737000813
-0.507275375839647	0.292488932761846
-1.09368289926848	0.505094837664089
-0.767931068501382	0.523972989045478
-0.713257774722874	0.40764694829882
-1.76154228332206	0.791853478651286
-1.90898270896107	0.888977900113346
-1.46496086183775	0.589774817651462
-0.680670168111562	0.324432535406387
-1.074876740847	0.35938944910669
-0.582966784952159	0.354520724368294
-2.05433974854713	0.576107769870825
-0.243380523081411	0.0751664462060786
-0.522494745184589	0.138224827015017
-2.83701082493837	0.917156293169085
-1.61612217536236	0.684247297535747
-1.28810247494672	0.480815408735924
-1.28486297953742	0.470411391030251
-0.44612961660108	0.149569469328198
0.331531281032729	0.0946784968791169
-1.6315399515886	0.674984753353594
-0.782463900503816	0.320223138374177
1.87492520164159	0.596544505245442
-0.396961943342578	0.159219063266054
-1.08328339450837	0.370848428206928
0.487521175022976	0.202445058312483
-1.06446643453942	0.491617378772328
-1.65068340711194	0.63658184421382
-0.102532815496496	0.0463722033449091
-1.46337505324424	0.578484924186545
-0.0227591120160643	0.00852881959534612
-0.0845812967923064	0.029041231936028
-0.527247909040947	0.225799606267699
-1.07669988100549	0.494090156210893
-0.836634894627274	0.257543939751531
-0.640472416295773	0.225851387289762
-0.235198082626501	0.0723113387664395
0.679666211005131	0.370684041551387
0.962204571567355	0.433613313101707
0.0853757825399321	0.0294641077864874
-0.0279202355839969	0.0102151054126658
-0.795697185895172	0.329678860390042
-0.814920320398287	0.404823387645432
-1.21449736916353	0.597844383480974
1.02825720472704	0.513144873156345
-0.235043551892684	0.0719927906206638
-0.0938116800146021	0.0405193554088536
0.14498450232036	0.0681769828890614
-0.618061694922862	0.342582936736778
-0.619128721242965	0.368261249502768
-0.68527147043835	0.324784838244023
0.017979073648316	0.00466661923012803
0.147136519867438	0.0646892388161894
-1.31360610503142	0.695728768609917
-0.404967465325633	0.196934648359626
-0.164731615670067	0.0694774053344279
-0.805271105873391	0.394513559239318
0.123112088679286	0.0572671263484774
-1.08010190469453	0.359548596166992
-0.434362044145183	0.17042459236541
-3.50845296259871	1.37767035504347
-0.783648320414102	0.318565701867546
-0.24861197369414	0.0764447719536392
-1.46531308563971	0.58072512893609
-0.100102853846225	0.0222670185448718
-0.627105398121994	0.230380559008138
0.00491545989567752	0.00162467659609041
0.0067466198969804	0.00200999607894217
-2.50544223207936	0.750736650496268
0.00318504624276367	0.00128605095068552
0.970360714601383	0.442646155911859
-0.238737053888655	0.0747430206022402
0.0821452116680414	0.0276080954223931
1.37546465165424	0.439216784934893
-3.69280980974336	1.4300153909025
0.746695784046274	0.227164306604738
-0.521048855151166	0.138255992379653
1.29456386768666	0.472431479443998
-0.675006173530413	0.328774168943723
-0.107296300722204	0.0475915093462438
0.158139980975956	0.0675423278113153
-1.06435890371919	0.503476135520827
-0.408689547271398	0.168506496347299
-1.07357565173555	0.489592729066274
-0.783275977302172	0.398242844518364
-0.793575929270738	0.319955424388636
-0.219643974614506	0.103905595281066
-0.249430826381995	0.0962354423311527
-0.0498995114524055	0.0181411104775692
-0.208998549383171	0.0993588835775415
0.795629842993097	0.514980687553391
-0.946588041105762	0.400215058919087
-0.0611196750210979	0.0314443741507905
-0.2125791698102	0.101602598495536
0.739819876881138	0.441531441225861
-0.389546397754616	0.180232698658861
-0.497493192757332	0.29137259003443
-0.705618972264012	0.442474933461952
-0.530259408347196	0.26867059946337
-0.434715534698703	0.243581900770023
-0.147975818876453	0.0602002790854558
0.304465423007263	0.11016431089777
-0.0766384662615414	0.0354504697882397
-0.408151560092453	0.168940843562479
-0.937129139121455	0.40841245198339
-1.60422686508468	1.2536042407657
0.902431892894587	0.572072423463172
-1.29455134622944	0.675495634586762
-0.413195985344564	0.168937980119944
-0.634337260872414	0.241994380044998
-3.69629383511926	1.45543527845855
-1.07891717895091	0.502071304058438
0.00823802131184518	0.00240009513923294
0.323237769806572	0.0954668421415237
1.51649067088192	1.03892830434677
0.749645597891801	0.221434616636846
-0.0956609260577928	0.0215971171731289
1.29441433012378	0.607842890465178
0.552752180515757	0.201672651763843
0.73496708810047	0.220284864286936
0.30826254149634	0.124205823466719
0.588939789960728	0.273425449951665
1.2871437706905	0.598801389678295
-0.246584354538776	0.0762228524851048
-3.11127143495882	1.05422430722101
-0.0870749837719464	0.0302665685702279
0.412236267277705	0.189299530963827
-0.625448360588615	0.232607646954251
-0.101997947972724	0.0220402603950303
0.141866121264839	0.0612897029597295
0.307831811337842	0.1199980562408
-0.0848577545417675	0.0293646948741436
0.0875241469091022	0.0299297870189921
-0.243380523081411	0.0751664462060786
-0.530734259077849	0.218916239325646
0.0132466687964168	0.00618487755036868
0.044204357998568	0.0221496706732245
-0.986566666376571	0.552179751466525
0.542025527493735	0.289335804941751
-1.61175011264493	0.661068501756443
-1.4693881231538	0.561815083506284
-3.84092264271008	1.60119698294023
-0.777765984977185	0.389647969921833
-3.09868623597984	1.08730133775312
-1.31892198893817	0.68124440284457
-1.51078438593804	0.899001520740103
-1.38120989691259	0.981638625109544
-0.788513817295334	0.320073508007223
-0.952285740309428	0.412522657081935
-1.6158330740944	0.687200844863277
0.873008356170094	0.495064549267421
-1.47374027305679	0.579220494433785
-1.08701333544701	0.489994067266109
-1.28486297953742	0.470411391030251
0.542248409132356	0.194283053598601
0.872675525768746	0.331155856649455
-1.32329928673	0.662821141643232
-1.77304638334409	0.732625063473416
1.29994326450762	0.591310054685898
-0.430094935907867	0.174004154724656
0.305920699501627	0.10619746136768
0.745396268550082	0.22575694938865
-2.83364520651914	0.914175126504655
0.329971039447924	0.096148941949692
-0.825799730446553	0.248850296046326
-1.76752959754986	0.808060739008649
-0.17863428526352	0.0718153048874117
1.29215371744158	0.686209272992781
-0.0301560394156064	0.0111092307633806
-0.028802127556472	0.0101635155425702
-0.201618012427655	0.0937768782706
-0.495192768609082	0.282090959104273
-0.414936409945226	0.165908004549388
-1.1070376176063	0.468155059956748
-3.83723158862956	1.61869179911767
0.0152987409731699	0.00638041930092364
-4.41603979203398	2.29683869653053
-0.365498080091005	0.227340027861671
-0.926413739174419	0.400643451981061
-1.4127990846285	0.787612430396265
-0.625150978726352	0.334227488840151
-0.510488407667642	0.255038032249414
-0.627985413227536	0.320994372413719
0.873621675050625	0.786270666976205
-0.840233233068302	0.250814356122496
-0.784098387788223	0.307081641046092
-2.05021356478115	0.569031985318464
-0.628952320356525	0.234888797264658
-1.46919974295571	0.572233728194388
-0.106243587486015	0.0353176234466034
-3.10433890137635	1.08509397093051
-2.83364520651914	0.914175126504655
-0.102208622300794	0.0226916030253293
0.00866705764748314	0.00250892523770994
-0.0142496369742817	0.00518310002165014
0.0831123716441344	0.0282518099524999
-0.776220641685641	0.309394659587553
0.310668121410293	0.110266161898773
1.7786583061535	1.24183273883206
0.74382021694343	0.226781474929542
-0.627574387435625	0.232109362188586
-0.52567506533391	0.13808514237228
-0.519260285802177	0.139357225000014
-2.50226013804269	0.743052864003894
-0.086358390679106	0.0304440917173083
-1.08328339450837	0.370848428206928
-0.40945684039182	0.172162750833961
1.10916724066538	0.859148738560076
0.802594531593434	0.418466004805785
0.555492691623485	0.206071394995507
-0.153180517130081	0.0833177918489347
-0.264168583799788	0.142532501353027
-0.019962819536984	0.00766599381287189
-0.165790769162561	0.0672492633575135
0.148935982745947	0.064008905109364
0.225085230595899	0.126816144849475
-1.30163329847623	0.666254041382022
-0.407645622109107	0.188700516998043
-0.668011618623915	0.321514510373641
-1.00180577100779	0.566128065409217
-0.168296055570636	0.070254816055814
-0.394250872571503	0.158642133753505
0.00919789971719187	0.00263503856727176
0.305387878515636	0.1189876466306
0.0229101232312847	0.0091180815331236
-2.24093261170124	1.22005358314873
2.05824780916107	1.13583670166041
0.712595797363011	0.308747446101805
-0.792557901706233	0.328085474256847
-0.838817185962132	0.25328760025507
-1.28962986610511	0.477635949130163
-1.62620730611787	0.698214490010259
-1.29843809661392	0.476015367236875
0.884779751210965	0.332585768931519
0.705017806121164	0.295290134244311
-0.121116283329477	0.0400949907226555
-0.78200500616215	0.310549706653501
1.28507550269378	0.803480141327594
0.310562681477304	0.107899640684361
1.29391707531736	0.577497378029647
-1.29382430591043	0.470203078258027
0.743418412008446	0.226976622674307
1.71734621049439	0.84227113243023
1.79251680896269	1.24422086948417
0.487810025903139	0.194218123833445
0.315765753383336	0.111891435964924
0.154353781355241	0.0665707263233718
0.552891734251425	0.205564356278539
-0.00427978052024628	0.0020632807660414
-0.25912306049927	0.0758140371982932
-0.933224239810551	0.406489331696405
1.94461709071339	0.738523039900267
0.333637559744587	0.197443912893752
0.118039601747834	0.0534261359447804
-0.994437083041015	0.554845826296559
-0.637587107713652	0.235250706106489
-0.282535066342227	0.121737760152159
0.145813489914095	0.0550517635383799
-0.248232136856747	0.11374380212456
-0.508162120614254	0.323817741540128
-1.08487307460486	0.516970251687221
-0.0742808521331162	0.0360320823316295
0.263472946252023	0.132975171084058
-1.31617021288206	0.686725161894215
-0.21992795146211	0.104455259092673
0.487910109146736	0.205296568998862
-1.46985998416647	0.587960540824066
1.28552192220054	0.613124667947747
0.742008600173179	0.22189585885624
-0.515079347934818	0.137725022751014
-0.522822677822882	0.256350555627862
-0.163690193837058	0.067106548267808
1.28970770787992	0.50473601053067
1.71776820666778	0.823060241155078
0.967882640092131	0.43280456838012
1.97416961827119	1.39006365687878
0.868069669138662	0.493030305978025
-0.690493132959695	0.325124587073273
0.129818308493587	0.0500690708142459
2.63786201423552	2.51471534099113
-0.830458254376926	0.253340793357874
1.55703668203341	0.946856162204366
0.0879046458389413	0.0298173025734727
0.311654311538099	0.108921324221323
0.116752611036208	0.0462440076302771
-0.628952320356525	0.234888797264658
-1.37736686643192	0.369817212053887
2.98759226546564	1.86017551148642
-0.266265638932353	0.139593389839314
-1.19344411921357	0.732588769007485
-0.408151560092453	0.168940843562479
-0.941474143082628	0.402266242725274
-0.693902676996685	0.31953305798611
0.017239125886299	0.00715310327253039
0.0157411031520154	0.00738241086262238
0.281511496671479	0.123322686138668
0.287134373151655	0.113786768520745
0.332147052581879	0.0950871161574312
-0.623561304815685	0.234277836951613
-0.630887700547098	0.238225433462368
-0.999803282142297	0.561841551910229
0.090610466828921	0.0302884379401897
-1.08328339450837	0.370848428206928
0.545286400011961	0.127906532067442
0.567390969924364	0.20955510536409
2.31500671400013	1.78589542199334
0.322559993977293	0.0903760163562387
0.862115408290196	0.499246240732792
1.93400096432528	0.789526308766741
0.304791431177202	0.106179122682466
3.98730681042191	2.17262700474636
-0.517911135702038	0.138411916640514
-1.09970246848924	0.354613534821778
0.962152117320842	0.426301509837501
0.0914880007677831	0.0303337684583855
1.02914363494107	0.532823808228928
0.802066640957414	0.38176666452759
1.96068495734334	1.53540627903532
0.0153648602419546	0.00414817620770069
-0.399531699124892	0.163171234740008
0.141679842407694	0.0544665363522865
-0.233717836713403	0.0733160812457193
1.86383896627221	1.49418011527283
-1.09361134538282	0.657825779796095
-1.19034601497531	0.755505706895281
-0.342433941544088	0.195390012181109
-0.277648483690497	0.178369929285542
0.0782236392731447	0.0255564323208923
-0.889756062786858	0.463956380927561
0.304793237211905	0.12419202933931
0.289046313550691	0.11627804452595
0.466589858591423	0.309317110124628
-1.45498908371995	0.567648307416428
-1.29445520040008	0.448054721989641
-0.0964448276872123	0.0340177875304735
-0.251935437370272	0.0769498665513122
-1.07815892867015	0.363555579143483
-0.833500786574648	0.245435160921928
0.687672047751231	0.383110221735129
2.55034337807693	1.7451913236746
-0.44796599845068	0.154689701734251
0.324797204236395	0.09588222613702
0.714488411885006	0.318510675213824
-0.0941779390158178	0.0217731946290539
1.38841003431685	0.431874411465578
-1.7624221655659	0.806232270835682
-0.2372166279837	0.0733297305814221
0.470557161404951	0.191860938225565
0.6857867060545	0.386080396311206
1.0449590442143	0.614003100347508
0.0129153418849133	0.00344424604437407
-1.46496086183775	0.589774817651462
0.322559993977293	0.0903760163562387
0.329971039447924	0.096148941949692
-1.06558309699969	0.494872796358975
0.490420090381367	0.2090602058775
-0.105861753196495	0.0446143097974306
-1.17981553528689	0.553515139402945
-2.33772688369942	1.29894809428759
-0.892431232567369	0.457817531308777
-0.551205708420812	0.23320269103741
0.262272182044166	0.130353946187569
0.106258500240988	0.0613618813733305
-0.525498858123085	0.271983586838843
0.619052699483902	0.43729125344646
-0.540414339445044	0.237525349420147
-0.67557679298654	0.318659433461111
-0.558774759630139	0.251568824050406
-1.77997873095733	0.799609830505702
-0.733025340191873	0.532097538452385
-0.103800695476895	0.0352123754747504
0.492871711281208	0.20824428679815
0.303282875959017	0.103595289169369
0.0911859666411709	0.0307413671123229
0.128517155643005	0.0502750488000174
-0.252696755634583	0.0938235162491615
1.03927646040471	0.536437290436095
0.320252995132102	0.0952285767224367
-0.0964495294358241	0.034018389411155
-1.61297070616514	0.662633597213172
-2.13685990097136	1.12944212758517
0.56205309152371	0.205898587831582
-0.100746679158604	0.0348659224595022
3.97855269213865	2.27623880669564
0.997168164265367	0.480001060069313
0.548725660968864	0.287097366174503
-0.437483052106694	0.149022159336257
-0.613326488803832	0.335790666425849
-0.234431964466863	0.0735830565144137
0.304792771481564	0.108647655476924
0.315376145668984	0.108098803983437
-0.454042386756641	0.149415463529615
0.130716159096463	0.0611924534288635
-0.438833896935274	0.150031893346032
-0.406514055110301	0.195228426220167
-0.547227014210316	0.246984908519124
-1.87400766143308	1.30552434779481
-0.315947145765685	0.157072994003006
-0.425072030781763	0.257677781184278
-0.0913088599339109	0.031073429809008
-0.788847574080247	0.32002840494186
-0.259606623309815	0.0996461177179455
-0.301942362605726	0.13043768711476
-0.396123994798427	0.248693362407656
0.135197253588008	0.0528003540299494
0.1280702476449	0.0499969311213448
-1.62703350911954	0.679468129754924
0.00823802131184518	0.00240009513923294
0.468908015406031	0.271404446232555
-0.444716289974285	0.151933357237643
-0.243374819620522	0.0759703352600238
0.596205177530307	0.275861678414129
-2.49582076805792	0.739355067527278
-1.89080956709279	0.889067937701986
-0.830458254376926	0.253340793357874
-0.801786217175766	0.309309840967338
-0.0967325852482324	0.0327805971226857
0.472600278068686	0.197210891416271
0.559765445297734	0.19207852845525
-0.44183898113899	0.149713363978469
-0.099501044216011	0.0343918924482097
-0.453130878530398	0.156663328184095
0.734999759270719	0.224471934267942
0.556957855624566	0.203371380527059
-0.530587016762827	0.135175035298495
1.29323893399057	0.589014274810879
-3.66965381157033	1.47602873590866
0.328325097747485	0.0960689936716833
-2.04902373026814	0.584535062964325
1.43062336406096	1.09887360456213
0.801399952861491	0.412451585792795
0.56073630759832	0.200087662851911
0.30893265403963	0.121699113816758
0.124687516938776	0.0472224328255067
-1.62287692074027	1.02583602059507
-0.61356227075747	0.31697262824236
0.115479669403285	0.0446296218027041
0.317763277642953	0.183649347171657
-0.592750987895507	0.397970692565311
-0.324553811672221	0.206481552405736
-1.13396892288476	0.848481383921905
0.132469395411844	0.0557495138625461
1.28652408202015	0.8513443990873
-0.778989410382523	0.393651452375045
-0.781561097639516	0.312759770274788
-0.419723809503633	0.220961326923486
-0.395350074385629	0.257438418182858
1.44465592082582	1.14126947320207
-0.0768737652480302	0.0364409364596228
0.0882438675611891	0.030224080662394
-0.0195934321818515	0.00755128185178574
-1.04832255315762	0.8573016908588
0.246563559093945	0.128877515531514
0.330503838615018	0.0950000287859347
1.55309474395384	0.983540661400047
0.235350907069009	0.110317793329517
-0.174220225434286	0.0716473223905295
1.63465822025008	1.34781715728442
0.796910205974481	0.39375759207153
-1.29521943698464	0.677932531518064
0.14430427967974	0.0625633586160613
0.0160545770394899	0.00419682354489619
-0.783135731181611	0.321438505431073
-1.62620730611787	0.698214490010259
0.297182997918382	0.120387841826018
-0.44307224454687	0.153808127972859
0.30154792701785	0.104852028393963
0.496511958615908	0.212623348401981
0.295032107473367	0.101752341054075
0.879536619864746	0.343062626938762
1.88951621330728	1.22610216194502
0.130725339299011	0.0510288484814532
-0.258815030402917	0.0987453233756655
0.87093453084744	0.326797302657577
0.312320568211031	0.123343288043694
0.966347707666586	0.421692405487138
0.969714870598804	0.422960006209836
0.857660830404617	0.483039150282493
1.28014049508571	0.582796903918113
0.760024199732141	0.464053937698327
1.72242730728722	0.798556845626186
-0.0841849072731832	0.0288945752590371
-0.401991907552	0.162315337783194
-0.439945462871674	0.239141585022421
-0.23716038482454	0.13643109695453
-0.141480443412089	0.0761648892205013
-0.411590975609688	0.169149021146333
0.0176688246345113	0.00801370044954591
-0.413279128283566	0.172068204677113
-0.802429888245819	0.398612356172627
0.0313766351516858	0.0145885704050189
-0.809059180330464	0.498166474399008
0.279728017829578	0.126180508823544
0.0916577033302787	0.0303886909943359
-0.521793315733346	0.255878955484458
-0.409143973458882	0.172054556211391
-0.0819991017161454	0.0283271651215815
0.936498862251557	0.65797667562503
-1.18812364744656	0.701458840158911
-1.17180109077849	0.723317360678827
-0.792868141549309	0.325164740633287
-2.59771149170291	1.71155128083253
0.118534479202031	0.064575861025368
-0.406666819001777	0.220255265420483
-0.106510375280598	0.0365056692647568
0.449127044122765	0.211813961994467
0.287410788676075	0.129809875389219
0.270447088949723	0.130107022276282
0.492264645966891	0.202365829146827
0.0186569003215561	0.0047237706613622
-0.147293522001816	0.0617499402634705
-0.925780372068225	0.388282982405561
0.0826821364231443	0.0281876856602832
1.94463924036391	0.78116955421641
0.304175056169458	0.12146566346252
-0.932363423713495	0.412449320403969
-0.0110744287081866	0.00445941483947297
1.68217711705147	1.27941004658806
-0.095335539902063	0.0215346615173759
-0.0941779390158178	0.0217731946290539
0.315048210988325	0.0923388661584691
-0.840233233068302	0.250814356122496
0.805759169806354	0.409464286726386
1.88914805513015	1.15520798595141
1.38925128836968	0.448354899211588
-0.164992614988256	0.0681023272075373
-0.633577981341384	0.24046272972226
0.713983734964926	0.320360443115051
-0.516215201709685	0.137775183819285
-0.0364960803612824	0.0133701471167722
0.481061077926459	0.205300507028882
0.00823802131184518	0.00240009513923294
0.744561566795475	0.232791161107715
0.0933438009913244	0.0312257220293571
-0.623210133264611	0.231567819784973
0.490680821121422	0.189062458874668
0.0936284576124036	0.0311172709448712
-2.82570625121832	0.918479199567565
-0.534022848128097	0.230729883596868
-0.0906734305984962	0.0314938637935219
-1.07390451092355	0.359387288546195
0.556078390879393	0.205264101123716
-0.0959688067002299	0.0432988347225446
-0.699192829012436	0.378283297060811
-0.509910722750958	0.242177020996218
-1.26937819604687	0.82736800964525
-0.0775552163097383	0.0369765056933336
-0.0626318828175788	0.0289637264264249
-0.172158593190445	0.0724039716499871
0.524319680845316	0.27778270714196
0.172492344089644	0.0788499412718447
-0.67557978699634	0.328154181461769
0.283547312431147	0.127856317906958
-1.77920155815909	1.15998987639534
0.794719374395346	0.393900626261751
0.301465552211995	0.120728171550028
-0.245103939584321	0.0908941158097918
-0.323663721392192	0.163977295629361
-0.253697745354082	0.0940562836533492
-0.628877406608388	0.231076985478957
0.443778763786455	0.203429170474723
0.33983679210847	0.173380302052854
0.00773290926198346	0.0039623263962469
0.853941336941647	0.477215049937317
0.863277508626316	0.494389648238677
0.282570943259994	0.113874700931841
-0.100416310882164	0.0348438282287878
-0.292197999141175	0.130269645712069
0.955892246428255	0.433816569950921
-3.82358954214025	1.62413828387734
1.29845048334472	0.695314892653037
0.872675525768746	0.331155856649455
2.13967340462521	1.82623659525703
-0.403090405076675	0.164762677645004
-0.450023882307994	0.147115659471141
-0.949915135826682	0.416875087615922
2.69067744945308	1.52653659329641
0.317050779303299	0.0934221837279994
-0.00608015004278551	0.00081101973242147
0.30507749894968	0.0989462497543962
0.0118237600693153	0.00316782879588578
-0.446621736891828	0.155572166824047
-2.835854011812	0.903413592096073
-0.438004265768244	0.148097615757373
-2.05314601736911	0.57654870638546
0.0115804123976581	0.00323217008026935
-0.44796599845068	0.154689701734251
0.092132239852392	0.0309081697583194
-1.37736686643192	0.369817212053887
-0.630345243145454	0.235886610483642
1.93685000669188	0.789660825523142
-1.08328339450837	0.370848428206928
-1.09072953613147	0.656792411912851
0.493406512873705	0.201719940953616
-0.393466692408682	0.216622923696981
-0.265191465890806	0.0996367549952913
-0.151073599053733	0.0802253823719989
0.34990080310541	0.186491490179754
1.48629376464201	0.974823719643751
-0.371153391866964	0.221231828584833
-1.07639734237554	0.510978472056196
-0.533765270198633	0.268981259609906
-1.20434109251459	0.689622666322427
-0.415418158481976	0.221283389078744
-0.245735381656775	0.0755204282595915
-0.448797325089838	0.156531394094799
0.0071964334103864	0.0031029811132423
-1.41277305344171	0.999591454215419
-0.188683810054773	0.0924818644169269
0.133285036119601	0.0678898700391806
0.296675786541481	0.17197414042239
1.58967319166338	1.66901308332441
0.338271015307558	0.179929473184567
1.50379300587378	1.04172736074694
0.0702283567050373	0.0235570023558532
0.865643301363857	0.481019802699624
0.287646315628927	0.127140399755222
-0.0185006961312902	0.00711029120581171
1.28793635393319	0.788992418821418
-1.07530760554696	0.349059729381252
0.298995169471895	0.12354633082839
0.145479395956877	0.0692516946435385
-0.776941111050945	0.304422595219828
-1.45608214826289	0.570053697959349
0.704254111553427	0.390610137675447
-0.396282218943829	0.189891135598638
-0.936905814078044	0.417313431823351
1.93714531214761	0.792674531596657
0.0796687081933131	0.0273484332750631
1.37981396507491	0.447741419807757
0.962692978644185	0.437386718103106
-0.792531312936611	0.327347522671821
-3.10863546782174	1.02252807417288
-2.13298300148539	1.11734858795199
0.327130737736728	0.0929907722561203
0.878596041681437	0.340923351052913
-0.62530561629737	0.227854923128111
-0.303881908820978	0.152044560883047
-1.61386596120494	0.974500820115339
-0.313520700822355	0.163940779743069
-0.0903025390092015	0.0320126130605842
-0.35306638013342	0.202649145396665
-2.50691248396725	1.56186477637206
0.0306349729243711	0.0152381858473705
-0.447810729522401	0.295193976611317
-0.0755964207445482	0.0384430005845144
-0.131534413188462	0.073370397179348
0.209464086336694	0.119401069594809
-0.27303213514623	0.147049020005832
0.0360976797536291	0.0193342768073062
0.398896345865511	0.199512524456125
0.0321069883212018	0.0143961918633376
-0.405726771862856	0.197724411552256
1.27930952931966	1.39984340121586
-0.582158185568307	0.357874453794157
1.94832545642205	2.32412604476253
-1.62068916524874	1.02857954230217
-1.40930475272567	0.791479730542917
-0.0654960336530874	0.030930410345033
0.146840659777298	0.0559360960386332
0.146656726331149	0.063536929659708
-1.08564785311704	0.645141908669873
-0.28723587853808	0.127354767294606
0.808901532299564	0.595751019581428
1.40852890678283	1.52199557044455
1.51674282407388	1.01784550278764
0.69391936708649	0.388759087292688
-1.46175835409361	0.563608141412101
1.05591410740763	0.613165191604127
-0.0496181284287134	0.0179887273706782
0.136869504190433	0.0704473027860191
-0.402271937096811	0.26586465609196
1.10294709033461	0.849801404870545
-3.51641305151825	1.37181535069588
0.752957857353389	0.466796864878681
0.449389989731203	0.209021049866965
-0.148009068838302	0.0619534141260457
-0.601472161150599	0.362182976465927
-0.526065730179607	0.264382675421297
2.04500978627138	1.0689475461584
1.2771598497637	0.590841500318523
2.31664445191438	1.81181098718371
0.873776058960847	0.337729092586157
-0.43885408937535	0.237923929012365
-2.04902373026814	0.584535062964325
-1.45530140517973	0.566168385659182
0.704278656880337	0.300300094811886
-0.444036372579586	0.153411790765877
-0.26486510148617	0.101491187397504
-0.148889406451729	0.0573855736150358
-0.828502094065778	0.25094168663078
-2.01927019034607	1.01671539391154
-1.21768869267562	0.606170513428967
-0.281136384642802	0.123368695367399
0.31525908040324	0.11166310394229
0.12631031141461	0.0472680444215611
-0.213416512095964	0.101607828550995
-0.265301175693283	0.101727547255709
-1.06581387697415	0.500615291973436
0.594202295825356	0.34777749303203
1.08637650661246	0.778508452140175
0.699262164031129	0.381431193823308
0.287735330662054	0.116728496922452
-0.192611726677914	0.0761216866465995
-0.0374510062697847	0.0213847116974669
1.32249442462468	1.35432421063458
0.58736709872598	0.33842484575659
-0.72910818333105	0.408385246396532
1.26964629761411	0.664945757532386
-1.61266155096032	0.669508312215293
-0.276470628104291	0.143807819312128
-1.12753443624502	0.673689908496145
0.213483739217492	0.123651183830916
-1.73490935047269	1.10487242567229
0.286435388222568	0.131222033986621
1.27517286836943	0.922395319693089
0.669206679444519	0.567174935545332
0.696704120670397	0.48158050887696
1.88309367349616	1.1863946865582
1.0752221902907	0.697587985927552
-0.121899941219769	0.0525188528898269
0.450228258929276	0.213073958056389
1.63739468735246	1.36504245230414
0.670911105934575	0.350956965663855
-0.935811427249546	0.410337852814449
-0.927860470072811	0.40837337688318
1.05808333404019	0.592818833792117
0.131120412031259	0.0564641976270841
1.29272926043404	0.662043959815426
0.341166818846372	0.184549103205871
-0.89913205137724	0.462481780898093
1.02193787080996	0.510309860219822
0.691829430052158	0.379600413905615
-1.49397791179757	1.15639354625527
-0.0963398263631672	0.0337960541373773
2.10862882153869	1.51684866296854
-0.533299574280251	0.232090355682183
1.61337653294092	0.869799696361525
-0.548229797735984	0.240870077277003
-2.0209145272534	1.03488294131283
-0.920319863668376	0.385535182407557
-1.61990979941793	0.687049913742447
-0.171881465093712	0.0684747963757593
0.137589080315184	0.0574159475694743
-0.348310017794128	0.195502928426812
-0.093133936362988	0.0324861594589372
-0.44796599845068	0.154689701734251
0.69157197086392	0.385276951931102
-0.417339152681637	0.19813524087822
0.445794394128241	0.206990997269116
-0.781321118448217	0.372546408540613
-1.21287272414292	0.605014960428747
0.4299092226728	0.200201938880708
0.967262513864832	0.445277574419395
1.30016077947136	0.500191833157399
0.698171849043007	0.380355464337682
1.27278287440782	0.84239553820034
-0.676342235201227	0.443658166790835
-0.668444563885763	0.321055751638744
0.463501247192995	0.260676144919983
-1.08201167635183	0.510154347794844
0.145117375261654	0.0626018935181102
0.609331107457429	0.302597692545564
0.598506167541867	0.282859547958182
-0.041476444892722	0.0143375285957391
-1.07653561651872	0.483952961077574
-0.445505623754379	0.152436842507421
-0.0741799325507718	0.035703482246043
0.194900819060891	0.107389362326124
-1.75751543787054	0.780204800666182
-0.788181988226547	0.397125925753502
0.15111016117449	0.0656431432079448
0.704007495674694	0.307133694930596
1.28092902483994	0.686900749318916
-1.90740613789208	0.908044808745729
0.802346736358073	0.540568859496134
-0.640278722291214	0.241757947163111
1.01899673774676	0.530229666427727
-0.936599279158383	0.41413499006896
0.323780413110012	0.0943043436593769
1.29874438174713	0.502480804066515
0.485832637685	0.202908587233465
-1.07390451092355	0.359387288546195
0.308740659247833	0.121954267641257
0.80314522566104	0.400692789978528
0.691524190612798	0.299425483411519
-1.76213499233253	0.796361363692755
-1.62741937825229	0.687551220211387
-0.515079347934818	0.137725022751014
-1.7581116796412	0.796319378971699
0.877056025692956	0.341417439858904
-0.634908529839051	0.232227785120503
-1.08967113319556	0.352965167936635
0.017979073648316	0.00466661923012803
0.495824304932636	0.206557865041603
-0.527374871083853	0.131573067681129
-2.83795601700087	0.914236934316833
-0.274325232643119	0.122483703326246
-0.261334682414762	0.0956699109354246
-0.359982461936848	0.209542294025177
-0.499135924568028	0.319264830513856
-0.777040174981359	0.30443917987033
-0.880029264110255	0.461458227302391
0.0444290454682591	0.0213856077322538
0.126190932402008	0.0649319936405668
-0.407314088471112	0.160934319637889
1.28000324530063	0.869491253610102
0.153646662582751	0.0723954120736341
-0.927609247421664	0.39658225467233
0.434940374377246	0.194269403240624
0.12709207563164	0.059679149134955
-0.455840549367423	0.153856922942926
0.0495229548292009	0.026014736930658
1.25299319735345	0.897782500556412
0.272801547411832	0.133446706315213
0.269598802426074	0.117847545939086
-0.674295200511553	0.325779424565313
-0.114296126808486	0.0510731045626918
0.49876551698002	0.3609725105977
0.474316103793469	0.314422030850729
-0.548991216392294	0.239926652976364
-0.324276033560538	0.171171276558543
0.680941965372319	0.374710098479188
0.473133120301679	0.270809195468567
-0.505932373995698	0.290362586920105
1.06431006994009	0.622582713382351
0.119344156447815	0.0695372831168017
1.46472832344027	1.06018199280539
0.398255929140662	0.205258730598404
-0.13901386319994	0.0740042240650011
-1.57199402604785	1.26564725052417
1.18941302451622	1.1234274277743
0.0387790650993728	0.018909795128577
-0.675553072360615	0.309192170008377
-0.231862268579772	0.0723509071259154
1.48970829460995	1.48495976443117
-0.523681739446447	0.297628574146515
0.10834032231263	0.0500717667549866
0.0123310289877028	0.0059291146525615
-0.788557253640922	0.328184193825966
-0.321745009330546	0.157390937249762
0.143812054446313	0.0537350375375404
0.866494255597256	0.495935738594588
-0.444595582196725	0.151495565770649
1.26877498899728	0.846221563439899
-0.234458028369952	0.0732314184953936
1.22653960131252	0.947902181923942
-0.933071618812294	0.417319819505609
0.567390969924364	0.20955510536409
-2.32717835028184	1.34532818483298
-1.2972951407214	0.453270646742806
-0.636240887010046	0.233174136315676
0.866606903739654	0.321034203340148
-0.445040031010082	0.151596062677154
-0.230527830817266	0.0718656003295706
0.3146648104573	0.0913579545285187
0.956283943324002	0.435892686632264
-2.4946503122275	0.759347999169937
-0.448276556117437	0.151182367010626
-1.21030036963311	0.681731100891307
0.17037278913093	0.0764036114099722
-0.142281393757327	0.0764283914670726
-0.146031661832782	0.0696288287659105
-0.787565892339695	0.396414909562549
-0.284219349517039	0.128789984754731
-0.277612359010912	0.123585015960467
-1.56230577931165	1.48742157237293
0.139522325633583	0.0604492443199905
-0.418825325258348	0.16990227311702
0.267884049476706	0.132341830699806
-0.303423661798088	0.190590543785942
0.474987054890621	0.273240671953334
0.578936974534709	0.402081923370942
0.230611135054656	0.122224712909043
0.212087377898871	0.12123416904381
-0.240807577410042	0.125282853598434
0.816556471581995	0.400356847814226
-0.41016213279097	0.187407340053078
0.087710617920003	0.0300788833241827
0.359290086726837	0.23183777784793
0.147081899966503	0.0678353290377191
0.17090238183166	0.105561430571791
-0.113495377476423	0.0683896371265372
1.07132211382775	0.664765044693875
-0.050240295982644	0.0272647516968303
-0.74375884955619	0.487437814148191
1.29787694752311	1.43023342229166
-1.34413358232995	0.959390502683883
0.681152349526958	0.47216399283271
0.748370667062519	0.459284879048035
-0.900829041565053	0.548895978891896
0.449004396194679	0.201785084350634
0.288699223352135	0.117024540098538
0.934500277999715	0.655300875051725
0.00302182599554563	0.0016972965459557
-0.518058106813492	0.304803753100668
0.633354096238129	0.503071348893148
0.42277866851311	0.291784923257244
-1.08473225637495	0.752498616452849
0.28342066066919	0.112716052171827
1.43256870953926	1.19806884240163
-0.429602416941285	0.260744607966848
-0.395858338546218	0.188661111039719
-1.20019898914028	0.603418262457332
-2.24578431606256	1.23692646467467
-0.256347157074144	0.139295792038952
0.683859541284307	0.380423383942792
-0.491871703102725	0.280100624425549
0.395223678413429	0.208237390013005
0.63700992118694	0.407906073148953
-0.0228461100954336	0.00848057075099064
-0.0902254190321292	0.0313029135960935
-1.08739405204136	0.355028792937831
-1.41021076672033	0.787146393940354
1.71277646147975	0.80063934071007
0.280346860301419	0.135728153914173
1.50817532491905	1.03433716344152
-2.12349811832093	1.10994941894554
1.77046259629046	1.21822677460131
1.96463746564242	1.50268257343433
1.94634153912397	0.776970815265794
1.88777623857322	1.15957274441609
1.77744983952364	1.2469388708437
-1.29990860130201	0.468967396563493
1.70151956198082	0.804600781566675
-0.781426481028866	0.317355152139802
0.135342088689557	0.052654160371433
-0.241869883769564	0.0770838111994731
-0.791960789873525	0.318116635419675
-2.05021356478115	0.569031985318464
-0.545303975297205	0.244898046224674
-0.913320707938403	0.50018173589042
-0.959573622512195	0.608464580447913
0.245661389815305	0.16743400539155
0.534601146931691	0.287354232065212
0.0237591775495948	0.0134241545426069
-0.648325273423404	0.504558194537847
-4.09708776535062	1.90691716453567
0.799382199994336	0.396382347947391
-1.19429754377961	0.598116119499123
0.128759094869302	0.0501375287176239
-0.349021517522534	0.197355264635696
-0.287051240369309	0.127589373434818
-0.396523629265595	0.189059092077347
-0.789843124499813	0.379018994670478
-4.42235446306249	2.21838829671063
-0.154165841997345	0.0630297406245213
0.847915306033861	0.759174729264477
0.13622778679006	0.0530195695073631
-0.768987064276806	0.503235302394221
-0.408013196402018	0.188449891160139
0.591660602171255	0.351372008439548
0.136723803975313	0.0591306370284004
-1.51397492309879	0.903177654106474
-0.936708852909486	0.415615695452334
0.955044809332476	0.698537210278365
0.521958746200564	0.319528817574713
0.278414057275309	0.138115086902291
-1.41818610781624	0.804888482708018
0.358388610437864	0.224655599021617
0.10757711362619	0.0635352665534779
-0.255979227374445	0.0984158585568511
-1.75690802814133	0.788581082283612
-1.79290313955642	1.46503039689167
0.03487488502967	0.015824881846041
0.465852892170579	0.259740120969788
0.0111080202023072	0.00592582394664558
-1.09324175866158	0.674856838692804
0.541438403530983	0.280373016515408
-0.0163854348133028	0.00619520296082661
0.303624180000361	0.107235236201798
0.0978569540048426	0.0321227535358236
0.0923811753006992	0.0316360588258278
-0.18953751892574	0.0975950848011416
0.299962705309981	0.123846034771108
0.751987527615806	0.462135852404188
-0.889496745875738	0.471777669882726
0.135886415461675	0.0673577043021
-1.53059724969141	0.903779124481051
1.61842250179154	0.86751506424401
0.500489301642319	0.297942694782778
-0.996475712381216	0.584500566376132
-0.0176462127233874	0.00677789170718831
-0.55780079525747	0.248676087067092
0.0241486007237043	0.0110777308115162
-1.19921233443333	0.583637677880574
-1.29939196428583	0.674417336352382
-2.05021356478115	0.569031985318464
-1.08396828783319	0.364717341125983
0.678714645325717	0.367264636236083
0.325491744897893	0.0948457252496635
-0.519260285802177	0.139357225000014
0.321343621282208	0.0941965604079644
0.324797204236395	0.09588222613702
1.38310568737594	0.45202977531251
0.0123876104363821	0.00332088703147064
-0.400110279406542	0.163237896152213
0.290298748835516	0.117478190204131
0.14263708432142	0.0543026196863568
-0.835758223655926	0.247067093704583
-4.08589537535182	1.8594350702081
-0.838817185962132	0.25328760025507
-1.9011790187562	0.865069877367322
-0.245240779158694	0.0755055133069093
0.0164454119915526	0.00420432162168112
-0.514680488872461	0.137579947568615
-1.28025734148033	0.464687579341
-3.09183480000513	1.07302576822624
-0.550335649757254	0.24462813342526
-3.95927733295005	1.76345363906642
-2.52379001574455	1.61347426651449
-1.60065891243593	0.960261429110504
0.0198718942154777	0.00771329042577385
-1.19640541029409	0.749632059471769
-0.0776992447849465	0.0359605547072583
1.46084035936828	0.98556225967015
-1.61981055141361	0.983912022888483
1.27526884364876	0.859611274919254
0.0235793457638676	0.0108760739738847
0.287836147053246	0.116346608293475
-1.07806840059686	0.358050711442116
-0.0462299966705333	0.0163648236177316
-0.221944377475696	0.106454378107226
0.6751841558547	0.372115503109308
-0.201860287180722	0.0950897656267736
-0.614266328357269	0.330509238246066
-0.410965233981359	0.226455489462081
-0.489547573562202	0.274603519971495
-1.58630773666322	1.29424260029295
-0.992292791114019	0.535292583141937
0.85718969509388	0.466589482379879
1.2943916909806	1.41219425596818
0.701533926187327	0.307800437563831
-0.377462257544281	0.254926556882657
-2.44401366803214	1.47726767925406
0.280161715635911	0.124692855263659
1.53198472074822	1.65514548928079
0.34066254442478	0.198292943037482
0.621622231667711	0.464723143404213
-1.67435952650752	1.37164136259518
-0.493648956776069	0.286481052548942
-1.26742868725529	0.83237741715856
-0.0302220006417659	0.0114252657074246
0.223282206815681	0.117202214611992
-1.7887885988639	1.22339092683707
0.901422613189378	0.551388248110506
-1.44600538339551	0.987678624486608
-1.46086768738063	0.974573412119054
0.851962786642943	0.742069805159359
-1.61557217290257	0.985061161044056
-0.881194779778646	0.547458967365757
0.676163756933966	0.346396938201785
-1.06435890371919	0.503476135520827
-0.0964448276872123	0.0340177875304735
-0.737343478948204	0.385133314122437
0.702912994600352	0.389998129930346
-1.41227277552652	0.799396679517834
0.592967000732477	0.348019624929758
-1.00083056935284	0.566382587742672
-1.11392945500324	0.670200781155517
-0.638462629034986	0.240626489251053
-1.20906706996652	0.600702460783411
-0.269093047111066	0.101294136308163
-0.241869883769564	0.0770838111994731
-2.83133823353176	0.934971127868472
1.28307970490307	0.689632570578246
-2.05650312187694	0.572642061324397
0.540850502388787	0.289149670019364
0.715391180931901	0.304164522917577
1.05765268374467	0.618940316368454
1.87492520164159	0.596544505245442
-0.095335539902063	0.0215346615173759
0.711243688433747	0.314278984990167
1.28423116141909	0.497010254740198
0.556225200898635	0.206487950932853
-0.625091968918146	0.233739873271655
-2.49348075277667	0.760631300990853
-2.05849704146216	0.555726647791374
-2.00890659613168	0.983704941099854
-2.05314601736911	0.57654870638546
-0.232787103490094	0.0708064205646363
-3.3297814604609	1.20159573453125
-0.0213717990211654	0.00835260475645962
-0.269961310460866	0.101631746431918
0.322688990359234	0.0958307659053989
0.0947257964779879	0.0313848112472855
-1.76235190824188	0.804750810334465
-2.04783485499909	0.571093548500225
-1.53974127702582	0.816148743246447
-1.70004930343637	1.11867061594931
-1.6066205440643	1.00650141034653
-0.389206052023881	0.185543337069812
-0.68256156976838	0.32203864924279
-1.3050122128081	0.678197834495274
-0.79405220028993	0.412170100386068
0.254455961155558	0.123123782830174
-0.501597732245717	0.254176080173294
0.0335235424723126	0.0169083815165971
0.550566764842067	0.334457732085882
-1.85767288480432	1.31829899111607
-0.570170825282746	0.381074144437613
-0.83107905876281	0.253159203624365
-1.06288323533221	0.466888301673556
-1.07381227391188	0.355463167451648
-0.402656397137611	0.187630848660935
1.46840992859062	1.08410837633604
1.10754843580004	0.835256085504789
0.136521857459425	0.0598462611291735
0.129412604422622	0.0502347085656913
0.30481517056333	0.105194400366054
-0.0946695662718368	0.0324906667858652
-1.08441877315854	0.642449080410728
-0.943786022074141	0.406327153081399
-0.603014522587102	0.375921796961817
1.0238332791786	0.527968594073496
-2.42579925696393	1.47653649891001
0.469671141233813	0.31718812549305
0.930709713803111	0.616701821932238
-2.13656682517831	1.6771467919798
-0.713233383375722	0.414422675021946
-0.241491994748631	0.12738967190413
-0.367937601421059	0.21326006183132
-0.413995904044387	0.172363919069318
-0.811012854469503	0.489711051339852
-1.44398468532311	0.783361227270734
-1.1196835202981	0.666514863322438
-0.789612491160744	0.317372759143179
0.126129315569651	0.0695198185838822
0.544159848585834	0.295309451140377
-0.272283213902539	0.119397194955175
0.0403292432763639	0.0200523020075237
0.130117724874635	0.0619035322290943
0.404652480392443	0.243961036518409
-1.07763056835217	0.363157385349633
1.26336695114368	0.885347616581409
-1.78301834115046	0.772497890061371
-0.236026981009603	0.13501827680174
-0.548870921349694	0.245661780544616
-0.629397621634765	0.236280207248123
-3.68343929226872	1.50245061428202
-0.405018235547736	0.163574423720278
0.283275860139389	0.108822267221537
-0.549434894865989	0.245481120005293
-0.0946694278353863	0.0324897850179703
0.306436589588846	0.110295766385158
-0.658758000449725	0.306798241289629
0.804353959667248	0.402160262309415
-0.623561304815685	0.234277836951613
1.61464667046859	0.902659612349309
0.705140639382348	0.306941296606773
0.545286400011961	0.127906532067442
0.0101575856162158	0.00282804364824852
0.743681786854231	0.22623674195837
0.744980507015802	0.227659325846765
-0.630997765620215	0.229401041107962
-3.33287391744538	1.19822953446063
0.883607807769177	0.32826870714667
-0.525823473591188	0.142192228149134
-0.241844219552331	0.0752485040642155
-1.07336765963707	0.358272920144905
-2.50108453829271	0.757473465243405
-0.457788503887853	0.157618482656744
0.0153648602419546	0.00414817620770069
-2.82455863670409	0.896736460929173
-1.43628137998949	1.06079997802607
0.151353409696853	0.0652848769540283
-1.62531187807187	0.682048441612908
0.553498324909003	0.197888219952536
-1.46604982785316	0.57649157592956
-0.794412513973216	0.313311360366623
-0.914711701994957	0.498647019140796
-1.89867581433323	0.908679611146278
-0.733262637095722	0.548928749727336
-1.30815767921928	0.692372543779691
0.823260064571262	0.647350808824692
0.0318198593554638	0.0167575874995719
-1.52246913638733	0.877172651848258
-0.631780545425326	0.229441886885997
-0.169008197598191	0.0872946335301506
0.141657052358773	0.0602918693867058
1.25764073506618	1.01690336916529
-0.445943426550732	0.22726958016493
0.763208010691455	0.650315988069385
0.282902267044205	0.127507230308686
-2.0445388398014	1.53738120747807
-1.69970816110226	1.08011599057274
-0.213313459348933	0.100065123745893
-0.0739290821057765	0.035459029349017
-0.0637615644304879	0.0351228462366927
0.13498493519912	0.0620606656430753
-1.00419588443325	0.576314557622303
-2.09259592917127	1.70805649709159
-0.421494746802153	0.234593551376585
-2.3333226997609	1.36528304982482
-0.887909250551436	0.554351391947561
0.428211857517782	0.287236260523
-1.43929933945215	0.991829566212517
-1.71360763533493	1.12456581752488
-0.0713529068209686	0.0363270274519008
-1.20372573525812	0.717308576221086
-1.40401401676832	0.769203149411581
-0.885166966779229	0.483231498274765
-0.920314860658214	0.550642198208949
-1.08503944558447	0.640506846041028
-0.320050444165624	0.155610363679011
-0.0926671023930211	0.0409927814120495
0.601822791838794	0.348674411063317
1.10698828240519	0.863975473966592
0.684468280528026	0.380706252107603
-0.786450612239156	0.320186939791434
-1.42314424751236	0.800706027059866
-0.172106741397282	0.0879899411341833
0.294054505237891	0.133996516411575
-1.1947121695313	0.602750568173961
0.286123882455746	0.115898821062859
0.851778482148356	0.466610768121807
-0.95778223690174	0.69302566820278
-0.0173371184586882	0.00674774555656684
-1.89741551896006	0.899920731656612
-0.151908533886055	0.0613408232656489
0.0871107873176635	0.0299308499331892
-1.45421686388904	0.568575438155638
2.70483549323043	1.01668215592958
0.327854367618469	0.0960907721742113
0.738355836787058	0.228487450174743
1.29548272616691	0.518673455471275
3.65262338895493	1.87036661789963
-1.08810382039827	0.366696523215772
-0.0956609260577928	0.0215971171731289
-2.05650312187694	0.572642061324397
-1.47267812930859	0.561643230655865
-3.10917902294542	1.03561947360895
-0.755591641808094	0.505075507125219
-1.05512648319124	0.485977566626928
0.73825647484511	0.432456095799123
1.25419128861306	0.912120765075981
-1.08287846657921	0.46426127290203
-0.782843792516683	0.390572624693209
-0.126047657898122	0.0712358179106579
0.266572812247639	0.129537397500914
-0.661255432931552	0.309951926257365
-0.771090793226589	0.530912416670159
-1.63025318090569	1.58558902256747
-0.442232251658776	0.15202597443553
0.518667821470846	0.266031286302223
-0.268738358179424	0.146482769701778
-0.565406996526267	0.323859556285458
-0.291386197693474	0.188876807820697
0.544179389910605	0.285136539361225
-0.402331891782012	0.210692635503952
-0.326753887659156	0.16437108404502
0.136615347577832	0.0510735468817045
-1.62092431297717	0.981466854746825
-0.0553906515196314	0.028720783322507
-0.147512641541414	0.0578257619448301
-0.28884345471998	0.151034407074393
0.687216265716227	0.38182993141067
-0.525142528729913	0.302467266005651
-1.20640157998407	0.748082132570141
0.528662891170997	0.318250227429122
-1.32209411748693	1.08928140115443
-0.593950398501066	0.367804353238168
-0.7506533307525	0.568159346969083
-1.0556022250976	0.851255713083236
-1.89568899915238	1.32498559838884
-0.415008608535269	0.231976894449584
-0.0771153670417202	0.0376560926713926
0.132338905980655	0.0632456445944328
0.0771040847020132	0.0263026902580727
-0.213357864297623	0.101881717922811
0.111659910619434	0.0620515259980389
1.51069779519812	1.03513003637287
-0.67226730351569	0.66373881205156
0.842097516230036	0.711226972213472
0.0914522165190819	0.0548696286575583
-1.53753625678878	0.82687340535278
0.723553466519156	0.437378147546072
0.616299825247586	0.294106920591611
0.290718892884154	0.11415162354076
-0.254722005095922	0.0960514692371244
-1.05997639414113	0.482528771538099
-0.373265608381195	0.253395323418642
-0.291471636698902	0.131974456258148
0.411048966279571	0.211386900645054
-0.222669998237815	0.104753822852086
-0.411674439571974	0.192629152682886
0.125796584806712	0.0540546840807442
-0.931293010083464	0.406047127765572
-0.0897681142336926	0.0306920202272768
1.30234689127824	0.503021605454108
-1.4704506390989	0.585241846290948
0.297678052340426	0.102554169243282
-0.0853235414033001	0.0297096867296714
-3.31219836079853	1.21229419336227
-3.10336310613868	1.07624884357692
-2.33868945179922	1.32632175617332
-0.672161977649507	0.424126629424315
0.364189732118515	0.228934046957243
-0.815049739451488	0.496916172511695
-0.873270512522659	0.552690712045972
-1.00355119842413	0.785038042652882
-1.40198601953371	0.77683995732367
-1.200394200889	0.608286755797561
-0.748279901641277	0.578162449656019
-0.904008828735983	0.575829806349419
0.611230198153169	0.440173560021502
-1.32071970980192	0.712949824498361
-0.683780369672418	0.322118194875496
-1.25627761613194	0.840888525440647
-0.454671956858599	0.27572699430528
-0.484564712968511	0.272125882531211
0.133657291971941	0.0589520389054441
-0.533927283571691	0.287964588220842
-0.36418050171282	0.213160799832264
1.08988353498915	0.835085404859917
1.63868753236091	1.3269462583494
-0.400396016023016	0.192641957914662
-2.8452542477926	2.15732264732218
-0.707790732237116	0.394408187977647
-0.320452235605951	0.164494611243097
-1.45839954324633	1.32353478340186
-1.63657256015506	0.670059640698413
0.0830454723583714	0.0468516802395772
-2.26791761440353	1.87564494227495
-1.79934517444536	1.24650531112582
-0.320813792499341	0.168233634606228
-1.3241633510064	1.00945117978641
-2.03503799883397	1.53596507448675
-0.30855203190445	0.155527911680441
0.358199631930216	0.200340992133654
-1.05548055982588	0.486683503947389
-1.89063525096958	0.880754349444336
-2.85840770688836	1.96933395161563
-0.50490672239377	0.291705157656472
-0.347319604904878	0.257953786208375
0.536624119824845	0.380790793077363
-0.586029687747128	0.348601505504767
-0.612024599711515	0.394338185085223
0.954788552247104	0.705782705455922
-0.1097997902341	0.0494382903835041
0.604033714744376	0.303429021325795
-0.346974786392615	0.216003498178002
-0.258772620515394	0.138917301500914
-0.323634577654884	0.157636013419068
-0.502043322807086	0.247404135128791
-0.894400098191763	0.481238788262433
-0.63748737917422	0.240134896217542
-0.0264414088721448	0.00990950322237824
-1.08787092225791	0.506511521715926
0.446805104115352	0.247044523678584
-0.0261056937357689	0.0100036575407087
0.0843762395160224	0.0286700407797936
0.32894420016729	0.0965259148221703
-2.50226013804269	0.743052864003894
-0.270801306361514	0.100305018716518
-0.0930212583066807	0.0212077808526859
-1.63317340244134	0.680846202707628
-0.796841306395664	0.386580648721852
-1.8961807215773	1.30967783911622
-0.933731514365621	0.405945738115588
-1.19055893399922	0.577512032002583
-0.507639052888594	0.258926804319408
-1.10422935534309	0.704251004251279
0.5898431891798	0.28031668909325
-0.974496054773503	0.649610449207564
-1.10372142568357	0.668876324714518
-0.796283472008667	0.476045256385649
-1.01303764156055	0.542771158580773
0.630984682200034	0.47510923957546
0.00962698743274129	0.00270396457970473
0.607405558209735	0.358799052271068
0.0819113981842857	0.0279790750871798
-0.908375328507359	0.811831160628387
0.334351559887597	0.251296805526576
0.40857357498071	0.23731092729435
-0.195133626231395	0.0896723798761587
-1.64650826604538	1.60996514933423
0.255803958448955	0.118685286296369
-0.525920974244224	0.265786634326408
0.605608705686851	0.426745541956026
0.75827247054979	0.453918736241222
-1.19750064155589	0.752013404248182
-2.12931937832745	1.1324887311834
-1.11353373949041	0.826106858682272
-0.964613297517039	0.743735734004433
-0.492402186787989	0.307666682659425
-1.49235704802524	1.38440015747905
-0.848186526189548	0.666587922651936
-0.315918375912446	0.195323679781601
-1.06030558326712	0.736976480129532
-1.8984702057528	0.904746284941955
-0.999549925079583	0.562313982427282
-1.44102632714648	1.0455906911969
-2.3459510811984	1.37972300485104
0.276411981558369	0.125115585924739
-0.438477069096921	0.270670211674322
-1.23615104510744	1.06799945124642
-1.89742456366904	0.920154818315901
0.015699866216595	0.0082819757228699
0.298822717749439	0.119969767101425
-0.626834550567756	0.512845206156643
1.29757273309666	0.687427538397518
-1.08279813825707	0.511211890940085
-0.521383602760366	0.265351865025614
-0.534591151539311	0.299117773030803
-1.63414403204292	0.975788218464729
0.378380727968364	0.189730004158974
0.584759276053353	0.397398629639279
0.754426727611502	0.47083348348357
0.277670695647269	0.125552506651251
0.133100392705089	0.0519527376995055
-1.46151628209258	0.569519963397941
-1.62887372834319	0.677811845876981
-0.831974893269606	0.252927992747765
-0.443771889503014	0.15296660626614
-2.35701622050475	1.34636768824537
-1.42448229795918	0.796864166400512
-1.85984120715083	1.2771811794661
0.255628595139839	0.126101307622298
-1.08089856281116	0.637337894769782
-2.32962471281548	1.36084036905465
-1.06056820146965	0.497761062574859
-0.0770260068287672	0.037301205966237
-3.84330002531454	1.62112171249132
0.329414764622806	0.0965032236713675
-0.260165094777625	0.140468775982967
0.521954041058921	0.268964072316089
-0.668412467540347	0.474924360926369
-0.838139318159361	0.467853048215413
-0.88993780907654	0.471931896650683
0.340359429248668	0.197219991091243
1.28215677163159	0.839319618356825
0.528426695499928	0.281491482635693
-0.415768394830266	0.213037955675842
0.151467931301828	0.0636806712263083
-0.207042496034396	0.115979669330058
0.286443196749891	0.127805820003544
-0.888790691155171	0.568381895244442
-1.06934454194183	0.661831092747808
0.708844455908073	0.386955488937959
-1.85470466920133	1.30096482098408
0.854916012640963	0.490324832743967
-1.9117224770661	0.877386149569312
-0.401916874900227	0.188870791416987
-2.17817208196742	1.81745529855158
-0.404065172208944	0.168930232356126
-0.428688083682248	0.232056228054756
0.442945556769696	0.210404050686327
-2.35447652822028	1.32177916909638
-0.0651703212216462	0.0309979480412174
0.967550194891306	0.724919966652816
0.200541841813803	0.121362933350238
0.00520728220529709	0.0027632577744981
-0.331065890951773	0.18606571768416
0.443187965158223	0.304833082434862
0.524418431491018	0.274841764024366
0.119882234952588	0.0471545798360466
-0.258632930159557	0.0990366247828828
-0.267436985334726	0.100734842841713
0.0168516567538235	0.00436024888284146
-0.454494286601379	0.272798715294315
-1.75641260070291	0.791990598598698
-0.994582577166261	0.637574752619982
0.875998721411819	0.487264366117246
-2.98007215354385	2.41489445711378
-2.36031991634197	1.35281168368573
-1.29718756973633	0.454466819343313
-0.506416676730469	0.289439922017256
-1.69458161852238	1.10942610214223
0.42920499881983	0.25534734333864
-0.157798687802464	0.0651740614110214
0.264147461556879	0.129185890997101
-0.674769936605743	0.313738139379282
-0.405433013124723	0.19261014200445
0.332569815641308	0.192821872680884
0.914795471470845	0.586982342463193
0.538245071822212	0.325725608127845
-0.975143617372454	0.748443673926007
-1.29329832890424	0.671590807948599
-0.480887731113744	0.27370103321058
0.0445704652143039	0.0235209525240176
-0.440980289104207	0.268780940817952
0.0411646658727531	0.0214211824376093
-0.0856719882690946	0.041939535512042
0.131350493955862	0.0568668625051687
-1.81729474251951	1.95141844448262
-1.90317578209905	0.883373025654346
-0.260428886927044	0.142141703309074
-0.673255518822736	0.32262412907717
0.527456451404959	0.278810156568921
0.372973469896099	0.183931254000217
0.858979156441997	0.813918308758247
-0.114753772859168	0.0505162062457509
-0.323794495654757	0.168026216776611
-0.73801067191786	0.416180535072302
-0.214210901528487	0.100155273208464
-0.502145151156625	0.249519256425813
-0.430323281198243	0.204908960402702
-0.311237666159964	0.135268653256407
0.873660036084572	0.488423284315879
-0.713273349620219	0.412879083280034
-1.19338211419086	0.606157491911293
-0.676480753218088	0.327080508805612
0.748902090421542	0.454900806252154
0.437786568339792	0.21166006324297
-1.63499026628259	0.993876569851584
-0.927420934278656	0.402051199274247
-0.622196360840249	0.229759915684022
-0.547741748583435	0.243717539149531
-0.559363544099491	0.250859246619756
-0.414773682846936	0.210643333484763
1.06604762254901	0.62316430830229
-0.597212340206982	0.447764561897723
-0.0609685215837585	0.0328161317053328
0.0958174175944934	0.0302865635285271
0.00307495523272254	0.00148241247951876
-1.66736499978437	1.41726932087872
-2.32380709376333	1.34889546180351
-0.059655156853535	0.0283720231832634
-2.12170924843116	1.10544392188825
0.0222395085381584	0.0105457481345417
0.0317535793384399	0.0145300924295602
-0.174252177639198	0.0889226068952488
-1.92655579723916	1.39697840007944
-1.13654724751795	0.811421514557532
-0.126324399582686	0.0666154215912791
0.0521405235416165	0.025664648190233
0.898389374056066	0.582751628868885
-1.36481074895347	0.935646135806534
-0.794987354095066	0.307766404472813
-0.657190603490182	0.304182537242974
0.601788259993051	0.35576176087569
-0.783481770943218	0.40599752703612
1.46608080317412	1.08248792107794
0.374681192820455	0.183962945627412
-0.162884216782449	0.0818861803327406
-0.299748195850265	0.15095457146161
-1.04305883326536	0.712626873240891
0.086486422421415	0.0297508878883591
0.734850175934365	0.435112169202112
0.0880585559789285	0.029952623189587
-0.556458288753982	0.245378649701651
-0.387627397326158	0.176679913181953
-0.739840784533466	0.371237753653143
-0.314432186058987	0.205626345785509
-2.77893673916426	1.99420053423965
0.284661297235113	0.167935670480785
0.137284958763162	0.0527187160688496
-4.19185760425074	1.96428714600576
-0.267113303691497	0.0988078505976832
0.0260695690265606	0.0119171568516144
0.906340613113563	0.571841823501218
-0.0224995705410404	0.00868646951313192
0.271339393977265	0.164012387790606
-0.0855519609062385	0.0395171195290858
-0.0465631614177958	0.023398825810297
-0.0980741961163395	0.0434608842862586
-0.153422865252824	0.0634720087005341
-1.20243182847268	0.746168603828535
-0.232528720454785	0.143927735852309
-0.407804288232798	0.170479425377121
-0.0864966061704562	0.04061813187866
-0.927853882103122	0.406350556748386
-1.69033458571199	1.07848366053066
-1.86285851050438	1.3178622832437
-0.218224347652073	0.123043329148866
-0.724184381362202	0.562896710735107
-1.37213098160639	0.985662266318585
0.440673830357782	0.202698422129765
0.131124409924717	0.0559400673381221
-1.19903696731617	0.754709457747608
-0.304318207538642	0.203827674966142
0.913174299776382	0.620661733606876
0.7550645874441	0.45905955686606
-0.629925133498927	0.34270015727196
0.136396280642525	0.0516160099693575
1.05728420660802	1.11664342467839
-0.658470682199024	0.463964007772347
0.289865951131501	0.175603365153477
-0.404320905777289	0.196440324795661
0.970522759471697	0.422276991206445
0.936910371263867	0.677830882329305
-1.30159339964098	0.697442110999837
0.0618442880346099	0.0291209582246415
-0.408530504236292	0.169861242196501
-1.11910156898011	0.668212092095714
-1.31076108526645	0.698076514815499
-0.510388893342797	0.261461833111669
-1.58794498870218	1.26476678422401
-0.489411133294774	0.28232542043054
-0.158054538815934	0.0659217816681271
-1.0205528210915	0.557490741779684
0.158736901051769	0.0746870567788027
0.485461176524135	0.27637430334231
-0.615779168388619	0.324499378748659
0.255424546315396	0.127169563268636
-0.672825229188299	0.428549320231117
-3.81884519419511	1.60019183898405
1.46870174594296	1.04135026992784
-0.623267243107903	0.235097818840234
0.791464155326717	0.52381723503284
-0.529335591996391	0.272346266220378
-1.3381704009746	0.858639719281556
-1.86974016352452	1.34174354169724
0.0288504265686572	0.0133578025289665
-0.415258002056421	0.166211727747127
-0.407116849261514	0.194834458243637
-1.08944596175204	0.67324271948679
0.145562798867469	0.0759643361773274
-0.0596994870353883	0.0288604694891187
0.20241366544319	0.110544877166773
-1.22030647349986	0.948620997653688
-0.457989888776572	0.314442267024026
-0.42399729839942	0.228091426840981
-0.156960858784038	0.064606420515424
-0.270352430612748	0.144891959403289
0.0226191273066942	0.0103461667399667
-0.744232820609375	0.435305204560731
-1.19706315140024	0.780911509890195
0.274592842257685	0.124882908445157
0.205410494941909	0.114279400705827
-0.192716684263967	0.0943068346250313
-0.893258900792137	0.573665187778787
-0.404501522554603	0.218940186272792
-0.215284328106498	0.102548858297737
-1.01429863501304	0.576029795373422
-0.990303698562854	0.574268832503804
-0.963808876572731	0.601744222895732
-1.77540647614592	1.20711884533634
0.368240158919199	0.204577318165389
-0.40862111846693	0.171370823940697
1.09099658621168	0.698945910655032
-0.55996063812431	0.247689431305733
-1.41326645137992	0.799363731043532
-0.335655474053292	0.187147229416138
0.477396434682115	0.309133611020511
-0.512171507315133	0.255071029562273
-0.148162046065313	0.0838912095804106
-0.402029156459102	0.163534801317597
-1.08740024892375	0.669644276103185
-1.13932475305326	0.883156415955558
0.120206428685855	0.0515391029041009
-0.678209791191577	0.428668268214743
-1.410220388863	0.78618977219879
-0.900813220326291	0.501439654458681
-2.12223223831325	1.09345573000645
-0.18874966140471	0.0935739325925343
0.00910628931893799	0.00474095869310239
-1.10241451005611	0.657297124780709
-0.599177147453475	0.366023534438337
0.150138727018307	0.0646383418615893
-1.8513914418641	1.24403354012499
-1.69098647741444	1.32485161497804
1.20554519157651	1.15662766921742
-1.4131004617232	0.803908662786388
-1.02235413231968	0.57247118399382
0.829291531814884	0.651452696720752
-1.07107736096305	0.509541735564946
1.09444612778327	0.754059228144452
0.630690193986979	0.50184972831737
0.239252734394358	0.129142750244896
0.655580318111947	0.405367597270704
1.38746482707804	0.438324100518707
0.866674993242497	0.490145961606184
0.86967394210376	0.319722900244165
-0.689884964923738	0.440889983365272
0.337217549029138	0.178447544564588
-0.152425829158027	0.0610122460963897
-1.46072179099803	0.569441162943915
-0.789518088114086	0.321225627774288
-1.33610623870096	0.899619322951658
-0.618509531912325	0.231235236591132
-0.804329116777524	0.470065624268268
-1.01786677154138	0.618590260195923
-0.618149464948051	0.230462602270126
-0.92572053820773	0.404668060685216
-0.786291178936062	0.309661068603258
0.270372315026551	0.119578999062652
-1.59718977576073	0.97791225551602
-0.572135291907412	0.248578938956039
-0.30818254810863	0.159337698268607
-0.115458979598117	0.0597547693870344
-1.29035406233465	0.462520061430364
0.40538460317615	0.198891835710854
-0.46760706050529	0.264963064076655
-1.46891141044784	0.575655903962986
0.0519489101408551	0.0269069027443496
-1.64348641661448	1.35338325785205
0.856599341782546	0.710605510277958
-0.549434894865989	0.245481120005293
-2.01739845386468	1.00938134953937
-0.440869312508588	0.22844799501061
-0.167438728658459	0.106637008370321
-1.30605068751043	1.25924176307516
-1.89815158745843	1.73588890194437
-0.438833896935274	0.150031893346032
-1.08331563780439	0.628612615089973
-2.34329617259284	1.26809237520019
-0.667271388007477	0.302401267150435
0.296058486173585	0.103307360389691
0.649029384977076	0.502474268771204
-0.963097963765947	0.618270411313683
0.59730400115352	0.345688093048032
0.94514711904785	0.735126392390409
1.18659108085964	1.24722694517584
-0.299917966349279	0.17874603571021
0.119163838149389	0.0469597436303062
-0.0899157574385562	0.0308832192885625
1.29203241454167	0.802715246307432
-0.0855345730707877	0.0287785745990998
-0.329894305778588	0.168430749929992
-1.46561602821067	0.580295799109019
-1.42513237391929	0.790844625983431
-0.234237814546001	0.0720724014290577
-0.255131687400916	0.0980469057633689
-1.1834243047798	0.560957075501384
-0.246354184717896	0.0726051312550479
-0.332985091114131	0.162617218984723
-0.161703295763132	0.0667103097848266
-0.792444256877677	0.411714519028406
-0.357841829212424	0.203499606240762
0.287940033912662	0.127873430393114
0.312380518764378	0.109188278046217
0.291800952950422	0.131143648809037
0.282107171353768	0.124897939207951
0.0252450260347395	0.0100383559255001
-1.08573834360983	0.659608335004728
0.165059429354388	0.0857774689847929
-0.0920822511388798	0.0327756274216671
0.457795164497749	0.29056567112312
-2.1324670356252	1.14425689301777
0.399885014463343	0.210449625879107
-4.7571270180973	2.81638192388091
-1.03098918334996	0.57848975013298
0.512958426183064	0.266300972453763
-1.30709533949463	0.646825495573774
-0.900659164548135	0.47643417128599
0.0839084781290804	0.0278892377897464
-0.634337260872414	0.241994380044998
0.695312857313266	0.373200088733171
0.387915401136339	0.227026573713743
0.705143211121904	0.314964144094488
0.346358025061178	0.185183256833935
-0.020089308763569	0.00777060964581412
0.687068532695213	0.370985539597285
-0.160438099518616	0.0670798841896364
0.495024911305628	0.28205084990886
-4.49618995591888	2.3993097832211
-0.756771834053955	0.498748328393782
3.66315447599093	1.85683510695533
-0.243044019960838	0.0893231424277349
-0.263246549160467	0.0987226493621665
-4.09394996992585	1.80755724999322
0.0349227005309589	0.0184171849345903
-1.62082950375994	0.68624939881294
-2.76982239566203	1.98495921756253
-1.17564341692991	0.859983438690407
-1.31088606526407	0.677909789509463
0.549133290230799	0.28442447009643
-0.430724107721245	0.200876831926409
1.27770718217885	0.913635252725411
0.302284702452299	0.176850148167642
0.230246761308241	0.122142572757825
1.10550845776935	0.777401226866354
0.423115167461525	0.195232554189571
-1.87943288508484	1.32550692023978
0.147380751935872	0.0692928835374694
-0.517610258640721	0.298857746140107
-1.53260056402619	0.924561676450345
-1.50177917534417	1.15782975487873
-1.77605571343242	0.777381623623545
-4.52614826521095	2.42889219501364
-0.340430157542418	0.171683863705621
-0.96968628555171	0.757286486886113
0.744877075276281	0.466802270981099
-0.764798988585804	0.514581386001994
0.691975360719426	0.487320306518994
-0.810417895319998	0.497907138910358
0.235640799543894	0.134484382775317
0.950096632737748	0.69284929433351
-0.67934740911678	0.442027288012096
0.25352224224119	0.123986382178681
0.146290378195242	0.0698327788758748
-0.515122690827173	0.270855254775159
-4.32552464425499	2.09607036945287
-0.235945787545621	0.109284953280462
-3.82689367664474	1.60034089876055
0.23289334957629	0.117008910610271
-0.882173884110743	0.458746160776612
-2.02320681632392	0.998697074012584
-0.142484690717773	0.0581631784059726
0.286913493040839	0.125590343603084
1.03194211682576	0.514604252583928
-4.21958619831898	1.96851421252069
0.123286047320075	0.0611146255647058
1.0618830407997	0.593969138119926
-0.611862341787952	0.430766311089664
0.0832848093211071	0.0282783961958145
-0.253160261831047	0.130768916337926
-0.404981334882285	0.216530376257517
-0.0718955699575952	0.039442198456417
-0.894945109020066	0.493319519213309
-0.517754989638643	0.26439546692054
-1.081355664689	0.4930315280617
0.137738342511847	0.07005435473207
-0.419400580570172	0.187554699745442
-0.927813203566376	0.398607900467113
-0.671099254849588	0.3212740362595
0.134551336782001	0.0506771718348531
-0.0185622425211342	0.00713106687951898
-1.32682157160412	1.12219117162869
-0.510376622332933	0.293366401717293
-1.33596637140773	0.894806482362522
-0.0740895018355295	0.0350826776646606
-1.43334938197074	1.05377674888519
-0.41638644669199	0.232879109230399
-1.11773150768039	0.630779415788964
-0.547907517862039	0.242492040382948
-0.123409908399881	0.0547613254641062
-0.9145699747314	0.57498198644102
-1.30636370464474	0.644188730880238
-0.512804277260783	0.264031261104364
-1.68616174559949	1.39857182631313
0.365672181191072	0.223116224734166
-0.413581758523431	0.215366018096367
-0.70394868513223	0.433370394521151
-0.507313763774217	0.259329684112714
-1.50906573845464	0.889050399747609
-0.597875387865394	0.439186582784114
-0.28235719201656	0.12252283404928
-0.346719403272599	0.197257700161999
-0.161969654202241	0.0678909168789632
-0.967622303945404	0.661810406618294
-1.06616517894912	0.747665104122227
-1.98710482089491	1.45356755299155
-0.432917471417161	0.268469966072744
-0.0328153473349447	0.0202984457940648
-0.0294722454494946	0.0157193599760132
0.789591045323835	0.530347882689741
0.32995630591587	0.221042120767462
-0.611061126078676	0.538767538425216
-0.643380601220636	0.343786322007727
-0.585044531509593	0.342799284158775
-0.0562393623698398	0.0287607534298424
-1.61144525710837	0.667911252717994
-0.06621581831593	0.0338053658671438
-0.405974629396242	0.194009707026719
-0.791506732859526	0.457798138646225
-1.39677477804009	1.16901934904401
0.692454584118933	0.300723132001138
0.388899573785418	0.198773711441266
-0.276966353542449	0.120012981671193
-0.417074950912636	0.189951020068163
1.28452025350791	0.882911794310498
-1.43821829017679	1.01957750331459
-1.30664474019232	0.670321685140447
-2.24047333817519	1.24338114980008
0.011776052614336	0.00641044133982565
-0.282428983693129	0.121943878162219
0.139372279843117	0.0603280380236277
-2.67134121083722	1.79543743539115
-0.182645048433767	0.0954879600032163
-0.255829568258952	0.0962036548809724
-0.71709894659336	0.420401167355774
0.387426539414277	0.25269269036801
0.373614907829741	0.249650385339305
-0.39106028936451	0.217836650827109
0.125798189198808	0.080666455560595
-0.53717769240237	0.260627097545902
-0.991378891773725	0.697530793968049
-0.2778245135067	0.153021516847726
-0.542592394875136	0.234203045448932
-0.593803256798411	0.36491514870331
-0.978718035102463	0.758811875270419
0.111074832034705	0.0545459555253688
0.924568342409807	0.648411015139301
-0.722258474848579	0.573213070332532
0.230712193542351	0.130440014983734
0.870880158755558	0.503680400050897
-0.690510888469607	0.44434990505844
0.0119090212318904	0.00497407048626626
-1.41789334869634	0.778717631328587
-0.794538274452188	0.384042821463233
-0.706618546180467	0.407800462447043
-1.18264386867363	0.587943468349929
-0.0918984209714111	0.0392459414935328
-1.70646208815757	1.08912678088475
1.07879759629554	0.678179938230976
-0.687905590728378	0.444702396498393
-1.66299931167648	1.24569122369303
0.0163201839479699	0.00897814546218886
-0.670306687963144	0.478046487014289
0.130216502911791	0.0603383550910423
-0.725973418040509	0.385626080827359
-2.77329728068121	1.94882353659617
0.270714419209821	0.192820025457517
-1.14530437962536	1.0048459484062
-0.578828630630116	0.349215490619248
0.19373541266053	0.104682305310724
0.148038230293188	0.0906998973557573
-0.54830653910814	0.245089358770604
-0.0516141699691091	0.0253916755237199
0.140026220507753	0.0624943847623195
-0.626792390215749	0.479002339068522
-0.942854758443607	0.399615081362849
-0.3349003343759	0.173079539610348
-0.934021920635895	0.408412252609186
-1.51237661805504	0.884886915187709
-1.46113979194988	0.562924130647427
0.607419627613484	0.297468828664623
-0.512217118658217	0.237855270869397
-0.0971239428783341	0.0343345814651862
0.354914669613344	0.170235665368603
-1.27861978447002	0.847124237387111
-1.20019898914028	0.603418262457332
-0.566556933997117	0.249227657907432
-0.129996321700515	0.0803166842602648
-0.0866514273497388	0.0299063091768657
0.452361974405837	0.29495127576354
0.906286444635616	0.616276932007155
-0.491617159913709	0.271682095438969
-0.974743334913267	0.661051291030455
-0.74350252057102	0.492605867241763
-1.51748283520762	1.15676386922043
-1.01548482249123	0.57715379877037
-0.415255995380593	0.172463918773617
0.212360080184147	0.122373585964141
-0.66697426097092	0.318297210659619
-0.0317576453551401	0.0120359578576308
0.713585971715274	0.312928731392991
-0.738832075832692	0.424886419958562
0.284592103287101	0.175296319250432
-0.799196109064098	0.483556156565938
-0.150680266597777	0.0623882500537606
-0.934987173612257	0.410083689985764
-0.553628560665189	0.245606495515923
-0.672432425807837	0.31751632622507
0.325117911102895	0.0916937982959865
-1.78516071134974	0.796033235241865
-2.01830938343421	0.976172777122935
-1.08147998671592	0.360679861491602
-0.652166326679515	0.352475513841988
-0.782416221285588	0.318997314687106
0.287214160189458	0.109742287288617
-0.548183631302376	0.350609254545801
0.279158268410553	0.122598083998934
-1.3310291296718	0.70621126350368
-0.0162363950070805	0.00640557812592129
-0.452954111764421	0.150978060173914
-0.248671398635396	0.0933894020363419
0.0425143647424585	0.0207435936112157
-1.20812408433649	0.571629727431007
0.441008254561666	0.207651518087483
0.759534399477137	0.466833918721174
0.694715206340028	0.374188009651182
-0.0974442601123043	0.0429885213151157
-1.41588372160251	0.77310248890828
-0.419900904713344	0.173488198636388
-0.786437075753265	0.319489369171168
-1.54417320850416	0.913721117932247
-0.425851815346785	0.196474242645919
-0.68996523496442	0.326634983264678
-0.600533469079359	0.318520188828714
-0.432815306434446	0.226682822322991
-0.624270469922387	0.348298033043209
-0.509647713281711	0.301918415591222
-0.42796861695064	0.237317667518821
-1.36094883145778	0.932617612836214
0.538209074948983	0.409608098244682
-0.452602556681441	0.309933521077685
-0.139467907180488	0.0551909383033077
-0.418380022594493	0.273250644498308
0.911373812842561	0.567658953905975
-0.504714945392913	0.25815333141518
-0.271687943130918	0.11745713286231
-0.231046797200645	0.112313942352147
0.94486356502254	0.658318451311317
0.477936534250457	0.320526202807045
-0.0405354682696391	0.0219510448620205
1.97383566963804	1.55703257078561
-0.190642369751608	0.114422786564766
-1.40363455350046	0.777118003680813
-3.83602196189371	1.6056108106756
-0.525809835486896	0.34377957484042
-0.151505803290013	0.0642696201537733
-0.229236840920787	0.0696713583544589
-0.0112267874972405	0.00652477482278788
-0.281279632365484	0.125609589700533
-0.10485680264888	0.0352107978402214
1.56455176875635	1.39362780869677
0.339364565049115	0.201130838664529
0.0242540702373232	0.00978321497689107
0.0877985680194521	0.0493274283947906
-1.33563438623376	0.693160843891419
0.0121409054686048	0.00508833097908522
0.308098375799378	0.168266587293463
0.740527520773532	0.452053447740043
-0.342103559051321	0.198619083057948
-0.971654424208745	0.835765140809182
-0.848217014241975	0.593429893700454
-1.03864563188998	0.725009217757245
-0.20774105015018	0.0985603291937969
-0.324256449325853	0.166627163209458
-0.320751392459541	0.162319516272714
-0.933071618812294	0.417319819505609
-1.97738295865615	1.35870150814657
-0.102595412856513	0.0467282439368494
-0.836254702324276	0.701547313980506
0.625553262909014	0.460978315506081
0.819710029379648	0.702239420299131
0.594262155532034	0.34796149446455
-0.434419372739902	0.232615495417364
-0.827123469762781	0.588637648906511
-1.19147533408347	0.74618263618127
-0.753135685932625	0.642854082398622
-0.0746505300716358	0.0350430602438447
1.40756702819855	1.23334950346228
-0.112992655102568	0.0636473119359368
-0.22619091720223	0.126701028954034
0.00359491623515298	0.00234649641487078
-0.60639629542267	0.385535006377631
-0.199731137530813	0.120892739015125
0.180098595353222	0.107139990993362
-0.0627532113720407	0.0288815577313382
-0.049807216182777	0.0268646692028556
0.237571524260467	0.152139794324556
0.949376692963251	0.930658244562854
0.69161963434542	0.375349872859544
0.328885859206184	0.252200180869478
-0.230853920967307	0.13114263532189
-0.290035014022153	0.189583906104034
-0.526731721288902	0.290628653456319
-0.311472019718015	0.187428367007319
0.0626278510944665	0.0324303997285879
-0.53237735814664	0.302988602538116
-0.0132621154435389	0.00778128449851644
-0.0380931246729524	0.0194168780061843
0.408439112899828	0.284646657100157
-0.108553214798363	0.0575172383108512
-0.182061326121538	0.0910692596823953
-0.763027301172896	0.52708059161487
-0.702786394875772	0.311510174222391
0.251822130629294	0.123958313121879
-0.562346574070995	0.249485815851031
-0.396925999205488	0.269798315825577
-0.365705875773815	0.216526415863901
0.397341939588967	0.199971269468543
-1.52710560353685	0.899237251257764
-0.110458565492968	0.0495701067251655
0.0305366564577694	0.0135188908547965
-0.0946689805416868	0.0323387041083185
-0.214143862263918	0.0996768846113097
1.58436352169769	1.38863869464997
0.272241585130416	0.121201221149114
-1.31891284437264	0.68600347892814
-0.446723914319933	0.272175301723391
-0.0109776361673611	0.00443555541242903
-0.403337359909044	0.192262685727683
-0.198935287571213	0.101943580281824
-0.622506881780665	0.330368094145506
1.08283797977167	0.755336918752314
-0.209092676842809	0.0992595909030526
0.303660885014473	0.127019226177578
-1.0324481977981	0.509400468998833
-0.900685565277165	0.580886072375802
0.651966772804207	0.41315276213441
-0.791911871503761	0.32610867113537
0.244619136745925	0.122508472149116
-0.33202151133635	0.170650618723211
-0.51412428367708	0.290281631357685
-1.60909533729382	0.999757279965053
-0.323438150565949	0.164996482449974
0.312980079377786	0.183020433201723
-0.129068141014225	0.0744831356888182
0.0513865958140906	0.0248236446342181
-0.512543597857487	0.304676667146925
0.264348822211451	0.127306930609352
0.781414035678934	0.493241489775092
-0.16739880044692	0.0691126120927856
-0.0055725558386145	0.00185350946250508
-0.228324802901853	0.106391104450283
-0.986130413122622	0.52585550099715
-0.729373220837588	0.423454485484792
0.479952834958981	0.201542318016121
-0.402354780717062	0.167779581987783
0.284225229190552	0.114264894614459
-1.20623972059538	0.60970307828525
0.719452058998133	0.312752565949883
1.06868918738517	0.679732892160457
1.50326077840126	1.02143771875679
0.149917331468093	0.0650255099400379
-1.31235897035435	0.67191025792949
-1.21203616584179	0.577574948245407
-0.15152312772316	0.0627019605696572
-0.0407352901626363	0.0207975673506402
-1.17813229122925	0.721944780403709
-0.421716862875239	0.230423473192563
-0.242465603571327	0.138356527922165
-1.88907590532367	0.867835719794349
0.459576399611591	0.26151491749038
0.154815178034902	0.0973850722288459
-0.164989740045386	0.0674729856857362
-0.429050404234086	0.255282645622911
-0.900132551232689	0.479822296447551
-0.216701865378242	0.123500029978387
-0.69777422534846	0.449902833556819
-0.806403878040325	0.406871077758336
-0.131905342774513	0.0717084923757259
-0.119764857466701	0.067637136361855
-0.158490941945616	0.0666741562809627
0.120563771933454	0.0702308383572182
-0.684222623608822	0.438978977086776
-1.19173256323615	0.593301754557565
-0.536434380504748	0.259008273649703
-0.163604904283597	0.0942008979279666
-0.313631020852442	0.196212908697205
-0.257391098769673	0.0980582295131171
-1.03763097551541	0.802417967683473
0.215093521613697	0.107626804884749
-0.253697745354082	0.0940562836533492
-0.121892800336195	0.0533197010739955
-2.09544454749425	1.67841655724776
-1.04914329931466	0.743179714374234
-0.759694200055834	0.482015755070074
-0.98912710144328	0.670294185031399
-0.0678593053084359	0.0322496085041591
1.28019731496691	0.746308456222313
-0.413657006257263	0.216130344597757
-0.559227770009211	0.248837204681293
0.120304368380785	0.0458378595818884
-0.606707777828004	0.329138991879659
-0.902468856496995	0.494551177399616
-0.31354272797513	0.156467052100341
-0.415157966481686	0.194323593968272
-0.185894820490696	0.110094255349721
0.193013367639347	0.112274204394258
-0.826960545012448	0.548893509547071
-0.810032214051781	0.414746796305295
-1.31001989878634	0.707586163662941
0.851186203798296	0.475865503603661
-0.0246283724943813	0.00938031409215177
0.306587613177243	0.104327704725898
-1.50763648030908	0.878121298888806
-0.913591095376322	0.759218884048494
0.488012850590141	0.377801019588927
-1.13181727074483	0.846207749406067
-0.428376008194523	0.26622177391053
