x	y
1.77379225783105	1.21670971677042
1.29713306801487	0.661737496917179
1.08033573765016	0.763629993359718
0.608650131048971	0.359314365536762
0.943035549419823	0.659739157634242
0.413943652206737	0.329778882768955
0.51955738391576	0.273650645317429
1.59934980734004	0.880187603840334
1.8475995767275	1.5163296727603
0.951103056178041	0.678445191074326
1.25113882039605	0.81097672007828
0.132677501720761	0.052267544931408
-1.76235190824188	0.804750810334465
1.70062543644366	1.29347548548861
1.07233974111651	0.697554299497197
0.905488446235456	0.57760362948506
0.779322957983998	0.512435948901197
1.7653284106249	1.92594352291225
0.980406689144711	0.844294867057726
0.2850876858945	0.177151370696185
0.875513731531167	0.314036802190933
-0.199476499245083	0.0781998117026446
0.642908039609681	0.490855954786611
1.30578218042542	1.78602080882749
1.48492879766384	1.49325939171055
0.783493276971156	0.524943446439239
1.80714649895394	1.8429649796981
-0.401622449543215	0.197345360432232
1.07239129369905	0.813886962361776
0.492035275475394	0.329664347895545
0.844823849784534	0.668109389504647
0.257303484509858	0.127829264619072
0.808647610318882	0.406062799796112
0.109652903611387	0.0498781374383767
0.418958607513012	0.25453913608699
0.958629157499041	0.772844333366436
1.42123964172857	1.15030174217446
1.54043396296402	1.7222477247897
1.10274776845749	0.861213893792157
1.27552637917502	0.783726535512653
0.659382029184836	0.578857659418005
1.47126598682078	1.44787692872329
1.25436916989158	0.889850534996291
-0.534362265133123	0.300547126575227
0.846736788095641	0.8371936420049
0.200275244578639	0.120025280565173
1.09008292634312	1.03068041397591
1.07106474294412	1.06796935497054
1.56090459948802	1.36117313413415
1.25014005930044	0.980579805989646
0.697333208416102	0.37986867594396
1.15227883524351	1.25023865744127
0.334449063838461	0.189909014565569
1.46530567131035	1.09197093247821
1.3664567806292	1.32457093542276
0.880350343626545	0.995661904502402
0.521292185086755	0.393075453061697
-0.293895755536412	0.207189150101772
-0.146752094179097	0.0808158488635882
0.834585224802889	0.705382122789316
1.39239065746831	1.12818660751989
1.25909169826297	0.991367061170264
0.950038411706443	0.87112497356498
1.54995296125836	1.77655000175269
0.497458130537254	0.451386984949992
0.743715244638521	0.62068932430537
0.261199182778943	0.162700378996352
0.671535171110462	0.453964979000345
-0.664729619564334	0.31093162276923
0.693404537541027	0.594454601856221
0.477597635927562	0.382506670947854
1.80013804131297	2.46649826264247
0.293113541154946	0.186629539435642
0.561367661461708	0.358632794154607
-0.336855449955848	0.205629900043647
0.525636502094934	0.540419583809475
-0.130200950477454	0.0864254094210891
1.71273526157658	2.17106258121863
1.53406679980932	1.73795472641369
1.28682689087625	0.860899973612911
1.29024409108281	0.688088168837653
2.33624192057672	1.46134561210549
1.06027377439137	0.679464035877704
0.522511722178925	0.267181412324352
1.43123067194879	1.1509607267529
0.465177948432466	0.26401448841019
1.26396179395232	0.927456356513645
0.469685028549728	0.266553347577302
0.59883209474474	0.288038790405351
1.27781198265606	0.910730751104422
1.59920854711401	0.868201842958426
-0.686142529052755	0.452279538863382
0.331059341247749	0.0965806007825434
0.267814264215584	0.132406850770409
0.739566567307389	0.454870168388226
-0.0544362430655405	0.0299434144958961
1.25429367823682	0.990915539295685
0.575105441970162	0.327769462641974
1.24172971847545	0.987009648876029
0.737428379100275	0.446492319562536
1.0864845222896	0.792696156086111
1.68645383373111	1.26634232039625
3.31404808079764	3.27371419845973
1.18474060744839	1.21307075208312
1.5577985166673	1.75485656716589
0.202352657581755	0.120591630666556
0.389090747091276	0.20492382159291
0.465256852858965	0.260998159276938
1.01336293356711	0.519710250134233
0.645814290025785	0.547926050351082
0.858408460258355	0.727692258059845
0.135439624317909	0.0690342038608487
0.805732509256712	0.536698060144353
0.657198018225439	0.418742900130294
-0.511153848582056	0.291397913206442
0.384915659896213	0.239445361650038
0.811681704751899	0.921081854481512
1.01716555180509	1.17311969441969
0.736021408145724	0.759258845408116
1.24940374794379	1.36773699537825
1.21520184230207	1.15933626561697
0.96917895575285	0.420160609344253
0.703736103190622	0.384522208771865
1.86572496894985	1.60747564006501
1.37344325520017	1.27048951797348
2.02426046328811	1.87068765710775
1.4972011060185	1.04085461105678
-0.152060165852168	0.0818991313913568
-0.380964713258364	0.24131187425778
0.592021598048341	0.279530943822067
1.21600631350156	1.09850315771365
-0.508363322853955	0.254525965705781
0.749884970609556	0.470103584332398
0.132857998171594	0.0673249659235135
0.345447167015599	0.187016321688755
0.705090742467189	0.527282677129286
0.384206007151368	0.245916536228882
1.05292414861061	1.08238622468502
0.278380498390197	0.171242463872626
-0.386709485755859	0.259575222229221
1.77525854644555	1.58937465791455
0.664400899488102	0.728346167631967
0.243291117991638	0.160580535531506
1.49741434589888	1.7011161235608
1.26894484476631	0.842499506735873
1.27266119907198	0.836120472237026
1.749805326488	1.87090585523004
1.78483165864465	1.61874180287981
1.69567032538796	1.29795374604965
1.2712020021798	0.922234328652415
-0.250945582098545	0.117150500716669
0.0295027733407584	0.014582189633506
1.8026977555395	1.83938929358976
1.60656649158355	1.69961868464094
0.86190447780479	0.487117972699679
1.50925248938661	1.4080719149365
1.26970698850814	0.875204810418896
0.649407448585381	0.548471093490535
0.795130790169873	0.560684025809047
0.410634376186947	0.330841800938704
0.261983383400372	0.127641677449062
0.690168333012174	0.383062288320541
0.607105260405494	0.44690764758348
0.798823263805251	0.553534373388849
0.144890461352412	0.0885582252876706
0.0276568485642015	0.0114188151660022
0.613039382669888	0.453532384992852
1.86880060928943	1.50772483862897
1.68131288351197	1.27832613550005
1.56831503090052	1.58461922838028
1.02363022743134	0.987350736650122
0.539430702837977	0.333430402661249
0.712715214864164	0.532984224823211
1.11110140455666	1.3541431405458
0.795645735106705	0.757911642557909
1.61364754256925	2.05525595499116
1.12362285756127	1.17988458114481
1.27798364066235	0.937210552992419
1.6279989252253	1.33290354393895
1.47295031409948	1.46816367073452
0.65232801727495	0.510032602418806
0.492881660967786	0.42734393070123
0.991707739504924	1.15263876463773
1.07787848695118	1.06903560785914
0.900227569749991	0.564240912573565
1.5573538935946	1.36624300250319
1.36026521560806	1.27496495615731
0.467755862147403	0.307412086176503
2.66402547510743	3.58777938785383
0.766306484723945	0.495767400633359
0.163832763795905	0.117622133366334
-0.415352992525072	0.269567243073254
0.759868753379472	0.452380612476324
0.235002959594467	0.123388130357985
0.839007639707776	0.66914560275438
1.86079399700761	2.20432922589087
0.338865278792555	0.278050283065601
0.0037172251112144	0.00273710260025151
0.55537948611906	0.536888254169121
1.89307615275936	1.22640870208752
1.09265916786999	0.798494063707995
0.68429742049218	0.377127634170485
1.45437306712714	1.81944411191661
0.606781892875654	0.44660803632431
-0.655954807510042	0.296208066096306
1.77254570662746	2.59434927613713
1.06188318731808	1.16179175334897
0.528090071050873	0.374040767376613
0.60299585145301	0.362728472327484
1.71134071212175	1.59359669426923
0.951771754502182	0.696840177777792
0.944223966629449	0.915198014751105
0.834895224842195	0.847074805493143
0.670585517773869	0.548737398585048
1.86670903644033	2.41138179169785
0.979158222180655	0.843631728736605
0.469414273865257	0.267626399482079
0.337273140746442	0.191822716008648
-0.798864235068592	0.472963251439091
1.3648160588617	1.61340797189872
0.796402144705119	0.40363392255359
1.64797908878868	1.64422060451156
1.23922220201602	1.00048443750749
0.652766889783353	0.407341526385267
0.640077321629587	0.41549193653313
0.64016828609134	0.464439224830408
-0.979837187146053	0.542109245693622
0.810845710750486	0.595259516797983
1.27636123530272	1.33253574730926
0.290692351051344	0.178668010057112
0.727021993857774	0.565376925338172
0.633706540336578	0.648705436879058
0.979173795583287	1.18317209819923
1.21855298254877	1.73525371856052
1.51588966580051	1.39409882376027
0.748723543572791	0.458618690569228
0.908992611670941	0.57554274328788
0.262320621789925	0.132614841308681
0.653323843016504	0.424097035189947
-0.0945640411533149	0.0424523181726025
-0.987798731446462	0.691141322233052
1.77976994182295	2.44573471873714
0.954321260305682	0.782589036523739
0.2064007139044	0.115215945281641
0.961291807361584	0.930408359082566
0.607679734823323	0.438221138425969
1.08183410823033	0.82239917487429
1.31414105841683	1.28072788614769
0.0241271125841827	0.00965520096110323
0.0874650928551153	0.049921052735495
0.917541406345542	0.562301264512094
0.202928540252697	0.113394921205316
1.32732752920406	1.28424881828748
0.868068852781004	0.727884495383093
0.525317693276345	0.383225707296288
0.952819064314437	0.801271473738984
1.53675948282039	1.72021286575377
2.03669244371013	2.89097949095251
0.908048626107087	0.975249824600865
1.32708615074011	1.28383388725439
1.17187309136238	1.19910879097961
0.749385724182585	0.617994410138365
0.834509412746314	0.642616516376171
2.02319188186928	2.38072074656945
0.349726142725417	0.284526143349921
1.24821490384171	0.972936452342487
1.06291230540631	0.975158976444929
0.343940886529465	0.22710376636884
1.38775601437633	1.7621750247699
0.66854500904225	0.721881442272385
0.618084572543681	0.460074152398834
0.411296283330935	0.210872296458947
0.677186796395973	0.369499602372305
0.910395908887539	0.569291468386748
0.6894183705495	0.455158126423602
1.28558247805234	0.804289543619492
1.90669441577525	1.81839320499227
1.40862886140728	1.58648122192133
0.849323967773551	0.478856394359108
-0.0964448276872123	0.0340177875304735
1.82264157569874	1.90730815364944
0.0480484044132511	0.0211588084650543
1.85323611951083	2.61788441124971
0.279933034312537	0.125272511055787
2.03117943653944	2.66095742462041
1.94624934276658	1.43993820803293
1.57478591809412	1.40771785451367
0.703531527358079	0.489874192875904
-0.0381853244282451	0.0136930105428029
-0.0613507102522099	0.0331666282951954
1.07811876227173	0.760261895286333
1.52961869043047	1.47714589574802
0.530259215318371	0.333472680784829
1.83871830012454	2.04520142763455
-0.802596035610292	0.649787656325801
3.41279168451236	2.52199076965689
0.02997873074127	0.0151911617013985
2.05921449062353	2.9411563311832
0.286457709965622	0.205639618085412
1.58923127155665	1.69514890993809
1.63658619708521	1.34376489889674
0.917341807746044	1.26170194994682
2.6580730787805	3.56845989276665
0.6288154379827	0.491470274870614
1.49711578268824	1.72166455966666
1.18618941058589	1.06413713902991
1.08775374924551	0.841427621667936
1.20609112333035	1.0899509164797
0.426603677370462	0.314551648656294
1.26503152799579	1.63848944947817
0.955200776016006	0.7604367362821
1.42931418655862	1.14279015128309
1.35261217413278	1.57840432010458
1.16699538392907	1.16543174919339
1.18592517283388	1.46301215232869
1.03483518326934	1.10317110743739
1.22990605127486	1.04638481858844
0.865665359993194	0.479641927558591
0.805695080397082	0.844856779259524
0.492867945856493	0.328163634431835
0.674751757043455	0.62959009379351
1.27804593896952	0.746484313144513
0.748232565247462	0.448179587586526
-2.02306273456445	1.01986558637558
0.850811060116296	0.493334023325534
0.574444874540244	0.388328931240563
-0.0413749133425909	0.0277112833083226
0.78759537210786	0.506109250033063
0.244623783277615	0.127354148838148
1.01213206881066	1.1735673038618
0.430572140163272	0.303156786788601
1.60106489194609	2.22249992291703
1.86950909286827	2.65957081247561
1.07554696685864	0.871766708948235
2.31217286938273	1.81144999089941
0.830171232069617	0.789860984383394
-0.267320479713822	0.182930531121673
0.62416309271611	0.535841219694839
1.07507888385961	0.878256327053961
0.972452925931448	0.775643081023633
-0.926975461335032	0.407389843574411
1.49399374630644	1.04784801434758
1.87042177280892	2.48482671451309
-0.307736812469971	0.196413862509291
0.313056687487174	0.220397789837001
2.02371485290501	2.25063948884622
0.874853485175716	0.82662165321104
0.993028795936401	1.16689097485328
0.0816276473957191	0.05170483656576
0.333708395945128	0.227823236515699
1.09558477171431	0.973767128263195
1.77593926155199	1.63088583740843
1.2395112996449	1.62693758452881
1.19708713231461	1.22476280096438
0.93414904482101	0.70024063672197
-0.671030112496722	0.49152335056734
0.546850966094127	0.41681809721978
0.0112202839161879	0.00636596455512993
0.73421557627536	0.772399647874279
0.937707719110676	0.62686489995035
1.33659468982566	1.31509236605136
1.09533641701349	0.772544737886619
0.960442170909346	0.827325154167941
1.19400146713053	1.17801970698087
1.25272390766052	1.00131112485505
2.94030329372479	2.47311607324308
1.51067742518672	1.39860964063002
0.126336100742729	0.0723539353320045
0.844288150745953	0.663177921685192
2.13063395921437	1.80069682882407
1.07304078365952	0.684596932327068
0.444252233945988	0.207314713983672
2.03629364064266	2.44357570115696
0.184942257058633	0.108797291130416
0.50382804488419	0.366811221500976
0.0198157346673563	0.00819113219261294
-0.133006724664883	0.0758279099624027
1.0228497094555	1.09732974068146
0.477416507741033	0.323373592522221
1.277342074271	0.887560776305165
1.23248682279093	0.960612093219307
0.354585997314023	0.229214723353281
0.617142743180982	0.460969061217485
-0.155690925780831	0.0621340818165981
0.767882330577555	0.497171250002833
2.30789189954943	2.7913371225555
0.732171285428046	0.595574985858503
0.263337031292904	0.126747521464455
0.876617968253467	0.780934856596022
1.64435128141511	1.64320627656977
1.52467869218444	1.98431642739717
-0.811207402937714	0.636143457190707
-0.351487800140269	0.208693892735539
1.09150130840683	0.97048901485986
0.845585288573716	0.98452196754949
0.506289180979655	0.335517528561092
1.37833586531827	1.11376909473122
-0.20430866157992	0.0993337545705225
0.434272473910811	0.365642964173775
0.968343916208732	0.838585883426459
0.534412343363413	0.286443768899415
1.09000484681925	0.689612177638145
1.86056568255874	1.54976826486668
2.13298899860417	1.40618564596267
1.29705360423516	0.786095197727899
0.774474657081926	0.664561207584001
1.62913742211986	1.95872856520827
-0.926784039771657	0.40434456647286
1.28003547501833	0.766122648507894
0.679638645853079	0.382408019067631
0.141219675435796	0.0762972335580445
1.7096664874711	1.66750682926633
1.64146557368215	1.32981625589999
0.533620553969799	0.28682002319875
1.27237435672246	0.758401476013311
0.421953620510659	0.260070891221482
1.24468579447069	0.953659213942392
1.70112840887728	1.55204964498043
0.779391331157767	0.379570071433763
0.547734110703473	0.286788827218293
-0.293922884249722	0.131284363165242
-0.0341307346665594	0.0126225039844255
0.0498204286952847	0.0236726018037031
0.329836153365877	0.224968070573186
1.69928119326111	1.3087681174878
1.78644254536516	1.23249506073145
1.08201940515573	0.799697753085206
0.279991401938309	0.126834590676157
0.617006703729681	0.378351056493523
0.698917212080017	0.390469845120598
1.24581614016739	0.856187593507018
1.86273883262894	1.57773984767301
0.406682806134217	0.246620436451052
0.248675221361215	0.131473027181355
-0.345096720915642	0.227990249182582
-0.0456548704771354	0.0160799962237497
0.435200546988123	0.257559857995387
-0.687426845051045	0.331186698164719
0.528053998776715	0.323384845214671
0.934863877432907	0.62686799402221
0.755584101695043	0.452434933894185
1.02459497819523	0.527562756610249
0.878590094646168	0.336676425845444
0.299224229667253	0.105374528776007
0.54857087575441	0.128558386573012
-1.45910335908348	0.580923693024047
0.30065615543286	0.120951000836764
-1.29531385281946	0.45591725892214
-3.52225678051299	1.35768942957962
-0.65732252655369	0.306300907244547
1.55841957389298	0.984993332598554
0.746695784046274	0.227164306604738
-1.75120071412621	0.775817797713052
1.29250419617626	0.587915939787892
-0.830887096458826	0.2476956260607
-2.04902373026814	0.584535062964325
0.00207180478695246	0.000993433400005261
0.960550052663139	0.446993527244807
1.57766327828443	1.71199152339881
0.452523492467088	0.20825826110014
0.00859363590143225	0.00255785366118792
-2.49231208841664	0.741884845199983
2.05228622533283	1.1982660698235
0.670693168320907	0.369173134384106
0.492948520637117	0.209494073424293
0.295312799691886	0.120473884068277
0.673537689603484	0.355882343348616
-0.603500880343042	0.412364751369101
-1.40462276397989	0.759233780314794
1.77379623171998	1.28466154575162
1.26510241311452	0.991172990130356
1.78176340213362	1.23206306843239
0.797858092038744	0.526197889207314
0.917959958577519	0.565075762834865
-0.629016604109687	0.235993181451697
0.0164454119915526	0.00420432162168112
-0.1502355909372	0.0611361128382097
2.48944703646849	2.18595756231557
-0.402471157073985	0.213966974100382
-0.510148315253968	0.26794904929899
1.29614246672462	0.687461267289471
0.442541363603606	0.20797898218541
1.87795330430729	1.1721387583062
0.948070497539051	0.650233081342713
0.949867561295172	0.71756999291342
1.30800175337878	1.35722939685307
0.211816504823969	0.119440609458605
0.400135154469914	0.23630847783802
1.07006084369693	0.752622138019867
0.13726534139157	0.0760405213912355
0.809587328718903	0.595668597850891
0.749961325671815	0.734606852225714
1.22624027203823	1.17862088399811
1.10652017669018	0.933320092737173
0.542389474138909	0.339456436367727
1.26198335617025	0.900125695438636
0.854271412677412	0.490982539446098
0.737662135586611	0.432957095935228
0.0154686236437179	0.00659178540927888
2.27657035077997	2.37956353162957
0.206723743908415	0.138265024513699
0.168901083763005	0.11111623825258
0.131299531092313	0.0679531029389395
1.05026719178234	1.08109991940775
1.07974934747148	0.826137086673745
0.74245165332211	0.61952580787198
1.38897337672852	1.23229249286765
0.417179456485059	0.244570966628853
1.37422474249846	1.26710488974165
0.365001978955412	0.229388048726819
0.374341427441008	0.267523688422459
0.403653581620411	0.248100124963297
0.416910492844818	0.445582092350204
0.958087678689797	0.974110592988675
0.516976895177519	0.367858542046867
0.840954506838442	0.68352883210809
1.21727281687572	1.33480436406364
0.832660511759435	0.845389216391988
0.249306755526471	0.158555854969995
0.542827458633076	0.419053605916808
0.724813733355007	0.582640741646614
2.26252364997096	2.61551442548028
1.0138018747508	1.14664610896669
0.36338964847787	0.25996013993175
1.08586054657988	1.29448235322014
1.41879136754204	2.11241527657375
1.19054921623954	1.48392317239841
0.505812228289508	0.484108781536261
-0.140040092144259	0.0926247012355131
0.730080719101196	0.611683366582347
2.01063997765357	2.88613860729115
0.357178117650958	0.259986555189646
0.574427704185938	0.535967074419996
0.797893694046605	0.86423120137252
1.2266265444167	1.19173869031394
0.964876573292506	0.789943441166276
0.29893574752862	0.220898619032794
0.53341454122428	0.385934776330284
-1.07049481201127	0.482363895686588
1.89843338613216	2.89612072932041
1.08257450242249	0.78598463920186
1.17955667599547	1.28300982100759
1.23978647690921	0.971776930667134
1.08266756834541	0.879832668746542
0.516075673960854	0.309979931493098
-0.595768132165245	0.364825434631006
0.148715765671496	0.0635980291773783
1.8568651543407	2.85047710575627
0.943679861832971	0.753231215133224
-1.07347368821047	0.500957943039111
1.15156867795551	1.03670177889584
1.08804937239051	0.698759721399469
1.72448782842224	2.25711446904472
1.14758633022222	1.27745201469248
1.09064160954179	1.75859061178258
-0.227527502499624	0.1074172551772
0.818428403438398	0.819124651746046
1.49550370864884	0.987149395656085
-0.158956930481965	0.0648853123001283
0.536761029309137	0.281291112702349
1.23419719276806	1.03195739486019
-0.693895147861025	0.447525117719706
0.956372250400258	0.77509853145576
0.708882434424335	0.501688916688789
0.97708898317536	0.911950640257752
1.22619651246222	0.999371092798795
1.16553073646211	1.04078944342481
1.30082177092953	1.63328599932508
0.643733272358274	0.4931420586023
0.0446695312789966	0.0203061551674438
0.153242253770505	0.0792870922083021
0.08118028649725	0.0448362975964411
0.540375880279664	0.399347215132392
0.690530154793829	0.489008702964554
0.147195031400337	0.0898108030190482
0.70614450663594	0.30449293081705
1.02779744374203	0.534305105757059
1.27728543154302	0.85946713456063
0.276834301455255	0.124124619896252
1.83857954576948	1.86208370908151
1.41130475158736	1.12644258334744
0.274210257065444	0.122700062770045
1.37876066568467	0.443326011148766
-0.699585283703154	0.387364031473936
0.876921631650124	0.77301938244682
1.09289511894892	0.768304268881454
2.03893261808058	1.11004444456666
0.712099376025203	0.313412519477965
0.706413473054918	0.306752896651294
0.825631958130145	0.603660966656375
1.73711866100124	1.88715866927949
0.958091887181083	0.892849516585767
0.000111421944344546	0.000363453114349188
0.8090982874804	0.410658574994122
0.816427411609566	0.595470741856575
1.25302330787798	0.914292488369978
1.28873396606629	0.782828035889614
1.45960125173076	1.10577452171436
0.791116498972708	0.541436562194059
-0.0929959795190615	0.0316912614236526
0.743663377948727	0.45767922060351
1.65793438896712	1.6961415096513
-0.931472627116743	0.408206525170467
-1.75194186964297	0.776842665407723
1.50113827072469	1.0212905553192
0.284333554263436	0.130941856293132
0.132092123887761	0.0510060032906383
1.23055043835179	1.13595482042144
0.483918907354516	0.274094573961924
1.08551236721376	1.08565498136499
-0.291742286398971	0.128214039622075
0.251002607739443	0.120140640909878
1.30347671298901	1.33019625010696
0.663674978467333	0.432401011557095
0.143984307058661	0.0636404349490693
5.31126071884	4.91194289355579
1.54424527633838	1.72759061120925
1.0754414847919	0.697310271124031
0.485867190776041	0.274657383725956
1.40818087613246	1.51209970596299
1.86939885875159	1.54478977238885
0.95328768975067	0.711080942559097
0.95699327655051	0.802504982292936
1.31734369298898	1.35253447337956
1.26085433231092	0.948751002053445
1.40693334606024	1.22580381218836
-0.990157319739324	0.545270831972578
1.08076553308113	0.954310420976996
0.187745228831841	0.114523725265782
0.957599980567508	0.917955336930859
-0.170081996794662	0.0877555103054906
0.194569001799222	0.111229606662102
0.0952157888299018	0.0627262508669169
0.373855191358054	0.185811000308145
0.785376502874513	0.520891629128531
0.402039309048809	0.230749567011833
-0.283802813999303	0.127354247569726
0.603314721925029	0.296841304255033
1.1022219645913	0.783309161215051
1.64295879982968	1.3545353162967
1.9050502247051	1.78385755048749
-0.662621564202024	0.311106821683734
0.382518154192026	0.191894430113149
1.5038597709791	1.79630507981712
1.24237910208288	1.01370535616814
0.465321386931475	0.356849445858248
0.135067233742098	0.0580705885244486
0.472655640369869	0.314232316870869
0.321474699068588	0.0901107565437793
1.09117012439959	1.08722989391573
0.729655673180442	0.590418065823539
0.730683210529406	0.759850651468801
-0.156917685345293	0.0640334018644803
0.582461409782663	0.530593873698424
0.575224889118597	0.479410066829974
-0.330695822727468	0.268467577411917
1.26808785875566	0.927753236736665
0.729799299453377	0.585903979583688
1.75081912476956	1.8840986992585
2.27558243068292	2.41451461445924
3.6683268394305	4.58832030800074
0.146170248984414	0.0708029368679799
1.63292799286597	1.96342758896005
1.06710755256947	1.32545382354979
0.793298754824	0.536713576220252
0.558261224336577	0.369291225982861
0.706394565497138	0.59996099751322
1.10129072686278	1.04271448473507
2.0410163611396	2.57624981784935
0.564925054774446	0.435035924571097
0.954047477765974	0.741300105014991
0.301459913195628	0.173220011485962
1.14860146376916	1.60257814224419
0.439213774831263	0.41695600028485
-1.01320126010716	1.34871556089695
0.957375527172135	0.886299077796512
0.406542523658478	0.356748040333285
1.09544854388992	0.863595899519621
0.19162029288276	0.167054144034371
1.29149284067843	0.688216800369063
1.21798294570773	1.08774089419692
0.0186500958357863	0.0095418413604791
1.37090517419733	1.55654771450931
1.4269843956433	1.18578474800622
1.92423241310875	2.11463525718095
1.43424399178782	1.16264876887467
0.646312766881126	0.550948812771307
0.402807227028207	0.231628710376879
0.281275337475478	0.131069659389662
1.48841440315307	1.50497520060601
1.51125447909995	1.99030526407685
1.07691249500459	1.21640916679717
0.454814988454698	0.211019955723076
1.37134060933371	1.25386138151397
-1.18173490985589	0.745314303591145
1.17373605424408	1.6064970093386
-0.1232418884673	0.0744919230378192
-0.156990919401029	0.124666513181062
1.1367131524026	1.29027429132947
0.966156006847595	0.948593035439529
0.158469336046857	0.111216985025351
0.9541728521504	0.829285843206006
0.751847824977632	0.455228482593525
1.36654435178375	1.26516247413689
-0.0816531870875632	0.0278929551527717
0.826949616386677	0.643997897894063
2.26979619916414	2.37364608232349
1.19617706154634	1.14429819222925
0.76288830823791	0.468932121265796
2.23172584758907	2.97442606685123
2.37180507310303	2.65888724587135
1.78266006233201	1.63459328617396
0.920470521287824	0.646244400522037
0.824469458627028	0.616053768698511
1.69661129010509	1.97174959300935
0.590688582446011	0.435110762769094
1.5605639104965	2.16722263124883
0.392469147289386	0.199983467080442
0.839701507065219	0.661798905821877
3.43313814758418	2.53644115910534
1.16624103991129	1.27670979689004
0.140533720730468	0.0678990665698101
1.60387915398489	1.7103261201865
0.403154194928927	0.204155538237852
0.600719949801568	0.299186220019566
0.110386626042349	0.0634758203107275
0.601176895258427	0.512576163262968
0.59339257939824	0.409613554494172
0.695751043297117	0.501247911046816
0.93390676340396	0.730419930634965
0.974616552835166	0.437999780547283
0.319967920966187	0.190721558514613
0.719950166393882	0.538727342698557
0.961747689022683	0.91088223593125
0.545650336165937	0.347216044278922
0.96062865497818	0.814708833351517
1.64528572291875	1.70503382176348
1.1670211440702	1.27435827190637
0.598844154013089	0.406863281263117
0.0179936102180368	0.0101205004118936
1.34144266890275	1.2790466483945
-0.42562246813925	0.165268165315915
1.13340043720716	1.28735749769035
0.628454856520305	0.470273797363813
0.555857828820523	0.476043314496285
1.45441091350989	2.22841464851978
1.1796970553338	1.17037194224049
0.309466464259333	0.235279243974089
-0.139834235316135	0.0752276703383768
1.10053204439949	0.988013249025691
0.87046655473504	0.507620391179413
2.37401814235875	2.67513549592945
0.715218354233268	0.312788294758657
1.8760923942823	1.5737028181863
0.632674962747564	0.456052108617955
0.391144149970814	0.205053338434869
0.476744127947217	0.320347028648722
0.788047665979814	0.515412001731106
1.37135215819096	1.25532819025181
0.481254241749093	0.276602496730574
-0.217365738261902	0.140714430577503
0.957202249569916	0.701365752413342
1.08433173334629	0.691867828860275
1.20568230206718	1.08362113244818
2.28684888444815	2.13884751459795
0.732468376114795	0.446920615440802
0.619163724235108	0.444306943512392
0.551581658002357	0.427217305285611
0.950177833802048	0.717881564648484
0.995178728992732	1.03068734565975
0.671320032135147	0.562782604191748
-0.0809511333696046	0.0489845558232172
0.354252246099056	0.250221828874794
0.473028190636542	0.38020431440181
0.167893539142264	0.115965078399638
0.858782251654932	0.674055958647478
0.473963274236495	0.27604109552548
1.07106225954391	0.712126903922861
1.03016120945109	0.534177378565087
0.873776058960847	0.337729092586157
1.96307846936932	1.46661295250164
0.304791431177202	0.106179122682466
1.09697801337538	0.859681780738177
1.605837988311	0.904059797728858
0.431437276901599	0.193370606917173
-0.15418783785616	0.0619264776269891
0.366784647235963	0.199916038847125
0.432332908144361	0.261598192806809
2.48337250904753	2.94902187421231
0.917475506307299	0.566049168377994
0.705549889438758	0.307550777462226
0.600262780351976	0.293619643552723
0.363901321489654	0.23296200550672
1.08157129754991	0.899134023870901
0.714027063858874	0.533787798986139
-0.896406028095121	0.48993461027407
-0.823344876285815	0.454254998655095
-0.850563732067023	0.617470497462855
0.797299481397201	0.534686789273396
0.358622723955189	0.191475799832417
0.365952744509655	0.267812866610328
-0.44619461268368	0.269016459304641
0.00144327213524361	0.000855017255810348
1.25924191628355	0.991195428352447
0.423449380226528	0.25531645718581
0.531977551055401	0.341263054241395
1.79449729162736	2.47970711986002
0.323796436466914	0.173322313164352
1.32998909987738	1.25841645861646
0.138085347117847	0.0659625329468242
0.0101844236723674	0.00430067387894951
0.657904687884465	0.613767064087318
0.0972509173928023	0.0518126013729646
0.346834009438997	0.283377740461654
0.955719035023448	0.739879996452167
0.439335320936388	0.303808210051735
1.10203664116379	0.847471365537556
1.45898514731182	1.53234706598107
0.99121507819958	1.03466954887145
0.443965052545804	0.32682107770737
0.12722446260277	0.0582580025930383
2.40297576761632	3.20146346252683
0.837165836915948	0.868159370414874
1.93861408146029	2.6497760796644
0.839109757577372	0.666015248830148
0.466554019901939	0.309829521735943
1.73694859538149	2.3799498809636
0.476850119500537	0.383752884236593
3.30288166827945	5.26849027016517
0.00308150925304275	0.0019198004212328
0.539289389945088	0.434499396066183
0.692976574671917	0.393066705973173
0.742301941093665	0.722848463737001
1.35488820047932	1.29706140014771
1.20085920924617	1.23035914693203
0.181023299240922	0.108719009268271
0.748199123739771	0.609492149732129
0.275142988919034	0.196445498650792
-0.147738681056543	0.126473065808469
1.15958513471589	1.21786190826809
-0.234012183559074	0.161889966333839
0.623567261721207	0.537460275403277
0.267631696431718	0.180798360123015
1.13273752583507	1.39056747149688
0.442331606862746	0.349133853315665
0.609770271247023	0.595462800752087
0.078624288000063	0.0474685608033637
1.21928309407149	0.986929395821078
1.63911238706208	2.1365718900333
1.11658255063512	1.82247089678321
1.12285462135078	1.46298912705272
1.44227583378399	1.50783162383337
0.645314469444578	0.665959029860008
1.5317682887756	1.6549187024647
0.969962733206015	1.25642932938282
0.417444623831638	0.253479357049693
0.586325315594351	0.407360006591773
0.636671366859158	0.525178187409209
0.754620481191498	0.897101924650402
1.2922886858285	0.836463122675002
-2.05021356478115	0.569031985318464
1.03429348505482	0.528989297707911
1.28352038380983	0.835277935020994
1.94701446697385	1.41836852180315
-0.834249424385902	0.250115174033497
1.29155151925109	0.509729678006905
-0.525823473591188	0.142192228149134
0.598147969043694	0.353808696419237
0.432542282430051	0.197922125724302
-0.239665675174267	0.0758816081140354
0.69157197086392	0.385276951931102
0.562752969850229	0.2091591293666
0.907409293448847	0.564272248215588
0.80374352735515	0.406898891894843
0.490109583622115	0.204279692216607
-0.633438380971283	0.239675516550409
-0.442435360259396	0.151935661114471
0.595132948617019	0.281896949057167
0.133450804208678	0.068581634362988
0.790368419225419	0.394387626136923
1.01200916088823	0.525725752456292
1.26212209206353	0.942980423427232
-0.404253291364262	0.217983889596469
0.863949262825687	0.491332051606713
1.49641369234885	0.951779342824887
1.03927646040471	0.536437290436095
1.50458128303836	1.01642846983898
0.272887559086316	0.120696224688311
0.708431870275835	0.30127285614333
0.516951647889813	0.268902189005194
2.75866650360533	2.1189687964405
1.28340700523016	0.851707791926165
0.826489750601397	0.592414916886863
1.06918061294007	0.620258861028362
-0.152558089323536	0.084254974497863
0.387694030620071	0.200933902654524
0.750355223049298	0.462315222062368
1.29089541196436	0.716260587192615
0.479952834958981	0.201542318016121
1.36447168266377	1.24845059198048
0.617460464571238	0.347486084389568
0.906892593077394	0.582277748436593
-0.311835154893527	0.191326388087624
0.749511945396272	0.686194759027553
0.657621254020516	0.512039394438871
0.709063823586146	0.536005456989807
1.08789174001858	0.754087886023509
-1.00751601984436	0.594999541134593
0.957817297578863	0.914786199885629
-0.447454639420205	0.230405914463633
0.0129153418849133	0.00344424604437407
0.602333513185379	0.287042183850769
-1.30717128785317	0.667259160682771
2.13901769982199	2.04366150461276
2.63502172822539	2.40225086349968
2.3227582108665	1.4868086779926
1.06246266639303	0.62233256683393
0.604014918609888	0.288083916822583
1.28116144768961	0.68723282905313
0.101340971302541	0.0335348861374505
2.28625976151567	2.11687904503229
-0.12648063010417	0.0556532846925704
0.796604715118323	0.410421490100627
-0.0398566482490164	0.0149223888537654
0.838399611653241	0.662449239711422
0.0214824882845246	0.0100229379733274
1.81793424733244	1.88784644603911
-0.0550131667206062	0.0281777772898749
1.05458782766928	0.797138178620376
1.08271363657497	0.84295491308169
1.37369984409557	1.18247549047746
0.256196600345694	0.129196527007075
0.479450286556508	0.316158182365239
-0.679417347051686	0.326722557828817
0.587968558930769	0.271858957780187
1.06205272420235	0.976501986698242
1.0533104187036	0.614701452689984
1.58601876261904	2.03741549839745
0.844657653000844	0.637009882030769
0.922961611346035	0.633268233193454
0.468924925067243	0.316246419817338
1.09292539053982	0.917653650421186
0.306698957281334	0.202700608346256
0.533669568306382	0.407483525426273
0.474066374673706	0.351829242005204
-0.419723809503633	0.220961326923486
-0.244073062945359	0.131223939717167
-0.484567053331969	0.332478935350236
-0.443040464537471	0.418555216329023
1.63939545442155	1.94678509099396
1.01083238239301	1.18237326133397
0.271316723513383	0.186850408775129
1.5891484156948	2.36823875737812
1.08619735241376	0.965318271918783
0.211375184325682	0.148049117487567
1.09742406209346	1.22405524052397
1.07079920479688	1.08255781720595
0.56152131574664	0.473446525678414
-0.186424094323528	0.14275346675333
1.37853001508927	1.27454069914863
1.57438056397038	1.40247260021073
1.10387567241454	0.977624067430201
-0.518636660568	0.260056554803129
0.571445950456354	0.471120499721675
0.953386769047795	0.745734613054218
0.231760785467311	0.140218147618272
0.125999448823453	0.0758833649894495
-0.249673251498318	0.19056742828349
0.226448184856068	0.126482458096337
-0.0647226975314036	0.0382864296156416
0.965098908417975	0.784481331692648
0.351295948698999	0.281609476184197
0.652613866656524	0.549028395744908
0.952430200746368	1.11035491982221
0.750750067750285	0.462441905036786
0.96932596696488	0.815673525305451
0.826947914797483	0.855050442481737
0.570052389337647	0.602055729242208
0.330979245628053	0.195364805853858
0.464995062875206	0.404113461970658
0.922181594008827	1.00242742388491
0.828647729733433	0.589928991003418
1.54266262174182	0.957098599512075
0.933153817927475	0.636654417847435
1.05102126982446	0.583002509942279
1.78577789121681	1.6154864622116
0.528698955731954	0.285514273679636
0.599540150449048	0.295162430325227
0.479026225759846	0.205495703267578
-0.554474050910431	0.246573825679474
0.646504033397191	0.419294556184706
1.42295526069706	1.15136282533388
1.08009245491353	0.728532045493168
0.758798964514066	0.451018377435197
-0.154323719610554	0.0628196523620717
0.607621240465416	0.359133805909081
1.09005762359738	0.882963337882383
0.621996288501954	0.29647232774598
0.529360858851344	0.289343492533086
0.712613686840819	0.311677307991536
-0.404275602994192	0.159335097500724
0.960371984207709	0.873252722065498
1.40517724488601	1.1994151976448
0.547070384468581	0.348899711294139
0.801686941510833	0.405894482391888
0.00326308547187644	0.00160684449179423
1.28680065978518	0.7860770387933
1.58961014419168	1.35982139985948
-0.444875385545686	0.264408169562512
0.516194048755752	0.322537611248179
0.966903662326502	0.898592872422537
1.59528645191022	1.76055193278856
0.856350641318945	0.717547120069316
0.646382964623217	0.53478272028519
0.857213728976955	0.846664102541623
0.0445335543477253	0.0260034331244419
0.234687252655006	0.150869118668688
-1.42632536105434	1.96004093651352
-0.364820919611961	0.363354386238101
-0.47394493890407	0.449386650236073
0.257545085269274	0.23250300671805
0.5139512322183	0.461117204643001
0.326147621563675	0.218929098002101
0.0745550884057056	0.0509697949110228
1.77698521621592	2.11829045227193
1.00824476770993	1.12949755931645
1.50527534904015	1.25937517575322
0.266982562979294	0.151726599181204
2.25774110061619	2.34116257872971
-0.014541064235556	0.00899301838628603
0.589448784410037	0.532826102411808
0.733677005623337	0.591865317998187
0.195132007029549	0.145576813361437
0.834988810076686	0.745556899360551
1.9261893152106	2.88071817361312
1.04394131610436	1.09381525562976
0.463270422895678	0.260442180140194
0.640109849933531	0.602175206088233
0.793158430804558	0.535487619946203
0.952632778630678	1.14075065067192
1.25473701814851	1.07693613328571
1.13533154251377	0.948735263026044
1.03417670847667	1.16848839436961
0.536925867982862	0.381696108813788
1.20452125183193	1.42716279599187
0.557664993186918	0.446948596888456
0.537372724097851	0.384153130565974
0.4569778527574	0.342216276462557
0.977266759890511	0.90216961238227
1.03030877761002	1.37817616164897
0.545457935909468	0.414171553060052
0.919628163792496	1.03583137408019
0.85208874295383	0.858287733732221
-0.0788757609268214	0.0532724289210326
-0.692953988294545	0.747014938986966
0.104395877081517	0.0918697113451095
-0.180885205572442	0.18485150671631
0.606173910230592	0.615415301834474
-0.790550238816591	0.949953429877963
-0.40834847293364	0.285629727448768
0.209035914304629	0.163814436711926
-0.000147857036245389	0.000232861829951424
1.67442979213939	2.44172609427962
1.92788034341919	1.92764146781535
0.954682977538776	0.819293219852335
1.55199211708093	1.78534297936164
1.52299428110487	1.97829147424166
1.42857829459904	1.83703157702682
0.233256289434672	0.146972088718557
0.882797079816181	0.778511988108317
0.656339790023526	0.591184487494809
1.28830082867417	1.59567552567144
0.100681587769137	0.0542101494010663
0.329006951747093	0.222095602801269
1.31770288073144	1.34138031576108
1.20298078116975	1.47791026421601
1.33270014761918	1.70467290499197
0.315451032615133	0.207909575952901
0.369173693695732	0.231734969257243
1.44931575410356	1.46486185836289
0.97587210875556	0.890428716004628
-0.0501049836774122	0.0338400995245403
0.0481693112038132	0.026374870361006
1.54564220126584	2.18488139743358
0.967459056915859	0.920749042707145
1.22587054121021	1.13146400637653
1.79338556729793	2.20135060037502
1.25750666985397	1.44888796014226
1.049596711082	1.15427276600961
0.574633308396102	0.581050121059328
0.62288670802217	0.732178140248467
0.192707130858382	0.112783607197804
0.54547916846876	0.498879134009197
0.0889779962491039	0.0643052459598091
-0.481453677520716	0.52670404214242
-0.581717257035695	0.830938419288467
-0.353037470166407	0.419038803828805
-0.560262783997889	0.743942722429884
-0.145359847084286	0.133974426650689
0.721091307396824	0.591793137762009
0.0383253755338908	0.0281997998286572
0.317697225058048	0.227773688200002
0.850858550837976	0.960703907301353
-0.119094711500711	0.0807704424604549
0.749852801851265	0.7904558937871
1.85837398735418	2.83690982279309
0.617004509416541	0.463921153696274
0.268081453182641	0.222514852870333
0.590665270770652	0.505812104520621
0.778476781908444	0.845098987559157
1.60317775921577	2.29839748161186
0.38647465810967	0.250420154248505
-0.0143412883117266	0.00987505366178055
-0.0145917421970923	0.00999213548604811
2.81118143432061	4.2401735803963
1.59651352790669	1.7541765736192
1.675096245178	1.91439074879652
1.09215793975333	0.815438991841477
0.287355306372093	0.191175354414117
1.09977326734424	0.898696941884858
0.417590838267789	0.25472714707603
1.24227317439478	1.40035464198195
1.35027753314672	1.60921937431407
0.826355055925504	0.91265705135735
0.372216602216828	0.268997481571575
0.654888790093925	0.434086525118042
0.627717784772295	0.443810305323293
1.29022110534094	1.83385447235482
0.612075793441906	0.676929947409384
0.346327526245143	0.307468125187022
1.76746782641063	1.62202161972547
0.207053341343172	0.128967855635316
-0.0905111500241734	0.0613322662386802
0.213291965832741	0.208327484519834
0.294228488348829	0.286190511429235
-0.575463110383308	0.527383802213075
-0.990998850635596	1.22449233823309
-0.0618274289372918	0.0384508406110423
1.206353224002	1.61033943787564
1.31511395709045	1.73919994345881
0.319051104357309	0.231615563473484
2.75705347317349	3.34788744259623
0.953822375540814	0.869908979325255
1.69748794951142	1.56441375803839
1.7112863239042	2.10718124352667
0.603659776532786	0.558188846980041
0.597595371633591	0.513141568773613
0.565936553186574	0.451643112663312
0.744959229242311	0.586659593249296
0.832960980695448	0.890570688478431
0.755666982292169	0.725644498412308
0.201727428134165	0.135065689185234
1.90836273876274	1.82759910169576
0.544499138107968	0.421550454613357
1.28057851130103	0.883010162196544
1.09742853403976	0.839225321495812
0.948786106910027	0.712546852462663
-0.159493275185127	0.081949115823336
1.34683527936247	1.52001755072508
-0.221933472436326	0.106350527590755
1.21971081706688	1.01495360696465
-0.628554962604421	0.239733125582722
1.06003984924234	0.941034405587568
0.429781252250963	0.193935736804866
0.747964024371289	0.467682684008275
0.517189895426686	0.365515075216382
1.12707247813438	1.60157883601473
1.48342404836223	1.47917795244736
0.324582643273901	0.250114581161353
1.534518998552	1.47505383824712
0.320712192529958	0.218681666328594
0.959085566187034	0.810330978825038
0.727323197733354	0.577366603057054
-0.000485571482785073	0.000360972112081595
-0.234198407805752	0.134679063108246
0.0240571677672347	0.0135257215129972
1.2450526564444	0.983111965516548
0.713477478991711	0.542280887827204
1.04908574288544	1.14624806216023
1.19045214491337	1.47960668465079
0.00179464843761971	0.00148966623579878
-0.875430029817331	0.964220571313655
-0.129285374040897	0.090671367793968
-0.454396966015176	0.299296738782964
-0.80661769651004	0.533328926284611
-0.0470904626439923	0.0273882290136148
1.56017504941026	1.76891943263963
1.86852876983283	2.69461611344814
1.38558497800355	1.1695419696644
2.14184173429567	1.82495235463446
2.00612306247565	1.84614010626693
0.406562220523453	0.279585237042392
0.610915325406225	0.358429495589508
0.842678198205029	0.669932196645392
0.236228839435683	0.196719314169193
0.236715109350141	0.13458883040972
0.983386058242645	1.08569082198971
-0.104921249905034	0.0479256370283805
0.738711914334103	0.461670249911756
3.34422312695794	3.56011257954864
0.732284730356274	0.556950661045966
0.444473392491379	0.33370005822586
2.25416056932181	3.90286171446634
1.46763947950656	1.08892313002654
1.31265273677201	1.38328675879137
1.08522599196397	0.824585674166354
1.34438386360724	1.56529498015439
1.0987196981124	1.03196824581427
2.5804611550094	3.20754373654201
1.80171527153036	2.42772032837696
0.443788857614382	0.214103223909982
0.851884339844975	0.718725748629288
0.8633446332012	1.01368538128914
0.850763666865548	0.84387190051485
0.435471356322103	0.299417264008796
0.809616183015602	0.901670765160462
-0.283151177951085	0.177319306877892
-0.0328992492053343	0.0221739798982193
-0.167768840938465	0.0907259152594185
0.315641249250038	0.211960576036651
-0.197038322590366	0.146110598999325
0.0415566797798628	0.0298836472845295
-0.734169125065654	0.557226970163314
0.764159205178487	0.775633087028953
0.232583251879753	0.132965955400995
0.432791394704738	0.312096847327623
0.00563285075075692	0.00426980083125765
-0.250591165781038	0.200868491906444
0.152745527738698	0.10356716655059
-0.546428693718989	0.518124482235188
0.0723682297507152	0.055251300635898
-0.510450515420147	0.280803630519194
-0.157675008834301	0.117333942304072
2.45718274014987	2.8120882483188
0.995705373929393	1.43003492736329
1.43393582383736	1.14934183520781
0.746549646426311	0.614618538563234
0.95125482554836	0.840236194459491
1.04720308638049	0.978529675932872
0.380930344601626	0.243433639942
0.408520488986985	0.344231216112639
-0.471181732556504	0.4304619257869
0.353755591128813	0.21346764431255
0.660019545501381	0.581048891706493
0.485214747683934	0.327327668375941
0.992515630417436	1.10038287435437
1.42161520874389	1.53612786372205
0.276740420810544	0.169023789407889
1.38989473801212	1.26281163117295
1.7795744985114	2.28193441736945
-0.307511835046779	0.18260881234756
1.07548539936371	1.09290007364341
1.20333308614192	1.18357614261808
1.84989928837178	2.30718654415332
0.610498994711954	0.455106392990842
0.838663359475077	0.874381288397429
1.13845654640268	1.27819314406147
0.484191177356706	0.384819048568197
0.283119749145724	0.177376149596502
0.654911422187307	0.613460345986829
-0.068966720301457	0.0471614216433649
1.72810488621849	2.45025167886783
-0.0131726345248832	0.00898054535414596
0.902829860242268	0.997436629153766
0.130640553089858	0.0844913070235622
0.0635218199766243	0.0380504087173193
0.170579549429008	0.12524961055724
0.0759478068584713	0.0426094723112634
0.0434604565825058	0.0323671280086099
0.715717439680598	0.595385717515401
0.0408793154636409	0.0290403308720423
1.16942628742664	1.24678756142844
-0.412745444971777	0.313531029801434
0.596942902693625	0.694625649793758
-0.51424804899408	0.552821224804594
0.228211590567717	0.184215796931288
-0.856159131222564	0.993098337992923
-0.635904000394941	0.710065570678204
1.24408642646105	1.56245577149699
-0.301619522064418	0.257196671552508
0.464110561918923	0.346524888219834
1.479876541629	2.43872877373286
0.787889779297802	0.743701418450701
0.396655751283433	0.332648062177464
0.649448061812511	0.640022182172799
0.636457249566246	0.667254795356511
0.181088211776018	0.120802754438222
0.767141529697022	0.670890786346066
0.972050420690603	0.787057736048282
-0.00719411972410525	0.00299036660494958
1.46203007486195	1.1147659474486
0.578692445858816	0.332652899395066
0.52609780528136	0.389577536085246
0.370113636753036	0.2651537372749
-0.665052484795293	0.323002765967697
1.49793733531352	1.99558143508889
1.46573571996354	1.9902959036087
0.466006715813619	0.303620804886189
0.476266378956631	0.421496716205918
0.150692866780054	0.077148672392415
-0.46232894221539	0.323048136245332
1.69446481859182	1.63806230603402
0.760986274336511	0.622633302882803
-0.0379663739010344	0.0281315904972511
0.419592210450236	0.411710723426878
1.37345408105288	1.6132051850212
1.4567717977803	1.86067087776722
0.827496143182516	0.600192874829082
0.21781298172184	0.145276830511013
1.20949948452405	1.14672207341044
0.581050438379189	0.518946473444397
-0.968415968225901	0.921746085164998
0.194044033527363	0.151952644465753
-0.315319506053107	0.312269671625057
0.962889971207712	0.764054404186763
0.768723742728569	0.709230719305147
0.939591269336618	0.668947216789271
0.274891664936126	0.235363295047694
0.992223232099684	1.18961133381438
-0.330371066923974	0.28400042900133
-0.155978867001566	0.0886978067350123
-0.402200681178701	0.3810287462596
-0.305903213250999	0.155152556221505
0.201957938131193	0.167879900907137
0.788979452211213	0.900535102763388
1.05345009187305	1.0548195848408
0.93093153222407	0.660966907982594
0.840144427220496	0.77886748364234
0.528990372631476	0.33764362251495
-0.212863821114357	0.136411295958
1.42519163786167	1.77044976102822
0.112124072812875	0.0831783122661923
0.605199543455815	0.439441311794596
1.93670439186513	2.14375404341641
0.357440194806039	0.196888973406487
0.227558460120063	0.118757942873168
1.62498698799554	1.34957300995447
0.467223185156279	0.303986998606953
1.29598612085541	1.38086065046959
0.625256604760736	0.483522489719038
0.538185642179558	0.340762642976024
0.765566061484813	0.67037670816296
1.22236781526556	1.08301817587639
0.738488640252856	0.447754296012601
0.917438418488018	0.963151593382413
2.04241233841857	2.65157569478351
0.0900357444203402	0.0520306512718597
0.40381207741232	0.341976272723545
0.575182173060749	0.552248307363977
1.29521733596661	1.65547372743148
-0.360120721828966	0.250345901977744
1.37847285639705	1.91903343363215
0.848816577284379	0.674734326082725
0.0127527497941618	0.00707898910865122
-0.317699897562815	0.274574638539782
0.194087113346956	0.127073534697899
-0.569125074575936	0.578678020376775
-0.179389884495286	0.146324514146309
0.661680422835025	0.647815880495263
1.09069774024221	0.784816747411772
0.651905457175198	0.518555275487146
-0.438838414081426	0.388015586722059
0.44850494797295	0.389223360108824
-0.0687586103195658	0.0523356254621809
-1.01803841038386	1.06709360960939
-0.744968341473804	0.912530839499865
-0.163232391309734	0.0667097091949728
-0.582687348806081	0.586271538020555
0.250423855053151	0.184074350530378
0.963993334873368	0.76273489847607
0.291360945680644	0.13153216005082
0.93262533022483	0.624521828844439
1.03681497372334	1.060015941069
0.406077065231779	0.285775533907188
1.17443369017606	1.4547111730799
0.246001666531798	0.198898356929923
0.436817827378085	0.419912345591423
-1.10910362558651	0.841922924543184
0.137827556587107	0.105606360352868
-0.607303803800351	0.411834367623609
0.46648074006363	0.31384369556728
1.09054148742466	0.798688329397194
2.63851411064473	4.04175599062654
0.937394952231868	0.639870539590533
1.83411812620809	1.85775650225668
1.41273706293053	1.53457084635987
0.431017358288997	0.304890489036069
0.812291572456063	0.577909267885024
1.24815409219379	1.00966931269404
0.0133736763457877	0.00708477598724288
1.47376965116825	1.11943330551821
0.955286181592147	0.980319839837088
0.0901610005745543	0.0464921146795638
0.128833197695683	0.0619416398500784
1.43868353113348	1.5361003388275
0.48880489936469	0.403901982386239
0.424044792314322	0.253660258047109
0.212794268121078	0.144668953544376
0.663985030189001	0.593555143414244
0.388491645688812	0.303043514521558
0.243208093976559	0.127739488224433
-0.0109124888996959	0.00661724115244319
-0.0664136014856949	0.0479415526533926
-0.471125565883019	0.405807569936748
-1.15598739815332	1.28028405026708
0.75967192856741	0.741910225648545
0.70172295385981	0.502694392314701
0.198065046897336	0.135786039721865
-0.725793660984187	0.632897218127726
-0.432273412837984	0.344432560317654
-0.416970467864589	0.428196797120962
-0.57981948266977	0.547238438460311
-1.18726298512822	1.30604222071481
0.543516746779798	0.431942589544019
0.800226561790182	0.708474244620704
0.364567357355856	0.274175257559601
0.147707343829388	0.0996481773531142
1.53313895428603	1.45147093724493
2.74202588508092	3.97419450976833
2.18236660021658	2.80996853980128
0.685949876473541	0.666306533332394
-0.730771630023591	0.550012811823664
0.661176912480522	1.06197877718461
0.849734445108842	1.30220831673799
0.963167022916205	0.858379156009251
0.794700125565436	0.856119793725545
0.507663690351075	0.364880333756083
0.180482505605815	0.137725142514467
0.387204634950971	0.279502945457935
0.361451725286545	0.196490505898441
-0.292052752563884	0.20594197178394
0.457108047591472	0.334014924697555
-0.133389894543131	0.0818383179224157
-0.152169076217923	0.0632176743026117
0.987783816619833	0.916309222876252
0.362777591252054	0.202125395632042
0.534015700960805	0.382592148688246
2.01651679439757	2.1247563264242
0.812852893892436	0.582826862848957
1.86026604335812	2.36866458545851
0.166834281481181	0.117991289429021
1.69933686925722	1.97168555029058
-0.595446238214929	0.403584710254434
0.822678909611512	0.74849570294447
1.07858986205838	1.09170904686332
0.740110578469453	0.563393159981626
1.04225596403532	1.05261279125752
-0.737020932987057	0.601351865887735
0.18180556186218	0.111071393440347
1.12209443566645	1.26324935219658
0.217674199625962	0.124673609993818
1.72958365174192	3.02048214877146
0.323611862777124	0.23802693718263
1.00147460062813	1.10025752998592
2.0969661608324	2.93011411337163
0.245518238892822	0.163629819500829
-1.00408048635814	0.764470282429962
-0.378056323179481	0.336062251168347
1.03226754978422	1.04834844326265
1.25667031934876	1.57937103117076
0.963565225869599	0.809455897603908
0.801638723604318	0.566793939660773
0.181173044659063	0.139925267621618
0.952983878047275	1.41981223441429
-0.121765809959074	0.110500290984729
-0.110103070859874	0.0752305159811349
0.754095271247783	0.642318448059814
0.422795151773551	0.243461053161063
1.14848604293946	1.25487807779894
0.772507922618988	0.509681693111296
0.534584191936331	0.340740079689902
0.925008900242659	0.645343202442403
0.115665179522511	0.0637330505940696
1.74187084255148	1.8610909203048
0.932817141579156	0.617185386139646
0.822694042589272	0.589146678671182
1.05015365582506	2.19477776222601
1.03333519519431	1.96791524323519
0.893945772889109	1.20306745792242
0.38937409927247	0.386342897910195
1.95546837947103	3.55131834904931
1.11399988985479	1.67433341725467
0.88407701889332	1.10366207127563
0.874459362490539	1.24742555229603
0.976185384535648	0.943451852280347
0.620542134496563	0.494233525948638
0.966214213888424	0.903241728007443
0.513674649720668	0.608541956242642
1.12493794718262	1.49568963536175
0.841059569738539	1.09729644034145
1.14230742649211	1.7492867156108
0.542991703842287	0.34349674563936
-0.399020975443673	0.355076739465552
0.61824098743015	0.361586282414733
0.332825271277287	0.280431880076524
0.519352297351286	0.279780745128213
0.0419218487654012	0.0271812237160908
-0.237758239425877	0.113125448440996
0.173712669668189	0.100970146646429
0.968114368715984	0.964225183963325
1.08664833264299	1.09579309486138
0.257934749797624	0.169194988981541
-0.236770977719418	0.14584582750275
0.80724669308595	0.537245554730284
0.404396638180674	0.300943991065214
0.437125277141429	0.264570600247086
1.18720700451861	1.3508866987389
0.381917026805671	0.290001451391798
1.46524554532605	1.836224726274
0.32301524525303	0.241767959046274
-0.819025342255104	0.628773578460789
-0.0745478307072217	0.0504654002602441
0.574544385785443	0.478012708405899
0.7169203992245	0.552782982271346
1.40780622083879	1.81159064557156
0.112459156823582	0.0534848521953574
1.52715341245789	2.02749426501866
1.79607081513559	2.43043674594343
0.554863443019233	0.417926509427189
0.70451580190206	0.859860101361889
0.554382894477823	0.578817991239168
-0.0825703778242837	0.0471561167552639
0.137724429097572	0.086606888770318
1.23104118111686	1.09611280169442
0.563334254208597	0.654103004892402
0.597283658995715	0.653006166144075
0.289701150523512	0.281344167490545
1.59756935495071	2.03534725503546
1.20335487399354	1.44453535640689
-0.157819497016086	0.0651148662724175
0.550522652448853	0.558188376969858
0.950110040432588	0.729483135784002
0.667307778351377	0.546442474756747
0.656958093999634	0.772820948003673
1.0556682930677	1.11764641786895
0.619764939461584	0.91755945418499
1.25444571939331	3.06661847777856
1.05337347736121	2.1958421172521
1.54161642176478	2.75990338803734
0.575827627957628	0.707513720379883
0.390201110602722	0.42831398732478
0.526259486763456	0.584029835456831
0.451580555618415	0.573317500780612
0.0417684996642523	0.0206220415812656
1.01472983863959	1.58710362499321
0.647976667934616	0.73262898514907
1.39782675061137	2.43392038063845
0.671997857980578	0.763437382717279
-0.398197769945666	0.337261040734546
0.160116983050932	0.0992934855237973
1.33780438001669	1.52695217277231
1.17831000444696	1.2403699088779
0.838411752023657	0.807566539661785
1.45965384163258	1.9396974231175
0.712378492954638	0.759052173424221
0.780390775245917	1.02583509842833
0.957107965480028	0.922237867616916
0.75498246270209	0.716770350322361
0.32237444092578	0.189595934963846
0.0542357195680369	0.0357390568822393
-0.1709026391456	0.0678944276429075
0.593597024653948	0.408892034671988
0.798243662351702	0.528450974460964
0.176986048692777	0.114700701756714
0.969659465945662	0.773317244311451
0.458865559611488	0.346993239607896
-0.0614302923814194	0.0404635741782207
0.228760039744822	0.16121641442558
1.72210440811711	2.21506363509468
0.322943589215687	0.252109923207787
0.175926547250801	0.10278159929793
0.126400501699585	0.06478713386358
0.581248823423989	0.447172592200851
-0.109827762849331	0.0687606742560042
0.363543762873849	0.26385493007338
2.02772303288386	3.74021082023286
1.05697615363541	1.02262258676437
0.364911280459779	0.259984302186894
-0.178793714294827	0.125977931086383
0.0164246587469607	0.00889427320125039
1.24835372304745	1.70206005323773
0.137150644777431	0.0703187175419293
0.910682075117359	0.947095578171886
1.63447067734264	1.66785049424222
0.857620136546997	0.863660817969872
-0.436639874350609	0.269330920428648
1.11157403068955	1.30807088681875
1.12126464331494	1.46153035227111
0.400524544222637	0.305857247247152
1.11177564130942	1.44382172970907
1.79951328772659	2.41691871327228
1.06934969029384	1.36466159302799
0.641456007261524	0.66858038240808
0.375374891941083	0.325092432099378
0.92973199783216	0.984880711268796
0.871162360532705	1.017371480843
-0.0396793773958325	0.0269746050378252
1.01897489464573	1.09912633608308
1.31996126253447	1.81323519013956
1.02661971104004	1.33301206769038
0.655547180982777	0.991370034002096
0.778990755165124	1.70359978325073
0.573521728261748	1.08594096820669
0.653534159144365	1.11087619303535
-0.0432793508891947	0.0350974225203391
0.761840561773008	1.10109424075772
0.973051517737506	1.6147647472433
0.999131810900329	1.24233254132621
0.172097538461263	0.144958137265421
0.469840077206782	0.390426598100366
0.725955957668683	1.16427167903269
0.412502397243522	0.422289013817212
0.753818813905762	1.05853012196061
-0.362377061199426	0.349223283782977
0.768603362574297	0.915156071914208
0.891051775592067	1.26583878498233
1.12862642863033	1.58815125436038
1.35938849453241	1.78205948883481
0.967956535983251	1.07685852842742
0.958547964164604	0.975068598728503
0.98251074901651	1.58768980771239
0.867324442232781	1.12185217448766
1.02515183550777	1.12979832318307
0.907637287493566	1.03503556735289
0.355035011501748	0.264723068408544
0.335639620178139	0.296821991983821
0.845336353244566	0.78194949376121
0.547346618977325	0.5457394985021
1.20419475214599	1.16549590704522
0.32030456953046	0.230520480756969
0.876742823212696	0.82784095800811
0.465117206639472	0.445611008161035
0.576865884423437	0.474205025376583
0.400048679347121	0.385677981971276
0.517594080877587	0.420674744211304
0.637996817325735	0.635067326222752
0.75126608120478	0.791770152103433
0.0390322679447556	0.0211525558204074
0.526602892132935	0.516406769523036
0.96486115900247	1.34613199321724
1.54503996153678	2.18488366430049
0.843283314519671	0.77650809598986
0.391748145772298	0.329406097058977
0.437215194483932	0.395886678235633
0.402343895784119	0.383736977419748
1.1589102220584	1.47995156237556
-0.46492253875474	0.459518937529434
0.127340520285389	0.0703357559135529
0.576578793784978	0.46975567260234
0.914261942974591	1.04639168609219
0.847462027653591	0.716075640465055
0.118706046670993	0.0655739806920821
0.184712303709086	0.140567782341294
0.737456025853762	0.948280607659741
1.58357183125928	2.4688876083011
0.882550896065388	0.954045016041545
-0.114296728015804	0.0510462417032469
0.0683707081443821	0.041973824924471
1.05086382710962	1.66831926282633
0.511831697934569	0.563254258646142
0.824034870050479	0.867674035229333
0.345294205275823	0.30997555593001
-0.227898647172687	0.139102251464769
0.966772010408803	1.15053860595219
0.946567681838979	0.918454826246051
0.757336000128924	0.730721514748094
0.918867485248585	1.57120925722764
0.199421206329372	0.156173716538639
0.748320539641341	1.46456514466665
0.596864971931491	1.14335441812786
0.473926858564099	0.796725215616362
1.05870476601658	1.58485989943114
-0.046574727920462	0.039610179167075
0.884708413662003	1.64829556887146
0.365547129406876	0.441570039330685
0.192563700296457	0.196776645451006
-0.565429853682916	0.562891282627489
0.974159646028376	1.46287619391879
0.358130180183835	0.403032981840279
1.04878086442967	1.50470225038461
0.430637808997215	0.461445306448472
0.820123201749741	1.06232164608382
0.64461470587891	0.799913947248334
0.792262623790463	1.01331212432218
0.963720284890237	1.25851610162841
0.387579075114863	0.312936782461904
0.921367197818844	0.952116217891997
0.0548830530036407	0.0412862067743973
0.864748350487637	0.985311498070583
0.296279919258919	0.217546314308788
0.5554010466123	0.432041790688895
0.884065898100967	1.15833155870104
1.03040847263532	1.20955269110757
0.8392857262875	0.854541133121839
0.535364709538236	0.389916474777673
0.0678903870087938	0.0401531117860936
0.235093674864215	0.121402080835994
0.631309538400094	0.637938453021012
-0.200955639367245	0.130246398443907
0.249612428235399	0.196043655291327
0.184678169146023	0.136704283175106
1.29379436219982	1.5813492849197
1.12441750729292	1.30432300126347
0.576259170578998	0.458269088037683
1.09922631133672	0.836260916287018
0.967198923780515	0.946595557618179
1.2501435172097	1.38412423940796
0.0289508079324974	0.0179017182966633
0.977267334637034	0.835134978515008
1.34063329041311	1.947374344801
0.282816100478858	0.168140715746552
0.117189091919368	0.115531040102193
0.333313087397948	0.272954751562393
0.267975238339756	0.192190268733721
-0.731259908487898	0.699702139419521
1.42781075941018	1.15153848879433
0.813450560778782	0.901783851507303
1.33310883561965	1.64118952454527
1.21311383031559	1.42283520115442
1.2835305651858	1.38159634018334
0.109659879082471	0.0856338457832755
0.205077323923829	0.183004633940207
0.694322999096227	0.692456153745827
0.712588635764626	0.800049751938469
0.479561590140919	0.321702567398798
1.22072309869133	1.48809784867809
0.76240667003079	0.986880524588267
-0.181872832693779	0.152312180536763
0.425553128311903	0.290085898413165
-0.0612509166177244	0.0484019729843824
0.854662343247978	0.841187948261386
0.418714675496474	0.285869939899557
1.52455358342096	1.91330471952472
0.823253538976462	0.825182443549214
1.10697591512181	1.6746559218322
1.33688128179455	1.94093096863727
0.75770828092	0.948571057651271
0.714725517068425	0.930892288303157
0.461872180353247	0.60622143296627
0.675269191895694	1.05719927164859
0.648310706737379	0.671470830968438
-0.153335689148847	0.1134241108026
1.23193658373938	1.57915459859886
1.2575343275674	1.7229676844812
0.513510647689562	0.463648324415712
-1.01890263531104	1.08191896842398
1.79931403616304	2.3531709416656
1.60889794664919	2.24626014488476
0.64315767956599	0.707396714377713
0.368724219580103	0.262877099193972
0.226767317189462	0.127595951196737
1.97186807519859	2.67893766840548
1.82511028189927	2.99503635703012
0.0937078293184747	0.0655703858114068
0.281647149065617	0.174520128101003
1.08971588316448	0.779610246388114
0.277592232258342	0.184371443751612
-0.664165665489324	0.469799519780815
-0.669190862189168	0.323422721780366
-0.161717006713894	0.0776347024751795
1.49844655866301	1.52894783993752
1.26906394625404	1.46201899620949
0.49127984665993	0.394727901304171
-2.43017431336557	1.42111509342749
0.606093969914374	0.439187386621837
0.305064432626581	0.124668080651896
0.523657778198655	0.273446988145671
0.798427155615892	0.575414285449523
1.53158117931491	1.9756082374652
0.395584470034972	0.253825693247963
1.26954033483369	0.977817256088068
0.130557835619513	0.0613934043739678
0.139884949516869	0.072604929055056
0.444332553329623	0.26273118933318
0.685838611359479	0.384031794011267
1.660526930322	1.70594432675101
0.653340419291087	0.407944084634442
0.76970646271477	0.480636191750338
0.765663064229596	0.656559479563058
0.639316638742732	0.467815447932838
0.731837174203009	0.586708450511592
0.0865799515769773	0.0598046319302534
1.47528377711302	1.53343813829995
0.262318263051753	0.180545967397581
1.3846080610264	1.60489178008533
0.395073289543114	0.200930142841342
0.22170798108947	0.126097727614576
-0.157581068732884	0.0643992266649698
1.45443288031454	1.56722674751693
1.28964832906102	1.404489669027
1.86194135233866	1.58103657331642
1.37708514290013	1.16400429097994
0.822624789340301	0.648500377035606
0.936974214409348	0.702074354095901
0.961823024896612	0.860197715531936
0.66776658250475	0.439340159085458
0.672467363054884	0.56761117674915
0.500788336523938	0.399563947659695
0.0593268518527512	0.0357546056470538
0.311405059030864	0.106739715794221
0.370642574464969	0.269587243402095
0.934752499554475	0.637768489457787
-0.0681146650743451	0.031713259885998
0.576786529922967	0.391535607153925
0.842368170214744	1.58045533894476
0.455249695985819	0.735588045857184
0.565277415465015	1.04343992035294
0.249164655671468	0.320078222654314
0.129060378896721	0.137486270140343
0.316079076959109	0.369804880178733
0.131575590943899	0.141533831102412
1.20946697934146	2.30146584328971
0.591170401098386	0.695413472135251
-0.0836877703564283	0.0626304877651783
0.0596072560022826	0.0560277945764299
0.0713546386840243	0.0523740409178202
-0.212664533836904	0.225235579252087
0.0739876811332665	0.0556521342583026
-0.0905640389968332	0.081920634035512
0.456950081088705	0.558897378590876
0.572495237036592	0.669977738588407
0.830004020933646	1.12794467029647
0.35974296301844	0.256927860120153
0.513236058911571	0.364273513080518
-0.0184619014338832	0.0101373100280194
0.193467134702215	0.164686708228801
1.09697671716521	0.990126139215265
0.582506620380294	0.544025179425484
0.92958686074281	1.02834996072097
0.960881167458522	1.4368819058882
1.61211115622092	1.73549469721742
-0.273235455974135	0.186807137656357
0.856165869707779	0.71589789561961
0.392541481947335	0.354253195154398
0.463109355753019	0.261021806337082
0.41210112037669	0.354782078407445
0.907478244594264	1.06084845311982
0.284858832756357	0.178279129978768
1.25628013035349	1.80449947468245
0.32120465165072	0.212968414471242
0.371503126077591	0.267477306969648
0.752714483388084	0.722843927775494
0.409752313604536	0.353569969267167
1.71939761328038	1.6466671542925
1.4120810724121	1.35465539015322
0.842689795031861	0.668609022481892
0.847282139973622	0.784870221666105
0.0825642732009714	0.0574517927693518
0.492818446364549	0.425662379032851
1.44737920140959	2.0138707852367
1.04202211486612	1.16229975905795
0.930574960144891	0.994125103590535
0.593189123708752	0.714593447434721
1.10265436130352	0.955851913171301
-0.0946695661793911	0.0618407627607061
-0.599458225025322	0.461076665695718
-0.0195858631411719	0.013063450134542
1.53604122438703	2.42889400484425
1.45385123388508	1.55753407015279
1.58931828978622	1.72158311625107
0.182877539795807	0.116872823865476
0.98346285866074	1.29016276208038
0.486265406868765	0.544017700341972
0.341141322412593	0.371088195894976
0.0489279008603318	0.0316850873143255
-0.0674114663750615	0.0444659290108906
0.516007397460705	0.372904371830694
0.538634057758137	0.575482379221723
0.579063668069158	0.529828474109783
1.17430602207564	3.40715176126111
0.311822801740588	0.414799126619195
0.449302232509564	0.695917203108427
0.721692011013743	0.874370416796646
0.110564189180575	0.111337314975954
0.642742352263589	0.906642237546073
0.301773799207941	0.301431695903516
0.18962953035737	0.161118898424855
0.919149368127296	0.981110835971053
-0.182527567348175	0.157220952271741
0.562955834312448	0.592485176253867
0.783926962197184	1.00754636896683
0.459014504653032	0.506235067756133
0.805401279347969	0.784086483546334
1.32649122078207	2.07175410696945
0.113572950589238	0.0905231654658494
0.720285530545247	0.797418240946757
1.28645691416046	1.8003118352974
0.794261587644247	0.545231325033154
1.53129051701213	2.33196788822761
1.02908173526745	1.45199568589504
1.35093320650287	1.93139863493247
0.407892378406149	0.281803996303391
0.763285398720885	0.736669925332825
1.01586522531183	1.25164296818583
0.885226193080559	1.13539991229009
0.858747236078374	0.767923117296497
0.300214729646014	0.223013210250914
0.73632905517855	0.452150076411778
-0.612438428406214	0.448999408818727
1.76753872200701	1.94055070031089
-0.168417278638669	0.0918734680933396
-0.211652142473636	0.116395381072727
0.6595848865217	0.427285425236213
0.962982539052547	1.13836866716102
1.05475265427909	1.04135278322762
0.764528014580982	0.675638404778705
0.276013302895822	0.242152389690061
0.396442071383059	0.315515334803045
1.46484998211026	1.54818721527453
0.0276568485642015	0.0114188151660022
0.733341694876457	0.697867033987482
0.853874824180365	0.724647293547626
1.25639761231744	1.71562131382303
0.969711038600503	1.20594879683553
0.0345505677173006	0.0176896246420348
0.912949859422202	1.00701053313411
1.24529880135127	1.39850331847804
0.396304725482812	0.308918644563266
0.767152299322825	0.671990864212822
0.482189300068688	0.435010066613287
0.356467409668712	0.251382691634068
1.04961291416631	1.53349892355676
0.410130948194354	0.272022113606979
0.421642455956727	0.37762670168605
2.02178703581072	3.17247079686155
0.464597508933885	0.428133240195693
1.82545165683396	3.53497034838642
0.511238315943007	0.488122113933369
-0.564856825602274	0.57483385295548
0.666716334955323	0.637920967920148
0.487952809484012	0.404520360647459
0.643290655528869	0.805829192406765
0.989963995620559	1.81572618656057
0.6910957918432	1.17728846351857
1.0184249373293	1.68969352617119
0.220513284750798	0.261261247435182
1.34987579979045	2.53951918330612
0.496499089708122	0.576307233524225
-0.508597475616253	0.574899946018073
0.287511314872458	0.24635472156542
1.3959332451023	2.68271939137457
0.811938527363667	1.0306604887069
-0.465839974531784	0.601376121059231
0.860538003320314	1.19825401826321
0.114638038991601	0.095348758246969
0.449911545343968	0.406812593447757
1.12035279055876	1.59804541460751
0.319835886835872	0.326168956929718
0.47406093684503	0.368865847444274
0.186536925561056	0.111260005825579
1.00545893387185	1.25810413544982
0.5395503638929	0.61344628884053
-0.0803700815228386	0.0494837124440884
0.208431179466196	0.162846796004444
-0.279042845862009	0.255511153182588
0.663673364740276	0.673717353261796
1.02446718189616	1.16240051678008
0.834252355988151	0.900692186598059
-0.106277353717779	0.0681362947524857
0.807183187287771	0.555294694575117
0.260018440765769	0.218713720005853
1.08284041730173	0.777571111908763
0.549484307737547	0.458092350235277
1.27072964043368	0.842483407161751
0.721325765066275	0.543724802929564
1.5576205441794	1.83618612935541
1.76572084328041	1.82924299045286
0.354014297057374	0.199875010223137
0.550317545645219	0.419901782649344
0.310977447670576	0.186120655289441
0.956184775268424	0.896691163156271
1.24493492022437	1.41273603167131
1.2188098645752	1.11943543090271
0.969824103588301	0.884048367068156
0.274621158499723	0.12478996857688
0.780087759601623	0.518227651109005
0.356841468046455	0.256562888286047
-0.35049157821795	0.302620426390865
1.47965785935228	1.80422523113623
0.661943876996013	0.547143326944812
0.659615297087842	0.437959179745424
0.34463462486916	0.230938964970341
1.704025837026	1.3126908273039
0.768089866149674	0.745254882874739
-0.290203820360967	0.189820844965794
0.308961419703102	0.24653007298377
0.0636911066262915	0.040507803719975
0.759100184671423	0.771861658805545
0.950801872121614	0.726527350106819
0.310649688723468	0.266262888703765
0.401988699589124	0.377412256214888
0.791224483567417	0.843003041803708
0.849322912426398	0.869455695465759
0.550064531012122	0.597873673819066
0.526994057853274	0.399933682747349
1.61463610518513	3.76572863415262
1.07786240522162	2.22151775528534
2.45980312420586	4.89940484467591
0.938466992607758	1.00753391536503
0.820437837218545	1.06997332460016
0.670543423264349	0.939536274519001
0.171905607370435	0.114449010106298
0.788100585014576	0.893219878683398
-0.333270825644252	0.209607376527559
0.55359666128335	0.627556640171577
0.0380738976896499	0.0231189455504512
0.926358028655542	1.33559877811775
0.246996036796057	0.21697537636444
0.163213555746332	0.12503827724256
1.35588599657222	1.77859235839111
-0.132098545355869	0.0996058219536923
0.52536098189089	0.333773104149364
-0.438240947012791	0.338406751808449
1.11053003421927	0.908866828219226
0.805612349266347	0.868173460087788
0.85712765916783	0.883811304396851
0.618735188286653	0.533861951593296
0.522148246191729	0.376849406162128
-0.359466929675296	0.242867388333051
0.265037748140101	0.19870199710894
-0.567621428457148	0.248426065782411
0.552642927619138	0.490793946089713
0.436844861001777	0.303932382034356
0.894126578960455	0.55595147107501
-0.894615237377167	0.674594959945559
0.864524191299931	0.506864752305128
0.115767575742206	0.0619767896232777
1.26520817711636	0.860341984874176
1.01888490133072	1.17111528522326
-0.300452274833064	0.13173174283995
1.08790747680055	0.868852299527683
1.06795117980883	1.11525278723633
1.32421143483466	1.41105045222167
0.57409629821064	0.491016978025875
0.420528717869638	0.251960166718389
0.734464495066918	0.562283301730663
2.00975385953395	3.11510320880457
0.615667288697517	0.358534902123608
1.2334093467889	1.04192449455209
1.09405354204482	0.966130687980442
-0.833020583383053	0.582962740037706
0.309787944177959	0.236246493229226
2.32804774029527	2.92585746702509
0.295034690215817	0.228906401850412
1.79442409497395	2.13819484547261
-0.213667167600975	0.137051778539358
1.06914225089701	0.932082721837911
0.382490679212432	0.243597685337664
0.33259145312661	0.180086170515389
1.83493838273803	1.91821197970081
0.777250391859358	0.714034544789949
2.28461603486492	2.18431814723387
1.18108865314497	1.20201376723354
0.422847393289446	0.295454148627193
0.643276149890714	0.557573110830355
0.230330094472332	0.14919163862868
1.08328531177075	1.61080452326509
0.759594834361634	0.661413230420045
1.07199058219413	1.09296788887279
0.00590902104923358	0.00266927978891845
-0.00972414848519328	0.00659893510667237
0.673247106011734	1.11288118266883
0.542805545862467	0.820056404079499
0.540555622067766	0.681677612023844
0.358729485406383	0.379634544343953
0.507555346678418	0.548287436693216
1.06862937433311	2.0126781842531
0.694568705455675	0.936810568590012
0.890091154346163	1.00827935816059
0.671974272704541	0.58981050671948
-0.422833449565119	0.43957244702879
-0.0246517258973638	0.0170257292449553
0.252074385410772	0.23826925216521
0.622119880373253	0.615752839341984
0.281186336165004	0.290517796410485
0.302657435521048	0.240995679255216
0.829229858905597	0.898080225320952
0.199315673079377	0.160599450472408
0.44988162658172	0.405649362012375
0.150999901925958	0.0780338505203607
0.97732298727524	1.21457827853673
0.505365392826977	0.59249842628877
1.01891518754029	1.41544222121792
0.44766800654556	0.390445312866506
0.0457505870444421	0.0329290347207105
0.480634260486085	0.540083260983754
0.661205140739121	0.430153062236802
1.09796932283774	1.03295814747652
0.242227620483113	0.191729841360572
1.34884526439465	1.34372639379079
0.863534303581137	0.755884638937738
0.972649975006092	0.82403000297803
0.189412391699523	0.137375650091475
-0.51918745509828	0.328730647962523
0.37372133449907	0.237266775111698
0.471325643433507	0.268810757262081
0.553184863935835	0.490087260540195
0.397263436786679	0.271086640369872
0.394242734715995	0.306218818464073
1.08547766844158	0.944788215402193
1.13129628104605	1.25928232880044
0.76444888960658	0.687664467673151
0.101182741608157	0.0585736774358976
1.15662686501915	1.54170336861649
0.777440317720803	0.719167203851297
0.179916490644808	0.108154767142335
0.73162700648733	0.559719634574891
-0.518691157182452	0.339997240965613
0.480040394383913	0.407008760921477
-0.356472349524981	0.233067400225332
1.1854196042213	1.45689588893377
0.584524088567349	0.560334869771524
0.171808753425608	0.102139116151502
0.9669558459865	0.966032788499311
0.749682549544765	0.660596428220446
0.753560792402038	0.880584759019635
0.653727441108439	0.551573482910368
0.775529852018158	1.04213146030314
0.36198250305394	0.253122762099652
0.57259165109029	0.549903819340623
1.75719005550084	2.16584135245601
1.46089047595789	1.12414771555863
0.675878268316364	0.745402371250122
0.105548637526674	0.0751700942171677
0.301886869320047	0.296234086157927
1.08694064022136	0.968694547323732
-0.1863251218665	0.138967757432791
2.38802597642146	2.70786206978916
0.28058758816966	0.22027473794392
0.465173452878613	0.311620815991168
0.754955746032848	1.49295419055412
0.942608923806455	1.71203026668644
0.171997284939673	0.220237048612923
0.107198853458455	0.101468946337579
0.523652966900414	0.715899950296644
0.251593879172116	0.255746210701
-0.498705066889959	0.574324887314115
-0.111280192833331	0.108501077471133
0.571855416052408	0.631217719234429
0.366449384635425	0.386233739628624
0.612761332144033	0.800349258783277
0.494495334302802	0.560189035011465
0.289538163987361	0.265236524890123
0.452953711424835	0.545450189662468
0.483347964752923	0.62015197649771
0.74100597777895	0.594314813282134
1.6455910203062	1.63368364318834
0.631551160595305	0.763784482269401
-0.430009422382204	0.352015942943038
0.375642253599279	0.3055836315541
0.117363878862591	0.0932749707391298
-0.165465118641263	0.117700474812202
1.60794617921139	3.09328747632912
1.05710483531995	1.01027705523925
1.11138544540292	1.49843492021387
0.747520993846821	0.794768636611814
-0.793468987050439	0.793003897609242
-0.270571633792067	0.183743613104363
-0.168837180364729	0.123720049177694
0.766116307625822	0.640860730093588
0.211274803930571	0.166689761479864
1.48485347090744	1.38587291740931
1.42863912120604	2.00806722898204
0.597509348767919	0.481079607875144
0.13852851659807	0.0942987152489655
0.85772601814027	0.736557622926126
0.0392875602168671	0.02548316837722
0.822134665306438	0.612897606566105
0.513708389277936	0.369719822129938
1.08192644768635	1.27311234981484
0.806509896306596	0.913154936984831
0.492176929612781	0.373715286428393
0.748165225809775	0.766914808545546
0.396975244863106	0.230893071393354
-0.134081142485354	0.0821597513304461
1.06998669221383	1.41687087165765
0.490627024241034	0.336408520994386
-0.0827744177984486	0.0559057863474453
0.266551011806349	0.133320864674335
0.421757710892642	0.371585950164244
0.0821011977754993	0.0482731414303118
0.714956260576906	0.773919498096678
0.474798994430471	0.387203091508034
0.554992208368884	0.466579001967955
1.48078072501473	2.0771804157511
1.04535090019846	1.39340205272134
-0.234519368681796	0.150678961386466
0.455866502407624	0.338055080704818
0.801187313113628	0.913234393294327
0.429990093802258	0.432044667540961
0.281782300595319	0.271015788541716
-0.0536613851040827	0.0347012769360083
0.776683646984806	0.873099116527213
1.22663230512548	1.35858005568144
0.501396399204689	0.479027301612663
0.410833974023017	0.402790783930961
0.777845493629995	1.28884981373042
0.933884413712603	1.68308775025852
1.2994781670122	2.65085152113599
0.262122851043041	0.207224047100361
0.730570870414823	0.995744283943484
0.879187961958843	1.4224397657946
0.937571010111253	1.24229648116591
0.0756762407977413	0.0603714703747147
-0.115388904656244	0.0749500163549253
0.770257102279646	0.88932097993885
1.16288514711055	1.52906272386987
0.397615490329227	0.373135528760571
0.277216089540086	0.193836149237684
0.646881276266171	0.541104018258445
0.117219647254031	0.0640524789965034
0.08996082717276	0.061098077689929
-0.225482079859087	0.146192747571447
-0.590502765348737	0.388897505741461
0.0632227822616644	0.036668541219525
0.148646669763192	0.100459056355947
2.67301197023478	3.53032193496646
-0.365443358642667	0.324005717892996
1.17138438407437	1.27489434071002
0.45735230976689	0.3756007098115
0.622167732908305	0.465343076868814
0.713983171190505	0.767806660354045
0.939444430130906	0.648296506665931
0.45915211317634	0.295985707446603
-1.88343466853134	0.87325979631347
-0.79033666829917	0.525580585287202
0.241786458898984	0.128425739123152
0.478896365538033	0.345980142405432
0.926587042987115	0.636870532309699
2.10859212020252	2.85274198553571
1.79223199508663	2.38204739342812
1.56239519102571	1.7149607125623
0.636115365330675	0.41431212128471
-0.105327176452039	0.0650030120414472
0.271719539668152	0.189810254469085
-0.334903077259012	0.241814055355572
0.611613855787405	0.298864932496253
0.0140924060836789	0.00553082085838896
1.124380118437	1.33429360493594
-0.122584377196188	0.0707468863565884
1.09321625317215	0.907662985794551
0.332278381273486	0.224859958468164
1.36413646825484	1.18411381064494
0.968452511746308	0.765425287954363
0.0877353280995843	0.0492276564573597
0.826798106317495	0.613748220791289
1.53078365462377	1.474498155891
1.70372902462436	1.98354458625244
0.747522287743294	0.610964036985083
1.70095999374707	1.92047864214701
-0.271150147252208	0.21830005987608
1.06530413574116	0.84394919590571
0.842566336225157	0.707111750214532
0.205873401402694	0.1383705528607
0.120356920231438	0.0681003582972798
0.215401714266131	0.120470913741956
0.756829783555581	0.651823575432577
0.684144175715792	0.626005445599281
0.0488358708720849	0.0215938078270608
0.5180302024548	0.377727276760362
0.987047547902511	1.83107286047157
-0.235259869380291	0.252854475362982
0.880065724511096	1.67586770099876
0.926988209519179	1.21695789152411
-0.153842983545249	0.136836316855631
0.759407496175319	1.04571814784019
-0.484961245748312	0.518899841311263
0.856293508416641	1.00981518206875
0.575648711797048	0.634491279862629
0.0729380817388157	0.0575603645374241
1.24903406488506	1.40365056698305
0.851492700968221	0.986662437102978
0.592127562416136	0.648846231392859
0.295373927201993	0.262524776446638
0.972660289652696	1.54460002008242
0.979594522916699	0.901975504653643
0.287651663563486	0.177753827360165
0.448541254880608	0.338953729049921
-0.28493565117212	0.18429365087816
-0.583216194941256	0.463463995504955
0.92605797829194	1.16432784311824
0.335168316770438	0.26770636965643
0.49980736771633	0.441125469979261
0.487254251931197	0.382399872622702
0.356472425365422	0.236387407616453
0.568834948432699	0.577397390761573
0.37189979056217	0.202603315979554
0.376849842795661	0.283883993099424
-0.291428314534221	0.197783452649151
1.20550943285775	1.16378023077048
0.673860045246361	0.59043199863287
-0.812902675505757	0.500689106904451
0.367685803439933	0.277404250104975
-0.995979262744636	0.555944542641088
-1.60422955992052	1.28083791402608
1.48539735007495	1.47257042903244
0.389769999519408	0.189600684705275
1.804770658456	1.84336399782226
1.2349157542295	1.04698879199859
0.770448322722928	0.62879388613254
1.26061328263884	0.988132243099355
0.119919964845107	0.0678852113653383
1.20250458581011	1.12673628037293
1.26118555137496	1.01621475801523
0.599369919788672	0.405982475594396
1.38674352577832	1.26536457273091
0.308014868618457	0.126620017821096
0.932638739376791	0.651463938369914
0.209305166425915	0.151487948027087
0.423483154776282	0.294628037307311
0.755121945312145	0.660036348174351
2.13889740181526	2.75112572925801
0.793859771521421	0.541188936036725
-0.179243488701876	0.0939456449674268
0.50733425378661	0.367230552028634
0.851350248848515	0.761212804129299
1.03769967015641	1.05680871738791
-0.190384183123608	0.133240847928546
1.08651114958567	1.30521799100934
-0.268810771167884	0.143487119193009
0.571898586015292	0.389001303550437
0.731509250788954	0.440008362473081
-0.253468322332879	0.165724985865686
0.591764013140479	0.527097289156581
0.052764202865068	0.0346569211070103
-0.405902962497991	0.241116159984882
0.95754341791734	0.99445965306314
0.6757417198683	0.607213205945236
-0.350077978593084	0.252070433302632
0.703570698430087	0.500279252224423
0.918378439153799	2.4963474082394
1.1064178615134	1.9650794873059
1.31252996616078	2.04366026752449
0.671795054018382	1.00477901592978
0.529516819168087	0.694370557045681
-0.104180499218079	0.089670181389838
1.27920262174594	2.41458980322663
0.660794155931431	0.676126141698254
0.158792101257272	0.123906264504036
1.06829784471998	1.70551782077931
1.35933387190193	2.14786784823373
0.342195840347142	0.314546344389365
0.258330260602245	0.199996451331613
0.147324596600574	0.0913823577286222
0.678861287098157	0.643964935008723
0.399670688886466	0.308803577650066
1.06908983438636	1.39670286409906
0.95032856046283	0.999830184274719
-0.294062084592102	0.220927007473938
0.472383529809366	0.389230285338206
0.0286759196930694	0.0144094247377759
0.392676179208176	0.363973408866272
0.725452534275792	0.53313282932926
0.149228887085753	0.0768590291685206
0.554866570921877	0.461576301444147
0.382337923294984	0.284353801988089
-0.0611141922608055	0.029977538553012
-0.356189964302319	0.229266149697351
-0.173098746205616	0.0867493799480302
-0.830969229027981	0.735736071860445
0.647154779290497	0.523071682980554
0.213764003439926	0.166522769831559
0.858699940489196	0.719128386263578
0.115442571395303	0.0839789841010333
1.1699068040124	1.1908910604616
0.819964523145731	0.881185410064156
1.07130618488176	1.40716730660057
0.202970382281323	0.164226012033984
-0.659632352280927	0.464841928657726
1.69860156960901	1.65681750119634
-0.0111556728616434	0.00714946483382144
0.0748212875507051	0.0513095264616895
0.848032512320819	0.859214264043821
0.557898352491296	0.588660427392653
1.13916612335383	1.26187685059145
1.07359643649414	0.896727444697277
0.25080121905706	0.164851921767251
-0.301701913397571	0.179417625515971
-0.0158476984689546	0.0100995262830847
1.5815254030788	2.03048512225337
0.0364071236620367	0.0236818512273719
0.923683778157112	0.980612031695134
-0.161526553338559	0.123638108245993
0.472523259226084	0.303990904358321
0.535541328644602	0.555383877686142
0.430390984073342	0.40550739403548
0.622792477305876	0.65071690547803
0.574195700431703	0.505002818752507
0.277168215668664	0.171286169167141
0.857750916992618	1.00139881548587
0.662760607655517	0.772028698549316
0.102031870187931	0.0715803276608737
-0.175646381430396	0.0906542984565026
1.01655701313044	1.14765411322659
1.07409640374388	1.00527480787512
0.366330886398467	0.304380315163699
0.993438463250008	0.935859196984468
0.423175145724819	0.345152370524743
0.726833073024806	1.431672572023
0.755182680348283	1.72167518711404
0.949854955233117	2.13757684720062
1.31708729092772	2.97064465525094
0.326701150718515	0.428560545652193
0.36950572834196	0.468856088373773
1.0008087253521	1.59900411842501
0.637270234071668	1.00843630601432
0.494909310864788	0.668110043919024
-0.278198600129826	0.336327262558278
0.480854452463447	0.645983699144628
0.345726021749544	0.40956871102465
0.407204512260346	0.530181604836706
0.23493075285075	0.185837571610064
0.0138338884453516	0.00864562093316329
0.338340935485487	0.247528738517368
0.370119567596995	0.431140815265461
0.727339065227622	0.706814768040039
0.388849869576594	0.415791931591704
0.624894030563013	0.651421762491918
-0.485757366279317	0.450944466841447
0.748004559314079	0.850045592922605
0.348383101701579	0.31218324857418
-0.130091180100225	0.0768859618932507
0.593929367435931	0.657367283690913
-0.463628092217996	0.305053853965771
0.134839794880517	0.106714430381013
2.24646095393512	2.65580167008366
0.48325835371199	0.501636255687004
0.532157322172563	0.275386083583021
0.494855726238996	0.458725716259232
1.56031462481217	1.76852101430264
0.623229362812339	0.579523982497106
0.966780959392147	1.34028259053404
1.1025273799361	1.54152627125328
0.212407305699608	0.155717558321207
0.181708624975472	0.129357107239932
0.103899062977861	0.0894524452241929
0.161396804627856	0.1230662005578
0.64610128915384	0.507947693460123
0.562461158272024	0.434252757889808
-0.0430302073949991	0.0270768830134178
0.519464030346106	0.539270339717447
0.533156797368658	0.523407653397451
0.0310179333015399	0.0185665736273296
0.877558136479707	1.01855156232426
0.255355038931096	0.179846244104897
-0.528089081863619	0.374354777187085
1.25577435411315	1.88906351698607
0.944697976088373	1.10918584994294
0.374437161630399	0.329556712500997
0.0748830394893717	0.0456636344977808
-0.476192471586683	0.465712609848624
0.467560256729665	0.449453395411896
2.18043874749025	3.19509941841224
-0.163226769627774	0.122180325474209
0.657207981249901	0.603159751420948
-0.152478132669496	0.124815846441598
0.670813618902111	0.752167627408052
0.267843490660762	0.265969894816919
0.583022732819546	0.637189128724361
0.126116164669858	0.077111000332131
0.221522953437157	0.183792829078145
0.836532771454385	0.872366281042793
0.44976669491019	0.635166169933912
-0.199771706130885	0.215593081663433
0.774440569152352	1.46235268119521
0.391803213489317	0.303648411589157
-0.810846169419338	1.2803297278695
0.733584605190198	0.928433807179883
1.12011381500201	2.09025871534176
1.39819920146324	1.97159865991167
0.416828835585567	0.354935404297268
1.46525833033813	2.31245675167567
-0.132232330270588	0.0766720742536758
-0.220434698662505	0.188338731143749
0.486807573376461	0.382537792318236
0.740386379755895	0.851751965770168
-0.524291474154245	0.497997443676578
0.664135476099872	0.611864393559596
-0.445513290903168	0.455088448460848
0.0110453735538271	0.00775211732159452
-0.179167593022016	0.135388561891287
-0.188811320778887	0.155181144286974
0.205548294561114	0.115838554916274
0.0742672819194881	0.0479416869815533
-0.330322766823377	0.189010351292654
0.862014616609555	0.89160550727506
2.02040234470767	2.1090242545027
0.359735570043981	0.224831335714292
0.527085024785258	0.37588382580291
0.532826510102443	0.409452973045022
1.45833972654601	1.76806465952957
0.599396290357198	0.28673271013678
0.2631945770097	0.176821459932235
0.357589276752738	0.28892215182192
0.196339370597659	0.117937141644639
0.905048884041782	1.04071679812615
0.562469978633358	0.383260006666802
-0.286196906822016	0.182586569557212
0.394500201757459	0.303086883313192
0.706547014441	0.760643972130278
0.654657376165154	0.646074304039505
0.481388731223429	0.374750387769165
0.155204483370379	0.111763293613845
1.18759620707848	1.48631715128934
0.00252563238754173	0.00148219355887022
-0.364016205025746	0.267322696307457
1.55374364773974	1.77953304288934
0.760825996197097	0.761269040308985
-0.0686607025028302	0.0367257277800428
-0.503748131773272	0.467172547495038
0.367339078189471	0.363605808764251
0.948654182785558	0.76920619135696
0.94791222992438	1.22792374293489
0.628179200483833	0.656806728789198
0.646875554967519	0.724707995092799
0.746577548897024	0.889695687303519
0.587478943032181	0.499380951983219
0.337157789545328	0.270220227380963
0.713662545756286	0.527986819384207
-0.356733852343876	0.329446893389748
0.642307531902659	0.601992988449043
0.27950628652284	0.301305746404541
0.559575197658813	0.546785719495965
0.430078445260185	0.483225107359137
0.650015468236616	0.652705844383496
0.659540681030768	0.585351522743848
1.22980616214684	1.76525164565994
1.15795915555211	1.29230725192127
1.59389850953246	1.74996565597747
-0.29352159355755	0.175231176139327
0.383579502909232	0.298561997992798
0.694784898606499	0.375125667308731
0.882793557951092	1.10998623517011
0.00669839021971739	0.00391090768513228
-0.550412010398731	0.433945987372341
1.2590561681009	0.993383943204087
-1.21091734657668	1.30984766928763
-1.13435036979071	0.938141139829049
-0.223401198156963	0.127894383627288
0.46079429063969	0.349319349401946
0.162164302322941	0.0736954427712963
-0.621041731045896	0.343696581149913
0.300092544953659	0.223650126048642
-0.67757595254003	0.321283857880101
0.742992693519509	0.547584334896652
-0.428401502392849	0.177246816338393
0.508747179448419	0.366666059504999
1.96538870089881	1.54233092646681
1.08365101723114	0.880652975077345
1.02242348535305	0.542614537420503
0.82754826455556	0.630894814485091
0.940873639064198	0.689937225116039
1.78805537938086	1.63116782807768
-0.14671259993873	0.0599540702934201
-0.427483850704482	0.176012489154462
-0.235032411038905	0.107850147208512
0.987238951223833	0.893311308734556
1.52585284564524	1.44439032823641
1.86327462742609	1.54912016607612
-0.428357912459595	0.231450713010082
-0.521776476434505	0.265982950491611
0.337884480655249	0.229107376682631
2.75230824635817	3.85219056990521
0.799525186148597	0.560373767053498
0.054583183410034	0.0271710964734993
-0.599586030470307	0.364400444974628
-0.150208093331477	0.0798427148369373
0.5582272768937	0.370277545110376
0.214709120037537	0.119339286573585
0.661051920433393	0.566586600038001
0.768237990565051	0.710922216334432
0.12725735884012	0.0692399820962709
0.786092946881424	0.721521476567927
-0.750431269183371	0.505098841300316
0.648318106658087	0.535951858326521
0.508915890438507	0.424195138089233
0.303990639190947	0.200843570313473
1.01516131000417	1.07271853147738
1.38133936635703	1.28850774259106
0.120911494584787	0.0471101822978501
-0.242009611811951	0.185247441059468
0.531366024482155	0.275214274584338
0.515964342669966	0.816931239102745
1.18114821318454	2.09276833405612
0.59876410411522	0.885623519133306
0.885148724857475	1.08696046795724
1.35743678906824	2.29617357553704
1.1566295132819	1.24500169671758
0.273423492010566	0.244274320574685
0.0196383945694741	0.0162538778526598
0.895871016461207	1.26034673001997
0.914934623354162	1.00489026605841
-0.507681938163764	0.525622181041422
-0.342775058153507	0.355224244822554
0.520924352861571	0.390966155774326
-0.301032006664741	0.263227992672229
0.217781891818109	0.154614287660721
0.736468556730231	0.682173711054133
0.372693123700641	0.393352172351987
-1.10199966238737	1.64080365952023
-0.391992404779773	0.345642603239493
0.371847539159709	0.283237432844413
0.326498945365775	0.194487835408825
-0.832533206066865	0.473622097825887
1.0833166730202	0.761325616574847
0.885687803869942	0.999475835788678
0.987899728851128	0.842658247905382
0.972555059407651	0.857290260341067
0.527855277467512	0.379081080623396
1.35188349951371	1.62342009277712
1.09979666954904	1.53825920338898
1.10670827368059	0.971493809085495
0.75320144836606	0.784900324973916
0.833850294554206	0.662670037695295
0.798534111182001	0.912113763379269
0.581730929199223	0.523320545998698
-0.0120611575349727	0.00744708263558173
1.62547435536771	2.15555268828832
2.31484582985549	3.68642786548879
2.26032966728222	3.4379477203406
1.06607807740132	1.1299890953748
0.94633632868347	1.00374090866654
-0.165963063981112	0.125507006081768
0.144978672822026	0.0935830301069115
0.0390132041138408	0.0238832570681816
0.855537653193003	0.879298586930989
0.662479613716951	0.567097601616539
1.08361800633101	1.24725558523767
0.320722039451267	0.276904981377784
0.768574623480911	0.889396427857848
1.77343150740329	2.60676189730673
1.34976899096202	1.45643144732411
0.881615165665498	0.972560183920938
-0.262853423072085	0.219307159917722
0.184318934064526	0.131500137560394
-0.0167095436718594	0.0130172935230997
0.903874665469131	1.02079614814892
-0.441666075520535	0.394593559671036
0.242697358582101	0.157674407165974
0.227872089763755	0.172022095541128
0.633894398667722	0.631462974030428
0.692590864308902	0.96875239137688
0.877379529581739	1.40951904714281
0.479730214984487	0.61313844446684
0.501888038394399	0.627044285815063
0.609833757862205	0.72875422553261
0.352402305745504	0.322011967734001
0.542178897626333	0.70134174795823
0.0652790820096235	0.0701483374843785
0.424504002548502	0.482038474999853
0.37500165659128	0.418092971383465
0.988596949698308	1.5659251088151
-0.250158322690536	0.280003934398399
1.06757519466298	1.1429178659202
0.146624043972822	0.149733160629218
0.0626156947908512	0.0556526096215773
-0.0165601490770054	0.011118067612845
-0.19041015287096	0.183477484271785
0.0480036998682464	0.0404137762791383
0.13660347069143	0.106791936174879
-0.772295071773274	0.917489180611858
0.574001907408231	0.513058800493303
-0.223844054972692	0.223532552393936
0.478113537779178	0.359094480790332
1.16076765777586	1.23245229386956
1.57825163347281	1.96980852013988
0.946078163007325	1.12300284526893
0.399545066607624	0.420451062746244
0.725170222294628	0.790965595225038
0.724992374200805	0.85686140886487
1.08022825203504	1.08156292793907
1.18400561662186	1.72113003953247
0.324501196317619	0.263956382110936
1.29848048683326	2.49960239776073
1.15034306035821	1.28058625665371
1.18410872198821	1.48166087952978
1.62224805833506	2.71059023537203
1.43413152073602	2.83691326339394
-0.323383872008293	0.314796891463481
0.293247528909427	0.282675799101741
1.22811353032189	1.9156840220865
0.214230477082437	0.192932774026903
0.76692717587182	0.769208458222859
0.654767981007187	0.721490107901644
1.2689360889545	1.57670432327607
0.135843191356321	0.106727336936364
0.743277519049542	0.75269514609194
0.261124588862141	0.270940722025881
0.636013809055493	0.643649108865863
0.295745240685956	0.284665912261979
0.764609871016233	0.867673494938232
0.80082013795161	1.03862191179673
0.130635915002293	0.100015915264972
0.698575537421018	1.06179838766498
0.300246369137543	0.366192427761373
0.473890136245851	0.493378276052613
0.154752405673774	0.145405836739925
0.460591223193444	0.355149016218107
0.76101882143443	1.19716780378299
0.638652960995355	0.797877471266115
0.682482105449619	1.32255862864463
0.7195787960027	1.03375285505745
0.420917445041908	0.485769566067445
0.337854032224683	0.373186706072395
0.802907391954999	1.36970699808675
0.401977236818439	0.485066681734476
0.636477311777477	0.832392958931567
-0.0716855756513685	0.055699546499343
0.530004331916844	0.748107855665653
0.877923462724902	1.54126954924206
0.497553792173113	0.750871929226769
-0.0821067506271404	0.0648551657141848
0.100670628643291	0.0903249719898416
0.329125882639962	0.357463053751427
0.479463845731644	0.439638588192216
0.00643091519692422	0.00520303697304963
0.223663810121559	0.212581180534902
-0.313012141131022	0.235283670635177
-0.00291034208714026	0.00215847120014253
0.257140754076803	0.24729162139668
0.00691969887745627	0.00488821094564626
0.843222702270123	1.09905102765508
0.314595338080809	0.207859495927322
0.788148646571296	0.876135141095157
1.25029811548294	1.37146455576696
0.724308347540983	0.75705997236634
-0.106876829168634	0.0596855493121928
0.770427899255726	0.699950649132258
0.196122092177591	0.149773094204356
0.47657313212339	0.460319754938286
0.580602614333493	0.638986033640577
0.341456430604927	0.284975123993599
0.518292098349828	0.61596936517689
0.401972854941487	0.367595545793058
0.550400047337327	0.698866621764313
0.830929226303557	1.39259488748314
1.37358561723402	1.98496300353323
0.278059078998149	0.249131666252762
0.239483740076964	0.208170075848407
0.549714565803642	0.627287209705968
-0.155442718902614	0.140969088899799
0.217795409638103	0.175438028357029
0.73337128878192	1.0075119040228
0.820384892809486	0.9442885410453
0.909736483841615	1.23355715684955
1.5861209257033	2.67820897314205
0.498812588258688	0.459304832873963
0.54855270215537	0.659203627814491
0.460330357510792	0.483308631766537
0.0504591409601932	0.0401073250764715
0.898740408138278	1.38066560753226
0.647657351644308	0.703716005039072
-0.0554149649635971	0.042506610976953
0.894234588115007	0.867692630493193
0.306011546526141	0.311946200829736
0.830272798344666	1.47998095998833
0.857206259835251	1.09495373362235
0.426240640121051	0.5418735669957
0.0526783343758306	0.0315597429016402
0.326605502337712	0.312365625512238
0.902843664760179	1.05977635834602
0.961219413437453	1.49095863737612
0.509608128055789	0.6807058207292
0.441734221828561	0.51782583623621
1.42249014093186	2.16882020726737
0.643610245783086	0.805156396498658
0.917535974127137	1.38213463747244
1.57855623721263	2.86300767949911
0.521904434175012	0.630867557261345
0.459775643741068	0.29015555313435
0.421455984410907	0.388994744511192
1.28421720968883	2.05371587735675
1.59536655221008	2.44344064726704
1.08041402431364	1.71767779140624
1.17554153331906	1.49072428907035
0.902564764615175	0.562439591229812
1.07944067401972	1.48935295182219
0.557631233233665	0.563537132211281
0.512927163898571	0.43979576452194
0.352993384654259	0.301620023948268
1.1978494401314	1.40521090376429
-0.15683097672807	0.101918471305733
1.87054005365807	2.43117422782192
0.284389054904534	0.264445986399866
0.583813702937556	0.655657033819862
0.756252975047358	0.723398829411542
0.577824343247358	0.475993585443381
0.0121257761335353	0.00739559477380332
0.409222128936573	0.330463825983253
-0.435045498330754	0.382652704205961
0.936947954430276	0.708125351820971
0.454913747850523	0.363790139167998
-0.587631542022591	0.407421695490684
0.547053863450855	0.416237497243224
1.06886473047645	1.08684651092919
1.085255116478	0.962873960625948
0.541926049532478	0.344258916008764
0.470988990428127	0.345840779052477
0.729818499951044	0.561571436440909
1.17300532090506	1.24675960626954
1.18434467553518	1.21444233971728
1.07317476003672	0.916026080832073
0.849097139677334	0.820333575288325
0.165022938241211	0.102027805553824
0.762043007134949	0.72127170531731
-0.501412071687073	0.315306063281789
0.588693042525974	0.430595885791836
1.58705346536971	2.01243734752135
0.701742254742174	0.673094593425591
0.716428211966059	0.702107442953846
1.04124329923771	1.13814712788982
0.568983701004078	0.516879083415401
0.681025673441381	0.652634681086848
1.47192666526519	1.54064445730633
0.633241159141909	0.525852628924335
0.598658970621327	0.430317989175214
0.310797713557972	0.234754176627369
0.850875217768724	0.708644037554568
0.800772242116106	0.629325749253164
1.40145904413244	1.53424099084754
0.658343749349357	0.652801685505947
0.339166677932909	0.18882901047764
1.11442394707884	1.44799092938214
0.972443343794259	1.26510699577042
0.469849988291138	0.36963538194938
0.572428330069663	0.486295192638797
1.15152292638344	1.30127331562592
-0.150960813239419	0.088588394902557
0.259086658281055	0.150506004900534
1.15894391978555	2.31740010783109
0.386449314622071	0.537759399985022
0.76110398865824	1.08488094007711
0.140786238079224	0.137238118572882
1.26440364035839	2.16140272705521
1.00885164512246	1.31673343985965
0.4732028062652	0.543289395589793
1.03441890160869	1.05065725351249
0.506482545219102	0.530158398157532
0.192944181558671	0.165719878941945
1.1694629182623	1.56995893525769
1.09427720214717	1.70649996847578
0.675672486421237	0.733664729547621
0.448289695544249	0.446610075183236
1.07304545470407	1.33182948912516
1.07677924759809	1.38685552083978
0.0793229374214379	0.0544714760926699
-0.411514730990824	0.349101077948029
-0.358654693346238	0.385261131101185
0.847556846955347	1.19197858130148
0.370340710115917	0.267106830212631
0.439697996923687	0.350813637777596
0.710585970418112	0.76976031113298
1.29994606207107	1.78634052665701
-0.0604191103704994	0.0458812242532994
0.689851691984415	0.743077807197972
-0.994576288058739	1.11680297507105
-0.880332160513369	0.871194529196922
0.773128897310278	0.942759066824048
0.464835541429404	0.359171941601145
0.141498180808756	0.101874209514323
-0.144124611067656	0.07800891471753
-0.507556123768444	0.495610968096897
-0.520214695772985	0.137880826745706
0.736502618536836	0.908313382137867
0.193494109852341	0.116971653588989
0.589462369369758	0.506944326902622
0.64242254868234	0.622321205296074
0.429108374338755	0.31724460431831
1.00284886825091	1.29749906048075
0.446924845084042	0.360923412671353
-0.131015747649823	0.0804250598476115
0.824305602538024	0.612713099083338
1.28162335424211	2.0966668228402
0.11826159705275	0.0749506764016282
0.389654336527432	0.35864273053758
0.690020199906693	0.60290250200763
0.27739094629567	0.229567999688924
0.778934486264518	0.714505794444222
0.287003029301042	0.235129388465496
-0.0328932217020164	0.0188126233194178
0.39095938353436	0.339624965382051
0.0358910603753844	0.0197180302827245
0.9221646490791	0.965992367891065
1.59093856033494	1.72181494424585
-0.125012167092966	0.0832496136533924
-0.58707421727367	0.572270985569352
1.15924135978394	1.72194302994656
0.938249998812106	1.28086935026018
0.111533773850908	0.0811030678562488
1.11682926818991	1.32498147352086
1.15756231034233	1.22224622808838
0.80420926499318	1.16709275448612
0.544939664621347	0.624690298955718
-0.181241590832688	0.17918300315267
0.215586728703531	0.1448359311081
0.207158989008313	0.122028900360903
-0.380009762244016	0.246360971477862
-0.31997683076849	0.272164679029792
1.12024916122057	1.27979228493043
0.752712944639287	0.88831306017223
0.662137921698594	1.11932456154427
0.908974821086879	1.42808083859468
1.73108695821587	4.24288442621727
0.632328982684772	1.03727038434893
1.37681222213884	3.13101738803222
1.10310189652993	1.73633758906646
-0.323507434405883	0.423341352887397
0.489428671342574	0.606100115819158
0.469642472651104	0.482513281524758
0.511687261862182	0.6898571566948
0.915470993252222	0.870823554447428
1.28077995714853	2.46553729039334
1.63743571417762	2.4978544473373
0.822573798326064	1.22442817501563
1.66393797878643	3.2080927514757
-0.15497851887048	0.150945973714717
1.25275211577396	1.76671456771575
0.791701122987818	1.13102803044593
0.422201340401537	0.502461821942941
0.977367198452779	0.947278378908898
1.41592103555698	1.76924174430443
0.378049921417526	0.376908404144821
0.196922481808449	0.202027332200461
0.45661060837205	0.536546207078651
0.833463049998202	1.1502054526266
0.433947353684234	0.402444133358383
1.05026940788258	1.37935000030373
1.192369109081	1.21860304854074
0.536005203286746	0.570816078546361
0.47036852040513	0.489935474571805
1.1777871593229	1.40633442496321
0.513690100574781	0.481019096838509
0.417019256206052	0.405892282850007
0.82417178008045	0.791258559608942
-0.320216807891708	0.240512765915765
-0.286645329163617	0.126716916138635
-0.580762390841031	0.460058816831559
0.698407848078523	0.493777378918042
0.449450033847991	0.324084122173953
0.279116216511382	0.176363039814836
0.656249002691923	0.56150146124309
-0.791917389220125	0.808985219543823
-0.906497277339298	0.882084080916351
0.0925666113821396	0.0647625096662871
0.588294668278064	0.550121287712972
0.683070037490878	0.734015750391682
0.441838026072885	0.384315115327634
0.168297060264219	0.113805812583834
-0.101214501995728	0.0721312999943447
-0.928546512147665	1.15627530487104
-0.49801544955026	0.396113720566442
0.816826065722911	0.904585902093592
0.167165624624954	0.146219779672176
0.183863506758995	0.176617944982807
0.283082732414905	0.217401630141834
1.15964540680624	1.40370969446651
0.306152475067538	0.219390618518096
0.809634978398228	0.884573346429002
0.971808170029077	1.11972022485582
1.50139361227889	2.14360027849361
1.09786655845595	1.56673452633569
1.21331150897903	1.99931424012511
0.526256536219167	0.545365559838245
0.487744455495353	0.458539088028021
1.01591930431739	1.16415571786069
0.463440015442039	0.350790534506025
0.250462552174348	0.245082101880231
1.14840389038551	1.34388051123437
0.713388645495431	1.00320170597807
0.14319076301481	0.108586364203153
-0.136859634983052	0.0953553082055455
-0.128512265469674	0.0677118602327794
0.413045138185126	0.28335088091414
1.48925951188273	2.3798392932322
0.630839433223823	0.775633121922021
0.694012735807679	0.699062219039307
1.24819202361866	1.40873950866755
0.650236682466926	0.620692775157683
0.541828304862772	0.622323028066611
0.765673580886169	0.88710196830444
0.158271175944688	0.113750871679234
0.504489693464725	0.540000045878347
0.743788393085367	1.19202654787794
0.821763788433838	1.24623894277255
0.63889979961672	0.936601847005584
0.874378695823342	1.30764102991024
0.699121838945412	1.16825752503031
1.581777880438	4.08386432771817
1.2049270336513	2.65644517434862
1.47758792588693	2.11461618758509
0.934786739914953	1.56522914809767
-0.185180591125231	0.15574530893508
1.53615491819044	2.65740042412484
0.611593389746255	0.780571769383698
0.892488643417727	1.12125632111444
0.562810396852631	0.637122689118992
0.984174950436687	1.81995632066937
0.195581994634516	0.167034132342987
0.550212470371311	0.631020037023446
0.940905000061341	1.23840409079279
0.468927938191417	0.469535175538106
0.317826578073416	0.312470545043124
-0.399555718034244	0.444828532250583
0.649979867106342	0.628992931075892
1.03654129512606	1.28713092356939
0.850436522806419	0.830536156769046
0.160179913017315	0.129545065427844
0.754322844321517	0.862397431907292
0.983943511013881	1.05381922502038
0.244490066098122	0.231705345275555
1.38143381799608	2.13001148727745
0.239013732275298	0.126408224610803
0.656476411903598	0.822476350844382
1.0031933583171	1.27364961266341
1.34347839261437	1.63297701352008
-0.128391535432287	0.0868103267718147
-0.56218894782337	0.472662576665208
0.133031658793692	0.0865168725033762
0.204626586939019	0.143708476189906
0.43718173370562	0.300270273603103
0.138432485128133	0.121047413298926
1.09857530957366	0.986607793277343
0.725406527892538	0.562466672605615
0.389087574147428	0.373474102423784
0.468501507900389	0.41668402329804
0.801720721147995	0.791319073219451
-0.348971965964689	0.25046527995706
0.0106249403196624	0.00699342431116115
0.0312993092250191	0.0199266208282528
1.00763580850461	1.14636953668545
0.0758257430943596	0.0580980358851078
-0.320641047167163	0.323840893655407
-0.225093922612262	0.169307209539651
0.357330112765949	0.316294085259005
-0.574816535539154	0.461437552386152
0.0482043675086255	0.0319683753040895
0.740198634619305	0.869210912775641
1.4216628305614	2.39947704627763
0.351063696299685	0.304210554669736
0.14405421426211	0.111153829367755
0.0748569145670686	0.044914997602855
1.07802220926527	1.01596175865678
0.779730823056734	0.782021879222793
2.00676507630325	2.8309746249993
1.88791071510537	2.64202689392623
0.88180632556333	1.19904203975295
0.810836774769732	0.889708307805817
1.45278373890034	1.82859196487687
0.532145207206112	0.402974825019492
-0.963811924233087	0.869365610274655
0.403638807552527	0.480512832614203
0.388949387823043	0.417195447268719
0.552740687992705	0.446779765682939
0.62394040560599	0.698858484234432
1.69706869508864	1.64436992300663
0.857179829366684	0.985624595559212
0.754534146746172	0.708377145072795
0.901462720946379	1.00292797640738
0.442438389809119	0.32382938491534
0.677053711496028	0.61560171999067
2.28008174397032	3.82097329872269
0.737116389718453	0.979943397985927
1.40911872051483	1.96578660124812
1.22955561006667	1.85461718418906
0.523596238729452	0.645889555658285
0.186658966568733	0.110684040881758
0.787589470716596	1.43635427190788
0.674284807011901	1.31229751209082
0.692255791911815	1.32046996534794
1.01009531745293	2.34374325128111
0.78492804593925	1.52567376748122
0.618059582153392	0.655313938527659
-0.823022858557331	2.21359767751104
0.242800085479048	0.267261720627486
0.908409375621351	1.42170223746501
0.656052800966188	0.895085741430004
0.602991256962224	0.717276219937128
-0.102118849691511	0.102310022730248
0.357545680554962	0.360712137923762
0.236129259915954	0.273781465289726
1.04571649771707	1.88491799519909
0.538038231985626	0.730639285928627
0.35184573752659	0.422571281130299
0.331770896348987	0.378123891054642
0.447683165974356	0.45055137899364
0.917651860231967	1.34689849966441
-0.154107539873318	0.111059270739306
0.787484105299541	1.17840777219854
0.592848561127142	0.75072026002867
1.02155976720956	1.10568697279586
0.359474608141808	0.320356298913182
0.464230266879697	0.537588146524699
0.617496700146807	0.872089090730428
1.47859745763033	2.28844953267521
0.959534388699244	1.48882811404323
1.13561369605734	1.42138330057465
-0.614415107347911	0.811363752706348
-0.383105222242592	0.4372386237141
0.288895582929121	0.281467619582803
0.53130814835074	0.606769159968187
1.69477045255151	3.12823043157019
-0.152239371875249	0.0647163921539269
0.0427293166628523	0.0325772684918381
0.328385009798959	0.282938955620035
-0.318462604107556	0.279210518332135
-0.239554011935324	0.205804152072291
0.291961391738469	0.282979000605464
0.315347969096191	0.307428985225947
0.0586694516052955	0.0423035268063781
0.282842020527677	0.267759253265484
0.285836638293128	0.258434618463802
-0.595068662477781	0.676123041787405
0.158957770777331	0.130984353210827
0.665355424075601	0.750185587695098
0.193797633186033	0.193050149077793
-0.180318710497937	0.155005068924241
-0.0127729199325252	0.0101150475586182
-0.440574302391826	0.481970561412553
0.7112691231731	0.733037107500978
0.779857103744811	1.04999896167922
0.625590409038161	0.660819797172938
0.589013368442844	0.615396071448623
1.86490811377307	3.17270771275277
0.912174637790748	1.00161321777173
0.155176441343271	0.120783183206711
1.27634610924389	2.1158652520863
0.168216177252868	0.147926138757306
0.450424143854777	0.550059193103071
0.616465058355442	0.668892876570547
0.0408815104723984	0.0320036145304351
0.485574813449843	0.67065799499172
0.255686752797772	0.231168864583317
0.824220373120875	1.30913454456976
0.912505540688196	0.607127079756061
0.699244475928512	0.866217434579849
0.371981102552166	0.38800690339899
0.670756071688582	1.01006106727797
0.525106548282061	0.489541784971557
0.398668245058229	0.328639825097402
0.842017921669968	1.1536303044205
0.561862600130657	0.760686495512705
0.252867276080621	0.267225424604179
0.923245065873687	1.30381879977797
1.05056566327027	1.53478025158374
0.412042482322465	0.4159114065952
0.543203800293743	0.651501878348735
0.605907449447978	0.641562033988966
1.33486456564161	3.24927470426762
0.451226819085695	0.720354227662404
0.336280769737225	0.439816517181721
0.638077135556974	1.15428106289625
0.71367323974646	1.44055787566426
0.66357224448334	1.22174952674193
0.570204089891195	0.932913203340085
0.755008035171683	1.70925187744015
0.639317770370486	1.31101551214237
0.684852528925105	1.02799175816592
0.902436241958723	1.34316268719009
0.83596978121677	1.5565126133617
1.08446557621557	2.07368573223458
0.603934844840462	0.81663739306293
0.647021206574263	0.912664252028726
1.69840450375735	2.76870785024049
0.777548146092087	0.971223283434779
0.552354972233259	0.708065181514517
0.862533607737851	1.45917055441329
0.501278605798688	0.57151922820207
0.495887577297842	0.710591783057246
1.09207438363359	1.85657468569422
1.03658878252196	1.62425691232175
0.46056619540373	0.521626851453968
0.524207985294082	0.522833963168158
0.551079880531103	0.519725215594384
0.713536956393405	0.683461309179707
-0.166986374380258	0.144109428233492
0.772584161476269	0.893931470357968
1.30756415312097	2.08667401129859
0.350763524580838	0.360027444187645
0.659193639017134	0.960837387407708
0.853385059147061	0.979427283136332
1.02284301735085	1.30471470778157
0.426272982363813	0.456876993615395
0.388135781767068	0.296988747679632
0.607538236747432	0.676595283971134
0.176557965509661	0.157450307223673
0.829685624452581	0.686672443163025
-0.401853530622214	0.442515901964462
-0.174173861769455	0.0880535664094053
0.297589295591887	0.270698925699481
0.951380777924988	0.981707294657526
0.277197697781914	0.222777148243654
-0.117857763330412	0.0893402200689503
0.0393010945828687	0.0316573129207652
0.123816091904736	0.0914501722445423
0.744154902376518	0.742860776845259
0.621790102393945	0.61738040610743
0.771582915548089	0.837485878706169
0.624701277720332	0.689492250830664
0.0557850103883443	0.0340201660296204
0.0262035161953473	0.0179163886712211
0.929332817029623	1.22711135353059
-0.399370382160311	0.351771307554903
0.358263251552801	0.36170414805236
-0.58503616741177	0.614933928711858
0.488299024966006	0.532139534424457
0.337415142192932	0.29908024086193
0.599779044131455	0.702160903699792
0.864322685477917	0.854251270944383
-0.0534532203200082	0.0304830418656935
1.58427447858324	2.3497690512931
0.878707789803763	1.13186005819951
1.15629953174574	1.72227318309563
1.07832077796651	1.30239910934504
0.521097837218852	0.468417542414542
0.560172739267911	0.451170795944162
0.876556402320082	1.33600289295406
1.21018478093952	1.90003457120068
1.09503690356566	1.82641966683009
0.528241507526179	0.633646856372468
0.751219750429511	0.907800792971712
0.0271646936042799	0.012568123834011
-0.107992924725166	0.0851215362870228
0.865221255944695	1.08480289624252
0.627531423245199	0.707760172459777
-0.375640064970627	0.291246707928344
1.22057989538839	1.62248253450712
0.79673503697605	0.990431799561658
-0.191751094618151	0.192692408611147
0.267578134415552	0.183980584121911
0.506000772321603	0.446048960295822
0.685135972007276	0.762577550417648
0.548439936980794	0.589306886067364
0.20354713689995	0.179394988291868
0.965769830099127	0.902628853838405
0.408451198072547	0.296920148012613
0.591939840097243	1.02766697439298
0.377107332424918	0.528482564500433
0.747326624136162	1.52707165957405
0.746707578075957	1.50658567915778
1.51479100585445	3.9880717646835
0.64956588607063	1.30701855629154
1.31460394264208	3.87146908975841
1.19270083934254	2.59612521501147
0.471308877466474	0.731666867257185
0.141933969555319	0.141119533323645
0.735801965177697	1.12557108668268
0.473262680321063	0.63173102242362
0.559841322347158	0.61977701167884
0.252632635755348	0.231946022307071
0.548428523203488	0.677875839509519
0.113541946230575	0.111830427409311
0.607781771306484	0.854567078086536
0.629700513857361	0.8112008263024
0.285454086786823	0.30444919266395
1.03526584534958	1.412659474023
0.824388563139848	1.02256239697891
0.380943324863997	0.359197874208814
0.881939905605413	1.33236009952741
0.173924680534024	0.130656419718895
0.567523575598529	0.540937795050061
0.41659091778751	0.358672003392887
0.63021803075559	0.536568954844751
0.806327571175294	0.961532652024175
0.762105651450202	0.729585710751727
0.29630678743536	0.213581202490532
-0.957188988319514	0.898572260982888
0.473434027287625	0.30732634975953
0.477539260252709	0.371340502833243
0.373381790425447	0.318312865044272
0.252531113587179	0.205058129992198
0.483516999829462	0.397543582428392
-0.238127310135826	0.194263066351213
0.490380663749467	0.381590344816286
0.528835954156454	0.594580799082331
0.353805486177745	0.299556233620149
-0.395999739057248	0.379104384276258
-0.103654987521977	0.0691272313479515
-0.251854225358431	0.19414277276603
-0.571287393100672	0.585609791220585
0.0372285850507142	0.0280664430389846
-0.181331048592669	0.150536291111103
0.443354489851751	0.410180173480821
0.86198347585303	0.766384948365428
0.946208403593221	1.05343745880233
0.635333401069511	0.667379820104385
0.61478333345862	0.671866256185542
2.03408409561807	2.16639715722768
-0.128985279672539	0.0866237112932726
1.10889575470156	1.42324448052321
1.13430651928617	1.41581901648847
0.194732976776648	0.153976288900018
0.141924343528629	0.0967991191060727
0.256445945268835	0.217971543190433
0.211213793973021	0.190264294842711
0.283429973653723	0.230270072901035
-0.107001688709908	0.066693175993373
0.98053345041262	1.41552721520097
-0.202446388296359	0.134702152262194
-0.562329612990898	0.53821931901002
0.282958015322798	0.227725008672304
0.296135423496035	0.267898284877035
0.715764645324989	0.747118214493728
0.240425874963381	0.225442091444253
0.944101929409995	1.14654765310273
0.633538639853185	0.497192058017055
0.427409494903031	0.43495252358986
0.559750764508019	0.549237848772539
0.330149041119077	0.216443329961903
0.450734003011189	0.841201035278216
0.424453392639282	0.743548326403492
1.36709807298237	4.103070606843
0.353476417765426	0.480714999596378
0.189141666885353	0.251634090182575
0.628165401341215	1.11321411368343
0.377999279414595	0.462259586965991
0.594973322136292	0.894623557287196
-0.164185880242804	0.151229814234839
-0.0300212297734663	0.0240732028003737
-0.0101307082398772	0.00922188229574975
0.161945868274916	0.145617010962176
0.598623370483075	0.777499804337247
0.506911674738583	0.733731941557621
1.25320440067744	2.28935257570089
1.84507043717048	2.78776620379261
1.43770111434776	2.20004968599263
0.491089348238121	0.488444331498737
0.53573058713637	0.584099944418717
0.379004623033252	0.27122793230182
0.86637753752362	0.898715215095956
-0.748966567351486	0.897179143846731
0.732925799955836	0.559050395571701
1.05826018744409	1.16239577523217
0.526892963176791	0.463344540158061
0.586483209127687	0.556362688733132
0.885758217221593	0.965407059071014
0.490828227367097	0.495097840555015
1.06806054215034	0.970614809189223
0.332142291363589	0.23239708832726
0.0383929985269061	0.0259166802684081
0.326558027186561	0.218317506482859
0.85057953795207	0.86613541184903
0.329838785647283	0.253525630210747
1.05817369037436	1.33890821949607
0.651638613265337	0.578883089883299
-0.110081799227956	0.0988282532257207
0.105182753792168	0.0734411422306543
-0.362171562129531	0.347354217906852
0.569662141000718	0.657725964812607
1.64121088191351	2.15089310501888
0.318083870163375	0.213303002923778
0.138689584508611	0.117797765680419
1.0521300958145	1.14323633909163
-0.458305786177471	0.440547411504622
1.17240540195899	1.7386431890427
0.162569415383519	0.121703850327333
0.00521056242890273	0.00312141149029417
0.323176473714275	0.255801856603371
-0.0677473041494981	0.0624798794450349
0.344529692444804	0.317366373004856
-0.513124432444585	0.571662467520247
0.760017112258824	0.87141114901904
0.00978757243413577	0.00651195907066937
0.555236841464495	0.466710249243832
1.08807020108568	1.52486374624766
0.310144006308681	0.228901201009287
0.580847387177893	0.548984395346818
0.218113999431896	0.212106966363087
0.481138013340743	0.682708143831848
0.636706604742183	1.32130586130268
0.693551293580839	1.2946937544959
1.24403374958994	2.23316998038784
0.198132223692311	0.175901931917394
0.313253218894186	0.363516936294118
1.09630564633105	1.96789530606454
0.117897095221693	0.083018825314289
1.02729977286544	0.905890090976306
0.583212713847755	0.611030998568735
0.652473490257294	0.735775074625138
0.425263079359479	0.424023623688513
0.76277526089885	0.873242472268953
0.64951272908291	0.558043748995211
0.581450723682301	0.553599761539933
0.0131174453308485	0.00835438965083081
1.09326948677449	0.879017185972179
0.494712863048963	0.412675202408947
0.38246390473535	0.294546286234049
-0.0675109472344458	0.0416037220684678
-0.125454861753245	0.0662832634584392
0.198218987997972	0.118884131796793
0.988477057363828	0.943806640043546
-0.568673446853894	0.376408424263618
1.51319589919266	1.79008398996123
-1.04404836812579	0.742671261864931
0.220505545126996	0.131530148190222
-0.305952240338293	0.154960336684112
1.51945228144358	1.95560945604016
-0.00951564684954845	0.00561259134071923
0.876643364068876	1.00529637645631
-0.160549266928245	0.0889590952343038
0.489074699812536	0.32766476805773
1.14114929070336	1.28853543160798
-0.310265737522033	0.215867853154941
0.626267573886077	0.492973338066967
-0.611716199260371	0.347196170565589
0.725754123183721	0.557403176570948
0.427477733351598	0.300118943564763
0.86409671325331	0.772376201579717
0.574070451348661	0.574878893362687
-0.902028983758714	0.589725214431918
0.471289787775345	0.392088615179882
0.0415894380575294	0.0288338063577021
0.0908796392984651	0.057285715322897
0.55869871440668	0.549553767446387
-0.0640682029954248	0.0348376562746234
1.16443642552405	1.23882084078039
0.863714868842963	0.725351499413501
-0.19919373970291	0.121673835071601
0.867622933413405	0.898993319491644
0.846780292584774	0.90029625877379
0.669853136626622	0.592639100697293
0.754964682286408	0.663159999569766
0.848994337146352	0.827686253387296
0.388091593521035	0.548256866345326
0.404266771020875	0.485741952575296
0.691632233710881	1.39049754464779
0.256947507825702	0.340356248862472
0.759111098312182	1.60759379727344
0.734366944711158	1.02176815202212
0.428591626191571	0.550108450711574
0.733217751775709	1.31241146737886
0.159394318692152	0.157527064526447
0.480276316831265	0.548973108031209
0.0160603078563039	0.00983657618508148
0.969882630993207	1.4843674737824
1.04943131419877	1.54532655789356
1.43412102627369	2.00030978706002
0.794890654129264	1.06692074757953
1.11707443323583	1.30998178054417
0.459800119029198	0.395745253193927
0.0374938532808481	0.0171240898752552
0.692381416233508	0.779389941914537
0.417105259031651	0.376724728846647
0.563068840287415	0.542864690882937
0.179781246215228	0.116989677697457
0.200415645949194	0.148884909375661
1.07935059422846	0.929182500477189
1.1179000623428	0.969575477068494
-0.293447428114714	0.18574592783277
-0.287843201819027	0.172689452319174
0.757378636447151	0.705249469794101
0.0364685389996255	0.0229199971095271
-0.593349781544451	0.392598906684122
0.391514685881976	0.380396981887388
0.661267975451438	0.554107690981674
-0.0152232875136016	0.00881502775020518
-0.0417270762172682	0.0224600759206788
0.250219018785244	0.162824618657937
1.3209020899699	1.30379978074591
-0.901378244614922	0.758683330133195
0.835785321279438	0.673404831300045
0.489856460998589	0.498494496665165
0.630997642921358	0.749844000754671
0.217671750345902	0.177350841014082
1.01962584778795	1.15529033499395
-0.116391295274324	0.0861171718400314
0.322560769179926	0.304799501063549
0.0106329482576275	0.00598637866939633
0.923756397238356	1.21294872089153
0.409303104066172	0.24650800925968
0.480337206310184	0.493324403151254
0.415100602229613	0.352583116903765
0.416864401808659	0.395074939317005
0.851224435637524	1.49175894353731
0.457602686954831	0.711010611142761
0.52187458557623	0.872781640209814
0.496755128184743	0.724594389740127
0.721769894850943	1.21780613104254
0.960219026946396	1.76693131591645
1.22216410032511	2.52797730371776
1.04243777092959	2.09306559224735
-0.0639309013703684	0.0656441444117293
0.806788495477129	1.50941521395778
-0.0645748084096563	0.0572881319005273
0.373366940429166	0.311477566065249
0.657321045088963	0.848563899918578
0.809975589496344	1.07200333956765
0.748958193877158	0.829224840277786
1.21366841535615	1.89794467789592
0.884449340894372	0.982547601864955
0.401542440286376	0.308483917737756
0.388878909924498	0.369820023051902
1.26529368531233	0.933002311264059
0.192433525828061	0.110429990063443
1.51970899964667	1.79153053643427
0.43793802591653	0.303529017971637
0.431258271599751	0.287199883894433
0.418238552244949	0.316927727997435
0.816984902407754	0.579479857396807
1.42587464339639	1.59903115878453
1.49456432469982	1.51308064634885
-0.444365506983662	0.327219361924432
0.866838996732905	0.824148864227366
0.516268360505214	0.420262756095152
-0.339822145991757	0.314944445439085
0.807666121326977	0.929821329417584
0.473733185973475	0.313057886001359
0.107360778882141	0.0580617381549939
0.67800211400765	0.43707148606824
0.468722004637218	0.366762672766415
0.743163476259319	0.54241640530745
0.929941200224154	1.02365605762006
0.726884099287444	0.667522747273368
0.834525747100795	0.612879315748085
-0.157713075536438	0.0832485389368571
-0.503558437173188	0.252827096612752
0.430775055088723	0.265214247881113
-0.0152693316112674	0.0105271955247053
0.385038515368149	0.30858804609116
-0.146075337109988	0.0958090946230829
0.138565140778422	0.0922565615414955
0.14813923450532	0.0764976111722032
0.868885510968806	1.69779846912146
-0.287793704763035	0.425850569504673
-0.0493916417063495	0.0482654154004984
0.465369160411963	0.614989782539789
-0.388099875895941	0.479580184621805
-0.361229999086254	0.325629985155337
0.730889382831249	1.14342339275808
0.342606782504606	0.331115641389349
0.909108825458896	1.06656656397236
0.960201896603211	0.870166031871064
1.52777958800949	2.03180119477012
0.109991023881673	0.069834508332227
0.713476753954962	0.563064201290105
-0.900847914106553	0.664971127059187
0.922001097576238	0.804152715678983
0.843131579180158	0.91562440567041
-0.078610340868579	0.0429588939795564
0.585505126477946	0.56777602599347
0.102812555295693	0.0649532975558326
0.0986310893264426	0.0503935299072726
0.573544080858533	0.47014952505543
-1.02806093725046	0.648603867790934
0.634549586914962	0.612471537181697
1.13826270019711	1.69266769547448
0.868378278706115	0.825706267317429
-0.023224049081763	0.0157786323680132
0.521678777835474	0.380629030612487
0.750132415810187	0.702680086280189
-0.706095615520678	0.438750179524115
1.24408888057354	1.72027305671919
-0.648106159215302	0.465752171814908
0.747333121716777	0.836900616591201
0.159163907568988	0.110722066821116
0.0706669981310868	0.0455866787542547
0.679452893610712	0.606991951201512
0.0321997050983535	0.0178367713895827
0.341564637145081	0.322732478727604
0.186562756007184	0.153841451083451
-0.3577050560461	0.367362219422346
0.683405110873331	0.575760057182817
1.02944344113944	1.30374184950874
0.176616959835948	0.0919149411353493
0.806893845732512	2.72840202384013
0.619926936256057	1.94579648156133
0.74215037302632	2.21220820273987
0.624342569442626	1.53738125861548
1.14999898647076	4.40845589944174
0.75914449395224	2.28763700640834
0.831302512407963	1.98169604890425
1.06384025014864	2.41354888237804
0.219926525230952	0.303885131951096
0.770949453717027	1.27502530321091
1.43755384798605	1.7741984802151
0.82044638679516	0.581715201408979
0.375915591669818	0.244119661974186
1.09917770533928	0.979169005113406
1.56147004931173	1.89411177631051
1.32176201725096	1.36965588850245
0.107103786096667	0.0559296540387675
1.55379472029431	1.49603111246405
0.431326655440204	0.303449295925033
0.601817829571519	0.414548694950383
0.259459020362992	0.209046489994745
-0.311870582459877	0.285255290963664
0.514504820346464	0.421938306469499
1.15392873337429	1.46355928830478
1.46394661618742	1.83438881965565
0.504755762339936	0.362346785676247
-0.430725168758593	0.365318171284166
-0.111911764576433	0.0500710724177309
-0.305844700889661	0.157608964300549
0.0304878131421252	0.0151475153534722
0.17066677126746	0.110688071058894
0.481750293192932	0.437922357887128
0.693688717367407	0.724432685654657
0.365621738826852	0.204227394016173
0.267342935588732	0.16443549174892
-0.571938694466596	0.533320565305778
0.932115676347471	1.21729313395222
1.41848132087352	2.36884562460866
-0.462143825599097	0.447462939488458
0.398117134747929	0.274383329007078
0.263445641534466	0.12936212825391
0.601946190086785	1.94989122562246
0.370236773899045	1.06081963141146
0.765523591231485	2.70095235460453
1.12474963449557	4.42690959084015
0.8911926680584	2.90091767606273
0.65013997836889	1.88629665177453
1.58932618906039	7.37338219722233
0.809104279446667	2.66424156106171
0.687456530672764	1.92461004463584
0.444811499469111	0.852823380127478
0.749431214623501	1.58541821555168
0.580413687179621	0.915958469873135
1.19994732256787	1.21864755502081
1.17026530158431	1.2367999485036
0.681886980599428	0.611365425264225
1.65808180975389	2.54866259462238
1.25454874744616	1.44090520336442
0.518388787152797	0.317965129228119
0.841270975863515	0.828854515077517
1.95822013217453	2.37540707973699
1.54052048909108	2.16427272968003
2.12386045790001	2.91925947554546
-0.0173954030184376	0.0109694066153555
1.8753548555883	2.6094140351846
1.37006546666918	1.61622446581889
1.19442235544868	1.58993317352497
1.33266095974342	1.25730068831434
1.15265556882718	1.48103407275196
0.856850649681515	1.34256827488188
1.17204154938942	1.15999293571994
0.758130293595468	0.754733599629665
1.01834881605985	1.16942343917832
0.481686425321996	0.406428731326548
0.1220081365535	0.0660020272775601
1.45478376956503	2.06946042691314
0.413921875942801	0.246143747141291
0.684426755800372	0.730894490974338
0.269262826457489	0.219379395842307
1.68186966390116	2.89106926624505
0.379758286052648	0.33330170387985
-0.175172007456822	0.0930253066483571
0.610924281756115	0.67203991787894
1.16380599772817	1.51507867844748
0.064521384640905	0.0558246489626103
0.51513716422816	0.542650713084223
1.12198930767239	1.51720379028394
0.611436915059557	0.567089185482604
0.238484837764521	0.166015801592814
0.552970539357674	1.85855523879153
0.765987288608784	2.63656812041838
0.780540114512624	3.0458002630515
0.978607387357085	4.13283148406759
0.52200139407219	1.42012816429267
1.12699452624193	5.23749624883635
0.818564812150806	3.11932000287956
0.496213222397197	1.15148333223074
0.53924954119193	1.06265760364263
0.625211735093602	1.63449093479173
0.924111836323463	2.01681316236397
0.857895657980415	0.786758446311091
0.727160560075665	0.805203426521906
0.770286394653227	0.962766460501091
0.174207570480335	0.115218874565753
1.21562364553702	1.38829478393021
0.706200190698392	0.873856455455592
1.64941741680104	2.17564436859254
0.363313905210157	0.32192983696145
1.49170286608789	2.17071165462302
1.42002170080722	2.27654790998518
1.18502969750608	1.20757644233589
0.680304259107841	0.627730821576853
0.22954164715309	0.2091089932796
0.590118542430116	0.728426984050134
1.32674897270481	2.10210061406169
0.879748869271224	1.17803505534076
0.378953020448744	0.306775587626908
0.47054068786878	0.415707200138143
0.376424394460267	0.231882701441948
0.106130486739533	0.0573509075897753
-0.0909722326082299	0.0429361164876994
0.965419639407494	1.24692059688725
0.0318945480768914	0.0228855123092349
0.711116435875226	0.973515057860027
0.0537448877490126	0.0323103662351432
1.66612320902908	2.20139930603848
0.372721458409041	0.365838240115997
0.0840434896308388	0.0652156678521667
-0.231876704339944	0.260995576925725
-0.317466148261947	0.277598372505387
-0.25848265126396	0.216296265380085
-0.309101276736787	0.190970977739183
-0.0256022226538757	0.0174230289073105
0.485865177007063	1.18996884199608
0.681263471812496	2.27055475891627
0.532356298231086	1.43346927740907
0.592203173112204	1.59961031473985
0.542106191537723	1.25719876926508
0.613632446660826	1.58446589353318
0.501332021702819	1.05745732470392
0.996557161205003	2.83023102557139
0.911067359154733	0.897940256763249
0.729846567601352	0.530970490826765
1.54113396215574	2.39683086165569
0.845330400132874	0.87630481104758
0.825990290198775	0.892340552012261
1.46457325926973	1.94702439518669
1.31776548034965	1.7952771107845
1.53141525387069	2.16309534217149
1.24540587697396	1.64314395002564
0.803009576673963	0.876267726532835
1.51286896581147	2.12409394959578
0.129053961383509	0.0987424986770411
0.561385359329843	0.504913110411463
1.45603901037639	1.80640408486705
0.401573706685081	0.327318904287364
0.721629156647907	0.825357043497848
0.662418865683978	0.628694729796552
1.16055645708083	1.53683620721769
0.40555745848022	0.331739639521396
-0.459761279898792	0.380245673355046
0.387111188119643	0.341003511016414
0.631000590755541	0.699916433367579
1.68295596159701	2.77926369209051
0.513282849291743	0.360720355069093
0.970844133833697	0.939221017007089
0.180701343060832	0.156643588556555
0.986950925991547	1.72347859461408
0.363171660864355	0.418734914403283
0.382369441710879	0.383119746972597
0.942062769231069	1.35661891923034
1.35908085627467	1.25462244088486
0.474899306880412	0.46507069376788
0.381485368039942	1.04770264135497
0.553481633046986	1.70857301773441
0.38113783207393	0.954194241297501
0.562547075082505	1.57544113993627
0.562306483044925	1.67812126724838
0.769670434769295	2.18444663256929
1.01299058118138	3.82452540349593
1.10759902316209	0.906828837116704
0.918696476486557	0.979886781996709
1.91186528779015	1.91397154153491
1.46440901979007	1.84272899336579
-0.0593741689760464	0.0338178365224942
0.512470968042908	0.365547241387138
1.5607596382901	2.63863629796606
1.14067875097627	1.32099191926864
0.646598015699164	0.642940747148677
1.53303285425171	1.96351297961245
1.19245381054007	1.22464663546253
0.524871452465812	0.513768299938258
2.10632221724855	4.74851001006059
0.384276978457832	0.314636076048843
0.943400147340146	1.02896659723988
0.290402821761395	0.255013807615991
0.183834625260528	0.150556535817199
0.850887884442794	0.973375152757778
0.971574391177399	0.794194922778617
-0.0863455951119679	0.0456467276921787
1.13718368996677	1.74538691046117
0.692121926328958	0.8338403948198
0.714591856630346	0.791251556149276
1.51976224522464	2.3009568721592
0.176779710796052	0.101581063061957
-0.661884661012376	0.739252780708663
-0.20604078255179	0.187392460294501
0.0660963695198753	0.0603930555839556
0.564559359519809	0.615525707781519
0.0909711421171025	0.0677495640341878
1.2162651602167	1.46292598678019
0.873039366844113	1.0273382951061
0.343263061150499	0.72753256068399
0.491732717827893	1.28290208591926
0.66190122261248	2.43532545934782
0.717675218833463	2.29459270804999
0.852532104562789	2.38457057889324
1.1678647567713	1.13715229103409
0.916491952166969	1.12260095336843
1.5831602348459	1.37525081296717
0.947475198415191	0.951494525048003
2.277974272673	2.1175090653294
0.368836696339447	0.291461782728008
0.970799973916438	0.79031738016781
0.283358659989609	0.19796570191516
1.42035035583071	2.11572640279387
0.739118664734495	0.713549058367103
0.952732520007941	1.18160369284112
0.63454613072621	0.674116937599057
-0.243472979958241	0.170445951737831
0.669959598223513	0.570810797648315
0.241548738691681	0.130810171141539
0.482011412093031	0.325930654255406
1.08482218828343	1.01606628673219
0.501520254616124	0.478369155531499
-0.553488947714559	0.453298311270097
1.18657635857474	1.43322714053152
1.15282319253043	1.1795405507689
0.00796482458988442	0.00456358418668341
0.32898205763188	0.277626159186956
1.56038308106512	2.79381958026165
0.675900368472162	0.849258666627674
1.4162937411363	1.8024220603919
0.67007975838308	0.598040814554942
0.704177261736776	0.391161028284231
1.14403050984336	1.49896605506779
0.550343685446221	1.46334039997295
-0.046964745743958	0.0682981725720182
0.335819113879594	0.742210309543106
0.802017879393671	2.7424268277873
1.07126589892618	1.01193805893443
1.18812376307764	1.01897605281561
0.715468360765566	0.496554875509984
1.20690978379137	1.21448698136714
0.58945327867395	0.570164085665124
-0.274936678817167	0.14870251689632
1.0997808195348	1.41947443239075
0.607235184734813	0.353368463186062
0.171363892928649	0.087958021754282
-0.419133588259733	0.193444318728871
-0.167618777382984	0.118524307570938
-0.608396166608658	0.412253546302554
0.97124672982385	0.831687529234449
-0.125171821773603	0.0758869815439878
0.310550324313563	0.214944092564824
0.391096494598181	0.373637461202836
0.760578002816185	1.10943391366464
0.658526168897198	0.798325444375598
-0.696472431667544	0.641638509437233
0.739368269175261	0.745834464175451
0.244555130671651	0.157985939544984
0.715901528427088	2.53757343979177
0.89051155680677	3.38952090145122
0.219278828817121	0.433406685339133
0.834285769769629	2.97555500632981
1.27317906685128	0.925804803486811
1.08983956930477	0.978573501507527
0.386536506131219	0.28650523819062
-0.206339428905489	0.132976470655718
0.016699253790287	0.00862007560449178
0.104657562574308	0.0568697741092909
0.865747698658258	0.78120055890273
-0.606119205846287	0.37132668087352
0.948056869701398	0.779025880227019
2.26606066299224	2.36669538551869
0.0888514394295379	0.0542251831664914
-0.144044641272741	0.101721691943837
0.244991866343869	0.221196972361334
0.612455410100935	0.711045514898125
-0.402238283413544	0.264442655714234
1.44531766441015	1.82254100907844
1.0840139214441	0.779453036109946
0.339447369189889	0.222666054713723
0.663966091530895	2.34369998230955
0.870027302391105	3.33559293760381
0.766873939767815	2.46676893353141
1.18031057167097	5.17955623746553
-0.0659801646030892	0.0333121391476341
-0.504899581384884	0.292996954233687
0.278187570154757	0.194794492093786
1.26184818285683	1.37483331036178
0.515864271274446	0.269532762737643
1.30396635907079	1.40785330118861
1.22265275167828	1.74235229098841
-0.369903330972957	0.308438742477583
0.331767030258117	0.306729174357588
0.911617503154565	0.906390400793425
0.985144062577093	1.15193723657285
1.10253496232861	0.836314328541064
0.508613561959258	0.352273865102489
0.2544380288759	0.218994279836107
-0.121508858873669	0.101850607452351
0.597774444101747	0.51464874919286
-0.339880998379723	0.263213152435
1.94155168463865	2.30797131644779
0.659584727589327	0.568417238634351
-0.209288901203341	0.172134385599321
-0.12876247807745	0.123087629940287
0.0694365055134785	0.0692287395040308
1.08996820552259	1.65779842725691
-0.0466582664765873	0.0399511159501807
1.47361972794782	1.11067521922224
0.41654719904877	0.366917900673561
-0.69611176183693	0.633952227615832
1.72222651409398	2.22061640212868
0.929676564810439	0.982213258526224
0.927027654039154	0.673270826224995
0.615552915902546	0.473340225226928
0.012029596537498	0.00809751772615602
-0.135620577420309	0.0806642350372966
0.534696521318976	0.381837488318487
0.368911577449242	0.298290033534749
0.529242369471892	0.569090356458703
0.422133165902504	0.288180086778801
0.956705119386553	0.996183114482357
1.22947269058069	0.936903092425877
-0.0923265640296105	0.0319152038010471
0.465256852858965	0.260998159276938
1.839592119948	1.90157299001948
1.76381083405663	1.61199139205757
0.838435960385569	0.904244604443747
1.02815736140642	1.5305246121667
0.74835148078273	0.728820516588408
0.250577603930111	0.165045342016966
0.09246477037638	0.068280923256193
1.0273875759774	0.535400979897567
1.29283840210248	1.43753443230314
0.739224279128998	0.449373998659736
-0.0669853256627287	0.0315840345376173
0.544951504893504	0.293439936508449
0.522016886986163	0.278804154530764
1.26521779823437	0.862549513334846
0.280525980346396	0.128474361881368
0.615734125467684	0.55823366688016
0.133480117190143	0.117236266163199
0.273914782398601	0.241967439637035
0.868951215056237	0.48680916991798
0.499880673864155	0.327629315023254
1.96891733355321	1.53112224467541
2.47177468667857	2.113302103715
-0.198055191208679	0.0774454067054782
-0.298792911859562	0.133240017974981
-0.439212329288726	0.146582956276696
0.93728766007015	1.12137105615651
0.568842568641205	0.52141542092589
0.820491967882062	0.946564154942132
0.763524794908424	0.510406016247485
0.542949326479628	0.565637226171589
0.717372319004543	0.825855263585144
0.416202446683776	0.353037665095271
1.51724153228036	1.43608781467581
1.85015541238517	2.18253626099394
1.29520156516966	0.774284741401229
-2.83249128745503	0.934154025578548
1.51844085213195	1.04248137099547
0.0309796366223125	0.0141434719971826
0.132656334978355	0.0624032943258293
-0.0943267873743344	0.0317741127495877
0.806041402150833	0.755675665191036
0.658270530415244	0.537880627299016
1.23535014712968	1.31876980718608
0.868764026589048	1.02787128566792
0.951507153497304	1.00719277061476
0.739531879005789	0.634280931504651
1.05531452920536	1.08023744843377
1.06788995202231	0.669738975356751
1.99700777639113	1.8108822998265
0.614602375516485	0.305817202826556
-0.260193857375371	0.0970066556468691
1.55310523311379	0.95867684319314
-0.781165332623762	0.383481001418231
1.90327818317642	1.83638635210645
0.427847479236785	0.200054926696319
0.401670285418317	0.205291729847709
0.560200079488986	0.590206028033381
0.85581622532745	0.752531637620598
1.01476317348474	1.13815973676797
2.2199634078717	3.01164766271009
1.54859687080921	1.88243175449581
1.09363925451947	0.959082006403229
0.392825125071097	0.199076298189306
0.20584308379178	0.136540937768783
-0.554515010686662	0.238899146966057
0.261964526332602	0.118506717983307
0.139853640178764	0.0541151520740039
0.521485548032677	0.26707758056958
0.931122649253311	0.652484411692942
-0.176205199394476	0.0917892722088168
0.780217981581598	0.529608944302105
0.85609474558016	0.751492363937371
0.598092956267149	0.444756513269654
0.958587733294952	0.967301700752557
0.10179886844576	0.0670389667457161
-0.0857800253203174	0.0406205997903705
1.31990539126525	1.74617774946873
-0.24786081174021	0.0765341263355769
0.789266966781031	0.371556008087125
0.124307668837885	0.0486149743281569
0.493413561690558	0.321682047762648
0.457744926540098	0.252693395434092
0.430205239542498	0.201311101985935
0.561175018938328	0.521391797654577
0.208372901377165	0.162478794496596
0.817097375439757	0.828539213971454
0.963071147979281	1.11627366898118
-0.0874326941212236	0.0418906200969372
0.582814539773221	0.404730223382805
3.08163507649875	2.91305357559752
1.25077179887952	0.984104035049505
0.218541759359842	0.116777791897721
-0.21385617719034	0.103825146379273
0.939180926382078	0.739046974350636
0.361556268703954	0.197374715214526
0.677030107410104	0.602357508345284
0.960604538619405	0.936826547163506
1.54878810560822	0.890956240834592
0.12520915435859	0.0485211808084184
0.302969209529315	0.107728925993264
0.320252995132102	0.0952285767224367
0.589248647866666	0.352825332214505
-0.044626802842573	0.0226474883399183
1.23457467445531	1.11373494297475
0.0136811891046672	0.00781436758960557
1.45097876728496	1.79276534996603
1.79093583427067	1.20169046858061
0.674421647435269	0.6019926015385
0.108216982344109	0.0683573062250149
0.466669840690589	0.374568728361972
0.139057715231011	0.0948101440175474
0.671648883997785	0.562364960593448
0.49874243049015	0.482166635208347
-0.138198701145849	0.0749346492698385
0.323833635403717	0.241203069577675
0.213737333664399	0.210750138354666
0.665228175573374	1.03932908902903
0.939634186331375	0.927355733459217
0.826837063396576	0.87084522816649
0.298096739535819	0.123629455466218
0.360069618813657	0.301939185433739
0.255001442643269	0.221602530994858
-0.481897309186988	0.407102417790146
1.25154936346459	1.92513704738291
0.511062247558827	0.47876313001378
0.370894024246048	0.405990840289811
-0.492217030570653	0.607189273055649
0.822290224741731	1.00927155556989
0.463592770139215	0.463530014349916
0.420869864189048	0.351899440735499
0.553116028738538	0.338501779321426
0.473103202435206	0.376917334287747
0.0837593959808739	0.0637152308691526
1.78515527647798	2.7045695744611
0.724894430734604	0.749303046062838
0.873443908991957	1.12075821829124
0.248150773286109	0.214998942457742
0.418587048081886	0.555707792844799
1.60616544842401	2.41830940733896
0.524560061955934	0.593921297808311
0.584333179752582	0.691828220243243
0.653460054621537	0.429094882441977
1.34917695481144	2.09577273198805
0.974478249109121	1.52458782016297
0.34612503662345	0.317519950787927
0.412058080300685	0.285314881827549
0.337593770721342	0.229183132161315
0.68901297364752	1.03181787227569
0.503822294403407	0.516200350756155
0.427688052132768	0.453216025329708
0.771817452067024	1.07814358689658
0.417018135493873	0.562423095557707
1.07257513588848	1.45720094345481
0.455397661530926	0.557599197882002
0.666966588583029	0.76913732292343
0.57712989988515	0.656970739597654
0.959310921982433	1.21046502606504
