x	y
-0.0867443527167875	0.0654480710068781
0.00517829579507879	0.00416648966734552
0.175332819016484	0.131027591101411
-0.372496470135656	0.374829014262785
-0.145289609917285	0.103773029494264
-0.120393613959028	0.0806820927063367
0.484029484118173	0.488343201511597
0.383549207388868	0.288491278266506
0.340322416945056	0.273488072524024
-0.0896093656958835	0.0644363759992609
1.01886832968631	1.31011933992844
-0.471900056343034	0.407646830899626
-0.128613064917402	0.110511265471878
0.527430545477789	0.53838415289637
0.0690240292589102	0.0540657313798493
0.0354388870860781	0.0267281699010989
0.69929615862011	0.799253488581949
0.274299989912718	0.187132892603866
0.317036386667265	0.255940244574169
0.426940278817577	0.399877283692853
0.116906833476561	0.0885478453243585
0.441471394252215	0.436359710920667
0.439107545592505	0.414033727951851
-0.0811587578075461	0.0520519556417691
-0.36557798384308	0.341006605253994
0.633113950078741	0.521907462962086
0.190567929554164	0.151648603399661
0.250668521191412	0.231092974410621
0.169087481395847	0.150854560386442
0.0790188233458239	0.062253971705501
0.298008801335018	0.271227639696446
-2.05862941836493	3.46013058385547
-0.288826317658228	0.278470803641642
0.458641049548087	0.440580148964262
0.234121802156231	0.186152390818191
0.201731595250529	0.175059764317285
0.869841410289437	0.988390173682299
-0.352789588158744	0.282809828718743
0.0845337930671622	0.0505134042774889
0.0147605568849101	0.00834797307587198
0.261449226945372	0.211720644852084
0.732908970236325	0.783975793322464
0.756476149132853	0.722971390455847
0.0972153238202422	0.0806066665890189
0.32429663438481	0.285559372006723
0.331312965910234	0.254603289597333
-0.200013841168624	0.174825798537318
-0.0103448244371486	0.00649569292648324
-0.208883804120875	0.180185459899534
0.467734855700574	0.397103564981241
0.380914030389906	0.383771295428936
-0.184938424131575	0.138665593003109
-1.05173043829724	1.30550391863172
0.0100024088470604	0.00771858401801669
-0.0551006693540345	0.0362277444616209
0.162817559354644	0.133866214052847
0.123051711941877	0.109451476033784
0.226180203340827	0.247657495277276
0.381856177298767	0.37985223076539
0.441942800228282	0.467115916190975
0.998286615517887	1.40143071454159
-0.512951272415309	0.522804888621283
0.275383399750927	0.221819560464679
-0.000774025048417038	0.00077838204075383
0.653225393100918	0.686286051396419
0.772305355670646	1.00173067996934
0.438034931895739	0.329273595575461
-0.137396262140927	0.0920808238844868
0.706571191411947	0.724336158112503
0.379005137601438	0.328299596463444
0.301545164396633	0.312271503031317
0.0219889253123949	0.0124735181643053
0.648938181234824	0.687113658655331
0.655657327273517	0.733888600465967
-0.476305895238887	0.523668140993056
-0.0281517508024181	0.0198490414613686
-0.0158238537596808	0.0106694832387427
-0.435276929218035	0.400497549862315
1.31587996070171	1.86442585704844
-1.03857922132803	1.11932601446144
0.374959353036477	0.380510298106186
0.535934504361331	0.593479423739055
-0.302408913225969	0.254129516642724
0.717721609197075	0.793041062511018
-0.320195437337262	0.320590222836673
0.0676246713318878	0.0517821522668592
0.117082154140108	0.102257607554761
0.580600759504197	0.941298939466697
0.258125328394664	0.246495940192332
-0.191893790464359	0.135745226542283
-0.131102180746465	0.123804215112737
0.0345047688952463	0.0275297111679183
-0.156665145811389	0.136695603392088
0.0137747430682999	0.00954836031516466
0.360810833582757	0.271263342923762
1.05929318928992	1.13643834520774
0.333113690734381	0.281310010674613
0.0527982725611718	0.0342931780913023
-0.234975576256012	0.177413454197355
0.244836577599796	0.232024758349803
-0.0437110047187786	0.0340915955995772
-0.0776826951952448	0.0502939894169974
0.311770171517075	0.320715106455529
-0.051553139496429	0.0280476590228806
0.00544509387998289	0.00454113375894213
1.66114436020777	2.440154817271
0.97473528710594	0.87980366306079
0.428473229060612	0.260195958986531
0.269907467704389	0.132658801707315
0.606869628243028	0.623973522559427
0.649331585688099	0.569953108269473
0.277792727209987	0.175422822697706
-0.0767269170830287	0.0406355020883726
0.66439329660062	0.757874076865148
-0.472487525181596	0.286297352149497
1.21615084055219	1.31261435703154
0.534130380971297	0.341560745956757
0.00616726040758165	0.00420653080504992
-0.0522766213697556	0.0268948220666162
1.06635304289846	0.966487260275847
1.16701378782528	1.3933512231515
0.844927465818548	0.900782537317769
-0.0741783306511241	0.05123932731623
1.50870613124959	2.37780886123734
0.190524824619313	0.164266477849806
0.590631206029659	0.561288841882251
1.02316618697344	1.17437044606722
-0.0481407100247372	0.0303392725160664
0.960187915563509	0.988840820301555
0.868141026856574	0.72772935702008
0.403672449068675	0.323728919104158
0.456044974647939	0.471001711128827
-0.147994849376163	0.0928663068642367
0.828496158057972	0.644355720888889
-0.25820010745207	0.170303518551413
0.0280188110250306	0.0137760303603562
0.436997918940062	0.315087758052658
0.230682827890252	0.160351340489166
0.0455080583008162	0.0223601448425871
0.26271095567493	0.171502968529116
0.421972421983901	0.289151090845574
0.681761120133645	0.966817267748405
0.857882030560537	0.86513876790855
-0.223377817921506	0.109202095650768
0.0662372537991516	0.0388794428429839
0.0518462761285405	0.027401717080936
-0.322137591838853	0.202167182502782
0.0889389841767358	0.049492176995443
0.42989923528281	0.312383061462075
-0.446317484494857	0.270498156101628
0.96758270370793	0.456437175810252
-0.597254531862641	0.405210432624874
0.28453926733349	0.221666878952466
0.21347094751363	0.152856826753335
0.299562752288887	0.188802762055883
0.63282418198712	0.37118137251689
0.0666439391510577	0.0395910080280161
0.55159413457173	0.427275265408892
1.08210613688234	1.53968939246138
0.237639139073489	0.173364200875562
-0.20447313744053	0.130779555317647
0.263688967282446	0.236438724820148
0.277342610177329	0.231829235323941
0.250266973620543	0.216483346404339
0.309374930981032	0.20251753387293
1.08786164964249	1.36778802039661
0.506689298690984	0.30358629503975
0.950499877215555	0.970771856554903
0.361011184232403	0.270699848435188
0.796278986554175	0.8889831886656
0.76382216150547	0.677711440986152
1.2757617456917	0.821570190044592
0.742020899467735	0.566980275391228
0.794106055817631	0.531816326860823
0.190427347876721	0.111587274763932
1.12403442805028	1.31208873222924
-0.477616352947279	0.344914352006847
0.873888070702405	0.869306925989388
0.13453484136997	0.0838244635580094
0.234195211083177	0.15014930809655
0.306310773176943	0.180671650779862
1.69276645947358	1.94259581602276
0.200823477523171	0.118457876434881
0.934243243794636	0.704761854419441
0.0270960660332248	0.0149798435937198
0.59014937442314	0.413437219571405
0.455924315128467	0.343145074628045
0.232625130303445	0.168046846035414
-0.0731380006395708	0.0410496694137373
1.45400128352798	1.49264770607133
1.09159926794638	0.832037122444981
-0.0946820630562664	0.0429816909345846
0.60028005083331	0.409061634875645
0.182816852070286	0.122079204113421
0.574926027296731	0.396918595257076
1.85319055914432	2.19241641968978
0.440231051904346	0.403225861053959
0.342093100601978	0.226514817856175
0.693089779988839	0.667319519044792
1.10486697291938	0.78223247863092
0.421618719747014	0.290995162972915
1.24773939638778	1.40095889647571
0.644967228549088	0.518968376403533
0.398699803913655	0.238428631486768
1.42023029873387	1.46478027650227
0.967595032962157	0.79346223839851
0.655785319359264	0.522628031649355
0.176309429108019	0.124781263150237
0.0584238019831358	0.0296159041362272
1.52520917046411	1.43814618053585
0.714235733388839	0.320574661157273
0.515717690019215	0.267525793298104
1.2988893656166	1.41057593437429
-0.356494420630314	0.212451061049199
0.738768462175714	0.610868000188092
0.630717918399405	0.499080449011132
0.833944317246729	0.76658548512683
0.775171686016904	0.704285631874301
1.2845414474599	1.70473317711538
-0.10118298999846	0.0661886565057487
0.210035027795192	0.118324978802285
0.830128266726441	0.605119457628207
0.162981035139261	0.104075528594033
0.63671065596873	0.500987339848964
0.0311173963816893	0.0170073360280663
1.48314927440224	1.47544356336475
0.467732638650031	0.309602387153065
-0.122758313172888	0.054920545996105
1.58682193406949	1.359952589834
0.683610283121961	0.57531371132676
1.21605138765665	1.6536712593081
0.170554076207144	0.0976575213928862
-0.0186047023687177	0.0102598200482399
0.723085962662854	0.564604019184353
1.00464878463556	1.2737603663584
0.0170178734454252	0.00894844364851993
1.06843787009884	0.801523289110234
-0.844221509331311	0.678115955981138
-0.705913917191211	0.669166466484478
0.723275620236207	0.736805383530407
0.771117593541876	0.669690135262015
0.0471671483556391	0.0329319488876599
0.0540965224589449	0.0420472718245309
0.523472888547548	0.370129274651237
0.493717635752702	0.330385627452015
-0.755423226248775	0.496653029371574
-0.44690366899095	0.270763406613509
0.295046598607878	0.201595665145301
0.261758821234703	0.197872194099626
0.195563316350276	0.106446066082402
-0.284258300883749	0.147850898071002
0.0564530010462969	0.0277344920953872
-0.258094355344328	0.142874926326913
0.289169327567803	0.202960722793789
0.514017425572312	0.319001478578261
0.416559839887917	0.289492968458986
0.941829230292233	0.690102486557758
0.464286740344913	0.447036175252446
-1.13044260076493	1.31921357643239
-0.863215497307441	0.769622825493684
0.189281706048886	0.131013855023897
0.201902899733395	0.121597879985953
0.268669572379358	0.214266380591975
1.50761537775945	1.48274198769876
0.116728779676945	0.0659142832006525
1.07098505589042	0.765230951863302
0.608671372844982	0.422922829722578
0.120204033341139	0.0661029220807382
0.794570276419109	0.529930831482297
1.25969914237021	0.981481181121706
-0.318421542522529	0.166548205618607
-0.245671873296143	0.158268686274864
-0.0353027833550696	0.0179395999883181
-0.163031388967258	0.0925028374006809
0.0730890367871393	0.0435795178306202
0.730831466468847	0.585695088396391
1.04801703144726	1.08095700371685
-0.0483271478752277	0.0251226270108087
0.0481172746507577	0.023851263747052
-0.609383576241347	0.421602279886547
-0.315377109326254	0.207967206107027
0.166494546776515	0.0996904087949159
0.333723119055938	0.262650929847058
1.35199442195639	1.73258860510295
0.0718099579474077	0.0524761025006659
0.161830853424385	0.126146065349584
-0.117211834708435	0.113890074230107
1.23663637997879	1.56204940742081
1.08958896464358	1.07296274235955
0.113250804744106	0.0763164870153363
-0.145860809253111	0.0743367740786049
1.39650323602461	1.23438659380072
-0.0661762538836365	0.0311903514583252
-0.420258973141562	0.222362038893315
-0.590642656460858	0.353186763086153
-0.50837084218682	0.296863873891561
1.36281896468305	1.24103813102073
0.662548515229759	0.557902693135854
0.130080299991076	0.0656744190270636
0.443918877511122	0.213287406219402
-0.0562817810346873	0.0271018611976952
-0.983639684293754	0.773349507359393
-0.0899516413049571	0.0489962462216042
0.364317948294584	0.27036416623383
0.0262546879360279	0.0135842108002894
1.16305061799196	1.39303885880274
-0.0977446884604959	0.0433667059081907
0.341921776568024	0.271322707717859
0.119526648107491	0.0657141208821102
-0.0995238486737491	0.0450385964997702
-0.217552025243061	0.157444446697589
-0.516587966966087	0.297984676046929
-0.409657648629448	0.220790743471485
-1.77185634585034	0.763644700554002
0.126561684584071	0.0584386426362859
-0.350409608380565	0.203465422871943
0.131971321293492	0.0582701387652003
0.342270629753407	0.18453251113178
0.898186443164911	0.572104736466669
0.467004687646968	0.309097169279361
-1.88950963216642	1.30417640928611
-0.835056062844903	0.610403859610124
-0.166356187513331	0.0843848566879925
0.184504982807802	0.140338762116741
-0.15172034259698	0.107793977596002
-0.673863580412812	0.67130515516249
0.408010628567946	0.340756916001341
-0.383511258920923	0.315450434822857
0.0167905953216613	0.0112185841311092
-0.249693504790422	0.207028066477696
-0.215380374401285	0.171509857099353
0.266402293215693	0.207316810611659
-0.20141491320917	0.143793489838549
-0.543533177414846	0.457941653868737
0.509234541423112	0.440006799666965
0.370990940937287	0.284051611001749
0.36656624402487	0.235023134998466
0.658650500961864	0.424759940442821
1.51999830857233	1.38703989737412
0.939505581702365	0.650762449959342
0.874023078923629	0.77754768293218
-0.0831914227689613	0.0382644157927543
0.532261807551298	0.386161696446401
-1.1819563462387	1.01795639731747
0.418302040719128	0.258949661494097
-0.825799730446553	0.248850296046326
-0.801476121195662	0.310372826446756
-0.67079764818887	0.432804756428907
0.946348548907361	0.707639920794467
-0.326068862392415	0.165947318190929
0.920566617638059	0.612153063170039
-0.518720869039932	0.267119741005597
-0.0948312863786436	0.0428205747064602
-0.289329605980423	0.184680881186284
0.862411964144688	0.723442547332251
-0.233614302969609	0.206078676888131
0.225567430464316	0.129751038333507
0.646462580159304	0.51077386833272
0.144887300171885	0.111615209653182
0.300677111195113	0.230073447253992
0.244350262551838	0.174568424148367
0.609797886010767	0.292152604451476
-1.52948345209815	0.919326590551987
0.134296564944571	0.0573880665210337
0.272353312231652	0.123896939068274
-0.175439295328943	0.0898830181018228
1.46851171735489	1.09820862689551
-2.02094278313518	1.54029843743458
1.54516423150863	0.98220367665423
-0.118855968795324	0.0523505042423023
0.211136172505089	0.118185985754111
0.610031601840859	0.301912849146285
0.8002656707497	0.41158659218535
-0.389428945580571	0.185144398907548
0.954262639414783	0.705635044431899
-0.0403727627968406	0.020728265415297
0.632284093720672	0.558457714035683
0.608157693354924	0.449187500604429
-0.137289694269877	0.0876016568486067
0.013087237437777	0.00839188955033706
-0.408523935379391	0.373953495408482
-0.312165436334941	0.254168734045039
0.601501006933008	0.531547717844019
0.390239239443878	0.331146850259642
0.261396490163835	0.224675668607597
-0.207091641320927	0.137063249953146
-0.388464831978228	0.319878001368702
-0.392280740881529	0.381464230060469
-0.164034101064471	0.125045804266228
0.252120516223087	0.200161782586044
1.13843920214147	1.38983873551821
0.42088656295775	0.293642549801807
1.27247311113116	1.00077297375044
-0.631367713891341	0.342589909851576
2.33571691506426	2.86861772828935
1.09247156227867	0.767197460479587
0.154644097347959	0.0741488633126727
0.856741560341723	0.822712662986955
0.719460729835449	0.540814383493588
1.02615128978731	0.522775562246263
0.483013589239253	0.19610066295436
0.961046590207586	0.447491727126201
-0.277381246801804	0.14057684056606
0.742445280333808	0.440390002997441
0.882701911537775	0.333532348293062
0.478828511668832	0.263551117270452
-0.0477641470488047	0.0257506125913718
0.721847046118462	0.504190681723661
0.123395452408372	0.0521809915300721
0.413266308071999	0.323839257526722
1.21259536951864	1.0997718653829
-0.530182658600601	0.453837943010824
0.399106941547275	0.340020510222199
0.443364681252612	0.453381455584086
0.234693377017571	0.188841138524366
0.167791813620714	0.125762747073504
0.755430141754915	0.664894381432136
0.233187133074517	0.173458612014765
0.43550454075978	0.267711268811315
1.82923825263197	1.90723378809099
-0.00916470666170271	0.00378477962376176
-1.87237674894782	1.36113732658932
-0.0390184799211847	0.0140806140551109
0.458607460247875	0.260701555984966
-0.241020231697758	0.0707735116369718
-0.625398437436091	0.340101966697661
-0.296315784699713	0.134552825581955
-0.141318056658237	0.0805449901590149
0.538017749621801	0.337445990322086
0.413198166872769	0.206960907447173
0.119581901297412	0.0559743702708481
1.23001723150255	1.12629781015111
0.428032970365581	0.197241925733236
0.705017806121164	0.295290134244311
1.47970585945775	1.10510843107163
-0.102769197570537	0.0678980332677692
0.729938178970988	0.919452413463259
-0.106125473729306	0.0686826212111146
0.106449042779454	0.0769389428401856
0.114480778026563	0.0941234094516961
0.113933868021718	0.087429876200723
-0.0624900450739566	0.0560052819559189
-1.24679093217257	1.73486542281389
-0.0300441585469637	0.0240582528528162
0.0651035475403528	0.0511742081827794
0.391638497139686	0.30434413548189
-0.23633339128879	0.26784902775202
0.413062955627494	0.378977065635855
0.453312245466244	0.487920874921163
0.0274348870644914	0.0184514761923458
0.131112489157481	0.107336461317402
0.366898906049503	0.346420661747207
0.606082411040502	0.743556542234192
0.301464173249294	0.307284286895914
0.468641899795247	0.477996965459098
0.0343271991213299	0.0280313653011156
0.142623198622307	0.121437391656416
0.670922904217658	0.740609446696116
-0.399402181824818	0.191530893829696
1.5267326157829	1.41387530253519
1.03030740463548	1.10989186383742
1.59003324835514	1.63517445420339
0.329649053601895	0.193999070551069
0.976710281353346	0.837249198741026
1.70319218608976	1.67038094782692
0.613479199066363	0.298965163376415
0.329499178227133	0.0941776028831613
0.44549963678296	0.204790039158849
0.144348002976722	0.06829882763676
-0.882539968208867	0.566145667012352
0.437746782620703	0.201865455213844
-0.439860245440893	0.25875336790752
1.05524919548733	0.617779877351166
0.762980311168215	0.68474778154645
-0.254210865213333	0.09523654152933
1.46269691544704	1.59121397523955
-0.352711304247554	0.199649829705096
-0.0335204766318777	0.0224286520613309
0.269451525273538	0.234861075412023
1.39516556630339	1.9797549924138
0.394876899168704	0.379962344730393
0.961105345063439	0.933040521871587
0.184956966963038	0.147110637736846
0.403026987906513	0.410111960505076
-0.294299016507209	0.288117719285747
0.103948405498716	0.0553786242529932
0.303196023623211	0.118971312880813
0.868058058207589	0.494477249733856
0.751584336626045	0.468668734760821
0.154337387580225	0.0675954584913115
-0.78544647049475	0.394672125076158
-0.409951484941291	0.171717945444226
1.27275757346509	0.835269910866278
0.0283756938330468	0.0116156085790781
2.28387151892847	2.12846399619404
0.736347128145094	0.439674467419014
-0.62794188086849	0.310371394321073
0.677267389935721	0.37879672783718
-0.171701736953532	0.0707088557258045
0.207037380137405	0.116368897684818
2.11352960630624	1.67562771315455
0.89944316743018	0.563156100275275
1.68204777859811	1.31012110307454
-0.252696755634583	0.0938235162491615
0.413466970175768	0.280147789263458
0.579938109000678	0.572074318477833
0.451867864009309	0.412172462482532
-0.66403977294983	0.573498028248972
0.314686506313913	0.278440887059856
0.143221238129784	0.113455494819097
0.164863411333177	0.153680160385905
-0.645399168017652	0.869169176172463
0.173211911071855	0.128278784298467
0.0796254496751501	0.0591333554919299
-0.00329085609109751	0.00246201076355151
-1.01745560006181	1.46398319867388
-0.0262757256737934	0.0181563565932115
-1.13164580593795	1.35045313389236
-0.29169110227881	0.244357088528646
-0.393310650443092	0.326505402707723
0.116098870313361	0.0886760135149208
0.0226937676356797	0.0153082650850534
0.229506842918626	0.189340159968273
-0.292170074571593	0.259302401160613
0.103834059389567	0.0810755968574146
-0.368225438045134	0.288195264443022
0.656738186270214	0.640337744689343
0.23348199193105	0.209866505373061
0.562153165199122	0.475573738815389
0.782117567821104	1.07296596276329
0.220203671928822	0.194224436363616
0.640420669534679	0.787601003786144
0.119263739606349	0.0937102401351897
2.35178302326398	4.69826903124583
0.154311151248758	0.0727465052765249
0.891655564204946	0.54769789876367
1.5092891670639	1.81681840936356
-1.08927297906958	0.6697689726804
1.06905327478705	0.81522109692128
0.513331831439569	0.319303887346178
0.282149798056537	0.127275541916638
0.693217362799688	0.387411039077677
-0.471180549283158	0.155846229576269
0.285185248450568	0.138093375312027
0.438479017005749	0.203186358184439
-1.42591321303633	0.786386240920728
0.78711611588379	0.534120171009157
-0.608908465406163	0.323434603687611
0.47145357328925	0.264682779385496
0.821511014782108	0.591847839150674
0.131789499361553	0.0657981997717373
0.369703901423255	0.261657420672969
0.847979942559398	0.67443419407988
-0.00244770310382968	0.00193446497026915
0.556831142997226	0.561690444091743
0.292308929394022	0.246906266294309
0.412834024685503	0.467679221527751
-0.101435380483123	0.0767095139268452
-0.314291053004717	0.207478288950994
1.11510205437453	1.60681115590195
-0.358957451325622	0.362938328971868
0.783502800899394	1.02560310745943
0.166045491687127	0.141852600274455
0.419089804204229	0.332855013589103
0.659226555391364	0.524953458616287
0.236728343645398	0.125727184240353
0.484246871453369	0.199814062953151
0.325947617825343	0.191531489054354
-0.715123713251218	0.414615902394059
-0.0781647588159487	0.0371177021611461
0.282978670253767	0.125617453659485
0.123041100232261	0.0485621805251565
0.533352625561545	0.335776913710492
0.37329485484159	0.230873258103108
0.28635198836406	0.11600897080131
0.247196910055726	0.134547493307827
0.299174490284068	0.135254288174894
-0.109186307538887	0.0479866476413067
0.465551449044527	0.25967763116019
0.533118005754472	0.279091574390067
-0.579303583222636	0.397558136710158
0.641737746653047	0.505636659728981
0.377606412348162	0.299521864069517
0.858676967543069	0.80162405482287
-1.00815281044098	0.972267412002506
0.0917674078640697	0.0655107928012993
-0.317063800400077	0.326409835109709
-0.328992669315661	0.322339137478484
-0.110267403809956	0.0851173380033502
1.03578007310808	1.39725111409382
-0.0548911822065396	0.049297652102636
0.209221469622056	0.204349542475118
-0.696434774408961	0.813788629116605
0.0749594788582918	0.0487008325357328
-0.895595787762723	1.30992808640899
-0.829883750263874	1.00016279579423
0.16097750420637	0.126466631622613
0.109109841915529	0.101705645222701
0.0426467122366155	0.032114397097506
0.00745218333909506	0.00565778115118882
-0.894949543000463	1.34771818183163
0.170340273442186	0.170116442385042
-0.78956445934805	0.913462868185926
0.531853385134484	0.52055564118942
-0.169758177182067	0.123044290004044
0.343158038079916	0.343147271214066
0.389762647650406	0.397189501134014
0.208507375930627	0.217689951862737
-1.04742726183532	1.64254586372489
-0.575194032454082	0.704496599498146
0.386799150865654	0.369252160797927
1.34233907975974	2.12550410803832
2.13336208125089	1.82179623566685
0.151727255247924	0.0725209404188537
1.27200373093268	0.942715633314784
0.954941933230073	0.720306031752247
0.420495273145059	0.190065035313602
0.443492447215648	0.371074571317481
0.71845385533609	0.315760753384189
1.08280914893348	0.726199706056993
0.126317432167149	0.0488720632310081
0.471934833764434	0.272677260811364
1.7957045338564	1.19646513199283
1.42243115912368	1.15479095944902
0.759926019057877	0.463612038248083
0.521708308691256	0.275527305620715
1.36536643963906	1.19127172611211
0.564147719198413	0.496671576850136
0.311719530209683	0.184868431658334
1.0138250547532	1.14855547492298
0.147777818373487	0.130896224349723
-0.698790781315609	0.852840957071228
0.00770349147819839	0.00651065407129176
-0.60925574283836	0.650473788374833
1.41979185357687	2.17351446262676
0.840465848214953	1.07598645370281
0.0475853145654839	0.0362423628989075
0.11328608613854	0.0868922712323611
0.680164741171556	0.727776115582796
0.442899488546818	0.33245177452167
0.109720968487917	0.0878602379105711
0.260740416103412	0.168688621184009
0.883167720878851	0.531308489233516
-0.318728589228128	0.157954304166844
1.10172119260966	0.758296643648886
-0.155507742778621	0.063583622162366
-0.139831571380847	0.0994707579853293
0.399242744374658	0.306169040274595
0.315703542573299	0.185084944266362
0.396078443403883	0.25034851589333
-0.164579772422318	0.0886506983581466
0.248898535179141	0.134976211670594
0.205372953468842	0.172072845196085
-0.244340961208252	0.200016151979174
-0.119110222587874	0.0791511569794791
0.27191980284686	0.192327505725715
0.875154686775638	1.03583193058293
-0.102030178823267	0.0855814287119778
1.38226525406874	2.76339892027134
1.25752275798971	1.63765501894251
-0.0251333043258568	0.0159066618124525
-0.0321174161866421	0.0258278535451283
-0.484259817171898	0.446550408713656
-0.293745381541621	0.303938282134221
-0.368955174896592	0.319039598071747
-0.0409483370142834	0.0310668405441121
0.399515698971505	0.403020701707605
-0.0311149988976226	0.0217399521329974
-0.015378713433305	0.0128918878381964
-0.294956934189687	0.280176650962551
-0.0928214664525034	0.0748438520860475
0.180552884509117	0.159543769690445
-0.320040999671993	0.322506407348605
-0.594707724102188	0.788337969951205
-0.200592794788039	0.127556192102402
-1.01260471416499	1.13554207336958
0.200922577769765	0.164259753824699
0.651138988943575	0.652234553957273
0.775066248988859	0.912548746044746
0.582433792871208	0.704997331669343
0.00289715692103143	0.00213660009683039
0.750838872165041	1.09280352259308
0.370964671354594	0.384109797505343
0.423836764362983	0.451372577395257
0.243821067681322	0.227354732609336
-0.388918506714954	0.49554343150437
0.688883556830039	0.784819968436385
0.574988654360584	0.591005429626313
0.513186845341731	0.537252415223735
1.48532728003307	2.03892743157138
1.25906461366633	1.0612926284547
0.234565231801125	0.150754510713617
0.849063139667235	0.651008415502423
0.515617899485036	0.451772847137471
0.502796907534541	0.348148477130713
0.473474585601343	0.266252519542266
1.09082143061535	1.02031031444841
0.360416324218033	0.228113866267507
0.203056800745794	0.132703656304563
-0.0647302952300803	0.029943945229701
0.704453560098762	0.385482526460948
0.128472588650533	0.0710795253943011
-0.26301305040784	0.178470324623971
-0.207298954060123	0.0964411152529845
-0.252180970898215	0.189771025731638
-0.129193946741683	0.0941858179683706
0.0454666670413107	0.0369767575128687
0.353043707497097	0.32778360200394
0.44555645112598	0.443214091636549
0.460617743436271	0.486148997747357
-0.0832174717585393	0.0557492223092039
0.229750489696668	0.190931144478626
0.334700805367194	0.277277552323198
0.014196655062946	0.0101546081909728
0.455583556374951	0.46132188396167
0.801157459757376	0.897367992456229
0.479763069603843	0.263909187473716
0.954452495645701	0.420348070161995
-0.303093944959391	0.152824594407824
0.728667521398791	0.425713762428822
-1.53065557750918	0.861527563826642
0.270225965286751	0.132349671464641
0.0850509718871954	0.0482555366217995
-0.110872185171289	0.060877306055855
0.312344425113825	0.226241123824354
-0.229148482899423	0.142058703929648
0.334038392844461	0.315003515695186
0.489416357839624	0.433648313400219
-0.206791745607895	0.158482018730533
0.596842172787207	0.578775782333022
-0.143917366487706	0.0786260858909364
-0.325480055646661	0.262551650919059
0.555458011142536	0.496465549502205
1.36122853104711	1.47235856275056
-0.0705739298747863	0.0479958872997718
0.584668675272024	0.661544606364112
1.23363306472286	1.84966228686055
-0.415741765351893	0.453205842302764
-0.479793672743403	0.384145047378762
0.438082237085381	0.37567572911395
0.0977166618203866	0.0771603736188638
0.196752253677086	0.156616211750002
0.703185743776037	0.766199865434616
-0.176285247212027	0.150346403495198
-0.155093292418377	0.120914081615483
0.0127130837047135	0.0103525394059469
0.595459191389057	0.572330438722096
0.755676099421276	0.720149771542916
-0.155314592172235	0.108223687811531
0.417964904318907	0.353212365860881
-0.57370640363057	0.548369410849749
0.00205667510566687	0.00160703011386059
0.411768275766925	0.373903579656027
0.772878084506105	0.879561492411141
0.28066848010442	0.280636448725278
0.342761722624293	0.314960574254796
1.19337812389969	1.99821927838165
0.377991652829474	0.36662023088805
0.0664685749759732	0.0424743336384509
0.358342984454834	0.333113427347657
0.444890955548449	0.483755726745924
0.635238232809064	0.751107768874039
0.767134126274234	0.670292312931343
0.725261712727917	0.837966190167298
1.64762893933708	1.99375896354576
1.40632686686654	1.22324160601165
-0.0971007341596011	0.0414478008172005
1.20513256994467	1.12774100151394
-0.17257982400817	0.0858350696884633
0.732326984550598	0.437161523724932
0.632797959176425	0.473075789098177
1.08317605557639	0.695138003812818
0.963945152999706	0.435518770986134
0.164504428577631	0.0775235292685673
-0.205692417383327	0.0963622634031461
-2.36731787639255	1.24904288901195
0.132350366201285	0.0691059753979733
-0.186907552191177	0.11933689383088
0.801879960695127	0.789793543514165
1.27275140679262	1.83339876474906
0.366441706740096	0.383873546321432
0.257048008044289	0.242809798636548
0.152016092301304	0.102874417468145
1.23562939405177	1.76559065698177
1.04223782065903	1.14756988544931
0.935997036126672	1.1227543416215
0.9464269820035	1.2363730651345
0.696021614938623	0.796125694303323
0.670988236910151	0.653899568031084
0.950974845623724	0.921904864688807
0.0265841309459456	0.0122943342534673
1.09103757228177	1.03647205755677
-1.53777135158031	0.873769392456123
0.543116942787917	0.339978861931217
-0.276438942362449	0.178427645195127
-0.92307154348657	0.931399238285093
-0.109700801987067	0.0777434851566151
-0.36452803706401	0.305086662771353
-0.438755094743993	0.377437040766187
-0.0325589428918379	0.0221798513509964
0.445095276130183	0.462296275362353
0.123618301475551	0.100380501539246
1.3490476634358	1.49075818931459
0.66000646833044	0.968441134373716
0.422145874154969	0.359064574608974
-0.0373746588948218	0.0301791320988668
-0.0900386513035486	0.0756567369980482
0.860496283778253	1.29728286979855
0.762671691699012	1.09118299159696
-0.18788472335238	0.140807956132284
-0.22847583568437	0.21386860330006
-0.990909627860765	1.28568849112646
0.101761886431453	0.0842796044576674
-0.145010899175691	0.130324286195022
0.101075855008768	0.0918110284078479
-0.130368678768131	0.101531498341444
-0.110338972385425	0.0880269756899259
-0.606759075256321	0.664502554729438
-0.0245965525809742	0.0193387082227944
0.392440455569722	0.352431971076527
0.217007081621245	0.15703429307374
-0.673604283997115	0.680562564972533
-1.02912216856524	0.99201158573059
-0.89526419093379	1.21397753143714
0.864247215677504	1.16985987410143
-0.0111457161477188	0.00986735021701616
-0.138680083766517	0.134726743092648
0.641616702306564	0.709487990853758
0.569979646927634	0.63967141295835
0.660980964439605	0.760677567419211
0.390775013997178	0.412008283212869
0.634140790983102	0.811140476323172
0.434042867927428	0.309879932923206
-0.160833568955335	0.129200121019988
0.463747791331338	0.483564461251423
0.510573395327441	0.602854579843713
0.204211885664745	0.170215377534024
-0.0313650518314302	0.0263283093516648
0.331125616898716	0.410071454785904
-0.049608428713619	0.0405083018855415
0.99070575286963	1.44356588372763
-0.181068678265642	0.139180582580491
0.524391048612242	0.381050074928476
0.823852406713347	0.600340093054145
0.956758531090186	0.802426449478758
0.39641769803409	0.256160176700222
1.09464004252135	0.780081041252909
0.784165618754491	0.526621255961098
0.264167118225668	0.162008737679539
1.41400324261789	1.58523287291958
0.282936188375191	0.172384363859784
1.10077106847258	1.55930717477059
0.758785257538123	0.893946792826639
-0.0647658519983964	0.0514996940789064
0.330524696284889	0.273084399887309
-0.752260067764606	1.04273063925757
1.31806661549448	1.79943512213408
1.32082280498811	2.24433610992925
0.0332517631443985	0.0214534960994965
0.973681423021814	1.15783764475886
0.032601691216699	0.0252991958025528
1.03883773613005	1.07138114529359
0.392587902303427	0.202643058237404
0.0162665284677837	0.00680894424022858
0.126662731003909	0.0475652258329143
-1.30519487794459	0.694495289096586
-1.35513427198981	0.960589426382549
0.975435758285397	0.910906615573206
1.31597859250615	1.37838432831277
-0.10179417357645	0.0462043185672258
-0.343011241647857	0.259618347768804
-0.606372395164292	0.487103560692518
0.304685269951045	0.281984813272285
-0.414966549617691	0.320006462745331
0.413979686420376	0.359968809628892
0.439765556221643	0.452262668698701
1.30636606147893	1.93344481078596
0.128386631835233	0.090468824002851
0.70942326679935	0.77053149300219
0.667957604387205	0.662221942438452
-0.737881103062872	0.767790190593101
0.996215424215905	1.46809901050479
-0.498802974955791	0.497312755350248
0.593356052433697	0.563309198538279
0.694907810515941	0.758938182100414
-0.0519852634241086	0.0414333883935365
0.344790894150443	0.299642078124677
0.117679483884992	0.0973483133088799
0.357509105705202	0.381348318533015
0.252477980019572	0.211966876454154
0.605190913036984	0.702003432031566
0.499249652925184	0.546104132580564
0.487965177492708	0.546081751793911
0.46263150670406	0.468018441645162
0.0743660207897317	0.048284764962534
0.110470917172623	0.0601862296228929
0.745582137255505	0.633867782516979
0.0988086506707165	0.0626625346629072
0.256203038072771	0.235361413784574
0.0628766567638165	0.0560681828254713
0.236864627962813	0.19949362867198
0.406545552827424	0.39229615619151
1.08273019421585	1.54375657320531
-0.478584840002979	0.456953818315215
-0.112475368603154	0.0901185436413941
0.393362819775772	0.360274737653128
0.715862397127811	0.753670233655615
0.196347609707707	0.182354870675273
0.957458671582728	1.23510044961682
0.0609913950320735	0.0536824478959175
0.692086656008646	0.826649060319195
-0.0255732852496018	0.0159907531178609
0.973061805429785	1.18139754013739
0.183692253721539	0.146259598189655
-0.0747060303401186	0.0553128400190246
0.0259550709356533	0.021806781016623
0.856061462016747	1.02370953760611
0.654296932857902	0.511750230316188
0.947196991525442	0.682876470867262
1.05004122004664	0.625496469211401
0.84693361199231	0.677280258456623
1.46555707883793	1.94977208972246
0.856559982843187	0.813506257235119
-0.0937287943180976	0.051189832299229
0.355460222869664	0.261497935589511
0.668107373206082	0.668618926918546
0.291254633771166	0.23538845944637
0.472723109095902	0.399446828315285
1.07748211980069	0.922241658674469
0.157462670104567	0.100076428228934
0.206020229500199	0.143109463873523
0.237811372240393	0.212091134445128
1.11610381568235	1.29472733476459
0.757479303843427	0.86103727034882
0.764763653053157	0.881068464580208
1.01722730817629	1.09102304199642
0.650057330279207	0.575518435204491
1.03320198443613	0.528679481342278
0.290292896756892	0.131115064189172
0.138158867018901	0.0608746698628625
-0.275655370954483	0.117081447985429
-0.091016408882651	0.0320413972763376
-0.0185006961312902	0.00711029120581171
-0.792531312936611	0.327347522671821
-0.224266593614278	0.127216856370283
0.27458278801961	0.109225442319856
0.168507365646529	0.0964464455004494
-0.449129596759179	0.422208297871957
0.0259338182238823	0.0155534035590788
-0.396066754925963	0.294394869290741
-0.724280725008803	0.675996068930491
0.0163321814579103	0.0104311161419666
0.167288582704645	0.10275846486547
-0.000394233794774259	0.000788962560413299
0.0886974093670885	0.06055783313008
0.505558080023652	0.526290615627621
2.42870416785471	4.74717096039778
0.430674588456207	0.368696362024862
0.966442996320718	1.08526703358084
0.641889512693084	0.621009774016018
0.394325830368143	0.388622816074427
-0.310429995188924	0.323619402870877
0.53263839979473	0.641527282179775
1.54348832489169	2.40614812190651
0.646117366522464	0.798893540796318
0.528683943415974	0.534639537627529
1.07677567278838	1.69383371707389
0.460722229152365	0.572936788025733
0.657957621772419	0.743761089053091
0.271507381544854	0.244596204356029
1.03952537928394	1.52679821448519
0.102316463618652	0.0589129125998612
-0.0513574891974685	0.0313382269974608
-0.145024158083788	0.0845382878827073
-0.29627385737896	0.220945190848463
-0.496368049971944	0.442373404957937
0.17829369009539	0.151631497334475
0.335066727881381	0.261276480364245
-0.159401365690404	0.165424240080932
0.856409087131838	0.938242514836714
1.04112201109105	1.21900107595079
-0.586752288681451	0.769918947464803
0.702724827308504	0.799152267081981
-0.385888137321302	0.316261242896866
0.4831474538505	0.430109260658134
1.54430406434695	2.56165049352146
0.188557333498124	0.148059675668191
2.00977579398605	3.44361160656933
0.183052851554159	0.146309723776097
-0.0431206614956726	0.0336239825229563
0.41341420495815	0.390624669213842
0.860369489996831	1.33714735298309
0.435914176383789	0.378884271853721
-0.529849645429155	0.401562783677619
0.86186246692443	0.732383865812399
0.370047995877814	0.183469066984927
0.847875251650539	0.747715670181009
1.55826204083445	1.84973771193719
1.16180948882761	1.42062245908784
1.4625663722232	2.24840969022142
1.21383424842233	1.44185883489762
1.29047428528558	1.60118895030832
0.794830030873332	0.940915513650969
0.93016767917407	0.902111280297471
-0.0601608159381074	0.037903122604923
0.206570381103051	0.187444085648383
0.410593950109875	0.373896059126482
1.44275676724572	1.48275825219715
1.06054236223521	0.631154036636078
-1.27795436592476	0.460818971366375
1.97687492993993	1.52389172324435
-1.0722465548385	0.503602602983169
-0.250146905019726	0.0953795198999926
1.07873036860269	0.751677058549271
0.132522234033649	0.0620602989927324
0.383419519246012	0.195057477145938
-0.0383834752795442	0.0205064476192502
0.45883902297908	0.307721887730267
0.0967762560326712	0.0606509059940044
0.104211487700004	0.0574754036412684
1.09465250924681	0.984513563419011
1.30304800299595	1.56005554060377
1.81204252061709	3.07529837346827
0.86538134191677	1.01919979987086
0.344528523910775	0.303988366628676
0.361663693190428	0.257748387722948
1.13808834079881	1.41274164109593
-0.753553827344045	0.581293580092475
0.166806352451514	0.11466031518076
0.966723950701877	1.13820884763222
0.685725930407725	0.710314187607041
0.423487435887757	0.415165961595642
-0.318208705739298	0.253240087840183
0.731410592205103	0.872228486461601
0.423440879725768	0.283759766131614
0.0171433584998803	0.00977627730496427
0.72145794880581	0.752128156710825
0.886030502242779	1.28547538136594
0.625777590915513	0.686252283435404
2.10280795736015	3.14000816074209
0.312503714652025	0.183356557503628
0.454772821526236	0.332598575636864
0.969656194822627	0.911571332107416
0.0413891220089905	0.0220282222564205
-0.30092833472356	0.26184523460524
-0.292796248169884	0.190298143306413
0.263185403339859	0.199681795820095
0.649659600459128	0.550417990858241
0.657701683380835	0.637415112327994
0.717178552487558	0.771175696709012
1.03709109103754	1.33335199403455
1.25984325693803	1.63084628924245
0.941547458490598	1.24996116561394
0.833254316004684	0.999523864865274
0.299195822516594	0.239658457883941
0.877157141712584	0.860068998805026
1.20006249354754	1.84276991475005
1.34946945880835	2.01713243509674
1.30781053477649	1.91502744171046
0.808569768573735	0.901490629034487
1.28320630150503	1.65147486136756
0.653803297732218	0.781555671777742
1.43324982035944	1.55631234200144
1.88112387325949	2.86784110467186
0.451578770086312	0.310828787209908
1.06915787711182	0.770159046331329
0.526476004899574	0.267782305669247
1.09702880718226	0.921590964288302
0.411487357812485	0.246572012831919
0.552009170907302	0.535242012303859
-0.0428052524103564	0.031738526047367
1.30619175202897	1.6406200199522
1.4260545880106	2.01876483998861
0.831216535934537	0.871482552169123
0.517134972480709	0.365057718396748
0.576835187331127	0.42776901793708
0.472619938151884	0.311148237067498
1.08516475532903	1.44716616924603
0.345422630382564	0.236703530795564
-0.313775458418144	0.184515952210567
-0.98571150903791	0.657536712252825
-2.43437451271059	1.49161208426938
0.439562782126948	0.206384820644603
-0.115306623086763	0.0503583201512853
0.146441966174098	0.0677830486955477
-0.0664322355785997	0.0412666166890151
0.4721108214662	0.377450140077177
-0.073975060935001	0.0351163799704705
-1.01918980176461	0.915149736977338
1.12210123129653	1.63652211102944
-0.116780231129642	0.0812003513871476
0.541087565329925	0.4359630670724
0.0141211900698506	0.0100901093394436
-0.0699498663575466	0.0526573438368376
0.333482721671783	0.256649789871888
0.175920257565954	0.148985343146963
0.54910416320923	0.509337517391806
0.283522077747894	0.193332968804295
1.07144645762292	1.12423475982084
0.789898494893751	0.971396871550156
0.376616479631128	0.342394593967143
0.539752107683455	0.565108672090524
0.305606702517807	0.221727337997922
1.22277928095071	1.46648781286068
0.486553530380313	0.407804533661572
1.84818712690944	3.06870081154259
0.829793609951643	1.22656550051292
0.247939630785584	0.199429453643299
0.584201116529448	0.673180132219785
0.6643270857705	0.792477838546753
1.06608806894315	1.26534456906758
-0.0474374134898354	0.0318578830867754
-0.455090544580014	0.349614521822341
0.028936592457894	0.0143597198536644
0.747456921296696	0.667377143783148
-0.0573351727722531	0.0392619961960896
-0.365189936033825	0.29667561513947
1.19248988087692	1.25951279566411
0.691522852127345	0.865262603676282
1.56421863329112	2.61148760657422
0.974999904089212	1.34444004872688
1.20671967655492	1.81558451807986
0.480597567336047	0.428651677415216
0.0958860832261585	0.0575689838779734
1.15441255860684	1.57140223230455
-0.180256965191837	0.164005160595992
0.732340091420442	0.754682431292342
0.174237122850818	0.163045694768037
-0.344439662807178	0.382945024405955
0.66720444054892	0.728790520259861
0.409030998129803	0.388719769691872
-0.145310063849229	0.131043148318023
-0.723709188435374	0.7199492140476
1.00863978873559	1.48361628289612
0.424049262734928	0.373985679771654
-0.53146053604958	0.408953221891172
0.369638325122716	0.276193720201808
0.594519323116053	0.341481157734779
1.09561307384635	0.845807268509229
1.2966788303143	1.74394865297276
0.615496245552439	0.805510734775812
0.454319490108368	0.42341275063054
0.839964125378095	0.838328011034177
0.238071758151715	0.171923969629257
0.437233399096816	0.257265749401575
0.695436425790911	0.700501268561191
-0.195345234697406	0.163154197195357
1.08205032960595	1.41512565871746
0.682952443375057	0.363386589841439
-1.06435890371919	0.503476135520827
0.0928836855027548	0.0542494551264668
0.136390005124592	0.0596578029463579
-2.24392338551734	1.25833790176286
0.0416231502696078	0.0208691985471886
-0.169885880993982	0.0918240717767633
0.261725973833564	0.128052640811566
0.245225787058009	0.133466150066554
-1.56132369024711	1.33584771750904
-0.228179683883425	0.130661385580137
0.566830322897775	0.473820452618841
-1.26356841736266	1.45765177890577
-0.352386122287137	0.275020696084787
0.224941376139698	0.187400686330982
1.0566715115423	1.38576313371346
-0.568720051702515	0.440845273761461
0.882890491399584	1.37004118279065
0.873699627692409	0.97664645872904
1.2660356655203	1.7579518286311
-0.200001205971513	0.158546579888198
0.56812975007591	0.600502099594899
0.322476365559844	0.293120751410233
-0.0847436620081871	0.0657370038259841
1.11981640437547	1.55676886428607
0.177040787205463	0.14456994030769
0.431893791622071	0.496368714094222
-0.200047918502553	0.151494739497587
0.413179419995065	0.408104533526077
-0.467045151589382	0.457466699447583
0.510824967947262	0.568871442247003
0.200671229478711	0.192071799437127
-0.171296549705614	0.122924964022021
-0.0545539138435602	0.0468806838261853
1.40754368482133	2.34991378442984
1.19277254059872	1.48324247586955
0.199663364634554	0.14009575414974
0.580264735893674	0.384792301491444
0.503318511560945	0.358790603030954
-0.0430755133180005	0.0323387922596714
-0.19327945737279	0.174919017435414
-0.249212854929103	0.226117519307272
0.37690147359832	0.353109035426772
0.462799828172234	0.49412330745833
0.299850346528258	0.222656358972589
0.764834032235549	1.01109776434861
0.386096988060344	0.344919822746359
0.793570336552069	0.999850658014305
0.40635563851548	0.388851785186398
-0.185130374711707	0.158061574379937
1.30590063570835	1.82602495282001
0.888475753347194	1.63473246119956
0.590436190251935	0.69334894433821
0.991591426599431	1.17437251978702
-0.0878781529267192	0.0659236348752357
0.669372092475727	0.711786855145002
0.844944661552018	1.21857120092489
-0.300692069187325	0.256903736874725
0.0588333855789088	0.0537843324412663
0.238542524596558	0.177085775597033
0.235960173641245	0.172364382226352
0.688672461591327	0.475037438878259
0.963612591379642	0.703837942482566
0.30675914104408	0.286952918879245
0.553740941951034	0.530653319903237
-0.181954499407161	0.133612049315749
-1.4902116702135	1.99198577129118
0.793576796581085	0.862944474244525
-0.15174874792043	0.126013592275873
0.684293564684578	0.757750949125548
0.324956939010549	0.0923135161050064
0.0191403706264164	0.008051915762043
-0.0859228891455053	0.0296194285407457
-0.0511042422316743	0.0259831523821232
1.86254825060529	1.52685525442629
0.13799642784726	0.0522919106666334
0.526975505862143	0.283008175171133
-0.103553513363312	0.0470060615624898
-0.93615968246239	0.406498204141373
-0.282736314972262	0.127748171052533
-0.91934818204359	0.580286865995519
0.238237532199996	0.135459199898969
-1.86040570050925	2.06483961975356
-0.565269809109803	0.441914130100652
0.643698678114873	0.676350352024754
0.574266546648734	0.607028957542321
-0.203797599993521	0.159575845854539
0.195320181690246	0.174036182298176
0.0695534719012794	0.0450336329116132
-0.521479316795523	0.431967935963734
-0.470386866133913	0.546485557999891
-0.0305431650633479	0.0204334974206756
0.133813243456642	0.107715486325393
0.492259488361913	0.610059962356568
0.124138468714918	0.094939660206544
0.909014521270831	1.00929279012913
0.74088869561539	1.07694207204231
0.161427062978841	0.13597342822281
0.941409557914	1.11127677365331
-0.0711539686151121	0.054899062445587
0.55546913232202	0.52820088719702
0.103531231367082	0.101628840961708
-0.245497251272943	0.239423576248369
-0.0490642800926981	0.0372663892653048
0.514923723952935	0.60796021823317
0.742919125941124	0.98966955805894
0.917092731415396	1.34111848031914
1.00663829037698	1.26110664267616
1.31522692068671	2.1320913468448
-0.769599100635711	0.736404750478509
0.467663579663241	0.452718538607434
0.381064197016365	0.407248424802939
0.178666441927813	0.143390142051213
0.53621278478489	0.593381410056857
0.632266600613804	0.923428969306058
-0.00189453482440832	0.0017727909778554
0.641812438184397	0.782939595072322
0.400071074374102	0.410835993219158
0.493909979634043	0.541655616642338
0.325249613514459	0.326911685872687
0.347893921522725	0.313079521029985
0.699977389090253	0.858711993956741
0.666193960699415	0.963270747082599
0.146763265227224	0.113850020946209
0.564338074694377	0.778413196895125
1.06229949602315	1.70525468471564
1.25039846614917	1.90855927492039
0.332516475676995	0.369958384361047
0.233145049874482	0.214314478364818
1.01438703195368	1.40026963397591
1.58668578757758	2.01412050705095
0.390186937783646	0.201670292510219
1.01771106376667	0.52302575386217
0.687602204025774	0.457433073398917
0.53513168045463	0.343148820342031
1.34183151792332	1.33991798560674
0.8712862784312	0.334660303959563
0.364375251229947	0.35586529824486
0.24150578924737	0.231129350824268
0.153977384316194	0.109667199612219
-0.280823414733772	0.215756735547269
0.309132866161592	0.223409446606078
0.961991621061461	1.10105709744395
0.526298943992272	0.604035246284617
0.100370641642333	0.0832919490062863
0.926506588726127	0.942100544445251
1.97912832851721	1.47960274580951
0.282142683082482	0.126942105363009
1.0221052921071	0.526810660215171
0.479722701975353	0.204695868785566
0.00526618147656546	0.00152611893018079
-2.04576468666141	0.97744768887652
0.280790609171846	0.12740251989136
-0.628838118507978	0.241580521936116
0.119163838149389	0.0469597436303062
-0.272744834290863	0.104007710848024
0.474742861980068	0.199186481029887
0.596073821602638	0.281146245193657
-1.70837018425883	1.08954858947092
-0.44612961660108	0.149569469328198
-0.1028043426964	0.0356847130076247
0.593183059574826	0.351676759610315
0.529542335944935	0.386656348428011
-0.174616739504664	0.114936027267735
-0.745648981769607	0.502725175873945
-0.955506249225305	0.927048075678374
-0.167941172875385	0.110551845384447
1.15803976753644	1.18368484891277
0.992299342347324	1.15647695359416
0.652240601596122	0.572253153648788
0.774536161282628	0.830433406629867
-0.094324312454782	0.0743260028936813
1.01415890001982	1.24481221223222
0.971227543949397	0.977105842034292
0.71034453826114	0.712151607754286
-0.385195258232836	0.344473101777469
0.248898802888517	0.243279670430756
1.36644003028616	2.02928881289008
0.639295657202311	0.674103060015183
2.10241113526918	3.33878584290389
0.911114925190155	0.944707241871629
1.84961949654114	3.26400360423821
0.974603619344082	1.19236118416809
1.0619886446013	1.68850027804798
-0.107382343310783	0.101141197933763
0.650659461688846	0.59657258675897
1.63085973616775	1.98004555342159
-0.143301653377884	0.0744279714128147
-0.332627986912878	0.270570707760388
-0.230661755908339	0.181970944073199
1.38101525020727	1.62041617450861
0.0728696044507462	0.0475750182161196
0.909618833600591	1.22319206936709
0.185312755479361	0.153306031685278
0.678873559164236	0.650473613446038
0.58698068811522	0.507240516070655
1.33113533173969	1.6411105548991
1.36622012963535	1.90835513083022
0.838311800931415	1.07482714342538
1.73013294896152	2.45287905317137
1.03417706342555	1.33245705751046
1.02372466471994	1.20240486149695
1.03983299492065	1.7346748036074
0.726941376808263	0.768196928039788
1.63307820254373	2.50030022759993
0.733267787892276	0.853187663033881
0.593311056669535	0.686698364354132
0.75417769242411	0.878879725554268
1.1104810396596	1.67181450561558
-0.194617431823248	0.135924773878568
-0.673953917023485	0.324164143579471
-1.28408966487073	0.471627669451728
0.29957636632387	0.12201939436616
0.53365179376245	0.287335801873318
-1.0775015079761	0.491032407171368
2.14909366361953	1.81137966714765
-0.0154957020746665	0.00613018873944924
0.529868081061036	0.279391689983982
1.06053705878489	0.621328047204294
0.772612420178552	0.368503241240608
-0.297648141951378	0.132508957399818
1.09541810993138	0.919316891530728
1.33943139530669	2.07759442488946
-0.0211785719484432	0.0143363522485457
0.409700862132826	0.400942989176363
0.864796803933833	0.764197220683262
0.444613171235732	0.308112851314211
1.09845967990248	1.0767858798879
0.585807958011553	0.394338312522484
0.149265486577589	0.0748116508754958
1.36261203543801	1.83092884740166
0.904122550701417	0.99025682068978
0.741535174395613	0.447139556089688
0.0168704232919769	0.00794957430596916
0.729302315764733	0.554163495484865
-0.26127579728024	0.0984963659335344
-0.168296055570636	0.070254816055814
-0.241180944822932	0.0750844735638015
-1.45857458080414	0.579461263044106
0.542029439116959	0.290109322235162
0.115703174072298	0.0547641275122218
-2.02056664655499	1.01794353268303
-2.0167626548944	1.02220072346366
-0.262614432899705	0.101291050116957
-1.30920871369226	0.704582753747264
0.6953122141882	0.383993009598463
-1.08207159893129	0.640406930132974
0.0445015412296844	0.0203716411797155
-0.408030605968028	0.196082397471953
0.551432700571699	0.419788333511453
-2.67783726844932	1.83120681838252
-0.287231240224601	0.167511062903791
0.471832186852764	0.366712924505442
0.459734459858711	0.369981148685478
0.415310981500124	0.375162932037015
0.224301399659062	0.202687406734412
-0.452434869505731	0.52806313233923
0.817405238719069	1.01411875471668
-0.203054984572243	0.153918093166949
0.22095746116872	0.209606964017226
1.54787273501092	2.4169646884066
-0.693394419275462	0.727782062950735
0.184487594015065	0.178776778984633
1.03131398444102	1.48273878775835
0.775955460041773	1.27470437263137
0.516322122280161	0.521082660229216
1.00491191715031	1.76734383655907
0.591306068151251	0.725788709658767
0.567752445699132	0.668729193438603
1.17254990293111	2.10738495694288
0.13380354970888	0.108550572557419
0.260939804400785	0.281570348493035
0.497309273804432	0.564808481358579
1.48897601872888	2.01817251080861
0.378045399820328	0.381432320244883
0.39841203080649	0.363026764342671
0.177253668404725	0.108971331596663
0.352760894147577	0.2580037263046
-0.220066072109048	0.148450568929712
-0.123962725084935	0.0884425913836118
0.0901773972241305	0.0502397322125436
0.0858255063600638	0.0641726760236637
0.528048864970787	0.601566496759321
1.11061522237052	1.62609930735641
0.376535175811077	0.348160062936182
-0.118368904476978	0.114780218979402
1.03828401106912	1.48986576389343
0.854483132201701	1.02695745102189
0.318628323255877	0.323296227539164
1.19911490192211	1.8300869528591
0.865558867325618	1.32391364323189
0.757047337885465	0.909566675942603
0.830870849746027	1.35264560188842
1.29634203031696	2.48373509836162
0.831342145684782	1.31278230366806
0.623124281657616	0.825331677769799
0.811122005152837	1.08743581786796
0.630222690816951	0.617393326677257
1.23964509405834	0.975778532372146
-0.661403139232237	0.232501496033731
-0.795372131896524	0.324618854695577
0.137363371337139	0.0646126297730054
-3.52149635441226	1.36410181417727
-1.5807183578633	0.774212855073439
-2.14981168611494	1.12562231270772
-0.107870498433572	0.0370490203879284
0.113602001484158	0.0612485314640323
-0.0669655377255146	0.0315671615783272
0.727446729537624	0.548424488868298
0.153268343536622	0.0644600497955254
0.851009411575614	0.765789496122351
-0.201015417807926	0.170154783236363
-0.549098350202778	0.40996589939805
0.0483293964063816	0.034313013448992
0.567320400086784	0.567145098979341
0.362161894400516	0.349877282261528
0.502086453525322	0.351603449408671
0.256513921380423	0.209574796968524
0.579237899028026	0.481270740213549
0.539988214385183	0.429417070279639
-0.00870056348546437	0.00503380507245411
0.00479993104688107	0.00290860395553172
0.398717468708378	0.254448797584612
-0.00354062721194366	0.00251582819774023
0.365607220341297	0.233023755362789
0.385414905795304	0.196649576876184
0.147926414052904	0.062785016349475
-0.419256443393046	0.195532112502349
-1.07143513036405	0.500699344165256
1.71426957190746	0.846267024469648
-2.14587145885859	1.13152269598162
-0.102278556841847	0.0341071236867144
0.00988398501533402	0.00269365248353356
-1.88765553982616	0.895281848149954
0.594392233705681	0.283899561732797
0.86418587639925	0.488134416521011
-1.48081399187537	0.578878865306639
0.375600865048942	0.193203314667873
-0.56806201097873	0.234757286996251
0.965605099873242	0.887993485069858
0.0064989627272865	0.00285736915076294
-0.109655041871149	0.0659134878324262
0.538826308792031	0.345288851031509
-0.40529718357055	0.267995491125695
0.186361709958264	0.139686004334856
1.35484626728497	1.57012910694711
0.324507306042845	0.30661760700969
1.140997199384	1.67074232570498
0.778629601158477	0.975020713215104
0.645741742230103	0.782432755867628
0.709486241246128	0.969246613914324
0.689750703951633	0.950215939144334
0.024718657719051	0.0214851427549842
0.543795996400522	0.614094013201511
0.611167263614635	0.814199398375949
-0.00434898487549088	0.00372314428324515
-0.27908967044361	0.257390453790327
0.0360968293127019	0.0284699225730274
1.24264321712841	2.29344032876374
0.423920014658602	0.524972495438435
0.098374652729073	0.0956498402064921
0.42590971347935	0.444653284525809
0.775399902315264	1.28201940285957
0.12992890103376	0.118401689163949
0.566124260641085	0.735442203383031
0.0402878781643223	0.032511803608256
0.334612983472566	0.339087742251965
1.02289396982725	1.1109327913493
0.248634867187368	0.184453329674508
-0.102735447849274	0.0736275859654423
0.85823261489597	1.39352543778113
0.803692030743125	1.05437554687954
0.909271297825888	1.37748826526102
0.839323550336107	1.04390190321298
0.75150001107142	0.890414107473798
-0.19167328465642	0.16992195952831
0.197289047923806	0.174381118591465
0.660404071369523	0.920506891522394
0.629178426696373	0.748897898533008
0.694138724363209	0.923285519873564
0.285026713806456	0.255960781464414
0.396704782328328	0.401419652128532
1.41883179646869	2.68148883237144
0.947820677106752	1.79738167966311
1.34825229497233	2.42151857431376
-0.0408299058569639	0.0308515611185165
1.17727213987873	1.6861700473666
1.22154722644787	2.16998585227581
-0.593510886976166	0.546372748463742
0.209858413159335	0.146434772153521
-0.0334996718399325	0.0122879517912552
0.595645360039699	0.290337410210052
0.467292181774379	0.310582388804186
-0.927860470072811	0.40837337688318
-0.603768622499428	0.325444205278186
0.243815372532002	0.130063865257
0.268944979612916	0.133966593636076
0.127508179996543	0.0497877196225712
0.543933997993288	0.126853376726706
0.241924625672114	0.131496289622563
-1.45475935214366	0.568568727829898
-0.178909026895392	0.0918054567411433
-0.324086062488361	0.165919080649303
0.137012961465649	0.0700142132030488
0.876323263482981	0.942380846263933
1.18488166037808	1.57620054354351
0.32238797830922	0.28657926087579
0.064632333587899	0.040149328813073
0.513360829754458	0.544304115188556
0.419341943088932	0.344674466053533
0.424433132408262	0.374303938585819
0.17066810015686	0.128632728558296
0.396152870579175	0.38825723758619
0.23110235550587	0.170327083662904
-0.0589112591447317	0.0320206186700162
0.873356668868827	0.342342623972022
0.0835336339805847	0.0284482232371102
-0.831797157170485	0.249598715476935
-0.794619473297867	0.328682572879622
0.692543715712788	0.371972448912013
1.42897723159411	1.15296309885458
-0.807971254250336	0.324894186687753
0.784966761364455	0.520215585609068
-0.0718619569481807	0.0337506267678552
-4.51301560157555	2.37252423697267
-1.4127990846285	0.787612430396265
-1.46360495719788	0.55445105000185
0.870277084495548	0.502983997560665
0.770492027685034	0.510563906175032
0.104282271357147	0.0512733796229661
-0.31805459776722	0.268815390557532
-1.28580080467512	1.16437981117996
0.0418909465113576	0.0266122355892034
-0.0816221668928173	0.0524738766336443
1.27486095959809	1.70651399806495
1.20622063253182	1.59912583496991
0.816199120995812	1.20902120134705
0.931547625230102	1.13200381666517
0.0459850432344839	0.0361047985047568
0.0587875986327715	0.0526210478746556
0.958104865538582	1.5484107293232
0.302857481127708	0.281207457802702
0.775553747847761	0.999124191862091
0.259573857383361	0.262125448823173
0.112759301428822	0.0970525719988089
0.863972020916786	1.21701959663067
0.0589784887235209	0.0438637284118591
0.812241948437876	0.867213737877247
0.396635122816701	0.425054370879613
0.691662516574739	1.00175128503647
0.809098154332837	1.02700333916364
0.0668977920964964	0.0593311735516871
1.20026754312893	2.5530437544846
-0.0715563563982574	0.0563564849529892
1.06771973854558	1.43119271536525
0.122621743477731	0.0815915802194148
0.331533220660717	0.282919897412075
1.03709745201937	1.11393830765498
-0.550677337101893	0.511004671039819
-0.347754566246108	0.347916713583163
-0.0772240851982875	0.0569924078447169
0.306284983618281	0.282602850361232
0.893035547818788	1.33125547584481
0.654088859478068	0.750778342988695
-0.196889099738277	0.201851208528175
0.784438770247106	1.19686613893876
1.02891665553025	1.42928666745663
1.3591501864836	2.04486062455665
0.196767429587037	0.209457406594793
1.1380878088063	1.72805361837724
-0.166925327337647	0.175265903997495
0.738754225503154	1.09079322806718
0.866519034502094	1.19092506866483
1.05607652834575	1.80692500232072
-0.640495590768047	0.763141020573515
0.901557925715016	1.43815397395554
0.630619617272181	0.681641371224084
0.541621805123752	0.523175798845055
-0.0798097974652382	0.0461853551581768
0.542866547339681	0.294414993136462
0.013819187838367	0.00579477059767634
0.31118225686456	0.110497295015127
-0.203908831286983	0.101981841523044
-0.0740895018355295	0.0350826776646606
0.613182467160686	0.292901565292815
0.794271778069193	0.400013724376377
-0.403679661151319	0.16953019510863
-0.083865860518231	0.0398349405664587
0.512583706718494	0.265295878089975
-0.822243694667479	0.49201681685991
1.93970831230331	2.07610802373496
-0.0386861569959253	0.0238782062000332
0.795470826830003	0.961387472808959
0.451878053832631	0.511999774458367
1.60443617541449	2.77227433797472
0.207854999060319	0.174069060916426
1.25304965716711	1.6178751850529
0.265453193260467	0.233837878651864
-0.412455494894058	0.305122334377418
0.696710308395924	0.716275788042067
0.468100831411975	0.349373328065317
0.634678884072781	0.614990242217954
0.141828861678515	0.0777597150731375
-0.299121619675138	0.128569229573899
0.0146648250565974	0.00619240656971371
0.850696930570305	0.47866197219847
0.00634994604805579	0.00205090011444955
-2.11810065991565	1.09216175686381
0.311513730151666	0.106847418204046
-0.0952052974121982	0.0325991248806035
0.555314719298322	0.20529632658328
-1.28886622712064	0.480829304316831
-0.633577981341384	0.24046272972226
-1.20303194213249	0.592705964272849
1.29386855297909	0.666979689429739
-2.0295498152197	1.00433752183042
-0.938398529635829	0.416135023080167
1.19477790862177	1.19879280054179
-1.00469084510339	0.642413853678762
-0.622636854845113	0.342028946170739
-1.30904191396578	1.05070525528811
-0.963597599091479	1.01449120238364
0.12143117523937	0.0666770668804833
0.713962921339279	0.692545947970642
0.6665089247621	0.773117636805074
1.02540803864517	1.47386592890938
0.651606680044253	0.649731857793805
-0.534168753197547	0.558866284379341
0.10340309379871	0.0695633779909115
0.916157225397024	1.00739741428537
0.00158215981661528	0.000700618877384804
0.125084314193113	0.0887281966871288
0.963941831623553	1.37196954602276
1.08203029317046	2.07034909312533
0.706445613053184	1.03012743911525
0.504805038645427	0.588826646997027
1.20582499037319	1.71428914068141
1.10038575004302	1.93119302999284
0.649236990480578	0.928216652485682
0.880435201614817	1.11595175874342
0.775134584483274	1.36582547043795
0.925928554418057	1.66752211616792
-0.127923055551908	0.116855295512451
1.30684963254601	1.62136289479332
0.268025792217828	0.234649477688342
1.93450612791034	2.13527828667612
-0.442266467283269	0.352493961481038
0.0857161596330679	0.0583341725445424
-0.866526372687535	1.07676055660685
0.447129005709464	0.471418789723803
-0.429046078056699	0.382591502676713
1.27166753017923	2.32562023281327
0.159247118758348	0.132966956994234
0.944909980318454	1.3061278518066
0.879293642846539	1.09301041264643
0.95464157593952	1.24677979885595
0.0631510674251607	0.0477532422321485
0.678517877237776	1.08618004239293
0.394095084930758	0.317068401575034
0.840549472972648	1.25145043685905
0.766826127738469	0.855762360854804
0.235708930354714	0.204891772097781
1.08900016323438	1.63282042699655
0.873828086450013	1.30450451118061
0.936973736414967	1.56839811751859
0.000991350095772725	0.000895585969024981
-0.0708837614037823	0.0354938234413028
0.280903899114235	0.109826766578669
0.70847200967482	0.313586540337203
1.71908848885828	0.817339831152796
-0.159504256503033	0.0803347799470077
-0.436961384076586	0.149225124548347
0.487415451724289	0.199821548317856
0.43983251189444	0.202595258030273
0.144563265876494	0.0681687624389766
0.146328658028631	0.0723588322831584
0.651235196944551	0.575429386085215
0.528025219015499	0.537984263221243
1.1580167367354	1.2915494725687
-0.583667346738749	0.534889466535975
1.08166373257008	1.42934978126572
0.333106767323007	0.292059338159883
0.537586661322623	0.426088391561852
-0.356687534013717	0.290217120840691
0.0766075679291479	0.0580466612143694
0.268032614386004	0.222727750391585
1.32070245678956	1.8696383200241
0.478043610759814	0.322606228326375
-0.231780174629075	0.133504075894246
0.686634926351484	0.377465451048798
-0.00157897144968599	0.000308748891754411
-0.236516139800868	0.0742890111474493
-3.51718317028196	1.36132270404602
0.0870573728644611	0.0292671552921901
-0.786077898386219	0.39867556271145
0.0184128783834984	0.0085324730397855
0.77706173838677	0.531751431668099
-1.18878708146489	0.59549855631434
-0.817732872874212	0.402994660745358
-2.60931295123251	1.74984428921869
1.09331762095267	0.778781415971517
0.0840687958795292	0.0282054870710813
0.90627679857003	0.586042811833186
-0.0678931310928549	0.0346864159880533
1.77149107029259	1.86765787827021
-0.16277300821941	0.115994868216304
0.531082385593253	0.406000284924208
-0.779778886338801	0.970460700464002
0.230738514126708	0.225375689317085
0.592708123869297	0.709679239631758
0.984690150584865	1.39650432937088
1.26341919705561	2.05490842007674
0.890227220987208	1.36374156087499
0.390910113954299	0.345474825957189
0.908159684826868	1.27956298166438
0.652229943161176	0.843062482910928
0.425384996442704	0.342086194838277
0.664651926490787	0.786262539372193
-0.374521268227874	0.432935126397438
0.114992633004006	0.107025604932072
-0.643954384847384	0.693189077074515
-0.0141730991787086	0.00795062839131426
0.819355110999907	1.17835537573209
0.384510031088622	0.438865128347184
-0.114172443471671	0.0950412948734006
0.108317536623322	0.106159357287536
0.134119363622008	0.122329651765552
0.345862858464064	0.410267752580392
0.720755500034655	0.859548009082413
-0.0135543124306813	0.00843655638519491
-0.497722629168624	0.544136924668882
-0.516999319501233	0.436922081624341
-0.306530392690393	0.309069643626663
0.397377690288992	0.407156164426147
-0.21182964654621	0.180468036477372
0.578114553357394	0.664534859999235
0.638933365413051	0.786684059643668
0.0975329183049487	0.0814210770542475
1.12778414929839	1.83914653956672
0.613908271293832	0.864254631850863
-0.294043762526875	0.301472391454175
0.802578797183916	1.07326194785706
0.265193090137452	0.277398232591493
1.28697771799697	2.33355688648008
0.617717214634806	0.79100721785685
0.765535191520726	1.15811527055335
0.668039394416352	0.999071862309677
0.36995725657672	0.352387136301575
1.0885486534256	1.24332934478233
0.0165569031142461	0.00824009121776254
0.931164948668569	0.652844105274097
0.746144530375552	0.438667720974479
1.38638151288191	0.451248877983357
0.953665032608327	0.42771174312802
0.797109355699368	0.393937927851026
1.47213353542484	1.10689715530144
-0.072647461220179	0.0347652921847609
-0.0667902758892331	0.029240869347554
0.197695977594837	0.120845963782131
0.36616004382813	0.253509933373645
0.192795900161209	0.158825363334282
0.980880348518285	1.31801368436379
-0.351563943120437	0.313824536913778
0.137050594764814	0.0931531540208701
-0.15897283422131	0.109509706450421
0.15504052129291	0.0927880053620561
0.177618888129061	0.134124766539507
0.628924216851667	0.651573441899971
0.0581213006956239	0.040003682807439
0.489861393933907	0.396739746496814
0.449579196250843	0.330087873365129
0.303660885014473	0.127019226177578
0.603108302551955	0.297318436515106
-0.163963860918767	0.0676977890769633
-0.409838383174848	0.171063754797515
0.299379968968207	0.106447509821458
1.28744739780124	0.819235082429382
-0.755280814553856	0.513005229503474
-0.29305776606148	0.130946707382998
1.05725955122093	0.611018118781175
1.06985833185868	0.627895204944718
1.0858180230647	0.719015310874024
1.07018955080872	0.749918125012288
-0.245958097447832	0.137536427385498
0.722688363622813	0.537181759933499
1.49175339149084	1.5007635622478
0.0571948480118429	0.0347433028041921
0.875452852921169	0.858309343684161
-0.740440143035719	1.07471935364829
1.3085610366005	1.77225773413373
-0.874428780898856	0.807364662644558
0.248838415249125	0.208221964216315
0.358381315057551	0.30827156548254
0.333391291219473	0.338519163490478
0.511401534315523	0.448467482873488
-0.0335638530631858	0.0228906648006762
-0.227142114074052	0.169069553188154
0.346312506284696	0.26789109779172
0.25503379305024	0.229525882972804
-0.801924808159583	0.828236907504356
0.726296096947871	0.974866701922828
0.0671785806615111	0.0409098594029543
0.187478996744402	0.128619609163943
-0.206129835310115	0.156116604016774
-0.186355210629283	0.152213496675715
-0.597709278687841	0.602153315282224
0.693843940229244	0.84075184568052
0.287193134575014	0.271913626586235
-0.261343321243047	0.228496736761698
0.3706049561958	0.288975845468995
0.557551826082581	0.622325860689386
0.116566114853809	0.0668370484228218
0.983736242270988	0.963687604366136
0.923051056750703	0.979831588802321
-0.0725262865490775	0.0539942542731623
0.685245534897886	0.903232393595701
0.493374087274188	0.453338176761931
0.441847960511458	0.46625020559668
0.392841970230875	0.388596477618325
0.151291998680725	0.102427068066406
-0.245703962178267	0.241585892273822
1.14651640802249	1.87099060228413
0.463201430082862	0.421636496303095
0.439631870591076	0.450105163218578
1.06792889028515	1.37375165736105
0.192961890908776	0.158266123994584
0.721092611655095	0.542223518151384
0.646743113919418	0.406511348919061
1.34803269884476	1.34093529696555
1.47074363949124	1.12748701750892
1.25804071958628	0.937414068949702
0.49522321764951	0.273624788513116
0.299335899354378	0.121900877282397
0.435645599284234	0.203547539997659
0.461869732985892	0.295637934979729
0.0188537673666936	0.00877126042167126
1.50078272998281	1.52684074804991
0.402033712729507	0.326207908307994
-0.247615989667173	0.172369737347303
0.31561021082317	0.311164675033056
0.411670671017671	0.334358863620405
0.355258700779781	0.328489212018456
2.13793228225496	2.67403215922053
0.837428817888743	0.757059917823233
0.76195703457173	0.916269809854104
-0.643458202784235	0.564672073255917
0.677803538777497	0.639910121527413
0.314962105573677	0.221044339067879
-0.0649939434493694	0.0329323867153584
0.358775624164085	0.201928254048098
0.566314077801443	0.388458310021998
-0.891230050423863	0.475440899130198
-1.89708523022551	0.913049810412864
0.297891207223623	0.123259780316952
-1.19418468106314	0.732882453908635
-1.19402586550904	0.750916755568754
-0.516316628451317	0.33286130768917
-0.752176563217943	0.583445838512948
0.943811450565153	0.89334149708532
1.16134815496406	1.60902833243936
0.262938741806537	0.202147618957247
-0.76534042928928	0.65101535611746
0.417816405432119	0.382981062376109
-0.515573174840339	0.535643680243152
0.269161258770336	0.228367801924561
-0.543944796886336	0.634808665619422
0.308927836915861	0.276648370720609
-0.133788308983196	0.080305177999717
0.860338831436777	1.19605554079255
0.403307498806658	0.322417751546103
0.156341663906527	0.132329386868279
0.667057329305061	0.673169082901226
0.290102191767651	0.278882173594857
0.0340578073492488	0.0223777169614299
0.131475445917854	0.0892288093334796
0.0215717953185706	0.0132943291975916
0.818187370193695	0.813887424680914
-0.805664726781782	1.00617361601093
0.0601760060164632	0.0390271366913506
0.00570158975609368	0.0044822537369447
-0.82133556386154	0.991713958348338
0.286422285596907	0.25118366771638
0.30105772629775	0.216224896928446
0.730833659419661	0.904718112721208
0.647182668859645	0.614580157263915
0.268774856977276	0.222648023628787
-0.406394643629096	0.384342379741234
0.523470612164303	0.523085205172432
0.487783262943969	0.610305699295416
-0.0602578663140471	0.0460848871520319
0.950368362726397	1.50344338188317
0.910221045380388	1.42510753732935
0.0688813018449436	0.0422260788750582
0.271788104761414	0.213108692539201
0.17982144755925	0.152843238000483
0.366868640195498	0.372928569240149
0.719230682367673	0.924731422819629
0.26239157117722	0.263660935962111
0.067110771744502	0.053301123914194
0.220742297957051	0.124018909161114
0.954952445338758	0.715660928296797
0.267694156555321	0.126695956108786
-0.166259037169006	0.0844129910354423
0.0113419783014311	0.00486205924342364
0.322257475362478	0.251110672667709
0.345062248246561	0.249004322458738
1.1730780741397	1.82869441067694
0.452852118887706	0.35585357751829
-0.173486075979029	0.122036134724305
0.361563657399441	0.367444503471907
0.206960939178094	0.174098561077027
-0.683845024697848	0.568851955345918
0.370915526993212	0.298295902365464
0.594885702297963	0.5169587904764
0.576870858981591	0.486815040304172
0.625434309596831	0.498005576937163
0.0861038023616576	0.0515843807889218
0.364891162314763	0.20108056200087
0.274849766207361	0.12374737571491
-0.166185884839914	0.0847068963118927
0.35327178523769	0.194774230716537
-0.200318358917786	0.126292933401667
-0.0531485655032223	0.0268969188015492
-0.604341728783889	0.424579573895176
0.0372440102302325	0.0199488381441543
-0.237332266473172	0.150538332269183
-0.817832712299148	0.841304703145386
-1.17820947216807	1.30464592671502
0.30952186034408	0.227046160474843
-0.126678771155831	0.0773020504016183
0.723553138938802	0.871324164709567
-0.159559055680373	0.119552302057162
0.653800104247035	0.681103420145136
0.239138499118709	0.208907814392655
0.446089722354047	0.47004865267865
0.0636737549083803	0.044686257882721
1.47479403300591	2.02748536750397
1.20441401032897	1.44409970076561
-0.378230675708581	0.271956732851679
0.511773816383111	0.514808816773412
0.179895341098288	0.13443772004886
0.441892496234655	0.385439970974605
1.38545019492806	1.7376988997924
-0.127624983930049	0.0882868603931374
-0.196778214603803	0.127422676300938
-1.44106963916476	1.49560814855924
0.850495347373915	0.787045037334045
0.156749737485456	0.109553448902557
0.343665628968856	0.297168490791509
-0.795509642036938	0.888237805445378
0.132554615603227	0.0882241148541079
0.253653801158457	0.19899782747743
0.348817977897787	0.381423294971813
0.727708245849692	0.786260743196562
0.72037141876091	0.907479373684527
0.244209230352614	0.183562211775472
0.352653226065917	0.335023872269567
0.157735737159847	0.123991614214971
0.17303859383183	0.114633757510948
0.488812644992575	0.471805750129772
0.540204944679151	0.421073012173373
-0.69768234509314	0.709943302908788
-0.662014790881164	0.605365449986228
-0.5682072482882	0.493015586915125
0.136143878354407	0.0960447033736195
0.471179256012465	0.39985856177083
0.570717596277485	0.546433299960132
0.362050476510529	0.297559037360787
-0.789323654250247	0.839284896938614
0.651513180730278	0.589447341074597
0.414541683628155	0.33684743848148
0.147730748733202	0.118348684763035
0.337642553874425	0.298820384454417
-0.562964588371113	0.673155370222325
-0.77876058961918	1.06782975636701
-0.0165674908684848	0.0149985685068641
0.0683929633709454	0.0531802950615414
-0.170759626745012	0.154963821540604
-0.15624184427966	0.133570702828098
0.0877180826832198	0.0791055547551385
0.109334104447052	0.0812681920874946
-0.561444126200429	0.502698267187833
-0.50958827834777	0.48020359452614
0.859166163518579	0.817277383273904
-0.984654632608096	1.32147587002753
-0.1475126960104	0.106129137754929
-0.766300154483299	0.671295032088358
0.361255933702783	0.290543661586095
0.272395015113428	0.190906037480689
0.501942714139664	0.410720147812857
0.686300547345251	0.823787415093026
0.456129752238452	0.425448070690672
0.0485648729851978	0.0389398768387249
1.07528569632061	1.72672794337458
1.1123121947944	2.06362160521804
0.249137475397717	0.201657328295051
0.350073712135261	0.315604070287411
0.849601754141614	1.22903866464531
0.911711179753435	1.11421929595965
0.286450735119435	0.263298558130088
-0.196714397589221	0.176118406926753
0.304612688855988	0.279089745964332
0.0171159506796409	0.0118156708220459
-0.162287899107241	0.147703283998758
0.0754104819759544	0.0572086487128444
0.142418321330257	0.109793797415888
0.517840472567161	0.535725970634648
-0.0444520020190777	0.0297405087450415
0.941970095819012	0.691450059030574
0.419187245315277	0.410689248519717
0.168943674557382	0.136893456494706
0.646374138405423	0.723217880827418
0.290690913843485	0.265110811562939
0.19127083362332	0.116335919600673
0.0926368613048449	0.0593991938346686
-1.37851781409258	1.98229931347259
-0.440520896651311	0.323184851060104
-0.846603969981317	1.09270317686885
-0.127903734144593	0.0948601113776719
-2.01605827498918	2.70407700679441
-0.0176548766537014	0.0121414388157957
0.271528334856196	0.192695370182201
-0.224779497229655	0.22235259355409
-1.15954423682506	1.88730186695933
-0.229780800749125	0.21246838816822
0.717595166314259	0.880080643256249
-0.621615745680689	0.523119254166004
1.21709933787292	2.184162876084
1.17274825747659	1.87548041976694
0.210956922342724	0.126856892512215
1.33880326089546	1.60408489771018
-0.270678305111599	0.217072167826227
-0.536745706389144	0.470176071389384
-0.428071073619866	0.258934796463512
0.565761399180153	0.532222266907909
0.889418557454998	0.941833860301765
0.558713158102503	0.450459657720849
1.37402034302179	2.11889356229502
-0.0726387158442658	0.0485193532074369
0.375096100936703	0.317786341239865
0.90044402745848	1.02702620614586
0.403141269320394	0.381720797977079
0.309525776968613	0.292862848687196
0.282194078064968	0.274408813814679
0.401660553895463	0.334909718356199
0.56231273248895	0.481151114389454
-0.0478413346854328	0.0354230911377179
0.221281910882874	0.136599502195097
0.883990995854981	1.01015367321336
1.27458882945069	1.57861553997394
0.417038832122599	0.320152074706023
0.321506262179015	0.290492719773668
-0.0857615835831051	0.058105942844878
-0.735593572827936	0.609787353807481
-1.13975802154899	1.30933142996664
-2.1702825069976	2.42714949960633
0.194468025114313	0.130069160293394
-0.342085508101635	0.232257674879
-1.15416039468423	1.49877199902646
-1.02647369477274	1.15972125999399
-1.05713812018853	1.05823428193382
-0.738681976364896	0.896264915618581
0.208365696379801	0.217188080137984
0.0113842355080473	0.00777454465250719
-0.245021929271868	0.250167507294454
1.1267760123859	1.17114224653545
0.848677034507695	1.18115845642731
0.806376867871394	0.915212773687457
-0.130157992062334	0.104081123320747
0.217259788912601	0.209918156808833
0.293022253350301	0.263676276800751
-0.407160601284613	0.27650953963317
-0.0882688367617854	0.0670285431406593
0.457827503867573	0.391311110252822
1.27568374564473	0.83895107722095
0.160441293462437	0.140318994562896
0.298831533976544	0.277966187200379
1.33225104284583	1.72364197021532
1.21616682723585	1.57964828230289
0.322250017872907	0.262057290924924
0.627434266799641	0.675869192909715
0.469258043357379	0.587678146337722
0.65470533124686	0.775230761598029
0.609406411208107	0.745688956780765
0.494366785480962	0.51541998475312
0.789799443025945	0.877844851314325
0.7362777881222	0.786098883482026
0.94985022919641	0.912983279895273
0.584727909239651	0.403975214566958
0.880438094890879	1.19843322961071
1.19980329995939	1.74372665783656
0.4573766405856	0.467704020654594
0.286958535779078	0.270005826598705
0.698117633228236	0.706450982374331
0.492400154522188	0.51346818856773
0.288858613769134	0.274763573694432
0.62323760861274	0.451058899999424
1.54507182770627	2.01575003133382
0.61695977310099	0.587333633229997
0.183549776439284	0.139433233315533
0.213129826236639	0.208905219808137
-0.211524354331305	0.139100917125054
-0.981729855938358	0.760989282331694
-0.876799465876875	0.772066215524175
-2.24435607439317	1.93900343888821
-0.693984401975183	0.60319804069864
-0.958648964822626	0.829167146087936
-0.542265095805045	0.492556298629204
-1.39750028760591	1.74846615891973
-1.43342292407127	2.23654629246899
-0.225654440085182	0.186276106092882
-0.498115193028999	0.41575433619771
-0.0282027232145462	0.021251749879637
-0.0205112052974716	0.0142511323546515
0.017129603019212	0.0127470883744445
0.464991596852294	0.382525941535255
1.05565954410586	1.49091114452225
1.25262411503733	1.62706828192621
1.46692355372425	1.95886953060595
0.890887756703254	1.03218150956321
1.05954275464825	1.42948067746732
1.29636862141222	1.73325447344058
0.0998370822792158	0.0810134811259033
0.497527245301888	0.421158604102821
0.478090657302643	0.464015779469644
0.0658360228991987	0.0484439692966172
0.905615459223938	1.23179475538846
1.23375873279172	1.56393251661477
0.695968133844434	0.692254294606686
0.277244355956277	0.235105550861017
0.65867901743268	0.529929291098431
1.28180192554458	1.64052060960733
0.050332117618514	0.0315040526153212
0.24933913000751	0.199211667414115
0.189342622214449	0.14873735829425
0.747611428055482	0.887274422618693
0.291179701067737	0.205222077584696
0.540840195805866	0.562848928632777
1.19209656741165	1.46517692273385
1.10350482935259	1.25103591792118
0.562600419729331	0.680731735358308
0.297853513336536	0.242180291615676
-0.0213199023704151	0.0150367581734982
0.0201396851471253	0.0100936879814111
-0.987417821901921	0.886080240127354
-1.21787429320196	1.35714896290208
-0.71902808767123	0.680922919740971
-0.720419360198031	0.667141343608054
-1.01301668079129	0.905399630462836
0.414632820290264	0.323488822471278
-1.69548430200509	1.28801401369139
-0.563421880600434	0.673490367758519
-0.409098903562091	0.399287000232086
0.0500382982053097	0.0378524171445575
0.530904192238973	0.541999539943405
-0.281485466646926	0.239023790330953
0.265583005381104	0.269612842722443
0.596265883173841	0.763871952749096
0.321576467952919	0.288502693604427
0.757520399614463	0.902697424193581
-0.0276850784942051	0.0212545161556099
0.0149286855542625	0.0113782594435298
0.120820127924246	0.0885586455534112
0.134304281323732	0.102698644530845
0.141460044500097	0.101635330100017
0.978412438019837	1.48422060274009
0.537510755934358	0.539129395215858
1.10396056192221	1.45742114764426
0.786707013514991	0.953971796487311
-0.0613009406195628	0.047250491453097
-0.795895907299199	0.948849887047961
0.628755761085245	0.751657551813041
0.0364651539288775	0.0269105265878896
-0.0106291217129244	0.00653331415532046
-0.222329563223209	0.136234314782116
0.949162648168168	0.849213663296883
0.325801706189452	0.277297219646886
0.382085591781931	0.32524542208512
0.899525028343032	1.24589908527339
0.744740981603809	0.978407560858394
0.954810582404238	0.936647563220271
-0.0156040752333857	0.00594951812756508
0.289418715608887	0.114389474311573
0.204165536803881	0.113404010644332
0.334106356654807	0.196002930260951
0.521373975464061	0.368914167329434
0.654173300745815	0.422485869607304
-0.509274423514764	0.388591862561022
-0.32848512929236	0.131828707436787
0.399509523014707	0.210316966855376
-0.26494475759986	0.140622741827844
1.07474469780146	0.728072467612089
-0.350225929393952	0.192774525522562
1.28039704701429	0.878102168820021
-0.903469959962014	0.460699533095819
0.327231070108089	0.195738172070746
0.815349336501101	0.592071410900414
-2.14633707037955	1.071457589625
-0.466131830165978	0.316375291861209
0.0161796708514858	0.00883926512743224
0.781029868476214	0.661562995886614
0.197638545550203	0.148171090728475
0.542858541191775	0.416192076502082
-0.282001839980232	0.206089945874266
-0.150769577627556	0.0946881872835634
-0.530479317943501	0.490174152952912
0.534782853505661	0.562267096294604
0.684192493936358	0.733427885864137
0.0642808160181583	0.0462323184640058
0.201925903154951	0.13531198735642
0.519158435773415	0.432704355568342
0.299328877348219	0.233249052607211
0.190940369076772	0.112228509186548
0.13541771274254	0.0976058352111408
-0.127810691626948	0.0925743568341593
0.70745031400405	0.503679689418642
0.125210206649159	0.0644647720215471
0.11030645794071	0.0693205490239888
-0.148097364184454	0.0800400289742683
0.213157045049408	0.123168870875576
-0.283035984251427	0.151175037167122
0.470665786398903	0.398016677999628
1.3745269364318	1.81991165564385
0.395899064129163	0.38011578736189
0.959696658855196	0.732761979559449
0.951995303975409	1.05471390836947
0.238053481651612	0.125370985665257
0.313792592074321	0.109239055013965
-0.270744278953934	0.10252999766831
0.609564529876267	0.364085671995148
-0.0445808197745208	0.0240647597784064
0.866538952470288	0.465431791423601
0.625018780404035	0.499687479328928
0.236218258782523	0.176735035821664
0.287525142403091	0.181018732995149
1.34324706822255	1.31975333372197
0.0276836947604213	0.0154121938474202
0.119668497342942	0.0647722153888384
-0.0414033461327865	0.0227910984000866
-0.272442785283528	0.193908032576355
1.17518532083605	1.27800834413117
0.520274855855653	0.375505813910304
0.423855826557856	0.249226277860425
0.501267167576974	0.483869717374527
0.114652633012943	0.0801874315295788
0.21424316827686	0.129736020478108
1.4898402609234	1.52075488000605
1.21482764812061	1.18544136617085
-0.249420200421306	0.172273329193319
1.02457588813395	1.08847000811302
1.69676278375932	1.97751184673226
1.25489455493656	1.35951214490777
1.0455052464846	1.42468750475682
0.577811208673084	0.60215691684245
-0.0335820994659187	0.0273628692728662
0.428546745386423	0.5561841267549
0.457128076677236	0.525240975719696
0.633195094217863	0.822623549271482
0.321609685228055	0.26005691726873
-0.173714306644042	0.138872469740537
0.102059079496845	0.0882563145603432
0.361776548205868	0.416189322655988
1.73545631950013	2.24503226994927
0.766595810567714	0.880259203015717
0.635322463100631	0.627992743208449
0.0328587456653684	0.0182750797986837
0.340045081920933	0.226272296293566
-0.599118101998453	0.638938574952101
-0.303955751951033	0.221129093387236
0.526044597002304	0.264886513319851
1.36531918822493	1.27732231022793
0.376880099350759	0.194981985275537
0.22245274869496	0.139309861396378
0.584073271625226	0.528595705409615
0.595186279130163	0.595891684154914
0.0176511313617512	0.0129095366459862
-0.184738678077409	0.153290402986317
0.845045592285036	1.20438019732025
0.907794481985591	1.35967904906834
0.872216839820143	0.501073780574397
0.639637360785006	0.51254705572849
1.82596958281052	2.03495230923917
0.681838638099457	0.428205649636825
-0.423520102507441	0.255903314216922
1.54036887747755	1.48480670907039
-0.103259926105989	0.04608387435296
0.812102398753956	0.590873491756089
0.541363826920509	0.453282941724606
0.108369395159558	0.0631251048068454
0.412587814088789	0.333160540267509
0.206866631843111	0.141133513091074
0.434094289396104	0.300032008458901
-0.0181168328245	0.0113292605379124
-0.85325228093188	0.591178964046372
0.458999103762381	0.298360783294388
0.434707162815996	0.303573670487595
0.318358821751226	0.20002419090874
-1.71491241183966	1.51110390235914
0.628294840415875	0.480044690628942
0.249906247590037	0.160851535594389
0.269973703152051	0.182991787839384
0.0635923964995533	0.0406874455638038
1.21188298161094	1.41753704956141
0.947153944178244	1.00819007050211
0.763724014963461	0.671377452592226
1.26475812188381	1.00163335258389
0.499879654210551	0.355477156688363
0.656363142565207	0.427542283059841
0.315633509648112	0.247339203019808
1.24128865524674	1.88923162726705
0.880104540403024	1.24132238430571
-0.110067358839871	0.0955498141909004
0.174184891035019	0.18308679950904
0.312808304768724	0.324775774287074
0.369072515134389	0.403385852362311
0.163053069357684	0.134185079716242
0.20293162737218	0.219467761983635
0.179185564177589	0.178888972085185
1.73620477538388	2.41073964505355
-0.0542052741594881	0.0332696714012742
1.57494863925136	2.25576243585615
1.23831656929089	1.48587826054161
1.43902957417115	2.10218635485221
0.674814314927734	0.697814019161127
0.0608499861743959	0.0378529079269198
0.558483912470307	0.431736215539923
0.755619306105615	0.662739532542083
0.358799347616856	0.196166853114435
0.578597475076975	0.615420574404534
0.60230513686718	0.627507000736868
0.267286333640606	0.156093451935546
0.984655421507625	0.946042507132475
1.10358188808044	1.31536362413657
-0.135082803153631	0.0724352702097861
0.199430464166903	0.17782119241237
0.441807328506626	0.448997093194881
0.527740628758723	0.283493091744975
1.62694476641857	0.904113051873333
0.536926197843485	0.339700946862866
0.319296134463495	0.164983197923681
1.88506445794524	1.77178515434135
-0.16693756716343	0.0869046576919109
0.86929641219335	0.503168962512745
0.484373985961465	0.277507339060872
-0.364691186185673	0.213846701872898
1.05969086952979	0.620208566528252
0.919801700014253	0.580399180258509
0.967894389037546	0.977543728339864
0.388199257763903	0.306102964490569
-0.00672074910927263	0.00406282936754112
-0.737019240385689	0.4224766329089
1.07401127417242	1.02023592853939
2.42372323016623	2.41456647493234
0.263696039386474	0.181770394895824
1.11988690762116	1.19262820704154
1.70895995725364	2.16941223386938
0.332679114254337	0.227483552402295
1.1993228236151	1.35590267051443
1.12316254988649	1.56166107988514
0.523969830272261	0.35903938270907
0.515928305937507	0.453644862587918
1.59252368663724	2.21987310597798
1.34354556933425	1.63153332456796
1.14247081771543	1.52199722402591
2.00495266453061	3.17113528307869
1.12354385731492	1.35793840663999
1.04676771947716	1.10045922373062
2.37054750915955	3.8924413473981
2.1242786137558	3.99016493355136
0.0796608958437617	0.0452655704670085
0.218465745879569	0.155543898955228
0.895383802518221	1.29335362145859
0.67464074430512	0.781810759973599
1.04425411589629	1.30307759931127
0.21427420740943	0.208729596984329
0.108795108014264	0.102985314400525
0.0886103838122428	0.0861609305170188
0.422938629395585	0.439056847938078
0.455689603590002	0.470160690786439
0.513104443358021	0.782128196697172
0.442080528942002	0.574464376069873
0.320232232166312	0.317618180621775
0.259505520916782	0.286528719766249
0.726902400606317	0.876745866027774
1.27479386445876	1.16938343751
0.905468540747238	0.921168937294368
1.36370737798515	1.82328710805498
1.841436811	2.37489023256534
1.17579890433043	1.27495624618971
0.824671509135454	1.00658497561115
1.91289415224917	3.39446577807006
0.569286680045775	0.498066369449438
1.67127677144348	1.88943211607804
1.64978582621878	2.1421786077449
0.381133448971244	0.206098947334056
0.479844051123588	0.380783657621651
-0.581169044603659	0.404785443027103
0.645565163366203	0.521380677142126
0.848078084625961	0.671873158153435
-0.0666723731030053	0.0389954958121644
-0.123006647562854	0.0931855184701151
1.0037596550096	1.48682531894165
0.52870278139674	0.327072005682478
1.68606617008186	1.94560654245429
0.344380543444336	0.217078724117311
-0.121619791902347	0.0531884478669104
0.355696875354308	0.196249973076482
0.863766147252437	0.859818176817434
0.475052922525062	0.375485933228086
1.47529301933333	1.48568240020478
0.613625770191527	0.356353730342802
0.800540987029637	0.410156462754964
0.950694548307751	0.933781290285367
0.505530141780988	0.391981256677585
0.678748861567784	0.466432121363191
1.29615777727803	1.62106131847654
0.30393523386353	0.25654586735562
1.0487832216239	1.09519226748562
0.132762101260271	0.0633359859572372
2.03209980494187	2.44225976078989
0.651108663920724	0.422568562233663
0.290810373842934	0.203516832135887
1.70992343097377	3.00358122425553
1.5093167698155	1.45269141957877
0.744311837033256	0.771368928791364
0.752205551711965	0.674177328279955
0.369663190448007	0.268470880014748
0.421250348167594	0.329225347733124
0.932277410697963	0.990081561923362
0.207651773790821	0.138167719268551
1.43342885490736	1.82985507419457
0.751441865964183	0.620207936566877
0.529148693241006	0.605249623773658
1.40940692490784	2.13370567533003
0.887715927924742	1.12575595826543
1.67505830505286	2.55541867448427
0.894865200511815	1.49970668362408
0.453425156333705	0.539145356566193
-0.32138257715913	0.305157859780163
0.263259777946791	0.29504713231765
0.710158908945901	1.13822758993178
1.28485937440416	2.97093145320501
0.685083092681963	0.90456526794009
0.656715190015589	0.741502598081634
0.721363727203174	0.954269491627798
0.381706034186004	0.485923745209545
0.0757153859310359	0.0631056565444418
0.254923849708148	0.286536138531845
0.22748246063001	0.199248823318116
-0.175034811074139	0.153822791974791
1.07768816115971	1.76632462885447
1.14734602671934	2.02821499381943
0.635455706491907	0.677690752091689
1.21128164614325	1.65234394565987
0.868070295258943	0.818736135378363
0.223339093496771	0.172223656954565
0.957489151396641	1.29686434668529
1.67355052394662	2.56228724949
0.481700537918368	0.273117788311727
0.258537496781414	0.135448580549718
1.56577716102691	1.97713747784418
0.664447516544613	0.420058892531424
0.579392276602962	0.497751557718137
0.769420500048112	0.762853512148166
-0.074903135661163	0.035396956270438
1.56561660675248	2.45495462338082
1.85929665942483	2.28963061731756
0.781226878540893	0.971075935916561
0.321240323347464	0.320863599380272
0.661538093019059	0.524633047116686
0.212615515445772	0.118666905793031
-0.164184313040443	0.08213191490589
-0.377878356100085	0.259829468584538
0.132763997644746	0.0851836548181394
-0.159585038868231	0.083819380154859
-0.438524638391363	0.336144964021123
0.303900865319634	0.197978846525417
0.741302671386422	0.605586110322833
0.632879004060172	0.469861555665599
0.1218150623345	0.060807389708253
1.31695249804314	1.38637123202075
-1.12233833218102	0.812678423632732
0.922855994911609	0.95742870720619
0.328656566993484	0.241041745149354
0.756305330284468	0.72981333617396
0.319928781721057	0.210980998055865
0.551839245400168	0.450166403660394
0.109107157251318	0.0761758786307387
0.654728138115245	0.641450238669288
0.680222289619625	0.642418608336165
1.13833354216822	1.26793721489219
0.743961746148875	0.651058653636552
1.00757712626176	1.1377736992569
0.834045887752028	0.708203862584228
-0.220699620892661	0.125841493445125
2.05116143662751	3.27149098542729
0.132841131632491	0.0888514016984614
1.33576858908294	1.74821679361729
1.14488995934562	1.61426702705293
0.0075115092592682	0.00437785881664087
0.410142004882978	0.371842414679298
0.476951690939312	0.413861644192205
0.608374483698964	0.900811481658391
0.64480694576297	0.926751428071938
0.571121937530158	0.655370898479472
0.33581785686958	0.386542702831907
0.269649379331677	0.297905148337727
0.36189313758356	0.406633892541159
1.06705929587259	1.74443470005294
0.807459884412566	1.02079700664328
1.06950442964607	1.51426037713071
-0.302744431255791	0.288790881422236
0.288633364804521	0.288604350650126
0.493964196528463	0.68945513596517
0.257432365538812	0.226874032663089
0.524254793024937	0.61694755762756
0.692573302388048	0.669042395800453
0.255710735372149	0.249506551189687
0.466138140633556	0.365013460887698
1.18221171347006	1.94767732899856
0.485107680191124	0.417121488682792
-0.114339513645825	0.0918661410397973
1.44092060811314	2.13395325600208
0.990314471006626	1.16630171603814
0.590140655864722	0.508690893849282
0.339351430950553	0.300281059088258
0.30126761861164	0.246828909830373
1.34969661392223	1.51040540885571
0.280149041471733	0.196165288678251
1.36551404348542	2.02783116386698
1.69439836057024	2.48138682540013
1.53760374878708	2.48143121960091
0.935150491433714	1.15279163768654
-0.381442976848072	0.36421244693521
0.532915888438156	0.543232734047948
0.609969363766001	0.647750131022026
1.07966067059982	1.31817306355484
0.140316906362103	0.0859924631522765
0.233086167943074	0.124748505649456
0.214285118900201	0.121542082438317
0.123876076535312	0.0597714956416527
1.07062096500023	0.6360469998722
-0.142916860378192	0.0762539670769288
0.760549218257071	0.641903848629166
0.735800277566472	0.448337904827128
0.991997838001799	0.845308346083659
0.782581573689234	0.747250668914613
0.200163233978901	0.133558441375443
-0.119493285104408	0.0709160084783872
0.7145707310125	0.733816120265161
0.719149157809717	0.861614918113265
0.735139240656451	0.589524550228486
0.508269872544304	0.3703744838468
0.774789837717421	0.733642305942326
0.587810446808996	0.409118864238444
0.273849523766386	0.192989006239861
0.285941824672328	0.202177731047063
0.27581157597488	0.215842621647611
-0.0448755242442307	0.0238826930907195
1.27877589901854	1.57476405831678
0.177530557283611	0.123508458070235
1.2816173105739	1.24615508064912
-0.469030102047623	0.339126897246889
0.577932291261581	0.546302786131142
0.480226898493977	0.417446977324595
1.86178387841131	2.62090337896063
0.439929465506869	0.313130907147309
1.10713243615121	1.49199240755132
-0.2231509964129	0.136561731600256
0.950389542344986	1.13829577453151
0.627432090699779	0.544672153106171
0.723675158449255	0.581136888218818
0.782829821992064	1.00259296549748
-0.107165664484398	0.0710090368322599
0.0182388543846079	0.0137155906177744
0.594122946844136	0.773868350829228
0.165109419161212	0.162361740679893
0.150174675947648	0.147589865082974
0.625696118795634	0.740532032531994
-0.659330757128285	0.803049289446941
0.104050740116273	0.100630746084446
0.405826896218909	0.523295696114307
0.4201418942756	0.511490719882278
1.16846422294853	1.18271111777935
0.856058380128601	0.990231441376654
1.52016238266008	2.10653051983189
0.854705480005265	0.706372665020761
0.856927800926762	0.852221871001226
0.240030890399389	0.180242188627629
0.966212937915019	0.94064179953666
0.17667348852696	0.110256585588621
0.207281222353259	0.128997222247744
-0.499694107736832	0.334258747016292
0.569124090744237	0.507456605561904
1.09265507020076	0.962801335296564
0.956336892880614	0.91925802049918
1.29116896132723	1.39205906290347
0.743509563391296	0.613598878515309
1.4321879538304	1.45767603230025
1.63504259500706	2.54197041149434
0.699755403137056	0.740191012150834
0.149002177170388	0.100678740019364
0.245550026504096	0.201653569334929
-0.307239058587149	0.153496951452291
-0.956143589248146	0.379301729708162
-0.256839731524909	0.0955915696128774
-0.270039597968964	0.147364752814234
0.750006922444828	0.462027063963488
0.649236976956372	0.40627567266128
-0.299230445828195	0.129478537174165
-0.0563886377679562	0.0321887432035962
0.651673995375093	0.523605816875592
-0.0692097074417254	0.0330907633329065
0.862133881162794	0.725365097697353
0.677342552501724	0.635487523528841
1.33517353222178	1.36240923249713
0.84669725541089	0.842280407991601
0.527277201969854	0.281303164128623
0.57500487965523	0.387837635328162
0.120172741711716	0.0817932153427759
2.93413502407172	4.60172490076111
0.4794058930566	0.395004070674021
0.0444318995759435	0.0237421804041712
0.428071851601016	0.201664493631687
-0.522872988783792	0.296310633439387
0.313813900062874	0.195396707668157
-0.0438310079283832	0.024130352179975
2.55964120127888	2.67796559882154
0.545516609440804	0.415471618411341
0.735671557947403	0.65142198679635
1.2158624793659	1.00247051511243
0.460340716051746	0.347927722376175
-0.54609348148586	0.393135904071712
1.08943868488993	0.968299949342598
-0.258389698255559	0.229844194678136
0.562468573781266	0.544720080491006
0.581870390469317	0.523317925363705
-0.191713526915672	0.172660307397965
0.23546778538102	0.223828136905332
0.249031511848149	0.221968133541622
0.264017760779591	0.22336644937066
0.109980789112268	0.0904519561790732
0.307967210765339	0.300544380830466
0.432239192994753	0.367135012832057
-0.831365726212132	1.1034130090507
0.94348100113316	1.15973191791748
-0.795148199750775	1.31352830749543
0.498256503111791	0.616648501065297
1.0586880515548	1.59826456154295
-0.0240069123545427	0.0192030822917536
0.580936008706919	0.591545283670292
1.74788114172546	2.54085610898232
0.851121319096009	0.98843028371668
-0.609054535568495	0.492789805366309
0.038280778631218	0.0245129174122549
0.244392931797508	0.19256882756091
0.840112614787672	0.659609157620173
0.833614868056487	0.647939002170471
-0.333517153896556	0.168878502957284
0.020580529961194	0.00965796852460483
-1.1968414453678	0.889442785712481
0.964653109855137	0.69278757890112
-1.19939013860784	1.14582093158199
1.37218514184233	1.27893584635213
-0.308730189664246	0.201284544642574
0.472835898099562	0.395818205250939
0.483681899354465	0.42917727473372
0.146145381690274	0.104336141697682
0.89613834846073	1.07152609775897
0.284561877301479	0.128440491311454
0.0332653594974847	0.0151558994998977
-1.05997544899975	0.493158074262209
-0.067392848409851	0.0325631364347768
-0.808598210501505	0.479753170221366
-0.25490946017961	0.0981672225286423
-1.05556817652185	0.763108199464746
-1.27352206064756	0.83581307291227
0.31787995718614	0.162818073435552
1.20103985188967	1.12752728050478
0.428063086462414	0.262387635310919
0.280363422017172	0.174705551162729
0.0331777957771732	0.0156773176479987
-1.42785739791828	1.04682387736683
0.700456814414677	0.496942313396978
0.204753668241449	0.11633213450198
-0.144262586621525	0.0775486354251431
-0.54275182414275	0.396580922333064
-0.327897336532502	0.169751373335969
0.036329129037719	0.0180119014040413
-0.20430866157992	0.0993337545705225
1.26984236578215	1.4698864738739
-0.306969704519498	0.192133084170036
-0.0228027091387024	0.00869838818673765
0.515398604272365	0.37633305159197
-0.102414082557036	0.0633460309579093
0.282197337924192	0.249865715395651
-0.150616607365722	0.100138795213417
0.335734136585388	0.275827217317531
0.949968877562205	1.15291953704628
0.46463528084453	0.349270601897539
-0.62613333956691	0.671653362827829
0.0660904658727428	0.0389223524337765
0.442642539943143	0.4695300148319
-0.285288990222101	0.294138389816688
-0.0813425178335108	0.0632477455751738
0.754761721150007	1.02272049082054
0.195955950130604	0.163829812176696
0.947147830138715	1.02296519312993
1.29277596128659	1.66248050802586
0.738211931411134	0.64077967361383
1.53015158144999	2.0309309859077
0.355845876182936	0.195621920521396
0.370720093817454	0.263179240525769
-1.88677371807951	2.07533459730138
0.262952506269144	0.165051148438002
-0.318554897596579	0.158709617209806
-0.601954005690095	0.398544192060018
-1.9428165123868	1.33816528070373
-0.194327343107246	0.117506511073383
-0.90572624774905	0.586526685514895
-0.686772740714549	0.488969164135218
-0.00459358232011416	0.00278846723579817
-0.0582863501176351	0.043583846850463
1.42861924473702	1.56287810993217
0.0931893805174102	0.0632078744538981
-0.0815868559187809	0.0518444639458085
0.403774572686415	0.342352421593517
0.690414107490896	0.668747349242995
0.545626694769355	0.420152954778018
0.445573381543832	0.286281451414841
0.00580094711068278	0.00258911408504865
-0.0780361655844433	0.0378581801177861
-1.31997602280372	0.711526942449237
0.399558026584221	0.271889543019532
-0.716763979441517	0.445491229187498
-1.12119386663352	0.797663636132655
-0.171613942934715	0.0709192689112425
-1.45627209446559	0.982271759437472
0.643430591635027	0.51456860702498
-0.596235887842656	0.374914468429745
0.390341403659619	0.247786104999354
1.09306261563624	1.03581731997488
0.78812200179635	0.538446784853963
0.264522543889905	0.164177393773766
-0.30371012093095	0.179417036453068
0.278781247534345	0.187031955277141
0.328345276318822	0.268148989115798
-0.175944168442	0.0876246287815447
0.660490903827331	0.571032119533034
-0.236033233277361	0.147251984026761
0.517691926005847	0.362642545044455
-1.78593686615337	1.63444121191288
0.516113311885997	0.478572940279413
0.485229044196853	0.372789562670464
1.5433185072409	2.34152012176196
-0.333982603348894	0.34498048983237
0.40699087950173	0.400545342090669
0.394290245192358	0.364017542113368
0.911162739699452	1.31072033338232
0.440664365826896	0.447726653085788
-0.00628608574296002	0.00582321561175163
0.257298826891455	0.245462288828302
0.0677397226081821	0.0503518249090091
0.0118472102306601	0.00644359322866273
-0.712258825430105	0.875324180019211
0.42721099346093	0.438594069870645
-0.698452179739955	0.87942036737579
0.904193370204036	1.64531776986704
-0.212242917540697	0.194933340269129
-0.364990647423803	0.469947862501314
0.122347667739356	0.105997260166182
0.321255760344497	0.303140994026675
1.13600052266754	1.64701224954382
0.0712090754424216	0.046814645221083
0.959193896967978	0.872719784186853
-0.279901417671518	0.180526436295686
-0.686853909395585	0.649944770448215
-0.141591773594425	0.109277973324362
0.153575359965548	0.124208040516981
0.465948338707768	0.349022683603903
0.150975141830603	0.0779342428192079
0.162186644532252	0.100860126858001
1.09013633522695	0.980136292972222
0.0653535086118178	0.0381410610153553
0.132796902846436	0.0833114525821279
-0.956342067390966	0.757215853784067
-0.35958387458814	0.249203663579724
-0.630583222391645	0.508853014837252
-0.052889390382002	0.0357340547095314
0.0196216755498808	0.0134187645162659
-0.492764993525309	0.341417991588883
0.284293435774862	0.197798302609086
0.492157451727084	0.279846664242514
-0.496807831432593	0.290631842075413
-0.312872023656373	0.156058732862338
-1.31787997187666	0.704751519795083
-1.08368974073815	0.5002669225231
-0.408385513983254	0.224370536549456
-1.30834889843611	1.03083751494182
-0.118161085966249	0.067115341458814
-0.933052202411961	0.406481323740882
0.767068489382317	0.50525274000597
-1.23480329476372	1.1391626242628
0.528208557347558	0.376255393988425
0.321760587998757	0.171485574131832
-0.72027876196618	0.571953764216685
0.029697943771267	0.0181978023304926
0.876274032414022	0.834811805624282
0.417481697136494	0.355939808967771
1.0642151266237	1.25368669457648
1.06957141102605	1.04667953843837
1.21115944897627	1.44017082985971
-0.0255751006128498	0.0148747781387016
0.205478966170215	0.124132159717772
0.0610898825150265	0.0488691988234234
-0.138406248154622	0.111490125331735
0.385637294291239	0.382601824161282
0.670467745639919	0.962269052127516
-0.0966178191327802	0.0832000212430761
1.11988845721	1.78644265371403
-0.513665037397173	0.590707432332073
0.400221546816992	0.468498808425153
0.205380688078828	0.175898194409657
-0.663767621307712	0.822572433303187
0.376428159140631	0.272136728582683
0.741396567630551	0.786014464243385
0.332863419458493	0.308536636273938
0.249989734571544	0.219305964399095
-0.358690163617707	0.268618246323473
0.828479028552998	1.15140702158233
-0.0592122225144232	0.0484175630524317
0.0554461472566932	0.0552833072803215
-0.249686774098829	0.224048882322495
-0.15486391532237	0.144990616746982
0.346182235829307	0.302391860536
0.826274554025201	1.24456949836947
1.13175145213979	1.43139884001266
1.53245796772559	2.14976311321495
0.565931711914638	0.517109593127204
0.504291550844823	0.447841012136129
-0.0394659340643441	0.0263210162554742
0.695136113171838	0.756376282164124
0.767284453217843	0.6453440755825
0.997196433829788	1.10953451992245
1.5587190280703	1.74101670704518
0.159371737251034	0.110330514680212
0.257447858449963	0.194454208824103
0.562678870674312	0.516736907726482
1.5902757183912	1.59440159361024
0.418865970408007	0.33031489848645
0.117565605666708	0.0745362804392062
0.349274455508132	0.291974272093148
0.630957262474007	0.650970763506703
0.447527015252628	0.436661354384453
0.296399345150372	0.283025364607727
0.614223069477134	0.667805763328262
0.137469407488366	0.0692384532466815
-0.445699667114953	0.27199814531021
-0.671222389862984	0.326619713656679
-0.164336740134845	0.0832664329277901
-0.893265809071978	0.4738004443046
-0.89681131354373	0.684956788462019
-0.223482761559789	0.133521892005502
-0.738229863534053	0.41695177792359
0.151155872909758	0.0723388461866773
-0.725569232108192	0.401693927252363
-0.0606078882959864	0.0329511883503975
0.0188643255668343	0.0107044281997781
0.592934551752907	0.545992791099915
0.904866795148526	0.979999542678044
0.765927344824428	0.670244365192578
0.579019481547847	0.47771989865203
0.400683548682305	0.262708205498818
-1.21147626589601	1.12329723165515
-0.514787802677725	0.334160158239472
-1.46265076721949	1.62515235644284
0.066821204674524	0.0371819424554833
-0.52727064433032	0.446596376106715
1.3494987668153	2.25674219466842
-0.019043411076047	0.00954902813660691
-0.432310433190387	0.408574609391033
0.226448820736577	0.163603155324784
0.0628100029150204	0.041371999440465
0.0977500989101852	0.068880035134003
0.183267767664901	0.151406085210823
0.30927303182996	0.37048164629874
0.709520260087364	0.818568984509119
0.373509969539855	0.412317270294902
-0.104156168513213	0.0904000848766822
-0.0389268094569233	0.0315550379706827
-0.0636282634190003	0.0527118875534578
-0.127447715664773	0.0964461550903449
0.311673911309557	0.227776031868629
0.322495769537607	0.213453620286978
0.236533954560911	0.144806975108983
-0.16664855383552	0.119430378070075
1.15227305313572	1.59402072129635
0.0262789342717193	0.0164028220632626
0.536333690575839	0.65511161913837
0.636157567117487	0.734230968852148
0.240394061312695	0.232472606069538
-0.168475058765967	0.12511555196924
0.646842449945365	0.759558782019392
0.0380684311278962	0.025432865580694
-0.105481161735837	0.0758547664017629
0.0249799607780809	0.0176998401763188
1.01836350092475	2.50377657061424
1.24264889268119	2.14826469761647
1.48429980624432	2.67914368083366
0.81534845600555	0.878137503706708
0.807031986982939	0.861841079353894
1.01408717848184	1.2983133516761
0.231765477809173	0.175309117691637
0.611614019631131	0.655898735448377
0.641284753343172	0.631406584065943
0.502425954282348	0.332948950242798
-1.01159975486643	0.764484060384053
-0.0870729787632764	0.0629295052901494
-0.307863667164563	0.19840684073605
0.273458127191034	0.240992754623021
0.596298638282147	0.606831088649145
1.25707753396051	1.85361360071306
0.547153870752712	0.493430412796269
-1.08392362860558	1.36760624196427
0.194981229124611	0.14337457387429
0.536116842558126	0.42586671030607
0.852316640877535	0.816158136983873
0.704128855475381	0.492227591112989
0.355928277675007	0.200406433381302
-0.433584816301398	0.228160335087438
-1.90456248042686	0.923160165478023
-0.691747943875075	0.44619614484158
0.130436163679979	0.0521281474593548
0.14075102123184	0.0653883640307914
0.20671200854077	0.144622940265458
2.01036452165659	1.90093146042754
0.152478027799272	0.0918885828807247
0.399185977938636	0.239174289723626
0.315563867976375	0.264936310135343
-0.0609176938271158	0.0350270535360984
-0.0890518981503337	0.0583137414972243
0.341533596178262	0.191357374423826
0.105496346289625	0.0609550150976375
0.153733538336322	0.0726100794108312
-0.517402521550578	0.322646086845375
0.85497580715528	0.807667590270399
0.949170713549344	0.703723163446197
-1.03819466586573	1.13035577823227
0.352466270369456	0.256248474645943
-0.382632337478956	0.260806202811822
0.730530653696351	0.799272667144178
0.239525711831975	0.17429559771971
0.0304882238218079	0.0177051087828663
0.67083258881792	0.567803254876493
0.317856082282032	0.290811880921185
0.0125684637681638	0.0104120647653937
1.00899342952061	1.47300560066767
0.0372376032737618	0.0308747076012025
-0.266554785628011	0.244033523974579
0.0550896485704881	0.0434460039343108
0.218462372067131	0.233041217385037
0.0360920152655113	0.0284056763295246
0.504042877098809	0.598217978243889
0.200403877119701	0.186746744633848
0.186236947691885	0.170442057879092
0.630572553505043	0.679981861857008
-0.000493047265850503	0.000572581970194079
-0.0452227854180928	0.0380968807626258
-0.394482462492659	0.420639656725792
0.90327735639465	1.10483279050378
0.564862306488664	0.702309681585328
0.900947351677017	1.83964697934841
0.482438523964827	0.459984473583609
-1.05722690157318	1.29133928141627
0.0559071593814069	0.0292458824446397
0.563027811817017	0.575787024625266
1.18749990557642	1.66810418728446
-0.543873746258017	0.482876719209788
0.297366582157112	0.20696910709619
1.19149849371468	1.2307293238469
-1.04165905004335	0.856357885593323
0.424182238618305	0.253965545732592
-0.415480919277765	0.262592850475155
-0.122460338459763	0.0718985176656518
0.486553530380313	0.407804533661572
-0.500817572058508	0.375235078912012
0.2464895675963	0.192014952978411
0.257650705545575	0.199726099816634
0.111592537432662	0.0848696029692129
0.486835667483398	0.501090205009524
0.620451036532477	0.478306612648864
-0.0886945275573992	0.0394017763595752
-1.20888626517972	0.570705368986555
-1.10710689167803	0.648853909153598
0.862032630309679	0.885147626280221
0.404802304137142	0.204684470759386
-0.228299349875725	0.108925897130979
0.228893446210225	0.128204372835609
0.675300025598606	0.597571747227383
1.19827588838781	1.22662347154981
0.24554671528544	0.128988609173506
0.775640219944721	0.676334086767013
0.637037319915047	0.513345184782267
1.33162648780409	1.60503807596511
1.28666568214018	0.852803167894407
0.515137219951531	0.373438987874979
-0.98785184768018	0.636686647312852
0.264566399157646	0.162403492656444
2.20189605264239	2.80790677494716
1.00313573338806	0.966907482697841
0.793907773049008	0.961125485182063
0.547953397784356	0.511784725476139
1.77561402107033	2.57974350753577
-0.0457619099525781	0.0258778287441901
0.519791032885743	0.454755823506398
-0.21562209864226	0.160104126931583
0.70817795179348	0.779746008566285
0.0511421463749885	0.0298970116498431
0.73370573763804	1.02765974164494
0.125682530565062	0.101452229975427
0.0675550084691391	0.0530501824685759
0.106399511631459	0.101295038688145
0.291680834087377	0.32583810104104
0.24837169851267	0.251400219236767
0.271079769058824	0.363480775598637
0.303265336577208	0.327711704847024
-0.0132768629147978	0.0116551441990741
0.568474942219839	0.845867581391392
-0.0311494146938223	0.0286635615905304
-0.16282473939228	0.187221612599887
0.605688829206754	1.01741924768805
0.1112056214504	0.112537803441818
0.144843527139003	0.167371854831629
0.498663374087458	0.510010610754628
1.72807657332508	4.01915774396831
1.94136216247715	2.89235299999148
1.23024045372943	1.84987809856636
0.836801027063969	0.79710253672464
1.22216267422565	1.17419418511813
1.05673762598804	1.27363418863939
0.852282169849799	0.834730995576317
0.543288125532693	0.588151700761788
0.864737760505166	0.73370484031661
0.596550363443423	0.425474609903424
-0.528036795296095	0.256762825412477
0.827054364525555	0.85919651615186
-0.0115493416738181	0.00714603938636705
0.751479693691747	0.651850192257337
-0.343761537598204	0.201516163932524
0.856116232105021	0.71442546209515
1.55034275457479	1.68171351308746
1.12095310745855	1.28702665877621
0.780456298197145	0.915805554711617
0.665132960499191	0.566012914591834
0.401581044698409	0.321801868096263
-0.443367193606136	0.399784320568645
0.472208730125652	0.419645525630331
-0.00839730510702891	0.00666628948367713
0.639222024770326	0.659435912704622
0.824460224677649	0.600747079272216
0.747869102847806	0.457315597836783
-0.287995907716667	0.131169753688675
0.119069587876867	0.0469641814562584
-1.94927355565761	1.47374389285989
1.57297793671368	1.3328595763655
0.618790508797071	0.304145961001827
0.231059059216697	0.129584605340518
0.58303851149331	0.408797432343565
0.0983072853820142	0.0540380286972483
0.425319279822294	0.293577177717357
0.00649990952836437	0.00284470683275114
-0.162447336279047	0.0672078581195771
0.449511634635907	0.320411112631549
0.752528395504669	0.604277862026646
0.864563854364993	0.672796482954721
0.476016924277441	0.353601696940485
0.442546212353396	0.267629626046238
-0.526631995799786	0.29986567899366
1.45071478154875	1.81195696904764
0.250358647855281	0.151692916613047
0.755875006688563	0.648165753080947
1.37703272580162	1.26004288200135
0.862900424266314	0.775259420107927
0.426441690993207	0.357801740180601
0.659428457934667	0.599861603536688
0.242349908515283	0.158816293481558
0.467413249177819	0.309414941312258
0.355880809556725	0.26056120856548
1.09386936667817	1.68203939980148
0.50900326957431	0.564128606781511
0.954330971854187	1.10769522878106
-0.0132506365971726	0.0119091243818244
0.115992829025578	0.102194536211966
-0.329395023054107	0.334763674048117
0.384753715385267	0.37410735366751
0.4898755619325	0.602738332786784
-0.436557579237999	0.48097960973372
-0.34473337410778	0.382223503400479
-0.0129611191202271	0.0130973104889585
-0.351323017176248	0.472087951824309
0.422287693103688	0.545064787859033
0.648065639749983	1.00093461055018
0.536413103417407	0.620873877710556
1.29143322451427	2.01078804162995
0.402119009863502	0.372303638980659
1.27946585790249	1.78777722011756
0.726593665678877	0.692170763838167
0.762540291281248	0.776026909367745
0.277062072641631	0.192492852783532
0.849715522108563	0.869852029572752
0.789305285008271	0.527860066680985
0.703412780144373	0.500767404827079
0.00965750721201681	0.00411310303376977
-0.0738614059195156	0.038968902652991
-0.040596683495763	0.0229376566698221
1.52912620676253	2.03001484581561
0.862859345538854	0.763092601730149
0.523771846981029	0.374261262853714
0.343558123342869	0.308562791866204
0.368654592791722	0.267693956295757
1.17475782180883	1.79959786428852
0.0995248606574114	0.063231985516327
0.649838710925627	0.523669573359017
0.31112536198134	0.280131748226638
0.727054638949705	1.03731845512806
0.209240593677886	0.159551474907241
1.27624460816125	0.919891072876428
0.910518937224075	0.566182336806059
-0.110647044668552	0.0496993769681428
-0.28644335441343	0.124523435949547
0.262758092293368	0.130902176001237
0.928185504538155	0.657997802762727
0.820788379314363	0.591864867986375
-0.26497100253425	0.147028769227355
0.561484773687282	0.366590394846692
1.09362795113837	1.05571915544501
0.551984771435312	0.429416167365407
0.171935869594696	0.117438652145513
1.08092403222154	0.956418074394399
0.646447044164508	0.54663621830149
0.508745547834376	0.299908830659613
-0.506310757649899	0.324874992880424
0.59095053666692	0.403195632362001
0.344726581799224	0.279171985460848
0.885481715284892	1.06773642056739
0.776338355168242	0.977537423684867
1.06450437404	0.947099618357198
-0.479191896185749	0.346352684641964
0.753565953086113	0.646900022256778
-0.769795703940133	0.841043329942437
1.30625947163534	1.4424416111388
0.320396432319458	0.270699740018359
1.36955321345389	2.18344318451102
1.05795409181204	1.30243786265189
0.300197149612717	0.369188398966484
0.30324505827859	0.31500394428319
0.26241392583274	0.22557163097904
0.381098399256213	0.432118476878115
0.926028136350655	1.6800407794832
-0.0622297832105379	0.0537913532469752
-0.00369168642893668	0.00338075169325064
-0.69696548498406	1.22575614911857
0.220756061291496	0.247720169282536
0.068208653002053	0.0655841450948909
0.0467276441315959	0.048734255579408
0.532091365984036	0.859011392716881
0.498209768304444	0.840467036658228
1.25121403132979	2.19018891914873
1.59356178848519	2.28014411238082
0.685555248926907	0.642353176905619
1.22484697712837	1.48102530439684
1.74876990059827	2.04240609399366
0.643020826902245	0.726570037693493
1.83252839905937	3.02565847442544
0.842302073544099	1.10389136929652
-0.143487406156311	0.0814567521024134
0.576045719902593	0.395137119570824
0.370373282231914	0.204124366730879
0.751638607184068	0.654616516349822
0.671239353178428	0.566251166152238
0.626204929355843	0.452317456929813
1.88376920115857	2.32385144950973
1.17279693027613	1.18055759667216
0.825899267355522	0.613135957303898
0.300850699061682	0.24781393310511
0.82594586266675	0.606456179947136
0.532129865397896	0.334394485615303
0.527924803377748	0.634352302322551
0.076257363648079	0.0509973559206291
1.1572859241306	1.66813902817538
0.27228690372556	0.122989017066772
-0.346719403272599	0.197257700161999
0.462267640081715	0.262487918107476
-0.271456331730505	0.100263524100554
0.802362149876644	0.421150669262622
1.24883392860741	1.06639084585612
0.564518567894329	0.428344624802658
2.13011582310081	2.65010831723085
-0.096711694860485	0.0605792155394638
-0.813096034916746	0.487246466189899
0.18680059383582	0.109554777523444
-1.03542026048735	0.809329454991797
0.935476845277421	0.678477249481075
0.570337623358191	0.514436238204055
-0.694425929994506	0.430809889810599
-0.205884615836806	0.13104771342502
0.0406757601166435	0.0186540487265323
-0.101133232127613	0.0343670956994966
0.0212180453602085	0.00877242783260059
1.3038605167867	1.2130905916633
0.727200055736473	0.820724562829089
1.07525935676022	1.27827525314986
0.0190080058576385	0.010675432400613
0.874614095386791	0.715631955066407
0.19351908220538	0.119712721827371
0.861882823825949	0.982451138860445
0.938626427208944	1.01966731309456
0.460187007434343	0.419833615097432
-0.364552860639736	0.343719633417144
1.07054930818782	1.75829385696215
0.00379234999348873	0.00341712441664816
0.675730927724054	0.972652257906152
0.0857523918347953	0.0815471908805932
0.384103599262683	0.476038470005477
0.938322897302358	1.38827388972791
0.390483085796878	0.467562064135619
0.510272523363117	0.596215105351926
0.0365347583984532	0.0346313680046029
-0.10582190978708	0.0981280427689886
-0.707769231751804	1.11832589467231
0.7901254705294	1.34345826503679
0.238724831924332	0.310056703660195
-0.109985418457621	0.0968355122930521
0.242727974994128	0.305746336609501
1.93030382553437	2.80964867431756
1.45225611012541	2.06545156248421
0.963016342284165	1.18858970790711
0.649543577126244	0.62268108655954
1.08694983948739	1.37834695647175
0.590035245387826	0.730597288108034
1.07066127234362	1.10310809809493
0.935242737970507	0.629933755551051
0.941335059870746	0.926249082207747
1.08796336228484	0.78503795114999
0.423830492776146	0.290773345278876
0.76430679631643	0.691963865569557
0.747334476643179	0.55658218037482
1.49178588891171	1.48700271560842
1.23856950919658	1.35196404347281
1.87517745939086	2.68429426151332
0.53978908986206	0.29501817870534
0.127093177063028	0.0470272269167993
0.665933779631457	0.567117379516795
0.114475484725087	0.069075848931164
-0.0640820090027502	0.0393366593023116
-1.01026740341044	0.804806616151417
-0.797838009004254	0.409965034282089
-0.22555244243639	0.131018123762824
-0.190786474189774	0.124081254923487
-0.315317070441125	0.237678194800011
-0.00849767545156628	0.00419802463919006
1.35256753873533	1.29967671679873
0.324094578933818	0.217148685630362
-0.247353417821929	0.162705847496859
-0.432655915868224	0.337182309912704
0.957223676430482	0.952836051729706
0.138811165573113	0.0859058554476252
0.59863323877089	0.532136891888877
-0.349205548514919	0.321283067398148
0.89256778126661	1.03279154338013
0.670001419022957	0.657326719264981
0.736755028684741	0.997353720347548
0.343605157396968	0.321273983631478
0.699812617081143	0.843554627478481
0.809265400894848	1.20903012967843
0.814959446209533	1.23841792127145
0.14417087831941	0.139336527638182
0.632972424482582	0.917330561197815
0.285871666809063	0.228344801887509
0.122885042668088	0.0928915368788991
0.174120838199429	0.125290929162217
0.337496562581549	0.322612006147468
0.14146948748385	0.113645692445094
0.602212144182076	0.724163234144008
0.68246717034581	0.770646832099788
0.646385182668822	0.679599959065045
-0.0558232610658212	0.0352105439402418
-0.0287321389918044	0.0177444029550047
0.596997463888154	0.694890802879382
-0.105150917267923	0.0860685558626224
0.59488074913618	0.595094109950171
0.270798732190211	0.280972208193899
0.266809952029645	0.285036472751982
0.364740249567889	0.476148558628049
0.603034021874787	0.650765873192291
0.0114297702390209	0.00908980807975791
0.165458650778611	0.149375219801335
1.0128874708347	1.4481158918326
1.05295171119662	1.82632960674692
1.48540807257484	2.31949218407233
0.880022491368343	0.932022841888964
0.180267898291155	0.13447903128395
0.580146208457317	0.563778765485723
0.38965850172877	0.299659776568462
0.157087912730696	0.143401838776217
0.558954078433208	0.367799005035127
1.08996005524839	0.770248004927268
0.461086289827326	0.303319335102196
1.55815684220872	2.04276493592484
1.12025113080748	1.51520021103642
0.465429693119249	0.368708895650981
0.408201497003135	0.33950663912958
0.206495760425408	0.175814911753252
-2.4115127256816	2.97556300321
-1.05161215352072	1.03978045404861
0.172048402872148	0.116981825564656
0.425298370631217	0.386643617289977
0.272633484999811	0.231294609138239
0.0501514041969	0.0264419983077059
-0.231204345699664	0.159308539302539
0.347729499914591	0.27084617749023
-0.030746049039522	0.0194088156398408
0.6132819707812	0.636492256571435
0.655074325316874	0.642083050822923
-0.698517626329227	0.830250103756575
0.0574819681806949	0.0431054831389743
-0.295382925335105	0.275151204133578
-0.181359849753986	0.193148155003643
0.299546994738519	0.341780459698751
0.439629288987703	0.516847623021363
-0.161114079105952	0.14374190218968
0.311242118689746	0.350909556634574
0.442732327336183	0.519708042281336
0.255876164325	0.281967940042831
0.328297020217176	0.360076605887685
0.32544174953693	0.323199135763484
0.476671668459843	0.512082043723832
0.280589148667065	0.278885070358464
0.9146250225964	1.38132127369736
0.295690000585558	0.252439688597052
0.413623897111356	0.354059248386907
0.177342872571664	0.150092497758008
-0.101894284397716	0.0908204606705472
-0.4721592564582	0.583736627422245
-0.385756376301079	0.396146089742043
0.0482457067844275	0.0369978767098639
-0.103152178853808	0.0970781014246015
0.171037708767564	0.163904147353052
0.558421326933287	0.730744481033024
0.000303943500969058	0.000154412637611509
-0.0203726326545372	0.0192398697932485
0.586803984929204	0.819435884204269
0.398131902572084	0.498681724384657
-0.485158594872211	0.639401354081902
0.232760603939555	0.242454019928174
0.376116038855175	0.44598972040497
1.00444917551535	1.63684829832634
0.933187725902441	1.11223988806623
1.03099205295321	1.38333819184167
0.514372421310428	0.575075545649369
-0.0382265278538509	0.0303480396460828
0.203520416668852	0.159362415478335
0.951129116759581	0.951471134642366
0.139941379493269	0.0989418414070665
0.39636726978679	0.320048608988335
-0.149432501669208	0.102212952675535
0.738127504318824	0.677755622400018
0.748605489130637	0.677891717357144
0.133631010128125	0.0934035277891298
0.302364924361373	0.270542539713502
0.296695426070504	0.219271117549241
-0.383695004691591	0.348638636384231
-0.152789869309465	0.116066495627314
-0.281982371816504	0.288437957665282
0.20841752801983	0.212970269770721
-0.544912243970703	0.60265390701055
-0.287811155627233	0.295354553067067
-0.100654093679261	0.0867228567433075
0.57588750264216	0.804562469085905
0.755652089699041	0.901093249892149
0.578471059604841	0.703413266854443
0.382485186510826	0.449432665726853
0.440998612002728	0.44427850493022
0.710328727766611	0.993057837694712
0.700822384789295	0.837686712432329
0.552638282896346	0.773697538262009
0.404448906813025	0.333211807708095
0.86806180291608	1.34238201599597
0.0730976036697448	0.0525054456476532
1.18083597149462	1.59282733793707
0.500262758563659	0.567136223093092
0.530096762170365	0.603005854543898
1.21777134815588	1.77005156225128
0.282302362898338	0.275081589138457
0.581642713388792	0.550420405643155
-0.11502187185231	0.0905675069588368
1.12938419649759	1.48364693196269
0.381862507723264	0.396569049925506
0.530874693580344	0.769446653430715
1.00312724614869	1.61425905555861
0.421142870453295	0.566910611916293
0.290094422740678	0.356228009116816
0.447968484592758	0.533934965268977
0.537222908460539	0.739757542628538
0.313516039887916	0.299221018357313
1.08803673346807	1.61726957408492
0.71403926183926	0.888380331206913
0.826811288520493	1.23277121882049
0.874335867465173	1.21717048419756
0.400881708435016	0.397004901751476
0.57094566353736	0.713149773834036
0.740116188559937	1.01914821297378
0.49048422469653	0.594425543887953
-0.280723226672601	0.203992846340668
0.611073273103559	0.64136526123786
0.554640100862897	0.428124852605565
0.100162370447262	0.0803679609914963
0.406602185608545	0.398107670822638
0.256730347573359	0.189530908935302
-0.599885810759348	0.679547498568078
-1.50786860910458	1.8276810033376
-0.0383618728057532	0.0233972353985103
-0.128197811607449	0.0890449086327875
0.0662027247204238	0.047767291641734
-0.764100890080042	0.881141246842048
0.239823923270202	0.176701833634585
-0.9280904120673	1.45484053605763
-0.129698582449492	0.125962872700369
0.408728439443887	0.5266221878428
0.244943775660343	0.246743485676535
-0.286559637555464	0.340424003815464
0.321269379389545	0.39135577532848
-0.00560343370209673	0.0045330902635945
-0.251428327736796	0.29170212570683
0.204756295591455	0.207458636822545
0.646507295840021	0.767370463978524
0.460662745049133	0.513620965251361
0.302503395740495	0.269577863007329
0.0338308658615083	0.0283769346497325
0.777260761596828	1.17966403755839
0.440481029881134	0.526391486001791
0.232845000263556	0.224156797077307
0.581276580206414	0.777954339580036
0.713255908789179	1.08419668722792
0.429806392617954	0.498930378860358
0.396646727212612	0.365315548006816
0.434532729843683	0.513570371047884
0.272194069106254	0.317432081240194
0.932143886399296	1.48594431224391
0.238332176858278	0.270866544324937
0.466996417500794	0.584667464379357
0.773884298853512	1.12392722128165
0.406341292597224	0.347342607165471
0.0749075487963975	0.0606264589378862
-0.169549210897404	0.188030143677597
0.290413437321516	0.273648200086611
-0.247739417543935	0.269528796405679
0.425519672382358	0.586332202899573
0.630693553162604	0.920737611701996
0.782613541873877	1.2615338644416
0.272562806496474	0.31573754744806
0.632506804308467	1.00888810304879
0.745840212241449	1.33264189748127
0.33468786333538	0.452845413818894
0.254103466554885	0.27033136324579
-0.143868208918758	0.123981502791513
0.633027985401903	0.663373212528503
0.211842957538914	0.180467677498679
0.375630145256878	0.480989752809499
0.616828992714209	0.91472954806217
0.180955480958329	0.180022051795334
-0.00760443510672831	0.00464040708593678
-1.25176150933547	1.9329434545501
-0.637293099566846	0.660187261192255
0.0328899579579643	0.0256883590049831
0.0348951541117655	0.0256457229949637
0.308174955388316	0.236146115886409
-0.0381132708566639	0.027214233595242
1.47383748990945	1.810480774569
-0.231594096878518	0.131842747981346
-0.259294718994556	0.224924352549804
0.469782256516535	0.374016181239728
0.413714920617524	0.341306817717247
0.0990569675997428	0.0718151611011609
0.0102332005664315	0.0061769948287261
1.70618665216423	2.57723963256607
0.302506946767741	0.251016643627613
0.747063938873846	1.23201708719909
0.784010372802609	1.38785882024871
0.0571726525781271	0.0547396301575005
0.242627165843031	0.280913785735506
0.214000061776966	0.217904613643004
-0.522327055088664	0.781384233618049
0.471456637767806	0.717427575570725
1.36969972515382	2.46171865430775
0.665579355314074	1.06111039544961
-0.0553430470976171	0.0414496922754334
-0.757220180732665	1.04114683439469
0.776354165069289	1.02779851797171
-0.096168941421623	0.0851273197858451
0.302257471027764	0.333896186156696
0.557373906720284	0.794132108245353
0.771737853405978	1.16224534241242
0.123954956056077	0.112976633594522
0.890356454427741	1.37203240967626
0.272480366730114	0.256739126398683
-0.571580508766572	0.619429309622198
-0.282026157499994	0.245680350453291
1.32401666822214	2.05439299655403
0.692303574830074	0.74661195413275
-0.398548162702591	0.498553792352806
-0.265653978501796	0.29965397624823
0.299221416330429	0.307049597009647
0.858190689085397	1.38316437777402
-0.077933002482393	0.078519879726479
0.377521702500524	0.398641610979914
0.576765161727491	0.809583315365096
0.604354605430995	0.850427187239484
0.201832062464462	0.249318604715085
0.0910477085172061	0.0868555300235867
0.96844970744003	1.93115053165795
0.406418046678926	0.527367083576054
1.1110808102616	2.22483561566356
0.866215462848482	1.70476314290816
0.423718440434986	0.595170571718422
-0.116586598400973	0.0988799470988948
0.256241410501185	0.251583751989606
0.388134794242495	0.441063825441628
0.412152103405422	0.452221933171325
0.477110017312183	0.755474096018764
0.890974775645695	1.16266890563082
0.0297351051501447	0.0232922987386632
0.554681828048736	0.515117612349259
0.86396525154982	0.732511693373983
-0.145921694314745	0.0913736527698478
0.783268090766881	0.83893060002358
1.55632097834466	2.63986618479198
0.742219467465984	0.643673282215551
0.125591672888917	0.0685313501597785
0.808993601155169	0.909536070376945
-0.0712267004467442	0.047779553711889
0.632247021720882	0.529259527991824
0.33216634847495	0.25240753576261
0.230152568783379	0.188509609102485
1.76223977488687	3.37362144433775
0.331616018978397	0.387561321127973
0.78126281477517	1.44902664589353
0.860381216107896	1.49324396844233
0.488586371316584	0.609236774546828
0.812166140901665	1.40024052564328
0.0334291664643144	0.0330473944813368
-0.0127338822658711	0.0112170715598694
0.435564128325925	0.527642729732293
0.162432019058794	0.126023357832677
0.0323519709163077	0.0283895188605628
0.6336735310241	0.711807465210034
-0.249242642498043	0.237496715394657
0.00377442276204644	0.00311701108475702
0.332998368600916	0.388169428192565
0.335971878077507	0.370669580175839
-0.0120436301753595	0.00973175665462419
-0.198596685400646	0.195754742742988
0.374978443406066	0.396153384638679
-0.0176203768826666	0.0141488375845909
-0.852155240093962	1.13995677845927
0.334495553508049	0.412253733722311
-0.665239794307607	0.801481129047584
-0.176241227989972	0.164715837486646
-0.836143971263277	1.34163259496232
0.182409625464394	0.168218816656523
0.951896162057491	1.52182553165599
0.371575108613118	0.464493065142376
-0.0148127012802605	0.0131579260851923
0.427000808848852	0.555072318102006
0.439951507536783	0.589324414401117
0.277552475977359	0.375868822875289
-0.375561999058133	0.55350804459113
0.151325305620412	0.159465689781402
-0.0972757636955578	0.110318372164189
0.268750362040019	0.325303807442794
0.391039512672938	0.511661319815756
0.369171178004587	0.494201387436427
-0.287465490947979	0.307233079323008
-0.461258763194755	0.565249788608198
-0.219733279131466	0.227565309771918
0.35401517993259	0.342581726008684
0.518333928224354	0.6908954737872
0.136477781916396	0.128460832974845
0.15683646218276	0.151527670229566
0.270905267748218	0.368588780775811
0.252954725654279	0.31492403684016
0.47326377862042	0.549619868810012
0.493005859888741	0.721275294504347
0.460570707019235	0.691149538213955
1.6959174068285	2.97232532532268
0.727741267776179	0.856616120932442
-0.0757067941413101	0.0509039242733361
0.340601977290317	0.241068147670196
-0.144190378148586	0.0761861444527294
0.590098167191812	0.409282368336064
0.139640329301945	0.0541098600703601
-0.129284339921626	0.0700105804484749
1.05722949179793	1.16497397764877
0.840762299158219	0.866171957960361
0.382562792952874	0.248188336378476
0.0374914205553944	0.0208206653403455
-0.157741794599672	0.0864624621498878
-0.220017567743039	0.126574587165087
0.383580481981667	0.197461161660559
0.00445540340390399	0.00250846960191297
1.1617557678451	1.46927868071522
0.555354128828748	0.661062682600562
0.896099127951371	1.13083378241592
0.340592549703437	0.344979152834714
0.51322963114494	0.666547753098094
0.731402335533829	1.24403811989626
1.22375079185333	2.82485647368754
0.279163165915822	0.336067216847207
0.099933145488815	0.0890231087289739
0.709419803775432	0.98905112538907
-0.0551553200945155	0.0513799774890376
0.72914723937844	1.26393255094374
0.498777037441631	0.699954777952055
0.0667537268079388	0.0641695425637795
0.291818537200117	0.327137165246652
-0.294666601506948	0.356295079693084
0.654078588554417	0.977474448459784
0.287531677207416	0.32634528697934
0.25979591127892	0.298758747588584
-0.125711672785451	0.136365661091395
0.496078325385831	0.737872011323063
0.282803195784808	0.347078885630798
0.648809836366964	0.973613154505092
-0.0644467091382094	0.0698883541979966
0.735404376675743	1.08281868250899
-0.0781666099970673	0.0682204865881927
1.93326620466765	3.563264163206
0.734923994092009	1.17286225264362
0.0362894099907998	0.0331581402400044
0.325679120633229	0.446478942222454
0.886124997199531	1.50460140977615
0.378262990639751	0.530893292924776
0.348122528748699	0.386534684048407
0.167462695473956	0.197269040287741
0.614280702181011	0.91369602663376
0.084341708244826	0.0854586924141637
0.599559509344559	0.855158312363247
-0.414943033087233	0.561893376264246
0.858981353939981	1.19213234818551
0.00294306502734019	0.00280152143415712
0.248710823688796	0.278161469956981
0.592766333637052	0.832892494876104
0.377115591448463	0.532571975425113
0.255117510393809	0.338661699592367
0.557979574091536	0.991658055371879
0.516833398611021	0.750014592829399
0.453330464184785	0.56666293244875
0.516468074176208	0.593449036150541
1.43751345571417	1.49272379524727
0.709100284875833	0.758728127131213
0.680749809383795	0.605052448791223
0.351954893756616	0.198239233456177
0.0129153418849133	0.00344424604437407
1.45073932002363	1.12306426584288
1.09853705544838	0.82964508834843
-0.630223785752423	0.227072262570379
0.100379173492612	0.0323219378411193
-1.20197001360995	0.613591886811863
1.02720557881561	0.508278943664994
0.437227593524769	0.210811909147421
-1.33513343178183	1.17350861599261
0.636444940851365	0.486189276927471
0.271986063359663	0.18587132265535
0.478286231796264	0.441696988891791
-0.58159668136176	0.531587720939116
0.180829938144087	0.144625854175668
0.275491206220173	0.234059051654539
0.740985290296439	1.01966839356995
0.993376469973491	1.46509096440018
1.34477996283982	3.03511480616225
0.861056985565686	1.42570828059158
0.497716429624199	0.743667830945044
0.564407478621158	0.831951279565658
0.90486475196139	1.58173490395959
0.686703461250826	1.20845071083964
0.557722518229976	0.875000537460604
0.574516798259038	0.841091619046015
0.97826963517882	1.70179205263459
0.729568512635509	0.743653664557809
0.77508468521761	1.05025500614954
0.473292671053045	0.467270684335963
0.322433002818246	0.306254081514428
0.923160999134089	1.34011880817532
0.107898895911823	0.112967067057001
1.58106471867197	3.62682033285589
0.84645169114362	1.51637716678441
1.01499265320195	1.70739957146286
0.329164552459588	0.368052195410585
0.0382937975842982	0.02997540673276
0.390529766571879	0.530087157744888
0.438935263074579	0.576872922339041
0.31099084411264	0.393378285088443
0.646631683955039	1.03524978377384
0.099056231599226	0.0962615715910132
0.307695925963544	0.342717084442989
0.642547291431058	0.645703773998707
0.829708418702618	0.684212197857136
0.394363954757865	0.205296244682547
1.25219777296739	0.980182311223584
-0.192751650343634	0.0956721444361687
0.456930657330827	0.261866051055236
-0.121148087921669	0.0524076175487378
1.87964453435083	1.16722865939245
0.649178692861722	0.42809632876863
-0.402771844352393	0.194239158478048
-0.402277063931801	0.185990197834808
0.137154859939057	0.0666436340556737
-0.528095899788321	0.232672849346159
-0.026750535510662	0.0101528743190375
-0.429289807923896	0.252628191812611
0.854623395624989	0.745959484358384
1.00025121947063	1.11427153287466
-0.502082992549996	0.346863327603675
0.2641464726772	0.209672831168678
-0.0136035790943377	0.0100919051870979
-0.869268238924847	1.04414124129816
1.01767445525489	1.39547546664433
0.475993649141241	0.668570273219463
0.481658387582824	0.58858342759429
0.458900244475899	0.608587287741711
0.412658571286408	0.501075739548458
0.180493759347734	0.219519003407861
0.947134398430165	1.81030732373745
-0.0792164173202329	0.07169198155402
-0.253591169500662	0.183659078175915
0.0791205415566138	0.0575285733028235
0.927573344637538	1.26724219734282
-1.17338002908208	2.02324095742344
-0.294288470765722	0.345886974888882
1.26260343360722	2.27308594190147
-0.171865332466102	0.19916541793904
0.4833823227458	0.648533515820184
0.810160031700348	1.54560175436715
0.283759689520362	0.227490361322151
0.782106236398645	0.521595814622468
1.71108699860499	1.96946313833623
-0.514893457832644	0.266120952524551
0.608681528985653	0.306891432944731
1.24956839398049	0.881045316263377
1.78721650205319	1.26207182883055
0.687020289370943	0.478012556412779
1.0622303067129	0.604170938361134
-1.06435890371919	0.503476135520827
1.09946791771396	0.792668752651033
0.381545180142523	0.319534445074504
0.430808071011928	0.31457507550443
0.419176080314033	0.41054809970059
0.975196407965836	1.15773071543635
0.199062604447471	0.13765459323828
0.917995474205608	1.81175612083033
0.615792311773115	0.873590073018731
0.636704299300071	1.11126686442064
0.613171044229707	0.72530019199194
0.458409055683362	0.683761118418234
0.401703145567894	0.584646522306892
0.674312062700718	1.25224246871918
-0.161620078903715	0.0916275689444088
0.315585109761902	0.247985717753984
0.0532462972541043	0.0486286687354781
0.272873007496282	0.311835249219048
0.600284430723323	0.812343196593724
0.686765444235486	0.998658884129866
0.758274713107304	1.33987609037512
0.432470612221366	0.531546990805645
0.840490992998393	1.57848612605463
0.73751011596541	1.56374438209228
0.671988178883029	0.448083674450034
0.496511958615908	0.212623348401981
-0.0908552983354435	0.0396295141388344
1.52025444581905	1.90118061613597
0.419562480025922	0.255799794239187
-1.09820728225833	0.675118455905999
-0.892514187122682	0.551665928563176
-0.42023452212849	0.24922006377165
-1.4655003597977	0.588266476209701
0.732915038531199	0.599352752238944
0.718632727419549	0.544990132038005
0.618779475343935	0.664363452220818
0.469948653184682	0.462581089973899
0.553163589826787	0.668175301898669
0.113555591286881	0.087393457927169
0.670972319392152	0.842599786356893
0.518915798394373	0.624415860440363
0.462838175108156	0.598870996897627
0.384664358300488	0.538579915983293
0.822198242229155	1.33782382024084
0.391380419109003	0.56018114319639
0.597696701777586	1.03572874727749
0.809519702048934	1.80363961904308
0.628790685845992	1.29094820318514
-0.0914466491031981	0.0834212951047856
0.766382460245733	0.936427161361348
-0.46511513083452	0.631420425853353
-0.0513374652296062	0.0521626721584728
0.0406985144177075	0.0390004726381759
0.423450027053443	0.605328443601555
0.566643982546348	0.922919605102788
0.125956596803584	0.140129960451991
1.2755643802178	3.62112931272771
0.637393769998948	1.32421935300327
0.0113950075757993	0.00492706891562741
-0.0209043226463368	0.0111480726580351
0.824462191619102	0.597629876620824
1.05783058671862	0.62526284297208
0.540693369456773	0.294224680237391
0.749406512901027	0.459639693037945
-0.787938811240584	0.393858062253905
0.0256700166872143	0.0125381699134122
0.524335523418989	0.302368965066339
-0.50016926184801	0.332123281104125
0.82824893116889	0.866447100461194
0.483292264339001	0.462904656635237
0.576415727765188	0.580882738259033
1.05054054010163	1.4066917362024
-0.0115404854326877	0.00896877386351053
0.182734962772369	0.15563177881685
0.82794081730123	1.39010543694553
0.717806470972517	1.19814273033606
0.734484099610747	1.27203819352922
0.866431988771748	1.82996749279029
0.594329073764837	1.00338398428134
0.203066944180899	0.262584938974604
0.259429312483402	0.266175651702103
0.171865342887984	0.157684180006266
1.18914529193612	1.93309592648405
-0.0664787731181685	0.055259482508002
-0.35629809998537	0.418858470733188
-0.220020610255138	0.238801421520849
0.223365716785195	0.251471320660996
0.601885038692204	0.959541051960722
1.0266172733613	2.05813805457679
0.708761990956532	1.28102925215871
0.577591593848806	1.12187552641307
-0.425486661744536	0.230729306129823
-0.441338083823097	0.23583354122415
-0.621035571956076	0.382376152932926
1.4580921264381	1.09139427007152
0.443305885419934	0.20814763558556
0.487223866228606	0.205337933385362
1.2477663730755	1.36076035443103
0.486137424510092	0.208691376075938
1.07211545258179	1.08007395702781
0.750155917321728	0.752817191298816
0.0698829400675517	0.0549530215311589
0.391676704042132	0.313411104860815
-0.347575553005533	0.337453384731194
-0.179513667866379	0.155893328524113
0.234791371509525	0.234176302410424
0.70140764549268	1.11417941864487
0.892242935155725	1.70113926878093
0.595922724289469	1.16199080670291
-0.0811508893036451	0.0564016583934447
0.712994088352587	0.827600627595322
0.101438694797065	0.0934445123643688
-0.435185081320508	0.541735055831139
-0.01790648190365	0.0153038022445923
0.227864533537012	0.231786469176237
0.895633381299025	1.50605830986642
0.571372557721513	0.771741659939974
0.136741389987966	0.165512161988163
0.646012355182644	1.1062961549676
0.690428336899677	1.32741833944728
0.144049654607644	0.0633946658040136
1.02670767425596	0.539400040599269
1.0937943245361	0.963005940488724
1.03903717645587	1.13090602688168
1.44956084215303	1.86484829944829
0.850223412462838	0.820616116968854
0.17185159522935	0.133499358637312
0.0118916873582949	0.00790618752626411
0.431350412364765	0.363172166030484
0.823010764998875	0.953191886637766
0.908500562058719	1.02859782888345
0.509313550430067	0.564161982684365
-1.03220410342107	1.4631148681243
0.830119066111096	1.3717796483444
0.69323071343928	0.732008255838508
1.1846382900359	2.56351228368526
0.74621578423015	0.896739391634132
0.626798881549897	1.07266680715876
0.655757463657142	1.02766556439993
0.319781666217287	0.095251523392
0.279812622803641	0.13485081326218
0.800335274420577	0.526686897460454
1.24970210379679	1.42659764373547
-0.178576829852762	0.148851601646552
0.0188913154126994	0.0107794610437585
0.320571594446673	0.254146821236068
0.506960188538704	0.617828000465801
0.396336236459956	0.540975211168349
0.7352031956323	1.05193666664192
-0.178548063514065	0.118129834141635
0.535267388030701	0.418047596204667
-0.213576841905396	0.171817077104721
-0.312441715487173	0.366121878884271
0.0191960672763379	0.0170254732073419
0.410146638750898	0.497460898011602
0.676366120118324	0.965100632877271
0.830243690803061	0.609648009964715
-0.515457856221192	0.391344797585124
-0.294382169756901	0.156675147686151
0.35440035643737	0.195921020706407
-0.937083918266014	0.862865659292717
0.206924946939019	0.14650341161309
-0.374730429884074	0.312103931585209
0.480107063933305	0.501633085342838
0.845394958668866	1.31602299579615
0.904759420447036	1.58353231739402
0.544637440674247	0.452374003408286
0.307690087376931	0.243943091823913
0.536799218563346	0.42021550137131
-0.504514098132783	0.501001564377878
-0.127472533506158	0.110450868484412
-0.668935094231839	0.634306911493458
0.363905390363898	0.379341725182527
0.442534464862957	0.20823307170481
-0.173354052020234	0.0700874755152556
0.157028218381652	0.0748598502505207
0.38692764513831	0.256875313698374
0.555865701069225	0.487458000458665
-1.00107985855576	1.04257536748132
-0.449041947162302	0.390528121441428
-0.392368387771234	0.368869806347545
0.0741421243249563	0.0554376360359929
0.518274284687044	0.807874708064538
0.367800856191116	0.532535853212547
1.03249317204697	2.02811248441417
1.18453394212087	2.41067820183029
0.270949374567717	0.275058859066868
0.819515236821762	1.16744186943656
0.800850856528135	0.875816214390727
0.159901795544393	0.119860623213451
-0.0955177373682873	0.0802600318454451
-0.328114459008922	0.332880095840718
-0.293362490697915	0.329869240510002
0.486766381386698	0.554282611244135
0.117225992322105	0.0457600088439894
1.50694751659764	1.04371691206797
0.594157607284142	0.289040020296098
0.142205410258925	0.0675939270310254
0.694681975661353	0.500818143331511
0.162789849828674	0.115800182211875
0.277563981295212	0.169952600074712
-0.400212065049762	0.308958665432059
0.136717986523413	0.10221767393234
-0.371985786411211	0.342809894559092
-0.355640792121419	0.258220024122004
0.434308800624058	0.465525315989963
0.427488354463358	0.519299630167647
0.771880766749146	1.53042386454118
1.12548002133744	2.29143545406629
0.427585820168377	0.589200908684836
0.325764819620169	0.442295948019689
0.315049260153208	0.40495030538356
0.43129996432025	0.52245869410866
1.13841450341214	1.76484228158118
-0.21304670651772	0.180865476513752
-0.824223262786109	1.19646190931385
-0.0111906606087873	0.00889342055958903
0.403814560687744	0.48131695596281
0.783053681459554	1.24836919848066
0.446403166029719	0.634146267403903
1.27890794576842	0.783595491671099
0.00839716479037462	0.00365181082512025
0.786121640370874	0.538091123983575
-3.09073159364739	1.06509583332195
0.523394255104267	0.272207436866102
1.64092792174237	2.19203920277121
0.509637931287637	0.366580389286844
-0.540123996327937	0.501624251428944
-0.554090798137405	0.392928312238254
-0.429479063351212	0.345500343961662
-0.655147899006029	0.942954163743839
0.560502944615809	0.735085111625273
0.48621395873386	0.779549521061965
0.951926967581634	2.08879638542287
0.638963311766704	1.03951554899817
0.66121558906031	1.22868913187961
0.313599165390319	0.400258379322756
0.703953201191093	0.872440588010052
0.193029758096149	0.168786172380447
0.83364234854476	0.869921700166727
-0.124962325035146	0.114999558288214
-1.03303611473852	1.56223733916632
0.00608169850379492	0.00477589553633246
0.239761333184829	0.256234983524467
0.974660455778508	1.55780116618061
0.178214380420708	0.149314999037584
0.307245230243732	0.387051018309601
-0.0491696201811463	0.0413262461114057
2.04692273266483	1.12999175209768
1.2963386643937	0.708693951233194
0.100541531606188	0.0324897743915982
0.275147373268175	0.123207064768895
1.27771192648113	0.79230446071659
-0.643641791051084	0.238619405201114
0.856646860035742	0.74831322920966
0.735492168240569	0.698542728833886
-1.41083597457688	1.16044880686449
0.599518417071246	0.635934037129123
0.508936731613778	0.553590932033696
0.431311048219548	0.360585247310485
0.907461745986019	1.30801769233468
1.08234433304442	1.40960043251519
0.816455995988134	0.893818403904987
1.06427784464642	1.83279977061583
0.934059491537624	1.4064886783004
0.958271020628194	1.64235258142413
1.03736207157093	1.48437747578789
0.707030057338274	1.02725596266082
0.793589659796916	1.39382144450429
1.03464846005362	2.18954405962326
0.897973739234129	1.44387280285117
0.807509307198631	1.34152646043769
0.933806425583381	1.26665359744895
-0.0409280720741466	0.0277454789506393
0.928327829198339	1.09055532304307
-0.879762257541662	0.773465849754615
0.137696183169526	0.0986979077591031
0.0860271052556225	0.0710898575752043
0.517796286637352	0.539995780541149
0.483603233143966	0.514650009982647
0.538254335270664	0.669323664733905
0.359163340594687	0.338391264321533
0.499579208025389	0.598077346703978
0.649037352802469	0.884050765012689
0.755126310555695	1.42802500734386
0.855241397678482	0.500303768136334
1.30531911227828	0.506160101023626
1.02054597209395	0.527536852943986
1.07826093779077	0.724068232627808
2.55826092025275	2.57276753359638
2.29661593588208	1.85425367636074
0.557355604387933	0.204976570305999
-0.0936134620312388	0.0306498424466207
-0.0293860799325652	0.0110885414164673
1.37834266513677	1.14788908907729
1.9260427913257	2.26264455380864
0.648446084382863	0.523172520549274
-0.671944654520542	0.614209186433497
0.266083871070417	0.184764439014836
0.65151195243267	0.577807460964519
1.08033637340648	1.19284486133754
0.394539554385294	0.475102388711687
1.36226892930131	2.54990452294805
0.161398448775358	0.144062716807157
0.748538918944142	1.34715387176825
1.33239742246822	2.73696525316214
0.624239911437062	0.805140872370989
1.3423530261886	2.58982675652142
0.884324077312194	1.59265391603682
0.730805659886148	1.15857566859
0.488577041005509	0.699495907188169
0.88004737049295	1.67005875385131
1.33425672126299	3.08385857367111
0.770192149543584	1.26882637721509
0.872168142464055	1.5488130629626
0.809743309168308	0.897692872429548
-0.136867387130058	0.117308432125083
0.45955417751171	0.390917269900447
0.0852723479357867	0.0642040855117532
-0.228951015307883	0.214705398546172
0.291251794576367	0.29289061879483
0.496757148187573	0.590368699103133
0.264876299798101	0.258752088745504
0.927035949852473	1.33337559809347
1.52352537178138	3.32085881160275
1.3086016579394	2.73647225647634
0.795250764689526	1.7015504816155
0.836042201810436	1.57331279172702
0.569068005373224	0.808594187346928
0.60957271873822	1.04800762006939
0.63972558424546	1.05584718336994
0.667588528389929	0.994238393939488
0.341063793521185	0.184143680399633
1.87256755037874	1.5258537738308
0.701297821080742	0.308914476144156
1.27892094442255	0.934462541800752
-1.28277655041533	0.461168050564253
-0.166974316559912	0.0689284764049266
-1.05888286773106	0.490761669999646
0.146806764681983	0.0689642373779385
-0.638192202759621	0.334688602547309
1.10650444244502	0.842392212887067
0.949231101620099	0.696812505939431
-0.21269431952061	0.100204073103886
-0.0196648696586999	0.00763337403317872
-0.0745910318206326	0.038804323407347
0.289575017892742	0.126812251705328
1.46472676971624	1.13564292981041
1.09709991428438	0.955706085635408
0.549098965621552	0.436020104766971
0.172316179587168	0.132321191982962
0.0188531831513132	0.0105545777398176
1.21974036621597	1.62075237725702
0.686240165612016	0.885801247223226
-0.587286837593643	0.712203749751869
0.907679056944525	1.83482298531765
0.932875049351793	1.47233259646111
1.11742593576494	2.13239247955489
0.664686745376924	1.07389420526279
1.00338076343117	2.30678590646085
0.602933617157562	0.934772271352368
0.927592480048634	1.69677409516777
0.677931286724695	1.24392965350136
1.30021205882565	2.99530457603326
0.538364221276747	0.753573073652872
0.459685869441616	0.747915388601755
0.311134524355531	0.426044926891295
0.92425756179613	2.07958243072969
0.657688369397489	1.28386109217924
0.0713693650092522	0.071483750636618
0.608580255255324	1.2616453187706
0.796234493769949	1.65772153138298
0.257269734547656	0.316765590869144
1.37960504713197	2.59359150069898
0.564254927485619	0.627209506377581
-0.230252851044648	0.206781556178444
-0.364287772553612	0.304993701396776
-0.878850885464428	1.53604585238298
0.228477029865729	0.249339313090447
-0.231884988150744	0.223927480559874
0.308772713241568	0.331668432885829
0.737922141249235	1.16781777866938
0.853820954375098	1.47803994669924
0.188083914408142	0.21260696461744
0.655997081038708	1.25375306544269
1.01021422525876	2.10875917428903
0.49836621014347	0.764791640782481
1.22241427670272	3.71101225054387
0.487370111011865	0.710183492434861
0.844900856018375	1.98100490177742
0.723288250242524	0.548374070908067
0.299998876439761	0.106399477185425
0.877485930398228	0.342946519506239
0.361475939346138	0.198314937808888
0.430848129751513	0.201846027032231
0.0907563967989846	0.0307452864281546
0.926570743396032	0.653612447962721
-0.40365083697247	0.211339548918357
0.86893785031151	0.331938359565698
-1.91780042444825	0.896096528621649
0.040663504551265	0.0184405578249473
-1.61963696353958	0.685355819735513
0.525332545436113	0.337036320970412
1.23203464882106	0.949581460418956
0.349307043877978	0.194121434339707
-0.27004481576411	0.101973243538123
0.216301533606125	0.125165493030606
1.2356844666235	0.95175844209161
0.146830865489688	0.0639203406668419
-0.283465349583577	0.128193206442557
0.78760140913874	0.529430202818141
0.458998783519534	0.30290324483557
0.467578880565593	0.394014753607398
0.0970313589710233	0.0809364790478374
0.46761229111101	0.470755100872311
1.15722033252251	1.67311682667865
0.131968948377064	0.108929868359091
0.642302434407265	0.750748422432326
0.321994701848426	0.315074824094778
0.988873544682122	1.63626183892169
0.856598492152593	1.37709790813767
1.67143343616162	3.55464649531453
1.20030950065354	2.28449029658208
0.749622175174916	1.35514472801771
0.901918109458413	1.7193864785659
0.742558593640991	1.24910201770181
0.281940640854196	0.328905986109278
0.45995782880313	0.597319558206018
1.11011818947307	2.07981660180823
0.124145836656883	0.132841939083346
1.34441434990302	2.7653058534031
0.521798821118299	0.871733263578504
0.870080514586898	1.78353369467475
1.16282593422238	2.21281297010896
0.971145293875795	1.99393549622095
0.678871107577961	1.26542014612424
0.966919369175602	1.62529758783318
1.05164522849416	1.89350635121528
0.577252394171314	0.657177671782274
-0.13527822097298	0.104882252200213
2.27314068589568	4.02761305600382
0.0611269100201453	0.0525631763815074
0.0613819908718403	0.0517690434984287
-0.0977327468271167	0.100247294559309
0.0878511331524166	0.067212455612112
0.604486563290236	0.929667209803716
1.06735032531727	1.76816366974141
0.520437211893033	0.701522397134334
0.851528362550561	1.62200424952331
1.12859234870101	2.35856308859051
0.619187757217671	1.05994293204756
1.27424302187271	2.69390272601513
0.708191190810106	1.22775198239226
0.280990623584452	0.331177571350524
0.970858351584368	0.779951924122941
0.298179093561871	0.192259356721023
2.1282815798235	1.77476099496448
-0.020821953149992	0.00778547438785706
0.0330446702434542	0.0160356019639745
-0.704595417224785	0.39332040610463
0.536761029309137	0.281291112702349
0.498252789697232	0.280347891755633
0.373800174192869	0.191374016608989
-0.0239755394169912	0.0091550536013915
-1.20155032609128	0.608540817433311
1.10396054861019	0.917034788654379
0.512220977322773	0.268540205219746
0.599553189910063	0.411593461113017
0.135286505208332	0.0930949242292133
1.84038424747493	2.03895988643189
0.244877749576905	0.132197044995518
0.333171801680149	0.174848146370601
-1.19104788406469	0.899755796577318
1.38989238317828	1.20851661686326
0.489809079192655	0.276440508219892
0.126808807638527	0.0653724666333396
0.851743200971219	0.868353171646645
0.226427868151673	0.19771018260167
1.47554210415962	2.830052442422
0.101948096402808	0.0690071552090237
0.0416581354200541	0.0331840005655978
0.0943753212844415	0.100771827841571
0.447881951238175	0.579375688716653
1.04270883949133	2.11617603442161
0.814933394847208	1.34718700895869
0.284033707071868	0.288301558978546
0.363124623779697	0.367592746427404
0.507961791974289	0.723200924770226
1.03534585891708	1.79930849897029
0.40405936102262	0.501676165105292
0.2443495440984	0.263906026958903
0.769769629517022	1.09725922483769
0.303893302980682	0.366166622480693
0.983476981978885	1.47566722156146
0.631085703371421	0.758582436551258
0.434168611157194	0.530381902712644
0.236046896759769	0.255246986190307
0.436468998406798	0.48201240261684
1.00962066448709	1.83587975299849
0.169389363194467	0.132574472667133
0.281208646385541	0.284946426254858
0.917899997977168	1.51961088920199
-0.0930726173882639	0.0811436391522442
1.60198401354155	2.97577008811176
0.410008349459692	0.445650467695276
0.184634655374746	0.181771646531226
0.282595399275508	0.327801661978629
0.992012840904459	1.80284880004928
0.875621377630894	1.46973013285609
0.415032592686949	0.55809489723727
0.288328053010828	0.287000273807906
0.675839438025026	1.14969796829255
0.976887508481424	1.45846746725234
0.278027780824669	0.305112496028884
0.389004763489595	0.464962017108511
0.613253725448463	1.00802389763876
0.57451266549633	0.750187699822285
0.42451505284953	0.25756021307945
-0.127047226286834	0.0731951744442583
0.920324856089825	0.621996624235239
0.187664834570454	0.117455332085969
2.48961436525051	2.12706890876847
0.343022538009848	0.187985670980008
0.442268701200685	0.203088529157748
0.249391566326464	0.16254800153244
1.0780823302612	1.01864310450806
0.707252196171892	0.503119540121417
1.15890156227013	1.21131366324107
0.465782980435427	0.269244677994662
0.865465516135131	0.721059626178801
0.975530510330324	0.988315153719799
0.00749677145741891	0.00381924512211547
2.41091246697208	3.24832778688382
0.846725155403112	0.79666121796608
1.82625426243196	2.91641197240282
0.862560608241798	0.959378470417264
0.852526613501534	0.884378565022746
1.33711104587033	2.06503514827675
1.54612717670333	2.38873407181479
1.16505873065719	1.73295182863188
0.627255644854507	0.916724153411932
0.735355898952347	1.13023729987561
0.712689993218439	1.34744742158985
0.0041434022578262	0.00336228900124128
0.383404018930286	0.522520964890438
1.24064492939512	3.12222360829939
-0.0743970676904141	0.0679083882581556
0.614661062114418	0.910145293368772
0.586982039978126	0.825608255120705
0.839165775079199	1.42929614020942
0.353245708398939	0.405807373114406
0.606810746178453	0.608872346538913
-0.0081856123532496	0.00660709907765669
0.203932810954368	0.206964000500636
0.442007803732016	0.592398502231802
1.02173357017057	1.82645936741816
0.498244849032364	0.765965687178271
0.279686905652891	0.398288820088604
0.490436605371107	0.882251200425573
0.65280406065711	1.03497991818765
0.702189013764957	1.40900367358772
0.63893806802035	0.8260161675137
0.376873990061656	0.491893210206652
0.478073226618346	0.349699493725809
0.477591183513439	0.274645366913553
0.683488319649176	0.566002430320614
-0.239974048808508	0.109387959910697
-0.694933665754694	0.330137431255734
0.729823018421205	0.5924313728593
0.607008441085235	0.352307206290702
0.62238796482163	0.552603919889393
0.486200057073313	0.389568319358005
0.0195711608788307	0.0122322021797787
0.319832238695501	0.211512335204592
0.870003881793999	0.783511355403967
0.835838729655184	0.859701362191171
0.727934573260966	0.757455473524508
0.416610812892761	0.364223212222915
1.68763763624967	1.98451744393022
1.49552874351514	1.98499733710081
0.664908206029401	0.603774350520684
-0.0949154064236463	0.0626044692523846
1.98952165838984	3.051854905287
0.49991328913262	0.348682873341241
1.1547913296259	1.56077587086696
0.295440939680124	0.344654437442253
0.641374186969829	0.958650484344925
0.0410988768409192	0.0401032173262255
0.398547138966761	0.511759740948869
0.404479350158019	0.471075491342134
-0.00325562602458964	0.00287080072085193
0.960711694171404	1.76110520597957
1.23492537442588	2.45167550687745
0.282234637277437	0.317228637872887
0.366821141359392	0.421143524748595
0.147025951940413	0.143047823572486
-0.13781170604763	0.155226074225451
0.695861423999751	1.09639664465778
0.0896468644091673	0.0890447468363925
-0.0921428673670556	0.0945183368508693
0.814455486189965	1.55182886267141
0.443849179749245	0.337318306066792
0.615164179840067	0.54823153919685
0.48594660482812	0.321126915705523
0.451178094672878	0.286480095786497
-0.213048918317763	0.102711097322376
0.760602818552047	0.676173304992532
0.203387216310357	0.136758480186974
-0.600464596495222	0.456949036104586
0.0299801430288422	0.0138422192209706
-0.0594848887994512	0.0281419886450817
0.461810722915625	0.265661285217735
0.705554304932265	0.507838174841292
0.576059496436237	0.584233746477093
-0.143843377646788	0.0838469953274155
0.267989741810703	0.163017249272195
1.16857626229815	1.55151002515468
-0.367210714366681	0.330784942145937
0.842676451004336	0.962683771967474
0.571230480412466	0.513193610655498
0.495306585643835	0.41335852319146
0.454010868050972	0.513932866874494
0.81617371764792	1.14388417223198
0.489110394238906	0.649183936768992
0.601647768565713	0.819632588345146
0.34015473305608	0.39847474735321
-0.0961820465617708	0.0982242818977544
0.685236598867098	1.24967713020645
0.609006359125128	0.654994390667196
0.717851290543752	0.928876212775634
-0.055803115436095	0.0520801671239235
0.42242467290383	0.486152482509165
-0.0872497848859003	0.0762524478162426
0.306862314833109	0.40040344868557
-0.255067368171561	0.316421035090324
0.836080452741232	1.46176587214198
0.498606273956014	0.768964768626379
0.846252503255426	0.732035406310423
0.341993212729953	0.186112917344679
1.08644725362238	0.938267333292445
-1.03825998763804	0.854471884171232
0.65752889700336	0.586209920533044
0.96015066123257	1.14705190910168
-0.590036819866758	0.394198078011406
0.884597685215868	0.992647060361487
1.12624442312115	1.55299171257954
-0.304889675493359	0.202314180177509
0.189380175724193	0.112838171734365
0.197894422449878	0.149661777439677
0.406429890392491	0.325314184965086
0.116995090523881	0.0752666082829412
0.812068101181324	1.0421810267859
0.22274022251684	0.210229961544221
0.579702156070083	0.552480648816153
0.985602112865088	1.29024156854503
0.73873419580728	1.16429498072798
1.0088104919414	1.97195563410321
0.891643967753114	1.68623385190946
0.461144337462249	0.518129318822604
0.483256674595009	0.638507101254345
0.392757209803916	0.530716933867526
0.203785605172381	0.214119123802842
0.368320431570307	0.342498645244267
0.0303773624885083	0.0221184484040477
-0.120412101750414	0.0855891641982499
0.998954361314462	1.82914892880078
0.815937257328282	1.30558888411534
0.159069891066544	0.120758768536527
0.951216331029674	1.39568330783592
0.502736662007716	0.659130279651451
0.596537941023828	0.978131215620562
0.199837335022277	0.122100554560387
0.448360504000141	0.346642775266541
0.160703974325083	0.106775316769232
0.412692008029375	0.282743348017883
-0.114608544561298	0.0797412080077298
0.627038604759358	0.49460329070906
1.05192699611582	1.09719385487322
0.479859321661262	0.40663243624928
0.127640971706122	0.0695552168402123
1.53830150155153	1.38534383986889
0.119612916116762	0.0764582483539396
-0.342607465893686	0.259847667372579
-0.528652806011571	0.409625505001615
0.374783205868414	0.262229710842759
0.906245789856449	0.962566119743113
0.543869710211048	0.551424973042478
0.484891654548033	0.468682349375705
-0.19708170498598	0.164166101928449
0.667024210121102	0.705876076961324
1.11720003311189	1.24651599191053
1.07597129784779	1.65496268507485
0.188768036914868	0.166337438104853
-0.361190417157393	0.30309291271939
0.605840723915792	0.822183851444902
0.224255796921925	0.217295310338229
0.806958270329336	1.24717807157393
0.326986611808957	0.276450775954916
-1.41093969596996	1.81078896042429
0.169426535000978	0.140944542174621
0.598178048973128	0.641111806123501
0.28741070471543	0.28505042243222
0.559071148717215	0.75748740923338
-0.149989062259401	0.168322965365498
0.0533960010019297	0.0465600415791683
0.32595985980695	0.370955843753386
0.18525894359061	0.177630124052517
0.979013027808123	1.42178492603324
0.635855950160364	0.463719931151204
0.31718163715095	0.1873247645967
0.0966680964405258	0.055213656113575
0.481645899343978	0.446463420496956
0.724680993727349	0.778894806529311
-2.11320474923583	1.63092314311929
-0.873769558049512	0.937380833940008
0.260339974517884	0.16710119467922
0.429619418918352	0.261470507745201
-1.11699671957691	0.94845582168115
-0.20222307526306	0.15406191292534
-0.0872047498277095	0.0506080068312168
-0.211049128502068	0.143068122306383
0.675388498058627	0.599184830444104
1.04018804111077	1.14878397839333
0.425710432170068	0.30160804464722
0.291701518217386	0.201484159604156
0.774063220523781	0.793911491951248
0.513103087395634	0.446884858389906
0.0559148150452763	0.0401420151525999
0.1865116420265	0.135015905335483
0.819428644638548	1.14081662208577
0.307879854838919	0.311444914602511
0.765515262600389	1.0472660605391
0.323953811409107	0.321456388249397
0.254842120821811	0.250925061399121
0.0456600473659491	0.0383921799549288
0.743265069272205	1.08461543675265
0.297911442127324	0.213239118800661
0.576016605850459	0.47365926820906
0.695741454653842	0.854201252769557
0.56000849172701	0.703012776474782
-0.807461680367934	1.04098474890915
0.453431558129437	0.469761909591424
0.112267402280792	0.0965943758756117
0.27990000576521	0.217899029266025
0.745924286803039	0.963432850969908
0.888958031004463	1.22865893611181
0.469453170450296	0.365203704317501
0.716537075592241	0.781890336623588
1.25639194238823	0.924351538488015
0.279599176681425	0.137949918964207
0.950571455555554	1.01957232322706
-0.588069427774052	0.393083663715887
0.566209035968891	0.459530653296352
0.346162727281931	0.208763530507132
0.386279974070681	0.198235873551686
-0.445114610753792	0.364926304720245
-0.361100053041811	0.234079578616182
-0.717606835831879	0.566570747601165
-0.681597282336852	0.575585454460155
0.0409356995930875	0.0204376771043715
0.650753991565208	0.523527843336506
0.948336758557962	0.719127614146212
1.22950703127858	1.39225230380695
0.237939664220726	0.170978893208405
-0.227051732849528	0.138226090922078
1.07828174242513	1.21584634648286
0.270631982839593	0.198708991335108
0.925359739907417	1.01771834563903
0.501691583079699	0.356107338677221
1.21063847897981	1.15133590646068
1.01389502564761	1.16471442506193
0.209895888724485	0.176607670289719
0.257062183092611	0.241199509568344
0.298906259891588	0.283570511210488
0.690011077730662	0.650298122014521
0.134855412480294	0.114752737428831
0.669690170120281	0.979744376907471
0.384634055729137	0.418473915734319
0.0525634554589666	0.0400169562790542
-0.205922351057562	0.167517534507606
0.378279403106035	0.376694844309393
0.0777407138778932	0.0713467993556142
0.125746183356136	0.103589639007054
0.113580703024509	0.10510624943591
0.5139892285426	0.362778921183668
0.271599304743929	0.167334791989213
0.388241425989536	0.19629967804576
0.474282986803742	0.32023137610681
-0.0780361655844433	0.0378581801177861
0.650094621760957	0.402373469512757
0.29420913580446	0.171801410444447
0.700667913136068	0.296524754754902
-0.544217840969304	0.243849780936206
-0.160096476738359	0.0663218573177113
0.554637533648506	0.418456350675311
1.04911805143659	1.00800459164735
-0.519321691170305	0.288120520820661
-0.833063405948399	0.254155985426631
1.51863330514323	1.42378667061213
1.69854892027733	1.28554305205032
1.73432258371408	1.86198038304554
0.0324742705352815	0.0173908116217227
0.896628204203331	0.555620927929257
-0.170787436736431	0.0854067490065067
1.6887850171099	1.30132394612729
0.13523837975345	0.0576385300372337
1.21678933299381	1.18276150768278
0.327680162155921	0.187636751025657
0.748882423104676	0.650260286741317
0.254484868932489	0.219307287129368
0.232179635316918	0.17663251915404
0.294016763554101	0.284875450830628
1.22562912523726	1.10621270826372
0.957746260319091	0.730949513289143
0.713333625725368	0.312723184531375
1.29369265832913	0.691408644674873
0.204881997626693	0.11294771567714
0.621212262015778	0.367989144453089
1.23755055956196	0.960155383863756
0.428985225092245	0.266799887190053
0.395766544758668	0.206337005413365
0.838566813266253	0.658117799162923
1.21901196091437	1.10090841793971
0.125290369985508	0.0547448307496156
1.70510387158024	1.57930222349711
1.5264314331485	1.4076306423851
0.738161006946564	0.426698692770263
0.387867454103094	0.197902462259354
0.459503614246822	0.325886864215623
-0.0921178058838092	0.0317879822889763
0.396524875941873	0.23856033580149
1.07932417868855	0.703175910371084
0.299345121740656	0.115908084886444
0.221016205927057	0.116343770087692
2.65341396553755	3.5905828304021
1.67210586258632	1.75250147751362
0.0853757825399321	0.0294641077864874
-0.161407585280191	0.0907769066687265
0.185254789874453	0.101481925706535
1.09244227124584	0.778211173536504
0.122054168073068	0.0664313268964002
1.63063334542044	1.97951899153875
1.28666928926763	0.700663843805305
0.869156369709655	0.330891166249493
0.418057242540002	0.247649478792321
1.28687447766228	0.683637177733081
0.9603474781126	0.857324630800189
0.260540711377008	0.130048146403883
0.30543807789728	0.10769195594896
1.78226828035969	1.59121666066115
0.737711720881901	0.615221699691199
0.808353709283163	0.582051869124167
-0.102565084777255	0.035641240762071
0.307750462326074	0.179714011255041
1.08671657890035	1.06329019365889
1.3345878404215	1.30899409707281
-0.676174679544276	0.491621922446936
0.405108045600154	0.200288296375383
-0.620783175223063	0.378691672410941
-0.958119407203629	0.399263181539258
-0.998133032672232	0.573226379181702
0.0527141084746671	0.0251477986812315
-0.22293791266975	0.147417403800129
1.26699301834202	0.95497111423369
-0.0283709414186058	0.0108475716162445
0.588277188509449	0.408429270033119
-0.668462986386551	0.324104309783786
0.931731224268695	0.653634191253936
0.805585383277748	0.717649003688402
1.29717830848564	1.34573637470671
0.762254452691981	0.49440746450691
0.612153214521593	0.297762023910629
0.513068042557507	0.370806299933242
0.791417742759449	0.52206681454553
0.159838737254915	0.0989978332601984
1.27424395630563	0.582551361722808
0.486890701441688	0.203637036196601
1.52899141592361	1.7122733669439
0.798033669068596	0.410835522197496
0.712492793896401	0.310850879822649
1.20110431153928	1.04217515534355
0.385460914868954	0.197128761029868
0.147949837906058	0.0648185843338624
-0.270563022442936	0.102134333921365
0.858949865455184	0.811620392610804
0.683864530779798	0.373166497992894
0.134242778249924	0.0702501270165232
1.106664195596	1.4345816267924
-0.809223062614484	0.499874048206859
-1.79592640766459	1.13029312488866
0.829536858302579	0.572477775812429
0.0232458858106941	0.00969317453206207
-0.609576400228465	0.363684277419893
0.0264404316393557	0.0119988555909821
0.0149363975638542	0.00759155439829556
1.91262358676798	1.92269206683868
0.685042472132351	0.386338584010878
1.08559186176364	0.779462159681828
0.434607899976504	0.205279602348751
0.396037433285738	0.257165654093723
2.27824369714075	2.12039541309056
-0.544447384093955	0.246435190817244
0.642770818372337	0.412264477942455
1.69158661860697	1.26176757497582
0.143234031501765	0.0746239863262191
1.62676359534843	1.91404669306515
1.60130722476658	0.880737022534795
0.091731784172194	0.0315067560502082
1.08720222572456	0.707772140403683
-0.92136051711505	0.392809292551808
-0.554552863667324	0.236204637897845
1.25993575848922	0.896205524288001
0.483487163050263	0.190932213768661
0.79450385849674	0.397643320267516
1.280121057465	0.747694508471551
1.62045741750126	1.30637365963863
1.63981304412478	1.31201576428109
1.0722437225232	0.705975348120232
0.852241237667079	0.671411654275279
1.32401235327256	1.30728384533112
1.76865678799027	1.56553195997753
0.438730919444476	0.208662288594941
1.36998308339957	1.22465413835952
0.695628643490392	0.300857117799591
-0.345616005241729	0.175367399467161
0.255845302632117	0.121983683467693
0.473634277270913	0.199596016410626
0.0815498636883571	0.0278163972953431
1.29797217134323	0.517188527164908
1.43072480947863	1.12016692853963
0.708795516345822	0.50774362934919
0.621489500461723	0.468940033100535
-0.160489123688824	0.0652566798117848
1.07854329438357	0.75029831374163
0.939196887273406	0.696464413467664
0.32839387005335	0.174425180275453
1.39746048964163	1.19344133869837
0.139207534807796	0.0546656206694824
0.479985905681835	0.355416920282806
1.4700441715461	1.05108602950378
1.9026473950067	1.8340720260617
-0.241844219552331	0.0752485040642155
-0.270895107561173	0.10259872043472
0.395223678413429	0.208237390013005
0.95601785340804	0.875205038034344
0.856679711432845	0.488971578122135
0.593963440975875	0.409010676183411
-0.786790594449386	0.325194714775423
0.639383975001559	0.412664126166469
0.642131231431119	0.379499191117563
0.3269548128382	0.187619988497083
0.0394354516717827	0.0178070619067151
0.472195324738453	0.270456392760147
-0.929276400621159	0.400645654765581
0.687405511771299	0.480720509720077
1.28933836673304	1.40918965403955
2.11705017875013	2.29838235447037
0.94547453883402	0.90001134870684
0.280885402344413	0.10868719365756
1.27655744180855	0.746655372616772
0.294364658199453	0.116569504332569
1.09520883423977	0.901526359117189
0.95276716195566	0.763277334785082
1.27650107958699	0.85777126712872
1.44288811910669	1.09147703092872
2.29628800461772	1.77209763039973
0.836528630656852	0.668667615175212
0.309246577533917	0.177003769646307
-0.176045221868847	0.0950449696068492
1.26457141625284	0.941557763123744
1.40623715339393	1.57855308060858
2.01715328526576	1.83201535931255
0.476435323856756	0.197836990085411
1.64788245439822	1.70839355561213
0.661896283586459	0.427901133583347
1.23121353650807	1.11706142995952
0.796428759645828	0.535787519470589
1.68006206299508	1.1789665582918
1.86727438336148	1.53317838637959
0.28226677519241	0.128294633457729
1.06421869187883	0.936391215780139
-0.657258809598775	0.31233267165109
-1.20226776551085	0.59190277555621
0.282349320551665	0.127244096045643
0.524066073463229	0.318204752256561
-0.583721955630376	0.354450021297077
-0.476402535472784	0.332453506346662
-0.153840000938479	0.0822764210988555
1.1018906861618	1.00500055140737
0.798232362820284	0.533155726722168
0.65700737480905	0.642136887847343
1.10228027086177	0.870027643958943
0.969279159426971	0.754679166554986
1.09126502325501	0.780593857290087
0.515206587617797	0.313290404223684
0.736674558107848	0.595635476510448
-0.157311401224616	0.0653545849888451
1.36538748681904	1.59615652984306
1.2455883120188	0.897069598223363
2.99904008685711	3.46311246047527
2.00244656057336	3.06147206785395
0.860441800283549	0.645709880716099
1.31491333646097	1.64776510983841
0.270973773083847	0.123325788882551
0.844784733726172	0.65884291791674
-0.0953196276980917	0.0425810704650507
0.95617890615528	0.805752093715773
0.693684845137265	0.490359827765834
-0.53862015024066	0.243204534036545
1.07588527853216	0.683423829323298
2.76984355914547	2.86435573572073
0.249147700800444	0.121358618419224
1.06205153446651	0.777887053377758
-0.0839576482535607	0.0400046550230206
0.0160050912738567	0.0075554670120994
2.0274614764789	2.35986861024371
0.655885901084149	0.548951598425864
0.327520917174332	0.170765028672969
-0.355439802337013	0.206413589604073
0.158904415293703	0.074865102376685
0.433381949609304	0.198188315266357
0.955947652378787	0.715306269652153
0.60653354669307	0.364272156205498
0.44889482923431	0.351092645500542
-0.981694316393715	0.669518413864691
-0.486668752110337	0.32112040243983
0.859863623661014	0.704030717070118
0.833672808542067	0.766427353196465
1.18786046059202	1.00837850146265
0.725621417350751	0.550077524660807
0.534696521318976	0.381837488318487
0.364694646012573	0.264575968614398
0.313492253547692	0.127002346975544
2.10729604235277	1.46562087066205
1.07733611560403	1.00179314987177
1.23972358506936	0.97029968842958
0.896903104501502	0.551472992457416
1.63497628577279	2.01256145198388
1.44116441359305	1.49102255735435
0.503667635488891	0.35266033783859
1.14556712648662	1.1819805169325
1.42132859359266	1.58744740337871
2.48048545321738	2.94050039480422
0.95005566977776	0.978346662430697
1.16229128764262	1.28485812690632
0.675324971610795	0.558773193411973
0.12672449715324	0.0568914279774182
0.257387493577141	0.164569469942302
0.778413273654562	0.773451706647444
0.722687952118846	0.826596813756573
1.35856368456582	1.21951095118925
1.08589200587229	0.712743249565614
-0.888262283902387	0.474656072605314
-0.444569155710993	0.152430712893071
0.674068737838291	0.36139505031888
0.536668579535701	0.336469395657853
-0.151505803290013	0.0642696201537733
-1.90885357421632	0.853737073266787
-1.0070898611654	0.576023605695653
0.923511093053127	0.630408449132989
-0.783598840636119	0.391319010060504
-1.47954362331672	0.55106396543872
0.475105221003469	0.272097208462842
-0.831668234401795	0.661516878283852
1.43515256269409	1.0003103131693
0.253981914381674	0.120657776570932
1.46186060548929	1.09883220087014
1.0600871962295	0.583611498414209
-0.519001069035625	0.297860745789175
0.725358156931545	0.568027962708573
0.135244316775966	0.0737981195446642
0.910600049596505	0.616910764526343
-0.287509010239401	0.129119011055164
1.70966294819865	1.68644370196913
1.28711180812459	1.29323535819327
1.46497592287551	1.41066940681696
0.938353482368696	0.629292046199327
0.697243036540943	0.491647465663538
0.783357185818591	0.389444479802672
0.519280010706593	0.269596176977525
0.369910823408149	0.23620996930948
0.351850185034027	0.248461575052789
1.29347653795515	1.57810899513645
1.05278151704712	0.606973206621859
1.05235106150305	1.05930018106053
1.07298396074079	0.705452629311506
1.94614982943196	2.17397312641942
0.404058643867964	0.22842435263139
1.75920839086349	1.20100580614854
1.35495391132158	1.24962134503792
0.671192170030653	0.565007213857895
1.03092018529982	0.519765189552548
0.592485908607182	0.350627390703807
1.40643369231264	1.1108281041263
1.56206842091068	0.95585061693966
0.67892497274493	0.364834367956298
-0.439248694275583	0.235038406534568
0.138391318541835	0.067132224364483
-0.172171327870015	0.0700500607010237
0.719173213203411	0.558243736215059
-0.427444657831839	0.176411561393179
0.00375075454605299	0.00242992930718847
0.711759621328793	0.486634283126151
-0.45799131566496	0.305630180456139
0.38697763311099	0.19842170715029
0.485941023671005	0.324641522589873
-0.345286272109179	0.19780414414645
-0.163140357911165	0.0818215475055369
-0.667847439458935	0.47132173604436
0.457439577555104	0.300132155373324
-0.16941290343105	0.0901999405914005
-0.134069217857636	0.077333358117293
-0.811696578240785	0.489444912965706
-0.0663217129388536	0.0334415477520714
0.225483026011438	0.117344881430841
0.315907124514564	0.234791958477369
-0.8559296166001	0.601646473012479
-1.31216856197858	0.702351368930131
0.730612896536587	0.592651533474301
1.19747493278685	1.07678079329266
-1.19565268793299	0.73346300907619
0.609285508217649	0.358361755617149
-0.431948816002795	0.268131361798781
0.309096304939621	0.206333634964098
0.54484757740018	0.288096664676888
0.732721398104528	0.606743848613328
0.301726517616565	0.231446241470952
0.343809763758012	0.201281192272
0.10957270969849	0.0605914303029106
0.0293649938957389	0.021519598433188
0.200362304358819	0.135397722606282
0.207653940131272	0.125159284208735
0.234803178887066	0.131921111095232
-0.060654309134966	0.0285745216145199
0.319675329918085	0.2085409220254
-0.210068722099142	0.126678230420858
0.530333343968118	0.319103924871457
0.116048759304385	0.0636533316571557
-1.61357509232239	1.01875718543183
-0.185602563454175	0.130492212448904
0.752599410683596	0.616897770792596
0.754693535361564	0.753273311205094
-0.705349095360831	0.50248734573294
-0.601155618080478	0.602516474343676
-0.417575418723934	0.250007326789153
0.821934062177169	0.749619774239883
-0.121921796345837	0.0891668333281954
-1.13766659903944	1.1012027803365
1.25355624961435	1.56329731704649
-0.111577320888022	0.0487839729324666
-0.268161933989057	0.169787560128851
-0.988272996965754	0.646992095120232
-0.838470603594907	0.742534764036664
0.27162458200848	0.223340820622296
0.212369084993136	0.123203359258724
-0.0507702962750849	0.0255692398721161
-0.192089496711299	0.11451897794536
-0.505588454482854	0.286047467580578
-2.05358632627921	2.05632628642182
0.566820301343666	0.471464936341508
-0.236683343931186	0.203681807754432
0.00972145845282688	0.00550647245375978
0.951827963182199	0.883789145534521
-0.331382250740993	0.258237938660264
0.0305188429704843	0.0203286636741395
0.67973261752405	0.551868687943939
-0.0471255250342437	0.0169707838115799
0.11979078943293	0.0498506975164184
0.641175118845295	0.408280507139073
0.453547729224151	0.341685995373836
0.660200054427367	0.42046260691089
0.734399841887284	0.55665219124342
0.369235244198415	0.237905413005207
-0.0676934405633092	0.0387398153195754
0.218378556496336	0.144631664530966
0.253098853007367	0.170270416814442
-0.0106066206623023	0.00604526869620079
0.123269625505116	0.070642555212782
1.17124890830457	1.71225462732772
0.747403524465486	0.712183492378109
0.36985398943375	0.255870549750094
-0.00420924023454971	0.00196728467116816
0.640344780163137	0.537585053947286
-0.136254965122937	0.0793965750918112
0.0366590407683514	0.0256722397481113
0.731888141116863	0.673264595323461
-0.437576791264336	0.275860194391799
0.642754120812767	0.405234442561092
0.282879581801015	0.12396578441791
0.97498244499249	0.787028791149167
-0.014611151987757	0.00920624117302494
-0.170589397552131	0.0867596772786097
-0.230467215393322	0.180217200176688
0.514779859144483	0.32538811898228
0.260186600416028	0.125637659469338
1.06746622151292	0.98689291755534
0.538884861476369	0.29474409633169
0.0212415523183898	0.0140483030432699
0.201249263663662	0.134815327603251
1.76373852893007	2.89696921796387
0.52606845695669	0.384621351426992
0.656060495790242	0.60350252079586
-0.423814836764628	0.352585088079798
0.0219889253123949	0.0124735181643053
0.807269655729317	0.877955661759127
0.109198367831735	0.06459911232496
0.343187635322996	0.238549703129757
1.29134493468058	1.35890798840403
0.724298737667512	0.570763428264863
0.635546363243027	0.612538502893036
1.40152496166003	1.52373517229233
0.365635143906015	0.238000374156582
0.853242524823401	0.854419114155304
1.06717642389627	0.927589130026777
0.418565185984624	0.334989722195474
0.285098912147811	0.172307990929436
0.339626061761207	0.196868837252139
0.840566030948282	0.743896399672835
0.30772969990119	0.231028602350729
0.0998698910772352	0.0577853530105416
0.364524804418174	0.243264962533705
-0.417034561868833	0.270451058417043
2.06138150686741	3.07092588828661
1.09463947510307	0.846386081405196
0.520033817100803	0.256802210555946
1.87548561785113	2.39094854054892
1.58088950905339	1.71979465752907
1.01945240742278	1.08499758238607
0.817839790607985	0.584943174053364
0.6520399841341	0.414182784166703
0.612018727926234	0.371828081707145
0.666620527952175	0.431791380758519
1.08268596382613	0.69864479424253
0.755912555634759	0.456740078311437
0.532928667688244	0.281560610668824
0.200221987176716	0.116800786138606
0.141494876896668	0.0666239838236215
0.35881891894714	0.224986438870558
1.07983252550762	0.704425947968449
0.0538135396247978	0.0282331960420128
0.3449525969348	0.192565444532783
-0.101789050479357	0.022868379633766
0.61950865461921	0.303439120532368
