x	y
0.273843858296728	0.19048663446395
-0.0517285553346642	0.0285667469866671
-0.596984154757637	0.555654658834538
-0.0646136269644516	0.0433032950455289
0.0135524600631622	0.00843953873455471
-0.182899026791588	0.138779909307153
-0.207329785499131	0.173697723700636
-0.29239560896734	0.227997213991104
0.10980155208242	0.0631836225190914
-2.04029099857622	2.59411381430654
-0.677869738021921	0.87627282735683
-0.86010939479461	1.06654682382337
-0.553550202845175	0.691014259385189
-0.636322541360698	0.666563522230114
0.431181337742061	0.451211286589447
-0.61576874628112	0.801402177648322
-0.482003711914259	0.503448703238377
-0.596057869076332	0.613607132230385
-0.235418846114976	0.225948725691132
-1.06171682627607	1.37879507208188
-0.808262820380372	0.745911685413468
-0.302878553069884	0.23790368428366
-0.770494748383928	0.975349518418963
0.178843449731363	0.13451176954506
-0.383284561864404	0.277283336039897
-0.566265952521987	0.663623096800065
-0.229002229314991	0.187569850270497
-1.20123452306646	1.2549797569744
-0.326363584780078	0.306642789401445
-0.421399459622273	0.377450057913032
-0.432041139063989	0.262621013392053
-0.534091627668544	0.448518278520548
-1.41145702932318	1.46365547983938
-0.135271970936354	0.0752540492281814
-0.587593020041875	0.497732954426268
-1.00178633251388	1.25985647587307
-0.784466714191452	0.640051492523752
0.300062759547654	0.209906089335516
-1.03662362800548	0.934237416839276
-0.514791340446847	0.416866361733851
-0.357191466561804	0.207626604276077
-0.935024343213769	0.9570216500441
-1.72072910774193	1.89726236341812
-0.00954099085799326	0.00465503128806272
-0.791078351777255	0.818616158211875
-0.521891388378715	0.338907462373467
-0.215487846474821	0.172002242781822
-0.492639048892365	0.486025708044787
-0.128337105217288	0.0998864376246922
-0.730603647607806	0.916398262526857
-0.016238475611019	0.0115316763590727
0.563090772179241	0.555074956000959
0.515543427116797	0.431357055168395
0.453052191710988	0.375275415880259
-0.0960972096448899	0.0639061960083326
-0.12862139150739	0.0751475754990098
0.467953923923476	0.354912181549638
-1.19626815696456	1.59228580956465
-0.5148970128558	0.336132899597328
-1.1330125344609	1.34214426529983
-0.0386357398740276	0.0241154270295919
-0.840954001357678	0.672538533104313
-0.397215985565601	0.287237978170905
-0.90972304822558	0.988890180186375
-0.60722258000859	0.461641023365443
-1.08867987588058	0.669912054498107
-0.247241274527744	0.148592968384344
-0.0107313053000773	0.00703724772931983
-0.363021894510428	0.268159174866925
-0.201239451281415	0.149527619723842
-0.435527377899006	0.370454219406652
-1.08914669788537	1.10684914461535
-0.508694395564265	0.409297977235058
0.051951747161419	0.0320241583938634
-0.246143209175561	0.197219227822755
-1.13036875083557	0.834061664820327
-0.274811648918944	0.177638839729125
-0.293320805975037	0.194712714271079
-1.54432797762054	1.93412720591792
-0.283745331253399	0.154818869749667
-0.511751848128453	0.285622423587834
-0.843100112144491	0.802305483298656
-0.142059723050621	0.0876428739317313
0.398033396486869	0.265159748212012
-0.667082267180585	0.478936402511238
-0.428688661255419	0.308354328302867
-1.06435609042012	0.895506469384461
-0.250306722652385	0.177850688613174
-0.611633397906216	0.366109817046699
-1.51854270296625	1.38439871983245
-1.50989637193705	1.13283607550704
-0.407921405713291	0.251972717639028
-2.38569029362986	2.22119270782254
-0.447264974533276	0.275746554917708
0.120166697366112	0.0682276800522438
-0.585098377701312	0.410789698923769
0.374775813455825	0.24426201379801
-0.676951219094334	0.399217272548654
-0.383057599582453	0.41798883446074
-0.518689840379386	0.500437499640874
-0.811246861834341	0.869631181845112
-0.61244862415241	0.540822409382111
-1.38486070340682	1.53922598776714
0.24322805227815	0.19206901092742
-1.07951170833339	1.04883037676352
-1.80088108598858	2.2911648454171
-2.17203990264972	1.73618914039907
-0.790675947071663	0.82705940335665
0.295349633257035	0.20321206225896
0.969076520480754	0.995227530588406
-0.603483995341859	0.569144817645275
-0.411334582221516	0.330603743224213
-0.621689773339792	0.585120448900355
-0.679109185743727	0.520706655558949
-0.885784068675956	0.952032867788091
-1.05822932895323	1.04087133099267
-0.510492429081882	0.406398828663885
0.0949850576779155	0.0577187301527969
0.293317875633156	0.207975973485208
0.886691924238897	0.554420097679446
-0.353200832424225	0.231891251415594
-0.0750388699886521	0.0361781853993825
0.030726404741628	0.01869933570175
-0.784569716052599	0.828047567008954
-1.21612077578089	1.35074595778596
-0.556342490407498	0.631713050429274
-0.918123435446266	1.23958011448878
-1.1792745040018	1.48723991336907
-1.17106901989878	1.41068799379086
-0.446349257033463	0.411591325759311
-0.901179411454982	1.1661488948456
0.112010092787919	0.0806469694880384
-0.874952845521275	0.762625204498983
0.268909683727989	0.172124415019941
0.950315580958484	0.964617482719788
-0.0863464511158349	0.0565598535424863
-0.875707182140146	0.871383792050819
-0.477987198731367	0.405404624840243
0.169140581572228	0.112401098936612
-0.423915087465685	0.393377036616412
0.0440436450061486	0.0271822212686578
-0.376855475127535	0.28488372230314
-0.329608637918913	0.211430771886087
-1.21891597940269	2.20279981141413
-0.45144524723275	0.453779380620124
-0.516512362934891	0.596883875942036
0.560572934257776	0.468731570272672
-0.879153501048578	1.00277027039667
-0.289439672273323	0.218324985056724
-1.51878765493616	1.67266213612111
-0.658057290796615	0.656274354987553
-0.150465235919179	0.106449201357891
-1.93074640072261	3.30295323800428
-0.0822960583642512	0.0559005348223331
-1.05915334649478	1.34709864087434
-1.3683700188718	1.32366080237252
-0.97544201133535	1.00111437530259
-0.289779823322666	0.200448075203862
-0.37767953557304	0.320442586075598
-0.59369294983	0.476729412517648
-0.898494152467633	0.955774107928135
-1.38577769067061	1.40886751178511
-1.00998874474778	0.666126931941536
-0.0505793515944292	0.0387439516680138
-0.153835411214927	0.121679620117055
-0.0418504277666482	0.0275307781638978
-0.538461217608534	0.567344680730725
-0.575094940971732	0.780926156407415
-0.538111442338746	0.636924054957146
-0.673000086248652	0.844934284611364
-0.830326975065237	0.975065213396708
-0.629026680187176	0.711589660163942
-1.05791397795211	1.29654964406217
-0.853576242507298	1.03607013837536
-1.37156727228922	2.20382823990915
-0.555459169381229	0.533646712038886
-0.635245156115379	0.476361998879229
-0.82882431535825	1.02775934414546
-1.21569424389944	1.76378876824049
-0.199508992564135	0.126082405835797
-0.491068970759143	0.417981612514897
-0.501259867783003	0.508346597689126
-1.0054932344143	0.866563414182889
-1.42287643676686	1.71258566540112
-0.27166593447548	0.199491554687903
-1.47497565967851	1.76342656218837
-1.02535892782635	0.54127692078152
-1.11863900079831	0.956787606496801
0.0535421060170533	0.0329095909055592
0.052216988120309	0.0362363437645025
0.247655812376257	0.191838313306428
-0.479033351361489	0.510941248751794
-0.364800889961884	0.287544469009118
-0.410946039728977	0.396393496163706
-1.20366099994113	1.3207929100056
-0.709507003952499	0.6964538218696
-0.686120680033001	0.65314747644745
-1.65922081794385	1.92907654218942
-0.754954350126856	0.506841147853546
-0.303089065923082	0.210652214705263
-0.369351092695212	0.24692871114619
-0.599579170841935	0.372039877843824
-1.46246526795318	1.28660618489821
-0.714212741635277	0.406365610373045
-1.01597832756374	0.917341895842016
-0.565022362550072	0.242780894881409
-0.247304219166215	0.183315424685132
-0.244618759002731	0.1820985808764
-0.16689278377599	0.109336914614671
-0.907458397174978	0.659118834005338
-1.31008940115753	1.41251805869822
-0.804027218943257	0.475877715728438
-0.323152420100381	0.223562102084798
1.45217425946651	1.81984500535497
-0.234033588073396	0.171203077960513
0.0238077921146082	0.0131390497743891
-0.754490007508763	0.737197304637021
-0.562901565668395	0.69142984679165
-0.446505500355503	0.424002976255742
-0.283337507361467	0.180501909841917
-0.248599126499191	0.133102242595726
-0.426386123035381	0.250111245267884
-0.683805474772372	0.552714924581174
-0.397845450346128	0.275491497149357
-0.52732651098398	0.369031434379628
-0.606472295645058	0.356629423092014
-0.765510606774834	0.64172998926381
0.352741765750109	0.319847587678926
-0.673118257332562	0.317064867562735
-1.04908119831005	0.866685068382278
-0.862828429198437	0.624934694171136
-0.455275273979691	0.270976424683531
-0.384070047647427	0.209598328746093
-1.17823730022578	0.752165336587024
-0.415049493619482	0.338688932530057
-1.31961551747964	1.40173780831447
-0.328857088642205	0.228070792645813
0.581746314024652	0.399191221563267
0.162246167048016	0.0926945253916181
-0.144287093528836	0.103755322777407
-0.39830798924841	0.294840692924426
-0.17792120346819	0.204852066390203
-0.361478428192378	0.274175794766278
-0.183876452841226	0.116650753779821
-0.679606774234999	0.758854382600749
-0.0857177573090798	0.0526533933231889
-0.662888135919785	0.785853691330661
-0.363064186769711	0.249066645514906
0.110712407520571	0.060688691829352
-0.0728077889436352	0.0462692500770545
0.414096159132929	0.251523412268367
-0.727411990351083	0.407193649874471
-0.374491850075526	0.293688161452976
-0.562332400107412	0.507328753806776
-0.513473426641497	0.387333078260633
-1.06603700891497	0.752847917770885
-0.668468445640894	0.526766896096203
-0.00305832196153245	0.00136469953705128
0.640836586442233	0.462559609123632
0.580017009255426	0.379692143853561
-0.995620596941588	0.757626621044698
-1.20769919528641	1.70274373857485
-0.485018366996009	0.40066798814384
0.877123177042076	0.756835007751829
-0.193985802146241	0.130606927036367
-1.28317089398925	1.6908112356054
-1.90182844632803	2.79244849128302
0.00708422510574347	0.00517172894161058
-0.394371319533696	0.344636360761204
0.0392751755636514	0.0197941435489173
-0.498199379022179	0.279022245133506
-0.26598934474742	0.176705805891445
-1.17998813249238	1.0797964829105
-0.374134469547394	0.242311483722044
-0.699501080742426	0.704945757261654
-0.144417018164836	0.0756648220597857
1.08461212828562	0.908592733225849
0.278219544462479	0.166039100834464
-0.330372108831481	0.183265818493428
-1.16734280114931	1.03505913338623
-0.88344784035012	0.465789012676934
-0.284961550732474	0.166511752977195
-0.486183281637381	0.330582318561163
-0.35519538018315	0.243974243959595
-0.0681465488246643	0.0344134227206122
-0.230092261513455	0.108754882949023
-0.757402430419431	0.748671016751203
-1.05189388160363	0.736260220549553
0.591713881667231	0.352561140932997
0.39240765175198	0.308661325277926
-0.0512342118425857	0.035356000478666
-0.590187122020828	0.904864605489819
-0.679228199919647	0.440790921666084
-0.730522252260604	0.585568718655785
-0.23498352238106	0.180688116309602
-0.344830288975926	0.243104893633682
-0.341402181344869	0.312549106240392
-0.235502519369958	0.199715324471322
-0.642621499334989	0.781863469443595
-0.239164127195466	0.214617746789337
-1.03563455936487	1.89753009283729
-1.28250303984569	2.46576714851016
0.14130547290098	0.0672346151699411
-0.415735080275114	0.296463938153644
-0.350336351388979	0.257307960121849
-0.313730109020058	0.221034298388522
-0.690338896843571	0.432510618958834
-0.466330136345914	0.387527329790189
-0.824020252527774	0.737872897376673
-0.897372249196302	0.744576945980872
-0.691075255954231	0.462877269235526
-0.994725809889122	0.768393019096199
-1.34681508038912	1.66617206361841
-0.23781382501862	0.153653600514505
-0.592452424961463	0.426488001724545
-1.07898519563654	1.31073201611627
-0.28105959543652	0.23216109758214
-1.40820029640509	1.63991180912662
-0.676920445795257	0.548392834637092
-0.520674313784941	0.374150431484959
-0.524041826211862	0.669861218893714
-0.0687114459915473	0.0333310344420666
-0.565513172756551	0.38979754960989
-1.0758623627513	1.31150270631063
0.586917414920026	0.39689485550724
-0.829112647344815	0.711905644549548
-1.43011697298222	1.29254542042551
-0.520251079037661	0.479755979328696
-0.441904807961188	0.447523370247865
-1.56387660511258	4.27009093664779
-1.36589536913016	2.68841680448132
-0.786171713701162	1.51401097901921
-0.97068207650242	1.47610213986016
-0.283379696733838	0.183672071345774
-0.499213862675299	0.410704378595967
-0.257693716889807	0.170071787763231
-0.766173983453883	0.572903369988738
0.0151044498242371	0.00617451374025293
-1.43135338906048	1.61050268117794
0.45773089232961	0.346895146165554
-0.304722073042993	0.181334956281088
-0.0868597508693576	0.0508680676185416
0.190054863252995	0.147667233530493
-1.17743389514507	1.2753514611068
0.00659299549381647	0.00283849413283215
0.0120113487987825	0.00827371270628037
-0.59127007608649	0.592869419010932
-0.933120633069134	1.36682638502471
-0.496678051667328	0.506776712823728
-0.653943204217875	0.613648796262981
-0.349433374912072	0.264804135107066
-0.480606732062926	0.63066335301059
-0.639015584314842	0.34336285432285
-0.560487898188085	0.510737401389321
0.231295357196362	0.179740648109924
-0.725927808533575	0.617526101937551
-0.530864239692845	0.452250467700172
-0.94290009266311	1.24403826744836
0.00157815509607941	0.00112961129697883
-1.12118282942111	1.73255246541856
-0.531086167641563	0.565256736404587
-0.971572058729043	1.71187124529015
-1.00511500725321	1.76322339189729
-0.0800156367076959	0.0461072445811122
-0.236303470899218	0.163905529433869
-1.64015460645583	1.92879131929178
-0.159222082552105	0.0965154274318399
-0.150067860941231	0.075140278062618
0.0426757306028789	0.0227222774754708
-0.355073826315205	0.247233421079339
-0.462082704128144	0.312539447374757
-1.34703223364973	1.13888527001889
-0.679433189112026	0.475262117821741
-0.801391088619944	0.483498583088467
0.298877522928247	0.27131275655803
-0.290077765614375	0.129127627596582
-0.0155359561311279	0.0104050886034942
-1.2283527296021	1.31389969970859
-0.328761504048185	0.294839533079255
-1.38895170958756	1.19848408676849
-0.500004817033859	0.626373952579084
-0.771752055903265	0.636446725139283
-0.0291761382473881	0.0109701576224984
-1.43899600208879	1.02819206023517
-0.628443989365585	0.370716320276445
-0.226911028041558	0.146335220163577
-0.504986640661793	0.321575442373515
-1.77498410280939	1.19338098884422
-0.595369460914605	0.48632650639682
-0.143426128057763	0.0773670985777411
-1.59805193873183	2.23714809719884
-1.10731848660972	1.66029832931305
-0.550057037512591	0.551140387998618
-1.52762980740705	3.05006585117459
-2.46670260947135	4.72894363613839
0.050924935847993	0.0440557300979811
0.238301888864076	0.129464581534705
0.196811469812981	0.132236886602103
0.0716044803392529	0.0423493653456971
-0.384124582513649	0.326539871520194
-0.00692902858613619	0.00438819681803484
-0.279564019106824	0.154358767681649
0.0422591840031097	0.022244457631536
-0.100682541904371	0.0620724972195543
-0.769481743661215	0.524152003600052
-0.965537673734353	0.656543203623267
-0.0967688425749875	0.0568759921523601
-0.447899391803464	0.628917987610045
-0.552744622558928	0.777672114435838
-0.103182433992672	0.062982461901033
-0.413858712717943	0.223116102831355
-0.805380523288644	0.812541957221877
0.894666043034205	1.00251267024469
-0.359858440720345	0.304403396039235
-0.229516978098568	0.178744848922034
-0.568616730215704	0.741251459851959
-1.54931365335711	2.49862224635162
-0.766177671273246	1.04695560447352
-0.471162156660553	0.560303256561392
-0.654874165259532	1.10864449478188
-1.51555565645212	3.08504665671715
-0.136374294688698	0.10495848678016
-0.44745225390968	0.480034098013256
-0.636806959978436	0.881401833021367
-0.0286626675669537	0.0200627091220947
-0.234468613389234	0.169543564132134
-0.278915609234391	0.200283235025259
1.48328831637312	1.97798053537797
-0.542832391658781	0.566875256727002
-0.0693298001161206	0.039851958593075
-0.786500582565527	0.777458409050414
-0.146721234970567	0.0901319974617464
-0.692608564980175	0.533711739090552
-0.790099051014309	0.917111652177301
-1.13424281995332	1.11741626563987
-1.97200654863406	1.98504251192274
-0.495925687485552	0.432968264073482
-0.464290450027226	0.502413292220306
-0.469007022611739	0.611904822240272
-0.571936167362585	0.554790352802528
-0.480244010162178	0.328774027789908
-0.299497072588949	0.194451447242696
-0.536736101814309	0.444338993757171
1.44591143229192	1.56541421234084
-0.295979631532209	0.23757272186223
-0.784644354463904	0.649812859476253
-2.38583761126785	3.51793348585926
-0.898744803515925	1.1491464334721
-0.535663610020959	0.489912618576258
-0.455526097440039	0.540271972324589
-0.861913669536262	1.16926981088731
-0.450842624210167	0.301405107940648
-0.0712875274172042	0.0483050965125639
0.244218116705789	0.186563476501744
0.0792940455921181	0.0521010905041064
-0.65943769436366	0.789219193740049
0.082533249013362	0.0650918970397683
1.10073459213956	1.15668535216089
0.259966393901981	0.161207277237755
0.804015423092849	0.535047705005789
-0.9517390303505	0.603298495843977
0.986980113653069	1.13879891879281
0.0223161913270655	0.0109757174683251
-0.319362351182533	0.231577138019503
-0.155085572573401	0.0837605197577562
0.253104797419803	0.161570823276732
-0.309350400338965	0.190563268727649
-0.167722912601075	0.0828805781848743
-0.502618429690967	0.284545334843625
-0.52512497227912	0.354615876196805
-0.351308767417013	0.250743279450131
-0.917402512981487	1.45150640592307
-0.279988319057595	0.180300179714026
-1.01141955843847	0.861749574808853
-0.314554083689794	0.205378961694688
-0.0585850959208803	0.0284544161661844
0.74577501694737	0.770896623026698
-0.471010297689738	0.382538705680002
-0.303381717570129	0.24765232259939
-0.10297343425234	0.0677782084774948
-0.412603249238265	0.39578225034883
-0.258932814814901	0.207375278670899
-0.317520715151273	0.310651744428239
-1.30277795676874	1.71215236331616
0.429204135715568	0.300960433008881
0.647202409270657	0.519787151424357
-0.533880075493567	0.511407125621942
-0.0975925794777212	0.0757016759231517
-0.156135478783247	0.0911330156192419
0.0556525310266037	0.0336536453232021
-0.428619585785508	0.302659002680132
-0.5332227964561	0.379471374196173
-1.26366627743369	1.1399334580843
0.628073583592096	0.564564888408507
0.585342838270117	0.582879577917743
0.240295747793046	0.129938132717799
0.2179498251538	0.111660159346191
-0.297646595319917	0.215269476162093
-1.42562925930037	0.809053488606625
-0.0512354403377805	0.0261601458268411
-1.02988740442011	1.32477037084518
-1.25625301920412	1.429439645224
-0.771723136112345	1.22221079483797
-0.477017079652426	0.371632948170082
-0.8108340345457	0.73717783128594
0.032913967688651	0.022855606975128
-0.143581819950883	0.0774891789414268
-1.00341706887868	0.654204873414773
-0.753757761008386	0.499748397317423
0.340694726119056	0.261840593107354
-0.32911150074531	0.252857828232379
-1.70622791793621	2.5250467054316
-1.03516174118811	1.52000577170506
-0.26844448803531	0.258059403032646
0.0619414332199471	0.0496899399299532
0.0924827603564689	0.0629385499715939
0.351012753924496	0.196663037077924
0.863260639371617	0.848152221814182
-0.965358707242007	1.0148534639707
0.472516584872397	0.484411536045861
-0.538497947781536	0.501464284075103
-0.323324225184578	0.298463554526862
-0.436797755817638	0.380517007054459
-0.259286572630117	0.197107898561785
0.641547822181407	0.498168060572898
0.32094626169112	0.216720377081927
0.872837358115988	0.781494276247541
0.00416463042221666	0.00251020040080107
1.13635409048599	1.28180852043599
-0.517285029082335	0.325231720384064
0.142375451030065	0.0745663311156585
-0.702942726040559	0.487084514940838
0.418734466054217	0.300818526245219
-0.536268520219824	0.309153736506326
-0.170084825869632	0.0703527210361408
-0.789459610471597	0.47698614636749
-0.402801167194492	0.432917660742141
-0.62307021362172	0.809105173094864
-0.30268535718667	0.151299666269194
-0.726226017523995	0.636423043818289
-0.315010743556125	0.220310542106548
-0.749731206613131	0.661666339168124
-0.822485115842129	0.491727073926214
-0.498139095826162	0.279945538491014
-0.47227625430368	0.453285245223538
-1.53599622044834	1.805239874357
-0.531596584718272	0.649504914963601
-1.52344982055291	2.4349826443624
-0.549103230894226	0.637519450029985
-0.515026573502938	0.47051312610473
0.0411312753397973	0.0212523852764556
-1.79089245526135	1.24532962359429
-1.28282972300952	0.473490748576721
-0.100630873298134	0.0231392113137372
-0.548625942783399	0.385666655490481
-1.28081967241458	1.73652413296463
-0.150589487977769	0.135802487431361
-0.767791614538672	0.761377580844139
-0.510642703291519	0.397995227412405
0.126963819962735	0.0777779193269241
0.600920218747982	0.436031786322801
0.197649469080939	0.145331632797192
-0.637730351874267	0.239386145517236
-0.504899581384884	0.292996954233687
0.228918760060923	0.128092281118526
1.1639682914806	1.14891135862711
0.205313103392948	0.105539140026981
0.743201742914677	0.438332761279458
0.475718627359506	0.309477746189659
-1.7129901470964	1.11906367447654
-0.237432649098629	0.147680833452939
-0.00726974904194513	0.00251491794602468
-0.439179524539545	0.262986120989422
-0.598730450907165	0.794202256016018
-0.64971514290877	0.88145674132431
-0.417683038047377	0.505846884617846
-1.11718573124876	0.659683089747134
0.378747445922993	0.242803786414922
-0.127696177258736	0.0837501596426834
0.422950118563481	0.298342373047785
0.285507089483243	0.200640674687156
-1.16115628565457	0.882840567966878
-0.788225257769612	0.60215867241787
-1.46330977921844	1.50148248177779
-0.330954037992368	0.264604494683798
-0.621045543011841	0.697657964868243
-1.05905412178081	1.5053587368499
-0.507916019512052	0.552956611597712
0.0751221655155648	0.0512921723507057
0.291839601613256	0.201424983440722
-0.252542499838731	0.078491207224713
-0.537215658664563	0.240599639547374
0.084339599133882	0.0484400031194337
-0.287250084785715	0.258134983368654
-0.38318506968551	0.27890518520004
-0.708278920849025	0.850780397890201
-0.657620475791235	0.649685887767586
-0.232931232656212	0.148723689595004
1.48143536267228	1.47845892860383
-0.491713372088829	0.41411844596524
-0.36647193004148	0.243424854957621
-0.151172183288044	0.0866513776934646
-1.10951174788419	0.666722962511776
-0.232154840632447	0.152145496430686
-0.608836640157134	0.553167852252457
0.534241105194675	0.328530807657994
-4.82521330340969	2.9330104341303
-0.546905184402127	0.405513752273201
-0.343452428769567	0.254146853083151
-1.53312448741716	1.46517179527886
-0.749977435290976	0.656114547430969
-0.270229829627638	0.258913856180539
-0.424248106060407	0.504822258821351
-0.426909187390302	0.519050314686811
-0.787631908575181	0.723843583740965
-0.647446661606443	0.818913531720452
-0.767243615418153	0.969399656639351
-0.651195176030149	0.873252217435959
-0.0462819767281922	0.0297726680058714
0.0142834696605984	0.010030810945914
0.482909531519338	0.387645861717627
0.133558384594705	0.0748728233974489
-0.0566458556063104	0.026305646876823
0.571312750866908	0.547698496154118
-0.608876335387882	0.425482690932663
-0.728307582077606	0.574738612363656
-0.532298484218576	0.440709477472415
-1.37753240115731	1.60317495673164
-1.17995686066852	1.6821057410676
-0.592283097444131	0.48211554797041
-0.421312556265012	0.377320426062594
-1.39199724372717	2.21361016073844
-0.0864050649459794	0.0629355063687101
0.534373941208142	0.292547301496929
0.374497593658494	0.292016404202774
-2.83364520651914	0.914175126504655
0.00413176655552997	0.00149852130596953
0.14064211096158	0.0541340348370019
-0.409198727136159	0.317960448520833
0.116889054472574	0.0669472774927741
-0.291021558963539	0.247096042343611
-0.196235914316375	0.163640364619578
-0.0665813120342406	0.0531827165755336
0.678620419335306	0.585241679545311
0.195377199989593	0.129765001976549
0.561737669408321	0.433372323519649
0.517458492641918	0.36614727971042
0.0654274616277718	0.038444799036551
-0.99319113888333	0.674787260047046
-0.180997102715081	0.120486692370421
-0.211405426066912	0.137787252255475
-1.17734537010855	1.16183541665965
-1.70442732936392	1.63587425988513
-0.53163423965822	0.347804363058553
-0.981697000799425	0.780138481721341
0.450609477985924	0.327622705419889
-0.822007230888199	0.765258512943305
-1.89552751358434	1.82769825440636
-0.84049162764321	0.588027152602321
-0.468082233433334	0.322140287062367
-1.90567047205404	1.77303066417093
-0.363806548582571	0.47784485090409
-0.24164583129257	0.282330796190634
-0.605536888179405	0.929830910321181
-0.422255380672285	0.597707092747331
-0.312684329636186	0.360145746239716
-0.638122792347651	1.1561854937354
-0.197766286450326	0.227882892390776
-1.27811349063482	2.19063035723853
-0.610604777449477	0.774119653214768
-0.775646093268569	1.21115029738099
-1.31860624688002	2.53979358295102
-0.595216232538169	0.662344732847977
-1.11132549652806	1.40599898608222
-0.477903235632985	0.409379100161433
0.409079829928173	0.283006416427134
0.478930481418586	0.379364596868527
0.38096315267801	0.248117627070161
0.136050532655403	0.0698805758990294
-0.694659609600915	0.757349693511329
-1.59938819125696	1.55033039721547
-0.636827454967942	0.543324666130879
-0.166303259393259	0.125669243944958
-0.374399085248319	0.366303660096941
-0.169705652532972	0.164093601043436
-1.56604747543466	2.85701751176572
-0.77947588776918	1.10161736670779
-0.99213791919144	1.68485991971659
-1.81710140870372	2.35361919482511
0.378177838101509	0.248048233547709
-0.334658736602285	0.197758640881034
0.636896387959682	0.503681124114724
0.340943975575709	0.187401616855254
-1.29290169114264	0.478388857584729
-0.198709792164537	0.211276092145912
-0.291425588882471	0.235707447579494
-0.0684938296184502	0.0683883759098709
0.139553994520205	0.103488984144371
-1.28519944672201	0.838399436026313
-0.188131700922937	0.144792417267753
0.476092461071164	0.37063122907966
-0.0779675447448482	0.0491433113597567
0.157405327322031	0.104483225645622
0.413548978922525	0.277199268100098
-0.152461559877156	0.121796966419353
-0.546774926589694	0.390466019943034
-1.26837818878783	1.03790095268497
-0.31467618349291	0.258082962808621
-0.178972403442959	0.152534188501431
-0.290608185170624	0.207459888081498
0.0461093892551008	0.0254856429679578
-0.467463481983866	0.416002271984305
-1.49298325078284	2.77948617895278
-0.379185019764289	0.448818750624564
-0.417210665689419	0.561105200204486
0.632314220160053	0.936073005352512
-0.721241349427039	0.946276430036184
0.365647485054505	0.437929909479608
-0.0400788897413216	0.0373860621056804
-0.701332208081223	0.950089925329269
-0.378295786820606	0.4032283991594
-0.742427997646046	0.926358808846468
-0.367686023076577	0.366866809657963
-0.721311716936314	1.02201401322446
0.26115229175591	0.214679640296401
-1.23906136526106	1.26589668089466
-1.00149990032985	1.0515256384554
-0.605366160834216	0.441290572532795
-0.0665446946558034	0.0414698785800775
-0.278503600363622	0.150646667984055
0.115919215158769	0.0646625081951233
-0.0250851271732843	0.0147708586648798
0.407832756031487	0.312882257773609
-0.21374865902575	0.102882018458443
0.493760250521981	0.404397822974169
-0.374046880544472	0.254593901382733
-0.43362343085039	0.331470900932887
-0.768990604492692	0.685790414999719
-0.35314591982579	0.255517359229341
-0.42077992439156	0.382999797428726
-1.63724933043391	2.79062066453285
-0.887223392040952	1.18941714795013
-1.21397619039151	1.5914606961317
-1.087253423939	1.43298269816757
0.00964844366758292	0.00646021312842697
-0.0375428894328936	0.0268394624411122
0.976627033169497	0.884016069345194
0.0294683242152943	0.0131998957702443
0.37764087318943	0.186547267124911
0.00813322460291099	0.00352495024357107
-0.894400098191763	0.481238788262433
-0.094779505015041	0.0756537967983677
1.19079573808985	1.12427230703896
-0.221905936777842	0.135792209003012
-0.77763827570321	0.834380006845698
-0.471246648081069	0.31420750019318
-0.503342680877653	0.393116168149268
-0.486672183285247	0.346108256001392
-1.18669697686943	1.08090008149704
0.430250703376323	0.317383515951344
-0.606304563121357	0.420257890335698
0.189751991171415	0.136597117807847
-0.234835601458349	0.136865601009703
-0.604162261723654	0.364184230091369
0.834349691388139	0.888585185647197
-0.260988555961101	0.211574985330342
-0.455119084149177	0.278173987680513
-1.7002924931315	1.11574957170449
-0.35427406061667	0.241041249414124
-1.48071975201013	1.95679982584513
-1.31376693237744	1.7606395489941
-0.638696274004105	0.336978403380853
-0.18324864693033	0.200999573649719
0.0364654196885692	0.027190948482552
0.0733492707909445	0.0618919424311548
0.121499513253392	0.120397844376947
-0.229351030138174	0.23915307661115
0.0713087331002832	0.0604498160523993
0.379771107755311	0.427678828172672
0.968914044325431	1.50180432909461
-0.782120821462805	1.28312485995676
0.152280898527512	0.0673096746973604
-0.35242013222274	0.256250503009528
-0.0969864948289576	0.0661501227218485
-1.58963336306812	1.23057147673393
0.0233460978365836	0.0108821334720468
0.729570636763763	0.546711480296435
0.424379582486161	0.198855601685583
-0.767588923041166	0.505708179970223
0.336627623806941	0.26950101562944
-0.0646594396550695	0.0331038716993085
0.295969399263712	0.120226503254808
0.354637824068108	0.187155685525761
0.921130940177202	0.631055377694266
0.468256307249781	0.405812324187291
-1.11359298991566	0.818626454531121
0.128724204350745	0.0652826340602077
0.144381418212973	0.0885114478529781
-0.97993241104121	0.658895446847985
-0.141163526865302	0.100110565852196
-0.372316783040567	0.253868724623889
-1.49251558116287	1.93497400539865
-1.37357815905393	1.63500759612054
-1.40373100379288	2.77969927554288
-0.859071939287858	0.969918009011109
0.543199412695205	0.441491176387674
0.127533233071843	0.0597669360221799
1.90708204825768	1.84630721391252
0.955660815859249	0.428376130585786
0.519775592424933	0.315867107474405
0.803409448222265	0.578246331117219
1.77890073509509	1.23716952674408
-3.09073159364739	1.06509583332195
0.386945323375693	0.294959534547476
0.736000149057087	0.551624263886446
-1.17932099581778	1.06642028778543
-1.51450361463027	1.1003480963603
-0.644927148769394	0.492281312060278
-0.0910130525296607	0.042407973586286
0.539237289658061	0.404632256633011
-0.33203557785566	0.165491987480644
-0.360339713941681	0.211237282870753
-0.00380120911426893	0.00227435068159396
-0.0940317627566298	0.0531837897036857
0.93586842138965	0.690924919254417
-1.06911924774071	1.02768675072923
-0.80136747054726	0.812936534003033
-1.0520963381185	0.757880678689768
-0.166758220836813	0.0688058130527967
-0.155501590478574	0.101568797902288
-0.116470170113642	0.0697526600015389
-0.27835829491645	0.176777288036075
-1.78229040108691	1.23009744293772
-0.112172193889408	0.108579964002389
-0.28684353766623	0.37871083509774
-0.332764630076703	0.45073966941093
-0.387314550181247	0.516626492300105
0.33426141672834	0.440326117668927
0.544484604763001	0.811474201534717
0.456715268253743	0.719185691562204
-0.562394962625709	0.878966932858295
-1.18415160747801	2.16348708328828
-0.452048436639495	0.461904429274052
-1.18609731546905	2.13249189601369
0.0130461138290714	0.00699426881150133
-0.49083839624632	0.34253602672073
-0.345795057381455	0.260243195861508
0.321257964362479	0.214517643692314
-1.09197450354118	0.73026799722905
-0.616002953751185	0.380930085598057
0.951703438915602	0.699466009100206
-0.710453864173106	0.408016953602113
-0.242622413069517	0.0769806307874468
0.0262439510480315	0.0120451817536142
-0.506761580336109	0.277795673091016
0.447434559577478	0.332785638990015
0.644479376337222	0.540317776072579
0.01931910723672	0.00866121250636455
0.528271302056486	0.277865334769772
-0.00205527075918402	0.000483270545161704
-0.0974732041794594	0.0343241224330076
0.61173379594046	0.30038935553007
0.281275337475478	0.131069659389662
0.148554138487712	0.063310275572823
-0.890135657647207	0.578598459739593
-1.4930819763614	1.36474973509732
-0.0646737504824792	0.0475976455980929
-0.59889757002941	0.411293254655789
-0.909733925418073	1.01352074123606
-0.729478668901002	0.848767386940562
-0.493223633064017	0.554933566791495
-0.848720430802405	1.38869323010234
-1.10303332567961	2.16250053474972
-1.38589905089673	2.3218603824617
-0.126255978454079	0.0888757150066314
-0.163221176308374	0.0839244188033408
-0.609734673244283	0.306896958610495
0.424689799539612	0.194675392177175
-0.809353874739241	0.399566172736298
0.278470004555314	0.129417284596595
0.132423961544247	0.0581184035385471
-0.169343831878559	0.0699770653445831
-0.837725680837318	0.257618742248887
-0.0695085805550777	0.0330699113016582
-0.0406312916038529	0.0251971070849032
-0.333578504806726	0.237992601202619
-1.19276191956651	0.763363534804378
-0.913218401952931	0.822419561910694
-0.0716700870115919	0.0338463780458896
-0.157586051253495	0.111582429953267
-0.241647182411915	0.113428128223556
-0.608821438429544	0.365850800899605
0.0428797099774658	0.0225643352810342
0.436713989477376	0.23599063019472
-0.691104353372598	0.484405669569229
0.0459245116892927	0.0239158600781556
-0.280678961523594	0.196375695162687
0.497345433111823	0.490178516114307
-1.06831568042154	0.903721741194656
-1.64771139109925	1.60493143517964
-1.2242447691376	1.37283306242838
-0.879532665528568	0.803612824108837
-1.17971769505496	0.683636584433256
-0.5371867703231	0.61874303449119
-0.650902163752607	0.970655917884412
0.292790809629717	0.354986706049019
0.067776625905479	0.0692680942995828
-0.127347843678814	0.151102904542363
0.123926931079222	0.134764584107205
0.172081413168749	0.161763878411999
-0.768440023402261	1.02945491078375
-0.904192488083337	1.29972492474078
-0.611388393976359	0.813877159967909
-0.54813185078129	0.505015245089047
-0.72164414466804	0.889318145415488
0.142832117491581	0.0611507215973561
-0.130140867088712	0.0534192282858382
-0.0452821885677022	0.0233334911595402
-1.6729975998954	2.27997762823463
-0.129184080832466	0.0736890578488423
-0.781826789980091	0.760137911443834
-0.280517319552429	0.124739647339229
-0.076351379777821	0.0366191767229509
-0.00224475778882927	0.000330935285569769
0.944774433172851	0.770860020661334
0.00470365390538679	0.00215612163154059
-0.223335052896775	0.103311449055707
-0.0543881411940931	0.0276300606289609
0.373310100245205	0.184602679865129
0.132457371568018	0.0667286038934261
0.111966095134253	0.0598019522084557
0.15646617169783	0.0805156890436972
-0.41529855146427	0.201125008515107
1.36276694141881	1.27129070129359
2.04844485286883	2.44093893232696
-0.510962304927547	0.389965465464318
-0.124173695307351	0.0713416041546742
-0.423232177134475	0.22679840709451
0.588027942296232	0.392819718160521
0.0495863369241153	0.0301672642148944
-0.00283168957896818	0.00124397949238212
-1.50727673634435	1.16267425307717
-0.932356592985012	0.707023137740115
-0.94389921396182	1.06371259881145
-1.83563331641873	3.09384490865065
-1.74066343830167	2.90186840150188
-1.33433280101487	2.29463659201319
-1.24524877832784	2.64176527881968
-1.79431208465959	3.88774194375065
-0.284861428539134	0.226792502820783
0.141504640232322	0.0770039104728992
0.268385546179353	0.134922198576303
-2.83911454540015	0.928351077103762
1.05968565560953	0.686581582862619
0.591103605314805	0.34274460568655
-0.836634894627274	0.257543939751531
-1.12542217293668	0.828624536194957
0.229641451718599	0.123104983830928
0.0219213401780916	0.0146643417029153
-0.238793994333254	0.139329167432473
-0.3040110731519	0.185148478163356
-1.63033614018151	1.01236180242935
-0.80586800987657	0.695062607179214
-0.555965078919065	0.43147165330118
-0.986295743014172	0.91683974448909
0.113422189001979	0.0610975222518206
-0.528668668423479	0.373335030581187
-0.331418464123656	0.220731858073019
0.2324527414856	0.123128024285398
-0.769035172657836	0.519177808039976
-1.09799809832346	0.670526216498765
-1.09682685083119	1.30796849847595
-0.860982727678258	0.841388725651775
-0.131175997398398	0.07403449997813
-1.22315659769088	1.65121760065547
-0.626847737566607	0.65024650637799
-0.850167693905762	0.802558890599525
-0.822522030281615	0.564458752894185
-0.668030740002883	1.20616276320118
-0.523844194908452	0.702888466415421
-1.34795771384733	2.72710788072238
-0.893777356160774	1.84519291279329
-0.48312158092255	0.621365615043024
-0.668956537414097	0.915822664074533
-0.0000929996943112034	0.000072387412160623
-0.326325066093499	0.359514551736208
-0.566841910981879	0.62580028771683
-0.173459655290277	0.162242278365781
-1.37671623137497	2.05097079561093
-1.33738367196637	2.80412417322496
-0.725674448709392	0.856762820277516
-0.727332511553267	0.722827283995757
-0.452423593918952	0.303414402352698
-0.556050644367023	0.567219839495627
0.0168091796915001	0.0093490905280149
0.110931206281255	0.0726314661096655
-0.312160541294736	0.186056438606244
-0.0605299617906625	0.0345149385522722
0.238197097543336	0.157395422823998
-0.443544090824783	0.265312254750057
-0.986510092895157	1.20458764143401
0.551452831758292	0.489618266301785
-1.24890484474098	1.69477351076319
-2.4651365191984	2.35582315538502
-0.0221931309085818	0.00845587191294619
0.134732002503602	0.0592724272392784
-0.00457312453051379	0.00138916229526563
0.29948837111402	0.10452198662282
-1.20027142762826	0.757994172044269
0.608815493557403	0.360395937443941
-0.0917453976020754	0.0578700742297708
-0.21645935989117	0.139472158805811
0.136491162987159	0.0752574889548084
-0.218738555237277	0.123495806123094
0.768187377988302	0.497480627039883
-0.299150942137697	0.20880614815491
-1.06076457091798	0.758898116924821
0.649997965882048	0.411511239173183
0.0357366561481346	0.0187327819228319
-0.270763503884511	0.174274039450349
-0.124740642960366	0.0542413472311656
-0.212875019023159	0.132031679428546
-0.234271622859741	0.168751058355149
-2.10410880795741	2.15175392191837
-0.529235040528105	0.406918063296918
-1.48815769360202	2.03993601915713
-1.07292643469518	1.23481881821815
-1.83448369445299	2.67558955445269
-1.16442421880961	2.09390468437761
-1.49036533196869	3.14628434361003
-1.10632601599513	1.9050067877593
-0.00380794238864657	0.00278748264357161
-0.288501587353842	0.170356046777925
-0.607770100332022	0.458122173175452
-0.935063322768519	0.397835978135632
0.380738750203746	0.19571392693728
0.53785339117955	0.33644883871676
-0.15225667547763	0.0633058122628867
-0.264962337115844	0.145191919092139
-0.267021979905099	0.147941231076341
-0.977311449194986	0.657169258453276
-0.852390853747813	0.654888090757681
0.122864181728631	0.0754701162919411
-0.333808732007164	0.170133031665911
0.12316396399916	0.0623831223505975
0.0364449038928645	0.0176538740732684
-0.932034251610929	0.399871575584716
-0.528346649458931	0.348820336177773
-0.829062107836469	0.244140991162542
-0.692993937215577	0.306005914519119
-2.24956943158989	1.23259783200613
-0.0171224733727359	0.00672524650578274
-0.0330913473368518	0.018214485298927
-0.441896286201725	0.273467975901576
-0.662615143505394	0.621270133015587
-0.319821786527065	0.19029884705893
0.423234263840396	0.283144319163819
0.469092478747824	0.308020860563902
-0.855866383253005	0.69514797972478
-0.13300905337249	0.0807164155184034
-0.736500529227978	0.61150571522282
-0.331711453326169	0.168791549646661
0.0416231502696078	0.0208691985471886
-0.646787052370856	0.449216411476342
-1.83060985685653	2.07723980517118
-0.825107118959501	0.590486156005556
-1.6073518939082	2.25497487526993
-0.462900156031998	0.414017661010971
-0.667315837138548	0.707748135895816
-0.695681167802567	0.966762143898373
0.65189086996578	0.882039708546422
-0.251104063023854	0.24970045394474
-0.107655079684851	0.100836109304769
-0.646507001268778	0.809604978299056
-0.789500451932004	1.0347528587731
-0.703567631563868	0.831756996736245
-0.549799421387704	0.567357662637375
-0.371742114989593	0.281015742620089
-0.339718034483792	0.32296893151076
-0.866757925875181	1.18128001397068
-0.304378485105993	0.239232143441011
-0.552760585179646	0.467273757093892
-1.12086827128892	1.45556737973705
-0.161344308394563	0.121281195100605
0.0722255195135061	0.0551362469286221
0.538168110438639	0.529608586352459
-0.21627399906619	0.100775070865622
0.0203974552600118	0.00841638185740718
-0.212239257263506	0.100023260786856
-0.517466643969743	0.331679134245649
-0.842763044666919	0.887856233101695
-0.895802309909216	0.826799574469912
0.193090316305442	0.117065936166375
-0.661327791917273	0.309302116350796
0.293205109741183	0.184080797439531
0.252805609984008	0.134933503762349
-1.46567451133818	1.0256557158362
-0.150699058410206	0.0619961270420704
0.19375476763978	0.118602421009997
1.57696410936619	1.41415684585175
0.486528844264305	0.275348335765339
0.202422969884129	0.113286809725156
-0.538128409938642	0.39695567786846
-0.716781689115351	0.580442567550181
0.711440483595337	0.296587699974882
1.05571587349559	1.09795581543718
0.617072600973864	0.296128327682256
0.0180448304752806	0.0101321380361929
0.599137456488894	0.355068872070818
-0.1700815905221	0.0699966721076291
-0.439132015436348	0.241258476999597
-1.34009464448053	1.10499301618309
-2.28798864761926	2.54960540870942
0.227815256399473	0.122018709097729
-0.164893190274962	0.107339156210716
-0.954961570527912	0.912235329719443
-0.509991971642723	0.389992545172538
-0.682587425169687	0.703426037393935
-1.44510489110251	1.21406741314949
-0.52504298852152	0.532880729145507
-1.81533505029293	2.22974357894461
-1.74872433820783	1.8350992226867
0.820126215435079	0.605454741339903
-3.97072375453241	1.74974547723431
0.710002694936544	0.300929348869565
0.475383599067009	0.273165333489295
-0.0803113946984567	0.0393384603812652
0.0367153705660622	0.0165998618732964
0.038060375972124	0.0191347802509402
-0.031686270557875	0.0165865784921105
-0.67326344164746	0.313311155464349
-0.136005807113939	0.086198707818849
0.130692813486907	0.0708294374536371
-0.141417109196953	0.0758430714726506
0.134264700624062	0.0515214980551276
0.0184959687579368	0.00762839557677166
0.0217661191919479	0.00861661575232034
-0.995890528302532	0.564553205313621
0.0240840505482586	0.0110721112745853
0.318092425170427	0.0932620700170988
-0.269230501349558	0.101440143308141
-0.62350659006494	0.347074087365059
0.0130493944825641	0.00549008270585647
-0.229516319333325	0.133388306665278
-4.76305230961368	2.81534567108442
-0.166824976011397	0.0687975544170589
-0.563794571407175	0.544592802542573
-0.0969641244274048	0.0564659662167028
0.0931494262135907	0.0568885414540411
-0.834928152000994	0.896970854260437
-0.201122804172156	0.12931176846141
-2.44039974448111	1.49476495406372
0.12397593862838	0.0673880992696233
-1.63733155913217	1.66188842248575
-1.92081509246373	1.86728133456399
-1.68558936178947	1.07982196269401
-1.17920768720328	1.06663767029115
-0.460852791709721	0.310717986533462
-0.0427577109666206	0.0226985131110479
-0.0323905509563435	0.0122638956854822
-1.36198698342245	0.938898291135677
-0.515318572450159	0.267502080653982
-0.906898678657743	0.66381596516021
-0.80900551235176	0.403419290098254
-0.705561994926101	0.544351735275923
-1.09702613063777	1.17013032142179
-0.386961240592514	0.278561296970108
-0.29548230668975	0.273910165535813
-0.624138589678608	0.753562245036404
-0.499045491675486	0.622906787872566
-0.534266490308376	0.628587905459714
-0.322727749104268	0.303565213681863
-0.942162396090601	1.59860174396059
-0.0810527965930686	0.0625359546577523
-0.14865144910466	0.113801403220914
-0.645103188099551	0.756737400198204
-0.557678572383549	0.580626002776092
-0.714304014942623	0.858756345924775
-0.706910229930945	0.757814102841992
-1.52339301891565	2.43957427363626
-1.01150871260761	1.12006142504183
-0.359346391504961	0.260966221597338
0.600614561556931	0.411968265314992
0.171400845215599	0.111503393804869
-0.0553860788221661	0.0374471225738368
-0.464796840606821	0.326515121135085
-0.285264266630795	0.186836033933273
-0.295040920170173	0.24502383285275
0.0334403358110857	0.0167807083881624
-0.167849825737138	0.140607986198406
0.209132333659183	0.13728893611035
-0.0713877940337817	0.0360058397240007
-0.427663677223948	0.260191185372534
-0.544367346841461	0.407128619753207
-0.153329690582378	0.087637858251032
-0.789277288825426	0.665802087456359
-0.371418114827913	0.315903574557463
-0.86595368989746	0.896229889065062
-0.265512798007498	0.193097493771644
0.0362683397802048	0.0179112189894481
0.0959669969075612	0.0578108683183812
-0.89509567724946	0.744050789537494
0.440189631733686	0.206836247901127
0.39641769803409	0.256160176700222
-1.081487259431	0.640042339738919
-1.09639224109134	1.04321473180515
0.550344478482304	0.459693776637204
-0.834044687408617	0.596253104408571
-0.0406239771434985	0.0253744994287856
0.0435936330683482	0.0216740584336005
-0.302467983629214	0.191462846805821
-1.06151435567801	0.760111150077049
0.0906785142596516	0.0515147672888323
-0.659203179378238	0.472173062599954
0.230435772086825	0.152711543365304
-0.223385746595402	0.124846040703135
0.595953488285511	0.412683830079248
0.0473758046672181	0.0288214841683592
-0.454673149284416	0.265483859838114
-0.828517079816496	0.710942632498711
-1.21901630497298	0.934059893097376
-2.048972196339	2.09872943701384
-0.607613929026113	0.574399032643239
-0.558681652923492	0.406902807108638
-0.778799012662569	0.878859942149011
-1.01655854076754	1.11383785997862
-2.27706495050459	2.93558941638323
0.132125174768452	0.0874449490353936
0.222794680591501	0.173765999989783
-0.874898720284212	0.552313530732349
0.244847437338207	0.129469023540803
1.02139996005303	0.542754686158116
-0.213077704597816	0.133448729358716
0.0433792560701945	0.0286841565105705
0.0378205064711717	0.0234056539150396
-0.158680784777865	0.0908977801382301
0.18564146099849	0.137921317494036
-0.165480496041076	0.0684208079395549
-0.286775223503619	0.165710527519518
-0.337752045516276	0.211157356399015
0.283254359539266	0.17851276693074
-0.348764533708481	0.270184116790733
-0.0474475073687219	0.0320709167184041
-1.81678735171192	2.4132715110543
-0.160269563346765	0.082218035826211
-0.541802524568088	0.275192032779028
-0.117544134799662	0.0515801759934129
-0.46744211234764	0.292953976648784
-0.0398140128608003	0.0198838874221013
-1.31848242427768	0.704270688942194
-0.794004068524045	0.390618536172271
-1.42204329246601	1.27730068654143
-0.145641581634487	0.0923359293846865
-0.784692942423891	0.402582353206523
-0.171945089049321	0.0703383794916219
-1.00534805167276	0.569123608342595
0.0417189663360823	0.0225048381780933
0.102703775833451	0.0413136234658733
-0.163866128446364	0.063971079273319
-0.106877067046047	0.0713849984275589
0.725952255972627	0.727038508683966
-0.266104023224421	0.237257710796057
0.244065485817362	0.172961856648837
-0.0743271729220975	0.039080242803488
-0.284173153583561	0.190727175726653
-0.624899640034553	0.431887379469999
-0.314805671681503	0.188401645320264
-0.277553885230842	0.206940727821127
-0.348001857020364	0.203845504363946
-0.147424981163287	0.0605680793702524
-1.12191203246113	1.28979211319133
-0.946105680565885	0.791108659743472
-0.905874307898022	0.912384626943675
-1.29342767750509	1.03173370763052
-0.401999132380914	0.24300556593943
-0.419924250558554	0.247736416445788
-0.373677239480014	0.261597387869138
-0.168480646038869	0.108891000579373
0.0637300903814353	0.0378288027268771
-0.808389237262825	0.688188879837851
-0.405694361525871	0.276229849041819
-1.01072083645155	0.556678601138535
-0.811723823760379	1.00620854583863
-0.81992293478346	1.02409237224315
-0.273189245796016	0.266483786422879
-0.512105752883255	0.513784871668878
-0.446089669576517	0.508443933417056
-0.540800278493127	0.516325009950794
-0.00757983568130272	0.00671856242318765
0.159726539496495	0.147496630883257
-0.102926543790455	0.0752181033757703
-0.49607968736065	0.576548363561237
-0.84887510501565	1.03637994501575
-0.63722786951333	0.572310415007935
-0.191135241033195	0.149195919050471
-0.428886385568997	0.308833432084
-0.21048651178647	0.147200631087423
-0.398086610486025	0.278835064912504
-0.175453700477363	0.123349434729091
-0.413230610784634	0.383452166214213
-0.640083060595254	0.435382619850977
-0.0214192362849148	0.0116785315413124
0.0357293056767533	0.018718104814039
0.205529813937554	0.179817366028966
0.580862071366455	0.517072478311564
-0.122592995028641	0.0742927539920967
-0.303464101184075	0.152622216620539
-0.311474777261378	0.218832455267824
-1.17438784645084	1.36031710873306
-1.36092521276947	1.63126157865152
-0.00965268919745676	0.0073189034232481
-1.44272612556867	1.46479118864603
-0.899909379871527	0.664470953915041
-0.0679323094684934	0.0371169903456979
-0.0385022455983942	0.0193538976830682
1.37869706665781	1.2601032569912
0.00134560126842182	0.000822673254555817
-0.0528424782115496	0.0264861207581114
-0.0689996515009397	0.0355366787597906
-0.230660686145447	0.130169131442566
-0.7945902033855	0.74020913518096
-0.248188646961649	0.129218558003055
-0.261486940579656	0.141815715266567
-0.34257604681747	0.196746158427788
-0.676078013667685	0.434171780075453
1.15102067963417	1.30183504479455
-1.07676117372717	1.11557724633672
-0.549720179032349	0.487737236204457
0.414436721530108	0.384842348228974
-1.34994160805403	0.884317992118026
0.230599861285251	0.12693761585995
0.319209327856464	0.264457376386331
-0.543416406416347	0.530233088828996
0.263550274017977	0.18654174825221
0.407470357931516	0.357842226054472
-0.135901010917668	0.106640199155739
-1.05906742454124	1.11262098145441
0.154152795916998	0.095008739789534
-0.124630347847872	0.0750492684297196
-0.517063097978714	0.257376369526952
0.317316901859412	0.253638095595364
1.51446880977577	1.36513114848009
-0.103499160753394	0.0635039835955831
0.122973237456942	0.0760449930450162
-0.155702726391436	0.10095381720981
-0.0665746050235831	0.0317960713108241
-0.216706032341554	0.16891803537148
-1.72251983327959	1.82425826292102
0.0621776878612798	0.0385429179622331
0.0320235038338007	0.0188079976180657
0.489405251301062	0.40451927468412
-0.0285871395255939	0.0188015752452771
0.0388255010781228	0.0191008094247501
-0.487602705407226	0.385217531773369
-1.38895170958756	1.19848408676849
-0.173954684872223	0.0889417880671514
-0.441217370807169	0.152641861724314
0.0180914827764405	0.00733355590510272
-0.296731326755965	0.180287381508878
0.436822239874892	0.26351081992622
0.397663773583102	0.256720699477622
0.00914011427972273	0.00391568004375687
-1.62869071229208	0.933484061094518
-1.1158067083242	0.930080764203687
-2.38444560172963	2.16728095470192
-0.522680618887275	0.331987593709256
-0.28092133685505	0.181642924585909
-3.95946047504474	1.75683331424598
-0.408739384168716	0.171299412347593
0.481203937565178	0.445355063619293
-0.540086803567069	0.353857293264412
-0.306727976268847	0.155525734023415
-1.56869642263736	1.98453890137285
-0.620590899171964	0.656409687924656
-0.134412775968001	0.108926517243268
-0.247054913454571	0.178248804120866
0.370036542531587	0.234021120151994
-0.257529877931381	0.191552800036074
-0.297362583084903	0.199909484651987
-0.235540960456961	0.135830762374169
-0.664583970766543	0.506586982492166
-1.11486056517331	1.17385022875092
-1.47162253040691	1.56685614493055
-0.330956972352506	0.223921345271714
0.099730476076121	0.0530785386982457
-1.19723302092515	1.06396309334988
-1.19085624721242	0.895384972092723
0.0188098662591669	0.00881096795561046
-0.244480769560277	0.169615171315936
-0.378548124053777	0.296238355319128
0.148279382697564	0.0926429990527721
0.48413010394062	0.315282869205367
-0.73063453873035	0.539370590420623
-0.850657392543839	0.905763377868356
-1.07559188560172	0.846543967873274
-0.22477951792399	0.198755507171748
1.09454487874919	1.64963898973429
0.460383069560215	0.421674366260614
-0.376940353787905	0.319894070329345
0.603924803250799	0.534017011916451
0.489331498401775	0.432142072204933
-0.0547903551914325	0.0333869781325158
-0.424111144595824	0.334542394970757
0.227455118238632	0.129598528467168
0.315820283497116	0.254493126283324
0.64191493395567	0.622909373173284
-1.78316749091849	1.5629984819613
-1.42465365860958	1.03458467048098
-0.931093189649008	0.670693846565668
-0.311762205418095	0.20372183729206
-0.500610788321752	0.404007572410567
-0.51128715462952	0.281485373017007
0.113528115497574	0.0623118235844293
0.307631281692712	0.173017524452402
0.42758579236731	0.257827865830461
2.63910325485558	4.01998818542313
1.10864334596451	0.915616096255606
0.518597431250636	0.272131486629481
-0.290525316226343	0.173775468754363
-0.234967494131969	0.109931629845173
-0.325941320424062	0.192416864950874
-0.476509104813651	0.326938094485047
-0.0627787546841872	0.0357333293871791
-0.147350733483303	0.0845594471907684
-0.522987493816109	0.394281821600673
-0.53337338087188	0.366753933518016
0.0861235205600562	0.0559548049034117
-0.829948496561957	0.484750255180496
-0.790400723344256	0.668108107968811
0.147185350580936	0.0757638548289108
0.575723906269529	0.386556130665239
0.464810745407677	0.260940728892935
-0.904540062111887	0.47716647320019
1.06501072777475	0.694994926878675
-0.315562415022383	0.163414960866927
0.481819833954499	0.204208691816712
-0.563940680775829	0.24884623974318
0.536686715579397	0.287449140632203
-0.157234314084449	0.0783826283694391
0.325529891970135	0.178965939913842
-0.840718915336759	0.608452042349138
-0.331533351932958	0.165885635241911
0.425234029811272	0.25110245309802
-0.314869013217337	0.197325615199665
0.379932843409904	0.275305921966109
0.317487038138132	0.181230128675382
0.372766226907885	0.232646632112203
-0.0491233124444648	0.0248180407703029
-1.83685296606017	1.65580018964827
-0.432693179201647	0.265627922689933
-0.41134682038999	0.22175509213145
-2.13262482322449	1.1059251162394
0.0229594061088229	0.0106871204842785
-0.662890618258868	0.320944862437963
-0.661475566237071	0.316984057154266
-0.145659532897356	0.0885099834930603
-0.37461122792404	0.253426327362374
-0.0964542220328819	0.0436656348785136
0.633536746117936	0.579923223932605
0.378334344755871	0.194345111762724
-0.313886122781554	0.182280826543114
-0.594245980248524	0.354046046683224
-0.526330479645607	0.302700185825674
-0.385593149717017	0.182869811957791
0.538626253747435	0.286422036580036
-0.0159641418929401	0.0063123232974381
-0.401637993401083	0.162670634913034
-0.755827208108546	0.6253624965432
-0.219311037538993	0.104005056003042
-0.547610377489638	0.346596446562479
-2.67742859467973	1.83672564139606
-0.793264891380855	0.3872278466639
-1.88765553982616	0.895281848149954
-1.18595282501883	0.573740469901064
-0.796992562678924	0.471405128314833
-0.903124901110801	0.496089672881038
-0.262348208867925	0.0973312753540277
0.960757848069586	0.41800896335853
-2.44526290289829	1.44893414767513
-0.0569880536507181	0.0270388119634088
-1.0184033725855	0.58762282490543
-0.375516565126482	0.289318322107635
0.010646410316696	0.00605346278926428
-0.1614932177166	0.0991099981286485
-0.137291803077762	0.0742595382003322
1.41906969756979	1.40039391563322
0.531403484262164	0.382679160426453
0.417625275989324	0.252110081222388
0.0228526517129115	0.0116024028545825
-0.15896921185424	0.0646394184945805
-0.531131188984895	0.271350884930968
-0.721979745492709	0.43291536146
-0.312621288162156	0.162258489779686
-1.10797376842522	0.807365726259772
-0.0331545080803149	0.0117901397914805
-0.63323998884473	0.235557198534974
-2.33435904981384	1.96630534199321
-0.549654584595618	0.239278245865739
-0.0261931384126383	0.00996771607374568
0.602227013757828	0.274803801072023
0.147005985516132	0.071316717827173
-0.982301549641864	0.8267436519319
0.362046641735849	0.195879519876853
-1.45522846411172	0.560246065559747
-0.451542531174104	0.503163953713675
-0.143651484634585	0.124285276614846
-0.585287746033928	0.582885034430777
-0.0272693348006065	0.0199504878052068
0.0339386044601959	0.02235676450038
-0.141674804444368	0.0931734551279807
-1.014970086815	1.08027583090714
0.10773136916352	0.0826435348577763
0.553783449100119	0.426454818666373
-0.0804372901817689	0.0614444269254393
0.0749733133682326	0.0448544321459658
-0.397697663826689	0.326905720204393
-0.196673790464998	0.139839901226356
-0.830488511063101	0.580846024925161
-0.0456678509109314	0.0248655941564243
-0.26431125678924	0.173282668998729
0.0696244638193861	0.0430407946522739
-0.0491054643416012	0.0279248229385152
0.358024525853288	0.20184851325669
-0.164840929985883	0.113831877261783
0.27053089693569	0.133889740613155
0.940096318230173	1.01128781700817
0.0709441117032049	0.0471014054199927
0.0280725994683698	0.0113532401085575
-0.284581252739618	0.124638262877654
-0.828335438607002	0.840690166277103
-0.206615253666361	0.123294259286789
-0.418887703937177	0.29870972124658
-0.874229442695206	0.74140550167768
-0.304069034880329	0.239075816008646
-0.274342812634307	0.149035500005876
-0.0871639460102087	0.0505038235432944
0.218177466399056	0.130566000233697
0.130638745418726	0.0853092042844724
-0.593664260958828	0.364049083760136
-0.619202972688179	0.558633794854014
-0.678228189119739	0.513722339521993
0.420273174622071	0.295107266963022
0.624807341926099	0.56295565732517
0.463261998736877	0.264898031449611
0.424255768666875	0.293118854932579
0.0400381792477741	0.0200400016474942
0.10632945953839	0.0605516683069116
-0.280488491853378	0.18917369511419
-0.23012565511096	0.135923116925169
-0.367173557759914	0.258645086110553
0.209767024289443	0.113251291701797
-0.3595038948494	0.277869335900391
0.481795560407055	0.455732555129702
-0.12350801425579	0.0701714694868247
1.07884962127958	1.02829602659655
0.736501793324313	0.591187080787491
0.345548631221164	0.246278872342607
-0.680002774522641	0.546554483929579
0.724275988531481	0.5368790555499
0.038608367129881	0.0203398031725743
0.232582709556901	0.176250821982406
-0.305887019729644	0.208779773491669
-0.220201098394181	0.107141071848764
-0.229763241360264	0.140791547297582
-0.999097342643669	0.569248235362674
-0.311792102193185	0.189299558281795
-0.166417798481093	0.0829561816006795
0.420653088855249	0.25789951817304
0.25891391004436	0.163639930855179
-1.13832732346725	0.943589876668551
0.0540697429259231	0.0283884415623805
-0.19296227516979	0.133090328682009
-0.388267402286478	0.268632546289816
-0.243481815285829	0.164265510080838
-0.00880406903852844	0.0036473835452765
0.686529802149177	0.488452695464982
-0.0861868180105604	0.0545271594700812
0.969112051343227	0.935618872808514
0.578112538262466	0.393350942548293
0.0247452868151126	0.0129542519206581
1.09519001718067	0.967699489165934
-0.603513202618076	0.359784673133127
0.755823251224709	0.655600383317629
-0.621372384560686	0.342110963560649
-2.01507365279667	1.0067732293692
-0.0416213840205286	0.0260240562228692
-0.411201954541308	0.26491470421458
-0.707820541365524	0.392214954930227
-0.167366978160743	0.0911933265246876
0.683505091007474	0.377272908004449
-1.07819347377427	0.500054313879564
-1.03811226581556	0.682171578595427
-0.601839036357089	0.322434856748449
-1.16123533200939	1.26114541437688
-0.973327747600249	0.647766866963402
-1.05891396615302	0.755773868172947
-1.1726677668004	0.698060432838967
-1.71667796550545	1.13120044052579
-0.892699914152465	0.459056341328775
-0.303155760027294	0.148884183129104
-1.29334005110534	0.84350417784441
-0.0235041821516466	0.00893292487970722
-1.76221372574836	0.792930037971209
-1.06018100513603	0.751838470208917
-0.228892080021941	0.125925661619392
-0.515971115357947	0.271933874857405
-0.747841568801194	0.561290626891896
0.113158679047952	0.0654861321927609
-0.356124549964491	0.259452963483879
-0.897508347131221	0.569670492306871
0.478142383988388	0.317728895578242
0.467150525799422	0.307659381092146
0.0235272778707091	0.0107802934609855
-0.311997245371249	0.20652692823004
-0.926908930146347	1.00469872972014
-0.350614361015717	0.199520489270398
-0.0445628097123024	0.0243820565492657
-0.985287256694064	0.777433753011626
-0.167098203215813	0.0948890280996786
-0.350268398406894	0.177636731090805
-0.819388286462601	0.684384188877055
-1.61259248640402	0.982551980357959
-0.639204928825016	0.237348637020366
0.325308803619891	0.188791619168062
-1.53057520043462	1.3927346899268
-0.969728126036204	0.746474276656449
-0.0241946557244091	0.0165440848620242
0.0577787921996218	0.0475445604196741
0.642784645659425	0.503651897233687
0.444567733476218	0.447856268435804
-0.0965529527051855	0.064467028649848
-0.386202997045041	0.28817500919955
-0.79430533614126	0.970717248363878
-0.377610808947311	0.386166290712312
-0.534144153548601	0.699185715287699
-0.342551004854523	0.356218210640481
-0.0416250914451073	0.0254370517153121
0.0666476381668417	0.0464369425773108
0.280635697466327	0.209385044154096
-0.476698659996876	0.416470348125297
0.93924248647914	0.878097246768904
-0.0291867203114469	0.0168850252159546
0.263987799248925	0.20545579246425
-0.0621313454942046	0.0452833659454794
-0.866003053877625	0.894200000498715
0.0420382321387863	0.0292395709733158
-0.188890390539489	0.140782104983488
-0.549689823664918	0.484637847217911
0.558112590724487	0.464922636281738
0.605642378592122	0.44951797592628
0.495814473762077	0.426880943826716
-0.0621196376178456	0.0300925563066294
0.23740566414841	0.155326365900407
-0.304804078381829	0.23384140753867
-0.148821933953872	0.0922126141330371
0.0995655449368303	0.064361897174814
0.214616017944901	0.135334714998233
-0.00814666104893158	0.00371801675836344
0.0201734575875762	0.0112308967828438
-0.888646320143464	0.731709896449602
-0.182438948332112	0.120721811719927
0.32387313848077	0.192451981346138
-0.00343407921219457	0.000994044378968221
-0.201608814157249	0.131378591778845
-0.529432821662082	0.264687953940061
0.185306722069794	0.109290385389882
-0.193472770333441	0.113865284755906
0.242819470121282	0.155327006876376
-0.823373779872254	0.581506013156417
0.674461852851171	0.567842024044961
-0.123586155093586	0.0720981988486232
0.76727786403689	0.684637505428085
0.558146801606229	0.455413566211435
-0.0592559327319352	0.0366047911732013
0.404600329146503	0.39221655960509
0.144103984699876	0.0779951147261214
-0.488627572093922	0.361536864091856
0.132408910002666	0.0678277993957357
0.258062233281127	0.128219319714509
-0.619073387462462	0.480443409833585
0.384333308523757	0.186956387536282
-0.430078024450591	0.255907715104415
-0.0909449831935152	0.0732092323921406
-2.24116598066611	1.89463641335119
0.272179768139326	0.185859448314366
-0.351635165658241	0.234732514347794
-0.681289580521896	0.440468970540542
0.329198861086397	0.194479399033796
0.780283377075392	0.48494218219967
0.752811026428071	0.708244345406002
0.107352180816744	0.0615690108218843
-0.320709008402315	0.189134322103317
-0.143763901992169	0.115967842982456
-0.634146614965961	0.549908559130328
0.264298638545982	0.233875897264113
1.07461522421837	0.736974821399289
0.0168862080577706	0.0112859440160136
-1.86292466534735	1.25657721814375
-0.515229925659463	0.258465875695723
-0.00052126188121768	0.000109816479140225
1.26838399407555	0.911271147770156
0.661659031587817	0.34899235490432
0.569746799994886	0.389087160311152
0.45794550085486	0.307029443505457
0.491031693228444	0.344107119816733
-0.266148686032379	0.09801210981117
-0.544472903776392	0.237333139630078
-0.539591471971619	0.350599248022038
0.131027499450852	0.0666292452143168
-0.48981384854385	0.276506606395585
-0.954919781057971	0.78476449627335
-0.550533334906509	0.39664824147127
-0.375443112552738	0.244350626511514
0.0140217349966888	0.00799668494704798
-0.235526755709665	0.108500157441476
-0.251402930425456	0.142077535690677
-0.491534692089074	0.466751067850909
-0.0387864127645833	0.0138516544294703
-0.52779952666709	0.226772922252766
-0.505031863245173	0.283350495748493
-0.810200139953695	0.51437696589572
-1.19144632789114	0.920829883706636
0.150200007436997	0.0653701679533798
0.135401942608407	0.083486818994931
-0.412961893847172	0.333277914826349
-0.257073677127422	0.14373526610601
0.21265297044732	0.118147085193591
-0.0851741205403488	0.052378376975227
-0.60908171982277	0.333689351718323
-0.164741981216161	0.067167061190482
-0.255843211804469	0.140059251791343
-0.33380656457199	0.206515638689223
-1.18147857456062	0.752646102184393
-0.600442283732622	0.311627593001032
0.1894032547904	0.128032448329683
-0.86584382675405	0.750336308998469
-1.00062776685771	0.675925128431409
0.299582819957797	0.191430818748946
-0.840500032079619	0.852256822881526
0.100151305816116	0.0782575540932563
-0.01100645672141	0.00899243000060375
-1.10875632257262	1.38434813857292
-0.673772368503766	0.652193558754056
-0.067709594515717	0.0545742762877322
0.422992115497278	0.38636638336668
0.335527709972342	0.280198098716572
0.0564863826589708	0.0351697489214357
-0.332071371564556	0.278991354107631
0.927017754973698	1.33452982602828
0.0951307072880791	0.0616301727768442
0.254993179468289	0.199808040335659
0.334937975645977	0.276837064702539
0.391078996789729	0.297499392711626
0.196393905821547	0.155162128327691
-0.0596814632948693	0.0306481729732485
0.618324514470191	0.582192533041235
0.11189001057328	0.0880305628187095
0.237881277419673	0.131862876448237
1.00657469999622	1.34174703124313
-0.358979863668823	0.339194518924528
-0.743969084391401	0.511880022957462
0.339214550477013	0.223860304382546
-0.201778593914719	0.144591129743102
0.375520748058765	0.391156299438116
0.0704679151663871	0.0518756520361387
0.205691974497865	0.136965972099829
0.557398347506065	0.523802004948897
0.116999420442101	0.0678361087332804
0.0412895185984223	0.0181276591212943
-0.24075801637793	0.139142788574328
0.07400644522484	0.0451097871937592
-0.418543774021177	0.172408597375506
0.173265452235498	0.116877165858431
0.189009425358266	0.148420682016222
-0.595699577913053	0.313051527488957
-0.674373357177474	0.440249837960868
0.0348081917517986	0.0212589274332844
-0.322248344595838	0.161380348481936
-0.0214387686288853	0.0135704810932522
-0.0437468141829542	0.0239964918396451
-0.575206427545058	0.409896358484252
0.23512305472793	0.176967810907003
-0.507996206084412	0.253433892333511
0.483613907590719	0.325066391132763
-0.101938609153019	0.0529162992678325
-0.3523911257266	0.179023406124745
0.100148058825428	0.0539584996574807
0.253047564690826	0.165204729023068
0.320956072467391	0.23509191642557
0.266030563646385	0.162849773296988
0.304611169269015	0.194876428227771
-0.956869504034517	0.937676861967157
0.302375271719282	0.176940144568802
-0.539877556173232	0.29629801145996
-1.00987551016657	0.993311063702918
0.374135849830247	0.236948448762097
-0.344678853424224	0.269883335004444
-0.731272738589104	0.728975321961321
0.333334147743814	0.284636097787922
-0.723756557437759	0.577949641717719
-0.0672900817210594	0.0361441011767899
-0.149458245629842	0.0955290166472262
-0.172487451086773	0.119320070574203
0.753409045790677	0.652287736407521
0.037775558816592	0.0230891914674509
-0.318149765428758	0.19914432391877
0.358468119188883	0.310957476978493
-0.226186307374491	0.136997287057402
-0.320859810564628	0.230463587075681
-0.199081992040186	0.154569437398901
0.142596565008251	0.0672097361981683
0.178031642484666	0.123915910894701
1.0740473469662	1.07844396626934
-1.08914796709819	0.651817895599842
-1.75751543787054	0.780204800666182
-1.75742944266734	0.785513513569582
0.671202170481328	0.471594731508947
-0.569269402092905	0.452381042746601
-0.5177909136792	0.330771823400533
-0.598279199103205	0.481481394352667
0.0137038337151592	0.00672263892906084
-0.798043572838325	0.416360215406166
0.13764067567135	0.0605292538900345
-0.585431266171423	0.550667918810957
-0.734147463393287	0.76228540359704
-0.511946693357193	0.300281659272288
1.23112440878583	0.958729066551508
-1.26669124824247	1.14355398495888
-0.818430566903699	0.638204773380172
-0.278075673691632	0.148051746008249
-0.796689709354488	0.316945947241835
-1.71098748594716	1.10569324458375
-2.62784490087799	1.76048508406345
-0.575583191046878	0.385425503853903
-0.234391333651113	0.163232589056901
-0.333994365019964	0.173980607227739
-0.30158228784087	0.181694147663152
-0.0498360572194093	0.0269955954112802
-0.403344068086302	0.163761946432659
-0.679022805308014	0.433179004846065
-0.402021846481818	0.262923686686687
-0.515786443696199	0.268002333533182
-1.75941547503373	1.49578641391743
-0.624576305205515	0.33913434174524
-1.24436773262892	0.801633816069481
-0.168614823321944	0.129011861793632
-0.0375558614828407	0.03035070648611
-0.658164229988266	0.783523594413299
-0.479146689413336	0.525132608601239
-0.210928089727231	0.191703592496353
0.37296537403118	0.331763061438755
-0.357368777934625	0.321362356613697
-0.129232889302684	0.0990513386838606
0.720160303090523	0.740244179297361
-0.351814673507786	0.320513027006934
1.00839044254621	1.09036021734713
0.123784921012115	0.0884974986407845
-0.304570818335711	0.213661346913389
-0.476473394666591	0.363968947695344
0.0283728303861184	0.0195730583579787
-0.327411918850131	0.254095247643663
-0.58763912707119	0.478326293580008
0.205869720552926	0.147661385839156
-0.445591275963766	0.382399438532439
-0.0981817332102639	0.0647137101117428
-0.683261296014637	0.659037878218052
1.71047806751815	1.25018058674378
-0.138546377512469	0.100583489560373
-0.569466418254361	0.617725856748241
-0.0863519841441345	0.0699382058921258
0.25542974709455	0.227252199660156
-1.26124653527598	1.16391640823915
-0.325784403304849	0.19891415887629
-0.224840992324217	0.129750011756975
-0.281343311896428	0.231227406498667
-0.138878464330579	0.0804532455574518
0.0415356452951103	0.0208331705060933
0.371313321524198	0.266132154701068
-0.654764230597942	0.704050964471248
0.965501907512109	0.790044394159499
1.26582665249618	1.52487131028034
0.086683781819416	0.0666773545713815
1.34541666329185	1.59007041190666
-0.236925230679466	0.156899769206373
0.270493143965235	0.223214984719316
0.934721089283012	0.923023493736151
-0.693591477542725	0.33068167834904
0.580226254624754	0.32114214541242
-0.0747706954471266	0.0332950932306298
0.00267351376073081	0.00167399984206555
0.108541910188835	0.0627554047427917
-0.357723849384101	0.209011301282638
-0.503833760792116	0.297794875506188
-1.44131930162318	1.29666349316509
-0.582396212728473	0.391585082223388
0.37891326457816	0.294382635901189
-0.0896923631556102	0.0547315206460695
0.108083401393749	0.0627452981511916
-0.240470197021101	0.17765223351542
0.000908417555131954	0.000738796484238779
0.125426179108619	0.0653404801325252
0.0374791336258128	0.0206499825592907
-0.266710373882449	0.213207505601508
-0.775639493271798	0.822224958330595
0.248094020339685	0.18421372184142
0.657364206765467	0.545904638224404
0.414781018000459	0.343633657652206
-0.0921499442940831	0.066988890048307
-0.192022037976235	0.140281257525419
-0.833207290492707	0.785284482056618
0.285036439688835	0.22070084407383
-1.70598556954967	1.74334442162438
0.959420706693722	0.7651150989244
-0.0994736170795967	0.022542834663039
-2.02321419782556	1.0252133827496
0.0232298619661995	0.0129684013367925
-0.00701750979649078	0.00450640401782108
-0.329395923726414	0.246364783853931
0.480196552189106	0.321576635381104
0.888304665962754	0.561465050280777
-0.351487800140269	0.208693892735539
-2.06094165902605	2.17690266899686
0.00375663724844488	0.00233128583908446
-0.457553288194108	0.313495544285755
0.115302949082539	0.0680434752071135
-0.815186973221733	0.705981785186632
-0.549613242918627	0.460967596570332
-0.400616384432476	0.194270799420306
-0.44256064365741	0.153686289718749
-0.411690975905395	0.241541387771893
-0.899817592091692	0.500415251392575
-1.00576107575755	0.565355718700237
-0.716571299101896	0.419216049235679
-0.935655703684996	0.697750745544803
-0.475301311662294	0.339303018536242
-0.122794856123303	0.0746181721789044
-0.128378910091492	0.109845564318573
-0.903485304877582	1.17081251621871
-0.0620986754065416	0.0422237216547484
-0.652887310996716	0.727901710492665
0.780379696390212	0.852455958623214
0.324751456574056	0.306769567451372
0.559836423363781	0.548171550646519
-0.0230843158478751	0.0155389472775147
0.777963262345589	0.969859545445921
-0.0901040609270752	0.0688962755515199
0.71194385479168	0.870363832728575
0.142498058493746	0.101108072377879
0.140230913951622	0.0996435454631129
0.435393458311778	0.309733802730932
0.325734210551472	0.291339169274268
-0.76117821751858	0.758753029502996
-0.496773832850863	0.489934337468562
0.10775253092898	0.0650386325192444
1.0459362392125	1.51397226651872
0.719996958865733	0.585095750274498
-0.193374911757372	0.146851243711179
0.0820352336521968	0.0655599359593832
-0.636770460919156	0.771892672484211
0.738747683545197	0.905160160243942
0.171297590803277	0.112518591885696
-0.0347499740227683	0.0220349391563386
-0.814359254507255	0.638470849340897
-0.0767118920302323	0.0510083954930073
1.59698424518006	1.69368158058846
0.259795927205136	0.218193568807589
1.64913955809976	1.66004601442917
0.19038555603816	0.137544396714511
1.48321740868862	1.47508925319472
0.14204242837844	0.0888802701402794
-0.594634458182045	0.367479094373093
-0.0872627253144425	0.055060688864443
0.0062429402572681	0.00370852437175772
0.00288470467205683	0.00184592392410658
0.498369847796405	0.429327479861787
-2.85084398077253	2.0944297083568
0.33033367589603	0.222082460182837
-0.66869207331438	0.414648146298158
0.14348631679093	0.0985714021021493
0.228381895780892	0.180430284970215
-0.125840783447288	0.0870447632468082
0.944062852413523	0.80024213321492
0.405005691979282	0.357492559156365
-0.766895824952924	0.636425746363795
-0.675096901652002	0.484529913073403
0.58289723530765	0.538100764237619
0.0941366360829382	0.0829459008031659
0.485657211520532	0.454420768241122
0.97887412408885	0.842508645654638
0.253324824074497	0.216694034518095
0.321513873670577	0.214272892556021
-0.0904628059713066	0.0685587601279142
-0.307082998685256	0.18471208071108
-0.431995006683276	0.373595539161852
0.0966864389448647	0.050038273836454
-0.0641240538487648	0.0337846352915609
-0.912466845888863	0.479171852714499
-0.284223149230006	0.151668347477993
-0.202440416171319	0.130082966377869
-0.185281583182986	0.129876452627465
-0.771632402441557	0.628435838301404
-0.42063888333322	0.197452708576047
0.0538037698862982	0.026594527922042
-1.33981541531552	0.926181114346404
-0.242426028947388	0.162211796236994
0.380805223641797	0.284765595629121
0.0534874568556694	0.0334074796707334
-0.794932776104535	0.647197492334927
-0.514537264016823	0.402419867426817
-0.211076976616595	0.144472829465763
-1.71147241450619	1.42461781619591
0.681400432444179	0.468329793926951
-0.937969575381845	0.419415534580411
-0.441333568558764	0.410466546789864
-0.879827867038518	1.30050671975536
-0.669000177978635	0.748654081417056
-0.305108246561002	0.245093698885806
-0.32297668968593	0.325617470344803
-0.507941672190651	0.504658476180869
-0.868993828821378	0.943901526654239
-0.469036105100724	0.493862450205865
0.260377507474838	0.184614563819605
0.0675590562161726	0.0569275388395065
-0.061213256800334	0.0426737885358354
0.665968901773997	0.767230262284216
0.258006812442106	0.199920512386865
-0.399606326346687	0.300597311339743
1.37714179099113	1.62502309527959
0.957048289977065	0.823510518478827
0.554431555396692	0.627411860263183
0.369021910120197	0.330344910028684
-0.0650649852791495	0.0377563618322407
0.579522384380091	0.636313845814462
0.118043632998548	0.0887077712750831
0.285725910847585	0.195422248529511
-0.010459160394327	0.00654447629740479
-0.137830524258016	0.106360060821298
0.158272962906738	0.107937084035969
-0.0896259255072323	0.0601411442660405
0.508304548084814	0.426751606261481
-0.42642676069055	0.260709147306916
-0.524663236282621	0.378567865172013
-0.603638960492665	0.517414712759579
-0.075030031993929	0.0349577030924084
1.30543512308244	1.3642365500282
0.913682111847727	0.963291308748967
1.06834676523779	1.04076277064624
0.602911473208564	0.617362399667003
0.368139300713991	0.249028968430413
-0.0893757815923243	0.0496321835580607
-0.775705323578504	0.650601015508348
-0.796013378286114	0.486104697270724
-0.348163418985416	0.233732492568976
-0.298685392044872	0.218320739728872
0.156883638014967	0.0955561615030198
1.37903891515349	1.50018427227472
0.110905962142602	0.0588364902841579
-0.613950074210219	0.551102048978026
-0.0573834056674221	0.0352921768561511
-1.10992262691789	1.05620749446644
0.027338510428227	0.0125282538669851
0.656912475699376	0.59169549647308
0.470013342166761	0.426243991599794
-0.760890189805374	0.565166186000043
0.351551851620072	0.24523558653176
0.255933579115064	0.225970586354544
-0.633641219148912	0.603126225331065
0.203084042052856	0.161409832596947
-0.23308402065574	0.174607812005376
0.0980723874863121	0.0560040232948086
-0.0450759656150661	0.0227681060807771
-0.0704368571347458	0.0341414613451901
-0.165744341629484	0.0665966210397141
-0.49935497902941	0.315945180072409
0.829421117854591	0.634473889151421
-0.334497393469879	0.222590818359535
-0.816324708411414	0.489985022520979
-0.136593932439864	0.0782568763946382
1.24634655876178	0.89371667988566
-1.08615194598107	0.501959690077034
-0.277011356223788	0.175318187477562
-0.306977221723403	0.187411841215055
-0.218125147725431	0.188632217375529
-0.793263693668001	0.794686916510182
-0.8240855311658	0.662602976285275
-1.89708523022551	0.913049810412864
-0.235008871343862	0.114715066539802
-0.323651285310493	0.203842757373675
-1.46117270819368	0.574580522286654
0.179548502930587	0.132625928835428
-0.0889088761434253	0.0708051533662473
-0.320182078574199	0.275297162801571
-0.1592395275114	0.134231577712143
0.0637132667090964	0.0472196098589061
-0.911557102775679	0.713993181722752
-0.234843015434895	0.175449486132882
-1.08078281451764	1.45731827646882
-0.215202461601227	0.185617804441372
0.157200475578619	0.118463909571399
0.0485875661948655	0.0370268569563558
-0.651774284498222	0.59382268822103
-0.898213632864153	1.03988177451935
-0.10782631928967	0.0768977397080246
-0.717722561823194	0.939273357137715
-0.0621161676938164	0.047586198205926
-0.108793135470512	0.0730053554047855
-0.145611635922554	0.104524805226532
-0.136500286788927	0.0899777302114302
-0.925188399288904	0.792406047389327
1.10292409727041	1.31936818701927
0.0808125873172219	0.0549229550680187
-1.60035454567877	1.26865556724849
0.560203966510875	0.586969068495445
-0.00517153736950795	0.00307205304544138
0.711628782871993	0.843267744102803
0.220216774388886	0.183214936700166
-0.124566323004192	0.106652321914232
-0.649979284734775	0.699615649851378
0.415179654806672	0.455723476538338
-0.492317087170514	0.345185671404353
0.107850561537151	0.0586128380605378
-0.250569703023697	0.168453066888757
0.389022371742001	0.288981842970193
0.42250181210142	0.262033968832602
0.130360088604801	0.0837371725870012
0.0790957601351258	0.0476717220077514
0.182305551856956	0.110934521195316
-0.274409525567125	0.176340107540848
-0.648881153009839	0.466881512954385
-0.543656720055006	0.355357905926964
0.188475083891787	0.144488114758277
-0.580302062233214	0.489426394839676
-0.996717669549868	0.935182066559221
-0.511783181283899	0.420267586696031
0.526949671231659	0.494485351368831
0.246422580980018	0.16264214881932
1.09425989878843	0.971518624666347
0.272829067575242	0.223586271772245
-0.313133366420073	0.216544026896616
0.216421033660635	0.169320872783731
0.197274319775893	0.160799345694281
-0.682568801169059	0.754695520200105
0.402533201616088	0.345364309719523
0.459240203516612	0.304904642130803
-0.768664088170463	0.770451303536342
-0.41715278763296	0.228738287518303
-0.343862012614043	0.196232433705111
1.08443917816733	0.690054557149954
-1.80352371249198	1.21617336869342
0.197527154665213	0.129966997301288
-0.616632800975702	0.529656726957084
-0.431857958252886	0.259415212713708
-0.448451294139012	0.274323091516358
-0.593833480963841	0.355788128272862
1.45951342110884	1.06907364554367
-0.70589768830334	0.438158242324175
-0.339252099967098	0.228426567772008
-0.372611144603244	0.256968902846113
-0.0626256561714071	0.0419769438866209
-0.205147106320462	0.0965338330890246
-3.67711899987516	1.44924720384049
-0.73981096040232	0.402804256626853
-0.61719966919793	0.228366179372749
-1.04853088616261	0.751801940151698
-1.26632269992627	0.82914960477206
-0.845790393566424	0.578301889782343
0.236694589061759	0.237144824545621
-0.044668918689307	0.0292695668198238
0.0755042948086674	0.0534459103864575
-0.00856961950364104	0.00730893722994592
-0.0766949092797978	0.0633849198929797
-1.27534852936987	1.58754532499417
-0.434238984981886	0.437206226864956
0.466927722934336	0.532529618252696
0.377991807007521	0.38449466716497
-0.642003160823655	0.804644798834094
-0.812202160037486	1.05446888337371
-0.533020790220115	0.690625395522901
-0.593400055836099	0.654574330682244
-0.485958046757986	0.475050533531784
-0.58515385304973	0.668304573425818
-0.315124570473529	0.32418521814528
-0.19576057395379	0.195224166649733
0.0824440876890106	0.0622061697796791
0.166588519282572	0.123204478603503
-0.34567618194904	0.276431853864856
0.627537850437458	0.630428541102466
-0.946711680127243	1.03576867005964
-0.219125764720697	0.20453738340052
-0.00679492747431574	0.00475121541226653
-0.315513475455445	0.204636698036818
0.757715093148698	0.72976062714923
-0.64627378823523	0.645547005451018
-0.715695335559422	0.782208391269147
0.127789043692081	0.108990062726787
0.136928346322418	0.117587822190974
0.0996734802622218	0.0725866555006775
-0.144322149060618	0.116040779009325
1.00660519520287	1.48729350604335
-0.800596094599814	0.801196711030508
-0.421950550623743	0.334205743135718
0.440745943123559	0.325705182730768
-0.0527119059750197	0.0345622185694552
0.0260159678325958	0.0130965802335437
-0.548247056182937	0.425328502380856
-1.32841802689952	1.8769745437603
-1.18271471445212	1.02611709041038
0.00860536408318938	0.00474577106033684
-0.893688208030681	0.941154775328527
0.481017648138062	0.436694169176805
-0.862999152659351	0.807272360767623
0.131486313376741	0.0728492763604574
-0.25808806516182	0.199137162111554
0.296619198349018	0.203115619496864
0.0522421989909347	0.0353381031198941
-0.0556323562950624	0.0408200043451497
-0.524442137808791	0.298455938258993
-0.00680989521821943	0.00426390167194172
0.258462832634965	0.220507221787266
0.464522190587537	0.473162287126966
-0.130380668678903	0.0922626358444323
1.07289903628682	1.11579040779794
-0.112452662069138	0.0783236622411737
-0.579646665149675	0.457287184946818
-0.507223964965646	0.321046031832011
0.0898856576899703	0.0300055399733939
-0.283449788013547	0.155971738447907
1.53323870355676	1.47601260597975
0.458183064658521	0.419189438065856
-0.358603652553947	0.244795496981841
1.07135324768945	1.00916547434714
0.97498244499249	0.787028791149167
-0.0654936397282762	0.0317787734112358
-0.134464235711014	0.0888504690964381
-0.278405578673826	0.176610720282426
0.0377755640216552	0.023309847344972
-2.03525960080871	2.90807471466535
-0.460143835136991	0.315283663169819
-1.49450743656422	1.75810378385353
-1.44284301123941	1.05364691530999
-0.475886330768273	0.444597948296871
0.392838420799533	0.344025376891958
0.0275717514518859	0.020251127175133
-0.356340729591015	0.352646718689084
-0.22608770746228	0.166307777194841
-0.107997733261425	0.0767033579144351
-0.0266615920662982	0.0197260335255413
-0.0288084040758273	0.0182039063624481
0.57694136865805	0.526777128836947
-0.167604536113783	0.129682469480009
0.0321238737609675	0.0224059683094396
-0.74661426307533	0.858685096618071
-0.00787736392740168	0.00597243810734695
-0.404518816820224	0.426045132731406
-0.229707462241216	0.169430472617023
-0.70514111848588	0.559358610897634
-1.15927877514005	1.55821206892516
-0.437479154061255	0.432054240437389
-0.0565835287092844	0.0428867743321938
-0.598303000141826	0.536322874856514
-0.00734449261564214	0.0046725361710259
0.295682807022512	0.248944074852498
0.144972868531857	0.103497409857561
-0.286528875377083	0.220303114647233
0.117215897410106	0.064722998441671
1.24119435242357	1.5796195847881
-0.360517182077814	0.207191214344289
-0.371547406732628	0.304001599429243
0.204424379839771	0.161451812113718
-0.0914159127272763	0.0666800519755846
-0.607409740686672	0.550916547687247
0.338936157811354	0.237840787832049
0.174452352728713	0.116601927507072
0.132833353000098	0.0620717438949696
0.016124094322083	0.00755015894283616
-0.560286738185898	0.444175829871557
0.0813356667929357	0.0484941195260488
1.49099634240183	1.48782754384593
0.0173513653544592	0.0115864368375152
1.11290593568963	1.32322223121213
1.91973368223795	1.88752458472847
0.287469856163505	0.205544177753859
-0.801106330854781	0.570813175658486
-0.202783980456964	0.13071305340772
-0.977335873027171	0.82442540300439
0.402919717100754	0.320516987301509
-0.302144053481417	0.215682222386782
0.389464414617657	0.313846573890924
-0.0878609848826689	0.0392113491100069
-0.334081445684409	0.206104879836342
-0.0839804410404907	0.0556976043918316
0.44640919174214	0.308225121763835
-0.239879047269743	0.177074224110307
0.682391365890882	0.660999877225279
-0.310699780253527	0.199494396613241
-0.536716972851596	0.479329410246799
-0.386895738549515	0.377284733898501
-0.530669342026564	0.381322263985107
1.44471898779351	1.81640069841306
0.15272301429838	0.114133273383017
0.343304385399238	0.278772304128822
1.10294085563627	0.839402221958535
0.248907255341187	0.134022239666543
1.28316987854624	0.788066183530967
-0.932897788610899	0.41657074806282
-0.104369239421458	0.046824112948386
-0.320074185067623	0.239459958805692
-0.246713833911016	0.141961445658547
0.53355828818605	0.280064153837374
0.0378691454887187	0.0170172229995725
-0.0219399647404412	0.00854610952806056
-0.514011664184781	0.427364378839886
0.145477966436408	0.0739563188101248
-0.337160884142295	0.304648199864863
-0.714788143978911	0.688096797968214
0.642007571454057	0.510373034434918
0.0186789066751906	0.00968012428816228
-1.20257962600784	0.934469835778724
0.301621216830801	0.105112647563499
-1.57947185670557	1.21716505640112
-0.604450556389798	0.591412543001271
-0.826166969324176	0.848481248639591
-0.430311893208044	0.551741984068171
-0.9464415935414	1.11692240162363
-0.948765111232744	0.925241314051169
-0.542322341851397	0.571822549682377
-0.865160056152455	1.19890664152232
-0.226291302752769	0.162254777934775
-0.662154048987784	0.800966163131729
-0.753324725238348	0.89553359288725
0.409164974268764	0.46142141922139
0.30415920238163	0.2350042274944
-0.620323102482522	0.595444572962375
-0.482836365891546	0.442803595330536
-0.781364267384597	0.754522726810968
-0.274494787293147	0.210900718706898
1.18540751198862	1.47872701996283
-1.43582744636941	1.22102471342091
-0.281071591057933	0.242027858385992
1.43389387139244	1.59852823302483
0.281987352750698	0.212418847308647
0.0418009325962314	0.0284395161382453
-0.191158530676847	0.120283920827326
-0.276959063105292	0.235199328205015
-0.80406979492326	0.945892641270552
-0.13320540997935	0.0949483842492389
-0.467466682123172	0.434952524316023
0.470986884968458	0.462374751708949
-0.360669986709643	0.359263669579016
0.0278296102942049	0.0214605015656298
-0.0756440643691915	0.0501507139248304
-1.88179080586956	1.72431482711294
0.267317168830526	0.13417259990281
-0.343704488759541	0.2344694665251
-0.411711614596029	0.226655226187033
-0.527628997847502	0.328466856321587
1.54633065670377	1.70061862280826
0.93199153661902	0.957663852678962
-0.0312695587389441	0.0115281035166648
0.167530791205265	0.099775708066941
0.367498511931635	0.261472609347174
-0.224088929798743	0.136007224298119
-0.17452638040187	0.0723591362742293
-0.341669842631773	0.25792875528263
-0.215581704045489	0.123402510583747
-0.55402306685636	0.400426477906157
-0.603988681334233	0.455206112115528
0.5812117384217	0.488619801785812
0.329631299067396	0.217150165346018
-0.147287779054107	0.0903579817698159
-1.00534471363754	0.904117909753272
0.351808540853805	0.271532941905893
1.09743306451112	1.0502832425144
-0.499779889497825	0.47757700253006
0.524358942017985	0.28383672598254
-0.358162126832877	0.302926620336164
-0.053833990647967	0.0313000261456489
-0.382298949172228	0.317412946499182
0.203002514126733	0.163960999467013
0.292016190993591	0.21189568227254
-0.621335937907293	0.620805485711093
-0.00428938394954536	0.00199466330322628
-0.188671902934955	0.110547229556953
0.954644087618578	0.435604384082708
0.0985899692210196	0.031690759962288
-0.838848634465227	0.803693999978624
-0.349815949669597	0.305619438711823
-1.79197714275623	1.19673498439193
0.259174604669795	0.128126285855575
-0.341085571885468	0.188372174021561
0.691191056552358	0.491069935717972
-0.604626381536618	0.4448278802402
-0.567539464005836	0.44772937995107
-1.73726602905907	1.47135077069907
-0.140670105553616	0.0903979538244865
0.317510963137647	0.186091730379066
-0.362967040699484	0.296272425598029
-0.0772820049659858	0.0450186456703035
-0.395183742675524	0.159607854522627
-1.08043456838936	0.361340664763697
-4.98547370217375	3.2759448549606
-0.791874722286138	0.738456523291587
0.228338660996619	0.169445379759374
0.646800634266253	0.629389619092367
-1.26627910991177	2.00797474829125
0.0340060645050483	0.0231608415874276
-0.391796304882698	0.279321007822454
-0.653211859277587	0.666665342300458
0.277545232514546	0.202834901134982
-0.139272142421059	0.10008234577472
0.0212864393158734	0.0117608027615466
-0.289945552219975	0.217658164402819
-1.15995172696011	1.65395635690834
0.827525604113225	0.964023395274484
0.382026283572242	0.330095599883297
-0.942562732630094	0.883675500011289
0.656033366917878	0.522216307052204
-0.665398029725471	0.754970050112271
0.776127516944876	0.711604500574321
1.09957315527828	1.45151314325491
-0.205678718844652	0.177417326846866
0.472455867913387	0.344225647113615
-0.318235500693843	0.247677775377409
-1.05354157534488	0.829597783515662
-0.987132442441172	0.95367960898398
1.01601664328144	1.26622439559369
0.369645280164826	0.396854126932916
0.0875441270110615	0.0588655964570149
-0.883512993947597	1.11704255290333
0.792815814296849	0.89546151785022
-0.50691890081004	0.466262810954436
0.0727390896658715	0.0569508383222505
-0.312908604461813	0.236403267139886
-1.04631336938277	0.747918739026916
-0.158516470697851	0.0798682985801775
0.402468081623411	0.302888208454691
0.0260938765517345	0.0144942047208257
0.122526924828278	0.0626765857874301
0.145062014268279	0.063159158247859
1.16690074283889	1.22697516793019
0.465805265298852	0.306730231681018
-1.67159947830387	1.75178663128142
-0.728389242049077	0.405632444872246
-1.43215881395099	0.735149198574401
0.123367440101456	0.0788293182925943
-0.574193576950564	0.484704433834977
-0.203620122604449	0.125694704379104
-0.0455916201565311	0.0308531910118171
-1.05947406998772	0.861054988383973
0.430674470542342	0.302478680476119
-0.745858652780592	0.707391333952181
0.446554641970789	0.334446836026682
1.03319195206457	0.532533332319321
1.63262752430524	2.1671418655407
0.561338263630763	0.542708382619571
-0.102696059209654	0.0503908812109831
-1.1325240433823	0.653450820013634
0.350940973092881	0.249151158016582
0.449628062164216	0.346579855464046
-0.199692462239991	0.130314065462984
-0.855506240032813	0.619449282354819
-0.741465103015303	0.522622639761673
-1.20113182114003	0.881358487732414
-0.103765329784969	0.046299982775926
-3.97324011016106	1.7436464985896
1.37379585656639	1.22224187821137
-0.799569761109967	0.481118050494204
0.705241297435446	0.53903397228851
1.70017988212859	2.00103965094107
-1.04863802029608	0.837790003471181
0.316948564097317	0.164456933825735
0.277874987314111	0.133189223482106
-1.63796803286979	1.3356482543753
-0.997701739999149	0.575289566575235
-0.910787958115088	0.820516828075234
0.467572073700382	0.408506469010102
0.776820966459806	0.518640925576992
-2.1662995231231	2.43870214728487
-0.462330700175565	0.280556443316322
-0.271445650976461	0.146013006649536
0.258194695307881	0.135969872405164
-1.31897294975496	0.701954416196858
-0.677900913616598	0.324962533739523
-0.886742980275021	0.907203684108143
0.00557525077416857	0.00346542639829981
-0.671046040363878	0.604782718621785
-0.817861795341713	1.04240182689702
-0.401581808783681	0.255980494444257
-0.516858882885257	0.472254496330082
-0.643509926586076	0.414114898416449
0.514794775054068	0.415563653516596
-0.588120289355544	0.673764537748701
-0.406700987595994	0.381492951062894
1.01263424832643	1.40365382698274
0.425391648175523	0.415168978222709
0.314557017157409	0.288606145518072
-1.09008848986797	1.61727523754867
-0.126016746778511	0.0786479366784417
-0.273580964433487	0.236433412625452
0.636283666589917	0.63122334069021
-0.400547542584945	0.361657813218053
0.360133902158298	0.316118798097913
1.09178586734745	1.30001615040202
1.16575695267164	1.79771669978575
0.485935452386963	0.419986500010889
-0.265946825370487	0.186471981173698
-0.141557393298708	0.0867589689936725
0.42595970419015	0.382431148689708
-0.479511233439795	0.33261935645204
-1.80505265992382	2.01966889880188
-1.08551503878823	1.25335291101435
-0.129306486643544	0.0853530646442315
0.219360040702691	0.139152316310607
0.73954266717261	0.676394474812746
-1.13719383191842	0.868451054832767
0.234569086491346	0.127140464331902
-0.765672327777008	0.479992437828256
0.923569995961473	0.71281437922852
0.393428280053119	0.200115865276749
0.473657378511027	0.275406882291921
0.913361277954082	0.607176046131274
1.0442487414953	0.963816092353315
-0.425826129611859	0.234884073206739
-0.253348827617499	0.144497754498537
-1.60322740281153	1.17340007946227
-1.60890329727206	1.23098535914089
1.43287177104131	1.44620036170632
0.126332875781723	0.059119428082587
0.379048427742569	0.242233497279978
0.759764827582188	0.727488784914376
-1.77749542698207	1.58880144054853
0.0432316375307616	0.0256084728532686
0.0317572026292781	0.0195112907181177
0.548646931253544	0.404740656255997
-0.343902519295169	0.247792519396207
-0.206169290453034	0.15380941549323
0.144804154801228	0.0691346686171195
-0.340126275044997	0.238983805602027
-0.362768213157767	0.298477708478047
1.22171208944515	1.12002211579864
-0.148649943114423	0.0921190800825884
-0.549156395804899	0.393701956803342
-1.47115709378257	2.00087962570706
-1.78338401179921	0.752107857643796
0.232105414684451	0.132999910570672
-1.28962986610511	0.477635949130163
0.592863060328624	0.28645841630698
0.926237924147866	0.638574375945046
0.0730864060324377	0.047571531777889
0.815663322773818	0.830610681263184
0.748002254547777	0.682104471285096
-0.084090822987221	0.0394695262975112
0.517217400233049	0.322299519579632
-0.89407758718298	0.479094743948482
-1.69877969864317	1.38470656461504
-0.0634886708241928	0.0336873394041647
-0.00187790921443054	0.00124326421632399
-0.431927954471014	0.33669791517061
0.509957773524088	0.355905558091331
-0.390069312070303	0.25351153516009
-0.794711158530427	0.475046064102627
-0.390956942127426	0.181372666414434
-0.915409873489797	0.766225746224422
-0.522985463556653	0.478447673402889
0.35234809668796	0.267590204293101
0.411903164446841	0.38885340542591
-0.500508412350329	0.293225374175333
-0.869346608743101	0.953399491789364
-0.552257697972137	0.345703038043204
-0.159445236062939	0.131149562666773
-0.974931099517605	1.27941174551361
0.432715734823516	0.460650016147789
-0.117170595268078	0.082924142576954
-0.222787084761549	0.170328115710745
0.208332852929946	0.155819400955162
0.393465056060696	0.310049866527983
0.633301557113328	0.511306154801446
0.135341457108225	0.087734722424234
-0.647789368052168	0.530203323105168
0.473781887365275	0.387335040384412
0.874168098307792	1.02867704912557
0.834678849268823	0.612855270978875
-0.0892808468313197	0.0654673193645351
-0.0645297076841539	0.0395394531745027
-0.139197017345525	0.0795900894342248
0.472443922872769	0.355543210250701
1.04496380076611	1.12465555874737
0.325823038398509	0.253028566008581
0.578358624590196	0.482133745832265
-0.490188488409179	0.428358767782438
0.221777840638024	0.126416788681078
-0.541638755542641	0.38120351278512
0.0234845085292737	0.0128650602655228
-0.164225503445742	0.0850133089428669
-0.0726230124083994	0.0347012570364762
-1.28091991638071	0.849146263169702
0.443901948191197	0.264848796279222
-0.41273362088115	0.22343386334137
0.610938201117766	0.434105052347534
0.940757169319392	0.760001660202028
-0.998766776256765	0.574972699844816
-0.0220916555370336	0.00844143331635079
-0.093750555077887	0.041403219674205
-0.992174691467632	0.750088587364417
-1.7555783412725	1.39086573608609
0.39498070581242	0.326007820978628
-0.819666699637858	0.584179578526225
-0.426761180500981	0.364934595356774
0.969702792153337	0.837834559375443
-0.529739541250407	0.380256976370834
0.265015624357767	0.164019080104852
-1.12409207520395	0.925245652460058
-0.458765201843698	0.281024244868713
-0.313731691102054	0.19158239318411
-1.19246700023844	0.765664824343404
0.563283652555289	0.432396486325494
-0.165820969375469	0.11407934956765
-0.464981539074633	0.327793157704089
-0.363093225362857	0.285787656300114
-0.0776373444704529	0.0486045974892299
-1.05534716524309	0.73456795884366
-0.424129471287612	0.222391679375343
1.05574486932434	0.642811789586154
-0.0361996488370343	0.0134773672642978
2.76691322741127	2.83421659630148
0.0994892878575422	0.0567166969611638
0.154581957773771	0.0950282203593318
0.152186137680978	0.0921322004544529
-1.78408788928676	1.18185928978052
-2.3520149996992	1.35135021043636
-0.172475960147323	0.0923775412756546
1.20978147943474	1.13126014417392
-0.66586706792776	0.47260392575073
0.0861454535797928	0.0516620204758423
0.0158310443598339	0.00662575215519626
-0.460934834293777	0.308817790918622
0.551576280943035	0.206385423655269
-2.22206990231665	1.20812376607445
0.0357614462822738	0.0246983479195306
-0.960329910514902	0.890219070463578
-1.2171827971835	1.78200202292671
-0.988865156300297	0.86675918992645
-1.28429240025541	1.55016212767925
-0.703930947387817	0.68028706811534
-0.960268022160865	1.169206531325
-0.0860010596284789	0.0725328660994002
-0.463822274458487	0.450984389228809
-0.33886683178555	0.250440672080519
-0.242479982897777	0.200780809589898
0.20423854556582	0.164213260672465
-0.263987675835461	0.214260571963629
0.439548493144754	0.325891262928778
0.0401141817101538	0.0273715463843798
0.0527297186181584	0.0325712110586073
-0.0832842862084759	0.0630212021414126
-1.13778988427377	0.844794064680848
-0.260059726321372	0.235568752544774
0.536413693686541	0.529587315443005
0.0070055088490995	0.00500087288505667
0.587113296414711	0.509658286593831
-0.347257060232043	0.293130497808851
0.756944200873801	0.879513212157387
-0.555445776685429	0.494784904233358
0.41486440804841	0.334161280303788
0.313164794550787	0.236217309115404
-0.727590000675435	0.758002141743322
0.700808028071063	0.644151286357692
0.0712073426060214	0.0433644413491523
-0.371253707636182	0.276851240122501
0.0287012769676004	0.0180137635487876
0.198252324170192	0.118169611340268
-0.110537638266505	0.0663558547511965
-0.297803559458483	0.19147359142948
1.60591146486539	1.75070201533397
-0.800152701364715	0.38143291872422
-0.57930622816158	0.244861389283741
0.0236735058641101	0.0131540260460886
-0.296405874241178	0.153472510988559
-0.248329926059536	0.211675227456468
-0.140004157167008	0.0766267351695002
-0.431228275373178	0.288461418343267
-1.12824566837893	0.834560001759629
-1.10768895474447	1.12743126945708
0.317297072330779	0.211722058599266
0.741616697274267	0.674386599002348
0.572175661823502	0.529733931053078
0.558710808379808	0.452207650993275
-0.510603221782837	0.38358514280654
-0.137676730964554	0.0895685173145857
-0.642258515358187	0.537348182127668
-0.991796591660845	0.75777799828264
-0.212723275191703	0.130589279273014
0.0147649010184839	0.0104878732327139
0.379158730000702	0.268793624561874
0.332016220615492	0.248124378291275
-0.0597834855710434	0.0398601214151166
0.0889530194749846	0.0654115619396829
-0.637098957232377	0.676526844075786
-1.09777058811553	1.27383921042828
0.404713943894282	0.301039876233277
0.401091947956179	0.306290901963059
-0.0597730641489418	0.0283153016744295
1.24840646656769	0.977678565862455
-1.31136590364863	0.696098294934204
0.387207051434106	0.202313461955545
-0.305648168494748	0.241774731280938
0.262749860889845	0.192704955646479
0.423775585380116	0.261299754957015
0.331242605651233	0.192284600173218
1.50251273162573	1.79728366953926
-0.086863471992157	0.0412255690710559
-0.340827007695965	0.19364214060709
-1.02890422068394	1.0232731370162
1.44937758840307	1.80333413717281
-0.181604693728344	0.132412370211554
-1.32803479766567	1.4867806106759
-0.639373692500599	0.226586745087277
-0.217050193684827	0.168302391300578
-0.011078456880521	0.00691727503059458
0.0205300806456903	0.011517452150507
0.544119525721357	0.589107135399249
-0.449064522942729	0.26048033721277
-0.236552005638459	0.195303297319603
0.90591044567575	1.01344646424954
0.33999301294263	0.265024915985049
0.202359589662232	0.174825185257354
0.512303157039372	0.351925167738535
-0.25471359267069	0.192384415391536
0.252514560864788	0.196043487881082
-0.170397099644693	0.11605601767753
0.638872366308623	0.467991050632274
0.153883796867357	0.0726503701056664
-0.567930390095465	0.479165518680606
0.599467997499537	0.668065042827639
0.58744816811328	0.464921161571375
0.352477674247711	0.21977396844388
0.47115223432105	0.457217753863627
0.19058125522871	0.169274409455597
0.0139268354149094	0.00898384860001351
0.378513490856684	0.272239505268975
-0.593598229113751	0.437218147351872
-0.200501654885296	0.128266368290017
0.648250352960255	0.505200487048255
1.59528645191022	1.76055193278856
0.238893144586448	0.129483660034523
-0.156033963867739	0.0806478162789897
-0.0795868133570176	0.0401448519673667
-0.594354483096735	0.359723262578385
-0.0911150588760508	0.0397559884492202
-1.41007567432828	1.26249471864235
-0.0685237175916928	0.0417102376869426
0.229167076733637	0.121316000839371
-0.55926071386272	0.415356039996999
0.851057084166042	0.473911063150586
0.84127214375374	0.709977291736673
-0.880683391274525	0.806740200736927
0.835862885555437	0.997145895299113
-0.17689478368332	0.088448278347114
0.137456466889294	0.0523082065813881
-0.548826035894576	0.395885990940892
1.0972457427296	0.904601933383782
0.222881581298393	0.142133917607583
0.178407590224081	0.128834115525761
1.67187060976954	1.86813710210475
-0.228148530968089	0.146682373288393
-0.414148418881038	0.325682509737829
0.00460034485103752	0.00214156562478985
0.660730086085866	0.622439695010628
0.0133221429041191	0.00718086467343786
-0.0747120376786612	0.0361282957097971
-0.693046579425431	0.553759318084093
-0.103735730011601	0.0443797656572764
-0.298034409298672	0.129444941426299
-1.44342649891202	0.736721306790366
0.526019365211755	0.316409181522992
0.614370526236768	0.594879206615109
0.27614638976701	0.201144424243955
1.75989653217865	1.88502960077864
-0.716594237868995	0.453261558132746
0.854822700991069	0.48056934024219
0.324503759385275	0.218292454752836
-0.157801345130145	0.0637804399563058
-1.50261226922467	1.64254223642658
-0.0493207713481737	0.0299172523584497
0.871744619882345	0.727260278127664
-0.00105946862438649	0.000589641021510796
-1.3742946787147	1.14744688614363
-0.481707501456152	0.32361577702395
-0.574346565207832	0.386525989381093
-0.446535865934492	0.38420504635926
-0.200449786683171	0.122704108707173
-1.37522637188488	0.9426347861466
-0.205606345520422	0.127843903757986
-0.526850376967363	0.259054193489666
0.657739695840356	0.41379925728812
0.278470004555314	0.129417284596595
0.210565780110551	0.126079601560129
0.912706903680618	0.956977316848277
-0.180516833685344	0.0918484934928131
-0.281760820830339	0.126915680255295
0.313626078030141	0.234919104133506
-0.442780405714594	0.379174115910966
1.34489114938215	1.33703615845548
0.142507123520334	0.0682541339811572
-0.16933238375233	0.0968889439691551
-0.480892254386321	0.328586473540292
0.379651976033881	0.190710446159668
-0.422671528025862	0.202901307398679
0.341086541455428	0.18795072359069
0.142108451560621	0.0624039600264067
1.05021179783055	0.632994953958204
1.4926980636929	0.983757468719329
-0.542984532113884	0.232211320031104
0.707117897054476	0.304955380867819
-0.783953346240449	0.401229206467982
-0.255722178541518	0.0969356609784505
-0.800152701364715	0.38143291872422
-0.832636786270048	0.249232691777988
-1.1912058369645	0.763555552308762
0.143161188996247	0.061616423494508
-0.671086169824952	0.317956600231105
-1.53026120211968	0.909142145993015
-0.831797157170485	0.249598715476935
-0.782416221285588	0.318997314687106
-1.69221120002348	1.09425948822633
-2.15790500177253	1.76344778871877
0.664709306233608	0.422739134596202
0.700177246098433	0.51528338257073
-0.800096913760081	0.601187876075036
0.391246652713502	0.196744705619043
0.59429292299506	0.497971978039058
-0.32977134676353	0.171265939063997
-0.685302569304069	0.322943847257198
-1.60433546620592	0.992998176184435
0.385460914868954	0.197128761029868
0.141658614859343	0.067288271813621
-2.22914751815413	1.24078533207727
-0.304833270429141	0.155085951246162
0.550970838351554	0.425113913603432
-0.267884680010017	0.144117835099328
0.265912925010422	0.134623408853855
0.125797850757633	0.0494397639864758
-0.524838478496824	0.305982996091485
-1.08896802480698	0.665562643782416
0.675939592271796	0.364646433345514
-0.101997947972724	0.0220402603950303
-0.248479287287412	0.0727757969773481
-1.90136025736948	0.887048744192903
-0.00136261508196037	0.000745558040144967
0.958940374814979	0.763130586145001
1.01728386155494	0.524010395042607
-0.273957618768432	0.142454882850317
0.299059771751477	0.106690879367608
-0.098488861150623	0.0346690753468352
0.784391077779955	0.526807974898859
-0.142708165422328	0.0765382084173519
0.106696268448277	0.0572110580301704
-0.679329360715553	0.323706475615128
0.132642699948976	0.0563607547414937
-0.460449925912014	0.359693310145276
-0.110034943260948	0.0781531125325094
-0.152331708425431	0.107653505055381
0.553916582736364	0.445403525676351
0.623789081795116	0.52776795880055
0.487209369129862	0.342230931198606
-0.795650406443579	0.893263546731463
-0.33448340321592	0.203033434279861
0.179051249862048	0.103525170404314
-0.447588148469414	0.270924705625037
0.156658999709313	0.11492437613143
-0.0687554171546442	0.0382625790555414
-0.143043216469943	0.102845403357978
-0.775987630749777	0.904558654927828
-1.50468146814141	1.84381296414606
0.437414172134776	0.437989453821694
-0.170001649121589	0.117358370057365
0.503452538636984	0.448560147175791
-0.739442783488672	0.547996912874619
0.973670890197544	0.445479037045078
-0.37565858362588	0.203122145275286
-0.214369303433124	0.119127526581609
0.142723793870824	0.0691837294125595
-0.0773126332000308	0.0375481165635543
-0.531328582130925	0.333594801341138
-0.160113552502243	0.0662820274179876
-0.685807650034507	0.579400581768656
-0.61364305046828	0.358226038907731
-0.670227141032008	0.426449455763051
-1.00771762784053	0.550198986362657
-1.33596637140773	0.894806482362522
-0.427087601128422	0.29458926427651
0.0211572447315553	0.0113660351283094
0.672982587321614	0.521409562128271
0.685832271293706	0.487676072007979
0.058116018468867	0.0304173572662917
-0.0476594907115135	0.0245127255827235
-1.14150460067931	0.989370905052943
0.257467188363985	0.128306781237344
-0.843024577422259	0.600789898040681
-0.397218726811959	0.264594682855754
-0.989362058418242	0.775698355814053
0.967041903904651	0.782605702142147
-0.134945601777798	0.0783183296116382
0.415296565270859	0.320105235894956
0.550558007790569	0.405846641412326
-0.319905656362939	0.164794224054597
-0.414622670947181	0.24613848418599
0.94070496269027	0.703494838956026
0.400901093964945	0.209921540215468
0.699590800915363	0.301868890884042
0.243468741682219	0.131742686626268
-0.305987815865834	0.191546145928941
-0.336431643329178	0.236654213300441
-0.30369716939527	0.214281953423632
-0.995641053526992	0.974660709666147
-0.561296788756974	0.242032777897229
-0.695074634465355	0.391533893454086
-0.397816509564624	0.250925760471144
-0.265227065175729	0.148055181267055
-0.370943186253717	0.212460002260428
0.162136224327041	0.106814288294215
-0.0774121190314355	0.0393712479533725
-1.19542822379617	1.07319413320824
-0.32513650986149	0.227933900356004
-0.147741657981206	0.088733301616309
-0.158218376381353	0.0875568062510337
-1.0311527563532	0.837217295436824
-0.806508241993911	0.622487789911012
0.262712337747492	0.171345800565073
-0.876521088639824	0.556932696256653
-0.513088848477845	0.356058859837717
-0.0622853977801179	0.0354077468061878
-0.232811402357016	0.134885651865141
-0.549231222875046	0.486671104534578
-0.165214219549366	0.125462022304017
0.185615217254155	0.120532429672889
-2.01156386186782	1.54038678831194
-0.828867846795102	0.603253765518566
0.205784041151499	0.115919398120239
0.183372566630549	0.104500436958613
-1.46407865540633	1.32740026129075
-0.512850015022276	0.253939805114516
-1.21461110409828	0.598809705283634
-0.217587035337762	0.101365219660685
-1.28356755628504	0.872332280190589
0.0123265503707042	0.00591952997071213
-0.384256227691644	0.175356528496214
0.41574261310423	0.333568642809083
-0.886261686924542	0.471867987709494
0.561140006970258	0.458197901015036
0.149626608364728	0.076226482915658
-0.334136168361412	0.168595713706937
0.87578289538904	0.791567247069465
1.46583974658294	1.52760025210752
-0.0431197884775592	0.023327136097467
-0.505937483346997	0.286210192438655
-0.304332318844599	0.185932153470718
0.276337664447573	0.124522663031918
1.23602414225905	1.03129553263138
-0.0916941659581905	0.0316109574781246
-0.0642786988194594	0.0323087407209222
1.22017304755295	1.12479712797958
0.382078156827443	0.34792302529659
-1.8087364936229	1.56930466810161
-0.0719112333462225	0.038982756185244
-0.237936243634145	0.110076866329875
-0.0737897892067822	0.0453743121949015
-0.690825538624528	0.421404826654575
-0.792609472305058	0.462728642345798
0.0862929220052194	0.0296003476197554
0.115410805313118	0.0442364845907319
-1.62564014165164	0.951074253681504
-0.0723618362128959	0.0487856211904086
-0.808616789582056	0.476880474013943
-1.60767255554326	1.00657114728211
0.222008844551367	0.127047878826156
-0.41840060109295	0.275179071334535
-0.147516568713688	0.0923974279418879
-0.645171134884328	0.529767237592397
0.101902853458162	0.0799343185892166
0.0372422461577945	0.0233636421833194
-0.0537432983990445	0.0314219962444972
-0.242595734663445	0.113772884445555
1.07816633786354	1.01456904471533
-1.11989892636271	0.950118570552094
0.0220419670675895	0.0116911953432593
-0.34177740730027	0.196639682073314
-0.0912164030827882	0.0401095455270023
-0.711478344216781	0.433874061051851
-0.688459995348632	0.323998906284518
-0.119789113657852	0.0506711966241748
0.262800266053279	0.131137145325451
-1.18639793614155	0.766700961395567
0.184772532216294	0.123477764069791
-0.232862037567317	0.151509374151598
0.547059257657155	0.424084110292549
0.317100428532263	0.233639960401097
0.177881574874654	0.12042902668751
0.398689778045568	0.319180586802223
1.09816978107604	0.783080119163304
-0.669461055343645	0.424135638049196
0.96541186519157	0.783899425935559
1.17065129383796	1.28137343114631
0.201450482372376	0.122899069689131
-0.0427578955626608	0.0213927732818723
-0.240322065780501	0.192345608932318
-0.526772242656497	0.409833036193129
-0.821120935093866	0.589103228637471
-0.246364197002057	0.181804625156832
0.855580725202042	0.695545290011467
0.0241011443035055	0.0125992806676748
0.828948184735883	0.764529793138877
0.122195558057125	0.0876229962206936
0.266389081406737	0.163644859218844
1.73817996459227	2.34200139540508
0.136963453145372	0.0716177757356568
0.248621915018263	0.107857703237329
0.461649642534052	0.261470069538828
-2.12631749173566	1.13318489005262
-0.93254809768454	0.410235104710225
0.237525037153723	0.152964553565686
0.0625802184164852	0.0387988186505619
-0.132994717438681	0.0745028893361809
-1.42431121824205	1.25521778911683
-0.436073053878505	0.266115028590759
-0.816549653258478	0.650098111480536
-0.368249897471688	0.261691332041719
-0.334530403709313	0.187276439090442
0.606713953085618	0.300099832669975
-0.237568504479847	0.112007794157793
-0.0760376610553393	0.0346291512183588
-0.150590519868295	0.0609688374032552
-1.61000355406648	0.996816303341641
-1.06549849783183	0.49845954473294
-1.06277198773393	0.477678854246771
-0.625466747692944	0.336448982501265
-2.42535901257838	1.46598443350636
-0.989606489329189	0.681451635846561
-0.735388835087442	0.409064521459087
-0.901362356414661	0.59457211395875
-0.998167101419422	0.804459399883256
0.518484245994569	0.385046894260613
-0.177938652593403	0.0909132170062732
-0.455971242015037	0.264419415702951
-2.14483532443485	1.73685818131532
-0.18262383493718	0.12673418121098
0.0120252161196989	0.00514480877984558
0.354339542827448	0.234235055070382
-0.0638294405529991	0.0326391887308689
-1.18834213518018	1.02072753795102
0.515274605008629	0.322843808459774
1.30611980210903	1.37143018915083
0.213776766894341	0.142502444389786
0.354620719738568	0.296425991413211
0.25637043762018	0.168454534222884
0.0133221429041191	0.00718086467343786
-1.43547514733377	1.50763095980532
0.847360662200032	0.858639054174392
-0.22069407839727	0.107176108463621
-0.312843354466277	0.188662816256873
0.680299701494427	0.575383360314755
0.0601560401074285	0.0314283510214583
0.651719684922749	0.654653406398784
-0.925709882037814	0.585831708220962
0.146092528537978	0.0687905949038626
-0.328007883203044	0.167246582658094
0.313741309899922	0.203914204582291
-1.51741830785605	0.908449633087793
1.27451842648239	0.847811439415555
0.0108539775293926	0.00294215097137045
0.808542228274281	0.406573906646696
-0.906409578317517	0.605114101713753
0.0167886266265984	0.011619663649909
0.392050196658218	0.318423763873138
-0.183359662966575	0.0914704177419918
-1.19663557150672	1.20054227805282
-0.230560828763768	0.133549145788989
-0.554775390691991	0.422421274004498
-0.824094929973443	0.569855513636535
-0.19502221447817	0.0901232866700466
-0.29845276262071	0.133926486576008
-2.23754909322509	1.21290062609826
-0.139729169812109	0.0763696854740751
-1.48879459662954	1.37200685867043
-0.359494351214491	0.210439246643934
-0.712362304496296	0.417285399110011
-0.288066351112441	0.125341652903407
-2.30206516208484	2.5659557309554
1.29274176730878	0.78898310505749
-0.277424395209659	0.176359060329032
-0.44064160849243	0.271397102152028
-0.142837298886235	0.088814598477155
-0.924132144261377	0.728818606248473
-0.0466218070372739	0.0253317841907103
-0.254515333605522	0.136434817054066
-0.0567198844882967	0.0377277458218858
-0.687094786235154	0.534800785774218
-0.245221237972518	0.137466276604806
1.1220204658932	1.30819917993656
0.948984242333114	0.758118290430795
-0.423034440203007	0.304954681450974
-0.292568690938724	0.212335246696957
0.55273499055397	0.416841820077831
-1.41473948096797	0.748941199554871
-0.0910474318787652	0.0429775859181033
-0.452993999669963	0.281703094192966
1.07548701822326	0.848218826031558
0.18988959421418	0.102140800652739
-0.296716221875282	0.204044122624323
0.150153369106173	0.0941925876532403
0.550875092017765	0.427056045134944
0.189044438167041	0.114806287315427
-0.355170856149606	0.241907188015619
-0.76562602079886	0.507623907793141
-0.441735175445131	0.239590669700947
-0.678203550654659	0.325875206973663
-0.162183924282488	0.0673406126555077
-0.153272206134058	0.0869369091735983
-0.284659513428319	0.184642829199873
-0.55055418455282	0.389444705790866
0.948654182785558	0.76920619135696
-0.777312552240729	0.531435550859467
-0.576199447014686	0.458334721729688
-0.674885380612409	0.315048788292716
-0.780186655846969	0.600883707460953
-0.0253556184026272	0.00965670817140547
0.47397978319931	0.268085248740354
0.807848968332842	0.41665441666611
-0.999398625263542	0.888892868075579
0.133843821552003	0.0738863683618799
-0.097763366051294	0.0632435098391164
0.265653162916425	0.161928932415992
-0.141070508269614	0.10360756211359
0.354465081701244	0.282078829358465
-0.598639313250426	0.361262570617346
0.860742065433437	0.856226689259131
-1.04831351393034	0.966342755587991
-0.789778707537856	0.740590831634531
-0.379014524289173	0.218785512482695
0.048382850146463	0.0257761223635548
0.590878610477033	0.528842314083167
-0.179291478936529	0.143831363575896
0.663142527195394	0.610487447585186
-0.982219136215948	0.848977491552812
-0.144276717889891	0.0858131181542437
-1.69292187223045	1.10379114409748
-0.112324986266685	0.049603023656863
-3.32796440159522	1.20355437314332
-0.30305002069618	0.134012142087597
0.227077848761727	0.162599798129148
-0.0376495695482561	0.0282545372059431
-0.155461490548636	0.1023954394661
-0.999707302258168	0.578098200979702
0.387202866507352	0.278526369416167
-0.516785108674051	0.252729034133302
-0.983834515478659	0.564504543008678
-0.893536030159721	0.474707759425494
0.517875820676361	0.3662300812518
0.355530063285819	0.197298324084272
-0.714902590747122	0.419210607542325
-2.23195447676165	1.24236239659032
-0.20300293259095	0.0958722359753208
-1.89428059588546	0.897505208314758
0.482348249168815	0.19996716598569
-0.368030274646769	0.212160883447257
-0.630085153690299	0.342689914805537
-0.0472627584210466	0.0239061542458306
-0.555147609814327	0.47416091075707
0.496721232661452	0.326792298583674
0.170611932676962	0.108085443230779
0.798672563541134	0.778083951841877
0.09238904245606	0.0535948471829049
0.0469894568428919	0.0210917071409952
-0.040427352571387	0.0221631104762422
0.0866947378390556	0.0498383916123989
0.971084636349376	0.892836581531925
-0.439377095040613	0.237067222510812
-0.442660547255788	0.311046932572277
-0.148390758570003	0.073360711990292
-2.49582076805792	0.739355067527278
0.084033329702454	0.0281441865265919
-0.581107788541018	0.392091236551065
-0.338861388469437	0.215783847272076
-0.350335019220283	0.200074780097298
0.246320088117271	0.161182396777145
-0.303593309980223	0.193939774750809
-0.0291818354696786	0.0107286939677045
-0.180249817647466	0.0728264699835331
-0.266704236684813	0.102478933100462
0.0114202123721441	0.00307192001957707
0.357244848996338	0.197101665041035
-0.0621262906937027	0.0335445463610057
0.668894848499417	0.426781887057533
-1.54450901092149	0.891749854440868
-0.54476111697204	0.244710620024709
0.528148342427671	0.331020558202836
-0.213453526795588	0.131561378309511
-0.488106057020363	0.272041942183868
0.206465156652267	0.136763338460641
0.279801117988839	0.126107220442948
0.00511692954643639	0.0029179894164055
-0.409590063730904	0.22143738417429
-0.101509419593153	0.0445676385049303
-0.186308501886964	0.136925037677099
0.127309692570209	0.0863275576870327
0.000824016342676212	0.000367787918477464
-0.164001526849797	0.0846661719744071
-0.310597098903776	0.136048496280196
-0.0658533099960759	0.0336800082367386
-0.144292144245605	0.0800325064920003
-0.399647076255079	0.193874495994962
0.0149309721463775	0.00688959045740971
-0.553470814296881	0.248587715229636
-0.266329184344885	0.0979056412733551
0.132510304864074	0.0625098181428397
-0.304805469943203	0.137870334229883
-0.747124682996318	0.493733510667881
0.900259235939906	0.578689603169654
-0.430803157406447	0.234118446473773
-0.529677254151804	0.228929241411196
-1.62703488050858	0.991156449404273
0.0422647750216709	0.019155053127643
-0.158516008964135	0.0655904691584043
-1.07679869642256	0.770112720095679
-0.412228616606547	0.19648402671402
-1.20098863311533	0.737714546081068
-2.02519934186576	0.94276520311688
-1.0257147698249	0.677220243773924
-1.06092901580912	0.497254307780746
-0.59133739974722	0.362169764723501
0.0248355960286033	0.0101227280996424
-0.788872550906065	0.526830301494421
0.386395283465629	0.193065649155766
-0.827509018985055	0.248646107200568
-2.8436786365212	0.897528788955238
-1.4639940154101	0.579205934292896
-0.642443484435204	0.22833997894567
0.559204120580594	0.203591472992351
0.0859330278898689	0.0278398851358142
2.03702258591855	1.14334640084791
-1.08587305575592	0.359410997906107
0.291646728113826	0.0991189412403562
-0.0978213193620585	0.0220638318542834
-0.531841967384847	0.140696319301189
-0.525823473591188	0.142192228149134
-1.76758184120578	0.80805060854661
-0.447660229415192	0.156725286930136
0.788264220292873	0.397102584738602
-0.244501624053495	0.0763021184580786
-0.0035044494090112	0.000374007980371103
0.877103663811785	0.32437770524485
-0.304676380900402	0.135258567977044
-1.28703085292588	0.468797183826642
0.746209163567698	0.221842090412264
-0.419267212423922	0.172593191225792
-0.519503582578891	0.135921654883701
-0.0976917552379755	0.0333665623064645
0.299386290484491	0.118899848920174
0.143592765370661	0.0630122360545355
1.49972988165655	0.995530350863309
0.00359562472707502	0.00137167257788358
0.299086571308644	0.122100100054911
0.312292879128341	0.0913945327623091
-0.080287309420781	0.0522968004348911
0.0332793184498381	0.0150716084552429
-0.35095521421743	0.205476562781105
-0.845153812570394	0.616222139772011
-0.914552835681084	0.740984492465099
-1.40072399717317	0.769531979457944
1.44639475860377	1.29018923129738
-1.70271493101466	1.12892442481763
-3.69402627155088	1.48279424660154
-1.89310433224127	0.908780025165508
1.06101717033114	0.680232082493381
-0.786315336335407	0.407782822199806
-0.602605096136329	0.332687724191136
-0.316994768173905	0.163160625096597
-3.51582325847333	1.33026263386513
-0.397303587852814	0.163578510978359
-0.548541448769689	0.246418131352117
-0.93235814842435	0.409423643681654
-0.623043367043011	0.235489444745503
-3.83262556487914	1.62926501765094
-1.90691581457941	0.897622387831129
-0.260771242325509	0.100357884316154
-0.805621843420262	0.48898255709163
-0.612485149268432	0.335525558823008
1.00291227007132	0.50141102992894
0.269539141353074	0.103814108356037
-0.0589386048306008	0.027491575253505
0.879075957675557	0.46861954838469
-0.369383077209533	0.249126356888746
-0.103556440956025	0.0458335447952592
0.171067020187602	0.118008573754273
0.374601559343994	0.239455919702409
0.919221434632494	0.973851743877719
0.658189097220352	0.564840371478063
-0.0313576749440916	0.0179249957277757
-0.443607939580563	0.26981804197094
0.0197744492875087	0.0122894400638401
-0.31092812156586	0.154313972923601
-0.111225863130044	0.073422811750492
-0.130716401215646	0.0580595654403481
-4.58631124738169	2.50298478219484
-1.61460854138106	0.68338079377677
-1.28563619486867	0.466502345115354
0.54857087575441	0.128558386573012
-0.409894119152007	0.162460734361596
-0.847046507547779	0.495194644478323
-0.419486817795414	0.17369373995937
-0.92801648302384	0.399293985539477
-0.671455423096352	0.30248578146187
-1.63407716654756	0.671294458330174
-0.946436980772808	0.401307127871957
-0.628172707173069	0.240289784886738
-2.04668193501138	0.9513741272676
-1.29182360014174	0.456344981869359
-0.826886475386905	0.250046085549171
-1.2183519787693	0.571221284618207
-1.89744303361482	0.869942545926945
-0.640800015817509	0.236731962302497
-1.60988459797453	0.670792612470687
-0.414140668804589	0.170964202441465
0.0845627406767431	0.0286516448526832
-0.508096021748444	0.256870753066276
-0.955007135409748	0.416709064541203
0.647692010762914	0.419491146652648
0.739117104793359	0.455243336682992
-0.677834137358686	0.426517923969567
-0.330613821587934	0.197555848103874
-0.806341396560451	0.486324979247367
0.020845241493927	0.0106290620883052
0.268361778894148	0.120688660797135
-0.0409365215201847	0.0207792077930845
0.683550070354497	0.376669684903511
-1.20499008932695	0.750714945769147
-0.155550533574605	0.0818666797865868
0.304096999178037	0.222618229767459
-0.227038860397527	0.173732598572158
-0.279048205685899	0.176723405971196
-0.700809267099147	0.551316490355102
-0.911923694362447	0.552749265180545
-0.605253602204419	0.316486992810648
-0.327122707265215	0.194217698475526
-0.374907709102132	0.207800290039933
-0.783781694587935	0.454850158974062
-1.77154984567801	0.776473394174444
-0.685365869562318	0.325864607132529
-0.0864384886681072	0.0301454649546032
-1.41433661469376	0.995612443884321
-1.05477184326043	0.483984657825857
-0.410059447249398	0.196517778166438
-0.78891053270678	0.318837879114834
-0.610072763070972	0.371954029020079
-0.830458254376926	0.253340793357874
0.557538423079864	0.210347031905834
-0.62793356383172	0.235271478886622
-0.682426122677117	0.325989352473059
0.0109836110802517	0.00534946346279688
-2.5269649274972	1.61871220796515
0.485376392965435	0.20571985933238
0.28226677519241	0.128294633457729
-0.405329132342047	0.166991585458659
-0.778038267443769	0.313680641768029
-1.30573631902484	0.689163547755424
0.0104107430875813	0.00517527306035157
-1.120257899705	0.978125684668848
-0.412991695419809	0.218726507590244
-0.133419729896267	0.0754592911691101
-0.0588934482826751	0.0338462962494001
-0.719198922086907	0.410469009270395
0.76249038216647	0.706855003979755
-0.212509374056221	0.100117461230524
-0.921330409741366	0.570297136344376
-0.782099903484165	0.310562020409106
0.734299172481888	0.432492006640439
-0.512126918002656	0.260346245042781
-3.6708084484862	1.46290246266027
-0.962308774374498	0.636792028938891
-0.555080933789142	0.248489887303546
-0.493401195216644	0.27997410512533
-2.42635886369006	1.48252510491028
0.304727500683983	0.120286670269127
1.04781320077188	0.631841139579352
-2.79120379712656	1.77470904562973
2.12585175953375	1.42270173095847
-0.137455898329264	0.0742819716639943
-0.163719694525082	0.0673525430563362
-1.30719974704622	0.650164379532091
-0.972682296151884	0.641308879988955
0.00587557357359824	0.00264184530238621
-0.147955520590291	0.0590339099919535
0.00624120463056556	0.00176645845508515
0.135085048978046	0.0540963764041255
-0.588171257961456	0.366376147643776
-0.372906468323457	0.290390161453089
-0.176874136412964	0.0958489970809509
0.0852081980740917	0.0458107623031128
-0.537041527182745	0.234561351075247
-0.419296244917467	0.167990861712859
-1.08461125296981	0.502463601829747
-1.70748848471013	1.09288370026863
-1.41144495502488	0.792296179695502
-0.893759920632815	0.595996329862752
-2.01846110125384	1.03376031778214
0.280511506521017	0.12494852734077
-0.633074591502359	0.240018360820871
1.02410209762589	0.539710125642909
-0.212420841365688	0.120728711290796
0.0102390395995929	0.00506767514035174
-0.412619531425627	0.272598873020722
-0.715296752302261	0.418224560278072
-0.409089172434916	0.169753768041656
-0.391765064889264	0.185436525257318
-2.32844905346166	1.36764451906635
-1.60451697526632	0.999368607772351
-0.459748760528845	0.159264511606014
0.965402541433098	0.442223368184697
0.0973692333953474	0.0326485590422308
-1.20695334590361	0.597081897974141
-3.50504390842947	1.32502571663792
1.01644454191241	0.518727161099473
0.307559308390262	0.106687814060678
-0.410702618316633	0.161379450091763
-0.4034614256933	0.164326680371205
0.0981036889096247	0.0324617356916898
-0.399315803315305	0.162970199189425
-0.0654936397282762	0.0317787734112358
-0.0362033644180084	0.0132331813128424
-1.08444708184547	0.515662485031997
-0.618222335584561	0.230312298635126
-0.633005392206575	0.236282909521645
-0.837210936263628	0.497512117068995
0.135386180798513	0.0583704293113895
0.259479603253155	0.154373964946189
1.37404570848254	0.438630313948128
0.377639264961116	0.181543376861495
-0.215502711569479	0.105225925752174
-1.09783882304011	1.05157409342556
-0.0852155774244655	0.0299944503830741
-1.10951174788419	0.666722962511776
0.243479427213614	0.115817477092496
0.448368210089565	0.247881630063392
-1.11065860497533	0.641189689632963
-0.2605830481581	0.0999512446031102
-0.0439924350446816	0.0153640305954305
-0.89123186828634	0.489032516583394
-0.792557901706233	0.328085474256847
-0.525267698413149	0.36336159422811
0.0130578483010384	0.00552300911786611
-1.94787842169564	1.44073782465792
-0.414305971850861	0.196052145622476
0.297537882528123	0.120018481228429
-0.245086104881698	0.0766295358796992
-0.233323389453537	0.0713962539133998
0.126832990694267	0.0544390771555173
-1.46531308563971	0.58072512893609
-0.266319106046704	0.101430728385422
-0.26486510148617	0.101491187397504
-0.259492142210405	0.0993236992219954
-2.5278722744757	1.60365222665976
-0.419474923321542	0.170293258198792
-0.369538254637064	0.202771301045522
0.470990638098535	0.307967492227598
-1.20421130114918	0.592977913396011
-0.979851677239817	0.634686264494279
-0.931830976114029	0.414474744186308
-1.60660489719835	0.951524630924017
0.83136758109862	0.594991175911766
-1.28810247494672	0.480815408735924
-1.53907021320114	0.917312661115858
0.127594115805261	0.0510410244926682
-0.798736040922521	0.328566476780611
-0.290715040519369	0.128173662838748
-0.796497403932158	0.391072569073797
-0.781749331150124	0.317809245172377
-0.613973202496056	0.471374052123303
-0.12418945289082	0.0700571832112224
0.251779097837622	0.133505877172854
-1.50760211904486	0.898060481597782
-0.420487987630561	0.169841070643819
-0.996745663594336	0.542526071409488
-1.5536448658017	0.897515394245955
-1.0616132401774	0.49741616137057
-0.270503347625376	0.120305152097183
-0.830727843380564	0.488234773001781
1.92924710364861	0.780502266086047
-0.542095133384428	0.24012479120307
-0.250438360879019	0.0775638663008411
-0.621160841220001	0.228147224074041
-0.247211258765715	0.0744494637443283
0.131080689790157	0.0496127642963566
-0.837725680837318	0.257618742248887
-0.31613793393054	0.162646601195457
-0.247891491958237	0.0781066270572334
-0.403232039931359	0.166729530367374
-0.283877791166707	0.195262336641298
0.0120028750294679	0.00677198862804541
0.675545871347296	0.347494774554739
-1.0909429803901	0.627979349486938
-4.51812131314513	2.40703244896281
-0.928879252938828	0.400536688381451
0.301982386015254	0.105242261370412
-0.0192319657554354	0.00754532550133394
-1.45530140517973	0.566168385659182
-0.921189657078148	0.39510704593737
-0.168599939872432	0.0695486196410539
-0.458980548836544	0.157692724517244
-0.791911871503761	0.32610867113537
-3.81850249478477	1.60047097380669
-0.303615141487699	0.135248842637105
-0.233431046917678	0.112279397385717
-1.06600843425924	0.507912566518104
-1.32180150340965	0.657710489608614
-0.831326799140313	0.249343856236029
-0.119490044554978	0.0690757902035928
-0.372116869941525	0.258203865735183
-0.800623508344009	0.487346336462136
-1.2471086079998	0.873067706517135
-0.522714852542892	0.264948304280476
-0.534267951749017	0.22006032889286
-0.344560572064827	0.169660033903407
-0.374957649431149	0.215201077399459
0.805368822632278	0.533769533162301
-2.45519360822138	1.47365274422468
-0.799100604998282	0.401886610559565
-1.4601038558071	0.568742589999827
1.71052577581229	0.828396690823661
1.05502881238617	0.62933303999686
-0.157023893761987	0.0645442076656296
-0.793716685236124	0.326670795264617
0.582589522622568	0.392264147896886
-1.35347026181121	1.16410232106203
-0.621332364093339	0.33163816059336
0.228992457285541	0.126696416321259
0.20989000916082	0.108753276134783
-0.410068987724836	0.199286273293048
-0.293191947414124	0.128718090154052
-0.885505650896964	0.582587825292153
-0.0863492376247158	0.0375565945594
-0.975743766119993	0.758449313472733
-2.43781556408973	1.48522847073701
-0.732203136442209	0.40681977161991
-0.5356098197184	0.301324649855534
0.301351763884355	0.175413526614127
-0.754473566643726	0.49252010064984
-0.628952320356525	0.234888797264658
-1.07427595269363	0.507067572790011
-0.543631138225272	0.235648950642878
-0.164525290456643	0.0890847235830263
0.479956470075125	0.200827349647608
-0.194345864932051	0.114441342424744
-1.34887687793486	1.12367975223548
0.670553454765133	0.608412172415935
-0.816308036925363	0.386651610123454
-0.0780999295253981	0.0372322281104635
-0.755487716025561	0.584855689065004
-1.62148482168444	0.687913125895414
0.156545044461497	0.0683837402166641
0.218629592008506	0.113905819787946
1.01977380442155	0.495252318235241
-0.511241515135908	0.316937436549841
0.61008711440509	0.367934830559808
0.119008097492449	0.0655415025744247
-0.997370168114998	0.570474714495672
0.226042411093511	0.116765127011056
0.609058038205385	0.361515123118085
0.142932851625797	0.063521547835818
0.124659593260267	0.0714654713093644
-0.171894063453899	0.0829325949667149
-0.705453406413678	0.561485153784612
0.368694282167754	0.265114325632963
-0.601404782820024	0.325781009448332
-1.87240235476884	1.3539094735059
-0.907322720563655	0.587315872907195
-0.262865596523653	0.101710093129519
-0.04650963370921	0.0239683990254254
-0.405214089405179	0.271844316909827
0.134653534150584	0.0495741982803134
-0.733677769082678	0.426181703377376
0.13636530157965	0.0699368628180431
-0.017927334637246	0.00688138203442067
0.236533249914579	0.127402465045689
-0.0544528323155024	0.019348074363859
0.0159212064370622	0.00665721947241143
-0.0170531693439878	0.00655816722917302
-0.25040004334619	0.0946050034925094
-0.681983377313773	0.316584119367249
0.0234836548054674	0.0105040118738508
0.124540529996097	0.049233675487887
-1.76742300274766	0.79682618622087
-0.694424686506184	0.388804224543632
-1.21149239246747	0.861258696559291
-1.36217394315888	0.927211429953316
-0.342922704013455	0.201247626334183
-0.0167794048515674	0.00633535368332183
-0.534477890198718	0.234265228299841
-1.363305398611	0.92002721973166
-0.933750072678253	0.397453337141939
1.27257811294494	0.8673328873293
-1.87214657565372	1.32519629079519
0.615421248831752	0.302442618458113
-0.823810924051724	0.581486293492092
0.263303737851905	0.116552325100445
-0.20024410406888	0.0975823275683044
0.671078016057748	0.569278836430593
-0.314888037330968	0.161549018276932
0.529638348487305	0.285637030857642
-0.353219492997299	0.24087145067688
-0.912648224020894	0.49224980989282
0.60738388183089	0.488131534972104
-0.312130357436631	0.245882024708265
0.0461335632795715	0.0240643006478977
0.253251280218813	0.154869002699998
0.0200412756981709	0.00819894088036968
0.466603973840165	0.377431078686632
-1.0726530519951	0.501725855281099
-0.0913437722303761	0.0557970873320441
-0.429891376572145	0.265386343564504
-0.39138354941418	0.250433116107574
-1.84118494053497	1.67119996951438
-0.413612522042949	0.170358865689931
0.171786886265265	0.110621423315316
0.228383491339227	0.143975058837895
0.555763082293618	0.468752869761649
-0.243166474445443	0.180233321809856
-0.259568749027257	0.190150300751163
-0.134101586338576	0.0776487715651026
-0.321460270131738	0.161784605988277
-0.435395500986419	0.268323843279497
1.25853858183559	1.4478219048432
0.139074645093592	0.0727677160817178
0.269929836184765	0.189599268978127
0.0127044429720996	0.00607182251617157
-0.42708269853966	0.199454399754451
-0.318186963074068	0.166637732453704
-1.32432228199557	0.700229548696558
0.447233008770461	0.325465774412004
0.00813141318830641	0.00464373533862785
-0.679149865016477	0.321803979887636
0.12846975125384	0.0499447571890467
-0.389800287707103	0.257986413814669
0.205244649808938	0.109699762076616
-0.904200301867555	0.478828125501362
-0.43194985648264	0.261873153009206
-1.06072499842061	0.860494879866123
-1.57513811706371	1.21665102375921
-0.337955832034306	0.191875996179672
-0.0210646397734218	0.00811846754175107
-1.11330776845263	0.664844992954883
-0.0250229282397415	0.00926760900824237
0.793525734831507	0.569187318240781
-1.18687728689011	0.759141369455077
0.129285529082567	0.0507491503219075
-0.412241396045289	0.169317195398062
-0.675236092357217	0.433544795409968
-0.900673525303823	0.656944232207033
-1.32951438350877	1.21993148936885
1.24067894071427	0.948074678108164
-0.617167949692	0.332677473142807
-0.288114081048901	0.118675294340611
0.119526648107491	0.0657141208821102
-0.913935868147123	0.685715119157488
0.574569655572405	0.398453077994285
0.532450567765319	0.32369782858368
0.0389995664299793	0.0204348846372803
1.19936304089788	1.16679468027458
0.462445593384698	0.357507657748973
0.148171237703395	0.102157127448576
-0.169128753926361	0.070765990278733
-0.0899877489728667	0.0436474596612661
0.574924524835937	0.472288124780659
0.159482455601242	0.107272158060805
-0.376479604269851	0.241842776265392
0.324188438200688	0.194333881783964
0.189521490319557	0.11183952178089
-0.421336017390976	0.234876926433017
-0.788954524787006	0.388347234615394
-2.14983806835704	2.30550968104083
-1.77354314107878	0.781232480054848
0.394970220847534	0.203753764962005
0.0538210047239848	0.0263106647121025
0.170815801756524	0.107118727630687
1.15997159662197	1.45131522556417
-0.232251431973294	0.121734085269733
-0.0589404851862471	0.0296526524306183
-0.787111991204778	0.312651075547617
0.276834911506578	0.125223853197584
0.202299192907016	0.11505805474343
-0.804299239787992	0.399542623274036
0.293101290423554	0.115748299543185
-0.0255160350730362	0.00982283568587292
-1.17308158451482	0.691936502554467
0.132305384623374	0.0628701559372597
-4.32020398344331	2.0960734173928
-1.43779040526265	0.811762404028733
0.0186569003215561	0.0047237706613622
-1.60531759279136	0.981410674810403
-0.290382036006322	0.130482777169091
-0.521422687651142	0.331239495232567
-0.187532670406123	0.0746182435480641
-1.18035641765727	0.765512685763298
-2.13036825780195	1.1471594279607
0.0687846831096135	0.0388387289720387
-1.31412959796474	0.707875103466048
-0.629258870776362	0.234088802096828
-0.284709292704787	0.14970134183887
-0.170774633065995	0.0971926783418936
-0.18632125852134	0.0914157331031368
-0.236139634235457	0.142171044759066
-0.988886615640215	0.553663833589826
-0.683396157584597	0.442602682160073
-2.6881554205587	1.81192685987768
-1.94650660053755	1.45787458294885
-1.35197339392519	0.876738934952717
-1.27329566588304	0.823753051911727
0.114320063469137	0.0433420223434145
0.693587977687642	0.376509178904489
-0.693112300773471	0.4594459844236
-3.68924024600797	1.48982909911832
-1.20404126315	0.60327997665211
-0.0390267366475005	0.014606364718228
-0.108638576742189	0.047901238659817
-0.629402459532119	0.241710413150332
-0.540150019925681	0.237574894024048
-0.241075916448672	0.0746347968162854
-0.221730332821843	0.108146857744426
0.138925535580844	0.053924771395735
-0.288497647639257	0.128070858201442
-0.415689707012618	0.172273045888151
-0.0729821928390531	0.0349328937361251
1.02807082430885	0.535296501289073
-0.0934362395677702	0.0323555694007174
0.432850097659898	0.199661678928287
-0.324969964646492	0.164101740706804
0.740868288132456	0.429362098050668
0.282404795460091	0.125841865796198
0.481038759077523	0.202086319948691
0.440806699172689	0.207092762916024
0.00802153577890045	0.00232244262443257
1.60717944450312	0.904879952736289
-0.00991321667999052	0.00334129551899571
-0.273829898025037	0.0973416145501016
-0.631877572088229	0.336595919367424
0.246267136912029	0.121330528838851
1.27112767065785	0.986844616856049
-0.159500861304322	0.0790695809839611
-0.0923213670610865	0.0321124681804863
0.134943383710774	0.0583178461424103
-1.08973336817552	0.6688426604274
-0.7976402710512	0.326863235505141
-0.783648320414102	0.318565701867546
-1.30649725066922	0.851987033651442
-2.43547533575088	1.4664291523015
-1.68975686018079	1.09827763481289
-1.42725872681938	0.785771101943641
-0.537833665458025	0.234358790401075
0.442870944096138	0.202399728410969
-0.193256575121362	0.091332470804854
-0.984644346267478	0.552131422844681
-1.28733861005802	0.477551825971716
-0.87153389347705	0.623507857637436
-2.25739956803878	1.24735522043088
-0.187138638472679	0.0962748159963831
0.144003615113043	0.0750721302235088
-0.0977681147054505	0.033386452805716
0.255424546315396	0.127169563268636
-1.08529851677992	0.515879397590032
-0.544447384093955	0.246435190817244
-0.31340634132013	0.155344349620441
-0.00854884655404233	0.00360230264842816
-0.0923907475755786	0.032216839780749
0.26350857195491	0.119277580585487
-0.639491738376421	0.236388824660188
-0.408530504236292	0.169861242196501
-1.42142502654834	0.736688197877321
-0.171929575326072	0.0712446445641542
-1.60291154637913	0.992414404554977
-1.62018197422291	0.685354727673582
1.29046747502969	0.718550281473813
-0.444847418648464	0.154683306332178
0.122709863229336	0.0471262033289958
-1.18776658527287	0.728273748984475
0.357893224110612	0.193688755394726
1.95469637510173	1.51043228696262
-2.02321419782556	1.0252133827496
-2.82570625121832	0.918479199567565
-3.8357297792508	1.62034819613435
-0.665483765226813	0.314499161468155
-2.03116552773784	1.03364522878992
0.304556959775028	0.133939206370152
1.46021191770018	1.12858975560059
-1.0785431100712	0.51003367863523
-0.235015859477384	0.0739045903974166
-2.24804517534298	1.27391653850762
-0.0464668652376946	0.0237100556362567
0.161044340857131	0.066705146833392
-0.109186307538887	0.0479866476413067
-0.0274752933798632	0.0101715726220355
-0.276068265318615	0.122604565084077
-0.317977957598434	0.194997529829889
-0.518390051423869	0.264966812946941
-0.442829445049247	0.271549159691533
0.535993087655943	0.288040427190876
-0.306568772308462	0.153732615147645
-1.41903341324691	0.806179008995565
-0.837725680837318	0.257618742248887
-0.0695699397428017	0.0336553607655941
1.02669946296269	0.539382002248002
0.101243957451263	0.0382965998561404
-0.404065878845328	0.169920189288236
-0.5648184559949	0.253716773616337
0.0521099120106525	0.0258850564873638
-0.388279254762759	0.182535766789655
1.50669262605874	1.03917451698498
-0.180013095926011	0.090474347751821
-0.220352378784115	0.10488129005754
0.689159514465301	0.382859793178986
0.148588661414377	0.0701545789747158
-3.68593471296041	1.48780732400381
0.920005415934939	0.584454959132412
-0.93235814842435	0.409423643681654
0.394040426889368	0.200655392415797
0.416234944568936	0.257130846477958
0.190828559665408	0.112975426879586
0.665105910531443	0.441428195604857
-0.966248715885292	0.633186882332092
-0.0808962429864762	0.0384989377761685
1.08423513437541	0.703958293271329
0.788523516129358	0.520523826725429
-0.999184246727234	0.650593141697882
-1.96082461196034	1.46018290512153
0.252907768430859	0.124628184233302
0.933321016757791	0.64301186463844
1.46858432794067	1.11662840374253
0.869871371310583	0.753787631340685
0.604597796130927	0.299267974048474
-1.0798979654065	0.65561803946988
-0.520596586354336	0.253912757887691
1.0191289028473	0.543510683101311
-0.521354276075847	0.140151065895862
-0.897404885865595	0.493955057472863
-0.941298752507435	0.685492768943224
-3.34065967109573	1.12181191873641
-0.613604241600439	0.332020127624582
0.176994146380404	0.10497397008522
-0.977878863592673	0.639964481107871
-0.794657095564733	0.404905746831908
-0.201757092766175	0.124269899523625
-0.545352137862176	0.238548621423527
-1.20863488120005	0.590473783138118
-1.30028776232096	0.662016119745075
0.017979073648316	0.00466661923012803
-0.913771139846036	0.570911923919456
-0.934027801810053	0.400128466072809
-0.818416090125885	0.503814272854528
-0.994744646193594	0.565026760782356
0.00529776309127267	0.00241882066939271
0.155043883503965	0.0795970607635789
-1.21317890693432	0.752992798090934
0.297627653772623	0.120607099915452
-0.393564469146313	0.192453353510291
0.122640308361088	0.0530818789847475
-0.152774654312608	0.0632157652354061
-0.295869607405808	0.14907601282431
1.26750722152185	0.914167232743979
-0.43440769073708	0.206938097528184
-0.270996756012543	0.102613956994815
0.866664023544977	0.336347169504764
-1.27748366018139	0.464006152680012
-1.3094750143302	0.668015804671115
0.123502050775452	0.0466427084154326
-0.62385471818499	0.232400153173429
-0.112418362540486	0.0506865316794205
-0.890851886941774	0.470485732235821
-0.405457642845847	0.162741378862032
-0.241844219552331	0.0752485040642155
-0.641503440587198	0.234833996658899
-0.21993119081435	0.0977164672243149
0.270748596002395	0.123204762197248
-1.08341915477405	0.36369710803699
-0.926944276244778	0.405562061822198
-0.789762391255531	0.535481455459597
0.215960014996352	0.120298728163197
0.496577702854985	0.209355903944588
-0.608335703427289	0.318133707322516
-1.52784778020756	0.919892287253985
-0.154696272615258	0.0787189588172468
-1.26957215021752	1.02820676519156
-0.660925570124787	0.421843004825787
0.0914747002527568	0.0307765615856386
-1.07000044472404	0.593629878896932
-1.12484166013336	0.819305795919594
-0.159629841135781	0.0809175357912211
0.613907932759456	0.286681967547681
-0.806692288286802	0.474900637968867
-0.393680649470571	0.187714720290268
1.69425332464473	1.30678330196848
-0.776926164886688	0.387525372433416
0.428679197227119	0.195784904059111
-0.282165514390372	0.122072806811845
-0.275202908915905	0.121728759703309
-0.160987158188715	0.0665162840102109
0.132454969319293	0.056322519490919
1.11546544391788	0.916609013196408
-1.31999318469461	0.710297886874015
-1.00044699209594	0.563479288176101
-0.0631523767407559	0.0317022599663233
0.681715811733273	0.378330712653429
0.530953254060875	0.384217608832603
-1.61943714365105	0.66675333885564
0.00448198136958307	0.00204138030797358
-1.41227277552652	0.799396679517834
-0.0465005378378691	0.0293083212893575
0.529821501192661	0.32559220580552
0.628979438731531	0.393296312766665
-0.88755490399358	0.486923398998872
-0.102547921433428	0.0358121975733166
0.83355173068916	0.629201509391258
-2.77027332259587	1.9825366111054
-1.17892643166375	0.747981461124419
0.14335072282248	0.0676030919060954
-0.740579901435474	0.620925058069501
-0.0681324631726026	0.0401789560002455
-0.77243021447462	0.507094434295812
-1.1725180186481	0.997142579625755
0.806162799044492	0.528200125569994
2.14117633447872	1.82181067587612
1.55064755292374	0.946651703182207
0.607444934418348	0.285078885764103
-1.27882386728085	0.463370374340706
1.19590460005048	1.02577254716739
0.0141455223857118	0.00755687725482097
-0.386559268837772	0.254943258468057
-0.0541924017714967	0.0257174848583893
-3.16201978670505	2.73285357614316
0.0546063491484116	0.0284241364803577
-1.90195574470173	0.87875244351343
-1.09121803822852	0.652313733270834
0.0138822919165315	0.00366683406239973
-0.485699447214753	0.264510747433343
-0.278739724700533	0.134397428800311
0.9100674094664	0.581586197359351
0.401496499659755	0.20957441847992
0.387212766708131	0.257134088198871
0.533821900916809	0.340818294036716
-0.248320067393099	0.132751204512037
0.533656338491683	0.281030010709924
-0.253233430828553	0.0940746042494006
1.26522907157507	0.797726200441801
1.08460602221883	0.818535653799758
-0.0210935065322748	0.00790625189095339
-2.01298609688579	1.0266200469614
0.296950187351607	0.121643554708151
-1.50651746038698	0.882310966986015
1.25824203216695	0.933615281865141
-1.06180609213048	0.683360930959103
0.803286414767235	0.397681718754172
-0.264778921742824	0.098765980377936
-0.795637781501318	0.314127960696099
0.869203861919529	0.707936503939106
0.763381385480921	0.456484479594896
-1.10417592599766	0.676491788865274
-0.53458941421685	0.234420507271232
-1.69794438645097	1.10777194548272
-0.936905814078044	0.417313431823351
-0.565937992194944	0.248507364344166
-0.400247207130955	0.18687700689954
0.316388386747289	0.109163452009118
-0.108325402461498	0.0486637114767829
1.70751057851298	0.828423074401213
-3.83439116809398	1.55840208886517
-1.19825590718302	0.601062721887247
0.519551854451908	0.324895512255346
-1.05639857972266	0.741991612716744
-0.635166530747556	0.342363751015275
-0.0852155774244655	0.0299944503830741
0.00911184296008784	0.00391064186814698
-0.522349178112581	0.25763754683688
0.832219287423017	0.641504931723231
-0.602182056484355	0.446239828986843
-0.274173849846823	0.150310816330996
-1.13797638828346	0.872310924505996
-1.90564640386834	0.906948902806266
-0.0881340357611292	0.0305183483976039
-0.834152635363741	0.25296310080088
0.480055926560091	0.205882287111606
0.961360605661363	0.43409187232182
0.0246210615707353	0.00984176313598863
-0.0804673927378838	0.0269323879359818
-0.404725292257844	0.217591907193641
-0.106529557356284	0.0474063062671528
0.408907858363229	0.209852714794308
0.41089613518188	0.188074811794354
0.012402127487697	0.00591228679657632
-0.2456130973075	0.0906059926767589
1.88113193595323	1.20300587403041
0.797363717429626	0.392648359771605
0.592353681414537	0.349978990711203
0.510491028934417	0.259237534818374
1.2413865176045	0.994940461914724
-0.51910585703534	0.337490276645557
0.0319373733878693	0.0145205912231904
0.952745956290638	0.726956731047912
-0.281648972363025	0.142303952681676
0.007856869492783	0.00456298184791642
-0.374689906375726	0.215541459578406
-0.159050038949854	0.0631160253371238
0.434013237522957	0.19492128952739
0.252179453213275	0.124920443503934
0.34797562011279	0.189375511023018
-1.36553076313301	1.15933449119284
-0.506852396535903	0.264650482155458
-1.11858039068097	0.824223698610908
0.150228315017918	0.0655651411732901
-0.252696755634583	0.0938235162491615
0.8690878564784	0.328872144623754
-0.41640538671496	0.173125844226474
-0.101846879223359	0.0465298319399839
-0.412767141999568	0.244982948809866
0.153018604965016	0.071936836080566
-0.456277979504217	0.275900172078539
0.138926823430532	0.0716846034867928
-2.13814210135691	1.15422367415959
-0.0687114459915473	0.0333310344420666
0.713005054854861	0.313401364255304
0.291795465641915	0.134817503950594
-1.871790140631	1.31201191389412
-1.45935663734932	0.576200695978139
-1.30891047592571	0.695402487135445
0.693438415871982	0.486539034270702
0.528991092780155	0.333088682244557
1.55846460406101	0.985051457747018
-0.523618973953783	0.273254080391394
-1.41351946218728	0.792280184100153
0.240083622305674	0.130172589920617
0.30387868780347	0.127411535739343
-0.263867178822002	0.0990118338750185
-0.619107158659622	0.34175081865257
-0.532251798548145	0.265495028496997
0.397225304441563	0.205092261962302
-0.158837928987667	0.0646509463858448
-2.02725454546615	0.947341662661513
-0.255656871186732	0.0962429687779017
-0.880697636498502	0.522862940719135
0.609397247834831	0.291846241421367
0.583115503741144	0.405041306977089
0.315882031364061	0.108943955487529
-0.942299204255093	0.415025941435667
1.09999607228244	0.990080284623912
0.784851401736643	0.385018037753246
0.472570951136206	0.263617560714625
-0.430858936825088	0.175870043871837
-0.294467199448029	0.134479783733255
0.0157115946602873	0.00756887384590655
-0.0872532205961223	0.038264350511428
-0.249814295807248	0.0955308167807054
0.0124017382255652	0.00524045223167939
0.315265711021877	0.181702932626332
0.704899971420589	0.31614062112579
-0.266964692292996	0.100540348049291
-0.455432621073778	0.159534431150736
-2.14699579295265	1.10935898317621
-0.789354683680607	0.476685582448438
-1.2986570268048	0.462407208737764
-1.37987348106632	1.12798771808941
-0.0956710455221623	0.0334872743128138
0.288923128637207	0.128037558422392
-0.0580464275660281	0.0287499222035062
-2.22822614694	1.21959991962501
-1.04817838670631	0.72484547691246
-1.06676095451191	0.496431115093095
-0.981024695303082	0.661957225687426
-1.30735034256922	0.689523954254208
-0.458268525203384	0.157747985177483
-0.00482245318811748	0.000625072427390788
-0.176014752890919	0.0728088268316594
0.471731645216085	0.313845273128386
-0.24893912587968	0.0934206293222293
-0.436227068175268	0.227290967662561
0.206830814402352	0.115320226150236
-0.453544023987067	0.31007361433888
0.528626007490454	0.282851607435531
-0.271348851798456	0.12147308113589
0.956298931365095	0.433374753622387
-0.889985411484066	0.566025393827297
-0.235482394334638	0.109672259413529
0.473156555784437	0.26939145920649
-0.535219890686716	0.344310115894043
0.0546201738783323	0.0266174649695109
-0.16694984160502	0.108339415476639
0.362196148089104	0.204139879635376
0.306997671617723	0.181222464537449
-0.287741851256502	0.130391628333604
0.413969843196505	0.25097376233817
-0.902490838930495	0.482962263123721
1.28846237261408	0.616618537678008
0.933021186965139	0.638350581738281
-0.0459244655637491	0.0261614577663029
0.119540424812359	0.0652684444677836
0.786408829560969	0.531717652074507
0.125608093452436	0.0633760664666485
1.52720348193231	1.45508662482404
0.308862202465401	0.12450562753104
0.142109897447204	0.0608434432131897
-0.835242582387023	0.248047458204957
-1.61019103138686	0.671970639760885
-0.200443077771649	0.0946925883154874
-0.0898072073705417	0.0573251197340525
0.140201180035881	0.0670697916854739
-1.13246759373791	0.84514651075098
-0.64053439498482	0.3321663335174
-0.820100432735916	0.561810386396384
0.214827547167406	0.109846820853824
-0.30967191482894	0.159494856140571
0.35346783192493	0.19563458015493
0.391046932533979	0.250602388466272
0.805145548523076	0.538221145333508
0.514805359747248	0.272222538836059
0.143368362846611	0.0597410130343847
-0.577262246275552	0.321434259866976
0.743988900194572	0.228997201004662
1.56741539889038	0.93636818851084
-1.06528622172141	0.499007687828802
-0.547857625144487	0.328025039152992
-0.127667281212023	0.0784364474575041
0.434607899976504	0.205279602348751
0.00622018836477338	0.00368050858279371
-1.27129764833204	1.1911770532739
-0.0447278428744024	0.0238668845301456
0.518878087666378	0.276056659444825
-0.72933595665119	0.414071693775446
-0.202819392221131	0.0940371270481194
0.143272263545169	0.0669793466911781
-0.118893265526011	0.0523623019456386
-0.44023808371412	0.193481647463379
0.1351919402127	0.0529187708827432
0.487223866228606	0.205337933385362
0.267178777966203	0.129151467241085
0.13625818645321	0.0587583467297637
-0.89393988722214	0.578156927863258
0.977756016309605	0.850279818749534
1.77746001694582	1.24378520485039
-0.162296895892297	0.0828146153098876
-1.42820492262232	0.800698449262789
0.528659371387164	0.273598084075967
0.149640344045642	0.0692709844193443
1.55670867566641	0.942090410309146
-2.44900446699507	1.34781759221665
0.266680231228722	0.140734802862887
0.39032850748531	0.197037272884097
0.597751735424992	0.282355595212583
0.94181169401538	0.673877528830042
1.55998170147929	0.907493989347284
1.27073146108347	0.759025046083582
-0.182201974597753	0.092264750618719
-0.838929098909488	0.561185299662171
0.500083401976257	0.38991676917408
-1.63340475433365	0.683429771211447
-0.0908343917131765	0.0419986732528057
-0.274838582695651	0.145561464432939
-0.662939339181857	0.309361472271643
-1.772734092732	0.802375849571221
-2.02604062276704	0.942794936891633
-0.0924982063303179	0.0321431011967746
-0.117799834072196	0.0389497598076316
0.282480577879312	0.129020468048847
0.00290912573785499	0.00143293196554252
-0.157187224740032	0.0647246531038084
0.951169281063069	0.766019431691635
1.07874786664898	1.02217491344149
0.88797363844997	0.520486931049002
0.686413068215627	0.373520217040949
0.501229043458434	0.255923774732122
-0.254480650793511	0.0983490997546743
-0.941792039126617	0.412935906368947
0.424801979735859	0.26256882770992
1.0684233256829	1.131595620981
0.958227459487949	0.932503221997855
1.24153868115522	1.05409071194284
0.662233015986802	0.554520850137443
0.307821648839163	0.124491112521284
0.260501953022929	0.153130319034545
-2.14062785959451	1.13638199009087
-0.339072352359944	0.192007141820676
0.292186048665634	0.205486747540496
-0.165179944728553	0.0674754848434238
0.261165114111003	0.129825494539764
-0.0663619203148507	0.0395592069593818
0.678141745190818	0.366854275823066
0.497220627973667	0.33173304890912
0.100661899912029	0.0638120258861451
1.24641719099386	1.06500149521121
-0.246509348849218	0.0774697718467404
0.299998876439761	0.106399477185425
0.302242852912948	0.106016758885149
-1.62778094940158	0.69696683554269
0.761619289122388	0.457225207533832
1.80778485315765	1.83209450198604
0.377691200845092	0.193945501701014
-0.16473245614779	0.0822943334577657
-0.885287511284396	0.573060407463998
0.559135143315616	0.406607998272692
-1.88813403715791	0.904494408004437
-0.0307702799562631	0.0114396233643357
0.792834170479855	0.386830416657549
-0.787568439842869	0.321149222971719
-0.0437420474848009	0.0214614775763528
0.307309063634197	0.228982007837227
0.293833331381607	0.115409144899227
-0.00984729683559207	0.00407058009981842
-0.241844219552331	0.0752485040642155
0.262115532624038	0.128801345952419
-0.165154046245967	0.0808788127790271
-1.51981208907129	0.914444379920728
-0.789983307006367	0.40126244479112
0.960834271175709	0.713049207171008
-2.32145099139325	1.33759908157955
-0.862739873002672	0.711207090928699
0.243949533096853	0.117664511858055
1.70612549925985	1.61076137015866
-0.099989281497018	0.0440967735860242
-0.509748976908356	0.292744956870138
-1.42488633234563	1.22367241792733
-2.1324670356252	1.14425689301777
-0.677383946904762	0.321476367722601
0.291849631779213	0.116552714793481
-0.137539475467904	0.0832633617882999
-0.215056436721863	0.103715885145272
0.959920409231686	0.432685663875469
0.488793210968898	0.202791060878618
1.05144970770624	0.616718481610964
0.663739334919041	0.429838230201634
0.605505507243877	0.354741105727358
-0.887617149968739	0.483058763919703
0.703368345579782	0.504018663993439
-0.32203732445293	0.162402062791418
-0.494697963625869	0.279432267577253
0.954938097326619	0.426247292314937
-0.23910873843756	0.0728949984893068
-0.0314383173565625	0.0111563166982789
-0.254776929178647	0.0963834923788793
2.05214727143777	1.13030261319217
0.602863648521032	0.288974969723288
-0.49211451435064	0.275179967234644
-0.514902632951598	0.295675269789759
-0.635012784338588	0.237907021104123
-0.102397006475854	0.0456620133242218
0.140630779445763	0.0727379557181753
0.327854367618469	0.0960907721742113
0.296964519153421	0.181028785805968
-0.0302220006417659	0.0114252657074246
-0.409951484941291	0.171717945444226
-0.284969875360945	0.129703314490593
1.76573036412258	1.61944500157268
-0.295990248271425	0.193012425127932
0.03954667767364	0.0179249748008231
0.473919201484474	0.271482560248941
-0.312761729110281	0.192767910523019
0.120849255032621	0.0471438032904622
-0.0598203332869608	0.0325682121092782
1.41858250141835	1.16503025254046
0.826207700923758	0.681999532381976
-0.0682944910970157	0.0324948253062144
-0.874031575270762	0.715886876121853
0.837277255320747	0.687274117601367
0.0515090661296087	0.0264571652232275
-0.564189193419833	0.491669365428858
0.555965020062146	0.480939444601178
0.408739210815245	0.329971794654621
0.249183957975218	0.128652933947441
-0.433463317602407	0.315931804361605
0.189410408231651	0.113260277155593
0.371400893842891	0.188142722213361
0.110725766839365	0.0645431962999357
0.101025593602888	0.0550532058357636
-0.363196625030228	0.279510268707023
0.200644972583603	0.119747961120802
0.0929816121661327	0.053814167718551
-0.283236358887356	0.125283899855643
-1.29873021332933	0.656416019859367
1.69464433415972	1.28829741982492
-2.01156261644907	0.995267665855234
0.379669177262336	0.181368128036099
0.75407411052409	0.646634714504232
-0.437058186371533	0.146014473088118
0.203797839635879	0.112800424111143
-0.0696542927572685	0.0372637325504443
0.836350854604442	0.664970786408298
0.34606536825686	0.187092679857349
1.27502103716714	0.953117681056293
0.897531681349131	0.558811029768513
0.393798329751801	0.253880351264556
0.307342633839957	0.107439934225689
-0.937826824372128	0.410005771583112
-1.18647048527198	0.573130560725948
-0.562203695393274	0.409624245145515
-0.421431413197821	0.29555616996883
0.123590207684626	0.0481524808733585
0.0126187921125135	0.00663486267802828
1.05096353524438	0.596288750979461
0.384365774593771	0.219540318539119
1.68696098163247	2.05923379641538
0.650314048928314	0.420970353894968
-0.0797604267737479	0.037452081311433
-0.528127684174811	0.304718248090503
0.283355730703335	0.179769667963976
0.201193326400673	0.115823563940707
-1.20451806016863	0.771263905415428
-1.06603496950627	0.501479004729835
-0.684947891859295	0.32260048552587
0.214604301156832	0.129828077006481
-0.259838907091389	0.138723691860644
0.613929425404999	0.371474234597885
0.275183170231963	0.126093635499792
0.425735527620173	0.262456370071749
-0.199437889734136	0.119405714592062
-1.52926254140372	0.881646981632647
0.931481970329282	0.634642181556443
-1.50114247975538	1.18020775244709
-0.494048116190842	0.245959508336374
0.472951185573068	0.267399523832669
0.678714645325717	0.367264636236083
-0.898100490633488	0.482759273129592
-2.14440928460666	1.15847893009411
0.427220623956466	0.262356789554629
-1.0777182353434	0.511375129539724
0.452189575360914	0.331411729689884
-0.0504705309322092	0.0260659682827784
-0.45960154502219	0.31188981436855
-0.446929191599028	0.228942838559583
-0.66328068863792	0.59223083361259
-0.122077986523255	0.064791609406354
-0.0287589825290033	0.0108009057695546
0.146019206356206	0.070438404579349
-0.795372131896524	0.324618854695577
-0.521415010524113	0.26829773332283
0.152039432561068	0.0735565620155514
-0.403447466736354	0.1942681695946
-0.908184076994028	0.49776393688489
1.29073878478556	1.33609778512905
0.48755718799697	0.203589687168318
-1.14802541741841	1.1265721307
1.07855202874117	0.754513788816149
-0.102298330389341	0.0342282354269844
1.27635399161995	0.859431228935791
0.666011572773471	0.424153334609173
-0.708072520477362	0.401634184541426
1.9025824300258	1.90526006784604
0.211014693232339	0.145074222630571
1.32138830758003	1.2900692794205
0.360466762029233	0.197005582080574
0.777418866326479	0.496044160572638
0.788168925491765	0.532062279844636
0.262325056878534	0.158590905566272
1.26108862405268	1.33635533979208
0.270353883818394	0.13115006670944
-1.17644986012125	0.737719388804338
-1.07314637238227	0.616684349404923
0.0170169246376005	0.00444878785056413
1.28825488612233	0.677448973325021
-0.369129491544888	0.216026880082378
0.660257528343768	0.418415897901327
-1.12135557259664	0.821736238192028
-0.163519934776022	0.0675477123772286
0.146177121612014	0.0625351006659864
-0.275895121337358	0.121065257936125
0.435804893810958	0.258324738199417
0.784601048258857	0.526458599322176
0.756999241382701	0.620823165921713
1.09436230524775	0.751961753080757
1.59551424608045	0.854417894173832
0.0360734186850921	0.0164788430190902
0.652883794755402	0.522543683531979
0.328882146589737	0.093927256480872
0.588761142912258	0.344091371845703
0.964892481913109	0.432126021277222
1.46709611013814	1.09511529602946
-0.0593443439949185	0.0301882490355355
-0.242506422393864	0.0753160757356815
-1.34869696748951	1.1818726794391
0.468463860160996	0.37240216609275
-1.62044526822275	0.987502599288096
0.0810342853122449	0.0457774262398392
-0.310262321243042	0.137061897716914
-0.603418927893793	0.369933443829344
0.022199574507244	0.0088864230897994
0.693963654904245	0.495110657041497
-0.28294126413387	0.123134654594941
-0.574277829609393	0.248963061887175
-0.407027145015639	0.19793260718142
-0.0761766293928705	0.0364738396910694
-0.162499462335498	0.0804132640325152
-0.201530600766832	0.0956346018467048
-1.86915861907594	1.26206039318978
1.55377682413953	0.942568906742265
0.972725053413915	0.762598815127681
-0.535323394081491	0.235525101162467
-0.155824463793411	0.063223701788078
0.789221686003843	0.405216194985734
0.279289804292143	0.168869945529248
0.501711644481397	0.30367383508393
1.61328855290525	1.31704505919912
0.286442592781737	0.130336850249961
0.140082041345068	0.0664162163365412
2.15281418192426	2.1747452789847
0.640003511907131	0.405081553459285
0.115507120963648	0.0448013163262992
0.512007022624303	0.269045976550232
0.137370666143901	0.0691475936347689
-0.743969084391401	0.511880022957462
-1.13559726572584	0.972261358491367
-0.510089607338764	0.300879431009794
0.0146703362866843	0.00710948962892924
1.09608270017186	1.0506621732796
-0.256490782044843	0.0967244157044952
0.610111168774205	0.288543348665412
1.83569085214701	1.91663690948318
0.903465590342727	0.552957143462053
0.600685368876545	0.399820161211871
0.514800763626361	0.380328035399015
0.430328989803154	0.290022909581749
0.323024588720873	0.190739781028628
0.976222865781685	0.794285920377941
-0.0132282756239473	0.00520783700325279
0.0440002382851001	0.0194862835818409
0.388614694644675	0.304706167479434
0.423483317997187	0.2376148542573
1.88343267224434	2.47704024151726
0.948960395814809	0.724280734417783
0.502930918753708	0.358670359824387
-0.0689563198185733	0.0322938243749062
1.0694086468133	0.868636252547041
-0.386016778883774	0.28096000768367
0.533899330523594	0.341066556629398
0.460082340454318	0.369579375713779
-0.0361462205511646	0.022599393258742
-0.113496767614082	0.0760737251538234
-0.169227483413156	0.0857054454393026
-0.166332921478296	0.0678605259304021
-0.161961003182435	0.0680406232235919
-0.547961265741434	0.241504899527367
0.97586370971033	0.83665081438457
0.0864521970020693	0.0535203977449307
-0.270030914660593	0.146058223006698
0.495044861264649	0.346241709397983
-0.664304518438395	0.321436100437773
0.399628075165814	0.206509669615346
-0.620077168138974	0.583218568895444
0.285515893757323	0.178067016827267
0.0804633659930193	0.0467532907331318
-0.507862013885158	0.328433987560045
0.443708685814006	0.261249275058831
1.77284849566205	1.28636513359485
0.492329193860044	0.278564099675771
1.69756818533461	2.2473727485154
2.35561718010513	1.16476487863117
-0.79676572923371	0.317397461834274
1.4113570862002	1.0596788539334
0.149116363820639	0.093974007739654
0.373371301740153	0.233716402502331
-0.0156040752333857	0.00594951812756508
0.130869782927226	0.0718944454218211
0.0125499513636473	0.0068856871702491
-0.547828157271848	0.398198479483889
-0.410392125482226	0.168739352931078
0.268029458533003	0.115082197721916
0.543792072717787	0.340620037590619
0.946585736190293	0.750757990013972
2.48975133780692	2.94036273050211
0.107467786450987	0.0566409586899592
0.856904966190952	0.480417279718687
0.893849461274066	0.552479372269696
1.04431143387246	1.0456445484359
-0.409216414816882	0.219319895196121
0.0215649534417711	0.0103918652258604
0.552708620305524	0.418388377232704
-0.103295386608755	0.0352927432055543
-0.517578448360853	0.251743849742251
0.0494465404996488	0.0254351458338025
0.322822847748154	0.177977138801606
-1.2702036406053	0.84208217664624
0.261570518909586	0.127337917145293
-0.522804017907989	0.376493301547235
-0.393876343698139	0.180394841053431
-0.405288267061663	0.223659708637394
1.25033151181087	1.06655549623449
-0.164329499684494	0.0833193940907032
1.0513320452199	1.01707368209571
1.06907637793883	0.667609048763874
0.404513741291356	0.198959639539633
0.569811133090629	0.431339682460755
-0.441085121830327	0.258226581347536
-1.07925495691286	0.512673351638257
1.47376965116825	1.11943330551821
1.28312666117267	0.844620976808397
0.72869628673344	0.443739669096017
2.47355286974103	3.04582182513352
0.811670433910536	0.578755643244365
0.387618811503042	0.203039723799736
0.0170918858285605	0.00795432837258169
0.780736326024028	0.532164352579999
0.783195786151439	0.536511732897744
0.982048347337276	0.827407083761175
0.148262895339845	0.0685993865568669
0.869407701255811	0.81724037213365
0.945308832432563	0.650537827692906
-0.0702325237815045	0.0326528969026789
0.194009823293256	0.109485218835073
0.95927482828758	0.786806957376201
0.0651612399982831	0.0426815923947667
0.787616326595721	0.508352297087578
1.38326421261514	1.47683054765618
0.470670321239834	0.300163286859328
0.361087893157603	0.198580487418794
-0.505467980714063	0.330295096809427
-0.67363009832746	0.466448759965851
0.635250609698502	0.545832697978678
-0.0665657162218646	0.0316243844752629
-0.302631566504428	0.1524350411728
1.26401845693806	0.908950674903232
0.0210317225715803	0.00850049321010112
-0.343247149914352	0.162275334535945
0.136802930988419	0.0733322793025901
0.0780513545404363	0.0487395322356893
-0.94334783262866	0.398428387260633
0.153451400722677	0.0735747027623982
0.340849128695149	0.19043398114523
-0.349518256108123	0.205190065145467
-0.232268859451806	0.134646133764115
0.708132774607389	0.655829692542743
0.0371047627631092	0.0194846389283067
1.09583254244063	0.799134077880443
1.37749254962781	1.24406859203645
0.268007223029706	0.131498423038204
0.4697873202673	0.18927778408314
-1.02251233543994	0.53394003656937
-0.383702487151969	0.260476290193848
1.2990676838516	0.506236864226172
0.134975981390155	0.0529103552235461
1.06581958486455	0.637509134900592
-0.903124901110801	0.496089672881038
-0.176663807825181	0.0915625258645309
-1.62155588855549	0.985032177342122
-0.13340662015011	0.0707058076887526
-2.25851569502524	2.56054233070729
1.08865604825237	0.977074589563292
0.11543836289429	0.0662928005128952
0.852640403359177	0.49769755957192
-0.231873121978185	0.135490617908278
0.038881779864265	0.0187926900967846
0.410932277805424	0.210269319527438
0.00163614198057577	0.000951528354332295
0.318306824773273	0.186532273545162
0.603096261204735	0.364422436223383
-0.816879917020784	0.500409125690887
-1.04100483959867	0.709228022243901
-0.574344545695202	0.399354965006319
0.0455108369424225	0.0223756204984604
0.59245451459694	0.282382158855514
0.625426055296534	0.396716120288167
0.522938051502168	0.273374194455088
1.06151593682813	0.768014616407837
0.94585250674196	0.725117141740956
0.133879397182479	0.0685010481606986
-0.182608619608955	0.0687725525987493
-0.783577570284629	0.405969885315993
0.969975505619353	0.44113032463539
0.444573738189693	0.265063606324124
0.281319187734944	0.135500350218807
-1.1966874360813	0.597291821465646
-2.13442057038639	1.12324058845422
-0.10149509880189	0.0454399477076928
-0.679083659004043	0.420038426836297
-0.0586298037703732	0.0342800119825724
-1.61674769496294	0.688890515321042
-0.931923981046362	0.385229187403351
0.258376079586204	0.114909934593813
-0.106872722260971	0.0481043821304259
-0.518026129911362	0.330132970783856
-0.395043464147665	0.18334137953017
-0.103615797692097	0.035611344560497
-0.109919375388335	0.0488571270843136
-0.0952027878199258	0.0420729697140363
-0.597305854056332	0.403310123766343
0.963303475376498	0.760836530074781
0.478656311440041	0.304174559771073
-0.112801732858007	0.0488115018267394
-0.432450375288813	0.229645873813427
-0.146624517011113	0.0714309918707729
0.64505469530081	0.41087920657976
-0.834338355701053	0.604408391930049
-0.17676155503134	0.0731765122293751
0.395893761021365	0.301654368515349
1.37240347770153	1.2961291785743
0.93199242130541	0.685062815395328
-1.44666588542455	1.0744716321995
-0.280708539913542	0.177017140962045
-0.213819505213491	0.131660210997564
-0.983861459718778	0.767278824096207
-0.749627292223643	0.571120416246463
0.741717779107516	0.462522724346587
0.487484518312737	0.20158512559484
-0.103526573531261	0.0462860881897731
0.85377855499853	0.777136697310238
-1.05816104026027	0.759792794553857
-0.945958808963139	0.413131161984866
-0.113603257344	0.0499209348439596
0.609056906052484	0.360514087576043
1.2010341289679	1.14429580359962
0.670091107588357	0.42693951611018
0.555450757929174	0.489120286500702
-4.31795102050501	2.17815610247069
0.14942279884411	0.065232400671271
0.217405543198098	0.123646691679928
0.31252433414969	0.123442843374505
-0.526417431523637	0.267013293451442
-1.13339128623224	0.83508021896314
-0.826886475386905	0.250046085549171
-0.278473453490267	0.121375228469272
0.0325147858428834	0.0148083330997878
-1.91029262006558	0.848620621902285
0.317460918286513	0.189400165937422
-0.790292682972997	0.322951748997949
0.241881749895903	0.128422046788238
1.58403136549314	2.30322193210552
0.0386041565674602	0.0230245141351573
-0.599539129847774	0.360253300980368
-0.942413600644143	0.416160328284888
0.430014378078959	0.20719293879064
0.29673318827493	0.180122184687832
0.194005705040614	0.115928477445035
1.49718606523173	1.01638568944145
-0.624017994917727	0.333962083059324
0.0247683224187476	0.00981655607475931
0.439291161150218	0.197842301265662
0.0484132683280291	0.0241024133528258
-0.00541782995847185	0.0031193396736583
0.904578525759815	0.584435474001008
-0.613363301505913	0.324313083863895
0.225882864389675	0.120362750967093
-4.5004794509063	2.40388278531509
-0.61963230635748	0.339896269586291
1.26766195487878	0.849277302198026
0.250011337063443	0.125673048574672
0.87339742529389	0.335340030560621
0.474636634439759	0.200915150072688
-0.800416869694965	0.477051763574112
0.323272382124628	0.220704432845256
0.133672475227293	0.0638928854140755
-0.216090515030847	0.103148197444578
1.94886186358611	0.77215322826278
1.61801321877407	1.34185751811492
1.28349227156136	0.583494997077541
-0.289092701729802	0.128554014898804
-0.808168642353168	0.322202576745511
0.416206921782021	0.191044518224935
0.943319451606598	0.644644571931505
0.426067344144434	0.262867491231356
0.12680774549847	0.0475609919324514
0.252855979550332	0.135466288835475
-0.798014664473737	0.326087964255193
-0.409149565043556	0.19652039327944
0.61505098792661	0.459067116058862
0.760234715205899	0.701592996207814
0.941708339749399	0.699975974896699
0.0468111152496528	0.0231803747585148
0.145136015756799	0.0629987890251153
0.0456436990311484	0.0252104057432517
-0.593794929287725	0.364261361553113
0.942782622124469	0.671917283886049
-0.371144774465005	0.27044801496689
0.131446495526266	0.0568905308236653
-0.14884889843357	0.061363451673553
-0.255131687400916	0.0980469057633689
-0.416923363466176	0.24874267424108
0.357113299713117	0.194055983545277
-0.165275387651103	0.068434043853186
0.0978326759015137	0.0323085081634845
0.150228315017918	0.0655651411732901
-0.0961203679137508	0.0421792712337539
-0.0377316902573086	0.019163495194146
-1.31999318469461	0.710297886874015
-0.169104200644852	0.069579349852347
-0.668011618623915	0.321514510373641
-0.681984627678379	0.317108724474359
0.237282412874788	0.122733558008515
0.0322353620419962	0.0159852357970839
-0.286264984329423	0.126556356600413
-0.681887021167532	0.425076287554912
-1.24559894380112	0.789090262205771
0.531550893658827	0.285218446018975
0.631760541599964	0.468700926069132
-0.729671215608491	0.420511476101064
-1.8884496726271	0.89530918204565
-1.46856256279833	1.01977418468074
0.802847472920588	0.399030163577659
-0.602498869370821	0.371286565879773
-0.192161553341432	0.120772323199164
-1.75134944946046	0.773354777526637
-0.164374085720734	0.067093847173628
1.39989306489303	1.22389875491249
-0.0636584548692602	0.0342216339314936
0.759466454844219	0.450286208797624
0.121087400703294	0.0464323025823531
-1.78928115694569	1.21234013706545
0.307994007934833	0.177189307466147
0.408032652648774	0.207070511848587
1.89438796243728	1.18354732463725
-0.00249387217022334	0.000669647101104169
-0.660767609477202	0.313282712832328
-0.607835498191467	0.341006474833555
-0.707719878035558	0.409020756615152
1.19192599777457	1.23187080577839
-0.791519972098787	0.487117250284656
0.715377412131951	0.303560206754218
0.52060688685722	0.322520644101948
0.514652109319295	0.264597800667729
0.550682484165361	0.346938688149198
-0.939504815435344	0.411472797575375
-0.993670313200779	0.56918752101611
-0.979986411424943	0.784686241777997
-0.417983400253578	0.199490556451979
1.28706517470123	0.580940421793724
0.0355357062555402	0.0161816813484888
0.0228162940715449	0.0112625686641337
-0.6655487323181	0.31691133451043
-2.8291542449386	0.893923832929712
-0.833975598764995	0.580138245617076
-0.611505712752631	0.353142852272711
0.107693376012767	0.0587484466132288
0.278311715079091	0.12561407565076
-0.576948774165731	0.246366204554218
-1.19879432551574	0.601178893874992
0.680208715950437	0.374204767211135
0.168609777409793	0.0967191912468366
0.718081486376725	0.550712127814407
1.09835586881579	0.856175574976288
0.242446007950547	0.129039957322109
-0.344907884239159	0.206325886677951
-0.266962542314149	0.100998381370228
-0.0570546727981122	0.034526816092793
-0.164726311328571	0.0676901904011229
-0.507434147245611	0.297736670456714
0.470569172904091	0.270868758002677
-0.134309740393816	0.0767129352823518
0.283270155558223	0.127655154230184
0.369420361154081	0.262053528275332
-0.25518041636427	0.0989091011083299
-1.01493169618823	0.577726560882694
-0.661475566237071	0.316984057154266
0.47391941125028	0.200938116277191
-0.212060081780825	0.0995615726890943
0.12814403708046	0.0487542068975043
0.267349343342058	0.127777825292513
-0.0368969797468374	0.0200185861293239
0.143354455681161	0.0790670342409057
0.368771903420073	0.235658418884679
-0.0243749105570391	0.0093240683207677
1.90527323737774	1.81056034645989
1.86557282938857	1.60610634091495
0.692554978042048	0.374781196910792
0.0321536256233703	0.0145929507808017
-0.0879279150880634	0.0411565609160508
0.0957362550105776	0.0314439953496035
0.596473306545499	0.351338769770278
1.29257450153714	0.782500083926998
-0.636256632897111	0.481060582551045
0.809828660186966	0.589328329769612
-0.799712897696791	0.329621619894089
0.152878980725667	0.0722764203249382
-1.51772319588419	0.907459487690107
-0.997059365097705	0.771021502754701
-0.36651134855102	0.266248302141106
0.327481224205336	0.187464522346282
1.08666827567893	0.7227092050103
1.20169368160716	1.19416289922491
0.608141316132917	0.304003592288956
0.0111951870509728	0.00551130377211276
0.0134355067859174	0.00568336507953347
-0.793685692202689	0.407858248789684
0.860919308980567	0.474323828599782
-0.676731774818586	0.445015962326071
0.429683313776611	0.26223406437201
0.605687810138845	0.360226930477807
0.436213423718404	0.190704695274954
0.227998738914104	0.119760664692762
-1.86802381450008	1.26186498487455
-1.52385988980527	0.892046062439976
0.622598171299682	0.367624441393667
0.230103229207698	0.125704588806732
-0.300738931766326	0.153503559484145
0.121526153932404	0.0598073110413696
-1.75641260070291	0.791990598598698
-0.420484796731346	0.167533409879367
0.578266257181209	0.474802906763876
1.20787622558223	0.995738164646315
-0.447468210672461	0.154031658472776
1.08776902537314	0.831420224813006
-0.308110471789609	0.157032225559307
0.662671445024485	0.425680269409763
0.684557488531881	0.283110612851898
0.558123520683649	0.21004165801113
-0.315859535302606	0.159937728918873
-0.674467264460911	0.322371077650949
1.11018248061408	0.82543499057241
0.363141889472288	0.200237930858813
1.23348539851573	1.04828256107964
1.49750451761269	1.00400482485892
0.398226171308072	0.204452005867402
0.149319483800091	0.0649492639113837
0.245403593712655	0.12988974239771
-1.25187929877166	0.808087790598047
-0.607779935705064	0.365436365994599
0.112592798099194	0.0431876521251651
-0.355711722907133	0.208001859066735
-0.0963398263631672	0.0337960541373773
-0.279167415911626	0.125102375266371
0.12623357242373	0.06900070514597
0.296933330759789	0.117941263228609
1.29797217134323	0.517188527164908
1.28070872395751	0.662896370922338
-0.431685980730207	0.233457212871281
-0.715660063306134	0.395188134004178
-2.67698165705402	1.84233005386134
-0.545862464225917	0.242437556971161
0.134507269490635	0.0582108450426624
0.123164867885481	0.0643814923525325
0.00377697285375368	0.00239935404193881
-0.44796599845068	0.154689701734251
0.14976112697628	0.0714913470211274
-1.60540677045664	0.990793318872507
0.801628099849203	0.409907634195334
-0.0974367576511081	0.0342471371521949
-0.633577981341384	0.24046272972226
-1.04660151245906	0.740405806844837
0.95534918558537	0.779905637376111
0.135513270287529	0.0580299667450721
0.141411278034777	0.0725446013312878
-0.815033947919152	0.477551462192189
0.788806451098339	0.52679415628054
1.77406815011228	1.28534319105983
-2.46836912801821	1.438482423519
-0.0841006372444435	0.0398277842195272
0.445017336854327	0.247899136774776
-0.204095036012151	0.0975393919739415
0.669575630066477	0.355527857602334
0.671294178453681	0.362374125185254
-0.408913581070869	0.191882521298699
-0.688393475007886	0.331797929483257
-0.167525269094294	0.0699610336492724
0.309382928151899	0.17768909212525
-1.78328471273687	1.19222645279668
0.145621126114975	0.0561984931189183
1.28131575634853	0.874268508089026
-3.09514860705818	1.03749547577687
0.797698225478266	0.542272392684844
-0.778038267443769	0.313680641768029
-1.06915247043518	0.5023834536557
0.47989600007034	0.278321130045002
1.49308362403661	1.02316184646545
0.393574855684727	0.203890499295396
-2.13115569658165	1.13305405517512
0.608475441331673	0.297388196294753
2.11613810274808	1.49639198518401
1.28049668057762	0.593558422810125
0.292494900513977	0.115124057138836
-0.607785058927142	0.381384341394739
-0.578845804193832	0.412308300466546
-0.103948938199882	0.0233524604803125
-0.397676219711276	0.164133426815019
2.31819005557878	1.51361800117114
-0.10314454902063	0.0352061147468486
0.421650861662129	0.301206931182278
-0.729255647715925	0.405514068521623
1.40375380169159	1.06156673642032
-2.0286403267219	1.0111757082508
-0.0395958515197253	0.0203436214543014
-0.619735791745092	0.226675036334589
-0.0596727235168772	0.0313152003847297
0.380593290812716	0.249183729527176
-0.279626790270158	0.125417121666256
-0.189862595410794	0.122070929281968
0.303301892764251	0.107123643303582
-0.339958448554359	0.190131649182694
-0.181095028912096	0.0678821769888092
-3.09965171459907	1.06948551034403
0.294634099869961	0.119846419309663
0.964272987328417	0.432534266896947
-0.278672452688282	0.176062623328522
0.649830467865269	0.418041674134377
-0.590163385706615	0.370148034071233
-1.90688024051377	0.87919780789998
1.48880107650965	1.46573451205594
-0.967222422209737	0.6737261043306
0.2988490468949	0.12394475363947
0.515860367560308	0.27413218299895
0.0492356007207129	0.0244915126069494
-1.2972951407214	0.453270646742806
-0.403292884237287	0.168592863506836
1.46844088247904	1.13005519536087
0.229279495554725	0.121273513557094
0.371906192126485	0.238549116435491
-1.07878223304615	0.507241191246331
0.123850925317785	0.06194827456875
0.534933409319958	0.378729997488122
-0.0400058547746982	0.020341766309752
0.263497850087473	0.130300748415176
-0.677841261809545	0.433082102398134
0.538018896367575	0.287897157162083
-0.663460186823826	0.308899225099215
-0.22145029414802	0.10830835991376
0.425173198417559	0.260754557692419
0.749447743853188	0.468284891764934
-0.225967472441289	0.106945833955895
0.150295245950978	0.0634361972118437
-0.0785195986327922	0.0460608586191615
1.85878464491337	2.12017089547631
0.209810457945904	0.118915930554615
-0.468674051661701	0.15598337892483
0.386030740482499	0.196484422240612
1.26422694455927	0.930681717465258
0.811925720622847	0.59212602091701
-0.0368697912269054	0.0136313828506026
-1.32222880126169	1.25067951524676
0.147270596700297	0.0651965236777562
1.09277866457355	0.780624880785957
-0.276095315782533	0.119022761400203
2.14289770832608	2.06488068493301
0.588926516239197	0.268995679418673
-0.243830931759735	0.0915115175097394
-0.396943304928333	0.160587065616138
0.0237334944958706	0.00975079134837732
-1.035300240841	0.569742703557241
0.014806241053521	0.00712512148775731
0.536305831358352	0.289644297065651
-0.0482513929554707	0.0262100182716374
0.181510330278611	0.10487379533445
-0.984566291791572	0.665343352761415
0.704063320644081	0.486904746348728
-0.244376040734962	0.139083547735392
-0.157297050188737	0.0650630594240817
-0.621365663346899	0.470628804826577
1.05052805006842	0.613493340158321
-0.693906684416313	0.493850826857589
0.268715043967779	0.160602745573858
-0.0692961544872775	0.0322550858825545
-0.436887697443257	0.338628077349476
-1.08427046477519	0.653906504120003
0.129215926851971	0.0593238080008966
-0.403674113014637	0.190848314593608
-0.635810954321916	0.243471586768212
-1.34720814722738	0.946701622420136
0.412578732591646	0.353448378588613
-1.19188478298273	0.763485554680887
-1.49390798019489	0.847056268858564
-0.415225693369426	0.261325021833553
-0.171760584899319	0.0862136548504229
-0.00380626574520367	0.00188417526083541
0.357524374047906	0.224440249614219
0.5294751668649	0.383417884670823
0.442821203915479	0.20927982156332
-0.658074896324765	0.316591353733919
0.407772585657321	0.203538624588706
-0.24827671505051	0.131350411627956
-1.11470046458903	0.807416561150237
1.4327490869314	1.14753622542126
0.276045170153418	0.169259724902704
0.0376230133593346	0.0207298310113142
-0.415508419316238	0.266565936761271
0.148920705273844	0.0697105137021575
-0.417195968350826	0.227566681422152
-0.238614699650162	0.110722581322718
0.64209871853482	0.391034234082064
-0.386318707394698	0.244608006932366
0.664642772478429	0.566704085225533
0.892457085055388	0.560513490348936
0.737841878362352	0.448126329464776
-0.287735581965248	0.156436260330477
0.239603819758264	0.11099101048507
0.72302004353865	0.565420067065688
-0.394280852750078	0.199867608180057
0.331203956126834	0.196528339298315
-0.792386184388091	0.464926750269761
1.21835109597046	1.02772093554295
1.43529116209608	1.48178144357217
0.694433735642584	0.498922132930141
-0.583562650942137	0.392693572456787
-0.445374375053188	0.26959066814321
-0.0916345194249183	0.0310984607821813
0.138468512264068	0.0693588950172672
0.124837159722937	0.0630164488371007
-0.773358868117015	0.547990616103697
0.127410984591458	0.0613733707055978
-0.989402749615084	0.570536188869791
-0.425046968954892	0.197813103468471
-0.801391088619944	0.483498583088467
-2.14918238842909	1.08366471169462
-0.510275899714653	0.25159764592643
-0.511598009618718	0.292644618783185
1.01803423783447	0.540325227920823
0.617986290134254	0.299906702619207
-0.12754562005845	0.057106801850529
2.12389418187189	1.82307182064604
-0.401030128771962	0.19190771100398
-0.535323394081491	0.235525101162467
-0.671222389862984	0.326619713656679
-0.045651860829422	0.0244295219040147
-0.2327177036385	0.108911434206888
0.155833466955431	0.0678887648837927
-0.140855645029386	0.0769253784305379
-0.394196777011447	0.184512213004484
-0.101457854428661	0.0351869892979142
-1.27748366018139	0.464006152680012
-0.0964535078388453	0.0338499232367886
-0.467237768116239	0.31371266396787
-0.113754105322668	0.048119661460234
0.0192696895693121	0.00781500121757984
-0.313714075381945	0.153833406984136
0.303112747078238	0.1238199581228
-0.457307983955446	0.155512640708866
0.299430428191686	0.131353400867662
-1.62837548924266	0.689202865069181
-0.836634894627274	0.257543939751531
-1.28777545889079	0.461063188580087
0.192578508429423	0.130061883843451
0.0156230644713918	0.00401920121428535
-0.317616964289607	0.165964809715137
-0.673118257332562	0.317064867562735
0.565520323846382	0.385936089750238
-0.128455256318357	0.0565731995240326
-0.784067583123078	0.390433183418706
0.130527872801956	0.0500375898903106
-2.0188163145079	1.0337311055543
-1.09593649821497	0.672297090174866
1.09515283283432	0.881001197130393
-0.405095634849832	0.165911740203573
-1.70381622087305	1.06487204443899
-1.20649004314719	0.606624595295055
-0.677142374614466	0.321998194896751
-0.186272511866318	0.0941806782190916
0.238973047850379	0.123365455375619
1.06835276687721	0.790081762875651
0.486503648601037	0.202318115473994
-0.176342710794411	0.0675874967614577
0.148715814496657	0.075639032445502
-0.0399592657066533	0.0149880140620633
-0.523135590479346	0.13582242225782
-1.60769771859854	0.987920493846545
0.167383660173772	0.075881025859734
-0.258207130660259	0.0975952389716417
0.860945752408417	0.318896865280009
-0.926623128252205	0.401834402168487
-0.209431501918924	0.0997773524809165
0.31226118108132	0.106144405806059
-0.398985052709517	0.191402359845281
-1.61704177636448	0.688879454024264
-0.272714378570128	0.101143521201898
-0.0945354893684002	0.0407803423058201
-0.0637025065447827	0.0301398914725092
-0.621182577305569	0.342340602502688
-0.935358720961496	0.410185445630648
-0.415251551474489	0.225455350502609
-0.525905013358216	0.303189813631891
0.515361960553533	0.271567686041728
-0.813637760505597	0.62200960252104
-0.0818981505323701	0.0430426376343399
-0.110844367259349	0.0500176595250427
-0.513416617928902	0.261056623765962
0.249706659883362	0.122694473972221
0.0119780259020564	0.00497413439839278
0.128315502290189	0.0500503389670531
-0.282149959329202	0.151313497360791
-0.636349414192064	0.234902918947858
-0.0590261963755596	0.0281265901896553
-0.410774498932972	0.1992058241357
-0.0941458741394357	0.0324156227435793
-0.33412709219075	0.17628895466064
0.562941173241282	0.207526589106679
-0.900365877696904	0.47643893192353
-0.590740853816369	0.379499974998532
0.0296667130260453	0.0168440712966376
1.46309213079647	1.08423275854165
-0.259511966368168	0.0992957668747852
0.129036823563929	0.0701031032272295
0.0408541299467085	0.0185505006082468
-1.29991154910279	0.469400557657009
-0.511677513465955	0.295193215027148
0.601177662578706	0.301391026925996
0.759226756053653	0.470248026517706
-1.13513389824461	0.83715263056766
0.114548492235539	0.044314947675244
-1.98851091945973	2.24925356430913
-1.23448682047589	1.4073297157891
0.0325780514210007	0.0172439625446449
-1.29035615955981	0.836998848533619
0.64358955116734	0.404476793145653
-0.86703924690763	0.610592214529832
0.104241880175613	0.054717897070808
0.024547978405408	0.0123510797848283
-0.892741338164464	0.586105308362969
-1.01788940741735	0.584715998179614
-0.792444256877677	0.411714519028406
-2.127568797242	1.12829366005547
-1.19318826851609	0.556456147344038
-0.543431048603137	0.390042230762317
0.276976433691811	0.126594636584025
-2.33091176704822	1.36347214056043
-0.76671346743865	0.504892963426095
-0.115786623976893	0.0493286342231547
0.468260981077925	0.259195252354248
-0.265227065175729	0.148055181267055
-0.524333926905191	0.277427011677357
0.0476725901932928	0.0307438150342046
-0.322549254048281	0.1641701353124
0.913191502444293	0.627372463812312
0.251204461604092	0.124404056764364
-0.671222389862984	0.326619713656679
0.122450115549276	0.0519326549300085
-3.5148724171849	1.36272336967423
-2.22012475176556	1.20838278679932
-0.626693000280246	0.237461138577178
-0.00955833592147014	0.0040457411233944
-1.28486297953742	0.470411391030251
-0.0786147087842681	0.0365264832380607
-0.326999376213308	0.169980298861393
-0.545727344498426	0.243707644844139
-0.579797962010531	0.388031128349934
-1.42061133430948	0.808412218383491
-1.91224259674175	0.89843292262847
-0.452940443291279	0.154432635083592
-0.622972533534553	0.235032606203282
0.537938614738314	0.425302069737109
-0.0706725731614462	0.0332182295867031
-0.414787622533708	0.172030704720883
0.485877968294854	0.205126148849247
-3.68593471296041	1.48780732400381
-1.27870620171835	0.838285700024686
0.0190130526755834	0.00878796666266681
-0.160097291479522	0.0660016705333703
-0.0764570680464293	0.0362253693527974
-0.487911137549984	0.274763898128864
-0.444309873807727	0.154215836062215
1.2963386643937	0.708693951233194
0.603401604199308	0.351094317366097
-0.00218750817463674	0.000107543735465896
-3.67598231309319	1.45369022142512
-0.793594058857319	0.326654540726537
-0.205798090877422	0.124692412349632
-0.71283675303549	0.40342944204455
-1.07878223304615	0.507241191246331
-0.458905242606238	0.282521509149925
-2.29400384338487	2.00317412288658
-0.536279545915653	0.344519851039571
0.532321296094925	0.385234967360601
-0.331910223359261	0.16867604338856
-0.282635476723594	0.125017676481538
1.23486921616877	0.970077030883071
0.136992059694193	0.069984157995283
-2.02643032965294	1.04062514218028
-1.51092779031659	0.84267106550919
-0.176007311370186	0.072890642404831
1.24690771060175	0.977539756184109
0.317924444867071	0.0922952031177124
0.201995661033613	0.114739758641125
-2.33184315752204	1.36388298907988
1.49644457821912	1.00292466689456
0.802778951017324	0.406373418091838
0.347722436592757	0.196286860425585
-1.09222586460334	0.669603308926354
-2.25940906644317	1.22786088363517
1.27710375719863	0.835418140479844
1.62856607463422	1.38951958613375
-0.272494958368266	0.103425277737297
-0.798748520684342	0.328566146451403
-0.226645816384138	0.107275058453518
-0.0982281809864239	0.0340315342863402
0.0462706862678324	0.0223822668611737
0.060184387059753	0.0293123544589566
-0.293784632684125	0.131616195016449
-0.104337447508946	0.0455713234455789
-0.621546705264955	0.234576969241518
-1.4131004617232	0.803908662786388
-0.403097809658081	0.259069422840289
-0.298578648519145	0.136865608986014
0.129078327585034	0.050740276780234
-2.433016718867	1.49870554606366
-0.795985705944323	0.401913125910948
-0.0493463747694895	0.0248251010067916
1.28864433220162	0.74848476957308
0.353054864020173	0.187489516531725
-0.834732346299172	0.598232467861765
-0.242506422393864	0.0753160757356815
-0.254722005095922	0.0960514692371244
0.133526929052839	0.0524475830777607
0.711746892308712	0.527172000153993
-1.79119859756525	1.64511560189813
-1.2814962411484	0.472913125289254
-0.872898208611082	0.520752467312698
-2.1124066714075	1.70168578125546
0.239008266890578	0.113875876995908
0.744877075276281	0.466802270981099
1.26993161303721	0.931792480264197
0.0167352012302732	0.00783675548730176
0.478573250040373	0.26378275532849
-0.970508289109375	0.641333577383461
-0.0664103378282814	0.0337266764259458
-2.34464145949744	1.38428520074459
0.793031201457873	0.383350758166949
-0.156281909371404	0.0792878663047906
-0.949755888865924	0.391629607592313
-0.236579446239239	0.114434523100346
1.28394597113162	0.867017023897023
1.29207056117304	0.684483856556728
-0.567461929264389	0.2507038729382
1.26354018400646	0.888984719246998
-0.169900169321767	0.0670457786429527
0.156944336882336	0.0752706536163048
-2.26103478893131	1.20103443031222
0.547035006568686	0.33702299522485
-1.19539115373604	0.935626642279614
-0.401707792746353	0.192373301806046
-0.419632487839041	0.169780017489375
0.805794755893158	0.398201654797841
1.10312242312575	0.851754694217156
-1.46985998416647	0.587960540824066
-1.2870878594843	0.85583391162614
-0.0428997449855891	0.0247820657005574
-0.098490090211243	0.0437266629497916
0.125309745215839	0.0596773817274376
-0.236516139800868	0.0742890111474493
-0.358479784559414	0.2088775303968
-0.221062970071968	0.108478680592951
-1.06982151409872	0.749908568964912
-1.33419753974835	0.897608207018716
-0.0751094247096676	0.0363415622481614
0.142437751021291	0.0745777234412333
1.5058721388369	1.04148209925705
-1.0810816151665	0.494741567452216
0.276811435451601	0.122665124882055
-0.218437456941978	0.105145363206965
-0.317727926842396	0.243376065843314
-3.09647448091884	1.08882943702806
-1.00451695109585	0.570959003271756
-0.598970880064175	0.308523998116144
-0.9088538532923	0.480883020220754
0.456028200507075	0.206013485846115
-1.89742456366904	0.920154818315901
0.609789189591858	0.302954830610849
0.410867061839913	0.249897274474671
-0.602848535941877	0.36714733615197
0.486595821394147	0.265118231121231
-1.18387626353435	0.754912836901417
-0.286369956699972	0.121059621918351
0.356488949671252	0.20063232917252
-0.972948034859061	0.655552790640687
0.30543807789728	0.10769195594896
0.129761560964577	0.0491916632872508
1.271272373687	0.756398236683836
2.35242825336942	1.13511690169107
0.0145428960669841	0.007314775335309
0.250064823938635	0.123899587662896
0.139315400730807	0.0540124214225657
0.804545105301148	0.519970196757274
-0.02882888944816	0.0108923521667815
-0.0984635994476974	0.0339963334553984
-0.0907220618342564	0.0314062517758795
-0.804723359567906	0.310678396399036
0.696686759510445	0.498566752697105
0.0126641593996201	0.00635281281498138
-0.997922023511712	0.536285058748861
-0.618435017372534	0.229675726568853
0.0203286492307252	0.00949286155813131
-0.101517628695669	0.0352945834174977
-0.559682336573012	0.253209915683417
0.585579194785453	0.270466503144479
-0.231920881743509	0.130441695942891
0.135389165757201	0.0733152491877788
-0.453053374502897	0.299514682968824
-0.259704537694093	0.0996998515611503
-0.803032518148116	0.493884423326946
-0.0968059016470041	0.032998005357788
-0.889496745875738	0.471777669882726
-0.0716517448496148	0.0347371123263672
-0.23115207063199	0.0699458135496967
-0.547126061821594	0.24592424007821
-0.332002860716619	0.170033453991729
-0.580933175148736	0.339481806878986
0.226194647166133	0.1207365292593
-0.545352137862176	0.238548621423527
0.122289626419344	0.066649833736659
1.05552362334655	0.643586766418858
0.0875225944601163	0.029579131844703
0.135039841034251	0.0502647661378781
0.435592298220285	0.207268815667877
0.490419194088028	0.205452153467889
-3.32698574109241	1.2280591673737
0.318092425170427	0.0932620700170988
0.00510638706275455	0.00221097661156036
0.612489533893243	0.301838020180771
0.301216169896787	0.117640982477212
0.344313096206362	0.194087782676431
-0.501563452305979	0.308452008392606
1.23554009733782	1.03802353589532
-0.264765473730755	0.0988159739186776
0.796418502986271	0.402375944768765
0.602940732503253	0.353392752854647
-0.158572211014233	0.0656772428144728
1.41852241309613	1.13250965719757
1.78074069714189	1.25330742801262
0.679440832155646	0.376396963463075
1.89031314708228	1.16732223888848
-0.166775799061481	0.0695269466395856
1.09140260797042	0.81821019038437
-0.594147965804741	0.360307666810642
1.57733197071053	1.409366328955
-0.0169684707303949	0.00676747848519527
0.0177739202145018	0.00903796494129417
1.78484252242879	1.20056290918764
1.78506311416887	1.27563605199596
-0.663045507939849	0.311280186182006
0.289785163328146	0.182106624001203
-0.62350659006494	0.347074087365059
-1.19825590718302	0.601062721887247
-1.31813774640227	0.682678170219597
0.383450787564331	0.191913243059898
0.797815896721208	0.547170262045616
0.728993983088137	0.565980219917229
1.60841433515337	0.880569116699059
0.355017641074976	0.192677010001292
-0.0784564874738737	0.0417583405928109
1.08481438285469	0.966196312891808
0.0155099074644015	0.00650964736357574
-0.427444657831839	0.176411561393179
-0.283417696264284	0.121784732930131
-0.559064692001159	0.253531479236469
-2.11908378496043	1.10964387780718
0.687766665843224	0.28802136523576
-1.07966622788214	0.364695080877922
0.300826381220001	0.107171071529326
-2.8384312259762	2.10801053537001
-0.682776754389073	0.317515228232226
-2.45468938430728	1.42277577723162
0.491818238793676	0.20868766004943
-1.45848707018788	0.580198349067802
-1.32717330418788	0.691092550671321
2.42837498047527	2.47829430833177
-0.448051884479052	0.154460260603477
0.706009367003029	0.302767852900773
0.77807572315824	0.514562015547491
-3.96489961999614	1.76528343841468
-0.00228457098244678	0.0000266478609149354
0.742750328698006	0.44870642990951
-1.41542866872813	0.790712118590427
-0.789485197724842	0.320012980409017
-0.0581054712310773	0.0299976267342689
-0.208956885440198	0.0999473051637645
0.599227716135313	0.28872383099037
-0.790300540521505	0.409269374386521
0.683109330261784	0.378160038699244
0.959560687465448	0.438638363345676
-1.0961951524725	0.655390286816561
-0.994519837555538	0.543029864251333
-0.24847098784244	0.132939688377263
-0.946294126573491	0.409486474075097
-0.784220568830197	0.396122161936389
-1.62610415582463	1.00517819774365
1.95592061290944	1.42690540002666
-1.19583403999266	0.604871620855224
-0.822985065331612	0.495859253122045
0.428643094650364	0.20067914953683
-0.0407091336747448	0.0148900650357781
-2.2533164712825	1.1776141545088
-1.2765298981513	0.459519550197926
-1.46591612210926	0.578070438273121
1.28163043231801	0.615384548715425
-0.0690584693847908	0.032608068312995
1.29367941975594	0.748533670097473
1.61244939150446	0.879524952023932
-3.32013518200022	1.21087626955713
0.160628894154926	0.0678202311081288
0.542301094846243	0.291221023797478
0.487223866228606	0.205337933385362
-1.07090430811434	0.510969781451341
0.144646819878442	0.0685484388013738
0.984485556118491	0.880295433609415
-0.292248571718695	0.106447476934015
-1.33391105106554	0.676828821514691
-0.462768177690048	0.353835639139547
-0.26687060685417	0.172514941435709
-0.153722965916388	0.0640160138234062
-0.527215050774644	0.140893224801063
0.548332676093981	0.128537566389422
-0.540003489768839	0.241563857249812
-0.902963133551268	0.655586644240567
-0.322115364053472	0.166563677791014
-0.978013710790263	0.529533742561909
-0.20015025169674	0.093453586337864
0.4299092226728	0.200201938880708
-0.396282218943829	0.189891135598638
-0.112803166170552	0.0498671425963733
1.2996134727987	0.530136221804645
-0.675743578070868	0.328495817032573
0.000670816185398691	0.000576161098162347
-1.66201980113189	0.890353850950272
-1.31060397493691	1.23980417365399
-0.461364893396114	0.15079840078106
-1.881301961901	1.28940100363029
0.337510922262133	0.227346143996227
-0.0671908994891224	0.0321032669077192
0.536123680062609	0.286266705312487
-1.41639774944575	0.797150030480843
0.519060550018068	0.268294852588206
0.134662237971838	0.0683094045569981
-0.174974341816988	0.0878786078572227
0.0219755955644436	0.0120550856814434
-0.414243149519686	0.222663077146274
0.275021046876767	0.136329830175319
-0.317209293237645	0.161479817889818
0.703320615199711	0.50605225679171
0.272592510383557	0.119801069497316
0.704557682875849	0.501774902136219
-0.172018569480613	0.0709708233455829
-0.786322260159352	0.396105052540686
0.138609063732997	0.0504149295314021
-0.159992635412083	0.0631802421414504
3.65262338895493	1.87036661789963
-0.788933468341748	0.405291187011408
0.51565439952919	0.374661506791297
0.115251841750297	0.0439004365908491
0.690497671676573	0.296317956726061
0.134931371306661	0.0651036090769011
0.653898240689486	0.431945910055096
1.06769065863227	0.696335705057774
-0.5223760081113	0.140414884928745
-1.06822716561915	0.500091388204566
0.39006130074647	0.319980951277415
0.00295887205300919	0.0016323944885274
-0.503946801822343	0.25157724751171
-0.0618257118613528	0.0299161551474402
-0.308794827346889	0.154009827027439
0.0535704560863681	0.026473310780913
-0.529553062749016	0.273659636797835
-0.728247166407327	0.402806470707535
-0.405456947294753	0.195090139570375
0.308177783420709	0.109222461021131
0.319359191987177	0.16781951660993
0.598601270745134	0.339753778064914
-0.716678512031277	0.453945309208541
-1.60515975853521	1.20502850180295
-0.884008389420434	0.871682594567447
0.147050249188482	0.0759160871074192
1.85517085520441	1.60529217862386
-0.0721702765369055	0.0345004731598264
-1.02581726846691	1.08882366443051
-1.30805508085197	0.706770971461006
-0.783213989882348	0.389764613581498
-0.0424171375261408	0.015314426973413
0.578696796323547	0.368123420069501
0.208311820982481	0.0998519164475313
-0.114071545092737	0.0516605363513638
-1.19698469773621	1.05339312111278
-1.29205204590146	1.39754905278083
0.170469399299236	0.107006625536659
0.0295088543392487	0.0153892364849949
-0.441839943031579	0.270473112503139
0.626848440684473	0.457178565287669
0.514450441594153	0.372934163400507
0.544296122975563	0.346807335936432
0.656756908367475	0.419846818828437
0.426897166625212	0.199563263921151
0.87370540953492	0.481762754725167
0.75362016980965	0.466054989615179
-0.215047545286707	0.10252341985351
-0.18617733804644	0.0946280693601676
-0.160914783359303	0.0927836556519795
0.524127810316283	0.283678668790537
0.398109945194707	0.206249813456181
-0.806190224907457	0.489776325035942
0.864904246938888	0.460579507473406
0.326474469967647	0.194594048975228
-1.04392438599275	0.713220693989697
-1.06819486241057	0.751539328578476
0.146993611159528	0.0633144272591946
-0.341654307256725	0.198036272550554
-0.671222389862984	0.326619713656679
0.110484219834911	0.0644925353734061
-0.255552112964763	0.0964509922920373
-0.399153157199967	0.25940630873013
-0.320802287459735	0.194020896505297
-0.500207868832438	0.250940172951524
1.24435103367811	0.922557522117753
-0.30396565675096	0.186423900602711
0.862650561267585	0.737573301611128
-0.527449126784455	0.33951744523226
-0.276776711544981	0.123005415562848
-0.424578007172872	0.173986216857656
-0.253613492621902	0.0981023710639522
-0.627009690698269	0.482451719171688
-0.737098855716118	0.574565692989448
-0.174600709915593	0.0935529634488881
-0.22467546886492	0.137490183923311
0.562206836588246	0.430780623576128
0.352515026295006	0.195983489981039
-0.675522505375447	0.304055838153478
-0.0954451076296631	0.0425800711937614
0.604374709002094	0.346896452405077
-3.67486495496742	1.50848162780592
-0.950614311938841	0.418642662741922
0.813399184331616	0.415742619946489
0.29878867026222	0.123705844247552
0.282799789317715	0.130413203332556
-0.141873767731558	0.0763804400624276
-0.0172117476427865	0.0100222242414676
0.401690016392693	0.241808764031527
0.27899019961238	0.128256948842798
0.260404825621293	0.128567597685171
-0.228201908978443	0.110058938512205
1.28465872618122	0.843495489522162
0.610016652848146	0.438568359161682
-0.0580793592688409	0.0279104498825555
1.56407299679522	0.955961734656043
-1.51089848653077	0.881884634742566
-0.797453194631843	0.413948350939834
0.48474489293346	0.273069073603526
-0.0629849100234122	0.0302968628970134
0.957000040150721	0.428560554132988
-0.00611656531310045	0.00276674659132546
0.536162205682754	0.337971060501376
-0.556769072535542	0.244721932472607
-1.19851089955079	0.587808558254615
0.440896993710742	0.205882697269225
-1.19970265075873	0.785233562116312
-0.413723505908686	0.229774540123196
0.798061523830189	0.404280952961192
1.08925122256749	0.686475740702994
-0.424157016616789	0.228240840802619
0.016623166634905	0.00672126818981283
-0.782443130194512	0.393061731996509
0.245798803544836	0.13093231902347
1.80645548587461	1.86106145215333
-0.431810009169084	0.325868663578074
-0.345709206557941	0.23102981726436
-1.57765302022114	1.51733970969265
-0.597107490746489	0.311528001570435
-0.189136828517069	0.0878177838220814
1.09501239928402	1.01412820252736
1.27443216207851	0.747332381561183
0.613891985800557	0.289283080133218
0.598951632298284	0.352844632680013
0.296307238371642	0.100090612508326
0.110046000237819	0.0553647386856529
0.859682057314088	0.815552775142141
0.824206810273129	0.597871055163135
0.132204133674956	0.0650698475336
0.138399434667224	0.0707665147161847
-0.946184330094443	0.395495222285511
-1.75817315506553	0.794854384955456
0.36334860991868	0.197747180188485
-0.795022864768648	0.40306502375859
-0.783069884384875	0.399658560247267
-0.0166478012253864	0.00657560859555032
0.0408964848054685	0.0186262256153426
1.69897721002074	1.61335775782065
0.845813532726695	0.458596223867521
1.27673331362194	0.917738609677656
1.07829045506182	0.926348193905629
-0.395596289328673	0.188493726637458
0.0312549644783977	0.0138446085841878
0.341988666018906	0.229738012542777
-0.274941139897191	0.174934679000349
-0.105527027653598	0.0465858669003681
0.559584005737016	0.209985261051233
1.0191289028473	0.543510683101311
-0.327729221895229	0.193597524038899
0.143336428291964	0.0668869428886574
-0.351498429915665	0.234725002723271
-0.518165960782909	0.370331259607797
-0.239971954295768	0.14972886623496
-0.0970894012579891	0.0440349445496201
-0.402354780717062	0.167779581987783
-0.143170976932088	0.0830285636595603
0.486105179384383	0.208667087262631
-0.668331216860139	0.320505589551387
-0.744164939828077	0.561171927555731
-2.05849704146216	0.555726647791374
0.147390766236547	0.0920913191609331
0.690293270980879	0.49656954104407
1.51990272879594	1.83149521245912
0.903794624715129	0.57902893699763
-1.64224531822322	1.3889890423484
0.981727618752808	0.836924197943527
0.795399267882658	0.396878420512878
1.07382619685376	0.699210075724869
-0.360065203454199	0.210184150777502
-2.08667364993756	1.66432585874707
-0.274293550488384	0.119685565890817
0.291333307281491	0.127568682433265
0.210969140563953	0.119159183670268
-0.138718269046114	0.0791448978639294
0.153662201652641	0.0777706709729584
-0.521514791486532	0.266114563505732
0.526029672489935	0.285236521347492
-0.336557458135893	0.194885737356636
-1.1098381932077	0.670906381540194
0.37109539265579	0.185360231882514
-2.25059130372971	1.25476991822428
1.23600051530634	1.12274812206892
-0.0162363950070805	0.00640557812592129
-0.540906912594074	0.226550732207711
-0.325791014868865	0.167490781076613
0.0152135484915055	0.00817649186576185
-1.41802297266081	0.802044707132987
-0.776500550731014	0.548120095487086
-0.421140121716403	0.169740595434337
0.547605561859534	0.452791570343629
0.138303595264725	0.0705026824330256
-0.841709355029458	0.608620534493907
1.26554749304743	1.63886470811444
0.0217129929036891	0.0110277945531238
-0.79717239262737	0.627317119265204
0.0967222125399688	0.0517894643754128
-0.449015386792299	0.314335579298361
-1.30613603923649	0.84876715654865
0.5158032524137	0.269994633153818
-0.298186237822882	0.132736296491823
-1.41142971580033	0.76809260604731
0.0180897529073691	0.00744959899697581
0.441244112717261	0.263021312200771
-0.0622668800554045	0.0313459459808482
-1.11072609032471	0.656066862355624
-0.0801072281120422	0.0421520709249188
-0.684851978878433	0.367318087543705
-0.613604241600439	0.332020127624582
0.398037619334154	0.204453017609185
-0.618128397806659	0.222166221595514
0.132677757459315	0.0710827938835948
0.0353895330970665	0.0161982878490011
-0.623561304815685	0.234277836951613
-0.448224155790193	0.304593186145463
-0.0000189402955280995	0.000306868573981466
-0.40126324713682	0.187766619314504
-0.245858529410875	0.0746974477037238
-0.169696570332615	0.0877234746849526
-0.409548007172475	0.172194106966878
0.256385180549775	0.124795513343726
0.425241113952104	0.264179438030486
-0.466078057169293	0.270794068627443
-1.61796151769388	0.951593994950629
-0.414126072623827	0.164349090457953
-0.50655907442186	0.259282768144409
-0.408180954392024	0.192505226929355
0.620794487030289	0.301787821378211
-0.45841314783357	0.15820368336475
-0.0197549867374986	0.00862242854697172
1.76645606286219	1.24713554881787
1.29133716146674	0.699782982858081
0.298751914202942	0.103609808001422
-0.25446308503334	0.0971905211944945
-0.425954824889628	0.174504409377592
0.429683313776611	0.26223406437201
-0.0288446759321872	0.0104481003394084
-1.88719399127519	0.894586923360504
-1.021999528873	0.529835594714532
0.272519084332675	0.126435612661465
0.30707321515774	0.106107172154716
0.105627140931303	0.0342533581402734
0.0358605498422895	0.0177370970087088
1.09451929882843	0.771371842549136
0.281260152115464	0.128019559823879
0.610392073326232	0.299968122233397
0.0195952802172437	0.00902354978645603
0.309832724387647	0.110305655091749
-2.01227886454127	0.996708302920602
0.552096924084589	0.370746958887492
-0.927346560603016	0.404741360489568
0.957762327474035	0.704687954596476
0.436144286104416	0.235933619846856
-0.0980558618908028	0.0337335589400348
0.309911671289505	0.108427464973387
0.560671239660952	0.2085215745404
-1.46388054629243	0.583352560036141
-0.422981827231483	0.217216056570603
-0.0430663173442045	0.0154734450296257
-1.30998240969723	0.687661491960864
0.133308180195294	0.0500911223353241
0.0907563967989846	0.0307452864281546
0.29305018294787	0.107850397138421
-0.0193900428548801	0.00743367328664463
0.900529637624799	0.569694115588397
1.07619053801644	0.80485531359036
-0.791521508310986	0.477352695958714
-1.3061574669163	0.667234019530127
0.799666056910508	0.574215761069183
-0.52299088728466	0.272671428866466
0.412512890173256	0.286921387951978
-0.69029069412857	0.435160445390206
1.01452225603095	0.534455614785116
-0.79766216509284	0.319804536167336
-1.76758184120578	0.80805060854661
-0.106504236303645	0.0360493637047144
1.45945427671473	1.07087720378308
1.03276049957335	0.550211092660556
-0.0115191946050693	0.00467935694511739
0.381376689796988	0.195440100211632
-0.0257151017895518	0.00982163825621515
-0.253431743066806	0.0928599033851419
0.544730911732646	0.198974241915673
0.300337230115316	0.106969044286595
0.870648124455805	0.502610345981131
1.28772736429372	0.614358341000795
-0.183573962771729	0.0917172644296046
0.0457538360250265	0.0224101348981848
-0.172922675033985	0.0724552674774606
-2.23903162513661	1.23044495800396
0.405223333524886	0.20636865903006
0.59864648750866	0.349340814241227
0.894405395662656	0.541442450170174
0.237808336924476	0.132952565463369
-0.626599143949361	0.342261131839745
0.396735396626693	0.206987186642104
-0.0964535078388453	0.0338499232367886
0.256711300014521	0.114449023960931
1.25421303052599	1.00933720999142
0.284341031732836	0.128322004615855
0.865758573678066	0.326685916203701
-0.0989824574858418	0.0222456966330467
0.316999011228212	0.0928334677014698
-0.114598643291797	0.051217424273423
0.13102671227747	0.056199002536562
-0.174512070905176	0.0720863942380142
0.593954650623794	0.280007689146255
-0.0217784855348031	0.00843625962736372
0.610031601840859	0.301912849146285
-1.64176808939509	0.973152721831934
0.388083284807389	0.200891704000127
-3.97627775605798	1.73565369513217
-0.84267406481123	0.257102521121346
-3.31518843568061	1.19835002370899
-4.58722083036949	2.52472370197568
0.0716423316962797	0.0232134966769356
0.0190842251441769	0.00494141267484626
-0.0864384886681072	0.0301454649546032
0.092776461775912	0.0310362019529642
1.02420304080527	0.538023806602242
0.613894953844627	0.297294189664616
-1.18657026896886	0.715668954901968
-0.281228002886573	0.124260315395329
0.855385461190801	0.472685518675186
-0.28734978422471	0.129154644554362
-1.3222137072667	0.714757323740366
0.430014378078959	0.20719293879064
-2.01508189531519	1.00968176935136
0.309832724387647	0.110305655091749
-0.100434300343095	0.0347471788798021
0.813217802542075	0.398635449083467
-0.00331915804395963	0.00097540328522878
0.0114202123721441	0.00307192001957707
0.15092658651827	0.0659409076948509
0.716316676235975	0.574951668937737
1.26399832270065	0.94657097522837
0.542999278858265	0.286005786450478
-0.556020877609437	0.24805099048064
-2.83133823353176	0.934971127868472
1.02705028580482	0.540816513422442
-0.201066057582893	0.0940774778563877
-0.929580533485321	0.402079926583516
0.609331107457429	0.302597692545564
0.26753540449831	0.120244329561231
0.246263541617514	0.124839148882031
0.121172502686678	0.0497699145008228
-0.303977198312324	0.153043455418762
0.0348202451583024	0.0158675286883052
0.00913876512255594	0.00266781331555496
0.560335289862621	0.203638562985932
0.117653131521609	0.0457311185199177
0.0836867585845714	0.0270909953573886
0.126709216037919	0.0502443420178602
1.55944608538412	0.991627375122086
-1.0068985157469	0.569374121739791
0.388333466847147	0.2009626708786
0.759579643624252	0.470139647397455
1.96800008174538	1.52336765900005
0.150328550120975	0.0655472590983835
0.445619906586101	0.260575621840384
0.131088519387913	0.0504123107369821
-0.2527069730093	0.0947727551708926
-0.671849988607822	0.320567288205134
1.5508581761352	0.924312385006455
-0.202626995780285	0.0951961647404784
0.751193601971895	0.231756848435628
-2.49231208841664	0.741884845199983
0.7140927029668	0.305131869878453
0.548332676093981	0.128537566389422
0.532588534094733	0.283977943228172
0.0288913774132015	0.0129496073308583
1.24443082185008	0.978234547859508
0.222926326779198	0.11470571939851
0.14164700903754	0.0608528977358553
-0.112421865235579	0.0372772975125272
0.361076915322185	0.198258862946063
0.556020522503905	0.203856071909752
0.493664408466986	0.202422737791972
0.790368419225419	0.394387626136923
0.6151159608198	0.299628520709152
0.31118225686456	0.110497295015127
-0.101445166826197	0.0353562883056131
-0.27468637405163	0.100062529111031
-1.47166449471343	0.567560055394316
0.701974555894853	0.305430863866205
0.603555149619729	0.364565971031578
0.320159186534265	0.0929647852056076
0.287946027945817	0.112727405056718
0.568131518697229	0.210993711274774
1.62252639116407	0.914567795822606
-0.149560433517952	0.0615641806150914
0.555335330454088	0.204846342829437
1.0827303199419	0.702425714088483
1.4626037063259	1.10400451858938
1.43055365501953	1.18356107907275
0.301938305448915	0.102892032960396
0.616301901349852	0.297242001749262
-0.54927714235089	0.240999852628007
1.26057301977866	0.840156240348155
0.464881106710961	0.257469928555034
2.11370283675021	1.47026865918917
1.06096098378194	0.616339212796007
-0.226466224054942	0.106799079445949
-0.0661146968781702	0.0319966181860404
0.0922523727442821	0.0307788602548007
-0.632995923339508	0.238074331634958
0.376751859652017	0.194603309192444
1.03419101217342	0.504174663663132
0.906622483676678	0.564750722436529
2.13801277811807	1.79399107226052
-0.546469271684855	0.235546054371963
-0.0989809353484156	0.0327751902584528
-0.676674492438561	0.325349614639595
0.88568077085783	0.326733091961237
0.076232071284938	0.026092668745073
0.389375819492482	0.192797958698896
2.55013200024512	1.79090547361166
1.08428544751132	0.693271113359582
0.0178694874630952	0.00735391031261002
0.112711434358279	0.0433250317285734
-0.10258152720459	0.0351452921625097
0.145507642437629	0.0639769573425336
0.491846617352072	0.209196481096676
0.332147052581879	0.0950871161574312
-0.0417675917732459	0.0150885527158319
-0.100630873298134	0.0231392113137372
0.877056025692956	0.341417439858904
-0.616459680075714	0.325043107539609
-2.05433974854713	0.576107769870825
-0.411542726313631	0.171474412980201
0.102700533074077	0.0342318164177142
-0.412225245723091	0.18463349524828
0.697589548168707	0.371235429782158
0.0871088318996477	0.0292725419817235
0.256758403539456	0.128133156397106
-0.634045117325153	0.227218762896306
-0.628061925375311	0.34924702658233
1.07518729474046	0.691566901356853
0.303624180000361	0.107235236201798
-0.0741829436518311	0.0353663391149538
2.00521072167693	1.88801376334859
-0.296629180465312	0.132602724921261
-0.5223760081113	0.140414884928745
-0.407188496709131	0.168994536226651
0.96820793327244	0.443148007475481
0.923825380321433	0.61472505759673
0.117231765056775	0.0544425791757363
-1.2849491997548	0.465488761067731
1.06103295907599	0.607120770070075
1.66654459471092	1.22929014140312
1.09325315992514	0.770901334662078
-0.401815297962145	0.165020400697545
-0.401035994037273	0.16423714180507
-0.547741748583435	0.243717539149531
-0.164408102018219	0.0644860011224321
1.29466760058346	0.763134905286197
1.46071771784859	0.885159904906107
-1.40512313684563	0.783683092650763
-2.6757636831242	1.84115374792928
-1.47703750749797	0.573679195372393
-0.394886257029839	0.187049973367364
0.555314719298322	0.20529632658328
-0.626608885704098	0.229036752056097
-0.449952784395641	0.153960443265327
-1.46061957813435	0.577061024615412
-1.190834177442	0.592684374825949
0.564868277833811	0.194970747014453
-0.53962110870119	0.237865741540789
-0.29696097320305	0.12970586937313
2.42812973738826	2.45148325582757
-0.793716685236124	0.326670795264617
-0.25417074738957	0.0951038785714196
0.48642035659624	0.202274583688171
0.0283088344074019	0.0113854840164686
1.24666842600259	0.952032632434242
-0.317132139010239	0.15746023132656
-1.07045924783237	0.348655539443657
-0.687962963488757	0.321421468973567
-0.999384514252406	0.574552825889684
-0.64001706635913	0.241694749254353
-0.517351938617723	0.135137025900895
-0.521239785553401	0.140369579797354
0.0143933242014473	0.00580589382875259
-0.454842880909545	0.270026635279456
2.70305318313569	0.992389817262118
0.478752787904378	0.275435434088692
0.807635064915773	0.417546545605912
1.39308520351494	1.20133001880983
-0.634337260872414	0.241994380044998
0.443263955674	0.208461486324193
0.481446459664647	0.197659845562019
1.24071230028232	0.971125228225747
1.04872230051753	0.609000901475316
-0.225069887120855	0.104984735767379
-0.501917978120932	0.245226431492014
-1.45608214826289	0.570053697959349
-0.0922716621693122	0.0407928563334032
-0.266578662434193	0.144408364421466
-1.88797521048976	0.904490970199922
0.59753933964313	0.2942694880549
-1.47476326741356	0.579327434695538
-0.268777148024253	0.0999148772606719
-0.528080405370296	0.286518001571811
-3.09073159364739	1.06509583332195
-0.32833189424476	0.167871404646339
-0.298470788800608	0.130872523002617
-0.028269027573524	0.0106007549647041
0.714485111615234	0.309674163705991
-0.270289184486961	0.14446566170081
0.280528752374275	0.128269552798367
0.0162938265738021	0.00645825305419446
-0.775697994977389	0.302890762908543
-0.662038876079302	0.309919934593373
-0.875530421162943	0.459924915846372
0.424199937333458	0.1954768258571
-0.782037348648816	0.311687236129557
-0.0267838577298916	0.0100222700392623
-0.164498301714689	0.0681350452026774
0.964180056066041	0.433422597218211
-0.787551179122806	0.321854672051478
-4.22311463762159	2.02418925409635
-0.486573763233418	0.272263231889385
-1.06942461822529	0.505111703072862
-0.282344574975781	0.126251710277559
-0.0976668883513749	0.0436411965462932
-1.42029383380203	0.98239238576152
1.17574744602022	1.16671247836518
-0.421283620372684	0.19792810522377
0.547086899822766	0.283032280059539
1.51821706692339	1.35805129175791
0.700415654570736	0.370508386644637
1.06375189970988	0.622977101922637
-0.622381172685741	0.232062228165955
-0.546369170767651	0.271110118283485
-0.157371819109388	0.0634286191504871
0.742846606800615	0.233354125368674
-0.519604893302405	0.296287761996911
0.86180659567586	0.482384291796636
0.570773190643907	0.198408346445986
-3.68713255800143	1.46065720727424
-0.807303104465751	0.406533779484884
0.440543418679274	0.209006649842141
-0.635475903003009	0.233055043843523
0.565121816013371	0.19933179639524
0.0215661212154629	0.00897778532020475
0.128107382708864	0.0672441966801198
1.59581315290121	1.40372010952749
-0.229819459699791	0.0713436708638103
-0.00497745885578725	0.00234957868579557
0.435989059347548	0.208000809273876
-0.261143214947935	0.10048647376975
0.00491545989567752	0.00162467659609041
1.62463537901159	0.884630022327557
0.481735338009846	0.205247263966747
-0.293378516945038	0.132255950506965
-0.137036211061335	0.0752661918629803
-1.06860212619237	0.498705443818295
-0.901430899873021	0.483378011326258
1.46682349603529	1.08746635778733
-0.840233233068302	0.250814356122496
-1.27729466356212	0.463367747774768
-1.88836753814017	0.850256306201578
0.0195978444686804	0.00917599535385392
-0.508967467881632	0.291671421436819
-1.29510469428056	0.478449739353142
0.0408541299467085	0.0185505006082468
-0.404383753312999	0.166102281581123
1.04257635489454	0.612894993425493
2.14947665943452	1.77369674919605
1.27546881719686	0.86705545823933
0.0123876104363821	0.00332088703147064
1.29779126303497	0.50420630795905
-0.602700067656063	0.313661471224613
-1.29384475632981	0.644872028629334
-1.61630680390805	0.984285733886328
-0.333350554141297	0.170879064832778
0.0190842251441769	0.00494141267484626
-3.09404330590539	1.06245153955413
-0.0989824574858418	0.0222456966330467
-0.170892948009797	0.0855849652831619
0.408430078013396	0.239545553026783
-1.75690802814133	0.788581082283612
-0.727751910472455	0.427713332428441
-0.163162614758503	0.0673131011056134
1.46444270918633	1.25127486790375
1.51274137491689	1.05450394703144
0.832215424671233	0.639019912835231
1.25218941520872	0.929056497593231
-3.68647118353199	1.48748332659894
-3.32100684598019	1.20134190913051
-0.449806099370683	0.154893005476604
-0.504220839299269	0.295456447279312
-3.9593692473106	1.76336338718097
-1.19716992945953	0.557394593663218
1.29851872905576	0.515432791161323
-1.31088769842241	0.69792371664708
0.135731070597001	0.0652294361123804
-2.82685472330953	0.922711444031235
-1.20594342195184	0.587029668077357
-0.420444242621554	0.231845532861886
0.136814145160735	0.0577028931188853
0.48180142796533	0.202988444410714
0.0915981071657115	0.0306476135657271
1.27828448939956	0.862043042397336
-2.12920550128079	1.13333100262902
0.464441227861975	0.263782031983563
-0.238034464525448	0.072981385078238
-0.153473717247606	0.0621225846471077
-0.413995904044387	0.172363919069318
0.1484390382048	0.0643712395683072
0.138644570262131	0.0703986783039375
0.30387868780347	0.127411535739343
0.405482786930391	0.19387697178412
-0.24820012783144	0.133436140998928
0.0263281498892766	0.0127924123483815
1.26104336042365	0.887595312361971
0.596617303663113	0.293784417603141
-0.1539677615321	0.0616119251232905
0.396202473094725	0.206965387263718
-0.424070468302878	0.227752303242145
-1.89241726765782	0.899959789335909
0.0176974506224392	0.00442667642003626
-1.78742777096699	1.18320331878264
0.752335392046826	0.227565334947581
-0.788513257247433	0.320775240141999
-0.106856333231157	0.0366162578383582
-0.785799206623259	0.308916359944029
-0.173849169976474	0.0888880429868336
1.29615501571069	0.51983303607118
0.749481068946929	0.46086127182912
0.0156230644713918	0.00401920121428535
0.148464851855677	0.0648805976642433
0.00866705764748314	0.00250892523770994
1.5541651118545	0.964159747003075
1.54801702744654	0.995906322529025
-0.425894729859936	0.232933881216014
-0.602171981931133	0.319006108492785
0.868069669138662	0.493030305978025
0.0355195291502468	0.0161069482852551
-1.19372637971738	0.759930789677078
0.319781666217287	0.095251523392
-3.50766607864638	1.37426814117007
0.00866705764748314	0.00250892523770994
-0.0824639800199207	0.0395819565072834
-1.90364437744775	0.897244678819914
0.101073823712224	0.0333800185427571
-0.885623282895346	0.564665302387066
-0.937102097179862	0.417366704175018
0.0231257226646292	0.0111381015830828
-0.413995904044387	0.172363919069318
-0.310043280805614	0.161074791186469
1.76031456305142	1.49309298465292
-0.537215658664563	0.240599639547374
-0.228486955443837	0.0695012238814201
-0.622338144835426	0.228644390694498
0.347014099768831	0.195592667110488
-0.832168409431155	0.248980114167423
-4.22583820829328	1.97743900769787
0.00819059863831194	0.002190827181911
-0.536923008385996	0.234472279799098
0.547042434705018	0.291975491415303
-1.46460653917915	0.576564017211295
-0.30372354238659	0.129446905663619
-0.0482074792325916	0.0259954516234843
-0.019694879130524	0.00745874477127763
-1.76434699771936	0.777577101805024
0.544730911732646	0.198974241915673
0.934961217959397	0.650127523916988
0.67114402641111	0.441396153058333
1.54974542740586	0.922314981083835
0.129294878710545	0.0561375929112205
0.0902570086035943	0.0306988910018265
-0.629450964183805	0.237236316920027
1.87680508733918	0.595685726697882
0.74005934947756	0.228093775301913
-0.447839637485951	0.153715260046215
0.698595676557422	0.304404166847613
-3.09854591945789	1.06489183316454
-1.37736686643192	0.369817212053887
1.61172514597514	0.926458912120795
-1.28962986610511	0.477635949130163
1.61464667046859	0.902659612349309
-1.17929123791322	0.55755464488613
-3.50265551196981	1.34769454815451
-0.0978213193620585	0.0220638318542834
2.35561718010513	1.16476487863117
0.561253668735043	0.208232044396856
1.71768964238755	0.802993981372989
0.406733982127167	0.20585369660008
0.289763886386064	0.131113115070706
0.135312537851429	0.0595332440601457
0.429405688375119	0.200629357331666
0.65070634757931	0.430716420479677
0.0426910275561357	0.0190791946108959
-0.330366457516504	0.17134919649152
0.327854367618469	0.0960907721742113
0.610463135934359	0.301542174904459
0.856372822618377	0.66486697484658
0.65302548867371	0.499071250192412
0.793340026921481	0.405308897742082
0.490593399965504	0.199170072364592
0.905907076881866	0.55679986022217
1.32237596342642	1.39578255180552
0.898335848533309	0.542162883547392
0.320315073371118	0.0918159211540541
0.274806729435483	0.124473005977579
0.875573281793897	0.503079798773587
0.0989366093754906	0.0320581545655608
-0.242385620935136	0.0719449865862348
-0.0941779390158178	0.0217731946290539
0.703917719583743	0.314700506643225
-0.0193207119477589	0.00746587388019418
-0.446984700085814	0.150626542680004
-1.61711325174392	0.677635979110965
1.29345959680904	0.779994530364438
-1.4596316875172	0.579466965505686
0.561253668735043	0.208232044396856
-0.227078387804419	0.12866536034083
0.268552621700408	0.120543865890827
0.901109706209002	0.567423014922126
-0.0878609848826689	0.0392113491100069
0.140044952006786	0.0577233894019997
0.727406481023216	0.561240405353105
-0.335966581279463	0.186427694474482
-0.419435477152085	0.171753627625024
0.705140639382348	0.306941296606773
0.0841746803125222	0.0275608116940314
-0.6236924599838	0.236360582268429
0.273506615047974	0.130345362466371
0.693587977687642	0.376509178904489
1.27124552533208	0.837174656091672
0.431065946030323	0.205170358602325
0.0134641166498978	0.00562374459225202
0.534384759003457	0.343303788179541
0.812882276440103	0.403598214424101
0.0865642245318729	0.029691681957256
0.526067791390624	0.28118131119627
1.44745828260141	1.06164469152159
0.799601667279625	0.533743816715075
1.28031316188076	0.598820967699884
0.612258631227213	0.360245405192622
0.149569403836418	0.0654322594073129
-0.606291860708768	0.427311412405229
0.130890006734451	0.062822247870302
0.9235709149107	0.636418381880741
1.71277646147975	0.80063934071007
0.081562905910556	0.0274496228559605
1.45824527163843	1.05011159035811
0.966472896460987	0.444460804540704
0.499797003959747	0.205478762398874
