x	y
1.55916476972191	0.957847576535787
-1.50344231755106	0.872878433367757
-0.397676799824559	0.186166138444072
1.56151971221156	1.37127618842915
2.13195901975766	2.07889988236311
-0.455638054885149	0.153651062494282
0.519863304279	0.278578621113162
1.05910452441732	0.632176803299445
1.0182859029535	0.534681682563826
2.29250490959974	2.0849652592382
1.39204125593727	1.17093962877738
0.804019337332896	0.411189340126075
0.529976713750976	0.271728757383376
0.715218354233268	0.312788294758657
1.03598077732606	0.575926760985352
0.870497204778164	0.48803731922387
0.87093453084744	0.326797302657577
0.528109040585986	0.278917242240513
0.0147090254424308	0.00617736327686981
2.30149773858438	1.81148660616808
0.672753783319347	0.369007264527289
-0.0858096219245492	0.0292882121852424
1.01566140293509	0.533457928056438
0.136312446345822	0.0529886133355523
0.811253768413257	0.564690872897935
0.730839256831426	0.444457485766451
0.859851855017272	0.482459786724279
0.262021955060795	0.128018040462172
-0.17733332869199	0.0707346342191379
1.05895100160519	0.601302370342705
0.497201420755332	0.207273741508232
0.301687439503102	0.107171082274571
-0.405710968044365	0.167366034992526
2.54926340321582	1.886385772726
1.21444139262894	1.46998762707244
1.26154745166639	0.823719097931212
0.688443516326182	0.383243444706841
-0.621015745202941	0.232274100319165
0.0930598022216117	0.0311927820415481
1.63671641117796	1.33476714324371
1.15414053977693	1.26590908730485
0.883640286173693	0.554409124861317
-0.415774553228356	0.174043837678939
0.291639289072618	0.116685049063858
0.531339634528558	0.319007904917793
-0.0809243609772946	0.028513850036816
1.10502505372833	0.764994509719367
0.434870273152702	0.318843417229464
0.536162597127539	0.292018969799415
0.256594122587255	0.133549812900235
0.714815213568789	0.303217699611495
0.733185108942717	0.560181335440322
1.09836053155433	0.969527066846582
0.945429742806545	0.662851254903374
0.309154968380453	0.127652085068688
0.477311903389198	0.273723760130236
0.742687538069049	0.714595620706802
-0.341099218801597	0.19516628740588
0.475590808287168	0.374928894830969
0.781053568396288	0.511161709744369
1.25876991240553	0.838865547028428
1.28526005119866	0.87425194658134
1.77382303444903	1.22423154968084
0.489999278394605	0.42372252241224
1.09345445748215	1.46580114828877
1.17716098802501	1.1735040813396
1.02419127395254	0.538001542798794
1.06256493102509	0.695706831371065
0.438005377229857	0.205752745419012
0.582819412733578	0.398175313405944
-0.443870562588007	0.274306423887303
1.29170098945255	0.589953594317201
0.764786576246078	0.674550149301779
1.23612404587952	1.0087496401532
1.86105451509252	2.46162614645391
0.424863392588296	0.257254789927424
0.295802123624967	0.112454769583668
1.11941327593549	1.32079185314664
1.27993013485842	0.881852734452686
1.63476039818128	1.32716202474088
1.1630842405875	1.14996951887244
0.622910212913993	0.392396994205007
0.725094480556379	0.552167513112906
1.07821936118879	0.719530502168237
1.09791262985498	0.784307168485834
0.140936105012066	0.0612740374854297
1.09418591226477	0.912468292559359
0.962742827548903	0.826798108627333
0.856363111375658	0.717934234075551
0.720242170044968	0.547151372030036
0.973938256240073	0.867374759138351
0.54700350083968	0.463292947419051
0.948538229631547	0.723827849110939
-0.370600340982076	0.210298059839663
0.61072839554857	0.358381063922348
0.400474235851065	0.208245126085766
1.25823689597456	0.888193211412676
0.776390733089187	0.506456812353602
0.783236362570096	0.520884247975791
1.09367959459506	0.794719749143268
1.10171288249125	0.792359078520105
0.250752376290539	0.131400791511556
0.517238915511054	0.267643328049595
0.482812474343505	0.317196377352015
1.26559648915548	0.899584342300999
0.841143671321544	0.458199001088104
0.958466078028979	0.825283518059023
0.906745356405865	0.575757162570606
1.6217819860233	1.53344079818099
0.482458327848747	0.408278058657311
1.33084147314235	1.30467544992876
0.149619953086443	0.0664142811327821
0.475124710626849	0.272652126734675
1.51954608703042	1.45280443430865
-0.778349611728495	0.494075355391578
0.961207222344285	0.780254309587553
-0.442792800110688	0.24373345580832
1.30695035052217	1.37886351389143
1.76655021486863	1.23865864473585
0.800766171411808	0.58626625757539
0.945382696984726	0.721572073497974
1.44057354399492	0.988064330939587
0.299319377896748	0.134044839620249
0.363444967377122	0.227339003489091
-0.110532811273963	0.0480875680354249
-0.222316965120209	0.103039400008296
2.14314179428767	2.19355413745027
0.873776058960847	0.337729092586157
1.30070760593386	0.518463879015317
0.658434196479195	0.536497897185739
0.643315549460098	0.403173656715165
1.08233798631213	0.938899935187228
0.662100229362401	0.522149082637353
0.680231225630611	0.369064683771815
0.59673886843445	0.424576628661742
2.13425225675637	2.05445320636177
0.766134472231053	0.674921267684267
0.739061542167655	0.567725519732898
0.395411599785721	0.247145093704114
0.547832347954678	0.342645507787579
0.738104577227333	0.451595953008774
1.06317807229676	0.677409133831786
0.629566890319829	0.458253230589315
0.55462491277921	0.433715946398642
0.529568050681444	0.327061652729462
0.964870411613428	0.814862118971957
0.639913920503577	0.605829137524012
1.02420304080527	0.538023806602242
1.0924185893394	1.09203743213564
1.08881421440591	0.967029444251589
0.738564594506221	0.442030914370933
0.742402870113849	0.591140672439299
-0.886534238616561	0.484681114018281
-0.287576447958649	0.123889318451569
0.541295665967913	0.321352101753576
1.30063400545627	0.513389256943184
0.288025268911567	0.114419126122964
-0.0603840165788391	0.0288309853510324
0.252086279828205	0.166399002102359
1.05915912544252	0.657790173504832
0.156961925176152	0.068013713739465
0.826821357081421	0.646119663228403
1.41177817307512	1.54876772390009
0.653409045697243	0.55949548992857
1.45162185841862	1.56174972575792
0.0358773228901156	0.0171769056781023
0.591031698574213	0.396936281769793
0.53474964584287	0.400958855528672
0.286332313668575	0.153967660795915
0.626256016397391	0.453594108169342
0.396989476939872	0.234089900794077
0.467756533685171	0.30794669047225
0.693219566480211	0.492969304535464
1.66087286295595	1.65412988361437
1.23431436106804	1.06860042445209
0.29130041904635	0.1257312375527
0.285384936547003	0.1281903787625
0.796007558348737	0.556563002213153
1.06135963967108	1.08724149914936
1.24326667235738	0.971016990350615
0.788994884744161	0.401518254131996
1.09816882401153	0.890774023411985
0.760800242937905	0.639558541345617
0.357476576766269	0.188102708020688
1.06893700879212	0.740165474950796
1.20903373648364	1.18750927681515
1.10350490596219	1.03943740509136
0.263243257708249	0.163847350846701
0.856170599786954	0.476050437353632
-0.979050882654452	0.666358130195089
0.739024114277216	0.594875485474112
2.77432200484404	2.83373963208646
1.39253316011569	0.447615222737444
1.07077251491145	0.623822851454565
0.490188603995145	0.20983013105568
0.959954436329665	0.86077193926886
-0.0892024612277004	0.0447946967223613
1.17979617311364	1.14306070095081
1.20948852244689	1.19268952939797
0.836889991703161	0.727913340205168
0.862529824406459	0.895274247650382
0.628962448135616	0.49082517271849
0.658506622044168	0.55970498744767
1.72106324794198	2.24179583110856
0.201016022199978	0.124712889808956
0.629570527615735	0.506565487609521
0.254277727526603	0.12354563653531
0.000664700379675313	0.00069673677180879
0.523068244645636	0.403564539171417
0.244834545272974	0.120226879463636
0.679256297078552	0.369806204945812
1.70510152677709	1.26243466660335
0.970579491262248	0.840577502607289
0.291040323603693	0.132116565649449
1.62330260581039	1.94717846233383
1.57291746689212	1.38370525012086
0.456259902747348	0.252885574827073
-0.14005142658432	0.0905161083618237
1.0840280447606	0.940767890722854
0.923187778368464	0.649302407159911
0.948827740144126	0.701943623612537
1.07362621878128	0.987393228688635
1.09081634723361	0.972508837167265
1.45364365450926	1.07899182289512
0.60822468858359	0.43741480938326
0.698715307039163	0.498775180403057
0.53060771646082	0.334786088367478
0.83178328427484	0.647010764774555
-1.0589353819289	0.490944010309935
-0.23136868168457	0.132065310673739
1.24963904896224	1.01166992205485
0.9764108862439	0.446733257634424
1.5447709108508	1.46109345867205
0.842328773528478	0.704653111345913
0.798405855864291	0.561236523254873
1.2647648178645	1.61257174750728
0.947987088545027	0.722093562125734
-1.62088105444447	0.69447450338198
0.675676650123366	0.471632160104034
0.923258959265421	0.641578973169355
1.48322156820922	1.51082151067785
1.33253208281858	1.81543728414286
0.632878235953129	0.57894553136251
1.25444628061159	1.06656631116982
0.568559543168898	0.518574367458725
1.07904332258071	0.758913395403206
0.464465866332287	0.343738028988675
0.693769155225663	0.393204214240024
-0.152749428940501	0.100081351451056
0.414909588091742	0.289796847892384
0.0665652764240524	0.039386507075651
0.968329325578798	0.755686622927258
1.32779926726017	1.37898152559753
1.94233715290134	2.17099930665028
0.69047324962453	0.484354652805675
1.09336971826481	0.845749673325978
0.598508493001974	0.512759498378573
1.36533619411112	1.27604351365707
-0.371285269814875	0.244880539039277
0.236918291459346	0.129030208067391
0.975732012099849	0.902857179856051
0.392066326573141	0.196239495375365
0.840786015745552	0.779306746727854
0.522172109832513	0.365756175991796
0.211039000925993	0.103790333364201
0.732421795301609	0.446036806578094
0.398176937116491	0.203795374109108
0.340951361067177	0.187498276255911
0.0953273954863198	0.0546540244302783
0.9571885704767	0.887013838230708
1.08317468983535	0.896327905572577
1.45421999774948	1.112143824488
1.65614393630024	2.245865760939
0.599249677094513	0.36218344470248
-0.455724479870297	0.279618023703416
0.157801078967254	0.0998950970447649
-0.180559900140595	0.0932439178238206
-0.597418275707842	0.367297115866098
1.46546029488133	1.08509857960001
0.565817626608618	0.371160951208348
1.45967216349756	1.53986982796519
0.525758171893458	0.392759042409155
1.77394350830775	1.63496312435624
-0.287944939933521	0.127255167978979
0.690904621569523	0.474113483608145
1.59641243258848	1.97874704166516
0.361076915322185	0.198258862946063
1.95131594719816	2.68695768910465
1.68888789240093	1.91570327555662
0.870489237278318	0.986962567631817
0.853259074071877	0.871241665354985
1.08836841270971	0.960141996034371
1.20135832179458	1.06139448593077
1.74760771861795	1.93541277326546
0.59967156039902	0.40171870700899
0.755077394514504	0.457641957761176
0.653550887429934	0.547792955885879
-0.0364803296584299	0.0186806605438235
0.546533807635388	0.438178760485033
1.06864663769462	0.98078908369813
0.858934783035734	0.729978069589121
-0.0429949052962634	0.0220625871973451
-0.0316985876419099	0.0171172408975809
0.526341538731802	0.325704936705553
-1.05044005099077	0.728588152671976
0.846733569211151	0.975129759902515
0.214348890466339	0.120845525689641
-0.291070839213683	0.158797960859021
1.31853871528936	1.39326572078398
1.75855097460173	2.07644792827008
0.595340339568776	0.432634709662758
1.91664502957497	2.14960657417211
1.18273665411015	1.19307422850501
0.779127305301958	0.522749392951437
-0.0653866740848489	0.0334721815456118
-1.9749005570264	1.46264073927129
2.01742704203425	2.08256183149111
0.935023260363019	0.646541055517801
0.514292744078661	0.32050404384309
1.32453822316139	1.26947228231032
0.842082277872909	0.813278813276143
-0.225496096535871	0.164141202906669
0.662933343836836	0.527478984925431
-0.335635195105527	0.207374470325411
-0.386033159234224	0.224491523626758
0.904331302805463	0.588689236847956
0.21040992729267	0.130553501384705
0.922259521313314	0.638441525631135
0.140134226802642	0.0608548828728856
2.50578809823549	3.48579148014822
3.19338157291884	4.11901766527375
1.78923965325493	2.21662649486591
-0.435719160096336	0.218810604292205
1.67853846070055	1.9194048454377
0.971319913338609	0.778584909400025
0.19317085109115	0.13083567942403
0.837484940183357	0.731311045743403
1.09047828391777	1.3652180954483
0.589662636235756	0.414680227254313
0.257121624103006	0.127511521786824
1.45854309793596	1.56797262015658
-0.178112941785858	0.0924611878200634
0.434574950332614	0.312743715366309
0.961966453789206	0.700598198977975
0.868329713475326	0.781465653521819
0.87388856029975	0.780197349206393
1.22275611548793	1.08367905598589
0.797295669077385	0.402237388863523
1.90708109057051	1.84445968762543
1.34398280454363	1.32549035456902
1.3925132065561	1.20615767040053
1.08067037349363	0.899498494850791
1.42753361475355	1.48811565317212
-0.0272838221047465	0.0101995376151312
1.09981388290951	0.98811795918656
0.214185184098613	0.112662901821517
0.656258540079358	0.336161488711558
0.636633031637446	0.40044388996202
0.28824007929815	0.130381374035874
1.09795649438228	0.915658021579385
0.559559346383556	0.42154209520557
0.949936263819398	0.765847581148504
0.753924387164706	0.455304658821714
0.448318424534448	0.212661391340147
0.546543543134161	0.413387892831081
-0.105193929857719	0.0477882892171788
0.946125737179029	0.754429358861503
0.128019575998163	0.0662203111260572
0.678155037384629	0.361683944963912
0.926258744423089	0.870612712708291
0.371167422576568	0.240400626144362
0.225958840519018	0.129350879106577
0.60715367300503	0.299738635774822
0.377294285205353	0.196128198145668
0.897576593835887	0.536772423002774
1.82641367823089	1.88647407084364
-0.930797282867202	0.391784760594474
1.28445041033688	1.38453432256592
1.69908188331094	1.33405994483986
1.09027269345351	0.978060294929994
0.739545342500905	0.590076113093681
0.98021772386763	0.770626036319401
1.51942838825637	1.39046405812008
0.738389754827738	0.604754171757771
1.08238367977863	1.03047360416394
1.28411434902277	0.844302448055598
0.857010408147727	0.491102943518958
0.409756185146646	0.18636860673766
0.663456022047381	0.4498721426611
-0.906012207603847	0.481674177515538
-0.399388490198668	0.187105801164021
0.544413048089676	0.427109167715427
0.483606335621844	0.381468800457119
0.578246603973251	0.39243431288991
1.41453820540263	1.2192955794673
0.606543600532375	0.293647100305219
-0.269225702998842	0.0980172582402154
0.85714907083425	0.491372259262679
0.590849409342725	0.342108137362689
0.146206124561741	0.0625035249568735
0.917509707662941	0.631282967737901
1.08419807871311	0.872499237269242
0.554443829621169	0.56482425962018
0.276325992542224	0.153785180906174
0.797922143838534	0.392131405635068
0.0299310155530295	0.0137806677721969
1.24027219295618	1.028554979434
0.578892233065498	0.400496356449907
0.759232098417185	0.616362643908209
0.707292521785744	0.502928990096219
0.19198028905904	0.107334101073109
0.681764433641767	0.485925356963625
0.441016950033079	0.208084411972312
1.22179898371839	1.0106646859883
0.484788544468007	0.274254593296032
-0.157717675754185	0.0801051979028643
0.0598273273886144	0.0293807801928712
0.912912853291311	0.58196794341694
1.38427123595822	0.453531705710845
0.86893785031151	0.331938359565698
1.7884550686036	1.26089602102421
1.2148122673729	1.14832964835438
0.536021344749283	0.281247550574011
1.07880114249015	1.11588173413139
1.25867482357579	0.982027667055317
0.289245488700559	0.12928259919933
1.11290593568963	1.32322223121213
-0.0929887599370936	0.0417739509419415
1.17852316941636	1.0784884282003
0.829246902134338	0.681300046523978
1.46686953567242	1.08742026948628
0.973043249776217	0.766748124912005
1.17327327161905	1.24854054536393
0.748676445787009	0.751367999785383
0.665641730206973	0.43395251221267
1.38288845351771	1.28664196911036
-0.157733037251883	0.0844516576299444
0.925126686232185	0.629427558001833
0.870666289908488	0.507743419325982
1.51746547060138	1.04877658727699
0.804816564937386	0.409522470681615
1.29717636174854	0.516738119899894
0.744240310065785	0.459122384890656
2.38449032060282	2.73129078774497
1.46176922804231	1.04877030739781
-0.250536126059258	0.0928441960181433
1.7025055451905	1.67839075563646
1.82594004797634	1.89222151095351
1.08143430195562	0.675658589575287
0.913117890146138	0.581724525932981
1.70328810411766	1.86879260558727
0.810997722607125	0.405630386327864
0.720566534336666	0.407275451213597
1.08755713520227	0.785123498898663
2.09748449085822	1.43793853297397
0.703269392159646	0.314942594239902
0.850347627073646	0.478083466848364
1.10392443601283	0.904734644768748
0.126635550434649	0.0697305446896592
-0.546102579786892	0.240056861382071
1.69986935589763	1.66560529092247
0.714259832160708	0.308245953287599
-3.67373535204402	1.48574641096711
0.856274616853439	0.472232035277737
0.973198814845744	0.436823190347312
1.27093421628709	0.751841324155096
0.542280131446209	0.128299417175899
0.710708105340987	0.29873564644596
2.13033534071157	1.77591328035568
0.900310796305398	0.57170283719405
1.69221932210606	1.26625734283533
0.274697753981747	0.122172225324313
1.411683280698	1.19573022320068
1.05655910956057	0.675128496481189
1.61067734564014	2.25905290715714
1.47958480587779	0.962173176973152
0.27847587825661	0.125204296591543
0.901476098404873	0.582449003546427
2.01846571855688	2.13623949556796
0.788998652423744	0.508785828810586
0.0304848004147144	0.0137965289851173
0.285515893757323	0.178067016827267
0.443729354423482	0.321158572693938
1.02459497819523	0.527562756610249
0.299602205103904	0.204180347082577
1.26676163163871	0.94937244481456
0.524668264482213	0.327091037015217
1.48547997141773	1.01451992301406
2.74688177744171	2.18342244342297
0.771928258168686	0.494867177582438
0.387870602451804	0.199817728542517
0.434031889056287	0.268841001559125
0.16299564545217	0.0993728094528601
-0.909255935345127	0.49208110798772
1.6986157892041	1.2954773551499
0.416112848835427	0.254490177534673
0.969086963048397	0.775406187482683
0.535513764466163	0.281375335310298
0.704899971420589	0.31614062112579
-0.102962318267245	0.0470571684835059
0.32692773671523	0.18723350088195
0.8177528505431	0.410063922723217
0.769793732662547	0.475190216884893
0.22013448651293	0.123690773463249
-0.403856065957671	0.159195550193477
1.08476472369267	0.83374268303249
0.734927676876321	0.558289346103134
-1.30719792497867	0.699800508310131
1.25112862720142	1.040334088853
0.900738131493041	0.577578590543448
1.56870488989902	1.39032931483922
0.601146058012204	0.346020609271162
0.355663002330047	0.223404720810447
1.40377386101809	1.22761185885022
0.488209798209118	0.276745192847519
-0.102610069868074	0.0460593193989364
0.347332271922393	0.158590759442453
0.36415200002526	0.220530401131638
0.921283454949411	0.649600684867998
1.17749913704242	1.06556200082213
1.52239751655508	1.44941712121311
-0.550616098050672	0.257716668544212
0.475570760263438	0.276864954545368
0.136843141182143	0.0534267044800997
0.29218595017699	0.134353895233821
0.85976409008939	0.479507248280682
0.894851891758304	0.571320476610003
2.1415212027387	2.46478971097874
0.493999575471439	0.24372474739015
0.842663063995751	0.798091065129276
-0.525323470814789	0.269270292399255
-0.447239330472856	0.156153993937711
-1.06549849783183	0.49845954473294
0.140517980343416	0.0617426871195908
0.688498571393065	0.380133630600391
0.473931446487661	0.269804193421946
0.872609357074404	0.779667809216582
-0.177067840037764	0.0905252017914142
0.938591148309546	0.64892606554541
2.64154928343778	2.40998765423087
1.78549575206994	1.25413039984484
1.50618024791475	1.03923934219676
0.90984312091352	0.579697822311748
0.674761833007051	0.473462878469828
-1.76021424520688	0.782072968537279
1.55456810806936	0.968326000341616
-0.813831669010695	0.406430497112079
0.113358844692459	0.0656037865465436
-0.237758239425877	0.113125448440996
0.778956208311139	0.516270684562847
0.790134757807048	0.395733715826779
0.958737897111454	0.817382609886958
0.524661940774935	0.335496373746045
2.05360483571274	1.13466867500625
0.277245477002753	0.109624408411321
1.57022252241707	1.42642248092157
1.07037367498612	0.629829283191796
0.260664672474727	0.12897018398885
1.8572673204744	1.56699672729276
0.012667332464929	0.00619349079221337
1.42044947040442	1.12499052250162
1.09001095259711	0.813196503335415
0.71484214403215	0.315964850482629
-0.535362253916181	0.268972904927537
1.1144816627265	0.8458922079157
-1.08694927529752	0.638916404778386
1.10855627828678	1.02827530723242
0.59104884372199	0.380594881739245
0.444932245295075	0.208787001370568
0.271913061203464	0.131968558031303
1.23658051836637	1.07209494242822
-0.449142693319508	0.267103097278453
0.696830089436696	0.384196247664214
0.645921382965744	0.521215466785594
0.150106416026434	0.0708843274723197
0.925811577843898	0.654337997780274
0.379348713361918	0.1920144854424
0.477429030375056	0.199696821128709
-0.0139164757776408	0.00552837836306623
0.834292016163544	0.651635436627987
0.53776893423787	0.283513024589738
0.966557516516424	0.832420640489716
1.83212313161011	2.68379948842275
1.26102551207585	0.920797459756191
0.146681940013876	0.0755766786891845
0.616976375260574	0.452894472015423
-0.0386374580925469	0.0189925448654586
0.206143041498834	0.113614342078669
-3.33826354079395	2.96561028973394
0.831719911512142	0.810933857374531
0.694029452452534	0.461641066957099
0.866929898951177	0.492701904892079
1.22870780961034	1.0549125014698
0.446657648018884	0.207375725852429
1.03625726857324	0.517731215479579
2.68282275667555	1.50495019544056
1.75383532455115	1.96853826597189
0.925806070087104	0.625587280688242
0.53059003206954	0.284861540422983
0.55728741184518	0.340969098286765
-0.714658427455412	0.409955916508253
0.603607104699423	0.347806648362661
1.72548749116387	2.22572468917115
0.228315514500981	0.128425520508717
1.23816423694068	0.949817097226337
1.77916527952343	1.20428572906613
0.840346837035466	0.682740907809397
1.42885134246314	1.16478516022218
0.140819199195179	0.0657720140042204
0.261473570924202	0.136809696791476
0.79676652382121	0.395173172623023
0.388278910749445	0.246868103061827
1.32756747536413	1.30967964406124
-1.1829469406274	0.58958283951311
0.238112241364589	0.129090378603997
0.136680159927704	0.0602696491441384
0.195468420531567	0.125060739671586
1.07789033949093	0.711419325612482
0.457634930883765	0.248094422292168
1.2728461307274	0.739112620007705
1.23754699106315	1.01155622516667
-0.500181110176608	0.288982746638333
0.602974854459352	0.35213599169811
0.225524001152978	0.12064906317027
-0.121582855032681	0.0522299093107981
0.488558418199875	0.203634514366613
-0.1547410953296	0.0626713070240907
0.44154643807487	0.204143647268479
-0.240319283909705	0.0740338265981872
1.25692542707234	1.06421885702853
-0.226378455160803	0.109866984955112
1.01738572232198	0.534071793892042
0.438059502030863	0.210713848470827
0.29905928283822	0.121168167776067
0.940679811272037	0.661419140960242
0.74590405037194	0.467142462628684
0.948545886226594	0.7167389655188
0.390018648394703	0.242943478499834
0.947716615333379	0.754736231058194
1.23934840427434	0.874390559693403
1.87110733943015	0.599602400649659
0.315683826062786	0.0911691941138853
1.24193404223805	1.02714557928179
1.90802443861261	1.83821080435005
0.781041653073512	0.521880389861841
0.481061077926459	0.205300507028882
0.391905821361207	0.204318484898884
0.68800556299916	0.385337485201769
3.57603621232526	4.31317803604304
0.744034789731432	0.655806758451311
1.19903866263546	1.19250016400122
-0.937628909844624	0.678379018014301
1.24600353746609	0.901047574283855
0.253994678829879	0.134135193885624
1.19333496570599	1.17221471348671
1.59686899784783	1.71610637520988
1.22345917123814	1.12430856645991
1.07622693137827	1.03495962440274
0.906926651952372	0.574935511541542
0.528496879000415	0.317584616081526
-0.284186024211633	0.123460335947509
-0.520195970469656	0.2679956377124
1.3679884022691	1.23760428464864
0.967908765774215	0.849000280888395
0.291690398209664	0.117729968618025
-0.22564979679137	0.128681145128291
0.898937443483051	0.572842404301579
0.63701020624232	0.410323741748836
1.06790595525671	0.609183440942879
0.807648838761206	0.415936059691585
2.35242825336942	1.13511690169107
1.28030856560899	0.675191327851541
0.556600090640368	0.203586207706565
-1.30376765876964	0.698882029561046
1.29065444819918	0.711733360438376
1.96967793263672	1.48318042102809
2.11830814300961	1.48689398603001
-0.546306044357965	0.244360836324239
-0.447239330472856	0.156153993937711
2.69271828248002	1.5602876997545
1.60444791803204	0.854444317138826
0.815855828398024	0.392281206683645
1.55308499228698	0.989504021135652
0.293924841662237	0.13318555117509
-1.07232859053382	0.488473215681657
0.882820112575788	0.324571578461956
1.86562718217119	1.49829137821542
0.87046655473504	0.507620391179413
1.51726963611493	1.04857059556664
0.54857087575441	0.128558386573012
3.66715603708965	1.75970110948968
1.71445203485817	0.814239313217054
1.5533647837071	0.921146755464818
0.299335899354378	0.121900877282397
2.32490174078109	1.49715677067048
0.492562772580286	0.208471437845192
1.27699969150404	0.600208808267404
0.270003863510786	0.122937351006405
-0.240415257229644	0.0763442857745277
1.54622422068026	0.975823035900923
-0.638507631702955	0.241026629305365
-0.406907825884591	0.169840459651863
0.684785790590858	0.377964522189988
0.75063239127115	0.454802439333771
0.603760706802758	0.295409915797739
-0.527474435707538	0.275713916559455
-0.925955237280424	0.485303450331917
-0.316618134898422	0.163985614414743
-0.6308957709287	0.233267700334861
0.304936315025225	0.105947004952844
-0.213005988975673	0.0991035466037449
-0.0994736170795967	0.022542834663039
0.86457858461704	0.482151292628778
-0.787836134436954	0.312263420743246
-2.13685990097136	1.12944212758517
0.612971304029403	0.294701636283376
1.28656559778018	0.775034971643367
0.898569024883393	0.571606526920541
1.97593842808896	1.56788877052216
1.09596290214426	0.860126752048421
0.910934415936658	0.633671528775967
0.674871799265231	0.574624974730571
-0.424940433386416	0.172748653962089
0.219652088756631	0.121094332429732
-0.670019525884573	0.326904706445735
0.3924460007295	0.202214542592272
0.24060591217967	0.130276072174411
0.431569110845125	0.262622050176111
0.484770264948622	0.275413082531955
-1.05891853305902	0.481365637096788
-0.801163553471417	0.487479557808449
0.744452751264803	0.459765919443275
0.603096261204735	0.364422436223383
0.51484789927209	0.268916981111317
2.32049190814391	1.7800715223964
1.26603182555299	0.988653457144399
0.864632217746505	0.500329394845465
0.309848535787167	0.124659512638621
0.659212229330069	0.431625939710744
0.441307396091927	0.322380662078858
1.01735886742181	0.54033143536164
0.94835206463693	0.804557110873702
0.777631240787081	0.527401405127643
1.09936807413607	0.789330272273086
1.43681819902765	1.1290708525535
0.847642459162973	0.47740443250725
1.28108763914616	0.677865952658305
0.705980942709876	0.307605717971251
1.69818328119122	1.31009040196837
0.930498525848761	0.6329918148567
1.28855330945892	0.67704692553018
0.916024604800181	0.558206302959338
1.22736457782452	1.10247679907641
1.55240447894449	0.962553005715254
-0.202438053603207	0.0934704417270986
0.231814925144818	0.108124073622975
0.583076237336649	0.400065526603329
1.07032639319986	0.628035912243239
0.907648121365166	0.581363244557464
0.664741127487605	0.434194129116925
0.0978410243094373	0.046747178466473
1.08692081406476	0.783401505099514
0.100213542470941	0.0488766144089111
0.455419284684793	0.333463416808449
-0.170647134718685	0.0716671557954988
-0.0596680838710962	0.0307408237184614
0.146997204187276	0.0632705314314869
-0.707328848299521	0.311485332039275
0.960176615652785	0.784076967116937
2.10943033753617	1.50808403078596
-0.125774536655732	0.0557021816951266
0.122654669143008	0.0637446306089937
0.537809741107396	0.387864105460669
1.2323574104566	1.04664256348125
0.728281148840063	0.553841843509636
1.67598764467848	1.27180296821926
0.569598631361921	0.322951507120738
-0.78443059968066	0.406799196761113
0.411922497415625	0.209073135726641
-0.409143973458882	0.172054556211391
-1.02124969832869	0.559942835967168
-0.439212329288726	0.146582956276696
-0.29486351851957	0.129686130636409
1.07236773416714	0.66692284945479
0.613160073727153	0.360599541695541
0.0783880181217783	0.0261831132408498
0.575635905052273	0.392578511750539
0.487172897616606	0.327305405001673
-1.52378932249564	0.879479646812133
1.29235490327568	0.71452618283663
0.00488189550854706	0.0022278505890289
0.592487655114291	0.350614960532838
0.787760408022201	0.525502492840742
0.878590094646168	0.336676425845444
1.09988469289699	0.854331864294796
1.77569774132403	1.23427880959192
1.70753402926735	1.3036661967514
1.06391064911302	0.641400390763561
0.80577350723072	0.407785859743412
-0.30632364851354	0.128533488704305
0.117607085649096	0.048911115578294
2.54567995706862	2.72560568438254
1.52645625614219	1.46039062099534
-0.0777267327129343	0.0389898787520877
0.459139524501539	0.348021916699992
0.809478967130927	0.533596611814527
0.985121208117527	0.890223693070629
0.132594189432703	0.0637693857441321
0.593637793060177	0.39345754221651
0.454312830834865	0.354934481390985
0.661461745795913	0.438611198805643
0.0437342430639941	0.0200758321811992
1.02561052905663	0.524909945280364
-0.406127990244194	0.166562867088446
0.94835347950537	0.793019235459974
1.48741482276896	1.6847311391397
-0.0186076361833453	0.00681945676317213
1.78194483739017	1.57113536045965
0.484353775706305	0.265978458871792
0.539834784994946	0.288689353346867
2.00979917570753	1.86147708548009
0.850464525384756	0.48713227887997
1.07331318403342	0.810874979876414
0.304937309439585	0.119993017565959
-0.399727197730014	0.185609170143881
-0.538592622658086	0.310597069641076
0.818498185467008	0.394394095648277
0.948032921497553	0.638094400986663
0.949886401570847	0.775235447145381
0.891367394618452	0.555762235594704
0.428868846940447	0.200750688057795
1.29445604725673	0.691370002347627
1.2810638724405	0.596457020604094
0.84125200071635	0.725694176511619
0.79284335361689	0.404837468759166
0.809071136780467	0.406694241058394
0.5238515383326	0.326013492615353
1.23648912640278	1.05364799625347
0.818741161737387	0.592663490774544
1.41753189468354	1.1498251462083
0.116701661687962	0.054241437684111
0.393646416763301	0.202164811978248
1.76078789962485	1.55921077474948
0.385052813447782	0.245972297171477
1.10072896284176	0.776055922203228
0.152244623052428	0.0658676168584289
1.06502476905569	1.11836780035931
0.459683502843458	0.343345599315234
-0.265459284811219	0.139867008751193
-0.821225212166135	0.480320480537928
1.8940695511691	1.80855489134883
-0.556115037548668	0.294151316141656
-0.763520926536937	0.526315473118535
1.18770546028118	1.18554693205515
0.764387600271226	0.496408123257836
1.37617446902743	1.29050965732107
0.539457157782934	0.337767335718317
0.535014999930943	0.373626128932856
0.755661783515169	0.455288284943546
0.852078777368982	0.763503423840227
0.402981784383367	0.208924284721376
0.71023422962553	0.503038219402922
-0.427341442116343	0.227464279653613
1.47206235039828	1.76848706545602
0.254184391585131	0.123322269016975
-0.411107618062842	0.227122266683604
0.686309437092298	0.381650085519292
0.285109516893287	0.129192790779698
0.966642709874233	0.434461264616371
0.699668772414122	0.382981989513031
0.38619612155482	0.196997163119207
0.435434663470914	0.205656807600492
-0.242279177646417	0.128142475517109
-0.531288649164963	0.275210840524604
1.50614316239392	1.02912826970935
1.2756814016603	0.670448773163287
1.07678046445391	0.707913266607158
0.805539362325774	0.411522546001358
-0.410315215368574	0.161366112153256
0.306207035198844	0.183027687131975
0.933704258330224	1.0113594035677
0.935456663711969	0.647428703799653
1.99593746716461	1.85512875833252
0.593485959466241	0.288664736795379
0.747043876902689	0.464486794304453
0.696263642209863	0.38387433658216
0.932826386273249	0.666394724128328
1.23059695641175	1.05310271696498
1.23904391785325	1.05146894574718
-0.149439321475337	0.0619157490386941
0.0067466198969804	0.00200999607894217
2.03766810560208	1.10873831765432
1.31980961932864	1.36565073259143
-0.150725317178975	0.0766887853435062
0.499784235792894	0.205924154341748
0.535808964898842	0.339468433586005
0.146858790159304	0.0627895494586226
0.821460892862349	0.600979267411453
0.957129031973382	0.721189623828671
0.48091467194084	0.318913698586857
2.99485742894935	3.31654933918565
0.271770877956975	0.123746405045106
0.227455118238632	0.129598528467168
0.619693766317398	0.4670393463085
-0.190134354036905	0.0979572139998358
0.697423471329381	0.38931971211804
0.427626635165488	0.261072076451828
-0.406291157761093	0.259259556048477
1.33907443997076	1.30778504149738
0.601596856820122	0.348200599983857
1.23298130212942	1.03037036869227
0.490242002515098	0.328784884286569
0.829358154379409	0.653257742082858
1.08459229970846	1.02707888414469
0.580733981775059	0.387603124174414
-0.0146506357599546	0.00592925857060048
0.150799832959717	0.0670219099438554
0.374954965680743	0.187197243893219
-0.518757979259399	0.262831944188145
-1.28703085292588	0.468797183826642
2.14909366361953	1.81137966714765
0.465588992380071	0.260761225606068
0.931130477945983	0.666066696794331
1.09606485613672	0.840412644545766
0.398580012951519	0.274408988008115
1.46165652856951	1.07842481822565
0.123929079371929	0.0535418694155734
-0.402121407155081	0.215380691064843
1.09727303208754	0.844455734578563
1.46979686097563	1.09860617701929
0.545309619988642	0.265829123829363
0.684822012672346	0.369408114218979
-0.0121293982807196	0.00430015002768762
-1.80528655625732	1.21029271229288
-0.760145926040955	0.492250066082447
-0.148265954679013	0.0618154829033873
0.184715590008518	0.10658757293692
1.20503030928602	1.13923668239712
-1.05048728897498	0.750875588803647
-2.77782135944454	1.99073978907254
0.937495971317068	0.700246131761459
0.435994458261363	0.264629120045074
0.520575255274146	0.26242609337641
-0.75490544224033	0.507042846078305
1.24720125868227	1.06594720191095
0.735236746765269	0.450981228921798
0.0172644906980697	0.00915271207294465
1.16381836231437	1.23712312413686
0.841655374044448	0.687432473300407
0.877814219583741	0.534738459966464
-0.0851400425772954	0.0296575331937571
0.25163623783843	0.122811564916389
0.558250455957122	0.377503497944522
0.85916844107828	0.882320779535719
0.614193772672878	0.305483947493307
1.64277298829112	1.61967288411279
1.87383026501919	1.59312426761845
0.746622967730756	0.593572040379799
0.846160329746798	0.673696853794374
0.658726494824292	0.559395350184528
1.05784793674851	0.61047571606555
0.792600561384661	0.535873715658012
0.610915325406225	0.358429495589508
0.698076697104572	0.487803147443141
0.914665546186882	0.622393474850723
0.550685923418775	0.199566504789894
0.525971823098691	0.328407798036022
0.0519053593043164	0.025139212105923
0.42544982001357	0.283700808430521
1.56656932491017	1.41895544672484
0.35819831884807	0.198167752937841
0.857427924441601	0.698703422905726
0.590507521217874	0.338600689473661
0.0199822022234417	0.00820296643372368
0.604778269173395	0.294397652666765
1.56165689843733	1.34052146552262
0.538498437161443	0.40927171987932
0.839524209457345	0.701028922331132
0.602235505182115	0.425354630900324
0.708618440090753	0.304145343705026
1.07087138256284	0.725834421060816
0.352889731144617	0.19737194183469
0.142702846266174	0.0723693302131458
0.484233263654439	0.319786922055405
-1.47374027305679	0.579220494433785
-0.390954873908816	0.223576283123792
0.894801771539224	0.566955614858302
1.09406517929183	0.891088174516838
1.36888482469693	1.28108398470522
-0.316549409354334	0.16163103087339
1.08118597531707	0.787390673709132
-0.709360952265869	0.403614943502586
0.625092366055074	0.452469080033838
0.123034267087252	0.0636929090061564
0.979803059097893	0.904397720007267
0.188340396259677	0.135890194585288
0.420787783209629	0.257002006691243
0.841472152625976	0.668842403156334
-0.325937681336877	0.164853850016643
0.38802951992713	0.250400436208219
0.0479012462798651	0.0211494874137016
0.256578745497134	0.168236034891989
0.419735929643054	0.245270878331716
1.0887956591016	0.71642886838091
0.681880712919798	0.362014921281477
0.91613489170984	0.566943619755843
-0.233732726598279	0.137467548757105
0.983014565926551	0.853947852985226
0.701869525854826	0.494634377829422
-0.347874989478806	0.196844510331884
0.459907005387763	0.298302469510465
1.07350908892263	0.813065398210714
1.10723164301463	0.773767795160606
0.146073289966739	0.0738176765956865
0.27800550442903	0.121276775795137
1.03344127681556	0.536407605228722
0.467776431180812	0.257138925609257
0.80505224003307	0.407054212441907
0.6862922188039	0.358397434288309
-2.13170676387687	1.13298564520357
0.530632858525673	0.284218208988128
0.427908054019416	0.201504497326302
0.397852472680932	0.209554265693253
0.696444648852994	0.488840422261639
0.766646013235474	0.448184630857384
1.27250323194298	0.850071813879221
0.367566294073262	0.200259544628558
2.03216918984412	2.05332673716811
1.02240601277511	0.533315923652486
-0.825392867962821	0.495685664160622
1.16972735365017	1.17889159673638
1.86403655406956	2.18701587641775
1.29891252192159	0.693936228452681
1.28860465516314	0.838907863109913
0.535789870322268	0.286244353876133
1.29473422108083	0.575243984195224
1.28795104686849	0.758083758095974
0.116303168601901	0.0460607438099121
0.42605184429616	0.195498218691299
-1.46442092379468	0.588269800741158
-1.51317293786722	1.16674612507318
0.134296564944571	0.0573880665210337
-0.00128820198345428	0.000193533000533853
-0.469442732366266	0.323115430793832
-0.604698139430001	0.32465714749054
-0.677329245485405	0.438869061076915
1.21758599303894	1.10774964119927
0.128359440412858	0.0505485130657302
0.358215509469294	0.199328074468493
1.76068943837185	1.92618542498177
0.61590568373386	0.460422863145116
0.399305251468978	0.26670030245347
1.23313471519398	1.0603174926844
0.571901387278512	0.384661106670813
1.09081924496932	0.800441020399179
2.05093197607071	2.39917579935392
0.911281755144578	0.567030583025325
0.910337171414265	0.57529121989902
0.592553597355736	0.350066117297652
0.0937312439786833	0.031362618974507
0.758610946626796	0.603802309931239
0.701337973691323	0.386915230801436
1.09186823741397	0.911694443416816
0.141172421995046	0.072630307296462
1.09452283022381	0.921740109858166
0.741083571834831	0.447340476225317
0.146545904908738	0.0638403359629625
0.653639980639681	0.41422392306997
0.957736484945526	0.916529477792122
1.49644771447616	1.00154125064492
0.86094718466401	0.491789773360183
0.813496726014518	0.593421970620953
0.934976761660681	0.660017161641978
0.525045734976962	0.281307369144977
1.02768037708834	0.553373238208508
0.8090982874804	0.410658574994122
0.848290915373713	0.477297386933996
0.895511215842713	0.556961991805395
-0.776263213158338	0.533381132720605
0.265656680846711	0.132032295102758
0.238813424300183	0.130255588533126
-3.52225678051299	1.35768942957962
1.35413272016594	1.24294487198389
1.09338075928106	0.868944062261687
-1.21635315274671	0.943652267104386
1.39812701800747	1.21142071114577
0.933652884715343	0.631996646249996
0.91789418713527	0.576401412510454
-0.0989824574858418	0.0222456966330467
0.322613450856061	0.0931969730661386
0.802593820643961	0.40751238995225
-0.412093702922183	0.167780922794626
-0.152659954805122	0.0617240050178416
0.358171026660977	0.195674973531779
1.78955518487121	1.2404801149804
-0.793625784397613	0.329079370830853
1.63316387136787	1.66937468682165
0.811781859136214	0.403473941915423
0.777894683306302	0.378704650879098
0.680422614777955	0.367800795994927
-1.19740286910744	0.610147444148308
0.64519399926755	0.416550811542744
0.598328994277023	0.354286387860631
1.29445604725673	0.691370002347627
0.448906022111261	0.21339791625382
-0.103510358036141	0.0355749327676009
0.720787930787248	0.574482374333689
0.95763510009316	0.712114606412262
-1.41727392997691	0.777108108943874
1.18375159697539	1.43827862255901
-4.75990787340578	2.74483979269399
1.75583311301206	2.17730090169414
0.906472058073045	0.556897895531523
1.2408339374786	1.11658965768777
-0.593969079185157	0.301595235304861
1.20309154264277	1.12729869117431
2.26909218137191	2.44254196097852
0.153542901691039	0.073939669086191
2.12585962487359	1.77313764526241
0.691698068289445	0.38311126981006
0.526821333328384	0.281619345435032
1.41306095149033	1.12223365297703
0.919917646883789	0.602722446997579
1.27942495469668	0.764227627156374
1.50900111348937	1.03638074100583
2.93979476486118	2.49097995039494
0.687638574024433	0.376469774353983
0.482507608279916	0.204169162402608
0.144902003292237	0.0544860059940513
-1.08776906105562	0.506239138648913
0.792914591105682	0.557069508041398
0.445513202669392	0.208847666080169
0.560207514728706	0.200426643251061
0.436927235150596	0.203608729891902
0.325491744897893	0.0948457252496635
0.556600090640368	0.203586207706565
0.352250282842841	0.194067618783807
1.55023703266318	0.975986282596341
-0.177087565459351	0.072136779880914
0.743871527164184	0.450113018454806
1.91235117790469	1.88231983046265
0.870857482051243	0.493367959432895
1.27962412786395	0.708252607669675
1.51437597733142	1.04295257777238
0.806729579138522	0.407135002601379
1.90021576442295	1.82063159649633
-0.0208619371784342	0.0077899745383299
-0.627617130673673	0.240161726947865
2.05578248348778	1.16167174036915
-0.0978612872587983	0.0333596941414692
-0.2996687481855	0.133777313812814
2.04563086406261	1.17621127525015
1.77225183499162	1.18260404377322
0.863366671409731	0.483529399161338
0.130436163679979	0.0521281474593548
-0.232566859661112	0.0712241383959986
1.27215665094155	0.842119999230958
1.31128556950909	1.38194471510291
0.737767230361194	0.453362806311016
-0.234997367422216	0.0735002161516419
0.580262656424076	0.273848318621057
0.145536262437436	0.0613861984173906
1.82748127883633	1.89759482712916
0.948681557701077	0.736833070308772
1.11118892373359	0.918689445800764
0.531674289644863	0.284326048766218
0.548116735728308	0.423534716075622
1.26139798606432	0.925849617390069
-0.663460186823826	0.308899225099215
2.77978023989631	2.73402709248413
1.5023589772947	1.02933703267238
0.416914934251307	0.241919844340846
0.121260705390254	0.047222034442048
0.544659404317357	0.410234136868126
0.240014801266656	0.1307006245506
0.470109493208087	0.271448089241594
0.74206851438174	0.45270097458839
0.476892553827921	0.311757731363365
1.1018951773988	0.848444332057793
1.95001392691319	0.774652324339923
-0.5223760081113	0.140414884928745
-1.46124030268177	0.568071741739232
0.56280986207974	0.20167396216952
1.28696681010734	0.759436336259506
1.62314241499808	0.869987868024996
0.570036295403798	0.197182519499281
1.29104328757339	0.694068107622439
0.804141787459984	0.397552692450368
0.0058297042657946	0.00183122000694304
1.07669565261427	0.744184545740336
0.961483747296478	0.434428333183418
-0.237648439544201	0.0734586611499596
0.948737221067776	0.41576431309877
1.03242757680157	0.530876358784316
0.0924159222909131	0.0310650694177018
0.711711231612174	0.307512734974842
2.68816944539737	1.52482713283119
1.30117936897975	0.517554607827081
1.38427123595822	0.453531705710845
1.30234689127824	0.503021605454108
0.698595676557422	0.304404166847613
0.540819935158067	0.196108585624892
0.695138630987934	0.296066918643736
0.300403021018753	0.106885910205667
1.94122060451757	0.773301177260344
1.87693466126903	0.595647178734079
1.27552549066739	0.684670855889518
0.0158999258879531	0.0041936451898296
1.28104002418468	0.586728777942013
1.08287365294069	0.688172916237066
0.743418412008446	0.226976622674307
3.65728398123049	1.85503807942785
0.139625463050909	0.0603220792100512
-0.941655038937944	0.39833534888341
2.32793088762755	1.73821256541516
0.442580649474837	0.206701689205901
2.11474507890952	1.50420729668268
0.310048229404572	0.107675937141875
0.794308199092683	0.386804078808417
-0.44183898113899	0.149713363978469
0.300403021018753	0.106885910205667
0.973310418104633	0.43877624231534
0.700406671562312	0.383255504534867
-0.26645403083869	0.10193035948127
0.318690280544721	0.0935093374158256
0.310562681477304	0.107899640684361
2.32300466180689	1.47329696288644
1.05695906432802	0.608875877282384
1.26247269365182	0.814640137596788
-0.266054466232138	0.101984544291465
0.898902797365903	0.571805807590795
-0.565018952177659	0.248058959525511
-0.412106782526038	0.195938833539768
1.68839718913837	1.29403058380128
0.961360605661363	0.43409187232182
1.0771460130417	0.739065045363236
0.901245628439913	0.561525991383415
0.282304675909401	0.113391197506114
0.550685923418775	0.199566504789894
0.853431035839041	0.492024351925249
0.468294397116798	0.269259684153915
1.08711985021647	0.787499551799061
1.28779964884644	0.663546249638932
0.90529882751357	0.584140237171548
1.85809341168609	1.60743136969112
-0.226671646192668	0.109722199310388
0.70046671346357	0.38243303056711
-0.940482253249476	0.418290252436053
0.692919941416209	0.494574331291832
-0.792448601100729	0.460914851705288
0.255367526853118	0.123757979826839
0.298028804590227	0.106248013228934
0.0871088318996477	0.0292725419817235
0.527241776856816	0.282188458328963
-0.71303788943277	0.406583600541859
0.0168303398471203	0.00691655180922411
-0.0230571658879159	0.00875125226732168
-0.00521368149670103	0.00170120082252017
-0.182281438450554	0.0929837148965846
0.685296000827067	0.48058945726062
0.476892337472703	0.278479420387199
-2.03296099608947	1.01972275526937
1.70076700465824	1.2960228979403
-0.201716074321538	0.0990039786268739
0.923485279938083	0.612794705610676
2.12405843542521	2.60072236949347
1.26846581684351	0.953030345598519
0.83362806139642	0.596017904725444
0.467986849234882	0.310492525668366
0.959835191581684	0.433207712940962
1.06429267259446	0.689494849099321
1.85361961834544	1.5810232015316
-0.40609224286152	0.16725016037117
-1.46496086183775	0.589774817651462
1.56086243605526	0.952629806254832
0.0215661212154629	0.00897778532020475
0.864316299065597	0.509422922519855
1.28193977716335	0.786183177301293
0.273819265138696	0.104608310613051
1.71513634591004	0.844326750336819
0.596862904548163	0.290374465407459
0.48180142796533	0.202988444410714
0.324329385368054	0.0959051461273956
-0.27517750807912	0.101705083517749
-0.400643114787901	0.164342732151668
0.143615052335129	0.0604822223998875
2.03499707226974	1.14291516805563
-0.547737690923445	0.247045597053193
0.0717654713171003	0.023983352243648
-0.571492428318584	0.249332589004436
0.0865642245318729	0.029691681957256
0.536236812230687	0.287945155410472
0.547626825569817	0.198862245514348
1.5513121446739	0.940478509371587
-0.0226416498002152	0.00865618152750414
0.38862981471791	0.203721105187667
0.45372009504906	0.210349771678093
1.84840157640162	1.57076286528897
-1.06258396396552	0.487646192502166
-0.2948075331972	0.129290680452434
0.745448594683793	0.459406835476906
0.601776501851566	0.352982764930101
1.62771298458845	1.36962964687314
0.0344438344785784	0.017001928383724
0.67661892185971	0.43457626589192
0.697425077021422	0.297924911534452
-0.255374859857901	0.0951614766824698
-0.150875056347067	0.0815182318533175
0.800838916277916	0.399069877993104
0.0843762395160224	0.0286700407797936
0.804162819756807	0.57584943527472
-1.90875846636178	0.888965243783018
0.302220032862657	0.124463016237507
-0.0920063720033591	0.0435587876395193
0.264485583514839	0.130412559417892
0.607560722946197	0.360674684659838
1.02185116550961	0.513551622137013
0.543573227144526	0.191225454111742
0.319781666217287	0.095251523392
-0.80080810245014	0.324096478387468
2.12288390529546	1.53273504821158
-1.29596335402362	0.661293048664104
0.433250952182067	0.209891844242117
-0.783582984664379	0.320169878523895
-0.0805338865705826	0.038029931341305
0.438015804486683	0.205693616592778
0.492198450022755	0.215124259553815
-1.08425366242167	0.369278140646016
0.0365542604123431	0.0178288598436596
0.492616093927947	0.20264589381044
2.42606217448158	2.47943282937543
1.55402059458331	0.994621541756256
-0.00962593689226855	0.00343379158761621
0.79017815447639	0.397040572091937
1.18424489068642	1.06186573567695
0.764958135078712	0.621335274600922
0.728081218789459	0.427780403206575
0.763744334537671	0.610592980335765
0.790616809267899	0.394595849907327
-1.07528072607436	0.50878635301217
0.650356449882495	0.413330969700171
1.30690219216964	0.499413227511121
1.26857577427708	0.846383369560772
-0.335497464772896	0.169630628265289
1.05974717473466	0.608240548666998
-0.942299204255093	0.415025941435667
0.911844243650398	0.551752243057283
-0.548684196767406	0.238924114264563
-0.53962110870119	0.237865741540789
1.43411754561528	1.1450468651029
0.139597869895286	0.0613627421551338
0.801479078566654	0.405794439439781
0.308504197398226	0.177568302201613
2.04766715333225	1.20250256959907
1.50797188453168	1.05263989941457
0.958185525480933	0.728928477306091
0.473641962246786	0.198886503320842
-0.0282527084637063	0.0107338502200115
0.284081703272692	0.127271574728752
1.93267444315592	0.777685872279347
1.28686295027537	0.840474379753371
0.491525586362883	0.210036021137346
0.292819967021139	0.120790132819949
0.428755770343219	0.201308412381817
1.70853980504428	1.64783322370109
-1.42402574639171	0.798268588677499
0.712492793896401	0.310850879822649
1.28170173840557	0.768162770937721
-0.237345889018306	0.112791235789926
0.65040284815151	0.426678154813898
0.450789287098428	0.253890568346503
1.20793265434451	1.07324705060395
0.237387716960448	0.12210678412978
0.674020069994756	0.618393765141022
1.06784671588417	0.699241691815104
0.0374839376953601	0.0172727165841124
0.555314719298322	0.20529632658328
1.07528233479696	0.694529826978014
0.332682961587943	0.1895934085732
2.36226787493059	1.1485668424344
0.893614918864789	0.539475756369904
0.577487735476797	0.391313196429864
0.613851498889304	0.298880221346532
0.338355655806891	0.182759085952113
0.528449282026152	0.288577324750749
0.318243457693893	0.108946623051463
1.01979444348126	0.527386092863294
-0.0951741478337621	0.0325913549251695
0.522106801668825	0.270980278674871
0.709786293263236	0.313906242274869
1.43820112126425	1.17536787554066
1.38746482707804	0.438324100518707
1.39136829124984	0.446170964769697
0.764533213878904	0.486458497731018
-1.05548605763545	0.485899713140069
0.545379198337565	0.287734204582607
-0.629120617638175	0.242192445289825
0.139411941321625	0.053142331402609
0.523501187053626	0.32077528794498
1.4265712542482	1.138997233925
0.854090350891753	0.475690994890358
0.330708957336331	0.178806245421007
-0.396282218943829	0.189891135598638
-1.75629830602486	0.792011732683294
-0.802518408991736	0.485944737154229
0.232605647784642	0.124144385214115
0.358956221805323	0.199751704415819
0.148026503208085	0.0711022594099193
0.644434062316609	0.416769191425468
-0.699162251320114	0.466729296288655
0.304214123847467	0.10617473038417
0.318539902136847	0.0939999634422529
0.331059341247749	0.0965806007825434
-3.82689367664474	1.60034089876055
1.71480319908374	0.820313816661687
0.00844146696545929	0.00250173681016487
1.29518139231744	0.788373952619154
1.29276519264383	0.575172316161624
0.317835449697136	0.0906936403276451
0.30670102425376	0.103227362605236
-0.631780545425326	0.229441886885997
0.270515145889069	0.132986676703197
1.2948199237836	0.594891541802106
0.732539947315021	0.222533630956855
-2.83364520651914	0.914175126504655
-0.520104445364255	0.137370661910804
-0.783171766310964	0.321443155948497
1.02543928506586	0.510715356021772
-1.30644760088367	0.665604619651811
0.000586758870042443	0.000480546357701669
-1.28207481227429	0.473471454058406
-1.28300540309424	0.46985272572152
0.717015743472214	0.299598236890331
1.26400125350496	0.706867078041038
0.00866705764748314	0.00250892523770994
-0.789605730849713	0.321738730331657
1.55266492378284	0.968114383891161
0.275183170231963	0.126093635499792
0.564378422400644	0.200595141431475
-0.0780138432608048	0.0367333626430985
-0.0666930033949523	0.0338902181009232
1.48643320387007	0.914324462087058
0.718045003071686	0.30868391454314
0.842011747627873	0.476266849979787
0.435779055992849	0.20450180136636
-0.0259094548814053	0.00977945071299506
0.0922481959261334	0.031852393202328
1.27343332750986	0.913435460255347
0.478955053624906	0.201369615438208
1.0813700378581	0.716457113285946
0.131781778094402	0.0520014911598581
0.304969685964692	0.109961681631869
-1.07847996742696	0.363856947530528
1.05615553711889	0.621530204978338
0.302433966399517	0.124307732553449
-3.5244418168486	1.31693095387582
0.321794982646247	0.0930595814272877
1.28524375520344	0.690718554624338
2.12321619439777	1.48523635957879
0.322688990359234	0.0958307659053989
0.595077534532354	0.283737616368687
0.354600294343467	0.200281234339505
-0.457932306301	0.156081665433708
0.147598345945954	0.0696719202719251
0.865369087801152	0.49154774844573
0.699365252197043	0.301715217398531
0.603286306610404	0.287713924523727
-0.110412723016711	0.0372838925203532
0.6936598906809	0.292387645762977
2.05010090840289	1.12869220203503
0.279736404989574	0.125762171094011
0.305316068803257	0.124269655857813
0.584476555858576	0.343951775538232
-0.42699953985676	0.176255873993762
0.00866705764748314	0.00250892523770994
1.01533621667644	0.527232916814557
0.901643916404637	0.572912910463727
0.428454397155779	0.202882932106785
1.23685711715181	0.967217933438654
0.292544019511939	0.132160189399898
-0.366094837870621	0.210550486894891
1.25688481274266	0.997762174985811
-0.413677941206398	0.171649318531749
1.19701476357381	1.13724468422977
0.921523221600881	0.625679706449378
0.130380655795219	0.0547239832550732
0.865450213677319	0.771585228737556
-0.0719925615316199	0.0343943171185682
0.605531655130734	0.365751733443548
0.678941416349835	0.376719610848943
1.28238048184675	0.589162638749535
1.30070760593386	0.518463879015317
0.732557744129691	0.421320504450389
0.962709440018155	0.753443706573899
-0.170464130644493	0.0693003473235791
-0.174498928939117	0.0720010547238141
1.28351317214536	0.760367132606267
-0.610699052713694	0.330934407292292
0.896699729801278	0.569266814809049
0.968449627849094	0.444223408914659
0.68114022039085	0.374478162986611
0.802852066490901	0.40913973133125
0.536229584714131	0.335843769461639
-0.00826301721654051	0.0034828361093839
1.08969017328717	0.775162571217095
1.06746344389108	0.670832927902446
1.97503353888594	1.55433021503781
2.32230087948665	1.84696439106474
1.28666928926763	0.700663843805305
0.00794345182277289	0.00341551818934374
-1.27660780727307	0.864703567854339
0.617508969684417	0.36770469018033
0.72767504729497	0.434951383824147
0.283416391087846	0.111514840104744
-0.632639798431511	0.32020707454629
1.56449069473703	0.985348250627084
2.04563086406261	1.17621127525015
-0.0528195969194347	0.0260592757121962
1.70550532695977	1.27944588091558
1.28459367745435	0.699077218833864
1.87492520164159	0.596544505245442
0.968067778665737	0.447892169954534
1.24160434714021	0.86971043424092
0.694094541208571	0.296199640868107
0.743418412008446	0.226976622674307
-0.264458632175413	0.100507101689322
0.486732332051594	0.194060137384604
-1.28331625133256	0.470420786668762
0.562171083899824	0.20945234556886
2.04879201712582	1.12471486509172
-0.40209258706702	0.158989404322843
-0.265440031983847	0.0999470313746136
1.61395559461567	0.875653078475427
0.684987105438553	0.386246212783818
-0.116286796194124	0.0506320210848914
-0.0920592484930167	0.0328340651122599
-0.511615283318476	0.287319333689073
1.29061251634878	0.797889277336604
0.734998281341245	0.436280682905481
1.10212897215386	0.788666079095116
1.28530366621721	0.705214256925737
-0.108202124068554	0.0485021020247972
0.141373357974598	0.0612425419125188
2.48775834220265	2.17104175254049
0.393435332210435	0.191382591428214
-0.566940225444966	0.246364634567279
0.691547920678459	0.498963671020878
0.894973092409228	0.557542641940368
-0.126554656864927	0.0539835286304029
0.726347084810968	0.559472253134196
0.225289348002218	0.122055039953967
1.87680508733918	0.595685726697882
-2.82685472330953	0.922711444031235
0.570922662237066	0.204870378963107
1.28699138373606	0.789213444434618
0.0987511480583864	0.033335910252537
0.0992531018651065	0.0330447715589924
-0.942436252669691	0.40412169410346
-0.111551521228835	0.0492595578447176
-0.295873423728528	0.156597352332459
-0.173484067010844	0.0902911188704056
-0.416813607403363	0.173266131216854
0.476637576802059	0.199897925745343
0.299798186741266	0.105958409663638
0.544879624546786	0.288731354856914
0.85839309124192	0.492743266929128
0.256706519817684	0.127913490395611
0.859015666243306	0.489338572867766
0.346358025061178	0.185183256833935
0.648754512549128	0.522807994490899
0.705017806121164	0.295290134244311
0.585511930210885	0.339329799089038
1.40716651908476	1.22600813424912
0.269638982362724	0.135086401860354
0.701044292390875	0.298732666359212
0.869688339014639	0.330345133683594
0.536686715579397	0.287449140632203
-1.40733597722655	0.767622526560584
0.559584005737016	0.209985261051233
-0.261721628989709	0.0987647688403177
1.07747505219552	0.605653557433784
0.459413713957278	0.262756499773966
0.376218986921529	0.187636497698093
1.29227613548407	0.506656794450709
0.863790338222201	0.493081990256034
-0.285772126873953	0.12465725783903
0.130713752001343	0.0503277705667071
0.0145157169832241	0.00374290541306739
1.0295740649358	0.538980148006589
0.123476101836657	0.0488353015303636
-1.06980728378665	0.507906811569143
-0.82468060019777	0.488086725812823
-1.42457843328823	0.789480972036165
0.568872199636455	0.21046867310137
-0.402534725640043	0.161702261870729
0.920395482919912	0.643300853979708
-1.41445765036684	0.993895753165213
0.489994924174994	0.195886217511235
-0.410746877879887	0.166445804388391
0.856720680640645	0.468644565293009
1.28033105264169	0.676711427616771
0.481450967975502	0.199844039519315
-0.976129001424822	0.665976896643293
1.07913226545986	0.696267784253249
1.09277866457355	0.780624880785957
0.872430756427031	0.334437841582982
1.63038262248053	1.33745309906417
0.542331075842255	0.291760691638223
0.599329442854291	0.289414990352961
0.0923813297985715	0.0312364569039685
0.589744274375412	0.346862443716634
-1.29845791540433	0.46362151902055
1.63225735098239	1.67620639528074
0.269460595918418	0.13214481082782
-0.264577614293209	0.100228047853793
0.400528956238722	0.210465734450895
0.801686941510833	0.405894482391888
1.29494058528572	0.792389181765623
1.54974542740586	0.922314981083835
0.704899971420589	0.31614062112579
1.2996134727987	0.530136221804645
-0.782390389630039	0.316314837295346
1.28347775880355	0.599759530096851
1.62252639116407	0.914567795822606
-0.66375282649349	0.312105563076896
0.0861214713466324	0.0291344719129852
0.801871320704973	0.529215949975789
1.89119427170027	1.19400101296091
0.610510116065161	0.298357107009059
0.963013640104467	0.447197870682227
-0.227736947367193	0.0689465179637311
0.867794510570151	0.477368230281352
-1.7624221655659	0.806232270835682
1.38605230104039	1.29317472794146
0.279165272658345	0.108433493703411
0.736209672837845	0.435959828760255
2.0087211857276	1.84624520647076
-1.46337505324424	0.578484924186545
0.797789619476613	0.399654385460558
0.308572647735261	0.106788197295877
0.0218342360895717	0.00901098611466533
1.01945320506583	0.532423036867989
0.561421101249904	0.209976242507607
1.49828665965671	1.02533923874507
-0.502683975066806	0.254878941359765
-0.104268281141542	0.0363848090120974
1.50111271722544	0.970653229099116
0.0282836611240042	0.0128481540513922
1.03276049957335	0.550211092660556
-0.0354802009520653	0.013051240293756
1.28487486865628	0.872195271877506
0.55679847982431	0.209914993943735
0.392183648761385	0.196772361640153
0.304421698247956	0.123613574456493
-0.0910106160944187	0.0309311917944662
1.02419127395254	0.538001542798794
-1.07863211295701	0.503881491452177
-0.452552563545414	0.157598522081711
0.69587771613567	0.299818945218574
1.30587132432272	0.514753546836138
-0.644963629852008	0.242285014666757
0.00261557150630588	0.00130572700390415
-0.665758715802196	0.321977147874681
1.45193556271771	1.088702869394
1.9722428468413	1.55675387561155
0.697878981598051	0.483972535133923
0.425533231677041	0.186576411842498
1.09519918178425	0.799968870037076
0.802379126064424	0.38839409168783
0.213299892883311	0.115774113407861
-1.41553272669177	0.793506830458077
0.680217247970862	0.370673383131694
1.43681819902765	1.1290708525535
-0.158044897675048	0.063997686045096
1.29615501571069	0.51983303607118
0.134779474528637	0.0529223394726698
-1.90033036154423	0.911846384403015
0.872418192951793	0.730323819473717
1.26563128506018	0.804968955294236
1.28624026092497	0.596947229905235
0.295893086336242	0.104402138103981
1.23109639141609	1.01255009327717
1.06375189970988	0.622977101922637
1.68944654777283	1.59450482222985
0.959697638141443	0.437728769349841
0.492948520637117	0.209494073424293
-0.312754388073834	0.159712659130301
0.0229987901292022	0.0093974458691184
1.53351139791187	0.897941651020011
0.636111870729831	0.472520915817802
0.297423075799409	0.171719744338641
0.159888398901221	0.0751514804767486
0.39183170269928	0.199584180682094
0.391972165432799	0.202988784777048
0.237683517676697	0.116524280248879
1.29445149206776	0.694080798672352
0.787681329816908	0.539604578078004
-0.128934386961793	0.0568667420082476
0.538009124448608	0.335237887404366
1.26248961380773	0.865442607308328
0.469287765210039	0.303626447451314
1.778401712666	1.27739714988026
0.687268783846608	0.383235197710999
1.07064770588032	0.626682009028398
1.24974104462856	0.993985874025991
0.0234691726599204	0.0131398518047928
1.56345842976591	0.956814070896537
0.137383813092583	0.0852580018500214
0.491431078348944	0.207970990299787
0.729147528156927	0.218711390427316
2.03777310421569	1.11453930088612
0.526366961082579	0.275209052002267
1.95356393809093	1.48502536397979
1.08133938984077	0.770242597776706
0.492973153792125	0.209022087263089
0.705143211121904	0.314964144094488
-1.06221683162093	0.487556913079446
-0.667734835011875	0.323850439409444
2.24992776802953	2.40523831926196
0.575247744149964	0.319487740383696
0.608023686367703	0.284512588237727
1.27276166650949	0.723985009240759
1.78251637721628	1.59005042398292
0.949427340265538	0.652355535321041
1.28651347356387	0.836254972724423
2.25280887671086	2.39138429683613
0.717394912090629	0.304296692646163
-0.415774553228356	0.174043837678939
-0.654538577199998	0.308857007721479
0.337203461273279	0.216973542941289
0.425724427411118	0.201894969066468
1.31675317836781	1.14995283258693
1.27113624335895	0.748678318403431
1.28568614947829	0.615087982230164
0.596022711280738	0.342706762269426
0.619439930554568	0.303032876257276
0.137716218503074	0.0610674902038245
0.800430524469584	0.394497484457347
0.523491615864918	0.274094727628765
0.507691074544606	0.241576111509716
0.330836188284309	0.219952283535546
0.95320247293792	0.715981949254814
0.70675882221306	0.292112695927704
1.70772625339827	0.823203950468771
0.861733899816931	0.481927123945968
0.966975576016642	0.435650532383676
0.303597579746189	0.106217971691155
-0.454933456075915	0.158845027425575
0.884779751210965	0.332585768931519
0.707765125891223	0.304753575884106
0.599426679396042	0.290780747421553
2.34336204251191	1.10447409742519
0.949585268375018	0.415611860439976
2.05837347289578	1.17381779374862
0.482827052793686	0.206302293163398
-0.252500492417684	0.0940188033050978
-0.409663965562981	0.169455256938705
1.60521679969522	0.904325585723338
0.796857378190125	0.407363902026055
0.390169729989447	0.196908463899716
1.46262268440099	1.08211519530731
0.351763420346603	0.197944049952222
0.598344227057169	0.287330467293109
0.306560007608158	0.106939601876431
1.28496513854505	0.8672379380423
1.7069906817383	1.30859914283843
0.702932461673705	0.303436754472459
1.27206955397269	0.859862741924976
1.29447340564201	0.509609664420835
-0.795716033008348	0.330423083344369
0.542782789280182	0.284697088672499
0.647786303502122	0.401238616582108
1.87710483620112	1.20834938019995
0.659579677471481	0.428030708955289
-0.204368600629153	0.0989155880786932
0.813892765043764	0.404547577849295
0.150376133096108	0.0653255601495526
1.26604862004495	0.955926157185123
1.29358670643346	0.698630897803244
0.281499431154108	0.0947647345265953
-0.621546705264955	0.234576969241518
-0.150699058410206	0.0619961270420704
0.80577350723072	0.407785859743412
0.603742334503621	0.293810488271158
2.55541088745642	1.78703038232191
0.143495103037147	0.0600019151011881
0.288200979858252	0.180810894220851
0.299133023693428	0.117696818691315
0.601965516491927	0.351298239776729
0.305474422549267	0.108369636919311
1.0580095509064	0.623712043086572
-1.42586679994433	0.794441890486307
1.50707249179484	1.01682738809286
-0.803832093077203	0.324970741696766
1.08831801546293	0.786359481327854
1.55619496119236	0.923043752187923
0.158781345791439	0.0672220856896232
1.62993935741535	1.32187034504617
1.07170680811814	0.719278625796454
1.36231916774719	1.26598215248739
0.605678316224224	0.296825691789926
1.24279163364438	1.08296275735018
1.02598594091536	0.53691048852893
0.527277201969854	0.281303164128623
1.28017650760702	0.688742922126623
0.426159580380732	0.203934340307275
-0.629929938244015	0.236403727594826
1.18913755852092	1.23411199134548
1.808682169885	1.69631511620868
0.608681528985653	0.306891432944731
0.70886616447609	0.30813024561536
0.895853126208637	0.542426650354511
1.32907781731514	1.3849329920577
1.02265557218408	0.543504273263738
0.1484390382048	0.0643712395683072
-0.943800228692228	0.407201703995828
0.587773637448421	0.343690351690393
1.23078394122667	1.13121364497265
1.53812042493334	1.68794792694488
1.77796272355438	1.63143189465454
-0.1673968307652	0.0687914202268761
0.669261631524324	0.435841730437931
0.673454040823283	0.3693090442749
0.627139658821804	0.470523946060527
0.897358480361974	0.55454568578206
1.10112602057284	0.849708205095866
1.35389943533059	1.34211837651462
0.388930171712959	0.196000853946751
0.974143469737821	0.445942257172078
1.29212351432708	0.700145179866687
0.60636722761637	0.350813215830971
1.23484046781103	0.962183096337543
-0.621397894633761	0.223777046602979
0.265956740743252	0.164509926412188
0.431905121332724	0.20456273847094
1.09350372210752	0.791344465818581
0.602580916471275	0.356875155260519
1.27854589856055	0.869709531487398
0.467224267779873	0.303427959009528
0.426563619660025	0.200916926768638
0.752049839822639	0.466935249865065
0.743371471443005	0.466978098251123
1.88235513030824	1.20062435364671
1.92965591462509	2.14214613434737
0.582189624503607	0.332787392344688
0.958203648558375	0.783328072471354
1.06959546455502	0.753078157135838
0.948716682388391	0.72441024301405
-0.214283423142248	0.104009193821785
0.136515768004575	0.0519689225301947
0.600363394274985	0.438923089791558
0.636209748621804	0.513441247549273
0.96022606969203	0.431778574052659
0.606215130337601	0.40363926944125
1.0759555730296	0.713723173946069
0.0228311109127049	0.0105294911962278
-0.275249776570635	0.102883986250902
-0.266226384574249	0.102370392276718
0.685525480237764	0.380014576460536
1.50439826024195	1.45591044759065
0.845702424738742	0.641552754499565
0.769395390528006	0.506128571213912
1.26877588471499	0.860038872288565
1.27771192648113	0.79230446071659
1.08950867005857	0.777791602786305
1.06941271640715	0.687364674240159
1.63310838095735	1.3168104148756
-0.402555728811806	0.179052813258101
0.0183439220528025	0.00838442526637711
0.783954678208147	0.536037575447537
0.132939327516283	0.0584244932370353
0.43441676670624	0.207267444138302
0.565475998486888	0.465223575728242
0.755205668748752	0.619067643748264
2.32858996449743	1.43453236741185
0.917451394824744	0.579089240365876
0.27458666726817	0.135643446044215
0.304237399053742	0.119684314686868
0.876113996955877	0.481206686888108
0.0357183615727506	0.0139984296489748
0.861928926179468	0.496490276623111
0.612653764741727	0.292624301850694
1.26755973841104	0.930611468093784
0.731766588632435	0.444522456310315
0.491525586362883	0.210036021137346
1.27625706420179	0.58871870155372
0.607045770263532	0.300512137198778
-0.398597008338021	0.166425248747037
0.887688002048975	0.543383433238989
0.282330712904609	0.123039687264509
0.464268176614047	0.260358340878931
1.07538409597395	0.744957099461767
2.13983397840609	2.34452415622931
0.192222115765449	0.116137632201296
0.981625289463267	0.912839405172677
1.2566286347023	0.983990904200158
0.964663595386613	0.414711802337616
1.27904170590376	0.890511355951429
1.24402705992065	0.986953264135444
0.661668035889327	0.438578460583811
2.15380862378902	2.15383824816893
0.878063035149765	0.332310344071191
0.744963299474828	0.2325771171156
0.545564711548656	0.290750360914459
0.402981784383367	0.208924284721376
0.0987410266890699	0.0323193051111882
-0.637730351874267	0.239386145517236
0.610463135934359	0.301542174904459
0.49833172358893	0.207550739050886
0.485960473052197	0.277833117101002
0.860716485452349	0.499600053398936
0.643080706808403	0.41456975480641
1.37597709986349	1.21262160058098
0.901030638711898	0.569835806544844
0.950663872516513	0.643315716112826
0.0977023875019956	0.0327153508757986
0.111661234388518	0.0428848387863116
0.744760960582175	0.447475971221927
-0.548766193872706	0.24169548080656
-0.345102107577647	0.139836134511355
0.0924937801263076	0.0307420171196414
0.435681482827347	0.195293420466622
0.588916721244706	0.481682319674473
-0.0177982936973433	0.00694878961198451
-0.090937853177948	0.0315656465037571
0.295012302599376	0.103347776443311
1.02275153447038	0.541279556143726
0.241858477097079	0.116238196658061
0.618971900528333	0.461806279623041
-0.19191022955409	0.0938100612843451
0.131463850698504	0.0503509775650459
0.548332676093981	0.128537566389422
1.38595983416379	0.444174825449718
1.9583854385016	1.5016075933133
1.90148626207161	1.18832313513358
0.96252144443821	0.446705894295756
-0.158046408611988	0.0672468400763789
0.302220032862657	0.124463016237507
-0.831547258034552	0.253419977958223
1.68117513677391	1.26378961823397
0.0028107688909577	0.00141456353819664
0.492948520637117	0.209494073424293
1.10415927772088	0.785872499166746
0.913201211776453	0.566852957822369
0.810355264557812	0.387285753785686
-0.0122153406931034	0.00484403248607414
1.09250702489486	0.663523626806522
0.0898856576899703	0.0300055399733939
0.102311740258708	0.0336535084204365
0.893888031346625	0.537544502149336
0.0291939674996576	0.0144960194209558
0.324877862296843	0.0958537387888753
-0.662932059178017	0.320995048145563
2.33130421293065	1.43642844669094
0.969353623646441	0.441558533787799
-1.62677403926631	0.683687330293504
-0.103295386608755	0.0352927432055543
1.04903225939075	0.618499274036996
-2.51001185366412	1.5961770236792
2.00568896088227	1.71279475299346
0.800942436021565	0.401468869003349
1.62470239555208	1.34441926061563
1.22721648682861	0.831031386788353
0.957000040150721	0.428560554132988
1.48192736352766	1.0955812175346
1.28423116141909	0.497010254740198
-0.955420151370707	0.416624506797946
0.12284252343307	0.0480230825637145
0.797299383937137	0.39680390187399
1.69812749667615	1.24681882503366
0.115054894280324	0.0583619669281144
2.55464016110603	1.83138760733162
0.521515673916102	0.283033716047975
1.45963753855702	1.07603114200996
1.27385708667815	0.931408664869566
2.55995132939242	1.83252191833402
1.61159238278276	0.891039340661711
1.2739104971646	0.91824597979989
-0.10983092063867	0.0491935006048175
-1.27901211296881	0.459061428425146
-0.287478020919567	0.129250428826149
2.34950166450373	1.13423822466574
0.802130413865657	0.420923456194052
0.805233708987092	0.541455672464755
1.51247335662465	1.038505217919
0.133101940031252	0.0524451115996539
-0.303783502233959	0.134454913430917
0.265648145275614	0.131876862203469
-2.53304060425416	1.58924537665547
-2.13381163617053	1.141893242032
-0.0841754941715745	0.0291212554549698
0.795884466213866	0.401910097972703
1.25769009481652	0.983452184827074
0.108569493095392	0.0392462068807597
-1.19312027330122	0.596610103126649
0.688196609098848	0.36759847807539
0.535250305497662	0.34228198870508
0.147261523437356	0.0709154778716007
1.07165037895707	0.729206265904213
0.795420597320053	0.402439738052505
0.113489208247887	0.0564651879637056
0.80688368564593	0.408287054678468
0.0947760196432281	0.0316897479366953
0.933860942983787	0.69581026935705
-0.295838666250942	0.131606195621301
1.9166248847574	1.80338528287035
0.122323164183524	0.0473672022582346
0.927776901909613	0.617789788009106
0.986155111298657	0.849885073466894
0.96096705660699	0.889123307378148
0.929665114639625	0.642403989237935
2.053012919647	1.15795097119134
0.279803931124117	0.125680805843911
0.156997440392039	0.0683925135429422
-0.4959152615042	0.28078500274336
0.589496742551105	0.425069693211393
0.498364996899766	0.209138180867969
-0.40522981416499	0.162264137334214
-0.950121306010724	0.419194460825588
0.239576897363709	0.130413018615613
0.300867801784306	0.120250360101411
1.01670639157071	0.518188081364892
-0.537948048148039	0.235327495964592
1.76078171276115	1.14935373655513
-0.0974732041794594	0.0343241224330076
0.00854379867403335	0.00426592568443079
0.274626533017285	0.125525921299036
0.469534207543323	0.262888200553439
1.3945886516047	1.21325723422728
0.305889434705878	0.106180239560386
0.941636727147992	0.715671388222537
0.702756777311772	0.300793224334071
-0.0848577545417675	0.0293646948741436
0.739498461318299	0.224344540791199
1.46728170489704	1.46313536639839
0.84563317232549	0.672838217614382
1.10571071840402	1.03334817020065
1.08243409333712	0.959494292917545
0.804836853477309	0.532816902242018
0.760464699220359	0.486829097761343
0.30154792701785	0.104852028393963
0.119435917917051	0.0693799066221404
0.832415231368384	0.595498228747188
0.52549654686732	0.278508149633032
0.511285931574159	0.25851592421823
1.63842750954579	1.38568395768517
1.7198319303409	0.841521629859451
0.0821214429388905	0.0277714234643413
0.715285048188839	0.316307920556881
0.620888936776698	0.289408200440049
1.87765931772325	1.56465747051958
0.526423287608825	0.273171302554721
0.0975623284547558	0.0320145603131338
-0.101902854097356	0.0343943826908116
-0.160113552502243	0.0662820274179876
0.301552496553157	0.129958060764486
1.01845075484586	0.528857013434945
-0.928191120756504	0.393091983461727
1.21559834303646	0.876809330804569
-2.50205622527691	1.5545419237206
0.0829569704154174	0.0266221472940878
-0.619982695137248	0.325885271013638
0.00319488279704428	0.00158954678796042
-0.515816270677169	0.137630330187878
1.26025352409865	0.923732030208414
0.437964403368648	0.20623317691917
1.28630996945483	0.788094932265334
0.820384340260786	0.397315194964736
1.29787386347545	0.686054795202076
1.28643609073501	0.744150788333627
1.26647083950326	0.843190366972549
0.288172338172348	0.131550239907583
0.800838916277916	0.399069877993104
0.140096808132223	0.0536671200504341
0.102837862623723	0.0338287582420588
0.608790282552418	0.296064784724562
0.10513869216015	0.0402083801215392
0.744561566795475	0.232791161107715
-0.0809520958197746	0.0284283785658821
-0.219026004480218	0.121905677761932
-3.10186540327758	1.04102889151319
-0.23051065015856	0.110688027716133
-1.09294135310029	0.355687684751745
2.70336666934846	1.52055807290311
1.29309201355779	0.608539638192053
-0.23900432545147	0.0741699350900122
1.84875105766931	1.87762521891144
1.29277429742777	0.698035005833743
0.693171029066234	0.371841032060022
0.287735330662054	0.116728496922452
0.604887835600145	0.34761245651265
0.5460484790469	0.199394812843192
0.478245919841077	0.270532546258401
0.932014541930724	0.634987107043241
-0.403090405076675	0.164762677645004
0.652989068885534	0.425262224798749
1.07894504009438	0.751717144346036
0.928752944391579	0.662389325133535
0.301021292579855	0.106836397471133
1.78531993586835	1.21453367302748
0.97170745816346	0.441345174892688
-0.618509531912325	0.231235236591132
0.291060690131706	0.100450087272404
-0.106520470308666	0.0365104527710427
1.41466209538338	1.05100704158014
1.4096971252888	1.10066206381706
-0.0172232485235324	0.00677232130122256
0.490486224691274	0.207131414407823
-0.237275358357156	0.0740297101533226
0.288249504992782	0.116941590754061
0.962915964114766	0.4231994361848
-0.937994128079388	0.410826263777398
1.28511100787195	0.788004426262494
0.324329385368054	0.0959051461273956
1.29553758412569	0.517916458545851
0.273782231982595	0.125393555658746
-0.833583823535076	0.246586892170125
1.28678611702797	0.752328885715777
1.10108071186061	0.788446383845325
0.603379904513642	0.299649395459611
0.678466468224678	0.35831116194881
0.533425534978054	0.277427452367381
0.868041010165394	0.492881009386362
0.890328525969881	0.558889195723481
1.03993364726313	0.539269751390408
0.0922523727442821	0.0307788602548007
1.8612269068727	1.5980596458935
1.27464216728849	0.850037681567911
1.09338620064841	0.785650651015368
0.281438649641593	0.125089512650564
0.598735996834533	0.285640830762736
0.557532205682564	0.204766766217193
0.297349083323917	0.104647363015264
0.812928724765417	0.416011457393633
0.12893319102876	0.0509888425304159
0.621328431362987	0.46771791314721
0.127594871332474	0.0565435532907358
1.2762167733615	0.784169757452007
-0.932567963740169	0.396861909457163
0.958113953440861	0.780169435286706
1.00110246150631	0.489475828406707
0.61960336559767	0.449116371439447
-2.13496232747249	1.13699321698117
2.11433477629954	1.53981714700976
0.802494634757502	0.395205280198372
0.143778769891526	0.0617830747871074
-1.31489098221039	0.683920710938025
1.46317943634744	1.09156992270018
0.296970392124644	0.114528072002463
0.234196555907947	0.124824973597965
1.27161562353165	0.976707154707223
-0.0879696928436291	0.0391718919893349
0.292147461829049	0.117498810868711
1.22697150859751	1.05705734612027
1.50406025661301	0.997539449664119
-0.153479377155283	0.0632714084343263
0.527642946744746	0.382106759646268
2.32660476454133	1.48619716302988
1.00273469836097	0.490273372325621
1.43705482829011	1.14653824199404
1.21925244890931	1.00728628744983
1.10262435349085	0.977190629545464
0.145012479330905	0.0703849270620064
1.28831096126493	0.781370632085629
-0.0196017621506548	0.00735387289238437
0.492628725244061	0.203805278649336
0.952085647749277	0.708779136787909
1.79131701095504	1.55528460809682
0.299379968968207	0.106447509821458
-1.01291210130721	0.579756490005722
-0.528018487957424	0.271111965645463
0.91390014221809	0.584533949897939
0.294126410532479	0.128938473881964
-1.09003134014247	0.654876948830201
1.77177038926836	1.6257598136409
0.895343881786216	0.568710977809561
0.859042824846805	0.488271302178675
1.26568264025527	0.698875422372844
-0.190077375442974	0.0972955042144594
0.270748596002395	0.123204762197248
0.402430979917422	0.237144400764907
1.10241298244346	0.894670181569702
0.68299575799507	0.632723498458697
0.481061077926459	0.205300507028882
0.713732417061307	0.317886602885671
1.27280093462163	0.860724150440468
1.39041632652022	0.449818911651812
0.390274764210417	0.194931715298991
-0.245750819454419	0.0770070334360556
-0.25503132676966	0.0941051746699297
1.48971940832893	1.02145157857772
-0.0902457760143361	0.0317934729066171
0.758630727465645	0.468120911808617
2.76083436564817	2.78664665723709
1.04464482008209	0.607730503790262
0.232703647269603	0.123314320884996
0.0450330640341063	0.0207007668839439
-1.25704795401367	0.845054678531743
-0.826328253600043	0.244633196851002
0.11839756813712	0.0459383000788694
0.761304252581146	0.478375023897024
0.806729579138522	0.407135002601379
-1.91804084137619	0.896107892245606
-0.0287189534909682	0.0103921859402074
-0.0895926060094955	0.0309655263321982
-0.436011957991197	0.142410964615142
2.32474936503336	1.49774692511763
1.80125894748322	1.54906977071011
0.266477065512202	0.131639706783299
-0.210503721681284	0.102969020917018
0.79475945616048	0.411899132110205
1.71513634591004	0.844326750336819
1.5641549850982	0.925772962961926
0.53588090755368	0.282792241913594
0.933546845497881	0.639698827246892
0.976277874729556	0.434375784339715
1.05919340240525	0.623190810960029
-0.302294602047077	0.133421200159476
1.02780040135035	0.538321860527478
0.800478824588074	0.412136327493837
-2.12527684303539	1.13098170858922
-3.50345173957519	1.34706552782025
1.2834284121899	0.782404788605965
1.08148557288917	0.743889328821591
-0.144761621194139	0.0592518365561829
0.70722439693105	0.29946631469199
1.07928039136702	0.707515561039208
-0.0176462127233874	0.00677789170718831
0.325965678058945	0.0948266143615199
-3.82783443823981	1.53516389959264
0.323705695530232	0.095444827266487
-0.259207270822592	0.0963221604112269
2.56570081177445	1.83242677193054
0.292088948752511	0.131216589403024
1.5217385152514	0.998484870179208
0.0936482232699863	0.0310570247235425
-1.07652621510493	0.353950179594174
0.555492691623485	0.206071394995507
0.309355176709334	0.127755898973924
-3.8548747945059	1.56368737427081
1.28901812550982	0.701165204029468
-0.787459642523644	0.326439375284111
-1.47689042526597	0.575524074962642
1.78957786873293	1.64155949902596
0.881747674099572	0.325597144031119
1.08080193699629	0.7461657132373
2.28068831341449	1.67119645248602
1.54929446650701	0.927548130621848
0.962692978644185	0.437386718103106
0.690690097932822	0.376275653934977
1.86418073959914	1.59719420848671
1.02475165052259	0.516520104151959
1.55494518824628	0.939918184269247
0.518171426866278	0.275376104323457
0.615011901772784	0.305728531282732
-0.601220982096499	0.322342649687898
1.50574340876153	1.03941623754429
-1.08108050972116	0.507852381205478
1.0619277233377	0.630694557912048
-2.11445382194407	1.09804723671252
0.277109235863099	0.127681137293943
-0.43551195096913	0.263115053293377
-0.157752260936079	0.0655857022022556
1.06111832871517	0.619246555548338
0.0247285381889544	0.0112976246290151
-0.0286065942558477	0.0105577123601467
0.366946936997751	0.196986055400235
0.303224197479656	0.122884491809784
-0.409464059216641	0.170680362432782
0.602423990500715	0.35364861367825
-0.250692353644706	0.0959927884247432
2.10857364703472	1.55030771994595
-0.80205384416075	0.322135695802663
0.808114418438495	0.406171208397636
-0.410714982331633	0.16659424804754
0.126829310070134	0.0602952776219326
1.28325536459701	0.783045848605318
-0.793902127538565	0.318699371933403
-0.18777482341347	0.0946963834544355
-0.903734928865657	0.482609586641632
0.294488688503367	0.128653765580932
-0.153797647946483	0.0642623566678804
0.302965815991837	0.124066049924978
0.633172926001661	0.469321972635692
0.54099848457296	0.286679577276685
1.77813720512548	1.28973873733335
0.901693865928328	0.572860885968757
-1.07187320968594	0.357882420410236
0.680557685226249	0.372501578464469
0.490421713510678	0.210333842045946
0.971168310199856	0.905609278024652
1.57800027378121	1.39257844165271
0.859643673236877	0.475900819698612
0.800520453093221	0.403774428880832
1.97340280694934	1.57020154174301
-2.25731148920561	1.17062184007221
0.651326651121582	0.409370527157181
1.28510432752392	0.679600300683957
0.441923230727367	0.208342557823121
0.587579849858617	0.27904680110232
1.03455544766482	0.543355042622437
0.736885246754814	0.448566927373903
-0.400318647101166	0.163436665749996
-1.26881132105747	0.830033506552181
0.951392089449584	0.700059031354009
-0.556063859274035	0.262246572305757
0.776971212375335	0.510590813699092
-0.412788536405869	0.169490963133372
0.333682101218991	0.180749945308515
0.338208890203158	0.186455447317163
-0.109736530384145	0.0478453060504101
0.541276504968918	0.284639788468081
0.531030748078857	0.289026406945712
0.796598948470943	0.412277793485107
-0.112692715060897	0.0380609757490361
-0.999097342643669	0.569248235362674
1.05009456111588	0.608730402112413
0.43227338810677	0.205458710381337
-0.113934553893274	0.0511461939495678
1.77120518914089	1.2542545085651
0.694103354276736	0.353938410202369
-0.151491447585971	0.0768440851378991
1.05440517831086	0.938299233266148
0.565650700901006	0.376631260192133
-0.448178786999639	0.15594907638673
0.847138837503556	0.484173779590801
0.301774514980905	0.102711606668834
0.60713469890426	0.300544513092583
1.2996134727987	0.530136221804645
-0.0938975012713248	0.0314630032663409
0.135470746758517	0.0657139200598566
-0.788879409128399	0.320032149965066
0.141225383706364	0.0668111823637051
-1.06229519687026	0.492052165075051
0.138414151963735	0.0665499690753817
0.679730606508838	0.363694583386574
0.439113090285252	0.208191114487578
0.750263324185568	0.454921699372805
0.953397131981161	0.776984687477278
0.69399116625766	0.498531980105911
1.50303421899791	1.42224050545511
0.261657330185255	0.126417554689028
0.540293327276947	0.339614476811556
0.476756928917093	0.199736053470938
0.81172653323818	0.381807792767639
0.301021691940073	0.120471353364271
3.09515036926728	2.82357940571885
0.443788857614382	0.214103223909982
-0.572614711141043	0.250895902483027
2.15671648292521	2.15210691820424
-0.275041606885646	0.101920853558341
1.28526392369858	0.584538105431309
0.0145376502183925	0.00584955162272936
1.10633223732173	0.751344568619889
-1.29214762277513	0.47638735952852
1.89921179183706	1.17037261202492
0.543149332793799	0.285347944465365
1.68117513677391	1.26378961823397
0.0965968042860137	0.032725953209827
0.41222461756918	0.183134636797499
-0.00657653492577911	0.00222971434521443
1.26473985689252	0.843793718047041
0.290415600128398	0.129333777759497
1.40133108561268	1.24903708175177
0.451612315211798	0.251140057670639
0.708638742466101	0.293102761031934
0.130945561129192	0.0494339130466886
0.299379968968207	0.106447509821458
-0.363033351817167	0.22776770503585
-0.795056306599866	0.316325856173031
0.904967675127095	0.536688561612041
1.48631254876556	1.51806450996472
0.0160154604416369	0.00794094316690762
-0.0234119020669567	0.00891471868694983
0.803057300593227	0.410650337741267
1.0582948529254	0.594826266657029
0.126776657192501	0.0594547058770016
1.02569286135726	0.542238445897857
-0.720136179416149	0.420772652077262
0.0240231267808747	0.0111408980259106
-0.285047265073679	0.123206312863979
0.956687798742482	0.721635991035265
0.846204347552203	0.488074049487292
0.439517965835194	0.20540317409279
0.330033439664547	0.0950177430381346
1.274038760552	0.846546806294607
0.083134995612766	0.0283066524566154
0.134115544803683	0.0582475156285748
0.532681300806064	0.287151698942471
1.25793330732692	1.00077674744448
1.03822043581429	0.595517377492712
2.44029825393407	3.20027237290818
1.71987149710488	0.808288345219354
0.558261003568795	0.204433623642819
0.90473336454022	0.599363706518184
0.504446933067139	0.204841472600997
0.921988342615517	0.64592470340957
0.684789738072254	0.384428670644254
0.953369012676546	0.711820694645257
0.29486345626625	0.132804198438384
0.664549792448385	0.425988743264752
0.27253314697958	0.134019081952795
-0.609759994133491	0.317569946219882
0.486433829084694	0.274544646055799
-0.663690086355308	0.31092800029227
-0.108184249039368	0.0478418287399825
0.602333513185379	0.287042183850769
-0.0596958480550409	0.0302302255948609
-1.40205190010607	0.753954377013029
0.384677031252668	0.195583190870413
-0.113664304335239	0.0506664697398734
0.282282220148815	0.130202675662361
1.77138725905289	1.52268616182334
1.28012057412329	0.686436839233262
0.157205903321376	0.075994698796181
-0.518283200031486	0.270036751480721
0.139597869895286	0.0613627421551338
-0.15546450947236	0.0636447483297652
0.550685923418775	0.199566504789894
-0.988753213120255	0.552338520547623
1.08041738221791	0.698878516925785
0.936635890152562	0.629670359121162
0.871549620625515	0.338386876454127
0.153894979609966	0.0668432479778264
1.42221117432536	1.15135859563818
-1.09357471916057	0.674888540444228
1.06626820551433	0.629813744980899
1.87606931889427	1.51574927127498
0.605079251892936	0.34755889824762
-0.437250567868679	0.269850995716793
1.25873153436976	0.914428151485938
0.784505305506086	0.51824497865612
0.418640523550272	0.228125914333849
-1.41673368937354	0.772202550630159
0.34303541915895	0.189406742545512
0.614901639594649	0.36279868088032
0.0965968042860137	0.032725953209827
1.06027373511833	0.641531135521638
1.23902629934434	0.95122133075257
0.30081169224635	0.182081699020405
0.480416410343105	0.195387803304659
1.51133958728394	0.984682479727746
0.604481823178088	0.36178201569404
1.68449486504694	1.26046825748029
0.464301044557491	0.265683672519002
0.619130698751707	0.34841315764009
1.27065466221331	0.911661916416822
1.28371663525323	0.783372839707005
-0.278035974994792	0.127096662670846
0.104934539079781	0.0477339546062576
0.691492390958547	0.383879395997734
0.550572201031381	0.348307776190793
0.7515539151476	0.442970542556278
0.0137733251760589	0.00573371582148685
0.492303399150892	0.204312308209922
0.853246558796436	0.474061072107555
0.561062759348902	0.330505833353001
0.386710808658429	0.198991264162161
0.920674858957516	0.631751939426588
0.130972005976749	0.0518365135511243
-0.524062210307797	0.355133050123437
-0.181782283663992	0.0899897505016237
0.0437496220416221	0.0196805386274929
0.863921126341159	0.793819844896774
0.620536684765994	0.356481073932393
0.235187159826074	0.132218184288987
1.72557358600144	0.838776985184898
-0.402419761641663	0.16390072988776
-0.563059367604354	0.244272667746735
1.07120916338855	0.845466518773136
0.251558149496119	0.124573229470577
-0.418428034975353	0.197239035184157
1.43141436346783	1.14190184893543
0.0983156560543748	0.0321153914255816
-3.67599283921959	1.50022965768208
1.07459142331752	0.93742812594547
-0.29369445630678	0.12936540325891
0.858808171953928	0.496856812139121
-0.515450522971173	0.254079065181044
-0.156212900707444	0.0655780348481517
0.800252296762667	0.409174023929015
1.1093966075295	0.890413571497577
0.685891217935513	0.377676132671693
0.440290569111792	0.202092649064458
0.147585197204652	0.0640907714511098
1.42946784838349	1.11995425549834
-0.0245553281705363	0.00934920956372896
1.42063457868564	1.15062935961815
1.70874616356463	1.59624771954203
-0.0846169404564521	0.0289603793445122
0.539397872481384	0.29056886072745
0.643472876332926	0.411134730721163
1.22560615460017	1.1770311886559
1.10373568892188	0.769809299065385
1.06891925948803	0.704085372447973
0.823954017864563	0.56590788679599
1.44976739817838	1.51272744946204
0.873356668868827	0.342342623972022
1.76336827227286	1.92073626181257
0.601571250995122	0.361261737698339
0.526314979406764	0.28143645250703
0.786629783181283	0.541222837834991
0.361124303562223	0.262915429991031
0.798257555345601	0.411047393918666
0.780323714690553	0.382040121897025
0.753727318583693	0.460733692966121
0.0366613021334775	0.0170294496337401
0.442422286838299	0.207029971940369
0.603742334503621	0.293810488271158
-0.942299204255093	0.415025941435667
0.258876224813203	0.12714818341871
-1.47374027305679	0.579220494433785
0.612055328196728	0.300791362340089
-0.0309219222660636	0.0114881437329809
0.422643566626111	0.193298561518315
-0.29293217726869	0.13071458097828
0.520442692671724	0.271035588119165
-0.819950915214144	0.637136263448665
-0.287697180760925	0.181361869894533
0.655692239899586	0.408352934426066
-0.73511390160425	0.41767273657291
0.944719609081126	0.712492434697866
1.2963386643937	0.708693951233194
0.358589030015053	0.202608726402515
-0.26232591384	0.139242682778554
-0.220908661213988	0.105740069395597
0.262981465359977	0.127482257112395
0.0972437074566002	0.0328516333826303
0.026032975150308	0.0118818780650712
0.244703861318621	0.115577223118204
1.57915247828705	1.68740308036472
0.143598336634396	0.0618678348092243
0.615293102997281	0.307054191059427
-1.29839433116453	0.669374303806399
-0.0490403991079968	0.0178447127897085
0.265398554305	0.130543336908837
1.08132701539496	0.704813419889688
0.341073111824067	0.199521288927469
-1.46561602821067	0.580295799109019
0.53822535410199	0.291370972428761
-0.415161972637749	0.200774501910162
-0.243051820381954	0.072777302682525
-0.343848483343309	0.177792635815735
-0.417167023810597	0.22534254517481
0.32417622927909	0.183270575449078
1.43663592162095	1.16941855445496
0.274012170879499	0.124285293197624
1.25477329994415	0.914308934021468
-0.276143830508231	0.121676302633472
0.469521149526438	0.195030698732426
0.720583310556613	0.314418862082545
1.05317047140909	0.606540871164584
2.39493126164905	2.69484988025697
2.48074074968551	2.12115320116803
0.940561710890667	0.689325651721034
0.893717095398214	0.557112355032902
0.359708174701692	0.195546145583565
-0.115702418044192	0.0388924037039482
-0.100941489388574	0.0448609155839233
1.63264697429788	1.36082558164494
2.29586387491829	2.17428788217545
2.04934331774788	2.13508389114473
1.55255682672859	0.969251986280763
0.135342088689557	0.052654160371433
0.0146887476972398	0.00620561947105628
1.77067070708852	1.21425159966966
1.2811389064539	0.85493789860654
-0.149204781203697	0.0613673795812272
0.0938723253618401	0.0322216299179572
0.129124883301983	0.0543412589498734
1.29253618362671	0.675966933113505
1.88574769642003	1.16440995497436
0.967823443972717	0.429577365382565
1.78994352835535	1.21425397390869
1.28879390759049	0.507324075109526
1.08280058028035	0.722088922827454
0.146242485789011	0.0711320785414894
1.72805088285912	0.797487695610831
0.135784665344972	0.0529366719395772
-0.446621736891828	0.155572166824047
-2.498964405108	0.767925687647617
-1.30090872350559	0.695535355516964
0.0956237936418681	0.0474350609209534
0.0222615694480632	0.0104455560711946
0.110302016326304	0.0555856875506213
-1.53420316289374	0.855361871833595
-0.643123795720658	0.236783109683115
-1.09689078093543	0.659817691173247
1.00772389271002	0.511340756800192
-3.97315213441293	1.7710564133981
1.37023504515902	1.0656451812984
0.128359440412858	0.0505485130657302
-0.0906240904339639	0.0314796060678705
0.086716262899959	0.0294206419085388
0.43271895148074	0.202270550331851
0.307059183273575	0.107539094366943
0.503770170743488	0.205078584327941
0.530577761344486	0.284290247606282
-1.09218502404221	0.492700318644517
-0.278277494680176	0.123614972816352
-0.185970647101431	0.0760918663582634
0.0964676272444151	0.0324374119478731
-0.544283561093888	0.242266392511467
-1.31396187799992	0.694860135649356
-0.926089249274259	0.402786917752585
0.902660216587715	0.576475945518547
0.86481742952652	0.494944666163425
0.102311740258708	0.0336535084204365
0.566302473794753	0.205610200227485
-1.4043659337003	0.780212464452725
0.860978368115257	0.506138240137987
-1.62717538179376	0.687545686258824
-0.792557901706233	0.328085474256847
0.733429025565566	0.439532399576203
1.08443651153549	0.700646933812226
0.967153550572622	0.775499618472369
1.92253894960242	1.88559112041666
5.31581546577369	5.04277760462153
1.08364847065715	0.72130190447222
0.768193187354856	0.463231089765078
2.32944053415475	1.49387034982347
-0.00139870484831283	0.00023178139109277
-2.82570625121832	0.918479199567565
0.555314719298322	0.20529632658328
-1.62178763673013	0.694441352855692
0.303946709691502	0.118825518362352
1.03426588426546	0.511790778054998
0.439127653335803	0.207206516955331
-0.250404532378958	0.0774809167796415
-0.234997367422216	0.0735002161516419
-2.01952504951422	1.02283715139232
0.119572619493507	0.0458698175820681
-1.05512648319124	0.485977566626928
0.4427082845041	0.209880549329846
-0.933244772001567	0.416663616806163
1.26300827631606	0.84748107734201
-0.26780205208338	0.101395457375128
0.699670798810423	0.390527913584445
0.408282811443754	0.239886064888234
-1.77985678063097	1.13374916518868
0.0928341801465002	0.0309304055250417
0.598160028849721	0.275333751761183
-1.61615783093139	0.681500593514244
1.28294225567039	0.585956933539513
0.398984866819643	0.240262786371556
-0.102397006475854	0.0456620133242218
-0.668100424994871	0.300805017526744
-0.0292072136112786	0.0107292939017652
0.62189398922949	0.356726118843124
0.496189436206781	0.207561118855798
-0.176308863291577	0.069513127333198
-1.20852938819009	0.602101308803782
0.381246704744169	0.193742100691514
-0.0513512263145437	0.0180426512429688
0.728817455458182	0.42401065882089
1.28043242084381	0.852772215593228
0.715465875804763	0.312989407711817
0.750044799788051	0.448429905348691
0.86508919019121	0.475254031220378
0.603314721925029	0.296841304255033
0.802612038813784	0.400236559069377
0.152111966493922	0.0658287588556785
-0.782477904605385	0.318496328123704
0.486125951016702	0.209968036858556
0.861977105392072	0.322438679957969
1.78830333516803	1.22785274706892
1.85289179784561	1.47918921577497
1.7526331403513	1.54911121002402
0.953364663040961	0.648645393246426
1.78122571248585	1.24548872142621
0.60519975043924	0.294915737213824
0.547153124490705	0.128061292620407
0.599135602748402	0.353304480348472
0.67668296224006	0.467680575998751
1.51507728572564	1.04111583291012
1.28526005119866	0.87425194658134
0.969353623646441	0.441558533787799
-3.82626330740636	1.60082454394528
1.2929879319918	0.597907043762998
0.113765979975899	0.0528549647451064
0.43499882533671	0.193575136181293
0.961046590207586	0.447491727126201
-0.407663593938538	0.166115683726538
1.04540853871773	0.603310307346349
0.963945152999706	0.435518770986134
0.000971461011271466	0.000668869831647809
0.525083287405809	0.273627909416251
0.556776307096912	0.205253420093904
0.095640241676284	0.0318655076851783
1.29369024429171	0.593825951086197
-0.399891257699579	0.16201173130991
-0.266280850387358	0.144467972958271
-0.258750774824885	0.0958578667979991
0.243635453092201	0.119756602826346
0.622219262358617	0.365365439865776
0.906409766603663	0.579636086037149
0.69242257430219	0.389732161530488
0.38525302304364	0.195749392241302
1.89684471432704	1.18285920088819
0.298985632088829	0.104469860596434
-0.0029665031913479	0.00159695474649185
-0.237212415301336	0.0748327439790269
1.03204066335394	0.541938484080918
-1.41715831121282	0.800754520508174
-0.598697235378788	0.372413509418602
0.288427384714497	0.126886457695161
0.0981945478545039	0.0327131213909426
-0.776890523892191	0.302982984097394
0.331376330663799	0.178762929979147
0.305123597376152	0.119812313739476
-0.2471561933967	0.0779209600471867
0.604251148369272	0.288491914089051
0.609535698866178	0.307588715742023
-1.29035406233465	0.462520061430364
-0.64001706635913	0.241694749254353
-0.295544580835354	0.142729204190868
-0.911504122809172	0.458795479427954
1.97128408965293	1.53350911012521
0.965592702713445	0.40818084769785
0.545286400011961	0.127906532067442
0.601530358647423	0.283411738359798
0.726701545779866	0.550243131160817
0.682489093826152	0.37925503736083
0.487890243873061	0.210195530376568
1.27887331270347	0.846930905105841
1.05565795737871	0.651071050703621
1.27970186197653	0.702508695930283
0.593284625481835	0.286769706607516
0.456113629415867	0.260013598333978
0.563519148073657	0.210932625353315
0.00624120463056556	0.00176645845508515
0.297145406482851	0.133318088093309
-0.794832276490262	0.316288055635143
0.604753116048177	0.29633275891769
1.2862404229762	0.720357665937346
0.703518165106619	0.309325838110986
0.438328501067759	0.203655264962278
0.972952172087438	0.439623587391806
0.703669980512433	0.31587451596623
0.792989573489067	0.399536604816968
0.864933683538982	0.508795733172301
0.442352419017798	0.213798246078937
-1.64205892651181	0.658622545275455
1.29108321440061	0.792155580078549
0.297686319386695	0.12229592065177
0.231150896329986	0.117883222764456
1.45661855959363	1.08723471991314
0.610247812957721	0.301473632777549
-0.430050891350312	0.173391994743273
-0.404563779663212	0.164552787175968
0.447037131134029	0.206725055289654
-0.241077197761663	0.072571688333591
0.0864477468727684	0.0286754861515044
1.29611048808167	0.508466152656823
-0.463012164682203	0.155301200440044
-0.0956269114377395	0.0314186609995137
0.394874001320363	0.199926419825259
-1.90269046998113	0.895453754992991
-0.27436360914264	0.120583042295659
0.107615608331341	0.0409683758813364
1.29510405616005	0.710387019489044
0.00721601039352863	0.00199363515840127
0.689153019543323	0.273452319700667
-0.0862329128592948	0.0300864518346069
-0.404836635175423	0.169120995614358
0.602456008239361	0.293711856443033
0.869531238050469	0.48233841346464
1.06119971873386	0.640751795070001
0.570335415400792	0.205156499065008
1.07466512674624	0.701090429311661
0.742142376838772	0.454266279781756
0.813155289793102	0.412694200800688
1.78109573727111	1.59670271069339
2.55328610091667	2.70291196112087
1.02408601942834	0.542208430212394
1.71418955232001	0.842991378766293
0.971537182252376	0.437726230755082
1.3852161325822	0.449767700794641
3.66127338027402	1.75758939328801
1.93925039428541	0.766100967478704
-0.644473688910253	0.237883522527777
-1.28300540309424	0.46985272572152
-0.242622413069517	0.0769806307874468
1.02054597209395	0.527536852943986
1.28124675365236	0.675202869613714
0.714885839095059	0.311865601625868
0.312292879128341	0.0913945327623091
0.299059771751477	0.106690879367608
-0.449806099370683	0.154893005476604
-1.46175835409361	0.563608141412101
0.743418412008446	0.226976622674307
0.0807092665018587	0.0278391643967176
0.00348159433903082	0.0014609443039513
0.320503935554356	0.0931219670988443
0.326209545965283	0.0938168495394168
1.29669975780372	0.503274111545444
2.33170385753472	1.48252370991097
1.29445102886024	0.611679631197386
-0.237974788674939	0.0750087781254484
1.01849636166456	0.50580681530793
-0.0848393466716389	0.0291844135751104
1.02669198030296	0.535331406392301
1.29089541196436	0.716260587192615
1.7203681205588	0.816100438941273
0.950376747273782	0.4226512035998
1.28347775880355	0.599759530096851
3.25240895172135	1.40307420120783
2.05228622533283	1.1982660698235
1.03589987265543	0.517114140512458
0.718697457979124	0.315961127887266
0.499006536253906	0.207096726121796
1.29501353742001	0.519595491969007
1.70118001917601	0.793833448685451
1.03345440312135	0.521375742594926
1.29895823824479	0.769779660543961
1.30799116030862	0.512772800018718
1.27197896269313	0.951819510403835
1.56316785420918	0.942855630075693
0.474742861980068	0.199186481029887
0.55083612409948	0.201467886341567
0.94880480381526	0.39820762613513
0.870213483285235	0.327582415639462
0.00713763059336234	0.00212611679198555
1.72040876410359	0.838164948840007
-0.410667988026504	0.172581590690859
-0.4034614256933	0.164326680371205
0.0921872022104659	0.0314546347090375
0.31309776091477	0.102149099539748
0.97170745816346	0.441345174892688
-0.458268525203384	0.157747985177483
-2.82800405415571	0.916370270350291
-0.4034614256933	0.164326680371205
-3.10544605664248	1.08457036666742
1.48875549859649	0.962350262907768
0.751930232922322	0.222847951020874
1.38488871141273	0.450211777140325
-0.253117894504943	0.095219813921113
0.567545398065843	0.205910886978542
1.09708167744303	0.703553149998259
0.806018553800691	0.409251152165225
1.28579407279867	0.704581295564724
0.298377604849899	0.122375022696424
-3.10433890137635	1.08509397093051
0.613649805008633	0.299286370093062
1.04728611070311	0.584002710872768
1.94122060451757	0.773301177260344
1.28639696652137	0.687046299917935
-0.269146739482389	0.0989807820740791
-0.170622506166525	0.0697842646703131
2.11193041129401	1.46638618265863
-1.45848707018788	0.580198349067802
0.311802155235833	0.107797358968214
0.554219728318029	0.2021866666598
0.969975505619353	0.44113032463539
0.0149480141956578	0.00396582610339533
-0.797347353902752	0.305237666839695
0.449843152470529	0.209255096834484
-0.305200396171174	0.153946943642713
1.28251729226748	0.596496153109862
0.706982681309575	0.308053478334932
0.556776307096912	0.205253420093904
0.0990080563249327	0.0329631562378512
0.120090442391373	0.0463096985185524
-0.247891491958237	0.0781066270572334
0.618690324631561	0.304737969989785
0.30065615543286	0.120951000836764
0.672573574382701	0.354941227970047
0.319781666217287	0.095251523392
0.0015547750555573	0.000720021214793046
1.27148574407902	0.724617151106141
-0.159295945477342	0.0657791179177576
0.308185039268924	0.106648763664522
-3.09854591945789	1.06489183316454
-0.0271678033858625	0.00998283708127125
-0.0994736170795967	0.022542834663039
1.56336299408815	0.981124352113741
0.690497671676573	0.296317956726061
1.49948270299854	1.01201558124825
1.61635663489006	0.87867519228364
1.29164578363864	0.597680781631593
-0.515079347934818	0.137725022751014
-2.05021356478115	0.569031985318464
0.723423746008963	0.433390145086386
-4.31157388433698	2.14857381041687
1.25491243209384	0.892812576544744
0.291150037391796	0.115901037073609
-0.111272300889953	0.0363193611990047
1.01626104592191	0.529243920470805
2.70336666934846	1.52055807290311
2.70080453911676	1.02336096831486
0.971207665853776	0.443077513597869
0.556600090640368	0.203586207706565
3.24073059107654	1.43390582371323
0.00962698743274129	0.00270396457970473
-0.276089284960993	0.103498653299661
0.0136517205912842	0.0036607123727363
0.307701038430823	0.105535189836248
-3.09647448091884	1.08882943702806
-0.835662837615585	0.247701971806053
0.546465924658674	0.128383503124171
-0.515079347934818	0.137725022751014
0.88057759822662	0.324891591494934
3.24240681893828	1.42771156811189
0.969013395660795	0.42946100467074
0.473169962110642	0.276020437306055
1.9295547672234	0.769435364746732
-0.447537083155216	0.153904931988351
0.969806999237877	0.419816361651408
0.713152086766185	0.295174197145373
-0.828597086324465	0.243898539550448
0.127872455619642	0.0497754367371234
0.970832673216298	0.440856384176844
1.28626866786196	0.614354404413717
0.86108692982988	0.493939550278363
-1.1982575598632	0.602403586435683
0.327300445681734	0.0942378191565741
0.873940809644424	0.335451005226275
2.69271828248002	1.5602876997545
-3.09868623597984	1.08730133775312
0.304872278314261	0.124239444832028
2.62530030552081	2.40809391811876
0.978390779733971	0.444107527046763
0.86205551474006	0.327454016979256
-0.925401257779621	0.393624438497736
0.543556920660181	0.194277398139288
0.860776186458668	0.323305598192771
0.309732947812194	0.109912703127726
0.12013576481006	0.0469519603883879
0.7044939862929	0.307498553040856
0.973181294989819	0.442850417266613
0.738355836787058	0.228487450174743
1.72444862281472	0.824909158139568
1.93725201045493	0.788334484788622
0.545286400011961	0.127906532067442
0.135804275376487	0.0588422938467626
0.971207665853776	0.443077513597869
0.540663880117392	0.283299307655935
-0.0199708527092443	0.00762309817659459
0.138382206406492	0.0523786814966709
-0.832069625663695	0.254252617003816
1.27871568613884	0.688113666048269
0.0128775487639714	0.00353990912076751
1.06653729553677	0.635990578533019
0.95642665302948	0.429250803018563
1.77803733010316	1.61310207776956
1.29078093510794	0.851367644114402
1.03129581742943	0.5324657575976
-1.00445530662333	0.578030679386006
0.879129326153264	0.331203265714694
-1.45584302237519	0.560922149886694
0.285690061616452	0.130953956545433
-1.08487307460486	0.516970251687221
1.28626866786196	0.614354404413717
0.0924159222909131	0.0310650694177018
1.61501838769544	0.881039230040953
-3.68818733939199	1.50113592035426
0.707103838540042	0.296122793588343
0.477463244156635	0.186810435578635
1.29180242426246	0.600353956984798
0.555492691623485	0.206071394995507
-0.942829822562098	0.405212599422346
0.681991720630496	0.365413539240533
1.51580305078261	1.00780612030369
-0.520644673111812	0.138109482713933
-0.776941111050945	0.304422595219828
1.70470208789108	1.32059621101062
0.434936350889493	0.198976923194956
1.29548102727201	0.500224782574304
0.448853884873242	0.208437194933614
0.552728312940146	0.204858330511584
0.737392207049736	0.446856286798317
1.86227459852956	1.54913940194774
0.296036721361282	0.102156887145219
1.69351898949615	1.33200647442951
-0.104566802928621	0.036277081368195
-0.437255866049067	0.148606661616553
0.747330194808957	0.467865231760557
0.134230044943343	0.0494104202404656
0.133665032984841	0.0570203675576119
0.913302021298932	0.567193269524506
0.299998876439761	0.106399477185425
0.450816938271765	0.212413701260342
0.600373893916095	0.294455436433455
0.0901219322917741	0.0299911170118929
0.00713763059336234	0.00212611679198555
-0.107615638955196	0.0369600953543985
0.315904858319612	0.0906719899454981
0.741703403287808	0.227480384928699
1.87492520164159	0.596544505245442
-0.445921187412261	0.153465254623103
1.28579407279867	0.704581295564724
-3.32291224913404	1.22391735684743
0.295893086336242	0.104402138103981
-0.443503145206976	0.153630551945751
1.29051129285321	0.592315279258268
-0.102764710439733	0.0454594123128194
0.803412782906492	0.394277467536881
1.29329960917392	0.504317970016831
0.296398102760327	0.130855604385044
-0.112468492342507	0.0496738876138712
0.12013576481006	0.0469519603883879
0.298496238552927	0.1166719026007
1.07908914839598	0.699812157740286
0.563519148073657	0.210932625353315
1.45638866029189	1.09597312419446
-0.0892490194884388	0.0304445416550057
0.872868568433269	0.335906314973334
2.97378432528305	1.87226693517034
0.485875559089731	0.201432525667945
1.28285043168463	0.66474733396444
2.307565181222	1.83252353742596
-0.230355191806055	0.0715834026633865
-0.247574904940385	0.110978975121213
2.30162050775159	1.7935607142501
-0.0902457760143361	0.0317934729066171
0.319013553204546	0.0939803950694869
0.61664736625705	0.29790625684573
0.313960828573921	0.0920614225806
-0.270146218736041	0.102570513006399
0.0934893552686224	0.0317731553916026
0.589413324598106	0.274008578915636
0.702527184369662	0.308627168281151
1.05861183838195	0.625384077899339
0.298693417314379	0.107292994882557
0.562929792440279	0.205790146683062
0.961527941057267	0.438388173793819
0.86242598490579	0.318738601358782
0.338002394460367	0.18934753899776
1.69063876346633	1.2757254291678
0.674816985885131	0.354663445335454
0.545457891710209	0.194106424506974
0.245828825026431	0.121859657960642
0.955420912680951	0.439539631319969
1.02937848187681	0.53586104876816
0.966723749442522	0.437789753679784
0.327130737736728	0.0929907722561203
0.875844030305876	0.336682424821453
1.05574486932434	0.642811789586154
0.749183301148088	0.438825830425889
0.282843951450438	0.128137097459922
0.881137788874344	0.534716293958141
0.286162594599138	0.114369208633474
