x	y
-3.5134917290528	1.36974037157449
-3.68567211452441	1.43097306882035
-2.83018604355835	0.915523433166795
-0.101789050479357	0.022868379633766
-3.5148724171849	1.36272336967423
-3.32001561112394	1.2286468506821
1.87110733943015	0.599602400649659
-1.08759944251105	0.363309583910467
-4.07807577598854	1.83220273253459
-3.3297814604609	1.20159573453125
-2.8436786365212	0.897528788955238
-3.10447167066501	1.05661139143271
-2.82570625121832	0.918479199567565
-0.101789050479357	0.022868379633766
-2.82455863670409	0.896736460929173
0.29671138527644	0.103401632303911
-2.04902373026814	0.584535062964325
-0.435297752883577	0.144119373786113
-1.29313272175493	0.46898865804936
-2.49779134618292	0.753762077506182
0.0195121202163865	0.00493888572082244
-0.520104445364255	0.137370661910804
0.318143538060255	0.0951754671461897
-1.08328339450837	0.370848428206928
0.548332676093981	0.128537566389422
-2.49231208841664	0.741884845199983
-0.836634894627274	0.257543939751531
-0.513545588916538	0.134680065307493
-1.37855256949683	0.369087290450251
-2.04902373026814	0.584535062964325
-1.38476212339261	0.366878631153991
-0.51812082156918	0.137106412514332
-1.37736686643192	0.369817212053887
-1.37736686643192	0.369817212053887
-2.498964405108	0.767925687647617
-1.2847962072682	0.46060563068131
-1.38250936278202	0.367021552852188
-3.51136787314652	1.34167387473063
-2.06284972653458	0.556417435006898
-2.83133823353176	0.934971127868472
0.750616379759355	0.228057597960547
-1.37855256949683	0.369087290450251
-0.520104445364255	0.137370661910804
-1.37736686643192	0.369817212053887
0.745703811636536	0.228481367728924
-1.37736686643192	0.369817212053887
-1.37855256949683	0.369087290450251
1.3852161325822	0.449767700794641
-1.37736686643192	0.369817212053887
-2.04902373026814	0.584535062964325
-2.05433974854713	0.576107769870825
-0.0933464908639628	0.0212702965815671
0.541100401848291	0.127818857380943
-2.05433974854713	0.576107769870825
1.37992663094243	0.444768794438503
-2.05650312187694	0.572642061324397
-1.38476212339261	0.366878631153991
-2.05650312187694	0.572642061324397
-1.37855256949683	0.369087290450251
-1.37855256949683	0.369087290450251
1.87110733943015	0.599602400649659
-0.0930212583066807	0.0212077808526859
-1.37855256949683	0.369087290450251
-0.522739884222163	0.138889648292059
-1.28810247494672	0.480815408735924
1.28239869630109	0.585662195905923
-0.461305327905739	0.157592438112047
2.70103916327475	1.02243498183666
1.93400096432528	0.789526308766741
-3.5105880644975	1.34597780163031
0.544175487457479	0.126874637564392
0.548332676093981	0.128537566389422
-2.50108453829271	0.757473465243405
-3.10336310613868	1.07624884357692
-2.83458329559744	0.91634542093066
0.552897294220836	0.198667774290614
0.010462914842726	0.00290142793000505
0.00721601039352863	0.00199363515840127
-1.29365563241636	0.47652004785956
0.305937094436119	0.109657015375102
0.869688339014639	0.330345133683594
0.321596831485915	0.0953901221130846
-1.28810247494672	0.480815408735924
0.541100401848291	0.127818857380943
0.311077595700536	0.107486520096188
1.28769304219518	0.49398464612106
-4.31518802492122	2.0917283373822
-0.528357476837837	0.138974057943311
-0.515079347934818	0.137725022751014
-1.07652621510493	0.353950179594174
1.37981396507491	0.447741419807757
-1.37736686643192	0.369817212053887
-1.37736686643192	0.369817212053887
-0.0930212583066807	0.0212077808526859
-1.38250936278202	0.367021552852188
0.546465924658674	0.128383503124171
-1.89742456366904	0.920154818315901
-0.064199377520801	0.0344512439892758
-0.638266906430148	0.350637972252487
-0.566969232849367	0.246577393079586
-0.628952320356525	0.234888797264658
-0.819520856665099	0.489462649776015
-1.17960975868567	0.559832733318018
-0.534829666791739	0.234670524082997
-0.923192276809629	0.46384419575936
0.13244043488227	0.0632499748125289
0.728409700435174	0.43980624013455
-0.265261327478612	0.10021913787191
-0.511017673121608	0.288478322146028
0.245035139597479	0.128255994484014
0.294495664930633	0.170140445618718
0.373139955011041	0.17281801872612
-0.760556870188774	0.513053371645011
0.677209771418828	0.369503129651819
-0.677084759525398	0.32868243686754
-0.918348292346368	0.68771009066501
0.136504790685591	0.0712882741854845
-0.815622268075947	0.496991690359694
-0.598302517110211	0.410372288014275
-0.0841697065046011	0.0290668052505688
-0.26486510148617	0.101491187397504
-1.27062832912063	0.859595126379757
0.614572095916229	0.307804394362723
-0.930396022374075	0.396316821248003
-0.172922675033985	0.0724552674774606
-0.459499522807888	0.15827624095221
2.52973441573281	2.72866494384173
0.516552480579452	0.315396341589764
0.302658215797217	0.106105194604731
0.563866036283424	0.198608931749114
-0.238774999925456	0.182711334830406
0.0197345729025977	0.0101951501560718
-0.640093162233549	0.408685884122384
-1.50983210278556	0.893128775156191
-0.530704462915086	0.304703982551733
-0.684036099225143	0.492346501516791
-1.0682356278826	0.744464572583971
-1.13960216875398	0.980123042652324
-0.277596353742662	0.14928888491029
0.339978647823133	0.1869474797171
-0.132814419609886	0.0581791221510084
-0.229332926700745	0.173454772514534
0.948218787114947	0.95056003262348
1.08646453834957	0.82547897035609
0.84059933885185	0.650094080558346
0.542835938165872	0.335559559797915
-0.725464159157032	0.428662631755261
-0.324070167664967	0.209409543246081
-0.585878805514357	0.356977561463163
-1.33036368170809	1.04506803084327
-0.0958615551170949	0.0437121422117272
-0.613173162897228	0.37259314776172
-1.42489725499037	0.805810161586109
-0.341494841573496	0.194862441912194
-1.31130405411506	1.06597685575446
-1.32146316796117	0.711807243276604
-0.297969966271001	0.135730072560611
-1.28093730756205	1.02516916117184
-0.17094716743662	0.0696253679072003
-1.49466374666004	1.1449422475087
-1.79327869723192	1.25097136297431
-0.402883938177467	0.257350483952468
0.0597287575415424	0.0357232490047187
-0.617766281740176	0.331911670735524
-1.01892422386315	0.552271050967436
-0.609726966017343	0.366464514267372
0.250082368029883	0.130306458475207
-1.89214379547402	0.912750959378481
0.678031528476963	0.360858456516784
1.35420855911488	1.24684475472647
0.00261791829491803	0.00136001677455243
1.08750519219661	0.807392480187539
0.272873581315528	0.187614992117222
0.730410948910463	0.423904112582597
-1.62178763673013	0.694441352855692
0.603123409048664	0.348500320650071
-0.253546393564115	0.143533151735783
-0.989985211928881	0.527600980416673
0.121510212953059	0.0648058498845703
0.518718808707392	0.318204497217453
-0.000237665820529506	0.000222716625011618
0.699365252197043	0.301715217398531
-0.332686008831352	0.203983036574711
-1.42764005297608	0.81907500102039
-0.0300128009027036	0.0113326166246387
0.92368768357404	0.677061936132547
-0.791942651982111	0.472240707741773
-2.03836801209344	1.54604563475009
-0.291471636698902	0.131974456258148
0.854937952522883	0.47399998123864
-0.504535783714216	0.256658974587485
-1.180449339331	0.895443964047557
0.298612165177891	0.124513273246099
-0.469915943869785	0.315111213568179
-0.2407083979011	0.14010900621706
0.357251922650745	0.200674131275523
0.134258667853982	0.0527219002374871
0.643283534048278	0.413821202782868
-0.202183048683376	0.0984477696878937
0.953592208340872	0.867404321751199
0.866235575832573	0.490326189242067
-0.00857341778139838	0.0040112107630525
-0.0900319862601437	0.0387102149492391
-0.615076381695508	0.378420048274777
-1.43441121447471	0.817358520215906
0.34168394549462	0.275082582128992
0.48091467194084	0.318913698586857
-3.05299233031466	2.4854232413123
-0.133557576863416	0.0567458090391775
-0.673239463207774	0.426561916349311
0.117920182304187	0.054102734267926
0.569515295340999	0.387784525562057
0.69098520286546	0.373194196195473
-1.76154228332206	0.791853478651286
-0.242324754019131	0.115109350303138
-0.300931453108075	0.145507072750586
1.78059074452103	1.65910051685691
1.25478903345478	0.887097506944089
-0.793594058857319	0.326654540726537
1.08506865405151	0.720288688939872
-1.02202892407147	0.58687857420425
0.266544139903961	0.122554153018022
1.01376190110941	0.528724746765092
-0.280938140136351	0.147593695827409
-0.605416066340539	0.409585940151608
-0.300175785092171	0.130530337215411
0.0150560586224139	0.00826356284764957
-0.0469811748946205	0.0238395930226337
0.554241579320035	0.364892599952961
0.391970952216629	0.219642190123954
0.360474559267765	0.197003797432549
-0.0552540767821635	0.0274500582467688
1.89328499195338	1.22712716285416
0.0124613903114621	0.00578989467315436
-0.114804337458818	0.0386804701224804
1.03692796183095	1.03522496263289
0.445756532375501	0.2471835188745
-1.34529778843732	1.15717715804484
-0.680981797464146	0.450074323373071
1.27023077899592	0.933629585856656
-0.31613793393054	0.162646601195457
-0.295443546977473	0.130762252813405
0.69841368356512	0.523364702824635
0.931034833610454	0.621145078916978
-1.45988972273975	0.580992914684139
0.112951183615896	0.0431991607731417
-0.406607842924153	0.192144449318682
-0.516104627218709	0.295745285775072
1.27070158341704	0.864033745112045
-4.32692247598404	2.13557158172036
0.864202422762881	0.479285989381397
-1.32196258823023	0.701227531891301
-0.185892828406609	0.071141416465921
-0.804181946773628	0.476626505377348
-1.00107337898247	0.561981365927331
0.192383680787661	0.149357236045889
0.0857631041573053	0.0478788550991383
1.20565174097206	1.14999318327432
0.166730021959696	0.0958253926610742
0.737833135099832	0.615563938685209
0.0924776459403022	0.0559491964682208
0.528074006587412	0.330015711527022
0.592700974584241	0.353910200171812
0.025650127553839	0.0106355112469081
0.764692141562382	0.670006630295145
0.00621738128128092	0.00365336942398416
-0.157021310864563	0.0659687413811662
0.298384725313538	0.176001330162335
0.74024161047982	0.443906419209829
1.07671173712582	0.82074037050286
-0.286199125903532	0.217475688858505
0.142663391995476	0.0618578885206817
1.08570444501322	0.695206588104426
-0.207441232967819	0.125112575538896
-0.183754923923305	0.0718785034966432
-0.929012637977585	0.587157881345117
0.602312860189034	0.357281576644205
0.657891998589828	0.428288159272121
0.208543251422505	0.120396591836853
0.836317773643381	0.655482236789558
1.09837989665919	0.826011315782084
0.209745994252659	0.116941535258757
-0.897825307823316	0.471745984213259
-0.796689366346444	0.505980912905693
0.555386920049917	0.367726343458657
-0.305869809462244	0.195511400080004
-0.31126010800465	0.137517239441481
0.15050503948692	0.0659233904740741
0.579636997338953	0.330330719706495
-1.07718406921551	0.769757039547838
-1.62692905610279	0.998433470413906
0.00532409766896052	0.00284907391713779
0.382949468356186	0.238615052390897
1.25692890174838	0.936137329681248
1.67323466639491	1.92324280501553
1.77699128481324	2.26843877713664
2.30646111473261	1.7862429592601
0.266640226361698	0.131123057210505
0.917933331997878	0.679233252567977
-0.664408170542732	0.307274582301376
-0.695308061404922	0.439097487050157
-0.385534372397448	0.217850229662498
1.82820664874009	1.80900771270225
-0.549706591299353	0.306081558934451
0.099990694137659	0.0643385619858682
-0.890599176492626	0.56058406795736
0.414772166830171	0.191157433366446
-0.134749049228132	0.0771201742061135
0.291039385997582	0.134848319604389
-0.324201959568369	0.166972627005387
0.109312730464927	0.0417354165020516
1.27102205198489	0.846542297299904
0.438975446254237	0.213306037738924
-0.285991947904915	0.123862530858635
-0.567394314743691	0.248592629002126
-2.00240164879969	0.989290561389868
1.28031316188076	0.598820967699884
1.06842742961682	0.685101825159877
0.0221460627376963	0.00909949395297663
0.0162006504466553	0.00669743131382644
0.133456915280747	0.066860271276279
-0.0691245489264561	0.0427214417269037
0.426284923466767	0.19395732234638
-0.221719198380201	0.130550565789323
-0.12838886741212	0.0561832920230395
0.110289542668372	0.0501581411222827
0.158141840790881	0.0758487344717074
-0.828331450028294	0.649918090732625
-0.772374616786631	0.382489216448009
0.526821333328384	0.281619345435032
0.343195202122118	0.189976774436036
-0.320669826991012	0.16028938477989
1.09462058254575	0.976178991045736
0.181190356766182	0.107887426791779
-0.364896857673216	0.169134068503192
-0.718865722529479	0.412291410501644
-0.264577614293209	0.100228047853793
0.144331566057506	0.0914290517263941
0.510070115944861	0.321251427588427
0.312588485841836	0.124102744809355
1.92281721617993	2.11581436220369
-0.068379017713791	0.032848718152689
2.0265345558389	2.10538794938553
-0.609979976538096	0.418971488906071
-0.315524336913625	0.157793264893431
1.30160461671013	1.3615527357068
-0.0175238628339385	0.00686621368774972
1.07190267486435	0.751269480324404
0.344358084147339	0.189566113329801
-0.257903761019074	0.137125052686304
1.50976002340381	1.36087063599666
0.105169873604351	0.0565772051909117
-0.995963015937031	0.677698035062149
-0.905669441563482	0.636529543130898
0.39436825841667	0.224594845594569
-1.08660222821998	0.630652004515302
1.7644111976063	1.54506349593572
0.464775898441023	0.265800797020235
-0.91362672428178	0.551517427778564
0.492873848355699	0.209490003575353
0.42569142970171	0.19719988835235
-0.45770129551155	0.155124206266547
0.649827111096482	0.413288402692727
1.42794802321732	1.13726497523617
-0.551761328838149	0.249770305150997
-0.398390090890801	0.160798916900378
-0.221717242923032	0.10633355214629
-0.348764559215831	0.20050086718632
0.0431142143250258	0.0226941882237983
-0.422151436179816	0.231957223341834
-0.396894187125056	0.206382757288976
0.0443617610425412	0.0214979914205418
1.64981276890039	1.70545657171787
-0.606540946388854	0.325655777546624
0.336196237500141	0.185712870636896
0.0662365043615881	0.0426514781100692
0.956590022518863	0.431289945464612
0.0201972480097009	0.00824123094956973
0.338552840778099	0.207062189797794
-0.456101524966327	0.30734255649341
0.833166092190751	0.694409618936753
0.521452285611343	0.273265025966109
-0.626329860317081	0.335926826550684
0.144627570812029	0.0702399550901655
0.0408558375642617	0.0187791660553917
1.19783457737059	1.15685674212235
0.124158059977751	0.0473019733193353
0.251405416662158	0.122378304049347
1.16343933420942	1.07842749484487
0.707911424145209	0.313874728752261
1.38629018666871	1.51205818476653
0.276953369950285	0.126434213789705
0.784648530304425	0.528561813014882
-0.17406662076711	0.0896875832346475
1.20325999236373	0.963280253345658
0.353411986220957	0.194634581321594
0.804589560538365	0.568901663094294
0.785819110323737	0.391019437681544
0.00278024814707665	0.00178914921752785
-0.0301560394156064	0.0111092307633806
0.887842324086244	0.556220732409291
-1.60893048996856	0.997954575320263
-1.41118869940539	0.783674760697435
0.440574840029547	0.233178712558176
0.308014868618457	0.126620017821096
0.585524405469972	0.342836731204909
0.44082843347777	0.241642534221643
0.353486095138391	0.193059427951497
0.804256285991509	0.408689870055405
0.936037308123975	0.695709670343932
0.152766803191271	0.0657797457134006
0.924198546103363	0.631542366251609
-1.06803633157323	0.497477287668042
-0.541110185303077	0.272448200771419
0.865506224841631	0.500863192906479
0.25032325700158	0.121107034304792
-0.544472903776392	0.237333139630078
0.245521803770218	0.131409586190227
-0.735999327962114	0.425542700156676
-0.0809079436250953	0.0420408981397003
-0.323049260805401	0.165990737353508
-0.411194984329005	0.221822328078195
-0.106540757454858	0.0475679595050929
0.518967520725485	0.376191611206454
0.893588635089862	0.557103326960835
-0.432581394480658	0.262989642308932
0.128982308577805	0.0573685030760984
0.127113729794653	0.0649702787489342
0.536118906958574	0.328595792179356
-0.170835892913792	0.0906125414610897
0.387170217395844	0.271065886667624
-0.394286995514816	0.257772549864121
0.507553416920474	0.298607055699507
0.672710525960761	0.362289513969511
1.27275811014097	0.941372329042525
0.142738053335972	0.0631745432724077
-2.682609605456	1.80385893950551
-0.826946456189678	0.588143504608137
1.09325315992514	0.770901334662078
0.603858255645511	0.358642298029614
-0.270773783441561	0.146955186915313
0.285898232482859	0.116683406274404
0.211291021478073	0.119362101576702
1.25780539487755	0.919469446428134
-0.842571924989078	0.513725675834813
0.0866926811000423	0.0291336214070509
0.145606213172332	0.0645486595594271
-1.14914813547776	1.08632514703109
1.01960668922607	1.14534857954596
0.497868497729593	0.350960677685478
0.786316933453534	0.534675525096545
1.0698226250275	0.753189421200076
0.393004527333136	0.203407939625457
1.26118399012952	0.932408705852644
0.344358084147339	0.189566113329801
-1.54489636453698	0.890753157003156
-0.400328628322623	0.189294278999921
0.0150716307661219	0.00632551827119325
0.0111568725027582	0.00476831713855934
-0.300535147538269	0.13507099590535
0.698835969754317	0.306841646560555
1.60130722476658	0.880737022534795
-0.0859570441590976	0.0413930294267022
0.487396555600168	0.200183206514479
-0.295945490296237	0.12676896749578
-0.0382481640784771	0.0139707997733919
-0.352871355663683	0.236112988556589
-0.61663590718052	0.331491650646853
-0.00820549953799849	0.00284646384523994
2.13790061884158	1.88375651381672
0.379400159234984	0.193402210307743
-0.308247135881519	0.133064330220103
0.391039295572872	0.228613454281978
0.133425811518962	0.0575107288551473
0.432173957682176	0.201720574010236
0.407973287018859	0.278540007476638
0.123287292424134	0.0482034942484921
0.486053413603016	0.205673170802452
-0.4289225244368	0.172503034368626
-1.63599438613588	0.683116542888871
-0.416332292898904	0.201858831911597
0.600520399048955	0.363478506749057
0.580128280165192	0.333891249436049
-0.0516108574529193	0.0259441095990108
1.09617795419813	0.774394162626995
-0.279019230713569	0.121207518731995
0.538702094032632	0.341985207482634
0.26849308244626	0.132483557705214
1.61095103428337	1.73824218696267
-0.407817963886033	0.16902271819855
-0.161973595968944	0.0930251834596624
-0.792290350299767	0.412807474120998
-1.62067093781485	1.00621065751166
-0.371434021594165	0.214860650391241
0.272837289522451	0.122698477277399
-2.13326196779618	1.08181508135445
-0.907553912834179	0.601098994307823
0.331831624718284	0.177134470882498
-0.810014174917539	0.402207450970696
-0.0957027096313858	0.0335605978005346
-0.701791872336698	0.44439674022833
-0.799707865380422	0.327749122568086
0.0249107788367656	0.0113581733165157
0.55999922739589	0.199694461714473
-0.821000525027248	0.503842242527994
0.586166215339829	0.397371472055893
-0.805129979652027	0.328345786940753
0.017979073648316	0.00466661923012803
-0.0967443265458017	0.0330846069883817
-1.3209157277126	0.679043525642302
-0.403332454739102	0.195798084959717
-0.327985784663995	0.166316256822693
-0.263441411440028	0.0985839241466579
-0.610002582273949	0.370953757967409
0.109601258371238	0.0418875320652028
0.126285012832829	0.0595048483697721
-1.31722187262183	0.702212773119629
-1.60166470088381	0.996283515694637
0.00971855548873152	0.00537263532186536
-0.394630116666224	0.158768361831491
0.378494553160696	0.242388629385124
-0.297367184294843	0.132537024371584
-0.639764767801616	0.348963955754642
1.66185021168279	2.24678988067999
1.12982020725015	1.22481648716073
-1.19629008846482	0.775450060990193
-0.675523015657071	0.324695305226455
-0.0952158971806086	0.04528194544138
0.142508972315978	0.0616660837401157
0.86467747208956	0.491787485506263
-0.61314767482063	0.354220006614102
-1.76752959754986	0.808060739008649
0.139153236370921	0.0662800250378847
0.330758331787903	0.197402004051447
0.114787564175246	0.0554583493616448
-0.306071605058072	0.152801034003673
-0.267807009862339	0.145751694857824
-0.144403553621277	0.076939246405545
0.270350599900033	0.117038926656771
-0.805110763867268	0.321328325666971
0.152809461766057	0.0644197309682016
-1.26314457150112	0.847868312546883
0.137110124490428	0.0820734423151762
-2.02433365479729	1.0312359589468
-0.660928212575975	0.479438583119691
0.361412294001848	0.200316036749468
0.323957942233261	0.167833826891856
0.605792484449755	0.294210025692095
0.933561045381061	0.687274750456027
0.0152708444508174	0.00622390465327411
-0.557466282983836	0.264703173684424
-0.91227669740109	0.499016013399847
0.342432262193448	0.189467555709393
0.954333101034842	0.419881292569691
-1.11415564223546	0.600815226583101
1.05188897619441	0.634684853383751
0.804816466658208	0.397168594910354
0.797917382245025	0.400902601605751
1.3497909675992	1.24819287929143
-1.10139708357145	0.669364666807143
-0.639046662153716	0.34932039395331
-0.077869287858102	0.0372821026577933
-0.107978824526178	0.0545566876084013
0.029303588499423	0.0134367502323079
0.31786360723918	0.183965770938224
-0.666184670718088	0.316881523287349
0.70722439693105	0.29946631469199
-0.425864040538677	0.237715047945947
-1.43354532851454	0.76421903432563
-0.40062821157918	0.197180633975623
-1.02827113760765	0.582157420884415
0.444781948292625	0.203200847789042
-0.031956608355	0.0198265461576503
0.527758582682635	0.278091663095547
-0.0463737424283708	0.0171089684077518
0.598903634746549	0.354418174652703
0.136238406221102	0.0597166063982393
0.11288797385767	0.051994817016207
-1.317017994011	0.698751240046606
0.89550377827395	0.564142327701026
0.802392966152363	0.567669146060078
0.135701102631964	0.072377975293804
-0.311595158489994	0.154324905787134
0.12269784518853	0.0482795689625254
-0.681715637598334	0.327045073752551
-0.24842085362231	0.0917140525280431
0.42928416632363	0.193772025541834
-1.61679540852867	0.681474236997958
-0.434934567708659	0.173788886015668
-0.154920667692654	0.0645206319022052
0.596888155485066	0.340847713772102
-0.40203587379567	0.194193599579988
0.442578087653155	0.212455591424989
0.116884799671917	0.0452873915811292
-1.90258194234799	0.91695460096304
-0.410059447249398	0.196517778166438
0.353813896560111	0.214022149839485
-0.430744844515076	0.198833217091694
-0.83512249014641	0.499397011257242
0.122271567696912	0.0470760242335243
0.387909914680664	0.197290004333846
-0.629196080780963	0.334059362389782
-1.10430311422212	0.67077324379269
-0.551067415125997	0.245796232256359
0.82466811314282	0.620607457533184
0.551450793636633	0.199123470518551
-2.44104870339482	1.52231689880717
1.28636938282919	0.676754348655456
-0.428106311976114	0.167557903061867
0.00112218195090535	0.000774245296953195
-1.78406651322111	0.753079890243661
-0.795751577284946	0.327260281268662
-1.18535273225696	0.562538522784735
-0.0941045747581617	0.0447431528401461
1.61671723294486	0.872460347679096
0.285643285442408	0.116941030550493
2.92793223269463	2.6011655380006
-0.725708491573954	0.408983600497609
-1.27595476899705	0.458993065717904
-0.797361266420393	0.4054255356653
-4.10547676880955	1.84849028325221
0.0914747002527568	0.0307765615856386
0.919095675338045	0.635365316570418
-0.44867715743217	0.15420300550006
-0.677207369285267	0.316909049191716
-0.54466817020121	0.23490987794682
1.28004919717866	0.785102392760503
-2.23108868677865	1.2525168637814
-0.950121306010724	0.419194460825588
-0.272045343847947	0.101781059057299
0.257852923255071	0.126578103119699
-0.938796428804177	0.400545689726265
-0.184918494373705	0.0936090221224009
-0.105193929857719	0.0477882892171788
-0.805138506103912	0.328344166912452
-0.0982083876780528	0.0338636575420359
0.934552277678505	0.691472027970176
-1.42178348888441	0.779588013314402
-0.428366279699135	0.177227717248098
-0.563303622405368	0.252135623566133
1.27584560814436	0.82850355605726
-1.08159859302741	0.3563307873072
-0.239665675174267	0.0758816081140354
0.328081123848185	0.0930774194558087
0.0703084450702995	0.0239596891405515
0.416660421940659	0.189412524253341
-0.744823522378027	0.414802046139988
-1.10794866777571	0.666597492017227
1.23286446216063	1.02266071819156
-0.831974893269606	0.252927992747765
-0.404451536969722	0.169794392302648
0.00396270932064349	0.00141331822320185
0.812012070869732	0.408197674904797
0.608681528985653	0.306891432944731
-1.29663214156457	0.681739841334455
-1.51960750657398	0.887422423393881
-0.0294390599423803	0.0110452140467534
3.24272896954597	1.42547214627273
-0.89445666582387	0.552403027871973
-0.182712966396611	0.0751774435625762
-1.51418175384047	0.890780139185534
-2.12674120079347	1.13065138585739
-0.805314072176746	0.530517264518524
0.535964493128343	0.279906886066305
0.131546014540088	0.0575971859560229
-0.336819811100256	0.165855811547624
-0.00549116052340291	0.00262760601709394
1.09535990448742	0.821732280902849
-0.215656401860217	0.104893213937386
-1.20770259913725	0.60285830172918
1.50186159364536	1.04844807565343
0.11691766993149	0.0588853978470231
-0.617595452033205	0.42461344788881
-0.427698425490176	0.234248450957556
-0.36656854285892	0.204554322541521
-0.522959141423941	0.255692023129694
0.475664116441663	0.1994426072255
-0.335674191282226	0.170173710848436
2.92207197753574	2.47758539292898
1.70086933432506	1.6651431191369
0.860706140190823	0.476376322432595
-0.566746547201352	0.24965389560889
-0.536035870869801	0.268638188260996
0.485875559089731	0.201432525667945
-0.901073196367755	0.493074651480675
-0.167411681211682	0.0693596896888662
-1.20826559619162	0.615156119438562
-0.266319106046704	0.101430728385422
0.319235701030726	0.0941325908845634
-3.8375142842007	1.63330589210199
-0.101816997733816	0.0350954094383563
-0.105684659616116	0.0474309604838365
0.243441649001224	0.12084236642159
-0.026750535510662	0.0101528743190375
-0.265269001543809	0.100776618720965
-0.0885441405419856	0.0600152238282998
0.499538799427199	0.431674997782675
0.0369819568450496	0.0193791328430385
0.860711555904308	0.825880598967012
0.46778234697359	0.340591924003253
0.932900765998467	0.92799128616309
0.960069363346575	0.881505662695233
0.0945241862741542	0.0641838309384026
-0.883501229525509	0.797919513739016
0.317366466162051	0.281062984346451
-0.89449624221562	0.85820899483293
-0.592309323867682	0.408228055735121
-0.367194264130019	0.260883154563672
0.830253092807252	0.697010595279246
0.250571143353135	0.124878464214442
0.876699306679625	0.519625522058307
0.184951720697781	0.0997389287667751
-1.31735037563672	0.650677815235896
0.478521356262032	0.310283271594338
0.426800216915754	0.260204038990767
0.992413175126175	0.966283848947811
-0.0571401715011975	0.03499204239642
0.746070322518621	0.610490963656377
0.539726334172763	0.408350081777383
-0.541229404709091	0.344687248379953
-1.27125491071292	1.19152962584518
-0.404334692565032	0.195058266289731
-0.28325149353004	0.125389766224173
-0.0420357952800052	0.022645806070333
0.642127956163891	0.518792716452412
0.557975179296925	0.374880464942436
-0.517821083775603	0.286563317938102
-0.0918129819989294	0.0564250941665074
-0.209823263648891	0.174733422412224
0.00806078714555227	0.00457694407966519
0.290559238464589	0.168453585675465
-0.401520475637587	0.277155967981394
0.826199429254911	0.737786079268834
0.273485826554712	0.203898546270608
0.0244139781539246	0.017067564933519
-0.815828173084723	0.638728516825766
-0.00911313708180556	0.00455235599640679
-0.00897320206324158	0.00303358470534421
-0.782027809592159	0.822628987292605
1.25086938292707	1.00095758784916
1.58335174490954	1.68904939965554
0.839412188515496	0.662649542884937
1.31210030924428	1.60246324611516
0.287671835171582	0.161130042930396
-0.219604356182231	0.134953284283237
0.474801154202829	0.429122978714645
0.743157496455998	0.670984632885433
-0.838496584046448	0.595650098098398
0.024420956663707	0.0130715587075522
1.05970052891088	1.05508247740978
0.358828776424045	0.217348128646503
0.940889621845972	0.793469029921159
-0.163820586335664	0.0844780972075939
0.814260961719972	0.591291136680239
-0.163568063756261	0.100309588671291
-0.223365189355703	0.143783850474016
0.134374942517616	0.0688421723911191
-0.428703406186714	0.261556524373519
-0.254726928492192	0.146719404246917
1.38967344426199	1.19207452000258
1.75353572238446	1.95779500784562
0.477302671434638	0.322062154095692
-0.173936438822144	0.0863104220034058
0.419050251678572	0.259604241639528
0.255566839791555	0.126946924419315
1.35871679361439	1.84931183445812
-0.218883182340776	0.123890164708027
1.08630786118292	0.845545776862263
0.705646715956816	0.533651899794629
0.126297934183493	0.0645186588353344
0.964046460425126	0.805475129726476
0.538537634818728	0.429705783932249
0.402607664357611	0.238848484545674
-0.504846743267875	0.257956529083152
0.523534272536521	0.378906176749949
1.34269322012652	1.27655106763946
1.29212351432708	0.700145179866687
-0.130036003837521	0.0564221774811886
-0.807213102585199	0.322243550861496
-0.63748737917422	0.240134896217542
0.59250425615837	0.403034330296388
0.213235204453044	0.120979750667237
0.531276374084941	0.281445241884988
-0.229333532061985	0.134915460858306
-1.0215901967642	0.909718647413094
-0.454402163258654	0.158245707184904
0.438257200564382	0.232898552051276
0.0279759135681723	0.0128382235889955
-0.276837197364398	0.102725143296864
-0.0904558913084028	0.044063966474436
0.0738080087627841	0.0443078790541052
0.18282314058141	0.100227472417833
2.20797424886189	2.95247038904762
-0.298591278990963	0.150701467036401
0.906982183385028	0.566236758503573
1.60886057834168	1.48994448363211
-0.183319414917358	0.105097173007633
1.85453315246665	1.57120222875259
-0.277177417338213	0.122237451116332
1.47448493538478	1.11572117378527
3.33966649499593	3.39849821374187
1.56778439725243	1.35090327976681
0.521980412139316	0.267957808623487
-0.0974367576511081	0.0342471371521949
-0.41935482323112	0.195515982452508
0.220430034808476	0.114504259707903
-0.259492142210405	0.0993236992219954
-0.456937663594984	0.14856509156903
0.469052680478425	0.269821434503803
0.804248055556711	0.810383730868775
1.89823183973709	1.81361252177837
1.25917129272955	0.975928965004836
-0.220997361515197	0.104729613696168
0.438911838247827	0.203129660132527
-1.19477082165503	0.608957743045935
-0.456859140472936	0.156179151983929
0.879129326153264	0.331203265714694
0.146840659777298	0.0559360960386332
1.52399469264866	1.42781373568298
-1.06768241207154	0.491164383834702
0.598377592681839	0.291029823632186
0.309832724387647	0.110305655091749
1.04732860032773	0.59342740061087
0.00609420048794187	0.00270424595803661
0.540545753574185	0.284694751173231
-0.251043549447861	0.0930371597172879
-0.100547212474577	0.0438158553842762
-0.342422450300528	0.196489072358241
0.612858835152531	0.458863970793341
1.37253294488925	1.24820491978518
1.39938524999847	1.07346959679294
0.0194475004610615	0.00966336094363501
1.24120143603811	1.03030813774896
0.516794649765111	0.275478595207159
0.391424953001729	0.200509036482954
-0.00908412070341443	0.00321483183926696
0.704298411164085	0.372070951725269
1.52581925224529	1.46413607421054
1.77242035521211	1.26113434043436
-0.206217571729874	0.0952133047987405
1.58619003773857	1.7043786679409
0.130268969931313	0.0541509270905258
-0.0178277032384583	0.00699903641247196
0.127594115805261	0.0510410244926682
0.116752611036208	0.0462440076302771
0.578976631975234	0.466229215919954
-0.783577570284629	0.405969885315993
1.29548272616691	0.518673455471275
1.2756814016603	0.670448773163287
0.374001550701357	0.185572402767417
1.05244275025662	0.613895680187541
-1.4639940154101	0.579205934292896
0.854634888564735	0.483414240200169
0.543499553165479	0.283202656394342
-0.781299905808209	0.314690897193055
0.289332681151563	0.101320970038606
-0.795056306599866	0.316325856173031
-0.525823473591188	0.142192228149134
-0.417115599707638	0.169647509668481
-0.0971188918330066	0.0343338651375458
-0.533573204553935	0.232806767854349
-0.0902843361220295	0.0320704264189181
-0.415569786508961	0.201070249005633
-1.2098292657585	0.588159646230375
0.120312965693346	0.0515161408808992
-1.28322981379927	0.881150065808352
0.192248005402738	0.115761624089159
0.483009280835199	0.199341828067508
0.952336901608763	0.697663047527121
-0.647360075398762	0.338510033061401
0.194235832530374	0.109230600669202
1.24644320078456	0.97017278710305
-0.415830582520579	0.167129832676274
-1.0810816151665	0.494741567452216
-1.79996684407469	0.740232254090179
0.115082909235163	0.061419531649987
1.57308344695509	1.39273471593863
-1.00121997084202	0.553580557449882
0.684321022088578	0.491158361097542
0.120809650319271	0.0474731139912504
0.308624238509046	0.184133164277766
-1.11104161798935	0.664455291914275
0.146511105157316	0.0650817534085322
0.242419167112219	0.131865449792261
0.465037763562949	0.263858303867493
0.499548970864298	0.248750598379948
-0.176768503297581	0.0925687334926424
-0.538830957181418	0.314040979395893
0.294925367693415	0.205003013722289
-0.283141810600283	0.126428055596236
-0.0676656387449051	0.0325116070973976
-0.202934730487299	0.122739875881467
-0.422231125113393	0.170555679501
-0.550207453868542	0.244836963703238
0.261223023797403	0.178127811380536
-1.15236895498758	0.845618908976316
-0.22698681717057	0.0676758928832381
-0.641365317338771	0.347669048990255
0.859470409327858	0.679268765586017
0.231918726772291	0.150554126470864
0.376567189129171	0.243185428812858
-0.0822955587101047	0.0390018143797799
-0.0558025056636908	0.0282528172211187
0.51590965198373	0.381437399745209
0.270240132390081	0.122990935004976
0.307211026561721	0.124186192553104
-0.221271266987532	0.104561868270343
-0.252961733960415	0.0940023531140034
-0.2837872439369	0.103413160432788
-0.546788772529112	0.241098003933604
0.357117784458048	0.197574552831939
1.68336635215812	1.23777486322753
-0.2996687481855	0.133777313812814
-0.239665675174267	0.0758816081140354
0.283270155558223	0.127655154230184
0.198405341592522	0.0926633672199308
-0.224671587811329	0.106996007157153
0.273979114284171	0.121930288414269
-0.368332883206548	0.212056765470049
-4.33144279445298	2.12159563543729
0.0239417769440788	0.0117534418515349
-0.525208957232793	0.272297181701091
-0.782279906461963	0.397775985769401
0.507587604043919	0.341548033865098
0.233733253711026	0.125060846294469
-0.546996568104243	0.242830669071442
1.26006929333891	0.904666965038123
1.25964150204132	0.991710141437741
-0.221260560423955	0.105457741560108
1.08964485302345	1.07019587062192
1.6957993131456	1.97929026444512
0.106904865053117	0.0620923405438154
0.320257369280131	0.165982779912252
0.120024434873542	0.046590941865291
-0.0320832163018142	0.0121351051733799
0.522204154373046	0.316299091428915
-0.409951484941291	0.171717945444226
-0.270894257842006	0.119138451151941
-0.515079795628338	0.270936308014248
-0.0268376015156047	0.0100808294858724
0.293985279293878	0.103299517432334
-0.619081968393635	0.230505007909717
-0.988244287384037	0.671962272790468
0.119675867413991	0.0659435154359716
0.304097133632716	0.127246006012529
0.00942695104554004	0.00495564176806526
0.556073696184275	0.204808240002599
0.383678562577984	0.194495686491001
0.534621477805068	0.343116037520531
1.2427296651843	1.07429238046317
-0.311583361004624	0.189253983595848
-0.102164975830878	0.0442525737350993
0.532588534094733	0.283977943228172
-0.811518239967693	0.406779484716768
-0.0155409742763273	0.00543940766112865
-1.00724967834765	0.568619206070569
0.120417043886324	0.0473072069396313
-0.00685068080333623	0.00297136036806869
-0.400318647101166	0.163436665749996
-0.665746376963892	0.425034708278923
-0.129306954272539	0.054482449348444
-0.226584890149798	0.108962092817149
0.221676627199459	0.123078748109083
0.43764894856255	0.208332570154453
1.95634773791301	1.50659652315371
0.26493731221977	0.166103647570803
1.08871806716227	0.693633998059354
-0.0628384428768499	0.032009075192094
0.501563764989662	0.21190719459713
0.827179876516156	0.673247348779604
0.0871619372323511	0.0289379695824597
-0.0915064645761248	0.0414246224482409
-0.297969966271001	0.135730072560611
-0.795428838954425	0.530072309338473
-1.63531920714392	0.988498027364697
0.00713763059336234	0.00212611679198555
-0.668444563885763	0.321055751638744
0.739414648547138	0.44716117066949
1.27125768358517	0.667130559906301
1.45944164076411	1.44044309142583
0.0115804123976581	0.00323217008026935
0.689187009686383	0.383698908488384
-0.792376392325327	0.39776745389548
0.397653689339346	0.206932793321027
-0.255138576987064	0.0772691865281491
-0.786412805890271	0.39919169187985
-1.07607979560284	0.506962814761784
-0.221623315105557	0.105897739192455
0.210334540269613	0.117991355597514
-0.0849459100946155	0.0398501454660935
0.389165316641347	0.202330719856619
-0.105110575947249	0.0235349560977657
0.0931557677917347	0.0318989770648807
-0.624251154480434	0.345924009838439
0.130581870632041	0.0566558846280608
-0.95927183376015	0.615735655808472
-1.77566852406874	0.790015727494633
-0.300278794663256	0.128261754825613
-0.243380523081411	0.0751664462060786
0.00831200880409263	0.00240514283216866
-1.07258722191116	0.509903193119612
0.00767730541712173	0.00335222849872662
-0.460233108369911	0.159395613393047
0.679010084501682	0.373262113384955
0.903977564087125	0.565576723638733
1.56473895207962	1.40892312267669
0.603263877707623	0.296158960481637
0.755953229217335	0.469412425047878
2.2236528193677	2.60984940251582
0.614500383764624	0.296971087683559
0.138734917415929	0.0600070593369418
0.00526618147656546	0.00152611893018079
0.113650247359175	0.0633674565041647
0.374390988763932	0.240733442508964
0.399609017811526	0.268664905463847
0.534462168740861	0.324559247031152
-1.51763111433472	0.88717667819834
-0.403560775201473	0.190682005795434
-0.0831623467589191	0.0409680753805577
0.36427674164383	0.205175157320014
-0.39562803629072	0.184748624218465
0.694280190837688	0.381478351689021
-2.03934805240352	1.58933085645808
0.596721313309609	0.409627498036043
-0.164068271644933	0.0944460417167323
-1.07528072607436	0.50878635301217
-0.153068116057482	0.0638275436222014
0.307699267594299	0.106070526954783
0.042904422076999	0.0210647265753972
0.0821214429388905	0.0277714234643413
1.0701962178471	0.687793820679429
1.84849513523486	2.14043233753459
1.27690573135241	0.848948753550568
0.769970743621544	0.497171252808239
-0.913538333622967	0.582088532224917
2.30908897593178	1.42653572457001
0.298028804590227	0.106248013228934
-2.32923882921113	1.36744212580436
-0.231108789370875	0.0721774916639875
0.592267854619374	0.278729432972788
0.70106240887553	0.307443524660658
-0.940565162600702	0.399234053322613
0.111490262451418	0.0418995422410041
0.487650937856527	0.202227183560444
-2.82685472330953	0.922711444031235
0.0227002058390131	0.0101006561766118
-0.802635323334004	0.413565226691654
-0.40555094108384	0.169970187283906
0.143003307652615	0.0625561171648656
0.271995252774169	0.16950110858503
0.478318926107349	0.375078487349671
0.928000244134715	0.624222701851289
-0.271328389996295	0.103255301649188
-1.07773590957251	0.364585466114807
-0.259391726168999	0.0989378867030392
0.14054219470091	0.0752547679957558
1.07136865411398	0.620173803930427
0.408317657687731	0.249179348419169
-0.448163070380678	0.150979314905218
0.294453911929251	0.161159225433389
0.559482126648702	0.369100747467938
0.312800145173908	0.180537275597375
0.353837227464107	0.196742062502375
0.147771013014932	0.06441069903914
-0.777849260593021	0.400486664597989
-0.405616382187013	0.190893611678312
-1.08134345607338	0.362173630594041
-0.16649865104149	0.0685411035808223
-0.781011178240412	0.40342159808706
-0.0370111126023137	0.0137326672031945
-0.497512312592376	0.321599959638757
0.58934213693307	0.340252656963626
0.0908978886742776	0.0305832613796648
1.71571899262307	0.819535919943623
0.69684479626504	0.304611305907636
1.62781231110616	1.3913710073075
0.490424063378393	0.210336933336371
0.749049215314334	0.461831693699237
1.08581405181255	0.765395556983281
-1.51418175384047	0.890780139185534
1.89851938589791	1.77659037449613
0.681961576044344	0.377360165142491
2.75876534200589	2.15628705419114
0.507868815708729	0.30413212637994
0.157415790067824	0.0688816398775027
0.612920865303051	0.293153790693379
0.416699874208375	0.180862346949249
0.844072496139846	0.474279801446662
-0.148452010539713	0.0591299660265035
-1.7581116796412	0.796319378971699
-0.245750819454419	0.0770070334360556
-0.40561867693283	0.191654999008584
0.00866705764748314	0.00250892523770994
0.0357143038802285	0.015984516260698
-0.595335823195206	0.367350351894295
0.536231865892817	0.3424021881482
0.12410974761451	0.0531807749872955
-0.223635406120425	0.137459918951941
-0.358105520697409	0.240036190661072
-1.27684354039686	0.856065764374668
0.647460653854435	0.414521845013325
-0.407800895537606	0.18515900661723
-0.235756809331476	0.074113881734835
0.037733984040173	0.0243071052089155
1.08162975597604	0.918047489740554
-0.808828433659142	0.497315637329207
-0.100844079890617	0.0443178957944036
0.267344491914414	0.116030161275183
-0.415847050825689	0.220398589108769
0.280120787088722	0.175918414609247
0.112523620864797	0.0626163026133779
0.928409962669881	0.642453704022263
-0.951513194365641	0.409385066590234
0.500306218331069	0.249155054999469
0.0869485558273922	0.0492159652060582
0.141126008480837	0.0605969152457583
-1.90269046998113	0.895453754992991
0.861590730907572	0.492479170713034
-0.411070233184441	0.199696354434104
-0.15768700643885	0.0648781635337825
-0.722391698998788	0.424275186816788
-0.0619041096646863	0.0312910331991516
1.5039304572938	1.0286774781927
-0.0860642792786757	0.043189202035196
0.0901253355165374	0.0290416574106857
0.0314901685941754	0.0144627584164595
0.0658767384151807	0.0367040875049837
1.25801050839096	0.90672648765586
0.744303816274768	0.454726510438173
0.591909846120427	0.351889743642445
1.8580416388142	1.5105869233998
-0.83506235315035	0.508040422651137
1.5445526087909	0.946413661611797
-0.827909350280538	0.496711629969495
-0.169676041420439	0.0699044278796114
0.573192614981332	0.38662123319539
0.699590800915363	0.301868890884042
2.14455329239367	1.78641397021472
-0.533552891581421	0.270538298099386
0.805539362325774	0.411522546001358
0.868850525631056	0.500554174195319
-0.085288265370546	0.0299166148809532
1.50658520257788	1.03006858421545
1.57620490520582	1.37641275438156
-0.272281857978085	0.10300867317221
0.0804986047397649	0.0274526780412626
-1.30090872350559	0.695535355516964
-0.88549647864641	0.466414140442409
-0.0598854429279727	0.0287536981724843
1.21158562030477	1.13149601883271
-0.825398385744225	0.495799783097288
0.858216806631882	0.49211656654932
0.387306788754017	0.199924268292293
0.500864683458834	0.352952396565548
-0.498229367197304	0.31617412687398
-2.23473896842418	1.26028079247065
-0.529252039204769	0.267956162401349
-1.08616630601686	0.504349037744712
0.12481631474301	0.0542103934171074
1.25782636655744	1.01796596965344
1.85978969823479	2.20486280545065
1.06421869187883	0.936391215780139
0.137780421194843	0.0719433721046235
-0.517510504997653	0.289165162299021
0.936955774556824	0.897620345168705
-0.0543285216367986	0.028793465529882
-1.56652828451574	1.18848075624311
0.391559846909573	0.200718426078094
-0.0820632147255527	0.0377564435797835
-0.686137110450824	0.328791186473646
-0.283692843611781	0.124180992993912
-0.350976212802094	0.197184665646495
1.55552530345452	0.937346696247273
0.00256928627501024	0.00132378555384312
0.131217734511164	0.057609085722718
0.0136642749127648	0.00567053192679847
0.00352001509031619	0.00214060104222805
-0.464323598223381	0.158713153210637
-1.7683547594145	0.792675779910489
-0.163946853539593	0.0680635172508598
-1.08255639517178	0.362075346638336
-3.68176333633466	1.48750125621771
-0.0967854962239757	0.0327984040205691
-0.0971239428783341	0.0343345814651862
-0.416100904662016	0.17163791756533
0.694961579085927	0.294046839401539
0.856301781630417	0.483682370546648
0.296731166429304	0.119624470134353
-0.121187375974715	0.0397146659787239
1.8739872798865	1.1183669456209
-1.18962271526082	0.603558301752624
-1.28904102514027	0.470679738640395
1.26403881483428	0.746776202170536
1.28572209396687	0.606511029676694
0.556078390879393	0.205264101123716
1.28769304219518	0.49398464612106
0.304583266337342	0.109460856293357
-1.28425901874629	0.474855091321997
1.05016373890464	0.602037855229536
0.542248409132356	0.194283053598601
0.313573903499624	0.0910825225441505
-0.0994736170795967	0.022542834663039
0.29179189595974	0.102293838113442
2.03575101853871	1.11409425707664
-0.245054293878174	0.0759544977827301
-0.828502094065778	0.25094168663078
-1.47588836389899	0.587339432514597
0.313960828573921	0.0920614225806
0.298511703358936	0.104117148588735
0.120911494584787	0.0471101822978501
1.27643526791416	0.582335589272223
0.28950139474821	0.114064900962183
0.558111232390697	0.204493417300908
1.7737481988627	1.567325515138
0.602118983139357	0.352064712512107
-0.787314677829803	0.397325977679598
-1.11636191877081	0.668786457566464
-0.256562030848732	0.0772037578643343
-3.10544605664248	1.08457036666742
0.466209508716806	0.258658069662085
-0.401637993401083	0.162670634913034
-0.781426481028866	0.317355152139802
-0.405849583748579	0.191399136619636
0.705143211121904	0.314964144094488
0.087351560427361	0.0301077556828073
-0.901461416554199	0.488493496708102
-3.51426902866386	1.36923995903935
-0.404383753312999	0.166102281581123
-0.942227026556322	0.402574975113109
-0.428148743487104	0.175998532358328
-1.29747633610445	0.444145847967772
0.130087264429477	0.0552161151344079
0.0190113079811414	0.00898062723195245
1.03010435341627	0.521695575214954
0.126478363071162	0.064137712428634
-0.80081062313533	0.331354624941771
1.76481749826836	1.22439681023163
0.404163588352408	0.18072250226208
-0.111740847378844	0.0369703113935268
0.551573346021929	0.19462112314149
-0.246439141799044	0.0773722564020785
-1.20404126315	0.60327997665211
-2.34700235951868	1.34960195312709
-1.04494884573731	0.55165926676092
0.720648506309581	0.536959928231278
1.2741152269065	0.749098361923764
-0.425816217755767	0.234576903132907
0.279801117988839	0.126107220442948
0.368232307231998	0.236689856122316
0.289723456605309	0.100581545507672
0.107544884982308	0.0406708775584467
0.284430638791282	0.123752214963248
-1.07773590957251	0.364585466114807
0.705146274279644	0.29112049938455
0.30467286469603	0.123692817851536
0.0919896526272347	0.0317637050453618
1.76912669305594	1.22854239950625
2.75553331355994	2.12853147342587
0.709136373289358	0.310366233901606
-0.270549784241557	0.101642678038629
-0.419900904713344	0.173488198636388
-0.172158593190445	0.0724039716499871
0.0299621084021701	0.0138198725586211
0.162146990899063	0.0682177367138325
0.468011157004754	0.30291057752647
0.248284021604846	0.128382419108379
0.3872636912371	0.198014936705255
1.07893985116796	0.884463442808529
-0.520750624452939	0.271733632339628
-1.61591281803547	0.972877676481198
0.646677458538387	0.413616194635042
-0.277046061227482	0.103333278777974
0.600689585304755	0.439886797560654
-0.894121342284011	0.484405047295739
-0.212182964783892	0.101687737419343
0.0883902927457832	0.0292215956949562
-0.295443546977473	0.130762252813405
1.07326173641475	0.714085497058047
0.13479889196167	0.0686274716718326
0.276265966434494	0.124433615637383
0.602298783220275	0.365217523587811
-0.790281220432225	0.322957035146697
-0.154472962059159	0.0883241758058632
-0.264334732049905	0.101116468422521
-0.2818207227699	0.119611931781763
0.0111220702424198	0.00634585462399857
-0.543595344376573	0.277251540201844
-0.0628042065052734	0.028686792877892
-0.195663504078803	0.0745985385098227
1.75416127127523	1.96537052967135
0.691109441555126	0.495179923291349
-0.791886341483897	0.326834722306384
-0.260875714134486	0.0978706840561324
0.256392097820473	0.126534830216387
-0.951080012222124	0.421190173911054
0.836964897788094	0.466706156976947
-0.729992965084857	0.407099449503328
0.282789587884007	0.128866962026283
1.20247078849161	1.41121968527288
1.06803591041688	0.754091646149652
0.104331518125449	0.0520516646894642
0.236934200224239	0.124781735166638
0.260768859098295	0.112512086480492
1.25649185702887	0.826260846360671
-0.0905412153586379	0.042914231938432
1.01896285157286	0.521528516824582
0.516125705911598	0.262165455440979
0.786544026088898	0.38490780128451
-0.541536835733154	0.298544582483142
-0.0862075829994264	0.0292793978640571
0.860526267259635	0.485749761285691
0.303301892764251	0.107123643303582
-0.170387485271756	0.0694286304315555
0.551444748131688	0.203217297161543
-1.0647234912829	0.505089155257276
0.0159633814541667	0.00659103360596556
-0.214547867931281	0.0997511820588796
0.60380870660813	0.352993863366671
0.338605320536272	0.188703612755336
-0.143514508721886	0.0777298764662804
-0.51657358778284	0.419585173788464
-0.41888078354524	0.198295561152268
0.152878980725667	0.0722764203249382
-1.05614287644271	0.861955002571336
0.0289863469190158	0.0144449949742427
-1.31973304865978	1.29884586976563
-1.20155032609128	0.608540817433311
-0.747440110934722	0.421618681097721
0.296444460825645	0.12045104675424
-1.00114381544445	0.586548405043213
0.191860996313912	0.115993792749486
0.418008152838964	0.254596296940716
-0.907915280241993	0.485246095139934
0.206195145980938	0.11629207583531
-0.187076748332593	0.0945638026241971
-0.310091904845084	0.137209313962179
-0.147457572061181	0.0900229048335501
-0.5374749199175	0.345625203232372
0.0155508033843993	0.00939898475878221
0.142216937383743	0.067146782099911
1.38351923846073	1.43831840394986
-0.0293453849212267	0.0109982344119706
-0.154856408920021	0.0825811375659798
0.137062357998241	0.0652966863459829
0.356129164085311	0.199772027235891
1.62895385177428	1.62275872754685
1.07673600704071	0.733357683162259
0.750203266251179	0.448983206693051
0.3037523740477	0.173763406902609
-0.112757115405284	0.0374533664581086
-0.204421855480856	0.0960568683216231
0.0224049301782734	0.010500070104513
-0.247555282513742	0.0924139891000284
0.0870410142876139	0.0288693117955536
-1.20018543845212	0.584784585034389
0.109067530291568	0.0450316032452737
1.24411724556966	1.02801656534157
-0.52194982416745	0.257329539201458
-0.988939600400855	0.556609573964899
0.107335654706406	0.0528577464301077
1.08053262024877	0.720506389453499
0.335831604041408	0.185949850663681
0.213365039274221	0.110350069374548
0.282302325180302	0.121155880645723
0.290652318740035	0.13132262204184
-0.0202320364379178	0.00758479592295546
-0.127255947880171	0.0558209520832364
1.55892834787919	0.941502528684435
0.299426670726741	0.117420960461971
1.63019942732307	1.3165735830432
1.76115067155956	1.25627396302488
-1.61711325174392	0.677635979110965
0.907048024102191	0.581082909146999
-1.45792683975798	1.05396288460322
-0.603414292652569	0.354036768727598
0.790394829325404	0.403546880248437
1.6173809330734	0.881980946411831
-0.0924982063303179	0.0321431011967746
0.196945811815916	0.115861881563256
0.339694743343537	0.178281782230402
-0.919665471095628	0.569064985463052
-0.623423237809093	0.236821055679704
-1.41087454161359	0.770015069085896
-0.305893255348262	0.187844384110493
0.0392347089368024	0.0231008492484614
0.46992020221563	0.31729470498087
1.06644428946453	0.732547319210651
-0.0362806968156145	0.0134838477443128
-0.565556967137785	0.248316751536889
0.0987999757839124	0.0623306531925258
0.134832497826683	0.0584397741787287
-1.71242275100781	1.13223604823444
-0.393955217270884	0.156255128941753
0.313713858338759	0.178913542543667
-0.00383160799641272	0.00117395934482208
0.121867530031867	0.0627901734165962
-0.250957172512155	0.148237559587826
-0.0661143600576577	0.0299676523804458
0.935642563838198	0.642680293389028
-0.731609680394927	0.411462043755762
0.139757778191765	0.0721106305206071
-2.34089032366914	1.37089509068309
1.52168770952337	1.40365055352197
2.35194274066807	2.96557401759991
0.436461447312695	0.205056818230172
-1.02695058834618	0.565835095020363
0.538455792836456	0.376605060387439
0.73793544719809	0.442474235792722
-0.789325932527525	0.315979174063204
-0.0216618352821365	0.00835725286990347
-0.149685882337811	0.0833030033221615
0.22861321490422	0.1196940404459
0.225993074380007	0.119694240159652
0.471523139594448	0.269507723842954
-0.228806772114072	0.107438469049103
0.0171071917612985	0.0079605788842241
-0.627895248759834	0.240765810914701
0.122883975178362	0.0626174780600707
-1.2754266024127	0.814318065138104
-0.292687666736934	0.124788548093614
-0.0608815385397151	0.0285679982467041
0.406780495508251	0.20711964626436
-0.507297049857582	0.261694089866149
0.690185411255454	0.480037503078122
0.113697626893412	0.0441864837521371
0.804672815546048	0.405353470110199
-0.254739966479766	0.134488128374016
-0.270744278953934	0.10252999766831
1.59017044116528	1.35178138222698
0.238554816304724	0.12695593046319
-0.35874992328434	0.212184728249409
-0.443543607094985	0.262746671353899
-0.819624287360887	0.564175899036532
0.354936922904136	0.225324854276996
0.141983108213146	0.0717340273611311
-0.0765969544368739	0.0367882371451787
0.872860570473511	0.870743837033336
0.578909397097529	0.396955136714579
-1.86954372936204	1.27221745047405
-0.425519263297078	0.225298932492507
-0.0215238365393184	0.00846535858254561
-1.34512075373282	0.946374093321194
-0.0934487709681396	0.043146090407357
-2.02453725725659	1.01025488077141
-0.328918257193259	0.16325822507159
-0.0999844828761379	0.046016754503269
0.469272267963119	0.267985839450053
-3.32112060479918	1.21020607655163
-0.221315473379949	0.135324253606952
0.144339744991503	0.0775881756924182
-0.178230672226146	0.0934870828554855
-0.305479796620371	0.208860418672186
0.224471439577896	0.122530648257459
0.20558605251472	0.178405250062893
-0.230642856496844	0.184005214113356
-0.0702063488886669	0.043380278086965
0.352797960733646	0.292295848344816
0.149766784900164	0.0912661540712573
-0.175502543826818	0.121153587257151
-0.0833159561216035	0.0507740546819566
-0.84133565429412	0.5783820000673
-0.427318851122541	0.299679139778928
-0.685205798187002	0.442204534787146
-0.73840507875033	0.587572753946174
-0.0201223051464588	0.0117489111980904
-1.82459131308875	2.37410541596546
0.997866955269949	1.04272691585944
0.377163589833394	0.241820602980759
0.928342305292252	1.09197007156533
-0.610974598238387	0.368189905473679
-0.0753388991653989	0.0376931262928773
-0.499855505352294	0.301332253030781
0.0547553300243948	0.0266563760281281
0.928284994019021	0.643264291975876
-0.358378310628544	0.202620903199998
-0.229025077746841	0.142022447068342
0.298005364220042	0.217839002356008
-1.20840069824425	1.2095119876695
0.109615743707028	0.0591447005445674
-1.06895048049511	0.864447227725787
0.698721095209338	0.493916527436613
0.023016070594679	0.0143705304789946
-0.0561305284367181	0.0352154376626855
-0.233147900601718	0.13265911204534
-0.100957868950114	0.0474729894498095
-0.10230329075713	0.044318221929322
-1.66227695156611	1.8800081092512
0.536591309220437	0.334915481643363
-2.13254328809072	1.13507425975227
-0.170744758059082	0.0894580928764579
-0.119145963754804	0.0674349586883429
-1.18562858699898	0.762929337747134
0.461048667810148	0.342511138634595
-0.702183659551023	0.391401690579288
1.82602904194433	2.04767097110909
0.174234686022256	0.108338402444239
-0.344892773495762	0.196765607943786
-1.77868243323678	0.772804498450286
-0.0969381259137313	0.0647321701499176
0.128266967696166	0.0820877746295779
0.286576504790893	0.24884491984185
1.1326092686971	1.74106400036144
-0.942461840569452	1.11008606222131
-0.500192232665202	0.654629768014037
-0.866018829782196	1.35836336400842
-0.86782814392423	1.04715456734149
-0.196336633502127	0.136528950014941
-0.312478770334031	0.201347121574123
0.652699049107671	0.541187136048021
-0.515949342043986	0.532526344762473
-0.364002467888677	0.385562701155404
-1.2089692564777	1.31010912986175
-0.00015040103427685	0.000229192474094866
0.393640216046164	0.296674412695926
0.129243635928093	0.0704976181394347
1.27204606069172	0.899509835904841
0.470812629670358	0.319521954954115
1.77147088724492	2.17040568808734
0.173634129170469	0.121776742916145
-0.424706386697211	0.327120629349706
0.00943494438834545	0.0068804820725152
-0.512722649110346	0.476656365569811
-0.573331820528319	0.487252071555346
-2.37485365564934	2.84721936852256
-0.821170636975964	0.833664509411004
0.212112418757389	0.14079785570622
0.0769685089198694	0.0455667064568912
-0.547885240964506	0.406771763324086
-1.13265654150733	1.66407057656858
-1.29534688580544	1.67479587140732
0.383921711204676	0.301645890857507
-0.972156894009019	0.65004321437622
-0.491952771258376	0.307344643855951
-0.588771539411468	0.584359545687451
-1.93521359984881	2.26676911735266
-0.80395416520244	0.490961974251804
0.298375926373445	0.124393191192643
-0.799045920298779	0.326526722746356
0.256811157135637	0.124929421154775
-0.0703902607570223	0.0395101192087754
0.654893958481613	0.586362388716311
-0.523135590479346	0.13582242225782
-0.448576036434	0.157226426303193
0.300498644380872	0.105791781319552
-0.1277596607499	0.0723046097878398
1.12782535343316	1.238043027892
0.349266599917971	0.273014337501401
0.167074895375696	0.129260554309541
-0.761664974684584	0.87665287334691
0.218121106007753	0.156643277796272
0.0366566019580172	0.0287832385986198
-0.177615500498653	0.138972386243904
0.948923173074942	0.968737263440097
0.310548957931728	0.204004682971493
0.147389324783255	0.0896406254140132
0.444987607849633	0.345038653497734
-0.487726692925484	0.390847407011376
-0.766023582908829	0.897678633932704
-0.901984632304204	0.655165328395309
0.0406089436515261	0.0179783763972329
1.36137942861217	1.3185720860315
0.48788537265237	0.329347837231357
1.34478546193661	1.31162133383863
1.99118451563367	1.76510302858124
0.629397339588925	0.610756492685653
-0.710945178511866	0.55043481955025
-0.199844542398178	0.130079773108253
0.0936832228264543	0.0535211006793859
-0.924349974462273	0.700899101214543
-0.467164039296832	0.33552311793412
-0.35532451685763	0.246450457268693
-0.169343831878559	0.0699770653445831
0.511196941740204	0.266750588963701
0.216270121372943	0.124486843214713
-1.30916135785534	1.35785817341375
0.0928671769554073	0.0704396978313231
-1.41216510213931	0.783322917703825
-1.27922808857181	1.04660894221875
0.30005661674357	0.178158576633735
-0.39360449336395	0.287253169573294
-0.0499238630112165	0.0253139675230047
0.130799312616312	0.0652519341508273
0.379310155457344	0.246432803654938
0.390238349935809	0.203095159458569
-0.42761442709929	0.172442138954522
-3.82326157894497	1.60505305350586
0.427502093220152	0.204749656566601
-0.154938545490687	0.0630590444732156
-0.232566859661112	0.0712241383959986
0.683859541284307	0.380423383942792
1.57644046631196	1.36528049974195
-0.487341089407394	0.343016726456219
-0.377763564164024	0.21709541377805
-0.272860083313671	0.170594429706778
0.544393894044489	0.436991719116909
-0.775171920634769	0.517182313363476
0.481748650736216	0.384860939306231
0.178011152865099	0.118634871333413
0.280678113301613	0.176649316608183
0.369754958231979	0.238975769743316
1.46028166291057	1.40229197847906
1.84015717563936	2.11115168553368
0.739577576429336	0.447340765348197
0.412135927788	0.254541735954061
0.00229150725241875	0.00151946879589335
0.116676712383296	0.0602004295945367
0.934485989167186	0.720937442537228
0.385905358912402	0.250121378721253
0.524022363261449	0.327841945710346
0.0318225249439818	0.0143080171574802
-0.190539672644933	0.0987579326762189
-0.149890743789845	0.0798944474890657
0.314359449781832	0.186991585854637
-1.42595428719943	1.05971740659296
0.317099341590893	0.245225427304986
-0.623257691341619	0.47844822459049
-1.20281292016345	0.897924160916291
-0.329839611946485	0.167221744757687
1.08702826822356	0.775039905816428
0.528447056450509	0.272696458083464
-0.0376513425711394	0.0137819768780755
0.0240643629964262	0.0122523025220027
0.528496879000415	0.317584616081526
-0.3682170332403	0.201239394070567
-0.326732720525133	0.200286013200001
-0.329839611946485	0.167221744757687
0.539841516481312	0.383751195231562
0.24127338373644	0.118340142115655
0.273789880065394	0.172334621766118
-0.535002812241324	0.228670725821446
-0.794610661732709	0.513973551121475
-0.273236264109799	0.188829652872821
-0.417605163271081	0.195490742160656
0.0794629139763578	0.0256098427928974
1.57197766732469	1.38039539840108
0.00624120463056556	0.00176645845508515
0.843136975786986	0.657386051899336
0.0461094459158045	0.0215991506016929
-0.0199804579194665	0.0101341080491964
0.392897746029716	0.255558727897487
0.348135123559784	0.191661962715001
-0.159323699805973	0.0661751213720021
-0.478219451090782	0.295190988753696
0.157379675124633	0.0743230746051059
0.529053157347613	0.336227758812592
0.37035403045398	0.237735166774297
0.455606343485324	0.252908471858785
2.00241914563784	1.83198044092271
0.544482550617469	0.336937871455084
0.393165954250051	0.264086219729134
0.106336061680745	0.0572254281190143
0.0891381855932868	0.0504202042291234
-0.443952979964204	0.151876043486595
1.50444082912968	1.36313999555697
0.82744466524645	0.421277967416815
0.258246090040352	0.129240606733245
0.515421610344396	0.370675795356847
-0.21595829501938	0.10340975062016
0.628630987857371	0.377573129472876
-0.0398422741244283	0.0144492895165224
-2.32880940569032	1.35931217672562
0.2753382201123	0.121910072366978
-0.410991321370272	0.167595151959629
1.60680077123172	0.85252836432145
0.00595786464906535	0.00193076278868544
-0.79421289569519	0.408493678593374
-0.114773298409206	0.0390834080059532
-0.952833966592184	0.412134396766194
0.282781782198185	0.125498855511508
0.437730655709499	0.205266449154993
-0.600143569639161	0.320521987781793
-0.341101608905659	0.166043761071978
0.14664761711278	0.0702006047563193
-0.0630328188766063	0.0338022986877737
0.375738641193561	0.187378034756164
0.283495791523602	0.125887652399161
-0.0968958811923188	0.0469725311068141
-0.430026950091857	0.267407768706614
-0.283390615868922	0.155042900061947
-2.0088164525047	0.996583558955782
-1.0940217717857	0.659050972818024
0.262759429271031	0.128655572132429
1.5285259566276	1.43669474687722
0.260325654567958	0.128233398227632
-0.538409933890666	0.273121433815142
0.0919530560651756	0.0483212575883552
0.0346351654741776	0.0159857770353034
-0.374713708536579	0.244701495096711
-1.1366803307693	0.842680286202408
-0.620243701297933	0.366848535956427
0.119002016947972	0.0609516254632595
1.05376515502619	0.610237392638838
0.293289913030801	0.120760519895703
0.610749592541944	0.301198488170845
-0.245852598736285	0.0770395409229067
-0.246536745889764	0.127956804667965
0.425625370983519	0.190253409309854
-0.0703432469254147	0.0333901135984211
-0.626416445022834	0.228465401256541
0.364543196643196	0.178534261458439
0.0159671133406535	0.0065373457160052
-0.421469219841523	0.166122494138289
-0.414694241455377	0.1683761108667
0.735317453662028	0.60280172772458
0.464338626326247	0.264380211693695
0.00177248907073187	0.0011768148078359
0.692255887970423	0.386246946568142
0.940880347294874	0.641422024600438
-0.136199257214683	0.0790227627269425
-0.0351296105726814	0.0130914028170486
0.350787150078506	0.220914973926992
0.648517292023101	0.411335974037437
0.00075279003046984	0.000605718392190232
-0.804347471862387	0.396255333645237
0.127218019038126	0.0601711603393892
-2.02164783883824	1.0313305128344
-1.07658628215342	0.488898839354991
0.31118225686456	0.110497295015127
-0.095343971697385	0.0334002016244924
0.00823802131184518	0.00240009513923294
-0.0247567318712005	0.00959342038170762
0.132151575847916	0.0572879546766819
-0.287771719182312	0.128018198145034
-3.09647448091884	1.08882943702806
-1.96788376488251	1.41981119978235
-0.779528804363536	0.400109000303333
-0.970678151829746	0.398400920241825
0.268038367532572	0.11584826030982
0.123702005864414	0.0631265001626394
0.14304240419549	0.0610226624943727
-0.904247201357861	0.485630591264517
-0.24170081855833	0.140631656367699
-0.903734928865657	0.482609586641632
0.474089823599171	0.272477113672519
0.906028091598968	0.562911972802702
0.791616792569389	0.528653028532818
0.0342783493934304	0.0168990380731418
0.785775556590499	0.515497420334428
-0.401763670123926	0.210263561947323
-0.0210664063785836	0.00803769652750004
1.31013349609253	1.35878882421034
-0.44394273779329	0.263106753106069
-0.12730032587462	0.052140961998274
-0.844839227299201	0.574067474097955
-0.425738352191696	0.203193447488496
-1.63307884397196	0.697754172943155
0.0143217884608953	0.00371661229200184
-0.246539768207762	0.0773565978250945
0.434056445784322	0.200000113222017
1.03098823107038	0.531219820196386
0.480766105628077	0.202734932470827
0.613494016961399	0.300280799216633
0.0877910164299483	0.0300195073784517
-1.07658628215342	0.488898839354991
0.480947513221961	0.20036463720314
-0.11407876548284	0.0512492459910947
0.518724160767288	0.271137385999733
0.790134757807048	0.395733715826779
0.867660277742626	0.49167999613217
-0.265618054671837	0.09927651180093
-0.0370074284703001	0.0134818260105777
-1.28879737062027	0.468122387716328
1.54950276696672	0.938067955182574
-2.50013836544569	0.752963874303395
-0.63235198929823	0.23542549264763
-0.524121956492059	0.1376511210086
-0.105552830131027	0.0355151205874282
-1.09245677080552	0.360931107435898
-3.10225524298542	1.07674434808323
-0.0178557202941973	0.00682834641941091
-0.525823473591188	0.142192228149134
0.297870392886093	0.10284850594713
-0.245086104881698	0.0766295358796992
-2.49348075277667	0.760631300990853
-1.07847996742696	0.363856947530528
-1.61711325174392	0.677635979110965
-0.783314648392285	0.315521765968484
-0.914670505270422	0.489530425504175
-0.705235763548251	0.323331242845615
-1.90898270896107	0.888977900113346
-1.71561097765728	1.09975180359493
0.80969969175011	0.580771477335174
0.472752277202139	0.272191337890414
0.321565768440624	0.191373769026267
-0.159145572214566	0.0798827292821697
-0.922515914401681	0.501012510597272
0.121076204182796	0.0613443129345902
0.502247326130889	0.206247708108416
0.599418570927621	0.28098253580407
0.240785330770376	0.130653204799035
0.143111865159759	0.0682155438891227
-1.8986503774935	0.893272807241796
2.0470294585718	1.14138389006706
0.516893793018915	0.317661789635065
-0.295239830233174	0.13341471083202
-0.236449934238729	0.0742106876529409
-1.8901244218507	0.889524724467375
-0.900419889398656	0.459800102455512
1.01426579437765	0.516800338605031
0.948595289267159	0.754744240417835
0.281003332151421	0.128984555672638
-0.261145587171713	0.100139972878915
0.601703436352907	0.292329659656792
-1.08328339450837	0.370848428206928
0.449245885512963	0.252546303614443
0.921208578324757	0.605091857039685
0.460392623468733	0.334745872278559
0.153734663243029	0.0676972273475479
-0.286835317664041	0.150424861064448
1.28091946380605	0.664903915002486
0.276867430473018	0.125056828052039
-0.177059422374335	0.070566661852047
-0.0242755205224101	0.00927423892391133
0.913139957528938	0.589834480455874
-0.78443059968066	0.406799196761113
-3.09404330590539	1.06245153955413
-0.0890868118223939	0.0304009631348984
-0.5482208177863	0.238831364914893
-0.633287278481493	0.239866463473891
0.426563619660025	0.200916926768638
0.104717120014972	0.0342673556669746
-0.0819991017161454	0.0283271651215815
0.00198312574030387	0.00103345415085123
-0.458748047282987	0.155922908862471
-0.723823632925165	0.395926628124828
-1.72183591490745	1.14339078924331
0.290847589447122	0.100492550779321
-0.0585607183439521	0.0340060952540678
0.132975544511345	0.0740536959993615
-0.0902654150841689	0.0320027311806853
-0.0293009699236594	0.0108612991418871
0.136609720947344	0.057800296744848
1.2558316850234	1.02030887343906
0.59705138523251	0.347470194413844
0.119364719751442	0.0755042889569402
-0.0714264225041753	0.0341643798400794
0.126548687908887	0.0754117873825892
-1.08441554814158	0.488979934274381
0.0306068890829684	0.014049926004313
-0.546730740683472	0.247232370097931
1.80365678131122	1.77339633346515
-1.0684497082249	1.00084079090737
-1.34372891154177	0.693132787888608
-0.275504842907897	0.147945513947014
-0.0264775879490108	0.0100017159374716
0.395589395270495	0.204765103337218
1.0250504591579	0.527911386953391
0.575241118035178	0.40065297283202
-0.79359419231054	0.321737815533925
0.111357755367839	0.0597104282877228
-0.130485987093501	0.0744197206415015
0.692841897494538	0.384097214494963
1.20373550736795	1.51639872467356
-0.928411719040731	0.689580050982819
0.72051648394592	0.544761941832891
0.125620932960194	0.0657537585661324
-0.0251045515966785	0.00931032451336634
0.28939072533467	0.117111403598583
-0.675044413064343	0.320364974886905
0.739498461318299	0.224344540791199
-0.215505798188366	0.104017819240594
-1.31080615135633	0.843380989466393
0.698579464835487	0.307940484205844
0.850780350873702	0.459276510929234
0.307437013207317	0.108513033682142
-0.102511432464238	0.0356270562181251
-0.742635592551342	0.422012396409853
-0.514003466701566	0.324952585523964
-0.252079948887105	0.188262804917755
-0.318613795732502	0.164364780098787
-0.834670737656865	0.249889401637271
0.288324491685688	0.20330537426321
-0.304430283976422	0.209967222700813
0.658750457650728	0.434096209897735
-0.244599713751134	0.143726452565671
0.259780260615007	0.129653815045901
-0.0860506841819196	0.0446123065172704
-0.0743455039828539	0.0353440582731719
0.746226764342758	0.611570946455362
-0.713803189374701	0.574693074577614
0.590583012157289	0.349397405913937
0.761085508330033	0.659596530623833
0.389515590382913	0.199705571690825
-0.0104126694637169	0.00425916881921176
0.0350097952993554	0.0185845284836763
-0.253902905143883	0.095079343220367
-0.824249101673745	0.243531934977677
0.433225478083204	0.199602977415486
-0.24499217521743	0.0756293075658818
0.255566300351626	0.127217643922447
0.564249698659467	0.211356481914538
-1.31772641572657	0.698888701351991
-0.110199604581408	0.0500711434996152
0.0938723253618401	0.0322216299179572
-0.0364425332181051	0.0135564926969327
2.03644274984988	1.14377129280548
-1.06993494857809	0.348287356295272
0.920797389782037	0.623073207770437
0.998847800134	0.501593033977647
-0.842416267004409	0.251298774042738
0.0914747002527568	0.0307765615856386
1.01736581138788	0.529623723577413
-2.82800405415571	0.916370270350291
-0.160935992843993	0.0662083592344008
-3.51856852145392	1.34364082261708
0.298849570099362	0.120815944248708
-0.287311640608123	0.155377486685
0.756208476365745	0.687161407216345
-0.78069150613409	0.310069355023575
-0.172158593190445	0.0724039716499871
1.28084870937117	0.692380201857946
2.24597190744917	2.60373995555857
0.784601048258857	0.526458599322176
1.76886403267029	1.22454072914468
0.30387868780347	0.127411535739343
1.26363986415512	0.929658697869785
0.232254694312269	0.119029680333456
-1.21648077105755	0.599768276756895
-0.538831147211154	0.241561621271855
0.455382730413276	0.257295991985994
0.523257824801681	0.326244775593673
0.129002228320579	0.0719258086641067
-0.306778125406284	0.136578697126953
-1.5244335964694	0.912173229008773
-2.15590890961996	1.14099609303808
-0.939693399912529	0.412700809050046
-0.66652761995922	0.321918862662869
-2.25652257883128	1.25103550495795
-0.786745993140405	0.323929951540433
-0.788772847946903	0.400530261166172
-1.30788943398092	0.690143139484799
0.243925515807776	0.119842354723618
0.0222191465779497	0.0102132178342137
0.00133305266336614	0.000819909190379553
0.376654143479339	0.19173097780154
0.766568356839961	0.496515028565538
-0.547869984655402	0.24086842715497
-0.192805042058664	0.0980118578460591
0.803537412059536	0.40774694925943
0.697913991073652	0.290130257988888
-0.245098064752702	0.073757336415387
-3.68121360049036	1.50160480915984
-0.623314590878046	0.230885797131292
-0.156553290132035	0.0662748423341265
-4.5071433755514	2.42423938360189
-1.50598133765714	0.866191703919075
0.279187153323024	0.126760256109698
-0.334579159257114	0.229686596479022
0.461490522028163	0.351152479097869
-0.100052056088226	0.0448666831560567
1.08851149777769	0.855402351603329
-1.53051122527331	0.910018985265891
0.149373431385318	0.0711504093007372
0.575785556605958	0.397553675233674
0.265009049483335	0.156481313945501
-0.210503721681284	0.102969020917018
0.827585227708915	0.711496569758167
-0.548781582766818	0.304224388946302
-1.77847356256069	1.20682724610585
-0.414701804277706	0.226867641121227
0.375294819706073	0.189634328564939
0.38139061975215	0.192463041033826
0.0035449814673329	0.00167777836651357
-1.0988570926748	0.665711260150895
-0.106830117714678	0.0366090248939683
-1.46855819576195	0.558765502771809
-0.119656690555982	0.0530841876252988
-1.08068736496745	0.505178620349436
-0.615719086778194	0.338258507410387
-0.605079541004949	0.375311304772359
-0.116355229626021	0.0498959471155434
-0.740492807926107	0.428451059556344
1.43163232767699	1.18255182772758
0.143310008276052	0.0608690225886689
-1.45901508686364	0.578745519428271
-1.62000997484613	0.68071610189105
-0.631157932063117	0.237768559992294
0.487217620165528	0.205332723067472
0.290234967341019	0.119630505757154
-0.0927946550541012	0.0320884737272239
0.118594744316451	0.0507597377988748
0.855874720449487	0.844310328642412
0.69128195224693	0.469606973718853
0.473169962110642	0.276020437306055
0.935030015029746	0.734180873635429
2.03499707226974	1.14291516805563
1.9699544730551	1.54036384349576
-0.00460212898470331	0.00141273418163691
0.200528838402752	0.111325837226802
-0.701346456869576	0.399706605366406
-0.033289571906829	0.0123176132357073
-0.435657849264943	0.201257035592476
-0.2044257286437	0.0957900173641208
-0.414973682477896	0.168473234539411
-0.163968553471182	0.0694180777401326
-0.260974890240726	0.0997979535449047
-0.6790393399779	0.326433307504175
-1.19224680133055	0.581460874163071
-3.10323230642891	1.0653082707597
0.124324174963419	0.0478707201498552
-0.551772389509714	0.347051937020106
1.26726644825447	0.824782650155681
0.699195660882372	0.494714431945447
-2.02353386043207	0.993213120841662
-1.30623102756995	0.455533494267887
-0.113965139083802	0.0386016906771285
-1.07666813951648	0.36466782984443
0.909994347830518	0.627032595335696
0.878063035149765	0.332310344071191
-2.50013836544569	0.752963874303395
-1.75201622763541	0.774383088065055
0.526096748439555	0.322755678630545
0.694710822459133	0.513831352829349
0.121893904182451	0.063475069432717
-0.787835202549395	0.311617671534093
-1.27952704905455	0.855360006950965
0.546465924658674	0.128383503124171
1.09962363838357	0.863841661980851
1.10222890067438	0.854483870979594
-0.131231200941139	0.0700714290124843
-0.804919529594217	0.403667608822271
-1.46583095830101	0.577071383829588
-0.785070026214952	0.397974258379755
-0.0656234260352866	0.030575503046864
-0.184930535286159	0.0953499593121738
-0.548676532602417	0.238551272505791
-0.178504986312938	0.0908440732765694
-0.0597876651881387	0.0299109888878801
0.0272544498111631	0.0125724073912405
-1.52335121289625	0.902813253013297
-0.0360655168743842	0.0133809225218731
-0.801325253520492	0.492929644389202
0.3490781645881	0.197328352556285
-0.0685335720146275	0.0327112530142511
0.476789286971568	0.270943537629352
1.29156651789677	0.796657508052969
-1.90760525753821	0.910312324671241
-1.28331625133256	0.470420786668762
-0.513545588916538	0.134680065307493
-0.615989116767087	0.22336209648655
-1.45414541273076	0.567873779920886
0.904578525759815	0.584435474001008
0.697091520889765	0.306187167623511
-0.644963629852008	0.242285014666757
-0.0913403969679666	0.0317912187442377
-0.255574220174089	0.0960538250283623
-0.0138534399870779	0.0055084600693299
-1.89259641500828	0.91276030314906
0.289820562148622	0.127000181101288
0.950249391352742	0.696281725583408
-0.309502180473247	0.187973261733928
1.34321860568614	1.31225615153528
-0.436681072808454	0.229557667313841
0.875949042195908	0.334726256506935
1.51065418219975	1.04147655284642
1.36125658791626	1.26292130891242
-0.991497150693854	0.758974210244794
0.903413984214681	0.587466068240895
-0.158797455060881	0.0662952878087189
-0.429841028421235	0.23630991135655
-0.678307783270462	0.324547794309883
-1.36771601350078	0.972897588347962
0.638479630208385	0.399061072820413
-0.550120789581555	0.248611338747646
-0.435643957172468	0.270933753102322
0.297320981344939	0.180340110344849
-0.420933163849432	0.251845363742096
0.865348023039824	0.494253880506904
-0.0964448276872123	0.0340177875304735
-3.82936568046265	1.62990953026003
-1.76655535865564	0.768631442413327
-0.527497629354031	0.268875360976765
-1.31067430693171	0.69300531282128
1.27645523122494	0.874319285287122
-1.33940167953319	0.943430676336298
-4.60078161843818	2.55488939728843
0.240517044433338	0.127653561920818
0.541557554696	0.194114338129968
-0.807204734572764	0.320509052189271
0.552166684348044	0.206093792238402
0.148845545699012	0.0652490010569432
0.246648640578324	0.105207144848907
-0.787414698935794	0.325163340197709
-3.68011279342947	1.50238720498449
-0.632553948345149	0.241255784524975
-0.629562096271966	0.232603347009452
-0.163954689503208	0.068065308918386
-0.410585341270261	0.170263510199126
-4.60878378149648	2.51139726493052
0.129877262044862	0.0623222446377845
0.0161528170660744	0.00665264524216178
-0.785586489671411	0.400850285815527
1.44433999379362	1.03603337551204
1.05445212041167	0.976138455456905
-1.52221045925905	0.835945618535947
0.432418038213775	0.205724608448399
-3.66965381157033	1.47602873590866
0.845021183792531	0.775196344961014
-0.526134286876445	0.263707008188135
-0.2125791698102	0.101602598495536
-2.52647291760158	1.5961234015583
0.307211026561721	0.124186192553104
0.684038513639201	0.377560983862112
1.88510394811943	1.20005527922883
0.392832660168103	0.22298166681707
0.542180560919854	0.334808892796641
1.33288156281445	1.17444094773716
-0.976315226538008	0.636771713002687
0.146985888400742	0.0656531743947862
-0.150771966694251	0.0636429955481133
-0.416095945906914	0.232053309599877
0.0196023521285715	0.0104912718315199
-0.237081477340607	0.0708523840942811
-1.0733490551807	0.491049230132807
-1.06564760956435	0.504554753460608
-0.268530889388916	0.146032554354028
-1.00614740145983	0.570632891464484
-0.0995245829895121	0.034333792702441
-0.0628238971453421	0.0321700115439779
0.719062929928429	0.415764093653236
-0.247525477903365	0.145093717399933
0.26255815774948	0.130572564227437
-0.999273149051446	0.567147689054423
0.0914880007677831	0.0303337684583855
1.27425443135085	0.851941783374484
-0.0375742817740761	0.0134852135203502
-1.07016718379205	0.781646569203118
-0.989814880378548	0.551189170073483
-3.32715032644173	1.17488068098715
-0.195091322922771	0.0920865146423999
0.0889720844635382	0.0297237350096112
-1.76006124295281	0.768408972607709
0.128910582305487	0.0549450385629369
-0.087313364906456	0.0294749134261841
-0.895316841587312	0.634646569924343
-0.696495009723247	0.322839474224054
-0.607472465952618	0.330278824774127
-1.46970404858049	0.574468072369267
-0.421058769639287	0.171657575416133
0.386740197862614	0.25045482743022
-0.749384236105281	0.405682589598565
1.52340347567797	1.40342586034301
1.96982517262769	1.54018398633953
-1.08146369633388	0.507357521845438
-0.459638482789043	0.307332200131734
-0.349100590116215	0.226944674534174
-1.01527419251529	0.578195907527318
0.687144350887626	0.38085377213789
0.709786293263236	0.313906242274869
0.552167227851702	0.197911335727316
1.95375900733701	1.49303825042256
-0.910309616347837	0.557015509752466
0.834271274223019	0.657608779992053
-0.0245060150167325	0.00912103742385043
1.25487401177411	0.900466846228479
-1.29455516136911	0.470310777799816
1.08038982760894	0.876014790499219
0.20160264735193	0.1143393915089
-0.152330892313291	0.0935097428785043
-1.61679540852867	0.681474236997958
-0.716691448649766	0.414098051503814
-0.762558183591123	0.58400564601431
-1.7147244788595	1.10358133639988
0.269179140158436	0.119353290498869
-0.31342181977861	0.160638092050088
0.824399623548809	0.626515459417878
0.132811302335356	0.062438893110524
0.466641290763246	0.261854195088473
1.51261618049346	1.40641107032428
0.46534084677164	0.347344462631697
-2.13938887123465	1.11030812513034
-4.11358509032557	1.77001071924141
0.00693415631047955	0.00404651060023683
-0.908457808535645	0.662937095901803
-0.22761584864213	0.106407425972293
-0.797782748319665	0.400183651429812
-0.235906643152293	0.109007383677017
0.22714239184532	0.128286947870469
-0.0877352957425548	0.0306164699229536
0.135003509212158	0.0695386643010278
-1.27697675303942	0.821001040921484
-1.34738665473015	0.908627502725398
-0.413898216901052	0.193663990779705
-0.000444630033444836	0.000442980998690899
0.143701618035891	0.0693029422676754
0.0349870406543408	0.0161298647546512
-2.14285815590643	1.136119837971
0.0166950198257695	0.0083856075791685
1.08873394637298	0.902890663912981
-0.611523992467281	0.472264755258331
-1.29965345840853	0.682608967641224
0.620931679566495	0.479936964493376
-1.08351437608145	0.362192856986952
0.0948027352206676	0.0308430812813742
0.35118716747834	0.196566290111525
0.818651603271458	0.624553125641853
-2.05344196127253	0.991196604666047
0.356130432150178	0.194247213334851
0.134419954804364	0.0673349296850953
1.27206757663548	0.821152778163514
0.254912180162838	0.123796726428223
-0.290077765614375	0.129127627596582
-1.33151820408268	0.670080013948058
-0.161015449493203	0.0822446416481918
0.14056924299169	0.0554592650083813
-0.154737511241216	0.0632230903575952
-1.61520480830372	1.25056873201158
-1.14473515504738	1.01787393625751
0.309115627988577	0.181912761293068
-0.669957397678661	0.464435703482425
-1.11012397061741	0.83005108704414
0.473279399328399	0.267180605312345
2.12405513564041	1.84979447519344
1.05591123766886	0.66882254992707
0.157205903321376	0.075994698796181
0.285693141778804	0.130995598526402
1.27308811391512	0.830220737031011
0.411030217873904	0.276533380780997
-0.121973447866166	0.0538690265595241
0.0191944349305737	0.00903502431287266
0.0157682171769944	0.00640652749905862
-0.413888761618081	0.197984539608623
-0.41421224392872	0.225489518543577
0.132539048823842	0.0685646617880784
-1.2699330967205	0.816634939952798
-0.543737077872862	0.242738597274013
-2.36017448751049	1.36134169727933
-0.330905253819043	0.170612413769462
-0.896610548273257	0.601270100843219
-0.91847846305887	0.692386616349196
-0.621948184571718	0.343530242091925
-0.394542738506179	0.19328792469115
-1.13999094453851	0.857054713508212
-0.812134427405786	0.490099365689751
0.224037743998526	0.1053535637794
-0.274640341372755	0.121109167170369
-0.0743954568258465	0.0368792466438597
0.854560121755497	0.485714841181001
0.0425415126236348	0.0205946698384874
-0.0755204709661232	0.0386135844360358
-0.292067758540427	0.177611371622811
-0.283803784831959	0.168947165221053
2.3819287997254	2.77986228922014
1.27216275671171	0.906905536210921
0.492198450022755	0.215124259553815
0.251777542182619	0.12097528440949
0.279751706309276	0.129721120402202
0.382525341352543	0.249472319670468
0.385910824031894	0.195459299435065
-0.188143503692065	0.0749474266619594
1.42297889092814	1.17486296014454
0.957232930067052	0.434010375926612
-0.106617845025268	0.0359483713131595
0.30952186034408	0.227046160474843
0.325490066071018	0.193946792118769
-1.63383923498905	0.999566395335202
-0.105441968127378	0.0460234926856306
-0.673737405178656	0.32019694305872
-1.77046985766537	1.16899360754386
0.129203232942227	0.0500096009932817
0.027669149446912	0.0109332654565422
-0.782445742109265	0.39795823531339
-1.48293481771043	0.564641877340903
-0.51136761294413	0.26143724691791
-0.656442964524426	0.3111827025406
-0.688737449321163	0.317116851846421
-0.653100077967904	0.326679795044621
-0.083407399300366	0.0399606934321216
-0.663986482637795	0.309496592204205
-0.563075605862578	0.25188269787761
-0.282609634012964	0.1002125666522
0.426061914406452	0.255279177846895
0.811261280756291	0.583406748025044
0.0224344300623304	0.0103261076833934
1.3760028825607	1.18269360521855
0.388753342129859	0.19739648932015
-1.0119279389794	0.577147655461971
-1.60785759754544	0.996655640880905
-1.89708523022551	0.913049810412864
-3.84330002531454	1.62112171249132
0.148339367144368	0.0628392637792222
-0.0952197919582271	0.0324071016242998
-2.2228654431518	1.20864159924869
-1.6213725503413	0.667678124181875
-0.177324842567587	0.0883821038849708
-0.902661114349308	0.648576028024779
0.381973195274568	0.199888010045134
-1.41276174789747	0.788756488397667
-3.01833599285876	2.41332994269529
-1.87394575129358	1.271135895958
-0.00127727701229316	0.0000986207604666093
-0.556720999314506	0.248635960364226
-0.21686259490302	0.128771215462326
0.320313363270169	0.189884478350954
0.938077581868412	0.702438879448946
-0.172896715478813	0.11534614282598
-0.552484103396649	0.24818468012845
0.44154643807487	0.204143647268479
0.695670457810575	0.298623575496288
-0.314839033857812	0.198222051348309
0.155746402537783	0.0745563657804608
0.308219720708913	0.177091200144583
-2.49231208841664	0.741884845199983
1.28426197171052	0.696455026015665
-0.298110375882949	0.135271484121796
0.374738295902959	0.195282096943366
-0.111663434127927	0.0374038168684775
-0.444595582196725	0.151495565770649
1.27390728934494	0.851062770102682
0.552853388472662	0.384112956133753
0.591741853380333	0.282961402823778
-0.55719454764315	0.246537687525145
0.017979073648316	0.00466661923012803
-1.63282212492405	0.697750055486097
-1.28358451008746	0.470403258949645
-0.648143948578842	0.233115810557844
-0.414322467627775	0.169412633380536
0.0263793355367544	0.012175380341748
-0.432826195385721	0.35932669585938
0.939738249901462	0.749656698100938
-1.13261393639211	0.864078900885053
-0.533238235289842	0.303285341391397
-0.734743619830532	0.530011741642635
-0.192585334828549	0.0980263296737089
-1.35912508591331	0.927217621158875
-0.161828376557905	0.0668948851883905
-0.607869139342607	0.41499025661026
-4.31260863035578	2.16760941354346
0.0179171514670511	0.00695078444668643
0.0258608001426097	0.0126667138920901
0.0674632469811486	0.0407123165814646
-0.112522989534898	0.0479017239664858
-0.330495193515772	0.200089711244641
1.06366081391729	0.77685363477422
0.952749471813127	0.768444570183969
-0.300482877451872	0.133328924132153
-0.0623574548014256	0.0366421932310872
-0.605706962370766	0.411407258735656
0.326701122699253	0.218062953227466
-0.783247899963241	0.580643784813861
-0.902214194886032	0.543687100120224
0.0443458256080128	0.0230584614338364
0.427706859913712	0.261088347607132
0.69146805188923	0.390932650875678
-0.732388656801426	0.545388945034488
-1.18629043962452	0.584718672154389
-2.12847283260239	1.13160180874626
-0.305911643967469	0.1856074809437
-1.41558271023353	0.804274704001728
0.900064536009834	0.603030060286474
-0.26184026373344	0.0981341432134761
0.544904343345068	0.340832831513577
-0.683642306205726	0.542531328896968
-0.0765308780801373	0.0364417902240382
-1.06510538991648	0.499194451024668
1.41782910185766	1.16641304174936
-0.220984458840894	0.10689286508466
-0.548959792764718	0.246570362341415
-0.334561552520605	0.17125973120652
0.422558930506569	0.249571217598191
0.711000194822477	0.53878447092262
0.658033692700578	0.427886797022396
1.71373622264435	0.823758900743152
2.11282254711439	1.55514291782088
0.70274940381187	0.381521283904455
-0.618191941725395	0.326835644059027
2.77427209849083	2.16155409851905
-0.265784890256323	0.11473030505943
1.04403596461284	0.602834122755372
1.25403689826461	1.00210200313152
-1.15810346222415	0.953841443649673
0.726482929628866	0.435542656374638
-0.163685306845782	0.0828570735080478
0.641077390864533	0.405689720183922
-0.152774654312608	0.0632157652354061
-0.106582058612563	0.0363114535295826
0.428429603938914	0.260025712606104
0.115270746936824	0.0437233863428371
-0.108840871026292	0.0480061652182316
-0.278751185129416	0.105300365567714
0.0489248709107363	0.021474229585591
0.130496559777827	0.0509824102284152
0.941903766627464	0.741478085669746
0.287068958624733	0.116621102822126
-0.0163896115572448	0.00658630929444677
-0.15896921185424	0.0646394184945805
-0.663537287732403	0.312950558602559
-0.101488518681949	0.0347341584639571
-3.3297814604609	1.20159573453125
-1.32000344337906	1.02400945782661
-0.0180789598533063	0.00653270399292011
0.122154734670694	0.0620770885672007
0.777470680894992	0.504345864526773
0.584305652528021	0.277509926284477
0.901967895191612	0.553038984318082
0.0145157169832241	0.00374290541306739
-0.781810674755879	0.317312553664566
0.446657648018884	0.207375725852429
-1.90436214780629	0.919088992717046
0.297046603128923	0.104541802673291
-1.45857458080414	0.579461263044106
-0.902426857707917	0.493717613627962
0.320872458539489	0.0942158349620341
0.247652160780393	0.121537060705121
-0.0994736170795967	0.022542834663039
-0.615424143322336	0.220718634427956
0.608056824728893	0.343367205306184
1.51735812318864	1.41492988269432
1.06218526432255	0.623685992473576
1.24731649353321	0.885632453062761
0.600520399048955	0.363478506749057
-0.213832085969934	0.0992490962797432
1.4971310326308	1.75285398515875
1.76243681337362	1.58704120169164
-4.53086325684444	2.3622902810162
-0.0870281039969672	0.030743482832246
0.588894998868144	0.343279013073168
0.138845342320529	0.0711159501195492
0.516755886291417	0.272661997035457
-0.941304887060376	0.414417388013849
1.62244593823285	0.844742536201249
-1.36335057129769	0.925929258966442
0.252905737697939	0.131239474406647
0.900748179726352	0.563012603734129
0.147363256374744	0.063259399087791
-0.223808910742589	0.105622236166309
-0.265440031983847	0.0999470313746136
0.688779218235723	0.286689614598981
0.162025871188707	0.0749897039499542
0.143763060544231	0.0543335941142609
0.388717331524566	0.201347467239666
-0.839604339685749	0.601577651123407
0.133821423870814	0.0514466234330438
-0.0905232839486486	0.0311253458300348
0.384024601499994	0.251173455932893
0.305086736050013	0.110103147221894
-0.301749557025307	0.133928667058856
-0.370898914544894	0.210812569620745
0.21038691032563	0.119062129349764
1.46045482562407	1.07770897810622
0.271199773007246	0.16802808982208
-0.716529479230774	0.418696528389283
-1.57881413152373	1.25172445450824
-0.40555094108384	0.169970187283906
-0.0957934086372164	0.0328132885050503
-0.250536665747769	0.0766260758053864
-0.633100356102841	0.339081000427777
1.90078062946825	1.87758663861156
0.908654816893999	0.614293105582287
0.454937470282352	0.30451201480755
0.256311031964251	0.126775807897703
-1.4186296084886	0.794726529147567
-0.247674801094998	0.091472272566466
0.868942482406923	0.486895094412661
0.801399952861491	0.412451585792795
-0.285071198928057	0.128979273637549
-0.166792038169032	0.0685561121470986
-1.62302847332844	0.6839930382907
-0.409902347427903	0.189396263677831
-1.88196472389269	0.88315024717298
-0.396887987626825	0.184150580051068
2.31472609862904	1.50671825051039
-1.31288747600499	0.700261191912076
0.959212186915735	0.429251892105651
-0.15518817966517	0.0640782912112587
0.85941706635726	0.319268879092228
-0.784968868372257	0.37587016390375
0.281003332151421	0.128984555672638
0.243322773834361	0.131832236075366
0.179132291967715	0.133736391669248
-0.451977929549367	0.275889612835675
-1.07634430427106	0.506552490776859
-1.12665384017599	0.811974114251906
-0.996355954212404	0.625317255130906
-0.446504003574448	0.359803666423591
-0.329229675397175	0.13451838932957
0.270938296298105	0.124437136982328
-3.33899824153154	1.18226769740498
0.928328231484068	0.643642325371456
-0.0507903260548906	0.0287375036343101
0.352329839948792	0.192035530656363
-0.507707869870544	0.253807271160239
-0.167488085855436	0.0693789268025326
-1.09332279969015	0.636273286990848
-1.73086327110386	1.48251883215903
0.42460607071565	0.262833014527704
0.940582128905114	0.691192850974272
0.201669738598006	0.120216008287423
-1.28084483509653	0.830634574748183
0.114906749557165	0.0443151554530381
-0.313058446136444	0.193542504120521
0.343502329169574	0.242747271083794
-0.294467199448029	0.134479783733255
0.259439452462697	0.125824424923191
-1.28331625133256	0.470420786668762
-0.247891491958237	0.0781066270572334
-1.42500293635905	0.799738193818521
-2.35977451874206	1.38821007854039
-0.321003128016646	0.159061771476453
0.740653602563465	0.461322852083077
-0.258253244239434	0.140268881974257
-1.8140061461064	1.23018603346726
-0.811465354218979	0.394894631057793
0.139438438917885	0.0651644110579699
1.35885766243826	1.21405038354493
1.27980384556761	0.931141527757053
1.24914523754291	0.951597373107842
-0.624540581819652	0.232202079120495
0.596940673283222	0.289109873339822
-0.23577675476944	0.10953722869806
0.131754499845359	0.0509885088531841
0.219369941761349	0.121799657057033
-0.0921141311054269	0.0317860051120269
-0.636179805556442	0.230814184290971
-0.942592828390898	0.39629868865353
-1.30883303742759	0.670784684282446
-0.249999656320516	0.092064258101259
-2.0183056819978	1.54162760441622
-1.20243230159049	0.596410520858299
-1.53297720450647	0.866679391566095
0.13338410705107	0.0566673137759482
-1.06470741806741	0.502220029819871
0.427847690427737	0.203081793410335
-0.442354235496594	0.152605591796983
-0.00980283090426349	0.00541224082246843
0.195956857658375	0.109192575553359
-1.00243951055335	0.585627229515134
1.26604862004495	0.955926157185123
-0.99729130610221	0.781519995525387
0.295780306942825	0.16895085313783
-0.80911712747065	0.505273739408769
-1.08010190469453	0.359548596166992
-0.833159166502476	0.254330875026579
-0.172659877563265	0.0685535431838463
0.220696998928646	0.117712102915541
0.381097007816633	0.191137787652579
-0.185687573286306	0.0982142047165325
0.431578075771041	0.202073844333184
-1.30173653167245	0.825232180639564
0.773107682138037	0.522775504711805
1.64026738325718	1.7012088387325
0.754021322170844	0.439715144309256
0.73109795978462	0.54172296799647
0.685295298933788	0.365702311740193
-0.689446515192417	0.323100007841747
0.201515771791531	0.111822491085014
-0.210644202734446	0.0959794444316799
-0.623043367043011	0.235489444745503
0.267241324530798	0.119477137478137
-3.9649744965498	1.76884208379733
-0.17693833620637	0.0930272658648809
0.266582314745562	0.15770906642374
-0.995087763849169	0.557327879123358
1.10108071186061	0.788446383845325
-1.09222586460334	0.669603308926354
-0.0608305550010361	0.0302229467985213
-0.257047575665918	0.095351772698259
-0.751446793707721	0.632579615785589
0.288155352603054	0.130073555692858
-0.0328472569404626	0.0173915247412054
0.260800950676329	0.156472701458544
0.0161283144488667	0.00810992313944538
-0.592925615203842	0.36103564246677
0.0861520901958243	0.0283991931382049
0.391698657447114	0.205898750895649
0.37161427905063	0.236305001526043
0.768935397269079	0.496231738908358
0.107525662856794	0.0541764255027474
0.14584845333092	0.0679945796940148
-0.816781126652438	0.501373667381829
-0.615989116767087	0.22336209648655
-1.07840065145315	0.50799666318433
-0.211954726249785	0.100618064867245
1.02339591881587	0.554001529964476
-0.315022160863056	0.158731306894591
0.252123066870179	0.132484246782854
0.644314002826593	0.499359492772523
0.436247020617864	0.2665833515231
-0.802476771254047	0.491076042593782
-1.56309963464345	1.72126102493784
-1.10836876635799	0.657091099428561
0.828713242818423	0.656632455118835
0.260534129369535	0.156589188124737
-0.653968458050419	0.5432299554672
-0.793450989607851	0.305298907007439
0.384130031926002	0.242649101267229
-0.044626802842573	0.0226474883399183
0.532867974203367	0.275802923243932
1.8425466606278	1.5033016019744
0.000345460011485821	0.000781494008512668
0.00145832194295139	0.000890172899819264
0.149207207691392	0.0810602030808568
1.24411714200528	0.979951505174042
0.639963805315352	0.512389571508355
0.714996746550693	0.555473845845842
-0.833163166323197	0.584948059953327
-0.0763829063514949	0.036261451199641
-0.252696329873473	0.134074125838622
-0.0765052700370409	0.0359154212538356
0.479921497386318	0.280677767162033
-0.110015416562635	0.0482416362707177
1.07437781346982	0.687595198953157
-2.42648679737973	1.47965553243735
-1.09475657367981	0.64492705697473
0.265595247597842	0.130145627387007
-0.17077619747056	0.0903703263228186
-0.104867806195162	0.0350544142967887
-0.304701589025023	0.198685663762671
0.128418708031384	0.0651328191320406
0.183408770396188	0.123482207285437
-0.0761123122228698	0.0357632329500313
-0.0764801564385839	0.046964816080387
-0.34475762261747	0.196001555775926
0.931927807033175	0.656005897505315
-0.0654563498867293	0.0328203147610224
-0.0977501040625098	0.0335852780734078
0.132510304864074	0.0625098181428397
-0.701814209154512	0.398223226832987
0.788840677193816	0.5365169786954
-0.0108252433218241	0.00443971033905787
0.140691193639134	0.0604105175975684
-0.799264290624644	0.485731279304396
1.27223987798492	0.749591895123872
0.228648276173065	0.11976995207202
0.532216826008515	0.401323175530177
0.0266789140196412	0.0121626083763679
0.123836650888958	0.0578436768324528
-0.586454580376607	0.35746414946184
0.0318189833801957	0.0167826704462963
-0.309133817425261	0.218663082328799
-0.584484200252583	0.347851234072776
1.42479081188619	1.14133587065649
-0.278904769832869	0.205528586783507
-1.32773569531668	0.903499062488192
-0.837840297745939	0.24818333713429
-0.452047298601351	0.156919646143955
0.661657073073049	0.619084747166482
-1.72632605194325	1.12313950796671
0.300477710834038	0.175138394238517
0.689936801670444	0.390764070508064
-0.547741748583435	0.243717539149531
-0.803727451874539	0.689905165501048
0.407875260467389	0.239580641739567
-0.00170310079615681	0.000357435166602806
0.95811554754077	0.826644544956458
0.0446695312789966	0.0203061551674438
0.612960950097642	0.299589968974868
-0.160428231605104	0.0823341240368642
0.478766079812841	0.381057120107237
0.115256814185963	0.0433540432312833
-0.319137773160909	0.13809061841062
-1.46326777156861	1.0707037734
0.0900290652081492	0.0649158490759619
0.222148092120988	0.142877606850873
0.418573893123859	0.25747434008306
0.200526696401321	0.118841190931877
-0.320946392091326	0.200643476285712
1.46477970613423	1.82173694803704
1.3014608430914	1.34449672489108
0.299066309511489	0.167199907066201
-1.28699113631282	0.975861103760253
0.288095693925469	0.242199551908954
0.292017702386781	0.269593224192717
0.140328974102459	0.0947787760453052
0.299943575774267	0.169258933708338
0.18722151616574	0.111445786087161
-0.295185723888354	0.132176602033316
0.583241047231603	0.401663938156185
0.603249525481395	0.348015320614302
0.868210143033091	0.734743631289131
-0.618937269768389	0.373861264093292
0.015771914822655	0.00751806146032409
0.202630677012293	0.119709861532616
2.03824275077253	2.63257394995896
0.00311714348636996	0.00152053560669008
-0.660861155970272	0.461079804199824
0.7422351129872	0.449511888549446
0.684259444860472	0.481346426347981
0.0643049885436355	0.0423114238040809
-0.46116201828319	0.331333877934858
-0.119325980925693	0.0524303935596334
-0.205658031459333	0.127775039216577
0.221132126632797	0.168015932066263
-0.700445461769333	0.582929478135887
-0.282579864538243	0.214398455657538
0.530673947303797	0.320425189902152
-2.1244436294935	1.48714535709025
-0.200694112036325	0.14082402476495
-0.668755558954877	0.427682930554238
0.107257057811363	0.0543721462705466
-0.408432729042759	0.288974212983823
-0.58874333849966	0.348077264211011
-0.257958333471955	0.139061060958942
0.370844720179027	0.266643136853735
-0.401344851827904	0.161630869183247
-0.728517862612453	0.408830218399585
-0.287838550002317	0.127509432253513
-2.26631120165477	1.93496210022228
0.0651765380367121	0.0358899189134633
-0.306661796702527	0.202654794305698
-0.481712131432514	0.280946812379022
0.406937552375777	0.352973733046669
0.181251661276913	0.11905307434776
0.688458588587952	0.480186393980227
0.235482536834635	0.116009155181547
0.92920667530103	0.927007190977305
0.296944085775838	0.135634746868102
-0.0474588434271287	0.0230608246770365
-0.503430718498717	0.316855475212938
0.00265178224701829	0.00174422752107331
0.0450414835769036	0.0321153747281625
-0.00409377373448666	0.0012810062518405
0.0932751453864612	0.0485030962567664
-0.146809689668054	0.0946193084470104
-0.623676605887397	0.331184420548022
0.36182883857211	0.22724615663441
0.922774009920087	0.625432402324691
-0.831762982369214	0.512160727489618
1.06417019331781	0.623760551903632
1.08587878516816	0.910091556374384
-0.727112966772262	0.423167843943565
0.488568782707228	0.204831857714678
0.254777933123835	0.12970918249941
-0.420101184612614	0.233936203082002
0.743759068651732	0.443577496686105
-1.09328132263296	1.06196569873306
-1.08189346906012	0.637322894303126
-0.0480347243852961	0.0247744455009414
-0.0504542076587725	0.0350120540532768
0.131734537243026	0.0560227438600505
1.76738002145197	1.95691319043668
0.145594797503464	0.0746202300691584
-0.12630588297376	0.0724096768982753
0.736965755041173	0.449262363871782
-0.759002626877579	0.524423065603975
-1.20856856392685	0.598613357268326
-0.340161136112197	0.243351403388292
-0.440926572804009	0.373934329650552
-1.71885127767506	1.44912821032858
0.113670499710222	0.0577508152059975
0.371491482291912	0.240017972424446
1.0741402768702	1.05302158378585
-0.819072767256977	0.723131756804593
-0.583753506483806	0.396154337900445
0.0134633550013517	0.00701259622808099
-0.100284091916379	0.0695916465202683
-0.866002148144706	0.59830289304767
-0.413608176171993	0.267262650447401
-0.785815298664952	0.77318297182416
-0.762160207110399	0.662766042182338
-0.377528433660599	0.276846478990817
-3.16218148576344	2.77020643694383
-0.142020602569247	0.088354249034361
-0.339672517918684	0.193396491984032
0.678931794805349	0.376934230661193
0.0157983535299817	0.00701092841544795
0.0144582412315485	0.00617486359476821
-0.503495147116669	0.305750375248525
0.187116276478132	0.110663165634183
0.0245702814261902	0.0112018403354711
0.0909502004329891	0.0487615254768676
-0.21894362078087	0.132217553109148
-0.294438621310667	0.195438233806152
0.01344774625764	0.00574479469591425
-1.10862168877068	0.665389732073906
0.0913130372137733	0.0551597553442695
-0.235618466309844	0.164292203670829
-0.0955312902273267	0.0581220119874495
-0.0689258733031252	0.0368109889860373
-0.220726850937924	0.135988926991595
-0.440564175563479	0.341279736636454
0.0745745272442577	0.0438833309212948
-3.09758000874198	1.09367827811836
-0.60168439069662	0.483768181447074
1.74226050744824	1.92760690777275
0.216018923743422	0.113218231290722
0.486674542784274	0.319609407977485
-0.320680207764407	0.19749297567108
-0.200218819665654	0.128045816265864
0.191473671510201	0.111395056653882
-0.216920779712743	0.159243585206159
-0.32144832034388	0.162671593936277
-0.532563987061801	0.377978052593869
-0.0612437781830655	0.0308621403187681
0.760042970219169	0.627945215011074
0.239141945848321	0.127635675073708
-0.529563622936798	0.377858052635666
0.790737670803885	0.539279880160439
-0.237121440066371	0.16703319938592
0.0157930390467496	0.00745411922812714
-0.289808716013582	0.189105683360935
-0.00226622670478325	0.000575608942896378
-0.367434820573003	0.211946006671264
-0.0639259830089626	0.0325949111276434
0.579699838004677	0.400079885551783
-0.421334595360082	0.270386807480782
-1.84724683142312	2.28222553222255
-0.382507197290276	0.261397324744133
0.355006720666322	0.19249456786063
-0.362658978246174	0.215693286832296
0.194356263117809	0.106826211529614
1.10011908651176	0.985807638760088
0.310645590234525	0.183110723491473
-0.168316591896645	0.0680901039989917
-0.215800302667926	0.104141973336732
1.36248671647099	1.28418012512951
1.0849260202539	0.830905796871231
-1.5652527698734	1.19585988452403
-1.28937322769183	1.20820424043147
-0.717381282765232	0.404801702252884
-0.0477342287392566	0.0259243251208368
-0.242971963272792	0.165321629955224
0.0188531190048681	0.010539399533627
-0.078233217742162	0.0404487389044291
-0.499804308193188	0.367249940037115
0.155392662665207	0.0964491365282296
0.286065279246419	0.193998323384986
-0.0650451647277401	0.0466377616878856
0.125760930573232	0.0696149296086279
0.0807458944546068	0.0458783767592983
0.058813612080804	0.0342541466099199
0.164532111141828	0.0941042327950326
-2.23275683148789	1.24458545031961
-1.76330653558045	0.794700766284415
-0.440793366661749	0.272288197355089
0.93540779995361	0.654555296610601
0.752742402343953	0.62015289813763
0.268721866412396	0.189274012370185
-0.257840176269218	0.117932908825275
-0.727232940361978	0.527573231863343
-0.131241517566102	0.0690387266192254
-0.44775228336439	0.270222227980954
0.546085953230191	0.350071665216507
-0.287746857712711	0.128127442164332
-0.153688313821057	0.0631155010542198
0.0135852561721709	0.0056396519522045
0.652287822767019	0.582798214930964
-0.741183093947614	0.5449176282172
0.12431395281689	0.0694537595498577
-0.0296066470847193	0.0156165297258719
-0.130242214906162	0.0805307602754929
0.844365978783331	0.663425466343334
-0.545590645181926	0.2708902169609
0.288873369738914	0.180555218859413
0.0635574430542366	0.0373923609021712
0.422323484547808	0.309223749432179
0.37641490739694	0.239272269109957
-0.5426455020627	0.239168645106629
0.315289402061421	0.188825783960796
-2.02723752349064	1.49634855762977
-0.0549238766555769	0.0290283766946652
-0.537271878724729	0.270664792955128
-1.2632472778346	0.837214102126698
-1.1047837969694	0.678198789372622
-0.0720534531536901	0.0390761813362418
-0.141416505055858	0.0805778609086347
-0.833547587121253	0.604674299015744
-0.542790324817225	0.348015308836793
-0.0491763169727322	0.0267685246725153
-1.50232527053772	1.14635800960509
-1.44237941934436	1.08623648487471
-1.21010975683506	0.765930726385965
0.0907353442604943	0.0641030042531703
-0.676470394028468	0.322714289090336
-0.291513635079664	0.206569450881874
-0.100795458200827	0.0434628980567
-0.837725680837318	0.257618742248887
-0.00345855215882527	0.00102651339625792
0.704845886198054	0.365201130803168
-0.307141175098772	0.15338863171826
0.589685061543358	0.341927077637348
-0.0527242870087555	0.0267866957134569
0.210629847255325	0.146956521831848
-1.73760485712527	1.11684277769231
-1.16658270429161	0.783594200131935
-0.0423702218578901	0.0224610922242196
-0.929951929436628	0.880950680307258
-0.0365285341298544	0.0208672568072894
0.0576220649404886	0.034223784818337
-0.332783156735749	0.327532983773606
0.198861409277417	0.14583625632299
-1.13183070235592	1.29075519256587
-0.760888717158029	0.652066657978198
-0.165372437220663	0.10575796998606
-0.342018482168664	0.246754635916135
-0.286589461131821	0.183815022598209
0.084215386163541	0.0569027865337633
-0.519195235793646	0.33888848997586
-0.291435544709154	0.214036340574832
0.10870461919776	0.0597477559707277
0.821778705960269	0.66567463099417
-0.293068093196324	0.214791406755264
-0.293352401055842	0.217784127937589
-0.0580508123905043	0.02989379883561
-0.598586172276512	0.444952023490556
0.0433630112178944	0.028244583323356
-2.21821094435244	1.86476078903792
0.450363541255377	0.332452827950392
0.160909879074581	0.115071813208957
-0.217581437401022	0.0997686961963459
-0.432393368219818	0.264625912913398
-0.0411860001159598	0.0233022047377731
-1.23719119124571	1.24242452646738
0.366693235967585	0.235828171236217
-1.84307804996391	1.75143353690335
0.509906788555148	0.359912739262219
0.289976755315828	0.179048351709849
0.0589749438254804	0.0360530829576278
-0.0741713221207198	0.0397781820815566
-0.258882393677708	0.184208497714472
-0.163175005503729	0.100717612340786
-0.232813866860774	0.140591739857073
-0.203314360883106	0.144470457891904
-1.89259641500828	0.91276030314906
-0.546788772529112	0.241098003933604
0.894471622542512	0.556188344026924
0.396836010899063	0.20821178652103
-0.603964715977051	0.36588059463728
0.447151779034958	0.324762361523649
0.0142514236340415	0.00750326285667116
-0.0508872604074505	0.0276076042770958
-0.766855583316588	0.831971192336546
0.0640200771149211	0.0423990693519848
0.214587870504024	0.154722661328274
0.0489880370629238	0.0332271783088876
-0.851667077536404	0.816567898904074
-0.548606193938629	0.46384756334177
-0.82531739065304	0.925276408599928
0.420345199192575	0.385677255983554
-0.671117026487219	0.560718314639937
-0.85436556348097	0.936416604319905
-0.0449170427501208	0.0298825603098496
0.118042261680746	0.0895808727879304
-0.719626523544217	0.871809543608466
-0.0487641151305976	0.0324206374575536
-0.569853412941334	0.577075644239692
0.342502418355598	0.283112160041501
0.631134764510196	0.465036701835408
-0.249744315641998	0.13908857497718
-0.736637149300933	0.434509433673405
0.574787516741012	0.560555286366059
-0.044043739532781	0.0236473184538897
-0.216214917034722	0.147079242442659
-0.144353301713644	0.0940957094023656
0.0468265898266408	0.0317526057273576
-1.35655444764169	1.8083246228353
0.0390761468804961	0.0223449291189849
-1.30535833713756	1.05866803690331
-0.892971608834785	0.782422628474847
0.0408883360493233	0.0217451288824027
-0.0814918756057562	0.0406291968355385
-0.106804334152956	0.0486286403813947
-0.994247152633195	1.04610098800459
-0.0123936582657026	0.00700086226604589
0.948307460354121	0.724062243076943
-0.508925682492124	0.387814510111167
-1.1324124233864	1.1299391504943
-0.85446992451577	0.890662757592039
-0.084819849432182	0.0639961972837646
-0.607710453287809	0.523345360299829
-0.786259099700848	0.672473356643989
-0.0945032483602891	0.0218370726435746
0.675042357100113	0.474693509948835
0.217986599033688	0.110343103842329
-0.0497811747915293	0.0305236466195097
0.262777253858576	0.158998303517193
0.466481183113856	0.347737235295818
-0.163588923510023	0.0923827677177879
-0.476917685806073	0.329676391906307
0.127512251786312	0.0668683762889331
0.00517536170663247	0.00286781112293458
0.170189849396123	0.111350572565857
-0.356864555778268	0.300580855022747
0.370941390568013	0.275134160159099
0.535081252309662	0.342070094737873
0.538297240419106	0.512479423057846
0.947754948537425	0.921986940360453
0.541075649450278	0.403349264897925
0.306727887931548	0.228880420277212
0.271243557354769	0.167223678485026
0.300506150081998	0.198455477149308
0.192923092684988	0.130692262652736
1.06549470279436	0.679816702858338
0.0109319298384374	0.00460690724630216
0.75055713919137	0.469795271747061
-0.971146057529932	0.939702463348675
0.7388990777061	0.458858076995289
0.843363318398001	0.698483322314087
0.0972195034523628	0.058626264670901
-1.04879661051228	0.863406943868998
-1.86228569483358	1.78043332395367
-0.609618850518977	0.416683432338117
0.1639883827247	0.103958312769341
-1.21691476551585	0.760552246479201
-0.331139799791998	0.169126797566693
0.844291018747844	0.736890893008996
-0.227265765599509	0.134109015299345
-0.349681580042287	0.265736000367345
0.302718310438041	0.177588610115227
-0.513909465775297	0.336914344575433
-0.577886151364008	0.396324124094395
-0.279549113243833	0.212821825572292
0.39384025665995	0.323842084225905
0.0020911165161574	0.0017391807394458
-0.0565859655255445	0.04250782453153
0.428579206998198	0.301460535037783
0.375690583140309	0.363691221536078
-0.565914754230562	0.668759111943485
-0.137639256318075	0.121131133218336
-0.706425599608863	1.08418656079887
-0.772217124183963	0.90840768365855
-1.05171283665256	2.33017384693105
-0.383335184384456	0.443040245898317
0.568979992885399	0.70926730425243
0.239224415941476	0.18540561950932
-0.215634446457632	0.164686316354379
-0.0341666409293042	0.0241160783544483
0.119887026412149	0.115036268414267
-0.486854922126845	0.519474226520533
-0.295216567493151	0.242162068882586
0.108503368818009	0.0818314526085642
0.921361226857218	1.00102353971937
0.613007995437541	0.448770359395964
-0.0722348716545825	0.0514792175029941
-0.286677227113627	0.215574612268846
0.210628218059516	0.17873761566707
1.61051334422204	3.02493933847805
-0.0823780641935217	0.0728690972913284
-0.096988782984952	0.0792703176910527
0.150631885387402	0.0939644343904922
0.0747610271819333	0.0538517108356867
-0.401971448059051	0.277524240624309
-0.9008384672516	0.87446764968229
-0.530248895227943	0.342345324582959
-0.327293501591331	0.263199709953522
-0.319234068740002	0.362478283821609
-0.350084917298929	0.471533494328805
-1.08998833414537	1.0885335179939
-0.20756551389473	0.147217005598732
-0.248914536599804	0.15353168464977
-0.323196281145805	0.260273069272467
0.363463219215874	0.316065081442977
0.936866876291256	0.989049641253869
-0.205087961162827	0.125059560240647
-0.783424006471684	0.743469917993545
0.132153111420677	0.100016779585214
-0.444540647519621	0.538230655024882
0.0419781273981223	0.0337500465223792
-1.63259836559765	4.35702861999226
-0.459144284690327	0.521582681603033
-0.504316987555926	0.492583143272286
-0.0810349784070256	0.0513399787828049
0.0397875912378417	0.0315079940876501
-0.403594580861974	0.317322906856912
0.561858683042849	0.661384797146807
0.306622690365341	0.282770804091059
0.778473517073453	0.510341008973205
0.103490822033936	0.0741678587216125
0.281575613005702	0.175312671273087
-0.20860820129619	0.141940254274062
0.486853432987452	0.403649189560894
0.955259741691387	1.1043330632167
0.64266213644947	0.534089428806348
0.0023860249841418	0.00190323650492842
-0.339738763339842	0.345978841819766
-0.411623472037914	0.455926166340874
0.293134366177009	0.205144248290623
-0.246658541276364	0.205272522603494
0.398012449959954	0.388453812510076
-0.801306955173314	0.661135571536928
-0.390198944040791	0.251105445180596
0.256597960485501	0.201756400304108
0.194951560936849	0.199708316353635
-0.100029133094909	0.0965337899834791
-0.28465843851626	0.127896477340117
-0.992623280549826	0.577734440286831
-2.52199765369447	1.61492325990822
0.107922229567163	0.0741933472805798
0.0532222716862741	0.0322075315909499
-0.142505802361325	0.0823916001000917
-1.03648203018155	0.919773419929763
-2.15564631070674	1.79119320939724
-0.548595315243386	0.539277886572373
-0.448456646985775	0.278133319015329
-1.71807328129431	2.2768713454001
-0.0311559948123301	0.0220604750877538
-0.0246603300183801	0.0184581939931018
0.547484367199023	0.627764835653194
0.501815273871092	0.450749310496216
0.434131456051371	0.379403542486882
0.00448148790161703	0.00410511422193592
0.0879162075097128	0.0815029139580812
0.0949769852899973	0.0717562930008984
-0.505623600294099	0.438631158265819
-0.113530875617006	0.0761291749562908
0.651985623662023	0.649355906382283
-0.398974624778311	0.256073288156836
0.24375893232652	0.17647133499369
-0.158635246034243	0.120013646085731
0.100028650754619	0.0653276147833974
-0.413297195145589	0.326354035555877
0.113557994537439	0.0859553670340494
-0.300445267099808	0.15645811500488
-1.06270939684615	1.18649213160618
-0.83843053104922	0.588800934971486
-0.103212137469222	0.0741887251198499
-1.19529258454679	0.90769986574557
-2.02226864188157	2.00919085720863
0.952474998738694	0.949515873881327
-0.731834569187547	0.803516040760193
-0.97062999477327	0.749891671127483
-0.256965005009317	0.183925890337904
0.121880345012275	0.0720673202481322
-1.12463101017996	0.932218109428483
-0.560937888288598	0.472216641446299
-0.693595768752974	0.500360620334479
-1.70607983384729	1.47177706260743
-0.685286994958395	0.443417404175066
1.7266255782667	2.59748409765305
0.818692108726714	0.591462992884152
-0.329329151985221	0.171556930800676
-0.810447866807502	0.618275811738557
0.230522811106383	0.1458241681029
-0.827909350280538	0.496711629969495
-0.129673942350462	0.080572673700277
0.113405431753875	0.0696243319496262
-0.0378688999071235	0.0221179176365885
0.106444716831379	0.0687946645928695
-0.376252074501584	0.310685232348366
0.0776373371006832	0.0467964165172113
0.29914234541371	0.21678408251489
0.23480943040223	0.179586682216328
0.319967920966187	0.190721558514613
0.458493680076505	0.449426829291997
0.228769998227423	0.158661732399174
-0.627486443138512	0.63330885080774
0.507327098772643	0.45434624669373
0.00579216322239453	0.0034213645591127
0.301023892096286	0.188711651189524
0.834022452221347	0.64600380705703
1.2279242276814	1.40436625137891
0.61212826672659	0.446714009689143
1.47184746285994	1.61749618939557
0.0785974448526442	0.052022570651805
-0.83067539549344	0.794917234605705
-0.517206651170899	0.440548182946558
0.126555696791315	0.0882822644473937
-1.28692411401185	0.988426618386073
-0.885020527360199	0.726264178666811
-1.83608310232877	1.92033973028582
-0.108325402461498	0.0486637114767829
-0.621628036314746	0.512728603436295
-0.287626100610194	0.127448273635097
-0.432551274610064	0.205093892530746
-0.365644305307996	0.255994812307587
-0.36293235197691	0.205708327530381
-0.0625713353907524	0.0401012554193548
0.83955775442113	0.747847714105957
0.401096258664814	0.351255058650188
-0.191057775253897	0.123106221221203
-0.750391067071583	0.519671963730183
-1.20367876994268	1.26607536155713
-0.44043075477469	0.236912166728561
-0.276328975975091	0.145553472760897
0.609398389371504	0.299665731248773
-0.807697773530764	0.484510074570554
0.00590398279041627	0.0034061508037486
0.101669425328479	0.053158401643075
-0.235015859477384	0.0739045903974166
-0.0945032483602891	0.0218370726435746
-0.105516427544425	0.0358786534140618
-1.60240784595838	1.26619789839903
0.244640185873217	0.162706477865152
-0.51700796662528	0.389990282071637
0.123332800776195	0.0573831516830521
-1.04390698195587	1.03983403002384
-0.566846130411451	0.405810696635735
-0.663177944600931	0.601883027555916
-0.0797103513815908	0.0496228286546092
-0.582130789784205	0.469001657955313
-0.507337204898288	0.433116265728497
-0.24775752039328	0.213683058972225
0.555884429983613	0.421805295768264
0.254272019070765	0.211367815022819
0.277719788120809	0.152281622372268
0.371789038475755	0.312387108084126
-0.312330266968811	0.202172811961064
-0.144656817084552	0.0842227176594885
0.805606205214731	0.896813828309307
-0.062403272916362	0.0356522033037653
-0.00537931138441016	0.00244552111583798
0.171584219092876	0.125047435738375
-0.00105591748111736	0.000166898026688752
0.696151390431804	0.496932399115635
0.180079910125235	0.104639559806165
0.13217866636875	0.098247050740987
-0.992577317462172	0.771267334543161
-1.06720886664705	0.732688508613916
-0.0571484730961554	0.0343644499892404
-1.23811023288382	0.932353459931687
-0.183500967449941	0.0926979139974104
-0.101673974528185	0.0675566252860654
0.223954223471249	0.125610216557061
-0.35480453162788	0.202549035362301
-1.01475711969395	0.986148524910398
0.459941669685248	0.375843502698925
-0.166118567937817	0.0857029250866534
-0.277054127487204	0.177224812122458
0.332501948237496	0.256261958311425
-0.512823091721215	0.377044588576925
0.0109213966137474	0.00602959711533989
-0.919258531113503	1.00386196757381
0.0360238640355304	0.0223858216670129
-0.248969908927919	0.142256317924666
-0.350858695643442	0.199440379537359
-0.666028438893522	0.315049359545486
-0.268188573080937	0.144539113352106
-0.0282848577677086	0.0198926191084399
-0.031178834207919	0.0180326979963014
0.565921731404856	0.483075898999688
-0.557887971617142	0.496531226872622
-0.54853103929398	0.496505963935591
-0.157446411067212	0.104174021678807
-0.396800185196698	0.25906012709868
-0.185743565368721	0.110118671279998
0.0416688957673552	0.0317902825291957
-1.04560327560014	1.01369396518458
-0.264066142559957	0.235701490011959
-0.491139427500158	0.546154826370553
0.292526468711137	0.229604220867561
-0.139381642901356	0.104380357846154
0.403519831578979	0.377440717391684
-0.0791382846584579	0.0648348669870379
0.191041222511032	0.158394869658596
0.207743469272996	0.124843056817195
-0.758202463341959	0.61863130606877
1.24072810180416	1.75011270847461
0.00493770775301706	0.00278743513788147
-0.327584620660293	0.230562559689585
0.0575115121997607	0.0363460654843778
-0.442197302711239	0.376266183408159
0.0270138239184645	0.0179474377843473
-0.896355852482031	0.897857118269281
0.475286849676964	0.435535530995704
-0.527385709342812	0.402371919253134
0.0074086649829562	0.00421141508669319
-0.778781965785773	0.76731464957725
-1.60943059074322	1.83307937237099
0.700063357685618	0.521623954238279
-1.06253091219436	1.09179378946857
-0.0483841730140388	0.0276795074082502
-0.615114513927948	0.543467140856135
-0.202518322609969	0.151698382349677
0.254836984400382	0.19366898757729
-0.777139089230006	0.499975080157315
-0.603748492019134	0.51561595353238
-0.0668061495336467	0.0317989462113658
-0.268277333343125	0.220085343494315
-0.236219493353711	0.200776955376892
-0.0927538723125994	0.0740670024095776
-0.146168691391535	0.0947923454244989
1.19093869550779	1.35750584632684
-0.964753336207893	0.729669637326863
-0.0340150972389158	0.0251287443671914
1.35219441849615	1.53744521372143
-0.984343340898328	1.11024399056092
-0.422100952529436	0.415885775519564
-0.385473520848896	0.336638491393746
1.0864231340836	1.35193260210831
0.63996714511113	0.75572566637995
-0.0497624815702778	0.0383248522298737
-0.457705471834885	0.436967918759489
-0.260908094244204	0.220271067137016
-0.262132233330136	0.22638922787808
-0.766255716483927	1.01668130537836
-0.177590683172151	0.138022157695276
0.208043589966371	0.169429553567775
-0.139663231961527	0.110343933465266
0.407949335752723	0.376606281235041
0.839854093416348	1.24537785618671
-1.24431433894947	1.41392771544036
1.13236940646924	1.56577341044523
0.126594336848699	0.0970869269541575
0.165611451120975	0.113038939458296
-0.497630369408819	0.495243876736208
0.405592695221288	0.380535132342064
0.255980322581024	0.191137715982018
-0.416018771160858	0.356571313069002
-0.118041898898571	0.085613113294049
0.045390343916125	0.0364759539163485
-1.09962068195928	1.60907137253974
0.402727382028115	0.434937086064738
0.0717820501106425	0.0560371859688515
-0.469559555558773	0.43629498941159
-0.947103783015964	1.04506298193974
-0.54208617828187	0.554553650282602
-0.115060593540109	0.090935221953051
-0.720924067263349	0.821858752052549
0.222739467295118	0.15405356052914
-0.5821581250813	0.599087414994727
-0.132733757535872	0.100936735919496
-0.100610645473881	0.0887858995246032
-1.05938966132256	0.857709170718266
-0.476954968939858	0.538422310870599
-0.146568077046365	0.0888271880331622
-1.11019964713137	1.20184333349786
0.108147406135749	0.0855398151278754
0.975484339835484	1.26076535175019
-0.0514946273694508	0.0264810349034989
0.229510845732157	0.151263295118546
0.192077792406822	0.146718921117631
-0.472636880758502	0.507925805949309
-0.101197872434185	0.0886483083763157
-0.295777734622073	0.244329747686287
-0.128722822221607	0.109227205139837
-0.074707388525305	0.0466616274425774
-0.955653748292401	1.47009330668691
-0.181390880758979	0.153591180896315
-1.1600249122051	2.66332885513941
-0.883306944190175	1.37103020952956
-0.323972917731022	0.402617062689021
-0.468918493163112	0.492338028370721
-0.00929241659917913	0.00737448505930971
0.167396929457411	0.152645022777337
-0.683742998365731	0.910555268234095
0.221505349284968	0.174002396040435
-0.61531693596971	0.576984987085463
0.0143804401452056	0.0109161673121786
0.849939125778374	0.812592852859132
0.246738051868398	0.205300941121168
0.658034894853243	0.773688623942017
-0.489708282610635	0.529196463545724
-0.23734138346587	0.209292876677194
0.211777819520041	0.175102672797409
-0.0566383233686036	0.0476235643400929
0.0702197330932696	0.0549144616894998
-0.586806730023234	0.659642990332018
-1.10797527598152	1.79293263120717
-0.0689395592222737	0.0533534463295795
-1.46451364264348	2.00536738151303
0.0922531053762166	0.0736434383693875
-0.526960197698651	0.51803433490711
-0.853665705186935	1.01946415222109
0.105704082949435	0.0767272704059996
-1.2160564362122	1.51710244045636
-0.27275827621705	0.215839097259951
-0.430801729141349	0.395600133414121
-1.60012422221224	1.96246787713115
-0.0951090104793513	0.0842144020969218
-0.171738445540334	0.136339023545227
-0.0595035142994797	0.0387238846931697
0.4076680753618	0.363982773925676
0.231308779008712	0.214129234964019
0.567577825267128	0.448974069785418
0.568276576895302	0.653824039493261
-0.607025909558811	0.537688092232908
0.393300267535516	0.429831491826091
-0.540063006533587	0.608848716384175
0.0207955984502317	0.0156096260496842
-0.145076849673411	0.108670013920613
0.177992595411001	0.194684349215133
-0.163484117137689	0.139863126955217
-0.727850553683968	1.18577169812997
0.0723993582142191	0.0612000715093055
-0.213847612550872	0.232533266564619
0.88639994341284	1.15120493023244
0.426186328141752	0.373094464194768
-0.344900674650203	0.309466814088184
-0.0622602298724748	0.045999258956836
-0.231351759869696	0.203397579368754
-0.824461132333216	0.838923634172055
1.25607558218002	1.62116012264876
0.132546792112879	0.0721461471886474
0.637968433561096	0.616374329150998
0.807492893609059	0.625966080487266
0.138087195999721	0.104125727439715
0.0751707860547303	0.0490340076708429
-0.013119380038489	0.00915461508766677
-0.0128291008845125	0.0101329225439767
-0.221064098559255	0.164165306266783
-0.228446758011686	0.2006227199544
-0.442753499535623	0.421212384729022
-0.233523290714414	0.190790150162927
-0.797817439327725	0.91395739471686
-0.619234512449927	0.426453590995117
0.289304704347934	0.216879585308062
-0.352496552660343	0.341131347971901
-0.485945758547542	0.531705504431252
-0.559377449302729	0.521937604037881
0.614593844434762	0.444259416961479
-0.378898378680299	0.306467765183431
1.22576428964633	1.6368222660713
-0.646406112244857	0.823251028828583
0.109772324275214	0.074300442065813
-0.861307125945182	0.881516502994093
0.333344485561297	0.247511567473671
0.520766575413364	0.273060648097339
0.303115951695961	0.107416386507649
-0.0560476755074124	0.037397176842106
-0.0835234742090089	0.0656790717890452
1.60052849828567	2.22746958596351
-0.645910042678197	0.705575159260592
-0.906882123273727	1.04264525287791
-0.385602162264372	0.391613116615644
0.124154168518106	0.11046149403986
0.296041958561206	0.286039275731005
-0.485380800908139	0.599672154327868
-1.13824906670389	1.82223205268738
0.42131666744715	0.366824096785296
0.596478749191962	0.670043033747126
0.0546204268791504	0.0424483510265012
0.649618540723397	0.646045000311326
0.161762725124643	0.116749058833577
-0.498741268957302	0.490560871406523
0.892002937152986	0.953290714258226
0.447587124976786	0.496920426384863
0.558771824972093	0.497464713015037
0.0515107602519435	0.0328294933630249
0.311037082239256	0.263540668106857
0.0241822589982734	0.0187099963016341
0.362655737168115	0.34147196835969
-0.625489142801405	0.628830245925035
-0.64006929964086	0.721446836779935
0.58648975902344	0.521492735296301
-1.41233606719334	1.44196983966763
-0.281522904004157	0.24598892859326
-0.608651815914575	0.679068542730675
-0.521667435092734	0.397964919796292
-0.0974525646812183	0.0563630557903877
-0.13882603551575	0.12122197323825
-1.6868300030194	2.19821060368826
-1.30828115603646	1.87764279440202
-0.403113241963973	0.267929511021763
-0.051530524583205	0.034107299210864
-0.0378697212830647	0.0241425612822466
-0.236481238793609	0.194383733230341
0.698055629552839	0.738620790113999
0.0362122513639331	0.0271298556968746
-0.197459806762738	0.0964805856165506
1.3944298655022	1.22875669756794
0.0822358907447714	0.0277273698888572
-0.273984369751143	0.208821240131999
-0.20056685425965	0.134635165659074
-0.815354066638871	1.02707113693311
0.459332651285564	0.389957063868789
-2.04146920461145	2.05222932741542
-0.676046415384566	0.536746296880364
-0.316929750912856	0.251957062701171
0.323162563751367	0.248840504459877
0.710956389122266	0.710786256478738
-0.390068636982346	0.335502355543114
0.106724947426658	0.0572000930754596
-0.102678854918671	0.0684004385817214
0.629161402937554	0.669362271599355
0.0484091848908316	0.0354605770317488
0.504854786516247	0.4730401596542
0.00870192989427456	0.00693134449215694
0.93962015839582	1.09653690440205
-0.162445017453367	0.104748906873906
0.0886695314575358	0.0576844414755869
-0.485078443275738	0.450058933723262
-0.157839683605149	0.102157186529428
-0.585021443656695	0.504282587138822
-0.747417893457636	0.584273237096437
0.27966760216578	0.197156788616195
-0.0904583316027692	0.0564064864548064
-0.844802639444457	0.922529196131035
-1.44894111454391	1.51012361141529
-0.645094990182915	0.62590227350014
-1.87317171139487	1.36063041146424
-0.631267920248501	0.556949535058285
-1.80917071173017	1.24548294701564
-0.648419382253585	0.588005670304387
-0.965020794805534	0.637790867523128
-0.628684982980458	0.478814480683369
-0.292965562585653	0.185781325467262
-0.678805124208021	0.494727756677052
-0.3734201753457	0.245128323975985
0.497704498375496	0.335011049118475
-1.40917138637687	1.38885246521258
-0.280216618563444	0.203817780625413
-0.567507684975391	0.509328969536315
0.00519954486325207	0.00311042166217736
0.144945077855222	0.101799497899707
-0.23059769003936	0.158880145439734
-0.325540447365153	0.16526250708305
-0.597059757543059	0.45240266018489
0.0167763392905123	0.0094210492707808
0.463261284078271	0.262654238125574
0.693210531033651	0.489698832455844
-0.0622621566606735	0.0313383834729748
-0.240449734935957	0.0735856686443218
-0.0273833891659162	0.0103604003068855
-0.212725514894677	0.102110087627304
-0.222453409464872	0.169756833953294
-0.822775243819643	0.88742417759137
-0.571178906751081	0.448976795392671
0.290082841850478	0.198585353892022
-0.825548480648907	0.673341056177134
-0.416137999335556	0.243233902101138
-0.986175130705647	0.789499245900856
0.0332357355122134	0.0165150568620891
-0.279842320109448	0.188192405996616
0.545781579550688	0.447664248735257
0.612405953504271	0.460096505168675
0.337933192381088	0.242025888674611
1.05935475472338	1.11623004851787
0.0295067240088486	0.0147511299944998
0.124992439920535	0.0977764951543741
0.617775635450516	0.665284651708466
-0.263853526746104	0.217034974357683
0.374354119591369	0.266021609864554
0.465870638053051	0.368815914486544
0.538496439484291	0.484010556744609
0.0652618567505844	0.0485602140893765
0.152283650823018	0.094802658211261
0.246431314570466	0.193634979886048
0.245880448577187	0.164213896449198
0.528881134559259	0.394288756122275
0.367455228835248	0.231755675247026
0.486681860712528	0.407209646904815
-1.3618844183894	1.30609523309059
-0.91227669740109	0.499016013399847
0.80908020749217	0.579066392077852
-1.1504817412123	0.84904905240228
0.297689605396888	0.170949840665593
-1.52618907618921	1.17806643769651
-0.528624025315034	0.297467338543625
-0.440550443490527	0.355266813242799
-1.13978417797884	0.860340197720614
0.740053957855848	0.453986874289068
-0.517381737330782	0.360979636378247
-1.37672881605186	1.55227324383226
-1.68407475572227	1.3516223097459
0.57759567614617	0.476289330531291
-0.319896975142074	0.160202501370177
-1.01980616617248	1.04091674847075
-0.946749937923623	0.978041655810851
0.025051862170476	0.0114150451270175
-0.882804490444311	0.746857401900176
-0.102731200823572	0.0591150609940874
0.849275457150527	0.66126318606211
0.50704779853093	0.459547644821143
-0.671862697111225	0.307104975981487
-0.510769938507013	0.299333179265345
-0.712684084950851	0.525371029447791
-0.274083186131464	0.154962936606411
0.148462496770929	0.0920154277024787
0.6530391962885	0.505949333063587
-0.100519778979443	0.0472551391132343
0.721443122545151	0.588876372622253
-0.152210050293332	0.0869461987023636
-0.445335281633153	0.27649779905124
-0.723934693073144	0.414372207020563
-1.36602558177902	0.925196953573879
0.0258455028537927	0.0137617063891402
-0.284346177877805	0.125686246697652
0.308849430448381	0.174957779569461
0.60092809905093	0.351086562350414
-0.20190835050671	0.123176377674848
0.537946892073861	0.39694824855616
0.898035648895326	0.980100449155475
0.317535617750308	0.281843567798999
-0.128769618976666	0.0743215123379335
1.15969794944053	1.25864145505224
0.754295963862672	0.762985001004022
-0.536257140473465	0.445673000423119
-0.0148017637140387	0.00911943947195113
0.945043451329202	0.889628417420649
-0.39530321932773	0.248123154398849
-0.943172473146595	0.667040714992509
-0.832305834343158	0.744226537110593
-1.37491536695844	1.17842758423815
0.229309193945899	0.164050600140425
0.205775038744878	0.124463462635594
-0.693733502860001	0.438412846935561
-0.277805442208093	0.120103301276174
-0.0196462100574275	0.00751238751178009
0.390076294791276	0.200547249164244
-0.726033192374922	0.4293967482454
-0.981239838469799	0.6291127005066
-0.896963709552212	0.58956298135021
-0.610843145911577	0.333387776159627
-1.64090226363992	0.980685714967164
-1.51255704485726	0.887278701001662
-0.544255460363931	0.272069599049912
-0.588923340621859	0.464167710552793
-1.29914787226501	1.03939677659737
0.0362435394648356	0.0251125030932329
0.478759464965079	0.320038272714341
0.214602421465989	0.106424843268915
-0.915616322673759	0.445131208578633
-0.633776101029101	0.24266905744596
-0.708804708706486	0.39998227871356
0.208056799695845	0.116253867857783
-0.173849169976474	0.0888880429868336
-0.285129566741812	0.143950611879529
0.086125172986074	0.0540946477282321
-0.44270672207476	0.353303432184028
0.355737735534222	0.287966732914567
0.609269185046796	0.597834368994363
-0.0559599825785946	0.0324745383581559
0.353785953910664	0.193330830240802
0.529193243615385	0.332937706868807
0.474547720253888	0.309955373843228
0.932675382845338	0.716191772157909
0.853116268417216	0.810878080310631
-1.40691335168594	1.41791376396162
0.509651001225661	0.3908462689131
0.0496348582660346	0.0303082165791694
-0.160572328375226	0.138701209055012
-0.619886451251222	0.59135487322087
-0.466054894998971	0.413811208896755
0.241624087935195	0.172050325871087
-0.0518924650841585	0.0395581281870713
-0.38792834120733	0.307111775043864
0.240044563741103	0.179854567593605
0.411621669065156	0.342061263022238
-0.939769612317792	0.813047521850341
0.386387196529669	0.359919313252052
-0.654003519589259	0.546699056659779
0.583331821718888	0.554401762027549
-0.142338658485676	0.089993966011541
-0.631091080411891	0.597291439600794
1.45294601179211	1.48046821627034
-1.36185878395517	0.918910685750165
-1.11626161938681	0.944367354084985
-0.351367814906077	0.201850621037464
-1.6584178424065	1.38441593515371
0.323016517019054	0.191116475583124
-0.70769456130328	0.464555081815406
-0.57281245913831	0.438652433815215
-0.42555085795562	0.339647598150773
0.814163125405723	0.741612225798929
-0.426126671580714	0.345123991037381
-0.431036761692698	0.230072174000767
1.51954157401496	1.38658706892959
1.61476055271736	0.834856422768135
-0.0101153758055633	0.00369901499486994
-0.515437574742623	0.352638081263948
1.19400464492515	0.986888612820086
0.307511866482472	0.18804664563861
-0.115218077484694	0.0513526618137257
-0.232845937550578	0.179904457743267
0.464417474444201	0.348166367449213
0.102140961244201	0.0595321658390398
-0.136638428377161	0.0774682312513702
0.597289794961606	0.430966035375573
0.626880797452804	0.466724320512353
-0.0758888459128036	0.0362636559559119
0.114136078877316	0.0622131357467494
-0.454196756306089	0.498837013380724
0.513072879860003	0.401481188979678
1.60227584595475	2.17205542921264
0.417049089765946	0.251876349218028
0.814792942209128	0.822601260934743
0.343591167800508	0.317371124860055
2.11227646847478	2.56014746272033
0.232665792604634	0.123901536812783
-0.54617858577881	0.459665345213027
1.72099394554035	2.45511994696151
-0.171572418717671	0.0915725423034474
0.0891551766009888	0.0467306175319524
-0.183729210443528	0.113778239836928
-0.12543961382618	0.0828242982608099
-0.786553419418666	0.541715378181402
0.340036832617561	0.234938891801998
-0.0393253416988764	0.0146915962824289
0.0334786427761234	0.0171178690498593
0.219760763771654	0.120997379077606
0.483467691842127	0.31617820798779
0.950859170733873	0.750689632474738
-0.070639476963646	0.0351265675609784
-0.262572383160184	0.143977846709203
0.0169098481799186	0.00706611682346355
-0.508617021177098	0.325641714210651
-0.531027740884138	0.39504461688127
-0.836361394345086	0.477258037581723
0.687321435425562	0.466716419244529
1.09802583955241	0.974857495316328
0.370422056873052	0.235636116794414
-0.618180904539766	0.379603703100843
1.01381575453735	0.512835399634856
0.278308811713827	0.125285453120533
0.0470035008601347	0.0229079272133421
-0.167067690668576	0.0838887304892872
-0.293191784485402	0.12961175705297
0.343552455362022	0.282518718276044
0.369367888985197	0.279534114568059
0.499397935641723	0.442936074056632
-0.0445675661358009	0.0301070468769036
0.534542077029439	0.412486369254765
-2.29766342662608	2.63406797412165
-0.72324206036058	0.517610757252993
-1.69555256155035	1.45790277109286
0.203135474976754	0.0979460162511675
0.549783682623023	0.542024143715004
-0.351900114860687	0.265365368535457
0.335367929616163	0.224912535744605
0.839522488616245	0.81314508105758
1.14481810022759	1.07949378691544
0.261429727340538	0.213846942566231
-0.40748639804159	0.289482155174102
-0.0264872927636526	0.0189499285464861
0.751910333076755	0.75460000757135
1.07848232125992	1.33654977347243
-0.227674553931304	0.138613675107845
0.178705767933277	0.125954381107201
-0.308760807169234	0.299962075545584
0.0868083780826495	0.058876511080306
-0.603549526464915	0.550094824398204
-0.200074865924462	0.136350292072724
-0.0965073857634944	0.0584690667637428
-0.299106317934508	0.17567504035462
-0.747378427855156	0.621861762395373
-0.0614387763905381	0.0335025371727484
-0.226667442208745	0.107415810976325
-1.22450086756152	0.979931619853125
-1.20229897468475	0.774335119231818
-0.528461790401012	0.347510093318646
-0.26630804561309	0.141770858178433
-1.48190845958691	1.32665719073458
-0.509106879650104	0.294178988094916
0.071611330223368	0.0494071632183395
-0.289296656955456	0.197520878385622
0.380326099208193	0.29132162241574
-1.11795425806783	0.684113057543937
0.865758573678066	0.326685916203701
0.606317997025269	0.362139274933059
0.693219793132208	0.4901492878172
1.22357562900939	1.77673105726953
-0.120392977754578	0.0507970000824581
-0.268944919614044	0.194991074336194
0.223058824640065	0.12646858318933
-0.287619199995335	0.185318136156436
-0.212943102631528	0.118758306577928
1.32959014936724	1.31988123720761
-0.641781336555579	0.493418434571153
0.105792217239301	0.0598505013638584
-0.391261073227642	0.25514653201052
-1.51932803079677	1.15060324469063
-1.6137026123918	1.01091317172545
-0.52501724356656	0.303378587637108
0.3351955074535	0.186539120843372
-0.532750755996264	0.345694772462228
-0.52491854898009	0.267793146607064
-0.349744520890049	0.196396148207852
-0.398950543497143	0.25562569507624
1.22177569780582	1.33867241891672
1.12267684540559	1.47608185067835
0.169380801728444	0.0994589122333547
1.4686325445644	1.80918222971626
-0.0657411177041191	0.0366459347734964
0.949825397980525	0.75898993619474
0.561159313663443	0.528414664952893
0.655450110088527	0.617810173344673
-0.682051740527087	0.505565512965148
-0.11664425232404	0.07773231870412
1.22346609628399	1.02393371836724
0.0123524867862753	0.00592722169200288
-0.909854851965832	0.670442444081022
-0.0500058274228962	0.0257917052604801
-0.524019030463318	0.271266066649223
-0.414846468319504	0.225962239078326
-0.27790976015038	0.124160424862064
-0.813258362162825	0.637205766172179
-0.0507871177766768	0.0243086675900101
-0.304233297008668	0.12839591693196
-1.22238958257448	0.555994540479081
-1.58442738982187	1.77462810086737
-2.01588064463987	1.01524180813616
-1.28580649847964	0.852115162038471
-0.810442048673021	0.646667366200496
-1.80541977675147	1.59271018646553
-0.604197407476865	0.417316922390053
-1.14991682971584	0.8383161100765
-0.0930661927946726	0.0475610906231105
-0.853593685415507	0.666274113059655
1.06780625254144	0.913838932571741
0.110521576336368	0.0605653421921554
0.617110086064	0.294147194214432
-0.605574666477757	0.376687373008471
0.682065393967004	0.48321043192018
-0.604048664879108	0.411761177406809
0.473204256568619	0.309009867251806
1.07389408756279	0.883335549308734
1.42986870089191	1.12661696553867
-0.277746231822585	0.117611989983237
0.143110855116712	0.0668198109895866
-0.276407171647038	0.149772982992553
0.400378059865835	0.325828525236117
-0.297286855964676	0.249486853133459
-0.341675047696237	0.287236139360838
-0.809582608778935	0.790060572161913
-1.23847291568482	1.13125916977398
-0.0754737267216817	0.0411359348560888
0.44696743316514	0.287790787924496
0.341866907780357	0.23063074095582
-0.324276033560538	0.171171276558543
0.00426903474893548	0.00262375007944655
0.300341333546495	0.215109235284131
-0.584614560069679	0.476561050070919
1.21945792737419	1.10003121817802
-0.0739119045942606	0.0377786661251693
0.130017148910567	0.090781643918618
0.411930387692129	0.350865803912954
0.945330276481071	0.921107489219797
0.645801021226677	0.594186856164765
1.09640938161962	0.952768879087644
1.2738359906542	1.91268335192396
0.170261405816895	0.113215338406144
0.460720777359107	0.361210602226804
-0.586300681053082	0.682367431593845
-0.0866703661873183	0.0577367977300337
-1.01728106338298	1.08864235441522
-0.58423100416592	0.412845948604549
0.204090122951455	0.117227940421298
0.407800339214375	0.280692866870743
0.143215684513298	0.0693014605027298
0.929146205953698	0.69933397179302
-1.94611590026219	1.37386498381715
0.926397788330041	0.631110396572762
-2.05684803625485	1.57885978296654
-0.377464978974641	0.255166949761907
-0.666174503243917	0.461433857711442
-0.358846602935919	0.245959018616021
-0.669265139092072	0.477270796108267
-0.254546150133714	0.185550811332849
1.35546049237468	1.25591420779253
-1.21560878686679	1.76682083910958
-0.0931302994410626	0.0751364931059311
0.631664541102718	0.65012213536957
0.143003308048871	0.0869560532817323
2.28737722983713	1.71556418635814
0.46911161431629	0.376874621742738
0.0751593872363213	0.0514529850745962
-0.69931283660063	0.507057711170649
-0.101355205318016	0.0562856205084106
0.183364524973417	0.109670806881892
0.316467649158357	0.257527791189623
0.287878708901842	0.199700093067734
-0.0819067543198866	0.0501287762328885
0.545519399065665	0.543958482051978
-0.630562256401176	0.588646147017539
0.244333077146395	0.132236721474747
0.180471055872435	0.10548360942638
-0.0270604044099705	0.0156243391900513
-0.211338788452648	0.145945018479351
0.915550586214231	0.780520292572305
-0.415145820406542	0.263601225764428
-0.627793857295967	0.495712056312641
-1.93349193570919	1.34069349735133
-0.536127578433401	0.344804660714238
-0.411655594007475	0.267130971905407
0.515262233654446	0.364125869655797
-0.0350339746480876	0.0220402220263834
-0.195013793546049	0.111690043991025
0.641614170025572	0.534902723778851
-0.0956890361718519	0.0458377845481006
0.554711099705551	0.460922047837792
0.0613529240473289	0.0422465995486932
0.999820854507398	1.53821923636318
0.133764865463459	0.104143146224556
0.925049190616042	0.684742572530892
0.551399678755232	0.467971966229547
-0.482356265566276	0.38015329185253
-0.498608863269848	0.57757534070831
0.341436275786894	0.229007380055108
-0.640007366652541	0.499761455951914
-0.526364367212058	0.429568661491709
0.498646474344072	0.432742071608569
-1.19086137915554	0.778181778254663
-1.14175070091313	1.53518933480625
-0.39044500028399	0.248636513327375
0.613548490905022	0.452425809724423
-0.512267505738424	0.255046936667649
-1.07917008262946	0.760222842825729
0.110861734706133	0.0510390635782187
-0.810849731834314	0.397040636867713
-0.800622346661925	0.39399696448146
-1.51557700425272	1.15593647534886
-0.607824343367374	0.454315570298377
-0.514386811105474	0.435344007341398
-0.2942315636311	0.212099994457716
-0.490907477700766	0.394988889994781
0.249635898183251	0.125279373614718
0.08671537344499	0.0591870296361773
-0.624552875602838	0.596394134283311
-0.456488672122714	0.263381832867435
0.256242575859931	0.25944084333928
0.560263279246803	0.503517756706181
0.182045539300418	0.112366909278746
-0.185003541377821	0.0943891413569949
0.559434225070307	0.203870193340105
-0.23110865413211	0.148425931085845
0.469511421966619	0.368447189014359
0.0137246481218944	0.00749743360694127
0.706975488713521	0.549971398963068
-0.163983878176179	0.0685008137825975
1.21985461857993	1.09016021037942
0.845034857138714	0.671862036636215
0.395918482816945	0.343996646088119
-0.214630161034264	0.130326132110119
-0.905936311999521	0.485561013241662
0.167713341062594	0.118697719666721
0.921436111541345	0.890555685904256
1.00174968352716	1.29403121021423
-0.189383802412588	0.118714183600979
-0.113110835297892	0.0699558034328285
-1.064609285671	0.961853052030163
-0.422586136583034	0.274299813750031
1.37074441475463	1.28857089119531
-0.205524808324636	0.124319839393472
0.0453935431248437	0.0225626144027391
0.0393171893685323	0.0218115395352351
1.05726563419188	1.22948930407242
1.15165454600752	1.16747625606885
1.07763875965985	1.0163183844844
0.197872646733147	0.163749604045244
1.33422637991177	1.71695278141281
1.25803277234346	1.72578432733343
0.735847881578225	0.851730047095367
0.324397869665846	0.279212648405938
0.315224384532714	0.255054766069443
-0.417463235132327	0.261909956384822
0.347547649837552	0.217688150505148
-0.186716035149954	0.160861364069953
0.363714057375639	0.272084596473415
-0.17649498918738	0.131243820990337
-0.996136590032793	1.20581327287131
-0.0339520507055187	0.0235022306608265
-0.162547371411197	0.0892246129325068
-0.141092731481601	0.102240129135928
-0.422271122761764	0.266660090012626
0.131122977601575	0.0670891375541686
0.52806375165081	0.276914769765233
-0.517799183220918	0.310187474232399
-0.292958767564051	0.131974434218859
0.135085048978046	0.0540963764041255
-0.588644919808925	0.398657302165408
-1.5930020114034	1.55289829603025
-0.261349862701109	0.19273590668401
-1.3470350076238	1.10597452101211
0.00339989964017617	0.00218282422264445
0.170212539507783	0.120763638783081
0.211069208980307	0.140922054771339
-0.134340385790829	0.076154645097465
-0.617957350061875	0.503130467650935
-0.308163591038008	0.285396815175053
-0.0760814252925937	0.0531188932337868
-2.14998400606868	1.70163211123734
0.142436815584233	0.113025882457443
-0.254882102063551	0.0988270946789054
-1.64164962825204	1.61631485796145
-0.577286409391884	0.469118411117944
-0.572209113369277	0.520789988049645
0.217901683828647	0.125192174120658
-1.19285514698207	0.946031120835718
-0.333149113681675	0.20132537654187
0.0131107674745449	0.00719127321963008
0.205677923708249	0.121556934018473
-0.707359842786951	0.496798003807239
0.546523027984685	0.493858637253313
0.934765455591449	0.781300856974867
1.49598539891272	1.78815466444373
-0.257219165706458	0.190223698406841
-0.149854712871781	0.0822862706831647
-1.50829779307025	0.881447338217406
0.175690905260855	0.125542452622031
-0.251148521318396	0.139624642209417
0.474044195178067	0.312872688470229
0.85372760419481	0.765785349857824
0.393343504974884	0.199117278469076
0.863988030305314	0.774495971593178
0.914759007381499	1.01219272822177
1.23121945847962	1.03162984260208
2.01694609907018	1.99103522216484
0.311730645153874	0.225960642078911
-0.181104709244802	0.122823180983035
0.835847156759762	0.926235023912949
0.554477358515364	0.562489933798149
-0.00719298768874416	0.0044878339981888
-0.625981173376981	0.487070406500885
0.431905121332724	0.20456273847094
-0.93795385783948	1.01181243081105
-0.114832157140923	0.084594533956306
-0.00782093308282975	0.00549494478743611
-0.683162403937971	0.668540074101726
-0.203795711333638	0.112528385914306
1.02056879117454	1.12826818810257
0.892596121573542	0.536113549859986
-0.285978731151076	0.229379799422193
0.827079091724967	0.628152472668448
-0.804904200554325	0.50005146584214
-0.515184071665411	0.297605373003829
-0.64811214314539	0.2259391583612
-1.45983444187551	1.06100656894554
-0.691355916023878	0.440757095027319
-0.203881716922054	0.0969235803908588
-0.510953825833687	0.396582726061435
-0.223651224990835	0.10535094912863
-1.18882005675278	0.708057200345997
-0.025910322818364	0.017471665458539
0.0671667043705776	0.0415529875134793
0.310790642060829	0.229465845755941
-2.41260856449821	3.01966753867678
0.490958882890623	0.381058528988516
-0.0353151387690431	0.0238982082993165
0.20475735543803	0.143375040031498
1.10168725146829	0.88279425229679
0.308316905729951	0.124917848490481
0.0318198678110055	0.0163731397104072
1.77601580062967	1.61268721394445
0.195560520690423	0.111630705488411
-0.532736956617669	0.347546241571418
-0.41048557046216	0.188645268551743
0.232182755333486	0.110718671519821
-0.288022142660395	0.231019309522544
0.0130840869815117	0.00733515552317422
1.07169693651453	0.972404040062492
0.729477190383402	0.603218811397056
0.557260789568083	0.42493180069141
0.758683628452668	0.660268757484175
0.109956631145237	0.0801326270888139
-0.581911672447408	0.502915633009402
-0.557058164664699	0.393770417820367
0.134051270717457	0.0915507413192789
0.265238760829165	0.154790717248129
0.35130236983239	0.295762838123223
-0.164661863341198	0.0836786996707884
0.0864929381245923	0.0602590399072619
0.33759680422212	0.226623214425103
1.16100310758356	1.24047394961274
0.224964428317047	0.15942978857177
-0.135225504264155	0.102426599427292
0.228718460160924	0.151810543578707
1.01916717141819	1.11604852978924
0.993060129743204	1.15231224554241
0.148177945035807	0.0910081230281498
1.57895585327738	1.90743822170756
0.230095574598492	0.18550534809234
0.531016118546591	0.510666083838725
1.14893568779696	1.42764497247793
0.107025531295553	0.0764768587685779
0.314175684233521	0.234141811989716
-0.233908466528365	0.152428426126485
0.67650142924269	0.632657649718791
0.0445312209439132	0.0222286803371294
-0.842293704131223	0.613160109566918
-0.219022040303863	0.14452245181497
-1.43554830280037	1.05709256728962
-0.868915487312963	0.745437616794002
0.216731235601333	0.12407755784411
-0.371000246275569	0.275913564823921
0.575788288668164	0.400203888762872
-0.29836369660585	0.195910854421123
-0.00230847796553228	0.00130835433132442
0.792578833780531	0.845710135633711
0.631402531287903	0.504790127217108
-0.438164817496416	0.254276892476205
1.31822520166783	1.52727661345459
0.253797128334514	0.196807431040196
-0.989905995845557	0.685418199239233
0.58597626112602	0.330476235363
1.29016416812262	0.610732575276097
0.139877350725458	0.0669095520966829
1.42550495693064	1.56179849148185
-0.0968226858588408	0.0430606382186127
0.348067257615207	0.2303451712298
0.511334917451283	0.364974069211727
-0.169854588975922	0.0893650636638727
0.38205950938055	0.274951979966523
-0.0659277741205917	0.0358974644542383
0.580643612248087	0.476085136074605
1.0322851736571	1.10777499791635
0.535956533746236	0.32026823490116
-1.39082606471248	1.4140892807438
0.1359426778978	0.0824143925441974
-0.459293037261468	0.318520587748659
-1.39594919801022	1.63912593467098
0.119433767613607	0.0692805097679047
0.16609562880561	0.104059097602638
0.48264907883436	0.378357015258417
0.435861458384294	0.312017136551493
0.106750464770025	0.0593794004875093
0.229695556596152	0.119870169721432
0.340684897860681	0.288698821370741
0.238702388156486	0.145160335180628
-0.144769202196185	0.115052192616495
0.741402840291349	0.766672939320426
-0.562556960187457	0.506107818122012
-0.327463113007245	0.232760405232397
-0.854967759907609	0.764624588503177
0.724048051074517	0.569149595161463
0.807715246462136	0.595539582578769
-0.0625093678898875	0.0329594828731032
0.975544765338237	0.827267113728791
0.514547152313177	0.479415848289929
-0.466038604751298	0.36733499081036
-0.22339706499499	0.124123960399741
-0.0173876622823007	0.0118493523807403
0.492384421075264	0.428016639032141
-0.753468101865944	0.482192787589422
-0.955063872818021	0.718457324050694
-0.229664906353529	0.134238962897282
-0.0817038914759509	0.0393271973212871
-0.336471833025516	0.17052380191029
-0.735418146338787	0.582234634581365
-0.833457060967314	0.596681090906586
-0.218553844754023	0.130788367688941
-1.69805725900527	1.35423466338704
-0.448976611934127	0.274673227890774
0.470288153954373	0.270100318351666
0.0874033451210332	0.0427018092112236
0.613486297260701	0.456787829515311
0.654238927704285	0.553932608354857
0.302226856213934	0.121141025622144
-0.0214781294181592	0.00816743098210904
0.709786293263236	0.313906242274869
2.01251156880642	1.81517113795572
0.747659460868691	0.601411045294237
0.692792632560478	0.380067073845715
0.150963878848654	0.0706641002557166
-0.5648184559949	0.253716773616337
0.812712366197355	0.400680960773907
0.245796301082635	0.123663443474995
0.0411605292469614	0.0155828184331203
0.714310221738891	0.730557082718029
0.239604525598295	0.153852839138479
1.08110696466387	1.09972681858471
0.639400978489657	0.768822742220862
-0.382576342727516	0.258792385437146
0.00191831156822731	0.00122313287515422
0.429618029354232	0.318199379450874
0.283462800384893	0.197535267764372
-2.081677770396	1.62149076155969
0.380435946258705	0.277072774046961
0.377239560007579	0.343129824054905
0.754043852201397	0.731661698936634
-0.121790246648355	0.0741181995409441
0.210955949871823	0.145190804735097
-0.141510137813311	0.104046217749541
0.165534516779078	0.114147320276858
-0.845704927024144	0.584755699469337
-0.548344417529603	0.572573760771991
-0.302956792537819	0.264636940622782
0.412467832024554	0.325026148767881
0.23354690359564	0.151765172430518
-0.543251644145743	0.483877109225586
-0.0261474701437633	0.0146590509159278
0.231507954458547	0.153569321578258
0.276997080158504	0.198122485713841
1.0501034093416	1.01469899120962
0.660914583074731	0.557873129071975
1.16840272431313	1.20952671216664
0.805200758845223	0.867904389445809
-0.346319552619415	0.22498995113572
0.925423260434277	0.985394219809408
-0.900706378897146	0.725029946113765
-0.552561017147336	0.404158817454434
-0.418575218743426	0.22515193792463
-0.315917183524448	0.231766849749446
0.190041838985994	0.11630244965434
-0.996392420572252	0.663595789870001
-1.23943821839886	1.0932473850181
-0.0141044555548527	0.00819023451326267
0.472934308359017	0.317589086068546
0.960921256736006	0.870241686640425
1.15578309558126	1.30586384106707
0.528168532107482	0.40153075327417
0.852920003238926	0.729315775757846
-0.300453633433632	0.214042745715924
0.957797467914018	1.14837789536441
1.51328357157913	1.79977999173264
0.520907110940719	0.319627854835111
-1.35197485324629	0.956500865191099
0.296533140117369	0.102493072376113
0.120791593022068	0.0570543606463438
0.701813113858988	0.512991558424233
0.835032795892935	0.637898517093697
2.27382162320261	2.0574926004033
-0.0943570999083731	0.0415882189725945
0.437730655709499	0.205266449154993
-0.0654362969543149	0.0307128123891371
0.145954213758204	0.0741781567179834
0.375816925140353	0.185371303150618
0.597347173724329	0.282391836577553
0.394668258699707	0.202159117536061
0.735968944560834	0.728804193517996
0.652579687332272	0.657534561042195
-0.183397705444353	0.114574232058687
-1.90079658318551	1.86719145221949
0.133399630868898	0.0810134614687798
-0.165595163651081	0.114273543832737
-0.132275139496134	0.095518459709736
-0.815708051165299	0.825801771141693
-0.376141618784621	0.32173838616944
0.238524327232006	0.157451180551373
-0.289747168245414	0.260111481519397
0.563149940704872	0.638220917249357
0.13001908914757	0.0968915307808244
-0.824044872848451	0.718046197535517
0.68841390346309	0.718932978116569
-0.511233289064249	0.55135190234477
0.298851688262051	0.284688449080716
-1.21997432463131	1.47982307679327
0.7536179587567	0.703199947381502
-0.241740792012582	0.179758400758195
0.455517455798441	0.346200733901212
-0.717515223108286	0.623238394850556
0.147690829709308	0.0996358400540392
0.684109194126592	0.588218265159608
-0.586656565714157	0.563182802635672
0.206302936255864	0.143604461644917
0.0268972527096472	0.0167177694863289
-0.165245209037234	0.123199439499244
-0.178198766187559	0.129254306778485
-0.0446671131990784	0.0267193876218402
-0.231245698303809	0.110264227687654
0.82892664811203	0.643241631683278
-0.622485707421472	0.371125657829658
-1.16935890418217	1.18467481059404
-0.568654652490581	0.53416852811973
0.136051723214826	0.0752446413851649
-0.130410280397288	0.086487142542583
0.254738720845007	0.178028816256104
0.348974326650321	0.217870752212012
0.292333539026272	0.214755466108677
0.57858398377228	0.580090618478663
-0.375628183515855	0.27247732655175
1.13449099726395	1.17016693756567
0.00219937333052119	0.00151587184482457
0.0209567804541266	0.0111138546231303
0.201971841683255	0.110331539076326
0.300305194712608	0.181402993875085
0.158847647357934	0.100301852395835
-0.51343857208164	0.260797740460638
-0.00477472697005151	0.00152518441799738
0.337309746653868	0.173525384271282
0.260664672474727	0.12897018398885
-0.594223460700654	0.429859552686555
0.609455863817684	0.360124421469683
0.155067464501262	0.0667169190103323
0.933461285083429	0.632027833473008
0.42059148612734	0.337129613026157
1.07260585842178	0.773425612993057
-0.32103689141489	0.16232584238742
0.681764433641767	0.485925356963625
0.395642484043286	0.255567141313476
0.521292937231921	0.278352937015907
-0.561608349327545	0.248310410181242
-0.115320011581733	0.0775054582306663
0.839546783845171	0.791052271188544
-0.743632421563216	0.800717060340792
-1.03111913790082	1.01965990390147
-0.0123803489605534	0.00852239902356012
0.955085542557592	1.25163344315263
-0.463877637032748	0.487265851942241
0.152951939171191	0.0943586282463558
-0.0199750223665021	0.0162694369938022
-0.182314509641671	0.149901257022948
-0.915742313378565	1.49153906293658
-0.54979288801436	0.624792250612807
-0.929958725797229	1.56697270322542
-0.534094504739666	0.484527588443533
0.207887553335993	0.171628117192395
0.317486684022666	0.324221541744072
-0.314649349360298	0.329567698829104
0.480384620367512	0.421960435570303
0.0689936655225581	0.0453962100657822
0.334667679604158	0.29767444505002
0.237370175787386	0.155835177117518
0.384617436914395	0.356893333800307
0.322273976844875	0.319344524325163
0.015248562736604	0.00950263311522801
0.524071343762658	0.596485789180693
0.580608085645879	0.698295788346493
-0.642114765791614	0.781344171767669
-0.124418729182657	0.0838170974999975
-0.24262082694493	0.17671836536963
-1.00142006455149	1.43708526591598
-0.24170193694046	0.176051724397988
0.435429666524664	0.293258493657965
-1.36024038489339	1.60305145712272
-0.270744513268832	0.265480729742617
-0.435229341195806	0.494475812340538
-0.22213103700452	0.180033024681721
0.143134071625225	0.107001372744868
-0.115552831621726	0.0867162838458903
0.090559480332567	0.0644075013098478
-0.180444174994408	0.137562452553879
-0.78985165455184	0.874122460204553
0.460369234299038	0.472584206780162
-0.869391707464406	1.02744348072675
0.76867133353966	0.710583286401789
-0.171536994279801	0.113935780231726
-0.286308363717061	0.193219888329684
0.787488634874363	0.561860190646987
-0.311429938336798	0.209063190071763
-0.78644726774911	0.39652326991091
-0.107531301068514	0.0368598802329594
0.14449139405643	0.0631641778453567
2.04418050982506	1.14201018202654
0.577918308678519	0.39311400182603
-0.0208032276343239	0.00813648479401212
0.412392569775469	0.255840206453121
0.533789477351984	0.287161118244306
0.0142949390420823	0.00597541725533336
0.52454946676677	0.279782514655503
0.444199444629866	0.283988112983522
0.712979516304475	0.550424768044987
-0.416709156236842	0.36677385753225
-0.0298884258586838	0.0198338057385919
0.462080416320354	0.439789089716268
-1.0464473388777	1.09848791938935
0.600102159579468	0.697984948243393
0.0223630568904839	0.0173203595687754
-0.184277094220476	0.17054504724933
-0.951396442251728	1.77128185490849
-0.273794464018229	0.273924705741062
-0.283252181959281	0.319251991963026
-0.26377846930035	0.315113849790962
-0.28390145788251	0.307524735872439
-0.823430705930667	1.07506599637147
-0.383818662181131	0.348803608910272
-0.500522087486393	0.616773375002158
0.337079707706545	0.382639834131333
0.473912710870613	0.531703854838717
-1.01650865283309	1.03673431480256
-0.368278126669401	0.326702903949821
-0.889457475185115	1.14185712628507
-0.325917038954942	0.254723687518835
-0.363711082525828	0.322319080432806
-0.185871992681503	0.185576272194473
-0.678261439651993	0.820462333549701
-0.64164009851367	0.787699517999029
-1.58064075573095	2.52491573224721
-0.680137580830286	0.801327032221867
-1.26933356584181	0.95922975441446
0.0238732200817443	0.0126724604455148
0.426528006755006	0.359399580447804
-0.394491020972308	0.387389595179957
-0.397419893114986	0.448938380008626
-0.396247721257717	0.398218467268025
-0.310848212008123	0.300575062108764
-0.243727824463624	0.169757871313983
-0.319718854765445	0.287799860288179
0.100129187785603	0.0744343900277393
0.0925804966765262	0.0680962064436064
-0.0503306288731956	0.0304228708263738
0.733183473260769	0.751340922948853
0.448873738601268	0.36226213083473
-0.252938724985529	0.18690861887366
0.141774339400011	0.0688037468101216
0.370368193639901	0.236630640530275
-0.368825196965419	0.215815746794178
0.482016030586948	0.274645428243586
-0.241117232203474	0.0766152348332909
-0.077650136953314	0.0378996793536464
0.327300445681734	0.0942378191565741
0.704359984713209	0.496939937578319
0.586986097187302	0.407510425227736
0.315650904649807	0.108847514722404
0.0168457924251943	0.00697080174411118
0.085728987716315	0.0526259377063154
0.0401336546187408	0.0325015875241923
0.335085595217505	0.296963519700854
0.437782609629405	0.44130925277023
-0.477193309506953	0.579480999711626
0.0320298943804115	0.0307853497987884
-0.652758214083001	1.07246618382819
-1.07329238025029	2.07028333865471
-1.50150574050933	4.94492031709575
-1.93659168648608	9.88141177563262
-0.661522205368934	1.30336458399272
-0.211353470225481	0.235185576431549
-1.62575214646364	2.35341307304626
-0.424680626116673	0.428139833421861
-0.521745046897243	0.776343202977264
-0.0219310202915807	0.022238141678643
0.0779374040674863	0.0831797793141988
0.195273231133314	0.148145177170297
-0.00644550954502414	0.00440398943962297
-0.158369782025755	0.13927528095499
-0.0813226001463165	0.0591912622592476
0.807195111003817	0.995895229969904
-0.564522911417299	0.543234093569944
-0.161184460441818	0.172383183853191
-0.282815325591329	0.342780054238405
-0.221021598168296	0.199502404208744
-0.31623333792878	0.319730553319802
-0.698321687283398	0.718690423606441
-0.235940282799447	0.231078401079781
0.390443924439141	0.375568869116463
0.332988685884548	0.224842815886131
-0.705816201340472	0.950683156172365
-0.503515012366536	0.896606012821536
-0.581632531518845	1.02302456186112
-0.138244985599507	0.117986037003372
0.201498922849095	0.174132206978937
-0.0813135745561003	0.0567335951192546
-0.408490462518144	0.325364316380098
-0.324320566219356	0.262856481888089
0.801400809900385	1.00920155427904
0.307547886121772	0.206307215198791
0.632996095439017	0.595742626451728
0.0489882744892947	0.0230510336046314
0.251087333985903	0.130426149647141
0.13093110786446	0.0512586015587621
0.23986484353282	0.117044914460745
-0.828902080556811	0.248526627312195
0.490204333481973	0.208575737011245
0.68800556299916	0.385337485201769
0.364261398762878	0.204564303729873
0.554361243773127	0.513373820224154
0.820674802851091	0.896918280849824
-0.97228011114291	1.00033263354676
0.444436355250189	0.481935932735131
-0.608883204214614	0.995597791873518
-0.925670718379009	1.3456488357295
-0.833858212141188	1.58588682320535
-0.87385247360861	1.96029661649313
-2.60285497041045	16.9146210459318
-1.59198515250223	5.12793974287931
-0.935457129255756	1.85995348117634
-0.0270272245362124	0.0209181062439055
0.390523787809897	0.386041804488024
-0.279434895634348	0.271660438572146
-0.39485168575752	0.692780469776128
0.104081357610121	0.123931545305147
-0.210906135390521	0.10418158684531
0.149649172065633	0.107367844997358
0.270374347826619	0.234068116904242
-0.0818691181764049	0.0634495637780369
-0.201411789593482	0.197763460357456
0.291244739015777	0.310048666110825
-0.288789741088371	0.248339527273712
0.187548446295401	0.148107080250382
0.0389447661573753	0.0278418179824597
-0.444079236424233	0.765977063943562
0.366975616095046	0.731826971747845
0.352075990920462	0.382090168026362
0.0753431883396652	0.0491468033460237
1.09388750603546	1.30347944859151
0.91596173415158	1.19515778338546
0.0737004245345518	0.0562003966834336
-0.426055010837437	0.470384655764178
0.0071454430862068	0.00485883884200494
0.20913096031669	0.108320252195691
0.0212776825515381	0.0103935288496777
-0.639055857377433	0.23600661893794
0.0969687032041972	0.032438921525774
0.281548071770065	0.126673764613153
0.0024348895089195	0.00103360283751351
-0.216076997586272	0.101192089785536
-0.775752692454681	1.06512410851001
0.528869622594091	0.475981239353829
0.0375146559335348	0.0262937889437688
-0.171363081160722	0.135385007395246
0.238084675029535	0.227730157559682
-0.202758132874519	0.201567435466499
-0.162344064430859	0.151911645245271
-0.0715483545005503	0.0818448221672682
-1.01468552611821	2.89693986202473
-0.856212606520547	1.68821889308436
-0.532925887330524	0.639255066399353
0.384788260533148	0.352993262573694
-0.448807214714996	0.488059447981263
-0.120782359629949	0.101942810518384
-0.0900847561623501	0.0559292905432949
0.0312823742638496	0.0238338161625621
-0.297780104343949	0.278766958624328
-0.0855804105618339	0.0773768106412739
0.129274105986078	0.112316995396832
-0.590192843683792	0.43643352172636
-0.105741774406236	0.061746116671321
-0.835444482615961	1.01534609911596
-0.216817578849119	0.247417714103778
0.703821705431753	1.72331749511487
-0.082527186717329	0.0632772034276604
-0.127667491337402	0.0934330822744846
0.326251800488635	0.335385328157748
-0.394977602721593	0.255583410627658
0.334061949082734	0.251180916103545
-0.104423780758676	0.0831969321672879
-0.0495422544295309	0.025424779307245
-0.682627145635452	0.437196873972315
0.183818676832292	0.119556194922855
0.135487625207978	0.0700567994020117
-1.18746933388186	0.582845310839916
0.430731552260133	0.228012641912271
0.54372235573458	0.347150178901721
-0.4115540286313	0.17281809487281
0.54190526710629	0.285697454073939
-0.249922139699464	0.0940397732567044
-0.404008451601187	0.169441717286349
0.0870410142876139	0.0288693117955536
0.545483783115961	0.196315993891257
0.0321311833205304	0.0174850113091685
0.373123697631888	0.363355156550415
-0.205579528486752	0.168922273011248
1.07268997517842	1.26778406502023
-0.702843006122968	0.654681026929364
-0.241318440798014	0.21326161335701
0.26214159439711	0.269834411829706
-0.623973198888572	0.699535626334598
0.0887187722913851	0.0935964052938838
-0.395313760928081	0.489563627783932
-0.316013269213867	0.406071512060015
-0.122961451060737	0.0895903485534164
-0.727457546241224	0.761188600000629
-0.329320390553796	0.362573624020656
-0.0760555345185594	0.0440533213416015
0.17880943717466	0.129104686762046
0.115816786618497	0.0975119875854017
-0.0861749780210637	0.0690251215845815
0.629890474084766	0.730566525536446
-1.00994859751965	1.35537884434368
-0.208766892843775	0.133327870811678
-0.360391436298826	0.24569805794756
-0.177893696653894	0.139468642019087
0.439877587526296	0.593025554609234
1.0964098591384	2.99577877417881
-0.425084972380989	0.262079716882005
0.126362401244003	0.0937636303588057
-0.138755734187408	0.0902408761854725
0.346609275734767	0.246529540261019
0.67584525783412	0.645527024027165
1.11134692431203	1.04437301326666
-1.47091687920713	1.36503093824657
-0.77006307660103	0.660170802005681
0.028688235351395	0.0141514715063866
0.421433391156435	0.252671421279595
0.350295299626544	0.190220943441644
0.725689109128084	0.429900311304228
0.255554146813285	0.129399401706712
0.403703277977088	0.241890780137154
-0.792868141549309	0.325164740633287
-2.49348075277667	0.760631300990853
-0.500020387984017	0.245414607716321
-0.303136829531586	0.250230355549937
0.422911948923577	0.351184725566226
0.000184291209503459	0.000429664785156899
1.37343483636239	1.8198980049172
-0.10914063539579	0.080939462379794
0.35125971197177	0.381796321412858
0.30010443633442	0.309015683004192
0.0755533916107846	0.0620629635671204
-0.0345150604637534	0.029346111076946
-0.857919743208635	1.65376829498777
-0.416002215270178	0.752914997094713
-0.567128637268379	0.972308044703141
0.0513617318336795	0.0430361212896984
0.0654329931258177	0.0483443448330588
-0.535532740794971	0.540633153321477
-0.403436315293296	0.331281196240644
-0.4058384938022	0.454276473868441
0.207223678312762	0.195895339549236
-0.108123986850212	0.0859766459707979
0.273462311308416	0.221870509726518
0.258713954331919	0.199674322758565
0.684245866205756	1.14990388096392
0.917882802132137	2.5908817628026
-0.0987447882687833	0.0647907679956162
-0.982650563214991	1.21415734563934
-0.594449522333205	0.612414349333044
0.725687244959592	0.547231230619694
-0.308086106319491	0.259163186803097
0.681145249565987	0.746938567129349
-0.353636466410558	0.268797135878
0.325907999824944	0.256756464676933
1.20056693686562	1.18187485191136
-0.528044319139499	0.391018468464058
-0.790829763264287	0.398748288642979
0.747458692471274	0.46889079007075
-0.83863657772544	0.466236026902058
-1.88732727789424	0.89587070164348
0.497250546772201	0.214308991699582
-0.116999440713841	0.0779069059424242
-0.04623830715062	0.0327823763071301
0.8098950547263	0.998158116498976
0.837254675942913	0.981289887264765
0.527059984744552	0.523303441995805
-0.749449842233719	0.958984832579041
-0.630815097185047	0.841042556421901
-0.183347852816747	0.189250805587244
-0.731300096184772	1.15474664480455
0.115327246632061	0.120741866122079
-1.23545784021538	3.24319291538597
0.259953257280197	0.356954041096769
-0.551903147278331	0.640790927415873
-1.27459722901247	1.85768892278362
-0.773532693742992	0.836162656748594
-1.10042269545236	1.54014743756611
0.952833845939725	0.853174413599046
-0.777075446028077	0.86651854351625
0.872982769498742	0.987559284460374
-0.474060577213407	0.387154670541251
0.390089307700734	0.48177421684923
0.795398221905774	1.6649477943239
0.985817669671087	1.45231907168591
-0.758866873636549	0.746020317822498
0.576706844900452	0.623806047376893
0.307000819370894	0.259642329911682
0.627497793859571	0.647381053253779
-0.27581097755862	0.229767021689115
-0.273498446599918	0.234233628278418
0.540769281514382	0.516209515763334
0.0703125996278811	0.0429330875267991
0.448402840479723	0.320157203947936
1.55293523157192	1.3384875554863
0.144316563325156	0.0609989433055087
1.59333049027898	1.67444808647605
0.124891421741466	0.0664314501055687
0.142000875062798	0.0536318709262087
-0.444384943561471	0.506900252066397
0.682213050283064	0.756148348799832
-0.616417681954458	0.751305602104702
0.753559433620993	1.02285733669193
0.54862527277241	0.592538408839177
-0.25509588195363	0.22632105877555
0.320099811073959	0.314624937273287
-0.620937342214787	0.883678868110538
-0.662142786895462	0.996036221544992
-0.267197065073805	0.342534039148609
0.205175635699038	0.199446591973618
-0.392748530497044	0.415427828281735
-0.509120516046609	0.470797916123313
-0.803479650709799	0.804650946772821
0.138210376071446	0.10360462043268
0.0479636036691419	0.0352468630441147
-0.322732447697071	0.312301700069035
0.298510453972882	0.346506240331008
-0.0373151428497378	0.0307930885289868
-0.12788767383338	0.0755392380909974
-0.371321242445152	0.330617558683471
0.244721239697287	0.220425248825949
0.565684865701015	0.598170092119504
-0.0527009381361227	0.0386029810991533
-0.161699610065059	0.123579338088151
0.957741074616926	0.947996029395214
0.240618092794904	0.180732180022495
0.767009809744461	0.76738192460101
0.276320102258951	0.171333466253259
0.42485744516368	0.259108706501033
0.524209815413279	0.397613479478939
-0.905281244417503	0.549578565996499
1.23586079852814	1.13506406089796
0.137717497016783	0.0594909668290034
0.690937692371348	0.727705094480412
0.66005802043777	0.678239698508562
-0.0809393104373776	0.05519302367684
0.343984611580005	0.320230536549664
1.21908796489331	1.71109924373816
0.401942616141218	0.377315531831054
0.39459159002615	0.405638016761498
0.215977080989459	0.203710460918549
0.430906560839189	0.513257547857193
-0.402267528245952	0.450474276163324
-0.442424085861532	0.586715147619635
-0.410721403873714	0.446483243847638
-0.98824433432739	1.03545381553644
-0.149803095838045	0.117871324483258
-0.760470867152185	0.62644601772764
-0.752257051140606	0.580771835731501
-0.555627021617149	0.777294008960145
-0.0979390832064479	0.0646902955951079
-0.014459864928794	0.00866903257661698
-0.216794678667477	0.162170130607346
0.309452561112283	0.305291719768628
0.00916432345939803	0.00601241959086092
-0.324418856310287	0.322205502983873
-0.38983595165214	0.321950178212904
0.184724086784437	0.136633764389502
0.9601612012415	0.940825407795175
-0.0453854353850844	0.0239888201098631
1.85606176375932	2.31090082719309
0.60025928304582	0.29534319869092
1.99887041572119	1.81863306891245
0.225689656853952	0.119921316523486
1.07776972979982	0.822373964447552
-0.0238247144893663	0.00907253587492636
-0.535353040320776	0.137071679045048
0.148573283751366	0.109256194502212
0.126593663914381	0.070024764927151
0.476002770682969	0.433186678817168
0.349376056486943	0.260229999194958
0.50349045753322	0.349363289322603
-0.559789487836703	0.44364235590149
-0.192482037190725	0.136875765329218
-0.441511118313817	0.493917633815313
-0.213249866171294	0.151103793377538
-0.296753938317846	0.264005646569205
-0.411205436018044	0.381664416756338
-0.321618119888042	0.273903004134281
1.33159397980914	1.27496117989851
-0.207119051136375	0.0986036754769428
-1.11504627241302	0.958530104194725
0.0207636586236164	0.0116995095702662
0.31884027966623	0.24290046412293
-0.48393911394568	0.377368424749194
-0.414245072591048	0.313838366586244
0.615228570168921	0.558167473290743
-0.123911438832831	0.0846434205285636
-0.505028552654124	0.453121308560594
-0.200832584323967	0.129524470628384
-0.968597372013934	0.657947073881463
0.216432855023709	0.121767679203971
1.03957989721986	1.10248756947941
2.24884584440998	2.67089775061614
-0.89947658700273	0.485188392436157
1.9661959506431	1.57741230650336
-0.62320231833676	0.220594221286176
0.753393728039212	0.733300508033535
-0.115992834205529	0.0857852192437469
1.31854414520087	1.62761555846499
-0.148842823342029	0.107035889575939
-0.0200763374497027	0.0123223722086627
0.231005594754327	0.219751285929518
-0.221867257581018	0.135099920666742
0.622037157315971	0.629814216784483
-0.163499180753318	0.121768300533936
-0.288178689379284	0.2130480248321
-0.445242877848464	0.424645786849965
-0.293086053045775	0.191174608987127
-0.205065689979683	0.123826519338058
-0.560520606385526	0.399919697338649
0.127168524292378	0.0821036467999607
-0.359322086461459	0.295216314270499
0.562439689791521	0.459019004430622
-0.101876109819993	0.0760206042875609
0.120627543701357	0.0894374651337394
-0.309486241305168	0.19161674287054
0.617112105159182	0.435043575935708
0.645593818928766	0.413600209934987
1.54128475302754	1.69840465595466
0.155627005560233	0.0726069557481339
0.286724645118153	0.130584131895937
0.557478175517669	0.343644646361558
0.317195136117003	0.0892480808867561
0.552728312940146	0.204858330511584
-0.0406541437603246	0.0218292468686905
0.150669752944072	0.0640124044097712
0.377988850586395	0.277701342842783
0.664389442582001	0.617313451451877
0.0203395255661633	0.0125659258581266
1.27579037003735	1.37812509383122
0.566309240052397	0.525385385515629
0.433362743217356	0.324887911465698
0.335062034151705	0.287410821079129
0.308011672661263	0.33671022196994
-0.113221312127517	0.0864655413722612
-0.216685895630008	0.168334451717668
-0.641243795267038	0.503776393523292
-0.539945899500596	0.475005453094301
-0.000301031159119386	0.0000358648987115335
-0.00661578616042414	0.00395208203279838
0.0617675956355591	0.0372256988390396
0.253486746029334	0.13373086615286
0.150258110090104	0.0893902812753164
0.90750365927499	0.56096386122333
0.781426431551775	0.52877225607529
0.489087499481698	0.343399303034293
-0.362548117668534	0.204464202855013
0.602298783220275	0.365217523587811
0.781217316370497	0.377013594180428
0.710820451775369	0.314000665180416
0.352916073215257	0.191649915345062
0.291312391036518	0.186756951610912
0.248543804298578	0.1849597192808
0.626959428517349	0.660797026014138
-0.198381365159009	0.168389281938867
0.400459133247779	0.257079790221928
0.644666387778488	0.702297849204248
-0.868645813257676	0.846576994253543
-0.932838862089755	0.946930104163364
-0.887722115709735	1.11733229716531
0.613859525210232	0.777312479242601
-0.455788892344292	0.528647754687677
-0.276287834424714	0.290555720446734
-0.893215931339562	0.927553953250758
-1.21553120152733	1.44373970649354
-0.592992794480125	0.6127530484272
-0.398160836020708	0.356060728560271
0.381725637718715	0.334926853715788
0.204157464214826	0.129737105119546
-0.271020953539391	0.180101802128783
-0.342489068949067	0.199695996167816
0.964981351647997	0.844846642085174
0.464808352103372	0.304082921856902
0.3393922571644	0.181187054587432
0.302881165598244	0.167113186886016
0.861515390721063	0.823723970196014
0.746090065796039	0.60239642276618
0.56750014076784	0.508904489585746
-0.729738787939998	0.795730383194011
-1.59658797544175	1.89258441347778
-0.960838477871384	0.964003530244807
-0.296923077524755	0.212387395227292
0.476694532056625	0.449974481526674
-0.00369610041487321	0.00268379617853432
-0.693839874459233	0.931411052469862
-0.424999000376894	0.44124103479423
-0.312899275493137	0.330352095852354
-0.0592104010123952	0.0389729330830126
-0.476235091317924	0.466451250572763
-0.390185509330754	0.328613706788606
-0.464455419040031	0.41952451166891
-0.745787645885734	0.821685971550081
-0.880987103715741	1.16934452913881
-0.692191999868196	0.903231460325949
-0.95754722747255	0.923702782432991
-1.2005758322915	1.35827357158891
-1.03915739787397	0.958999071184829
-0.221864473286233	0.128255637630383
0.558441765216114	0.431783954946697
1.10631727409841	1.13921762428952
-0.616364537622677	0.405138683313021
0.955617753989101	0.860716805668015
0.769184313763208	0.505806875414236
-0.304672646638526	0.228874581205499
0.475462195755894	0.37164907239171
-0.320437756155565	0.240164481723467
0.609133634140833	0.658887234206548
0.61689081657489	0.655837072841839
0.835277317443471	0.88255077753221
-0.768409716121107	0.520554983231807
-0.168836086862371	0.0984754926088225
-0.6895785712484	0.796150644593243
0.433334038075778	0.439517590613751
-0.206642716745113	0.173479784133949
0.0949661393543899	0.0602539306983323
-0.503060155122658	0.435826532966669
-0.585379881351656	0.61129115686808
0.0450006119492092	0.02724540751941
-0.290714645194191	0.221678332690131
-0.671200292823003	0.430458666401518
-0.38571050154408	0.243917989361145
0.189445319288821	0.136090424283496
0.967319543293344	0.972329651709792
-0.400556687140685	0.192510542552102
0.772346201045743	0.723608662393521
0.66779693304217	0.993143791067137
0.218946233463407	0.17867363673462
0.533953533062732	0.559558287845038
-0.0988927250189682	0.0767637815608699
0.179367034270065	0.135068309381725
0.313410931936723	0.271873007953992
-0.66300959223216	0.741397390500393
-0.250698471774272	0.200505358197869
-0.150667821555643	0.142345606004289
-0.566956577148572	0.612007346832541
0.569201972002932	0.750166724468392
-0.220770090174717	0.235059905268326
-0.957322074532341	1.12357197367036
-0.907772679014323	1.00447315662335
-0.621636352006508	0.748305292090914
0.433624387962354	0.396180317872752
-0.676661806812428	0.745964075617234
-0.318673016131773	0.311578572821773
-0.0403591806456666	0.0304355156249588
0.603283320145753	0.527129244264193
-0.600881151456393	0.455871012772386
0.845227377680124	1.01904881495061
0.151731785008988	0.106885994131429
0.0254691483243358	0.0162335490234015
-0.61243391375948	0.587078000142455
-0.439962106427959	0.405317442561729
-0.299364100529826	0.311556126553937
0.0212940817675972	0.0138865122587191
-0.305998013232423	0.191919518694806
-0.292886826172388	0.205039538697357
-0.708519130857029	0.619829021197976
-0.818026143533437	0.627902256005184
0.104619253479358	0.0569903869942635
-0.510276520011572	0.333213195597681
-0.459868848439548	0.343613159170061
0.0394566721510222	0.0238187481404692
-0.0800504063958703	0.0503137052854887
-0.993262341825374	0.575003705314296
-0.34478345113749	0.163452909014921
0.00143515524995274	0.00120038064573524
-1.07469591550494	0.734223462455779
-0.0505482782702244	0.0318767226011867
-0.513221475669723	0.293697862323757
-0.717738035175812	0.410880049545905
-0.986711672899171	0.651731621058782
-0.594507784120536	0.473324231780974
