x	y
0.736656135399545	0.432984958144381
0.285331780112038	0.205631640785038
0.649679099685891	0.543883369551795
0.816498226356086	1.00623110470605
0.440124988632752	0.501475888260096
0.927506780671311	1.01178753314671
0.754141206021254	0.472825664415999
0.896519586134975	0.573967198590801
0.48095098078926	0.306314819159557
0.117609637830257	0.0750107886208093
-0.0125768063852327	0.00720546007789589
-0.100343271903474	0.0435244162451807
0.478730972652277	0.377425506057755
-0.222434241447166	0.162050928205487
-1.3630683620191	1.11903824749448
0.490207201873846	0.33441008410274
0.581378409555005	0.340800468158798
0.727187305509416	0.586095119167479
1.51591917231125	1.80394651844746
1.15933418960565	1.47151520459134
0.135764917680859	0.100758350174136
0.252029528965251	0.20208618237217
-0.182815916224671	0.133322073700019
0.412026087813529	0.280711610228579
0.722603720604329	0.563245566203698
0.142769726961128	0.0852084753968383
0.423143895791321	0.262122891628261
0.778355892456049	0.533419600455978
0.820962179622839	0.586622200689158
0.800478824588074	0.412136327493837
0.271770361446742	0.132387885442296
1.75155540445557	2.15085609212504
0.601273465152969	0.336731291247698
-0.891330804143688	0.579065615688531
-1.0680337030781	1.04627123679497
-1.19631044897575	0.883016779174552
-0.607328990646851	0.478592771284942
0.294476334258242	0.223264016529011
0.42203690595929	0.259453429189976
0.920849968868148	0.612313925300837
0.739848150157959	0.565547589922146
-0.184123045704601	0.0963232006674261
0.283026598878973	0.176652778079655
-0.208206961906034	0.133856238297001
-1.30043137764622	1.42582605702255
-0.0618442899078712	0.0327980658687543
0.422446833095147	0.369771495546227
0.216144159637878	0.110230641532194
0.236850758028546	0.12556890206106
0.279190340321869	0.128559777389678
0.28711988943177	0.177630888411251
0.145126713116138	0.0673312316511709
0.752599730783614	0.456244640758935
0.0130451297918585	0.00716787261699363
0.192336760197228	0.118732861713683
0.326433124215898	0.25372131175323
0.652006000347063	0.422808627727014
0.420370637304903	0.287271333041728
-0.847628138268147	0.819725239442028
-0.032371984940606	0.0235077142203812
-0.284562967831365	0.169108920654747
0.295699349404943	0.203541894520646
0.644385810225186	0.416290992263865
1.0663764085204	0.664565071898731
0.357537833571434	0.255767868290687
0.308902711602566	0.200339828841579
-0.0792977217645496	0.0397303181325274
-0.207840943217497	0.147759336382478
-0.46841666239412	0.316416553274568
0.208625174965494	0.123478519361245
-0.496098561569851	0.311200144173019
-0.225193860564074	0.193835277879558
-1.10117019840958	1.44200137472483
-0.7726468082028	0.698179352299149
-0.912244427244017	1.19524695762653
-0.124806796629866	0.0758373272160327
0.280943442751947	0.172647212417721
1.15752519409092	1.39443434080107
0.238463189838859	0.206085073357565
-0.0743044921246285	0.0419808993012876
-0.482379692215539	0.45302400289559
-0.287790816019081	0.229645456134117
-0.302165111605114	0.212612677621772
-0.680353946953821	0.542081251959047
0.0376332272489852	0.0202949491325745
-0.946737842939416	0.850402281540206
-1.07870084558577	0.918257791263742
-0.961591520826448	1.35408325534544
-1.13993939175822	1.39481991842928
-0.628725402589396	0.681887837646921
0.480867630592178	0.38393748875214
-0.173446006044928	0.119800290785089
-0.222288741868163	0.157449478533452
-0.440959865627844	0.365374955434156
-1.02705238250642	1.18352081765654
-0.483200888987197	0.350462435147343
0.320493909017292	0.215321276270047
-0.522931650582112	0.480641492091637
-2.0261246663668	2.05493332177689
0.354208327796258	0.299074053001099
-0.26488656824251	0.208162106675165
-0.820874935232996	0.572722829543721
-0.0563488682518469	0.0280198419553539
-0.51222187537652	0.406553435623935
-0.271645788780437	0.220083338586871
0.00580031272282905	0.0034991437727224
0.488375644929553	0.404952276261764
-0.367516113246728	0.310231074490792
0.0539970575533857	0.0371368532931614
-0.157748079075962	0.120295602991805
1.08230035693606	0.983341004582561
-0.469619352694248	0.349177839742669
-0.411289329975893	0.32333049416302
0.187562294632497	0.131982794520533
-0.710176551195786	0.628473558267867
-0.316276020733651	0.193772198797745
-1.2772921669101	1.40717902264786
-0.14396786257939	0.0792230903841717
-0.630171943132714	0.533914009999979
-0.532987325917608	0.271725867218231
1.0982252327219	0.84626715384284
0.925436834545527	1.12145221401495
1.1890618993621	1.86430920022621
0.38149128536893	0.291855501516627
-0.261749042124776	0.17506538136934
-0.282249253944196	0.20673055342818
0.088174445708341	0.0605317059436885
-0.0692980937075747	0.0456785376290435
0.332642940627104	0.238709476159911
0.0653309590074419	0.038647206805048
0.0552961875409874	0.042097948790996
-0.933294721237963	1.0904001102136
-0.641213354621554	0.71681456549972
-0.288095493107159	0.219163282229918
0.234677047215269	0.153807120147328
-0.64201107515318	0.532255204751144
0.244751216933717	0.129575116454044
-0.512899158794344	0.264034849141333
-0.68104834339773	0.445860708420141
-0.783439990813637	0.447911188485286
0.228166139119649	0.141677601691113
0.38237166529692	0.249005979006886
0.473623713350508	0.382779169608368
0.543549863238212	0.345347710579806
0.3877448260043	0.197908893171359
0.67100943072556	0.442974268625955
0.853885005901348	0.853488798102634
1.05115603675065	1.13842854833995
0.594789174817816	0.399063009544647
0.364627499605699	0.27323891847438
-0.246450694749484	0.203743203434219
-0.212135561752896	0.165390881476691
0.0769309567336117	0.0466485528248452
0.263620931585208	0.209851774757569
-0.154184657480221	0.0879078498345595
-0.045740197969811	0.0260461941639644
0.43837596114416	0.291098092315338
-0.396146680400052	0.357537447958505
-0.203980768774394	0.156063527711267
-0.0745093541022142	0.0471707894073558
-0.135514016640236	0.091122745025473
-0.759566709332778	0.505507110451205
-0.280692969914526	0.104334688346168
-0.0250229282397415	0.00926760900824237
-0.535479325252368	0.28468438850987
0.313983593271939	0.107460631654727
0.379673743320803	0.187409050023456
0.00860170294494074	0.00254293128322386
0.689157402242171	0.384144762168442
-0.345809631651128	0.232923570285674
-0.20688382934511	0.13604899440863
0.418076600799194	0.258196720409202
0.913897222575016	1.01379401034889
0.759192816600185	0.802066451250986
-0.14334714719605	0.0882072530807351
0.431067715032916	0.384703413707404
0.0906473572128598	0.0597373800737953
0.983705748700631	1.46476662618066
1.4653218935663	2.11750393029586
0.945688867131267	0.995167890839983
-0.0235829176460943	0.0137155926557012
-0.503179010894035	0.256671095960254
-0.0862876324270882	0.0695109151588534
-0.648680887486694	0.583013941119506
-0.515446802081601	0.393884942770783
0.304027011893943	0.217233432645042
-0.278424117470858	0.173049309267123
2.00391019782724	1.82442468626904
0.0205466479511479	0.0085790608590898
-0.782416221285588	0.318997314687106
-0.798774179343901	0.315172575285513
-0.500365964593157	0.294957110467283
-0.0324732409768141	0.0121771749324578
-0.672770284230072	0.315887706577723
-0.405882830863182	0.264786792425271
-0.415318489403535	0.17332272329318
0.47869847685854	0.197953104366298
-0.241764267802179	0.0754067776190139
1.28637482142929	0.668294719365594
0.549936205820441	0.20134992087055
-0.744164644841247	0.41228891157473
1.27099707140746	0.818412422050846
0.154759271258195	0.0717664997876633
1.29722005701929	0.710910616538989
0.129649310815222	0.0615155916702409
0.181373126390705	0.096340284167538
-0.893304273381081	1.06371878061569
1.00472803739653	1.11755982320099
0.501094072866734	0.355551992747942
-0.582904633003778	0.619778096739554
0.54136788460229	0.650941796869145
-0.0165326582771587	0.0102321301012487
-1.32900757693566	1.73257554602171
1.0595950184398	1.66914502196635
0.477693188569302	0.549641863436178
0.747432376213713	0.880613115561458
1.05099800481585	1.38253393364453
-0.487397113670549	0.419365365625965
0.367270000618139	0.391170096866512
0.120284055143863	0.105417671270188
1.01147303673752	1.33249213637408
-0.750279813418058	0.559990435075707
0.366888192272489	0.266890891093634
-0.560155287838629	0.392794458141314
0.134763485923446	0.0522804538288703
-0.0941458741394357	0.0324156227435793
-0.679135992478368	0.44199640822785
-1.13777211520305	0.877487063180872
-0.143750324795217	0.0849276738852393
-0.447346775698387	0.324899233391906
-0.114570442879608	0.0509736559383337
0.691450293765471	0.381268697349673
0.557355604387933	0.204976570305999
0.0917640890315659	0.0306711655732705
0.302305515337694	0.131036225826737
-0.143779006118642	0.0813304622184834
0.349376537709714	0.270297561462856
0.37461524368659	0.301398155658109
-0.520177390701731	0.44476946367
-0.434602008040768	0.390052656686108
0.020088859395069	0.0178911270674593
-0.140142614419893	0.124273352844022
0.174538968434261	0.166850157417287
-0.0712807309258621	0.0587601284264348
0.908655236048552	1.54699965123191
0.155270428394055	0.113299519295583
-0.374180515707982	0.406524752539366
0.6684271564232	0.655558675420013
-0.736352351547594	1.00280771743343
0.183127826534061	0.14136953586887
0.36115338391004	0.354891267282596
-0.243892393324562	0.177794668860337
-0.453197203074225	0.386864084746121
-0.127603769262789	0.0776944634186698
-0.668909404052236	0.520874643848811
-0.788225533647783	0.323076102287749
-0.897958861731354	0.583390512420574
-1.65310590373052	0.89917153087165
-0.623332192215118	0.342817962816106
-2.35543444734449	2.15914691254643
-1.07551155631017	0.490999235961498
-0.839214945570303	0.734432117257488
0.00243454338275027	0.00126514405155538
0.89739175978904	0.55823439212621
-0.427693454663679	0.201868740593295
0.966907042819992	0.903669808279153
-0.721544524810539	0.471464461293148
0.356523171712539	0.253471417323172
-0.09604749494213	0.0788988793496619
0.0678188847775156	0.0588700239823377
-0.201182895896877	0.186416620292064
0.777340790958064	1.04151334883167
0.570240413050973	0.692239506809775
-0.39494492361316	0.374260837000071
0.639685686451984	0.62010038934533
1.45867088185222	2.01556587873908
0.184874421822206	0.132419331894987
0.375292636936252	0.377727585741586
-0.976034902868692	1.45821770579725
-0.245158893103716	0.233757236021051
-0.268614717034786	0.220879312289433
0.656954823154354	0.516735546012459
0.356746209341705	0.24651783361
-0.884504580308142	0.782865899271782
-1.26191738614056	1.16614281160468
-1.26500459315524	1.00459499843972
-1.20243182847268	0.746168603828535
-1.43364589182238	1.05787055276109
1.06643178580941	0.686215466192236
-0.0739361360902555	0.0399467689667473
0.32772820423315	0.196654336148798
-0.384858573486199	0.305851095138884
0.000301248405184716	0.0000797411298494162
0.000586758870042443	0.000480546357701669
-0.0179553700197419	0.00704655345205052
0.952341644328411	0.716709868735771
0.0737962840167121	0.0423394406281683
-0.814640697067003	0.412687644922892
0.035725491042049	0.0172270758769151
-0.681725496485213	0.518751576691049
0.941220548375915	0.757033036103731
1.08981742323865	1.31843781416663
0.89685421069667	1.02902146639115
0.264548510614678	0.250098216499541
-0.291922872165738	0.284996340724831
0.0330374956004091	0.0244265491562356
-0.110855857779468	0.0876504212865335
1.12922755656246	1.94460581621144
0.807028445260604	0.882743206705224
0.309776774457218	0.238735435011241
-0.55878597039313	0.590378258837589
0.356125590300008	0.312117062855617
-0.295519027105488	0.286913136700315
0.0470440927668206	0.0362943436318029
0.415573694751434	0.387348287960221
0.334441329003149	0.219087258900216
-0.287217629176319	0.200723011600707
-1.41982480266935	1.27431205837824
-0.595370684691765	0.516138311371322
-0.781820818531585	0.402759434382572
-1.76016394637632	0.780696715868536
-3.83514345058661	1.62076982629366
-0.550496253448495	0.236097030763852
-0.510148315253968	0.26794904929899
-0.0939186076039493	0.0417495753989001
1.10288501814451	0.8374105430366
-0.222050961769478	0.103527732651843
0.398255929140662	0.205258730598404
0.681660197109803	0.600394067154221
0.844585089784732	0.731643231532829
-1.03666721345353	0.845556052627858
0.719715733543398	0.555652032454731
1.21100333040057	1.40067831505807
1.31299950436103	1.73710023028207
0.512678763863955	0.470252468059038
0.08605375242597	0.0587357507581742
0.596972993431787	0.662233232783429
1.40371462466088	2.47277813582193
0.828602554100402	0.867861014870337
-1.04173998118357	1.22902468302752
0.198345827563667	0.137778458162637
0.318228861606002	0.264670167101048
-0.334679232955908	0.229902884913856
1.29409854865599	1.59201016100262
0.177446801127749	0.104894138562248
0.72729305717476	0.439353246408616
-1.70086421390738	1.09874816747431
-1.35793043079736	1.13356750624823
0.799308915424994	0.403361028648225
0.496127135094717	0.209092113908951
0.706586117495276	0.307376479801917
-0.305169907265062	0.131525643926495
0.47601251861609	0.268159051155038
-0.161703006159553	0.066785282479503
2.04911729716522	1.17276973658879
1.29717636174854	0.516738119899894
0.0703084450702995	0.0239596891405515
0.410484564910281	0.183704236507892
-0.0432142046282101	0.0159101940161147
-0.00418179066149761	0.00133812337644376
0.439295712394561	0.326525058947795
1.24381579404631	1.39087064114492
0.748563030963515	0.753741003810833
0.355035558980772	0.315429762265285
0.704033833162154	0.677508645953745
0.689261982419412	0.717425186708094
0.830978855218251	0.895763397909774
-0.0897917849708391	0.0789607241914219
0.600083697994509	0.749640912862504
0.107171980980873	0.0589764556014469
0.900898670382239	1.21395901925235
0.851492336944603	0.716641009008711
-0.163777358179988	0.139133826854432
-0.161245140691418	0.130944743261275
-0.13334968315178	0.0954624170742393
-0.374710419419572	0.25571918478455
-0.0530303375571416	0.0268541128909026
0.130131897758248	0.0668624417854069
-1.48026553242855	1.33593668809864
0.140018456875927	0.0703778959329434
-0.101789050479357	0.022868379633766
0.299185953293216	0.119136279775044
-0.10002974605943	0.0332002769694335
-0.0845449411877476	0.0290310789029432
2.70483549323043	1.01668215592958
-0.623897045359651	0.23544042153972
0.0276568485642015	0.0114188151660022
-0.402145615381022	0.187263071796579
0.685058280346938	0.367396229512994
0.964542131433436	0.775105263493121
1.07080362956705	1.10350160679796
0.502930774387728	0.418485003405282
0.287288762290956	0.217819547609389
0.508574354045606	0.523043065459005
0.547820112125869	0.510812262095562
0.767452644755647	0.741797138149036
0.50191651336589	0.480373482586811
0.0193061980651377	0.0130795608445336
0.919670030407584	1.11953824217032
0.264473492183914	0.182958409959076
-0.90744182340332	0.747909646089878
0.336892943250939	0.270806712849982
0.407174950721528	0.378926840900179
1.10006270058641	1.32317359354287
-0.0718463468142178	0.0380420223301544
-0.0920355287167589	0.0327626885108655
-0.533750579541647	0.236692129100099
-0.0840346328118871	0.038874210579769
1.96938673561723	1.48726616857166
0.611181449426265	0.300832356505649
-0.9455982625937	0.398655643739891
0.495416215197171	0.203800371782772
0.309020714249961	0.104846154358082
0.70236200836551	0.735853403979589
0.134575889751071	0.100858853920715
-0.0880349692724233	0.0660634714091894
-0.270065265603444	0.276749171143254
0.715481216227749	0.832517108643141
0.175695206562336	0.130489679216964
-0.156532479410293	0.126292556063371
1.07100635417371	1.04160336783164
0.903129056973789	0.971248881036974
-0.217971956577893	0.15559416817761
0.263281439115241	0.188185197522604
-0.263770278618599	0.275803389034944
-0.672782740565046	0.655589882077985
0.191672346159949	0.149441801190131
-0.708845199687375	0.568044193648248
-0.161868093201724	0.0833980454727432
-0.731902168024973	0.457461422420376
1.71480319908374	0.820313816661687
0.314129933768136	0.108195937248058
0.963013640104467	0.447197870682227
0.284944675827318	0.128225487085077
0.957392572559806	0.427441271636962
-0.623267243107903	0.235097818840234
0.872821635610177	0.342952084236384
0.309214100843144	0.110363401502379
-0.402685293822618	0.19819075550082
0.00562836191522248	0.00244298576081721
0.134419933542069	0.0590868874155857
1.86572481697836	1.1291238270501
1.70830370519906	0.821638962995803
0.74382021694343	0.226781474929542
1.38374742297062	1.51266849242458
0.532412732995881	0.551290173050943
0.438735960497445	0.458536964318438
0.094560704882039	0.0658195711112774
0.404302957421261	0.379851873511022
-0.0632650870727642	0.0409908170990253
-0.338777843941079	0.31114142103947
0.222027283055574	0.184131828751863
-0.323811487076583	0.259652648745007
0.351702567212826	0.332839925245289
0.831938741191831	0.777840145688832
0.416014781987517	0.468456847856695
0.186598905347664	0.157009423411785
0.210550784318193	0.170594111709164
-0.977674671585129	0.762061936622216
0.0412230276507294	0.0184459338783655
-0.63329236724339	0.42344822614081
-1.01350884160116	0.604409998528192
0.151631408635758	0.0712190371721763
0.759034891052703	0.459060074712289
0.311199403423324	0.0897711466132797
-0.106566471069748	0.0236156238664408
-1.3147284371516	0.699115404795558
0.60916957394455	0.361846354056092
-0.975504574721101	0.63862215318938
0.431749306337831	0.193065899366441
0.44383327554433	0.283973785067441
0.299752025682311	0.124003693931216
0.544175487457479	0.126874637564392
0.79475945616048	0.411899132110205
0.536321049886131	0.126331019370992
2.36226787493059	1.1485668424344
1.08570444501322	0.695206588104426
0.293100890679144	0.120731559989091
0.322124947944383	0.21428114800995
0.160838164361468	0.112187218575199
0.73898506499364	0.826503978187031
-0.681414465687989	0.820913521618247
0.329789140806075	0.275469873500552
0.988851192346039	1.59826338811987
-1.23134536339954	1.40784097645116
0.062121875066966	0.0464655698253028
0.189329593703731	0.151908127165984
0.243349120724365	0.205350718790989
0.64610454350634	0.514707022520235
-0.304831470083546	0.255779358815397
-0.464215749527501	0.424645405371288
-0.259465987222678	0.239210891394185
0.569431408026026	0.488183750373659
0.667825988663937	0.436501359582845
-0.410806313655662	0.248245648766805
0.0883902927457832	0.0292215956949562
-0.432950954009007	0.21784491387693
-0.229236840920787	0.0696713583544589
0.709266218186352	0.311319635917199
1.24067988575337	1.12722398584823
1.71499519465898	0.811821089244052
-0.0945032483602891	0.0218370726435746
0.0035442382966788	0.00129875765866884
0.963636143491009	0.434488027186146
-1.46398655246063	0.575847622541843
-0.523921615168562	0.272209085225565
-1.01009934617656	0.585119236066545
0.851285252351653	0.475437170597363
1.05462075652932	0.606444179219021
0.595341053892849	0.271188986848083
0.167851554884167	0.0766577102241837
-0.496394505292466	0.313596822542604
1.0374765227333	0.525923063492156
1.27617098171512	0.684569008832809
0.954118965901678	0.404583535936774
-0.449806099370683	0.154893005476604
0.799038548783372	0.401535303712244
0.706413473054918	0.306752896651294
-0.0233377600462122	0.0088622902659161
0.59848684246115	0.346016460234813
0.0418765039063344	0.0204651874546859
-0.208841519105992	0.127964290895304
-0.288358647862503	0.130752897599338
1.28347775880355	0.599759530096851
0.380778097595973	0.282900664389413
0.274875388103389	0.192326501010752
1.10732464362597	1.40015960537257
-0.0757150785462278	0.0461866022854631
1.09690893790859	1.29924568049742
0.967780347174707	1.12437035217197
-0.215823537010529	0.143838070310354
1.28545948964077	1.52592895036366
0.0253152512271561	0.013769980701299
0.55322656810098	0.470866331535425
1.17108791168566	1.55896223955283
0.373722821390217	0.238668328197256
0.643914617684883	0.49643638041295
0.602290001716766	0.433921100208469
-1.10825242571437	1.05816655534764
0.383689819499839	0.294061239032957
-0.123406420483107	0.0538930153758563
0.14381104674516	0.0622089716616225
0.486209164114118	0.205887770886411
0.874356370755305	0.333112298526512
0.78900401186117	0.389104662871442
-0.412563217677293	0.163076134059599
-0.106881829632238	0.036449676324568
0.305790646028795	0.106855648819102
-0.52526767593918	0.137938892200619
1.61082987457078	0.880171773272975
0.874984603417501	0.333832999577272
1.87681302351152	1.14660484351265
0.288721798044164	0.1170074574412
-1.6120413341432	0.674452972396136
1.02548642898304	0.529551224696341
0.542248409132356	0.194283053598601
0.606013592690401	0.285772320020484
0.750212262173245	0.228253921774654
-1.28645061480087	0.462589721944726
-0.777765984977185	0.389647969921833
1.29276519264383	0.575172316161624
0.0035442382966788	0.00129875765866884
0.878017587688004	0.342346718641171
0.294737802732714	0.104236805695435
0.955420912680951	0.439539631319969
-2.67852294636288	1.78502311381923
-1.28618137711085	0.834607266770757
-0.0749013944561801	0.0361001556484288
0.609328640025766	0.289555616245298
0.303356030378321	0.102720401560307
1.97152508445973	1.53639031391855
1.09462580694274	0.791009708522991
0.768145199684795	0.668869607896289
0.121464447685511	0.0596863262563945
0.250588789609678	0.207551946875188
-0.710701713692329	0.670020321638419
1.25282516277427	1.41117631369772
0.0248074078371763	0.0160414553522181
0.136812188476981	0.0920340083825807
-0.471357777660883	0.389980321794038
-0.250289644687665	0.194821161067953
0.295001692505789	0.225541303321088
0.485911387540626	0.408027022173378
0.336071171223548	0.248785577839985
0.359148411279531	0.261655083501141
1.62187224584558	1.43976321314438
0.367717755691269	0.239904316675422
-0.687426845051045	0.331186698164719
0.583697468653467	0.398737144294217
0.612153214521593	0.297762023910629
-0.236518528471376	0.0731468994087902
0.559957072096363	0.204970014267313
-0.240583170030325	0.0759160124673235
0.606571922915536	0.291210190864444
-0.109186307538887	0.0479866476413067
0.496238577488378	0.205619883028633
0.010808964354021	0.00297117263683654
0.0880027565529773	0.0302403794085734
0.48786058213159	0.201848565750933
-0.453057354623893	0.157177597781163
-0.517351938617723	0.135137025900895
1.27884729103687	0.590310150705149
0.489075649080478	0.205249203552812
0.705049421035834	0.303716058147411
0.597861521329422	0.294898428423586
2.36136824749964	2.6359555956226
-1.63333488942739	0.693336799081355
0.305175047805392	0.106901152877455
0.801646127577001	0.38095830683983
3.66006338590948	1.76929460426852
-0.101045830438201	0.0225101564182204
-2.4946503122275	0.759347999169937
1.02242191790378	0.537366290796501
0.557355604387933	0.204976570305999
1.97053041866273	1.51006976961389
0.55845128678345	0.199336373436963
0.44154643807487	0.204143647268479
-0.0659992623920163	0.033660778789699
0.0329555750983117	0.0192516772704409
-0.645266228980883	0.629769734710113
-2.3766338004431	2.19316703291712
-0.326650741536594	0.166717523972832
-0.21016732960095	0.100476607617902
-1.42304233251301	0.740453592176026
-1.07052251581231	0.510005305530656
-0.0472310042599777	0.0231047212686553
0.56394511886274	0.493978376123785
0.48219022969031	0.398278034683857
-0.16082530617687	0.13509117391136
-0.557547437244999	0.516677576262139
-0.144410228839869	0.126736501449194
0.0217846579252449	0.0144583616976768
-0.64887898961026	0.678477801590768
0.912102942585752	1.31051971442095
0.940539324226125	1.39235934491574
-0.238808322170835	0.1928127313655
0.187572404109133	0.123145094293887
0.362418959002805	0.385819808160242
-0.38637616519418	0.35857006912921
0.146650779975691	0.0886795027558194
0.857394631201113	0.727203731571148
0.0693825018460615	0.0424342753438825
-0.0174174407095125	0.00999038826143167
0.122327261001257	0.0657940308614908
-0.152957574533083	0.0859473223485035
-0.0830962369537764	0.0393740365574887
0.128195492860863	0.0540912252726562
1.54689736085797	0.976260195687243
-0.190750860204819	0.0768457704110567
0.120920745833369	0.0506083697165553
-0.107568118904991	0.0481261056923333
0.60135738915832	0.354765260792471
0.151394135031775	0.0656801877972919
1.27818959534421	0.880935397280136
0.00526618147656546	0.00152611893018079
1.7778832190574	1.25595071725293
1.51699498615533	1.0477498775144
1.26568057337457	0.560033908236168
0.8014330185648	0.400661551362014
0.845383056609026	0.479234578482355
0.218963151712406	0.122440116760637
-0.250872811264864	0.095620727504521
1.86201446847761	1.57904213317309
-1.07336765963707	0.358272920144905
0.496147181533837	0.209590571808596
-0.781624542421607	0.315696137684317
0.930524736758161	0.70149221859042
0.534798023617231	0.291163951650511
0.285464503369439	0.116554698333982
0.911724893470032	0.58078722587433
0.299513936805346	0.10453461640491
0.735657607466222	0.458040774614812
1.01602985169793	0.51223681844579
-0.635902646172145	0.234628954959488
-3.68397934608947	1.48834927068878
1.70138918379356	0.808892367992738
0.288678452208429	0.130989917691699
-0.468221947853501	0.365751507728515
-0.541912253024655	0.346151329042907
-1.0749046010295	0.894210434434647
-3.47296103564502	3.30133923579024
0.400022885871998	0.199755469171754
-0.416939503283859	0.202292461021465
0.622052101646302	0.355560080140487
-0.301957439532992	0.151223959778341
-0.184773304596542	0.118512426763708
-0.255812859202648	0.227133687662311
0.173545215607972	0.144422526358726
-0.0461707837878824	0.0350589081665613
0.724141107539202	0.698838366375578
0.999222042583203	1.14305455658921
-1.05225276627827	1.27585000051697
0.460064225736666	0.445234857133618
0.291166297141918	0.28400361121089
0.489731496539441	0.319340550883225
0.297963873403666	0.167486717088803
0.674392934490497	0.853030952285487
-1.85907498699575	2.07125280035606
0.322913453118187	0.244065698829086
0.273191235374134	0.135480098437249
-0.231336210020222	0.130168744280105
-0.580184243678872	0.346256342298816
0.761074481352154	0.711068647239541
1.60396886036741	0.878570014065402
-0.40637925279125	0.197437911269689
1.37840633969618	1.16279946021321
-0.256839865155015	0.0974447541077592
-0.563075605862578	0.25188269787761
-0.623043367043011	0.235489444745503
0.424564616327932	0.195938697471978
0.29116632034318	0.119831355249073
-0.834929329269585	0.249294095305515
1.7693166872692	1.25007703029326
0.499750265047775	0.200457536120169
0.115198681003466	0.0596529323036118
-0.406348109012508	0.166624877478853
-0.0993960591408214	0.0335997973713203
-0.169332435992334	0.0709916133474648
-0.902436200420404	0.490336357984349
-0.518976862235435	0.294642396668022
-1.47638963475503	0.585095741089904
0.231355298598329	0.121513704910829
-0.0773930148497095	0.0374433626968557
-1.31861548056237	0.703642243711352
-1.90201798256196	0.904131093472727
-3.67138514264253	1.44546961487977
2.74570015575367	2.18685481939195
-0.808168642353168	0.322202576745511
0.00368341296927397	0.00174267143823707
1.61256903389042	0.878457841709961
0.603865810599686	0.289316909242936
1.9358229219252	0.791753670430818
-0.437440757675782	0.319057908268087
-0.771581007987602	0.63597873521207
-0.828154915832544	0.895973530185869
-0.301690874603215	0.131998379969633
0.251195429995968	0.12501296724066
-0.214356317623461	0.100618744240034
0.245871085198736	0.116077005960214
-0.035127717216595	0.0216456342801506
-1.10021774991213	1.50643583545072
0.508563680412684	0.568022750755907
-0.423474828701994	0.320193451925869
0.130093753246329	0.0831976066257586
-0.247123134615137	0.222622107137947
0.834695520602827	0.730520159650103
-0.951973216467288	0.870027710725845
0.163106596720097	0.101278565994324
-0.287394672057553	0.19835632899293
1.38806149198773	1.77167382429665
-0.554092683428973	0.410151714782599
-0.0608838208711626	0.0353761655176156
0.7817343699411	0.478708465874624
-1.8637383496955	1.32940721506382
0.657869052830602	0.429519572656689
0.356104284600024	0.191677043620112
-0.331914185617443	0.172607461257356
-1.35227038409992	1.08809503628252
-0.523343867365583	0.301334363733991
-1.08607953622342	0.653363095011823
1.23116349937125	1.04427228808386
-1.29435798572725	0.480339703041541
0.29905928283822	0.121168167776067
0.485895612504161	0.256087434793046
-0.251043549447861	0.0930371597172879
0.265341496475457	0.100684799833297
0.0393996790181323	0.0173651092229657
0.0409084352007932	0.0180919548997455
-0.694338880806243	0.331829733200777
0.663398451951789	0.332620958545283
-0.175571151674863	0.0857822982725394
-0.01180683338407	0.00452874885979828
0.387131714768757	0.198977336697101
-0.779727683290275	0.394966733983131
-1.87962050973122	1.3411825761433
0.707646241418024	0.313655536733035
1.27619704043148	0.847715514507873
0.135969840728255	0.0583888850737468
0.609535698866178	0.307588715742023
0.43744448086327	0.19860130250837
-0.628333474800111	0.237393467121109
-1.46099297268817	0.56497209976937
1.4716274772733	1.09234015433735
0.568930180198756	0.487615772981463
-0.434878266630687	0.356514114090473
-0.300439242654158	0.206512730149996
-1.05270623189658	0.758762208974766
0.0406757601166435	0.0186540487265323
0.478315294349926	0.271508946387728
-0.151819199657216	0.0768488578267262
0.852489902434089	0.677360491510975
0.472117889638215	0.378095499920971
-0.545265498402277	0.350661180841415
0.805057492806296	0.886140146025773
0.5165166040591	0.46884235461983
0.46837849493069	0.412239153265753
-0.15900259904379	0.117473893871812
0.1256759839131	0.0678758417984285
0.830912038533453	1.00523905475646
1.00089253764462	1.11972023287945
0.0316089327467651	0.019787291612586
-0.396411406045932	0.201696468846808
0.470954105106401	0.270172472444226
0.684170892295109	0.464803158087773
0.605790963737497	0.432869673765134
0.0446356012404613	0.022233993818339
-1.18314307553142	0.73926820951636
-1.0807008161457	0.64905856290606
0.406632296823796	0.237211510495079
0.617154959590371	0.298079324198225
0.286091704639338	0.128584673414776
-0.0425524627904475	0.015537604154701
1.87980838966183	1.18461505286898
-0.548959792764718	0.246570362341415
0.752536146057765	0.654789629792705
-0.170952138827959	0.0967223586965496
-0.588602928777916	0.351789739435743
0.0170971167304357	0.00914486089797512
0.654549534671474	0.493654688843387
0.57479184883674	0.388458012357121
0.0252589431870924	0.0117353201413491
0.0420089059223876	0.0189303458778563
1.09562664133092	0.791194938380925
-1.07296328416019	0.504914225377794
-0.292071662762672	0.132678965790442
1.0919907673395	0.767005083241708
1.45507028577481	1.51571770987578
0.90132863337996	0.561769080346926
0.599462578683961	0.28271511939876
0.812931273248384	0.565541285645774
-0.543130037637111	0.239698956775163
2.05432955933605	1.19037288106746
0.390740139556106	0.252348684319613
0.120192738776439	0.0827108497443741
-0.136241093124264	0.0964116057267485
0.286936290746535	0.213726643160816
0.639842950697752	0.499024958159388
1.27441254177973	0.928535924113729
0.870354600993662	0.782744154996962
0.674897860117025	0.471007195695791
0.481849925099511	0.374025995559573
0.334022778773357	0.225554951429815
0.434248153739609	0.40576065620891
0.44490424389016	0.312977703454091
1.37301900265237	1.94521475680917
-0.36648219214202	0.253459832478798
0.105190736450708	0.0612481285718035
-0.229198365920668	0.158339047237071
-0.465336412247024	0.309530471494598
1.76016414061462	1.90019436994269
0.926650246153999	0.633487111520311
0.632287340348583	0.435924031113275
-0.0626919239843038	0.0320222662797478
-0.432892562469337	0.216233874346861
0.0109820103595802	0.00474045230094397
0.274245584770492	0.137427055970421
-0.937102097179862	0.417366704175018
0.399385846216539	0.195087615644804
0.163113359544819	0.076879216694368
-0.0565429941272905	0.0266425007757252
0.356105981756444	0.198730967317712
1.22591874289994	1.30586374294007
1.08421720899655	0.702014360729274
-1.02431891560158	0.784404256882989
-0.538495699796674	0.228609948014359
1.52795632467827	1.45220023574188
-0.237592881839816	0.132298825788979
0.941654265745692	0.656812768251817
-0.673456927116181	0.420724349361943
1.6976825984207	1.64244146979359
0.279408982096278	0.125737717178962
1.17022182881835	1.15374812768459
0.390386412279708	0.201121304773753
0.00956850936398114	0.00401789788595199
1.70598350748554	0.809458316023506
0.128917749394793	0.0699438568377462
1.26306020304516	0.947511690919541
-1.07347368821047	0.500957943039111
1.04598401328552	0.609079635030123
-0.0200349310748779	0.0136353470855934
0.0671249767809683	0.0430279047406314
0.776451308721445	0.503977330396466
-0.761740644171604	0.64646271958441
0.735478830006062	0.558230403195518
-0.0494026291012478	0.0264609328065639
-0.178024330504781	0.0875381991626128
-0.676135429166975	0.538919365733138
-0.465600024464122	0.326950459618585
-0.320538160001157	0.194597183837212
-0.282205429048131	0.201216646339478
-0.305281288319882	0.198535183585914
0.426832190479273	0.260064195725136
0.640216875688744	0.535262840919664
-0.00015956470374867	0.000551131757684612
-0.0298060549318758	0.0102629269409937
-0.0983437970317568	0.0435852664914023
0.0392161401278359	0.019275830154976
-0.408056523932416	0.165898409276699
-0.516002426546193	0.306068513973419
0.150184295595017	0.0692307587341624
-0.217486180243653	0.104602739975091
-0.41964076593928	0.232019198021837
0.957718155624161	0.766099252786154
0.536077460317065	0.269273017708644
0.738357203050468	0.547977392537123
-1.05480918959922	0.760720991002379
-0.904368270799713	0.663107928417496
0.444857550950224	0.333303407242147
0.245802325629974	0.13360199009483
0.688798600816455	0.492441546671691
-0.279402615485386	0.121829340501848
-0.629402459532119	0.241710413150332
-0.782279906461963	0.397775985769401
0.130084993472387	0.0609947922024018
-0.439691472209166	0.23730257006104
-0.0912907138683186	0.0317768210953605
0.26274761697816	0.130867628021086
0.816790873733399	0.616989360552834
0.800994989673303	0.572263418426859
0.485824496254811	0.204394801279732
0.237040992765346	0.134483863989489
-0.140716703970649	0.103227653144144
-0.396389167449737	0.252368261928049
0.142060353272414	0.10924362272535
0.117146118531909	0.086162786008728
0.578884809010464	0.563448203927422
0.41347199111281	0.291281853166877
1.21313377210292	1.13834644522419
0.375560171621498	0.241241968471295
0.220751249712287	0.163557737993696
-0.279984288630495	0.19254022744426
0.176963128910465	0.10328462644061
-0.260885060422069	0.165634028931826
-0.926752722530839	0.828821904185451
-0.288108964561362	0.22093570054053
-0.678232653236914	0.532825028282909
-0.359942530788349	0.264556169702996
-1.27810196748406	0.818677356540397
0.415274066706014	0.243000223582364
-0.0513584913922923	0.029775165680971
-0.414980022717251	0.23134035169779
-0.309883287687778	0.157113458133966
-1.16201225770661	1.00674512039308
-0.763799815593337	0.509696699942642
-0.462804168280059	0.31637710106801
-0.594290026843694	0.361281863658733
-1.55125782257193	1.16867929916407
-1.01850352809605	0.576177877316834
-0.608314206827941	0.509943966003912
0.154028460080938	0.0978115738138906
-0.0697326717565269	0.0353309401891262
-1.39036666938713	1.43543274156315
-1.43844692813829	1.0508766877776
-1.4258978960186	1.01348635882526
0.642652472946242	0.424314849673069
0.0910424602048719	0.0484702857816807
0.104405759008935	0.0686386187966239
-0.495464284548543	0.286827904080299
0.431720409187537	0.204454685556801
-0.730629537538207	0.41864590640299
0.701348707499351	0.467827612627862
-1.05997544899975	0.493158074262209
0.167366148198143	0.110488752143269
0.184202894798301	0.137285441617217
0.304175613016669	0.23408579782022
0.00589033210267286	0.0024928289649332
0.628435166281646	0.484607704366966
0.0775618792457088	0.0591842603765601
-1.19075985326355	1.70837627103996
-0.799835818723427	0.822817757405215
-0.78429140498729	1.03549888183471
0.306749203835988	0.237526677471117
0.145551465494225	0.0914695450980766
-0.568076026330889	0.473063261497452
1.23167708508153	1.01774861959356
-0.247376256704298	0.146728080626162
-0.0773460536176269	0.0526294669557327
-5.16775025259305	3.62676113147455
-0.182451610518396	0.110606792906791
0.359111404555212	0.269113322654425
0.0284326540003819	0.0156859384919198
-0.848400217994511	0.667597153556919
-0.244660724788966	0.139512936939971
0.184580882395625	0.110617230960742
-0.465498201436454	0.314794557239044
0.396234106009817	0.208382551927639
-0.0353580087259405	0.0202732738228127
-0.998776169459608	0.638377356574949
-0.950271155122146	0.823458393413581
-0.579001113775938	0.387599457647672
-0.0614944289995188	0.0314503124855696
-0.682029827209769	0.488116626032355
-1.20293209132676	1.09320067534422
0.142663537961583	0.0781964521152217
-2.12655785019517	1.5569929565795
0.269259593004271	0.162410261153059
0.131977929059062	0.0679574028683167
0.582009440127816	0.384700731326606
-0.689259018561062	0.442021628947216
-0.209565563778978	0.0971978667883124
1.25037822189051	1.05827386190875
1.55766657383124	1.88951203140363
1.85446776128596	1.58327474295688
-0.894121342284011	0.484405047295739
0.970307439512335	0.772812926956876
0.200489895179643	0.122309583345875
0.474730627274639	0.199893376090307
-1.15839172884546	0.874086968817673
-0.279295381631033	0.206420135721792
-0.153752971374101	0.0870177249291679
-0.349245123445167	0.201339020952516
0.0453986509543683	0.0220033885537768
-0.80120993849196	0.866833205102743
-0.759995330776355	0.507754636011786
0.159044155341651	0.0693326038136039
0.0832501374628103	0.0493110801233047
-0.0616147926545118	0.0320757577898749
-0.363247469376971	0.379469154088513
-0.234326744908378	0.200237652057777
-0.109437974812903	0.0723640000339494
-0.202236505706124	0.125053526721189
-0.602379353252851	0.576609701042775
-1.64631746015581	1.31837068877794
0.114277267246853	0.0661488391977055
0.385616663531756	0.201934532088562
1.22320818576923	1.08761173865614
0.964732587977391	0.948441963260816
-0.48067102581674	0.330418213326929
-0.053089267294772	0.030280231108609
0.0563477319351422	0.0329250815903232
-0.598677815128892	0.403382161326765
-0.229456149922351	0.135471135005201
-0.0215833805367615	0.00801438094665007
-0.0503680980152778	0.0257069951799952
-0.39838293893738	0.156847816907654
-3.66965381157033	1.47602873590866
-1.95679793094733	1.41688169107224
-1.90136025736948	0.887048744192903
-0.147787544524318	0.080268514403199
-0.814337347438062	0.496778578946773
0.308665778255865	0.183090587135278
0.132456787999761	0.0611459721107752
0.371857426345074	0.239200124368438
-1.48996347121309	1.39028356876105
-1.29208511890872	1.05032848293435
-2.16622201870907	1.78989528149276
-2.60432272288048	1.71824824666159
0.613793041404379	0.369539043374533
-0.920686205509015	0.592388251706113
-0.20985182503826	0.12903528118065
-0.491070861173	0.2649129548967
-1.27774697757205	0.852182398080874
-0.511777188604708	0.302921994606547
-0.1595450394458	0.0667216073463612
0.966478715699817	0.786250241765023
0.917329578313483	0.575082058366091
-0.793561620907524	0.320904659762129
-0.61430785117675	0.364631407535698
-2.61174479229652	1.74525176657842
0.311553303535287	0.204513469323916
-0.425303483674644	0.322075700494808
0.0258765001865985	0.0166201009444487
-0.388311491734369	0.341490199547894
0.0819409050844541	0.0519112120240667
-0.51513580265216	0.39466423806742
-0.510547114246105	0.458903397143524
-0.278366741197541	0.153114538594353
-0.2852810050665	0.18531769780773
-0.365014997266218	0.223027500857899
0.0808117235363939	0.0484227459104372
-0.000790266323225259	0.000762005172647934
0.017882313157132	0.00837543440070655
-0.0551942346230077	0.0300660890806306
0.429877081556208	0.363564812993797
-0.221268731617136	0.177220111473763
-0.168156703382137	0.134653373029692
0.606132979374376	0.442413838193301
0.280007955026796	0.172169158947242
0.280204506742927	0.172781949680012
-1.66743478838279	1.38776941188754
-1.12086743855532	1.00196077430307
-1.78835007115574	1.61312910495717
1.09115661884179	0.854089901848775
-1.10123619347615	0.664094347916591
-0.0501470391147057	0.0235887571829862
-0.520010852699204	0.264524479086138
-1.42690704796482	0.815754540139516
-0.902909355286727	0.566330187074045
0.888257752822414	0.550816262891825
-1.20666077608812	0.93367496441689
0.32050700235349	0.21248268339641
-0.836272154770702	0.622085771122329
-1.20856452529076	0.937107672373399
-0.66733370150142	0.529084512250101
-0.782470248402359	0.688455514947773
-1.88493369286423	1.37024120280076
-0.254951908643479	0.134307549809834
-0.414240238056766	0.229402377243338
-0.507764247950435	0.31520061282831
-2.70479691346183	1.83318188541467
0.806933899921333	0.410527665560376
0.0447318110341188	0.0218630551849701
0.0219778690184736	0.00904876038185898
-0.683530781041669	0.321575462138868
-3.95909144509355	1.74367417083539
0.747927944330199	0.457572003361314
-1.00357394585994	0.777811938916442
-2.28342271342032	2.02353274072281
-1.14780357186271	0.803370448809084
-0.912614622839222	0.492333614910993
0.112167417932145	0.0603496325755925
-1.24618598076109	1.15416871100987
0.58918510638412	0.531663692760734
0.208342735273848	0.118325486338436
-0.310039973827672	0.208495157801612
-0.426956651530554	0.2012602154359
-1.58005960303899	1.22246401855139
0.374243231352765	0.236692424226533
-0.22606446209716	0.132110191264467
0.600638701545136	0.430474928077093
0.416282942902881	0.253193662219615
0.237566626842308	0.114157789017
-0.350351854076778	0.204701209604549
-0.381440094445959	0.217453477767743
-0.351405747089196	0.20608336133166
0.41402301558314	0.292160981641724
-0.287330620869341	0.197473470834265
0.159199425399411	0.120811217186076
0.129189832379993	0.0613410737025553
-0.441188191940504	0.320695417348894
-0.229415321025941	0.150848143152758
-0.301869622867851	0.236499921287704
0.0458623498797189	0.0276728464900813
0.122373948960403	0.0739438397126043
-0.16045956546278	0.121643571110969
0.565945688233912	0.488705864541352
-0.483330052202892	0.393866267392139
-0.462506762758621	0.318071165645255
0.455316353228969	0.284464819428346
-0.327828792180291	0.211472559123077
-0.00394815427191339	0.0018671761773358
0.251742147907482	0.164559240618612
0.266049386013738	0.16455972414276
1.21079966060254	0.998904403892735
0.0541873990577717	0.0266171481190363
0.269475193663726	0.167244520600653
-0.766040353439	0.521864849309269
0.0956048824706457	0.0316764144250151
-0.788567226493497	0.398731690791136
1.69460658915436	1.57074771426947
-0.258708770559049	0.0975299008435717
-1.38250936278202	0.367021552852188
-0.0790947567138407	0.0270782321533941
-3.09404330590539	1.06245153955413
0.12965688694072	0.0657589012442093
-1.18512606701015	0.754498688953742
0.0334219126873062	0.0155833089051276
-0.187392113196334	0.0880125733717958
-0.166584017755356	0.0833986307265407
-0.624147555518426	0.37214760352678
-0.0923304093605213	0.0409533319038416
-0.523191927976144	0.276947009878985
-2.01888611073408	1.01863087143504
-0.617211988670047	0.340539056419622
-0.998009471286038	0.535000670446093
-1.06092901580912	0.497254307780746
0.492198450022755	0.215124259553815
1.2676627988514	0.672892548089012
0.558847458170007	0.209558363468952
2.04232016411575	1.13936235319464
1.28239102237203	0.869412089539442
1.24451888897574	0.979193098176552
-0.473983471649186	0.318512152904545
0.605977631376008	0.357645694683329
0.587852840402328	0.40702577095335
-0.610836751812343	0.334190817188882
-0.720673034394039	0.432377615014228
-1.61990979941793	0.687049913742447
0.817840081747082	0.635894759625366
0.848062079863092	0.699626271478685
0.0763688751083998	0.0442736391430485
-0.310893381601745	0.194237760445067
0.312709231403355	0.177862922872378
-0.454849304284186	0.355898465935383
0.020580529961194	0.00965796852460483
0.0375563794456538	0.0185017571781424
-0.361847585682002	0.2530626765322
0.158961528804998	0.0999204331436333
-2.25266575947451	1.96430520688606
-1.43795695276588	1.04517192107642
0.543017379895838	0.291139572193171
0.264399665473411	0.131394883906241
-0.214564186769036	0.120851241860176
-0.3301172365528	0.293066353584612
-0.668972850926229	0.5543120304939
0.965518327344945	0.896997714865286
0.603917673954573	0.433564257262104
-0.157397088046281	0.0954408142864154
-0.358225843927748	0.232329347415637
0.44776675983253	0.339862743697426
-0.417384923801648	0.240580193518417
0.254245160885759	0.1261089295273
0.0144783931264851	0.00785518496183868
0.31769000420503	0.242604597595016
-0.331202241811847	0.27376127120822
0.260051601326317	0.176216815458623
-0.308479221653985	0.260273646004881
-0.993372987475995	0.675624576688055
0.0000503285439206415	0.0000903709097821795
-0.270842135174865	0.22023215411371
0.331134979689489	0.301031947961719
0.0791862626686122	0.0597333937189791
-0.23633725484137	0.163084573573129
-0.328586848179239	0.243392129259654
0.0319108175464888	0.0238030227145405
-0.0132876287690121	0.0090576419913944
-0.0386516081506209	0.0212128305973627
1.09411195358899	1.06703480563537
-0.330190044549841	0.165284183545441
0.726059815586156	0.437494604948448
0.791312122364713	0.530305897083018
0.81255883283793	0.598656493862871
1.27619747064623	0.757956201092067
0.337695053026726	0.186645921362361
-0.254820917016603	0.093376353699269
-0.611048305700031	0.381703585941832
1.28347775880355	0.599759530096851
-0.966569959337586	0.403064954271088
1.01090512303282	0.491450291767918
0.0730159523837082	0.0244868174279584
0.262015667339083	0.118667296116756
0.785484344130847	0.529493924973779
0.135819857790462	0.0650553933236692
-0.553199351154123	0.250989044139568
-0.327056490029597	0.165066464603772
-4.20637017032262	2.03439080305776
0.331875139395231	0.181007391332004
0.494342019420184	0.281997373227629
-0.559574357246613	0.246053900771326
1.07217362331072	0.708409535648226
0.0293118604364637	0.0118277451034494
-0.094128806194168	0.0437318399167723
-0.318464776681403	0.16313781700133
-1.08341915477405	0.36369710803699
0.86140112428214	0.498753065770886
-0.791886341483897	0.326834722306384
1.46916308852575	1.09253626135773
0.797922143838534	0.392131405635068
1.03674407408053	0.584880813512204
0.549921156253211	0.198233875452927
0.972453020864026	0.441332611254885
0.70614450663594	0.30449293081705
-1.10105214164249	0.684418578726682
-0.21757036025618	0.105852251383157
-0.40017914588698	0.261131825488192
-0.319526005398544	0.194596709277172
-0.518023452772864	0.296977613991856
0.337894139095879	0.185188126756725
0.666187519901365	0.439667019861776
-0.249019563488507	0.0950417392826616
-0.841584907418502	0.253607767209229
0.27327404108213	0.167284289281926
-1.05111087749443	0.842632508018833
0.974479473676541	0.953241714870148
-0.406771132369104	0.224357607149083
-0.145936933941032	0.0902184563131435
-0.284032287443785	0.181458266895667
-0.0593903240757063	0.0361356216665813
-0.461281899079681	0.27558449737394
0.37218537982153	0.243328970132906
0.0805363431821041	0.0489993284494361
0.0397813651944421	0.0194853707498229
0.0473365086921141	0.0248703060953316
-0.355396073277577	0.242606127422498
-0.999830686949665	0.771116888090715
-1.36874722111817	0.924319527420262
-0.403756739511596	0.195938805683115
0.282062960072041	0.176490630711275
-0.207506993189852	0.125301283129234
0.242669310166546	0.157513438232868
-0.0767375308006701	0.0516660336699615
-0.470476084920893	0.324842629120054
-0.617846333647074	0.532141008344031
0.0685441906438829	0.0409786239486838
-0.164893023132839	0.119089199197788
0.561216230676297	0.481582648978128
0.0826363060416215	0.0547359323421638
-0.391744043099514	0.300772260057552
0.300733331197479	0.174994432418249
-0.209175122908179	0.10026396697184
-0.613326488803832	0.335790666425849
0.324850005493212	0.207452590206626
-0.548368257018903	0.391853249199127
-0.546612548777835	0.461842699876737
-1.42687510628131	1.02075030035836
-0.287354515140477	0.186589386537548
-0.26747967297171	0.245719457548384
-0.31906606856148	0.273844973924344
0.0598195839540827	0.049173887881899
-0.140688951157259	0.108441816944731
-0.269764827316719	0.233274281397928
-0.687115829477211	0.725566266023466
0.426191258823741	0.358603999866097
-0.416500639028623	0.332115584457957
-0.717664800720147	0.539112794132315
-0.329566126955129	0.317707437806961
0.529833823193107	0.491891499040683
0.576414773682366	0.478892771859715
-0.225570339964291	0.103281251979736
0.265899561464499	0.116386677997957
0.281805743298465	0.126922702574364
0.225151010561744	0.115604059055806
0.435734343095863	0.203209170465881
0.289607764088322	0.116604747492509
-1.32507339887684	0.699161965605491
0.854302692456135	0.488084505684388
0.476314488088888	0.184924353327345
-1.915131907635	0.906070672213875
-0.295647370005934	0.13091960662565
0.955152215134709	0.436094167348458
-0.0272613563957376	0.0104910293399493
0.730096176976602	0.56904159444984
0.110855046004852	0.0416656463737671
-1.21120304053942	0.592043613940406
0.339830462085062	0.227894599123379
0.118444617320466	0.0461835554742216
1.25445457223337	0.995151504472308
0.277910113253146	0.12786861716094
1.71480319908374	0.820313816661687
0.0310168741543186	0.014112892085457
-1.01327603863436	0.544680200003669
-0.170644826583314	0.0702122636089938
0.931121383353291	0.633777963770889
-0.451228261455826	0.1500324890388
-0.553336603806894	0.242867212184482
0.730466790534972	0.215964113979967
0.620349569965657	0.30534108621569
2.47855422730997	2.11765786632641
0.486853661712299	0.203150931158381
0.469873735683423	0.189354890330064
0.435638038460932	0.205144688577969
-0.743524607081666	0.399733291035463
-0.659509796826426	0.3170900179161
0.112167417932145	0.0603496325755925
1.47080563418248	1.11260933608067
0.360648531059245	0.199191957836613
-0.881397871959885	0.564190205962501
-0.725869193655951	0.4179857356715
-0.526964267085977	0.140208674753714
0.0321883133362296	0.0170752822997261
0.362183653736752	0.271213702182476
0.965732910900334	0.839753601122365
0.106391212349173	0.0572799189802923
0.254035733983777	0.16505968573899
-0.0682795676976019	0.0400325997732025
0.23113388664813	0.115261876911607
0.248579171570898	0.129457655812087
-2.0995674724927	1.63430819334515
0.181385536982405	0.107516743227982
0.88683205532197	0.992259021486041
0.110395888278102	0.0849296855506542
-1.22370578891261	1.39015834380445
0.00896823195897353	0.00510378286843554
0.782352429178347	0.533518697061271
-1.94841421408772	1.3591122783326
0.940290418651131	0.694934735453892
0.523752742397457	0.271025609493736
0.0145675338823652	0.00825065958594861
-0.534545432712116	0.497253167661501
-0.153769451740596	0.109208747197869
-0.0596783897089155	0.0298728322732953
1.57106011588966	1.98617007006493
0.514467344669564	0.367060324656463
-0.772914630357218	0.53424679718203
0.0574029138325341	0.0336144953603733
-0.211574364734621	0.100980815079223
-0.489301783369026	0.388102866121767
0.74810864052777	0.647708317301645
0.433616104873115	0.250108477530526
-0.287598546372513	0.126009158626906
-0.192216256103533	0.0972808160726614
-1.88552408826998	2.18093017718882
0.92006977759608	0.629474013283673
0.634489951890138	0.463679685662868
-0.282573106256308	0.211566875762214
1.07358749426657	1.44342983135515
-1.07401998085521	1.25924022678808
-0.0732487651635199	0.055050722289919
-0.182586920451065	0.126492304628669
-0.782435262652229	0.923929487566264
-0.218851885215591	0.172978548775762
0.34747023765773	0.27819891489869
-0.0856085565245984	0.0562831607216618
-0.291562951776122	0.161836378709521
0.0497819610656811	0.0346301777062439
-0.0097646719014314	0.00675154125849759
-0.191456951582129	0.119534205107167
0.260124504651183	0.156713705754221
1.27645523122494	0.874319285287122
0.114781834694412	0.0477140850371597
0.0381410547846998	0.0175045264425955
0.457390118300765	0.254857501816906
0.462654595704812	0.264618663706774
-1.61733521081788	0.685911357845271
-0.780692041342565	0.382869410446479
-0.637730351874267	0.239386145517236
-0.529840661877408	0.272676051270198
-1.1938835619955	0.594372548611527
0.0194710854595509	0.00493855371249526
0.697061700086292	0.309516777698047
0.657168821833565	0.427273123616925
-0.423418508543624	0.172105873849639
-0.414533834890523	0.172442293195497
-0.516029996513083	0.329761285465292
-0.147529769792405	0.0613863011808692
0.151731769335583	0.0733515240867582
0.132113388155467	0.0505992351234179
0.566079538688115	0.206288602812544
1.29024586941248	0.699497033016555
0.450087803641176	0.210000612235251
-0.280862599732679	0.104495611106814
0.950616172255812	0.42403658812159
-0.0243377024627337	0.00920358418592366
0.135045388353292	0.0685312435379433
1.02852177193612	0.526107529483325
-0.093378969058667	0.0412997828867065
0.422817435748333	0.195842288349966
0.684099354155778	0.288435425317745
-0.2372166279837	0.0733297305814221
0.322557654004936	0.0929384197794441
0.532746098194033	0.338975384503745
1.27335584974989	0.752459913562725
0.313623882317419	0.106199319843944
0.000586758870042443	0.000480546357701669
0.262961295454418	0.135072531643922
-0.126503486638311	0.0552217575800134
1.46626969238284	1.06427023915755
0.0242564234238598	0.0139823785571241
1.24324954975297	0.98422424119912
-0.110790474400013	0.0509078438050429
-0.538797169924684	0.24275432328245
0.43769862483075	0.197469341891597
-0.813914596243099	0.30841974906742
-1.88765553982616	0.895281848149954
0.605181583767896	0.288964500214408
0.0342966312109633	0.017020291086909
0.29114112885462	0.210956734770374
0.575285318894875	0.401776970128676
0.950195131675444	0.651159465013572
-0.555272478799502	0.402866329723655
0.285299645413011	0.124995340244327
0.669451061407821	0.415009046986566
-0.435004650616088	0.271481372121151
0.133278834948722	0.0631127566314124
-2.28610635287082	2.03526309232354
-0.259664962127122	0.137839601602758
-0.360745236035089	0.278659543144588
-0.153212055489784	0.098878454176717
0.0286320930266397	0.0148180490230076
-0.128514349797249	0.0748101156135243
-0.596070870730569	0.313444733821616
-0.0861743168911592	0.0415864865204993
-0.335771603519425	0.169393513766135
0.288782499839339	0.115201406322529
0.216954611571586	0.121084470779167
-0.599626799063932	0.436983375059001
0.421348053490932	0.232632406165296
-0.395726329754046	0.30527069092898
-0.316688343669813	0.192359856593215
0.142065170249038	0.0876336179143221
0.323484602335083	0.217696798734165
-2.24682187116681	1.22751021259075
-1.1781908302604	0.735493215241931
-0.0849272438101472	0.0420718825857376
-2.02375738728025	0.989511423949491
0.447327781731121	0.325741650678017
0.620808770817147	0.468749270357008
2.13392325871458	2.39920510311483
1.39500022800994	1.1758818572832
0.604033714744376	0.303429021325795
-0.648809687239613	0.442538303318108
-0.791528555665156	0.319096467653083
-0.281144968047549	0.153080353800755
-0.793871796555676	0.477627892542157
-0.687958652263384	0.731395455739285
0.0981468456999294	0.0679471610069813
-0.758710371611879	0.745162468507438
-0.662629295325278	0.590616556570409
0.15633257625676	0.0958788919773587
0.0675228961288883	0.0370657378453979
0.102804972031871	0.0569600749946703
0.411599327148007	0.288226897292508
1.08868185616833	0.972750060218033
-0.606249724384463	0.448956653938358
-0.143783303893814	0.100401608534338
0.0350408792401411	0.0177224216618976
-0.229384409973407	0.161532280320121
0.115869325022325	0.0632702595772363
0.839170306495348	0.644583219031132
0.639317165764084	0.402623076891771
0.911120489356593	0.565542496838975
0.33961585799249	0.185404718251416
-0.671466953298064	0.324454961309828
1.06567072431473	0.680680433595557
-0.335765159582333	0.164353726172472
-1.7624221655659	0.806232270835682
-0.0392227983541159	0.0146946312381417
0.7095259176494	0.313691611748809
-0.627526330311941	0.239398215017912
-0.946571274182223	0.410415868983478
-1.29254568342092	0.468437965161541
0.565177401201297	0.200432617518013
1.26494528427987	0.916635805961009
0.941622824918076	0.696999985526524
1.29867421770777	0.691903649422527
-1.32044253437483	0.695162013977911
1.9617628003813	1.50628996204587
0.287616124202006	0.113890936117632
0.276220253280314	0.121375984123774
-0.417670584913152	0.169675301104489
-0.298849265809979	0.128750467462301
1.55228754372323	0.999189837519978
-1.46603941705047	0.583389390662394
0.271612097037588	0.133656242028736
2.41068691971086	2.40747955653661
0.85484077782306	0.468339433395023
1.70860278483038	0.798988562558231
0.745703811636536	0.228481367728924
0.0884370247604803	0.0301505476318097
0.487223866228606	0.205337933385362
0.714235733388839	0.320574661157273
-0.410392125482226	0.168739352931078
-0.407991285718393	0.192506333702491
-3.09183480000513	1.07302576822624
1.71164458523943	0.808309300651645
0.319781666217287	0.095251523392
-2.12790799565961	1.12775661699723
-0.410924368349726	0.16814530096749
-0.422458878973191	0.167139637324443
0.533623724823431	0.280586337997059
1.28558247805234	0.804289543619492
-0.426055022479127	0.233527337567368
-0.665275887574877	0.3135749567381
-1.91189586584125	0.879498172121294
-2.04902373026814	0.584535062964325
1.09272040111084	1.03281685046728
0.0105472695425155	0.00573899544228274
-0.190206077448087	0.139921852599388
1.21804068634467	1.01186497646177
0.987108827608539	0.955111932337168
0.698684181471098	0.489850898989624
0.0333501898204299	0.0161001200676203
0.818355064982799	0.595132925420364
-0.194079444044411	0.136987657963011
0.0467904121841333	0.0298965461177653
-0.0344100552512585	0.0212654368486667
-0.157541800074213	0.089361816718374
-0.0395139754151691	0.0215672021314522
-0.166366202270543	0.083908877451839
0.0663446494166506	0.0373792353003916
0.0434347131351302	0.026748867718828
-0.348756133637624	0.298845840807625
-1.22472467377453	1.45154103662475
0.0872995087968994	0.0491256555904961
-0.885114477338976	0.740005126553314
0.318676691191206	0.257982340670944
0.569072757046116	0.38594770599171
-0.166966591055256	0.0963083537154841
-0.472422319959289	0.358484495363359
0.335473784930765	0.271257436139921
-0.23091646608823	0.134752211160575
-1.41526949553224	1.23155467281638
-1.20632937451276	0.938014077894131
-0.163827994394336	0.132266635548783
-0.545225419485244	0.400196921572519
-0.0148579145708924	0.0074848014242538
-0.558984938605224	0.404414227627839
-0.371818717982986	0.239811627517227
-0.406351494025632	0.189286910909622
-0.116612270718021	0.0718280670904036
0.475806741727955	0.378738774581693
1.31969917164425	1.29073160043304
0.024062205859074	0.011976386759361
0.773337889819823	0.742182742194037
-1.07354887634974	1.18078284141516
-0.00805027538716158	0.00504413887406202
-0.00916315638242329	0.00635529595440462
0.950003040134802	1.02393059475237
-0.359170957960153	0.256319752509059
0.5445066566179	0.555004549236013
0.271531210278025	0.168256009852067
-0.483464190671386	0.37972527483061
1.06494573303898	1.45851072096729
0.299754891422465	0.226239282217907
0.138740663816475	0.113378699680773
-0.972685017893698	1.1713984976645
-0.286073448104562	0.188116903007269
0.236358935481425	0.125199051960691
0.10335689210943	0.060476494885677
0.537919617405999	0.489830393724654
-0.152300482312638	0.0822226211681921
-0.633687607488894	0.241096147870426
-2.41356219027136	1.42742990904204
1.27101914046739	0.754655848627896
0.67330914753385	0.357393117850629
2.10148934736715	1.51393708969129
0.318690280544721	0.0935093374158256
-0.423245392885301	0.193986976766285
0.0801081511271862	0.0267287027344123
0.966870665401554	0.420779148797315
2.47578670089896	2.09869824562092
0.807635064915773	0.417546545605912
1.5229759262031	1.32123202460364
1.35005311804628	1.21908102416683
-0.247423989312731	0.127686064701801
0.116487866628882	0.0637493078476833
-1.1100498693845	0.767933968733203
1.9455630014638	2.12406936773595
1.08423935175185	0.71355533220719
0.267799769062611	0.120136763668267
0.436809126442183	0.196469915904113
-0.541213289235835	0.240707732029768
-0.295729528288009	0.130769367592087
0.294634099869961	0.119846419309663
0.892149327658161	0.532056359751051
0.126186705321995	0.0493981012305018
-0.0890625324191453	0.039518608463244
1.55022528329143	0.945370859004339
1.27190797242195	0.921275287074689
0.30827988708634	0.107059493935227
0.531923500596417	0.322095071491335
1.38629273260838	0.443742611119823
1.54266268523537	0.9701895907679
-1.62201751889261	0.685835550337397
0.12582918893151	0.0464375539414582
-0.452047298601351	0.156919646143955
-0.316607935073131	0.135660693864491
1.03197584151585	0.541878459652644
0.307864953228515	0.107668636240967
0.289311408908026	0.0960987529321556
-0.147491985053513	0.0589508613161786
0.24012960031763	0.116685804584455
0.12979397191121	0.0747165542401307
-0.424034133196141	0.253566238496971
-0.694963250314072	0.449993363758348
-0.791434348227016	0.523279730088518
-2.01833106930447	1.51377378285583
-2.05433974854713	0.576107769870825
-0.0213735382039917	0.0109249557414213
-0.0395065161380919	0.0236483584608044
-0.0754405251318313	0.0536684800581283
-0.113130193685596	0.0731677914772629
-0.230102945632396	0.14854677254965
-0.831601252994061	0.741922807588049
-0.542574303383112	0.438148140471233
-0.2690530445155	0.192240309811843
-1.20646411234761	1.45412067235294
-1.65660476847477	1.64754787465233
-1.17676620535217	1.30800070012249
-0.425544960146002	0.35236558084745
-1.13944603492285	1.12779088271087
-1.4527702393065	2.0877118639415
-0.270483661056724	0.206288836037299
0.241295242573501	0.130094192433884
-1.01764266198891	0.686803649636623
-0.294177198191853	0.195860815075472
-1.66343875371285	1.32266572552165
-1.27835817381688	0.866769880538225
0.041350355056937	0.0254353470494881
-0.780073757836773	0.8334235840237
-0.378055241055438	0.365044211934007
0.0360868770547948	0.017714879819637
-2.15899079746203	1.78622954334954
-0.6032519681925	0.316762016768725
-0.123847882540681	0.0680570259297023
0.331739122300695	0.294139158823463
-1.15565256268418	1.57413191213339
-0.1739585075331	0.115219119078531
-0.120083309307656	0.0799261927126015
-0.464261134172431	0.526756941255731
0.153291734347451	0.124617926004846
-0.253627197447864	0.224237356680272
-0.039510840801288	0.0285625419369766
-0.548338609580337	0.5762334386752
-0.0578748850857769	0.0444851283737325
-0.365148282453742	0.309741968819319
-0.982105179968568	1.00813726008375
-0.669640294255794	0.624795605093439
0.381648409908597	0.352950083616625
0.25953381027962	0.204405891607992
0.0744388721661677	0.051309854280736
0.420276151375524	0.353227437880292
0.111320978838132	0.0776282092169347
1.26420704062163	1.28506470121787
-1.26350015273969	1.16178495862011
0.45424354858028	0.364648847792744
0.728424932616333	0.437910080813945
-0.204283040619765	0.124426992583025
-0.361234872705586	0.205820483792314
0.673454040823283	0.3693090442749
-0.984895455619067	0.567274199326138
-0.21859063104425	0.104933393086827
0.118066069878679	0.045143252018282
0.860247197491686	0.495802347083174
0.41821171154603	0.193571745363
-0.682471397434031	0.330054092482129
1.08692433516325	0.772899981183902
0.490103570210056	0.328180172366445
-0.0526631622183064	0.0279636210319223
1.2973678241378	1.24186702765741
-1.1518779866909	0.871708913216958
-0.432532174495874	0.203534070310165
2.41925258569072	2.35698828431992
-0.149282438042648	0.0798897668511464
0.68708331175532	0.359050846052987
0.129898860559133	0.0719889295709828
0.238835396946841	0.124555665533303
0.0158199068522159	0.00768776881861149
1.88669383053003	1.16813275435825
-0.000462374039298405	0.000125598870661724
0.36441891113374	0.198890056052206
1.61716382514952	1.87160211400121
-0.0427478011237692	0.0153663748579386
0.742445237806502	0.443160228198317
3.40095346776863	2.56983604439498
0.87339742529389	0.335340030560621
0.477882214715243	0.279541120283427
-1.89958901350148	0.920451115637036
-0.701693441510467	0.323938007900245
-0.11192421358067	0.0378521284232249
-0.738482059327092	0.407923045337753
0.131249932337352	0.0514625856643514
0.431888315592457	0.206927620580655
0.0799104518228427	0.0275142705035933
-0.517960763784127	0.268402148205586
0.530855335695648	0.326754411651782
-0.725801889316219	0.520139580132372
0.681565628091353	0.370680324174369
0.609257059658392	0.455671800651944
-0.341035108607474	0.212350291921361
-0.140341159527161	0.0788750705633663
-0.236262495612289	0.137852424618949
-0.419570986401695	0.226044264865155
-1.46410108404933	0.566020569381966
-0.937090623097073	0.395132194956295
0.619018943765287	0.44125166094862
0.935596172258857	0.729005305072093
0.022819245475962	0.0130264537701637
-0.532129791645948	0.486071514678402
1.05742036954314	1.25271069727121
0.0625306525693205	0.0399779063336536
0.589232689573985	0.565637024108891
-0.0626997722791144	0.0318621689418408
0.67704861518927	0.647425915913767
0.199595043231566	0.115496717304257
-0.270045044477484	0.209755200498261
-1.54687932559227	1.4323620016387
-0.565504626747537	0.575374841372278
-0.213926610628857	0.142089264400001
-1.13408772788208	1.42523274783609
-1.05789545458222	1.00222730739783
-0.198723041053897	0.127840657744152
-2.0384216155236	2.92007317989051
-0.567424279905379	0.569600158100478
0.459466988177128	0.443319000786102
-0.760571496284251	0.744132853519048
0.0787205909839167	0.0480889375481616
-1.76761219358498	1.44550994585807
0.290261439243958	0.204124952246553
-0.699435933198761	0.613426236747818
-0.452746309958297	0.342440799151434
-0.239503545118792	0.195659049411747
0.40377554363657	0.342766285228892
-0.139780095245357	0.100267636585991
0.218237805361539	0.144104536295067
0.783762327986174	0.552832463406818
0.431683881348	0.302531981959759
-1.06496769435186	1.29465334058061
-0.652084278849758	0.534436849596498
-0.0688424137378134	0.035875056228232
-0.0827973953378845	0.0619425939926681
-0.101494711569972	0.0760467279618742
-0.402505511493799	0.328524645649986
-0.0421654354987914	0.0323130321469036
-0.699494718913837	0.782397135545752
-0.618692809608123	0.558992713678002
0.0849248483829366	0.0621434480322744
0.356806478460524	0.379545235180316
-0.923318515675811	0.95970887934086
0.00534805618545287	0.004257969074718
-0.292605191028667	0.284722572386224
-0.558065527022566	0.532537958346438
-0.107648112797607	0.0897685728311465
-1.38400837242352	1.56081404784085
0.222131953547203	0.143289729961299
1.43178942643182	1.52508782924883
-0.314891220991067	0.217584303758484
-0.215202101039947	0.105091015891866
0.668658649134603	0.611720398099743
-0.908233225563359	0.491736713512034
1.05084219268036	0.915195207106464
-0.438285915403312	0.267934828915548
0.806018553800691	0.409251152165225
0.685744268895792	0.363702465615847
0.12174426436167	0.0456323284027036
0.752836573456087	0.455648499547363
0.894126578960455	0.55595147107501
0.273586699206405	0.121904642003381
0.660347197831159	0.428996284391269
-0.985370467480792	0.54818684345297
-0.352616878406422	0.203962046965217
0.677427841416044	0.477169939640542
-0.426391788877218	0.260399600451954
0.384030305357795	0.236597779672388
0.856818930237592	0.733182102344654
0.776422039971786	0.514439978365246
-1.00338074426509	0.67094593337716
-2.23174675001259	1.24757908748139
0.707715025833858	0.314660740176445
-0.999885503825903	0.570055292408548
0.736143961039642	0.451014374664705
1.21277840950892	0.90073030049334
-0.0929410169887509	0.0436915743921622
1.79770484534136	2.18101691847697
0.0886296568785936	0.0290325056653704
-0.306629580629906	0.136645906223219
-0.789890986110597	0.404495270076079
-0.0881791947903394	0.0304337361417583
0.614364269826384	0.300960287153222
-0.418529096923548	0.167314807267193
-0.250600571403345	0.0946705356850627
-1.08552471255498	0.500001199129168
-1.90220664493695	0.912937429674023
-1.18240722197543	0.587031437492375
0.408981365621419	0.208758212165755
0.113519588247679	0.0623938317077882
-0.711043296605469	0.506036060367353
-0.420133318532543	0.22656270951992
-0.658155726968487	0.415741997966443
0.748764076780069	0.6190687036095
-0.74905809734263	0.595924367068685
0.318143538060255	0.0951754671461897
-0.104583473020731	0.0362795943325131
-1.28847573339476	0.470664598070543
-1.46788844070669	0.57076637753465
0.168786368731891	0.107408804828709
0.0745282401370611	0.0448011814644732
0.0152237407840698	0.00726732727043157
-1.4612334363975	1.07976050701614
0.646420194552055	0.468522733969458
0.860159854781696	0.807160631444001
-0.13862702803313	0.101304200619026
0.269293002067514	0.164629054139836
-0.152466918194447	0.0994294214758019
0.359900575678373	0.199129894478413
-0.178605006809445	0.0926716180716655
-0.561398325624399	0.222488161975652
0.837996565524615	0.665122666784047
-1.08080974180418	1.11319502802852
-0.568117941720294	0.319647158258463
-0.121666194854615	0.0881039643951046
-0.432679148687777	0.356820561843411
1.33608654960153	1.3318824186488
-0.274243813707145	0.149355127399346
-0.044985797129219	0.030976722617561
0.00916901268137692	0.00519650892620539
0.241115604728363	0.161153726388556
-0.282122084499162	0.153849436185967
0.478554829175557	0.270678473068844
-1.35249792130735	0.959124427343021
-1.58136415024151	1.27937094525951
-1.12910860534509	1.11696924131774
-0.22713620448186	0.149811635202121
-0.0605507766326126	0.0324809746273351
0.364041647681732	0.266208237700143
0.0165309490262552	0.00912500709172115
0.232944923150189	0.148734672672153
-0.191956885629327	0.0742784757089456
-0.22862296815227	0.131471894465999
0.824459615476037	0.61305233397394
0.150196395544735	0.0822101504398883
-0.0683190947864865	0.0347827340162927
0.353454731586823	0.198743154604051
-0.0236338381829586	0.0136937868943948
0.185702700396824	0.151775037960522
-0.435925518014188	0.362237835093386
-0.0183652854304377	0.0111560300427727
0.163265485621633	0.122399411040698
-0.186740054178315	0.125635408284094
0.768465765582823	0.709911097919728
-0.805958649375578	0.481174240308567
-2.17649717204535	2.94163911699833
-1.45632117772185	1.05221004463111
-0.846186546217813	0.915545711875344
-0.701761466243644	0.7593278104
-0.0810210401934863	0.0434069879335083
-0.203958053022752	0.100896037215086
0.610874294855263	0.608461734104813
-0.220252783493159	0.124506139595943
0.408339525901818	0.357509055087015
0.107522027861509	0.0539814171712945
0.037393772305061	0.0170146868960818
0.711587777034995	0.304833825438647
0.803390357826264	0.57158131554431
0.206945847664367	0.116337924503109
-0.820446287688086	0.513439404167951
-1.63122095510125	1.02788337402852
0.693922159693831	0.30115893481271
-0.0907220618342564	0.0314062517758795
0.556073696184275	0.204808240002599
0.0114202123721441	0.00307192001957707
0.126018174003986	0.0490909592468715
1.01198703647845	0.52568970807882
-0.351007980939767	0.178038571499731
0.0163659900345216	0.00667497168092392
-0.00536120740100949	0.00179478943419464
0.354477535459077	0.196804455289623
-0.517096540901901	0.273507736503572
-0.266247834034223	0.142143540256863
0.480661135844277	0.279803252470776
-0.16922685939239	0.0862324732073504
0.129994988198299	0.0493933911682797
-1.35613407994457	0.946961865006791
-0.411191916142076	0.169597790766529
-0.846528544710592	0.471004600079862
1.60864906411698	0.882928361782953
0.962398092983528	0.423683149426831
1.68481955797038	1.26899953072291
-0.53271351032012	0.244008764835679
0.513372501972101	0.272788717948273
0.157073880205699	0.0665943440156755
-0.260933865052305	0.101079694523823
0.134567319588416	0.0529157392994936
-2.25797671833812	1.12898073936025
-0.181425194907768	0.0926919449048185
-0.0235393257791105	0.00918156669476227
-0.453661958033717	0.15768897072405
1.29920911004707	0.751988427858706
0.706633446587223	0.307398835574708
-0.0302707608303119	0.0114165263828119
0.900045128257965	0.58213922526366
0.290515733862995	0.128406612183921
-0.056081068445078	0.0274825371406552
-0.889838241518901	0.563424835378016
0.126943369071798	0.0606733102897974
0.906173875318775	0.599778514118843
0.778425960459141	0.516621495256725
-0.932009135566695	0.415216911847897
-0.832636786270048	0.249232691777988
0.2790633874093	0.172444164049409
0.202697886373511	0.135593842375228
0.377485589215682	0.189769179273737
0.119361369565814	0.0677773387080727
0.746517863223193	0.645524127681365
-0.107569021751159	0.0704463720409586
-0.0877629011350208	0.0415260783511668
-0.511922500540174	0.382274494492572
0.472506342234525	0.349708052539574
-0.151659117653974	0.0827589178645615
-0.277021187186413	0.184015703849311
-1.29668407584046	1.01434974553831
-1.66638552676925	1.87005866525919
-1.53533725615658	0.907346555104697
-0.109417156905102	0.0583922958213562
-0.596305731577854	0.398644147310287
-0.473628715547615	0.321792221979009
0.72550652782113	0.563185709739779
0.177579310584767	0.103818233617021
-0.647572313778015	0.490530729352567
-2.05950230850295	1.51109248173665
-0.91092934628573	0.745838246045203
-1.62322756205764	1.80140541641356
-0.852153428427927	0.632697026278375
-1.46348384573393	1.68689150564894
-0.513561733257549	0.385322118953113
-0.15697173798499	0.101982928090091
-1.03758382490424	0.935210946743146
0.360704399435851	0.293781752566573
0.504167581469766	0.305031265306917
0.0220993206596041	0.0112388264112926
0.444012602380567	0.324513046685474
-1.42512981551092	1.23563282786022
-1.10902724704204	0.984797961300611
-0.619884865505662	0.377224802411588
0.223720954714038	0.12399330033906
0.192109485038248	0.143498056783644
0.623698223224257	0.460412506159683
0.516477978814539	0.387936243097427
0.00793587558349416	0.00472131361596427
-2.25248894308248	1.92534737709739
-0.310541788847486	0.214595918100498
-0.640624294815778	0.602328556325205
-1.38236268165897	1.0526397404082
-1.29743065683107	1.21477690188465
-0.663662477164763	0.518288474931439
0.67419336944865	0.653446770983115
-0.619148447395728	0.547586749940861
0.0236803864790775	0.0131929538517004
-0.902771747313984	0.492323146450101
-0.311817240479699	0.233408553297048
-0.28322288323545	0.205601626962217
0.394562216029551	0.298440769368383
-1.35797073656123	0.953103166961904
0.516514710496098	0.265854359499705
-0.0731555330114471	0.0377704064648633
-0.353873352056577	0.242248263159707
-0.176008469704261	0.0887453232185036
-1.76763338215875	0.804520643970057
0.312700079522496	0.183971098930356
-1.30090872350559	0.695535355516964
-0.421528505015572	0.227497351292687
-1.89725523413101	0.918429440872901
-0.427111307718584	0.159695045334983
-0.765440886427204	0.507298259965056
0.13917192884447	0.0663855806870087
-2.32650234980566	2.01419360560426
-0.189560959323613	0.0944199809105746
-0.0993319935734483	0.0443081692342346
-0.253117894504943	0.095219813921113
0.209509755513146	0.141675225592361
-1.31394843415329	0.671391227328114
-0.32069305310635	0.164371236693159
-0.117810653926622	0.0511623674077639
-0.845914167556839	0.6681493462567
-0.019804631807902	0.00776150148591098
-0.291833178705313	0.131403435634838
0.253511844550771	0.123292480302833
-0.328001506885147	0.181006097036399
0.329971039447924	0.096148941949692
0.434891126238864	0.199720157692949
-0.111911911063678	0.0492878023233145
-1.05964686347679	0.492905675478341
-1.53325730690066	0.896391153874554
-0.776086225133891	0.384319461249771
-0.258240451750181	0.0972566586597318
-0.0962195930832711	0.0427825091606005
-1.76968750370504	0.808308877688104
-0.882927473146054	0.457989839842941
0.261044484708302	0.139130301464341
-0.790188935347894	0.410971404092911
0.901975360917302	0.564130072990952
-0.932563238312316	0.411072780502991
-0.958699069286514	0.624305417293605
-2.33167044981822	1.36567275356394
0.14953426257234	0.0711054349903874
-1.19443834101594	0.771950737377124
-0.546160509447471	0.248260220105325
-0.074898833713951	0.0357299460599687
-0.520802749971932	0.137595352476473
-2.33498094213413	1.3537132344532
-0.425043646404053	0.174147572157684
-1.2952858588193	0.46376330053476
-1.2842721298882	0.46420483180485
-0.79291451649689	0.313249976009065
-0.411855138034004	0.168940202541696
0.254742521453482	0.168012318464612
0.540918436354535	0.400278404043826
0.859155047190897	0.673588974069131
0.75029821269112	0.671974337299475
0.030656437786212	0.021717961902433
0.699631760316944	0.487662676703938
-0.131502884198525	0.0984422084867005
0.747939627709284	0.680354887457437
0.893351008992552	0.956339807863289
-0.036165986305811	0.0186418672994853
-1.3488849213117	0.955643115495702
-0.131800155225442	0.0803878894367305
0.0932697880125798	0.0557771338843848
-0.892327795906196	0.825553904479585
-0.217098244730141	0.106195216844197
0.272188317073005	0.231209976399661
-0.149769835202107	0.0877822744610874
0.684383739777708	0.640912571357896
-0.441147224929824	0.257247555527578
-0.219515677688614	0.165904740042517
-1.72443625737363	1.48543867376897
0.298800922342975	0.175086628989195
-0.401063183608201	0.242486860239267
-1.02068165502101	0.90860697937534
0.0948911701391002	0.0499797084288139
-0.558479183897701	0.436613721215377
-0.0672737151485084	0.0313509656660118
-0.745872659331915	0.551007580632982
0.187299245284774	0.110815251411017
0.320040987930574	0.181926603679315
0.106704769407835	0.0807246932517435
-0.302530400659173	0.233455616199948
-0.960122097768021	1.15293797063791
-1.28132993766832	1.89974545647411
-0.528828151278863	0.585214931683147
0.401880437044599	0.353933038443084
-0.27051709026084	0.180085573190869
0.658444349470718	0.596977791949198
0.453364032363522	0.347499475388768
0.35024619332035	0.235159341556323
-0.752746659771422	0.627029765581716
0.326873060895026	0.218313526284966
-0.6936202540695	0.601368512914356
-0.946479610045437	0.852415822259242
-0.283651558498573	0.191955319871196
-0.678108306471449	0.417371764310009
-0.219558368516434	0.133566104371223
-0.71535890286863	0.616129718488287
-1.26108943510932	1.59832550571504
-0.588861490690644	0.444641007247094
-0.543778290563623	0.471423119768174
-0.298369487443242	0.132950321022678
-0.182531071378633	0.108554412286747
0.166252518254575	0.114090440655377
-0.370925116438056	0.284748470445977
-0.0997410950596856	0.0511371427493322
-0.713090704739967	0.613896282380963
-0.810650430786233	0.752789309314818
0.372522243331434	0.322880314341207
-0.119490647509015	0.0788384067409879
-0.279647876762088	0.187628338704721
-0.0341090159524297	0.0183329323415868
-0.175847476692228	0.112014687853825
-0.852798215424926	0.877116794487252
0.529848829103324	0.339788345522859
-0.516923269301573	0.401419284488207
-0.379255590493503	0.242011595058821
-0.416910704590767	0.347819247789159
-0.294965144590147	0.198781053866955
-0.933424959422392	0.799687542317895
0.209463284788863	0.117292957686023
-0.669465995308487	0.426082170121248
-0.982488985525963	0.665887838950661
-0.338905971192781	0.219316610852021
-1.11485778520031	0.919149539316428
-1.59869392206698	1.24561790060987
-0.299866271979831	0.224033374290024
-1.3491035169999	0.915178691765406
0.611578807726191	0.278260382055136
-0.601489223120772	0.445009981210225
0.746857256937517	0.444937305082877
-0.890240174508423	0.647343090088204
-2.33582377253357	1.36637879628233
-0.549822907783698	0.399383909610657
0.374521994010042	0.187986417527694
-0.667097296750215	0.31211013302862
-0.453945239495686	0.272356327293121
-0.30544932807203	0.159153873850277
-0.316086516687937	0.157967829693225
-1.26746518105975	0.832236316818577
-0.0769764939211726	0.0360793004778593
-0.894006416050915	0.559635010872321
1.26718544028488	0.928697360582109
0.837455878807425	0.647717181503598
-1.5078014715449	1.11281392013436
-0.083749232252418	0.0394035022286311
0.0363578377832594	0.0161893482322398
-1.87842660747894	1.34048630856235
-1.79699833877172	1.17005604737866
-0.0978390044024558	0.0332569493229733
-1.31358341416626	1.03598231571164
-0.918550598652677	0.580355793152626
0.302608194154884	0.106802747812986
-4.09964940133861	1.84505871625169
0.531614344825695	0.280250474010119
-1.5230169097324	0.904476831815181
-0.827612390596307	0.503629101765206
0.433129554489383	0.205364192107577
-2.50662138300429	0.751156666336677
-0.270146218736041	0.102570513006399
-2.33546413881828	1.36414815896167
-0.0157809997337361	0.00617926875382745
1.04551280167641	0.925359820876718
0.434552341903866	0.268859946072004
0.329506937386791	0.218029015128739
0.0108825697277342	0.00593419584164045
0.395327656732938	0.313879133799681
0.18609566101405	0.11247433285283
0.780350363780184	0.671701117163398
-0.306687959947529	0.200915101444966
-0.65837481146143	0.565506180568336
0.486771170344781	0.429988303761621
-0.141492383380302	0.0917380194464695
-0.117069270666524	0.0728563240428908
-1.64867951174302	1.38891685843341
0.321479741873199	0.248709517275324
0.117436384340109	0.0701589627381998
-0.926158496935258	0.670336865988539
-0.524448568046039	0.343705945258524
1.12000574771583	1.2170314146622
-0.38864661186996	0.250352620495952
-0.523059297255572	0.302658365196806
0.675746153453123	0.572759616896816
-0.420035774924873	0.341201975466596
0.547027452986905	0.412602890072063
0.125983395750021	0.0716225313271142
-0.0733770236623345	0.0346196201656051
0.232834298155764	0.165340318349602
1.02382713534759	1.22910392183066
0.909776500368614	0.985878404976203
-0.169218437508383	0.0859423008604928
0.161258252553434	0.102838050006734
0.346927020091152	0.242591033003486
-0.423419749669512	0.247199112921607
1.04436932460224	0.607506781010924
0.817771732604314	0.600450040663005
-0.45347947689025	0.298764172606916
0.807275425307284	0.596456703896899
-0.0564020177466268	0.0348978470092118
-0.31078333776733	0.247127592737726
-0.219759548437552	0.168842172543865
-0.941823654458513	1.06180710556622
0.052486408085311	0.0395194577076671
-2.2523265377322	2.56976817664874
-0.471818576985913	0.372259117272705
0.55865350019996	0.565510839523844
-0.977459877694901	0.758135524947174
0.422720633008733	0.381936280711125
-1.56537280924847	1.88045458657008
0.104525245744001	0.0580889135561143
0.151620791486814	0.077855269523657
-0.184526152483406	0.112832959315375
-0.4411890850275	0.255726044654648
0.0996171259114488	0.0582653115151382
-0.609693444628466	0.470703775278233
-0.45244950250496	0.266671119681757
-1.31941398093606	1.57714991884372
0.481300885872349	0.385343203120783
-0.713280723958102	0.502615507865942
-1.02680860788713	0.646630697630639
0.224457142932891	0.127802307144845
0.158836330871005	0.0989012903386064
-0.467721735437757	0.346365680067972
0.869841462225614	0.780522035229402
-0.236960655038991	0.137706989776271
0.133998072647704	0.055991651358865
0.982913050830684	1.14893535897688
0.754831726891663	0.649760888799546
-0.0698801926486467	0.033844309992356
-0.0412244121896753	0.0234386394694842
0.189285839866403	0.127060045122727
0.240138193299241	0.170135226759429
0.11182622778935	0.0595929327192759
0.153745051442409	0.0952764327851638
-0.66951157994769	0.670718357633384
-0.359504581054861	0.213318571257774
-0.242539828960654	0.137083174544285
0.20666214798841	0.156113486858222
-0.677892810609148	0.314754173367907
-1.53599148177524	1.69529258754989
0.285697100438231	0.133001337227681
-0.196669614182181	0.0933111748088222
0.151918308988333	0.0738661402763458
-0.739154002374418	0.42789814970366
-0.618498492623225	0.340547218982175
-0.405096224503918	0.195831764660093
-0.144863478511393	0.0840391025472897
-0.569338129267331	0.442957019594752
-0.0532070373823807	0.0268942002391329
-2.35455102769707	1.23014003238009
-0.177334146812466	0.0742749394120428
0.142768459412691	0.0715549945985309
-1.05873870318439	0.695146059188162
0.280119873494932	0.202994251462357
-0.303929738953715	0.152821828895117
-1.05464106478228	0.754087738475726
-0.0572293310914009	0.0307095657138378
0.0105789899829665	0.00457016470955862
0.14430427967974	0.0625633586160613
0.0375910871228385	0.0169525150404475
0.0042811008709257	0.00257554573073154
-0.789352130003018	0.474071282192761
-0.595128609758341	0.35696747378791
-0.357073053944735	0.178107738889532
1.23129971684294	0.962002447605198
0.400506271959723	0.208244979073754
-1.63513767393973	0.660757913977246
-1.18771999896283	0.600674198175474
1.44564252834767	1.55580110103123
-0.0622517063617655	0.0281363163260259
-0.06401068886947	0.030874539473191
0.620541189938033	0.354941139842051
-1.41066982145718	0.787987581234648
0.440803836975355	0.257563018157103
0.0110358283350828	0.00525838416566691
0.706413473054918	0.306752896651294
0.387639050069435	0.194626123223112
0.308742928290006	0.106340121260361
-0.23910873843756	0.0728949984893068
-0.0678524242938321	0.0323564685519141
-0.413746943975138	0.167958770260411
-0.927103837560399	0.405604828660063
0.131510063975197	0.0561621570433733
-0.93215943401449	0.405868580406624
-0.0283736516174006	0.0105039365206535
1.09886303021304	0.870272709509917
-0.122486793587021	0.0779006412390428
-0.0353554251585263	0.0208868379411082
-0.00840924788204263	0.00592978448872791
0.320390968759431	0.265116029755208
-0.123455856931674	0.100067682204762
0.57915302267104	0.545284675479558
-0.237925953003455	0.172771548514111
-1.85965504881229	1.63337814861655
0.102849160795525	0.0590558123074037
0.974665719958812	0.946105923189788
-0.607910201120617	0.482823932423109
0.480940689057355	0.41878034120387
0.2493795637307	0.188498315837047
0.111734061304896	0.0761849353456466
-0.530318512797263	0.375699539656893
-0.714930335593913	0.603369162545857
-0.421515487021	0.259438062504725
-0.409370127012056	0.362408670369133
-0.244281011655812	0.187838537224794
0.742219230972323	0.784417778276117
0.250910886973136	0.158673398095924
0.11949125802887	0.0780531694218763
-0.401329391158876	0.293571214204071
-0.187041526244444	0.123720651429985
-0.0759770193406306	0.0567666984747595
0.64285375983728	0.597418923291633
0.834062094237686	0.91367236633091
0.489128964186178	0.436654369692525
0.0210579377068893	0.0114371868293428
-0.806524891162828	0.689093062898963
-0.9576561141984	0.908080347588304
0.179743573276754	0.123392910475888
-0.628630285586047	0.518325535485007
-0.0298826099277785	0.0146948537806823
-0.873519411510826	0.8195118453656
0.399702526001838	0.251551848760821
-0.447099181843131	0.447587641307182
-0.971871554012739	0.928404154309292
0.25360366324036	0.163180905422432
-0.53450904363113	0.465625740350401
-0.280100959758808	0.192120893901022
0.716209345502442	0.512963095319696
-0.506808594085727	0.413409584515839
-0.417715237397622	0.344702024156116
-0.744691875522293	0.497456615034629
-0.719235951347954	0.616376225510429
0.374931471946212	0.2736942268723
-1.21512339999733	0.947870290085986
-0.63203681302939	0.610158538435561
0.0739955849521384	0.0550586660737905
0.0160981480341486	0.0116948218755945
-0.241767221104563	0.142000559958309
-0.0709588980590591	0.0478272115123344
-0.803818201523281	0.4949862944922
-1.70683922791162	1.75554625828614
-0.508376497281304	0.461236522614237
-0.500091754624643	0.313872357407788
0.652655790353285	0.548620709507035
-0.663908297495314	0.532334237818921
-0.945316747079406	1.05399064545455
-0.151515779415501	0.107262080355237
-1.17348489862082	1.17231790409952
-1.17148439908067	1.11571528845974
-1.41286553807507	1.18938632962267
0.654422267559348	0.578575219692386
0.259509583646295	0.175993372879277
-0.0574262015632309	0.039411942624114
-1.14750226813128	1.38599346963886
-1.79039832349293	1.9127336193139
0.762910003240469	0.678426723305226
-0.562512996103212	0.477120024777433
0.152317662766829	0.106376635823985
-1.70562936313343	1.3573465932276
0.397115125921301	0.403431048790364
-0.535555035284862	0.37691852352317
-0.895081743427416	0.487177947586116
0.315015868080696	0.311153912196492
-0.848371998613404	0.852174104098374
-0.0638956760272437	0.0426951646628772
0.9929269108237	1.12614083098944
0.438269261444098	0.327612701312189
0.313114847361673	0.205102816423742
-0.68996523496442	0.326634983264678
0.215111869646058	0.121130898860372
0.48311800311881	0.427591186850119
0.15322684197839	0.093893742765522
-0.296159139730825	0.192121189865662
0.951959997725704	0.416760553144764
0.69460701576212	0.510838931120217
0.637947283078212	0.411348229866225
-0.073629516288254	0.0361716545892221
0.105649113674113	0.0596391464709393
0.278182882647734	0.12618696944269
0.57016499312789	0.510863613805231
1.29064509941725	0.764411943766168
-0.308000509416532	0.186992349836916
-0.778746477248084	0.388354336439153
0.939216747025148	0.710927790869232
0.86861659021529	0.89389469989269
-0.157542633519953	0.0829232034053696
-0.0634977067397215	0.0307489116492743
-0.52295080907602	0.306681163792502
-0.508319785174271	0.31840426717957
-0.246420748544685	0.0766890677049565
0.43785915267126	0.261693833323622
-1.43351831813984	0.786815403510031
-0.685365869562318	0.325864607132529
-0.77511183083727	0.390174702428201
0.296041947493411	0.173006038134882
-0.18896767064782	0.092786920789733
0.545648274475823	0.278876581872902
0.6895625018868	0.386318767539194
-1.28102040521625	0.841294247633997
-0.353601775442202	0.201826268608354
-0.161585213397874	0.0886247784425044
-0.89050365043112	0.566868309125441
-0.643291200622249	0.350840345874729
0.537117985234231	0.28504815651708
-1.46148630165531	0.576250740418482
0.593526315285278	0.352873970689123
0.528461796163779	0.279471766401106
-1.28350107612435	0.474836718450796
0.13839697040642	0.0608212272346216
0.424004214379719	0.195795238846852
0.00713763059336234	0.00212611679198555
-0.0459455155697923	0.0285163059246716
-0.641766990931616	0.487278618913945
0.240686606049973	0.185772625809095
-0.252562896882469	0.197675272575109
0.306545871075291	0.176203117234556
0.615154179970286	0.637064857778916
-0.504753610253539	0.25823987696296
0.217776072910585	0.124756217543836
0.756884021411094	0.70168647092929
0.681290208141138	0.762216685780198
0.0207597729931619	0.0136147671698877
0.142829771003569	0.107289190327913
-0.653826673984529	0.674834783823854
-0.321965767788724	0.192597595271838
1.14577600831326	1.46450294846159
0.490856475149659	0.417233478366825
-0.44152661693034	0.337184507613842
-0.374436114958679	0.303687460167125
0.802258538341415	0.872623487446969
0.138016547743092	0.0957335572363065
0.953230782386082	0.817342300834352
0.823325781958408	0.652905887451139
0.809721815362181	0.599660688505708
-0.109137309170811	0.0724724853630542
1.06793431619872	1.03842648867735
-0.370433998013636	0.284865848909676
-0.378964715571849	0.27966935976068
0.136037690847467	0.0760032078873888
-0.676008428432397	0.54988353624636
0.477074740719204	0.39409340799057
0.391935546540051	0.288836611583322
-0.477681462074684	0.473609513644452
0.16262874844932	0.12078575748904
0.146334660036302	0.121589640573882
-0.435903870623329	0.268618629509777
0.345571007280193	0.290831285175598
-0.652018727071448	0.520351187677217
0.48155125241329	0.447909076220178
-0.425931231034454	0.398970135759079
-0.661428053808209	0.600323404731081
-0.207073126135638	0.118544474947544
-0.125526364070521	0.0766524555485119
-1.16085657566096	1.1527887661902
0.311679271652587	0.181295125358717
-0.902191279477328	0.788636546871461
-0.384529700806392	0.265457401329524
-0.924182230362935	0.943939536103437
-1.30367678554234	1.54664328066771
-0.462750362055234	0.453855839540452
-0.658585767439848	0.554305192663878
-0.24305919895511	0.162481413022951
-0.59307819436719	0.344605545370939
0.614864810255396	0.671682361443949
-0.633528480697544	0.456348615224269
0.018981271584884	0.0128140170145542
-0.365789511981835	0.21033285814215
0.29928022483139	0.218609861197488
0.88369635626046	0.774965358208314
-0.783732117659767	0.782223088185222
-1.69252282675894	2.37336641486814
-1.03307488596683	1.25187376072107
-0.83239739175294	0.957189019583545
-0.0323389885211638	0.0202742388469043
-0.288529545967701	0.189743083330841
-0.501543902255709	0.406147740708275
-0.608001840050102	0.405335922919995
-0.301014443156087	0.258543781006212
0.210789570880532	0.14906488410249
-0.136381820242998	0.109089013974269
-1.05466572985614	0.96422832581823
-0.208293754462585	0.137578113020586
-0.211147220626428	0.137720206415179
-0.577142430151078	0.474135131843307
0.289700741924152	0.203518919272183
1.09142787808899	1.0788950605835
1.45308836213504	1.80966620988901
-0.205065318302959	0.139905395411833
0.502949820542535	0.367099864802205
0.406710683344447	0.333991892638
0.241367241932822	0.12856611349901
1.26416899118527	0.928015272396188
0.314808737653027	0.208939107950881
0.24288285744709	0.181771003855217
-0.167911565487582	0.102933066601088
1.36557974159621	1.28076116602625
0.928090794638571	0.628070665981816
-0.291017461623737	0.130534939737434
0.458945565882957	0.295318717833455
0.230112469576472	0.122217243786369
0.144996762907271	0.0613025497838633
1.07640738808387	0.772481957230831
-0.0963193577867482	0.0432428068028555
-0.367359588776105	0.278778077057943
-0.317551501844852	0.165230232786788
-0.421485228351679	0.174905606541737
-0.279105848115948	0.150536757892208
-0.500742664541835	0.248204056481453
-0.563616563570114	0.243779973434681
0.114829231136121	0.0491708103071949
-0.1297717546491	0.0556330858198987
0.279657130216071	0.132235521861541
0.381184556055794	0.248313674294768
-0.387719178873334	0.181574754054909
-1.063223677265	0.774794897006386
-0.599045489250263	0.322887154151699
0.437299092295604	0.321620702521171
-0.0832063770250581	0.0405947618853244
-0.16532723862575	0.0854232827793058
-0.4260282066579	0.170360448879271
-0.544879751701286	0.38484827459297
-1.27901211296881	0.459061428425146
0.577289603012866	0.400540296927047
0.966135846393688	0.431764918388518
0.553473956317758	0.205279910473574
1.20687273326828	1.15652567119863
-0.0193295936301592	0.0109297740114908
0.939898151140943	1.00048951085517
-0.403779800704471	0.346616916654743
1.02508002065316	1.15630884107221
0.673727836050546	0.433189641041401
-0.065296524912778	0.0307382126492548
0.425875020577499	0.263869524168488
0.955263259070372	0.811715321740539
0.0539801225343188	0.0316712051907113
-0.365143651243808	0.299403775878559
-0.179717296967749	0.109453007278316
0.526245142195216	0.400219585747755
-0.214573154564202	0.175925012040269
0.619268964010774	0.483402188009193
-0.354728964117991	0.272995108679446
-0.741232558098299	0.567596455291981
0.700047114621883	0.797752277689629
0.742584000752968	0.60352980974591
0.496584150569679	0.395485059365433
-0.794235269423719	0.479588864379543
0.252514761766843	0.125166894248006
0.834119091779608	0.67619081831312
0.943174974609858	0.784899965368224
0.274175156663772	0.165296506023279
1.44650134510857	1.56323194866191
0.812109994361979	0.600152504177708
2.01517317737324	1.86230603222651
0.895437988683746	0.555514566559439
0.587846868404996	0.322862865351096
-0.460944768908733	0.307074816041096
-0.134724639971771	0.072202448475428
0.000794684404593933	0.000417988385761839
-0.156008653073127	0.103685647932545
-0.226225345658556	0.151267939668406
0.197304874799444	0.132052954677255
0.962401613738794	0.839863726385531
-0.53790596163121	0.340825317026741
0.172197992093752	0.121565548748406
-1.70987007226419	1.72849187251064
-1.04362075559733	0.725014219691278
-1.51710619919025	1.1349702932614
0.377261418005799	0.241161774212751
0.797977608692491	0.918206798045294
0.234344995258065	0.163897493885859
0.0474594851073983	0.0231216309172164
0.0131264314764899	0.00883661354353848
0.652084275160777	0.594178042585455
0.759890460068092	0.667176943237154
1.22678451744954	0.919067601528906
-0.879637736440919	0.557557610025621
1.43375581910048	1.57203054210553
0.680284285267847	0.604983616480921
-0.371648521129831	0.214254144673083
-0.898059335949133	0.495508442810615
-0.299281147781479	0.192138262218687
-0.651741225436105	0.649931314393481
-0.0738994422065513	0.0520293741621104
-0.249346894870405	0.203177113647586
-0.229613706091495	0.108802793694435
0.219079345927421	0.162325682462102
-0.263423883834151	0.150131453984307
-0.0483616903296911	0.0293110105581471
-0.452655753728794	0.392510591991043
-0.0348666097487594	0.0190486551742336
0.133533830833404	0.0974125629116879
-0.0533903754206851	0.0374702783087636
0.40402194535373	0.305581869378077
-0.0462018881319296	0.0256819103104779
-0.881426449837132	0.554394009545991
-1.08611588962254	0.637870910471406
0.108614324438722	0.0721054495542729
-0.0647326110555969	0.0335017015535055
0.269635778992154	0.121166843747511
0.256302584198951	0.156538875835394
0.385516895395046	0.252539539895426
-0.111126146557546	0.048993136810165
0.607673793480697	0.36035242589935
0.756436346604185	0.660427177528687
0.958833220599342	0.714864341400228
-0.312448366149663	0.219468001450743
-0.0906060265259491	0.0301300923367504
0.0400094500520228	0.0183927090488402
0.429142347763789	0.192302514586917
0.131844767048845	0.0632167808970493
1.60464821463101	0.85647071689141
-0.330370713996787	0.168096220289719
-0.255381139783734	0.099323478232979
0.744107830908556	0.443355336083371
0.475664116441663	0.1994426072255
-0.0513482086195359	0.0179890103347703
-0.159544827173213	0.0653807575296312
0.312123143887896	0.120174180489687
0.420495273145059	0.190065035313602
0.865125536354968	0.490523799807187
0.739495127750292	0.229163664241222
-1.06525520376557	0.49783012137148
0.707320467705236	0.506098722967218
-0.716093432178132	0.504339280821376
-1.7135496732448	1.06437651590858
-0.221074683613351	0.102738326507255
-0.49792353608554	0.246789306998025
0.144056119253541	0.0614560385287474
0.785400618013818	0.708605383011606
0.211639973162397	0.11983522544037
-1.13193601504982	1.05790649180277
0.118452683668008	0.0853815136754697
-0.259533291120791	0.136395447318898
-1.89823874341654	1.19739737394206
0.119689680440162	0.0614877317397181
0.205756551686818	0.144363999958973
0.363896280299643	0.247376402936367
0.271930517732547	0.168572807827973
-0.521122493281363	0.419545974914557
0.187894179300474	0.122382532431022
0.304930982303279	0.171722451528487
0.582682832105762	0.475555892668622
0.332675433837837	0.227050398518398
-0.599404420841531	0.402938045400419
0.0567448598581542	0.0305902790615296
0.751314548803069	0.461348672654113
0.387686880872229	0.248549819455994
0.697030381432784	0.469136286156395
1.39253723801824	1.22462595413191
0.521837234450464	0.370956874461868
0.405394144006131	0.234915050736844
-0.176150608136267	0.089854281082592
0.817547174379446	0.57043348740352
-0.0921227759327221	0.0432712924786211
0.739843895405062	0.610216536790469
0.929380947299023	0.602123716139674
-0.953152283711951	0.704015482203314
0.431312468034265	0.26764937974388
-0.223140637203658	0.132817066327257
0.75133462616085	0.625473123985757
-1.20299806520284	1.35058873309225
-1.4179121528229	1.01697954970654
1.34454722013195	1.65159235435286
-0.784042172428865	0.767461973582004
-0.154484750359475	0.0898704859879112
-0.902281889817986	0.90782003877797
0.515257146683374	0.374977552862519
-0.461211014726027	0.336094877291168
-0.525434592265854	0.33784452770846
-0.162601684530096	0.0856284424369177
-0.146655451896535	0.0811969663727214
0.170150397578828	0.114276022163409
0.575420529439527	0.501405626514688
0.618469992876162	0.557313658829046
0.154334767304928	0.0924013506518768
0.470907305105517	0.259348483831513
1.62973564540435	1.35151371028636
1.38960165464174	1.17981167010009
0.117370107856749	0.0500461102696549
-0.252874679062526	0.14318037352649
-0.112739917815847	0.0700543696468785
0.480958625884054	0.268964061660363
-0.0622757289804931	0.0297545940055532
0.0900025971368774	0.05829317316425
0.371197687366238	0.271031184782993
-0.477728052347433	0.461614272048387
-0.752316816964866	0.829880380806319
0.574658258133876	0.386205940827717
0.0263443632389678	0.0169487748005418
0.00678819841948381	0.00378416538320289
0.188684293802075	0.145149551389012
0.212538542777176	0.156109143569476
-1.31980237569598	1.55322595504595
-0.855410162801042	0.572609238319667
-0.374129956583503	0.382851155120952
-0.87382621204387	0.530073975407553
1.25189643092956	1.06117210550593
-0.693459848061466	0.455156864860074
0.356045565203506	0.23813589595281
0.12578629228885	0.0622702072332311
0.240710244776454	0.115419314309011
1.43551452257146	1.1865978892623
0.922606130118615	1.02013444328514
1.37738000902723	1.29182242979213
-0.486462066224699	0.267751541617533
0.239030865435725	0.169893884527563
-0.644509168125044	0.522522715988236
-0.221338065325681	0.145107906302414
0.46931177086721	0.272418620714852
-1.63699691535286	0.616707154369262
-0.23454454257836	0.11202588642274
-0.989979049281236	0.557257718353676
1.43083381278125	1.17920275176669
-0.0888463604155985	0.0418810398505765
0.351382690701999	0.193516638762243
0.593518613681153	0.279529991000884
0.130527872801956	0.0500375898903106
1.06009208576057	0.630562770709176
0.296444460825645	0.12045104675424
0.299817475651462	0.12149184887425
-0.247765063378016	0.0927830779672912
0.526047148457313	0.264153247508216
-0.122013700630447	0.0540506723676866
1.05139183518306	0.616833363100369
0.0166328919450953	0.00418655247743507
-0.620896749254379	0.342358105135489
0.241236472494056	0.153802961147142
0.411756377148186	0.245332659731167
-0.0861360258392477	0.0399175338504033
0.312980985479607	0.186094352048364
-1.40818662169751	0.795702240062888
-0.483390142006316	0.293920843898028
0.542931400630995	0.412707737439891
-0.776133137097279	0.520162887147648
0.213847816591675	0.119775541009114
-0.36569350483678	0.22355751970008
1.34900550499259	1.35888851872824
-0.928509849545895	0.688692626155045
-0.328793342933017	0.159888874192842
-0.353319690788602	0.199787799242393
0.458407508852448	0.336369113054734
0.664537829510502	0.423896552378748
1.07116918799932	1.28175262601339
1.28835078545789	1.40571531241233
-0.296305061765922	0.191309706683706
1.254704878486	0.974872963855332
0.385071030866017	0.193494397714365
-0.284736618497601	0.144043551285226
0.0236522015780103	0.0145304170300143
-0.993656406069579	0.661976113248447
1.51005721495296	1.03336387468075
1.42232966404014	1.16274356489573
0.911457021867351	0.609081210314931
-0.660226824963811	0.316111143367357
0.489268610485311	0.386842024262262
0.817820402203113	0.602337282751611
-0.299814702704844	0.204012395825116
0.174799100357446	0.110363389096443
0.849332954120203	0.678030115432556
-0.848549030564426	0.735038718233062
-0.0866765209263034	0.0433831644401471
-0.621766320250466	0.366259945371594
-0.796998685860242	0.748566755048091
-0.498548956867276	0.326219045188317
1.73533987150206	2.24874697536412
0.831652177810283	0.675701114971799
0.326592919542375	0.166911229222439
-0.451339579602673	0.318395398214495
0.333827497610178	0.228743507470747
0.779412729572216	0.500335277773411
-0.29717812299107	0.160617055494061
0.309757804951988	0.197867662443491
0.333721435087786	0.183958334115436
0.919619436633557	0.660864494590927
0.295130120083241	0.104027611003677
1.44361178534245	1.16650815219527
-0.606291312451973	0.37026910640033
-0.552993155852373	0.399044770982584
0.468451944710805	0.2636972646629
0.20512527133749	0.15074670656122
-0.762398679439998	0.681872080676505
-0.0145242411436678	0.008534532634741
-0.174414520150801	0.123447141193918
-0.756549024145523	0.520422178427027
-1.2392216906257	1.15100234418735
0.116717585377583	0.073611135171863
0.498719344064472	0.348435476965159
-0.427074723949317	0.351054621423338
-0.75496826342019	0.567790387825414
-0.784190558356508	0.773488811898193
-0.212504446087309	0.097998092957655
-0.748580952454753	0.722761896890929
-0.608918846909129	0.372613087117059
-0.362569588881537	0.212934857204858
-0.077869287858102	0.0372821026577933
-0.546048230977224	0.486873458186506
0.306992864762441	0.178402070514925
1.5453404686243	0.952280557905745
-0.269483796923605	0.142405346617884
0.726403828381191	0.433246048092223
0.691492627081275	0.495929964531774
-0.346800943154187	0.202749199438299
1.25902182353994	1.01546266345105
0.239887624739517	0.130061262507076
0.488977447559872	0.321448547783621
0.728584854446589	0.44211930261615
0.594921918199929	0.287420894915579
0.527591814043788	0.328304176252901
0.0370619264847624	0.0166387261197629
-0.157301970213137	0.0652738607876507
1.01881427500664	0.508632504230921
0.49007568065716	0.204720803736581
0.135390946812192	0.0526750079834302
-1.00444219006515	0.554214989577052
-1.19344907947497	0.570134341908547
0.0921394359418343	0.0311556160626179
1.28466943998263	0.77294168909295
0.496294592841303	0.206835997477052
1.62537086073558	0.852166174209565
0.324329385368054	0.0959051461273956
0.384024601499994	0.251173455932893
-1.475106613504	0.556334724759404
-1.18665436921531	0.593451422824639
0.483188565725188	0.200465997861441
0.285390884658516	0.115714136677187
-0.245825532928544	0.0758252265485299
-1.37855256949683	0.369087290450251
0.405461228835182	0.357014224808097
0.387071893010262	0.281049708289797
-0.837940383550737	0.655216605064488
0.600334855887274	0.359137206114668
0.846904561950698	0.637685988987767
0.444524411209791	0.330986585033264
0.635032722422235	0.584791925718261
0.144345682356814	0.0990715373025049
-0.0571586257573647	0.0349693612095699
0.247293924489651	0.232338320843567
0.177468009142753	0.106116187229753
-0.211857479866267	0.162942279710602
0.873163999523883	0.771314804885554
0.598649108783292	0.408598080897143
-0.987552192955676	0.952599073241267
-0.0858242312395037	0.0578885158770538
1.19778380587508	1.47648667540041
1.29746806492702	1.43462313143754
-0.0363768979621655	0.0232568924129185
0.266669119699447	0.154608877801883
-0.115105160364626	0.0699314568668429
0.854538307633618	0.878460400430175
0.262426027932092	0.238194757851644
0.654404806835867	0.514715882759005
0.844458289326928	0.670834072291417
1.09793601218348	1.03433743785211
0.622760906372077	0.489600179499306
0.949830703107599	0.713797891133395
-0.266055329625984	0.19323556100781
0.110509547109883	0.0702859429554786
0.399120607238832	0.299326782584572
-1.12283614187359	1.07508801181377
0.143766771084644	0.106693193708288
-0.311505391271105	0.191939618810678
-0.142389352814366	0.102278041612784
-0.22502285302545	0.15324657737145
-1.04762684589759	1.05110496831461
-0.247363228317803	0.144408590360125
0.125856013331257	0.0745263629614811
0.753526394697205	0.722879548070413
-0.137586574507263	0.0766082034576864
-0.291597349547348	0.183258371449535
1.61989563354824	2.70702625806706
1.45441696809755	1.93772448922829
0.497607778902766	0.461756185993867
1.26623154843375	1.43267696358885
0.682765470012622	0.446623462908367
0.491621658167976	0.281957542902237
0.438511660546138	0.204284847466597
-1.77178553033158	1.19687859920151
-0.151506477041029	0.0878426930664853
-0.292900791642067	0.217343782229809
0.938515940436786	0.733841649121566
-0.509285350961371	0.38775808341947
-0.953630113215854	0.911212349458656
0.0479757177884661	0.0343604205710927
-0.202014027329226	0.172785986435317
0.00595928325837673	0.00309256847114631
-0.116667083015804	0.0844556451276505
-0.68610212033846	0.562229688774232
-0.0567491986750754	0.0326362982790858
0.596280937158881	0.421515130608596
0.032829038075468	0.020460991230264
-1.36625163791037	1.52096981040467
-1.85805034212271	2.08953573917267
-0.389213169846487	0.279543157489884
1.73308987311925	2.36067412196954
0.385957421197606	0.251446718446337
0.131176609197349	0.0826783919367113
0.0700024053254437	0.0422125750858606
1.7844869609042	2.83892498706596
0.119725190841186	0.0466978344396766
0.789220565538375	0.809464344687945
0.836438780539369	0.643012023939169
0.509507352397072	0.310136623644649
0.563000808094211	0.375577146902104
0.363695232389481	0.309192549441835
0.465914469006368	0.244394971345331
0.694464758342417	0.385595557369632
0.586939399281586	0.389279960361894
-0.670861838148959	0.310707631538644
1.35644712652835	1.26782283941757
0.13439049576336	0.060886685087656
-0.16594471083448	0.068415697790661
-0.801750566534342	0.316559912176273
2.14296588209705	1.85871389204392
0.144546356550483	0.0597959957071031
0.35913614745953	0.199103074658529
-0.20752795024797	0.122697065333048
0.334722022705005	0.183234343418637
-0.0415850666949329	0.0210569571546064
0.13429353876688	0.0512122394961476
-0.194064872163302	0.0986198562931748
-0.304807742700957	0.156905892528267
-0.30967191482894	0.159494856140571
-0.70665364310747	0.395158911697432
-0.396949277916379	0.191015088254803
-0.108581235398868	0.0373804795969797
-0.0716866005212419	0.0532151603760026
0.170872713308533	0.100911945841733
0.663354608514342	0.602259877383942
0.571810185394484	0.381059230701426
-0.300792541489157	0.198663788982538
-0.0567784098703542	0.030860362885235
0.0881184066928296	0.0670925692746316
0.793809516709745	1.00288036567044
0.488472660175654	0.401159697733159
0.170152152600456	0.112609914362178
-0.971752984194066	1.106352127637
-0.355611825051801	0.284484387184725
-0.291997550063994	0.185508263644438
-0.214690541312254	0.171254044888927
-0.630913007406675	0.510940692440998
-0.194893866435053	0.138932290415253
2.25264200316186	2.3053664475488
1.1589128320364	1.3042388333575
-0.317890408315812	0.16248734018864
0.713355748367305	0.548479439305063
0.459245089344264	0.298957815412694
-0.65260483063568	0.356977466880208
-0.29285610382747	0.15830526464349
-1.53950398031555	0.863436965321538
0.951318817008331	0.775604920354695
0.0528413343808364	0.0259335223708033
0.522678316968118	0.375393535839554
1.34062956798028	1.21033095041761
-0.399798053600737	0.218839791773787
-0.623243359227937	0.463649460306293
0.672339760166414	0.599176796874763
-0.351958412619167	0.288301746108151
0.285669611933207	0.2274303967899
0.20854956682531	0.145665579412339
-0.254458741351803	0.146722317960323
-0.739462667329134	0.726746570467607
-0.498729462315896	0.287036944247041
0.663364634782263	0.615329086638214
0.333719492810462	0.302141402488915
0.0983950487176772	0.0575712003079086
0.114080847477173	0.0721469285004348
0.335470900790473	0.268065228434735
-0.820386196595126	0.576769573836829
-0.0367134399552096	0.0244769108101191
-0.111449203127983	0.0880197429916855
-0.899708047922391	0.751713827468493
-0.0550262768770817	0.0276011571633871
0.094751593701087	0.053503362232322
0.816898555220386	0.588431413285666
0.841681233756221	0.662774217339811
0.102500775452051	0.0492904329221503
0.844992368572781	0.737740515409828
0.764853796420376	0.614610550081633
0.587841490197175	0.535483806582325
-0.27390603929937	0.225627741264183
-1.30371886461718	1.75998651408174
-0.407655091139303	0.309216691240249
-0.15022495174207	0.108147918403907
-0.724847573166954	0.901709703328182
-0.427940794972355	0.373032748922181
-0.129786076654623	0.0834312805948129
-0.384114558091666	0.27956114440349
-0.465444754807787	0.320482021281378
-0.623317135490439	0.654009202412006
-0.895618572394787	0.957135950239369
-0.267876426119697	0.209462603675322
0.238790645734232	0.152909149642157
-0.00276239134159497	0.00050409283608632
0.260157049602784	0.136400943850701
0.386727916485523	0.303647182494584
0.461454863053676	0.258947044115815
0.13164131655879	0.062466733769978
1.9600702322743	1.50340583547896
0.436056027405776	0.326188547647234
0.663098814746432	0.424124109665618
-0.629467233584608	0.340153886513733
-1.32329060824692	1.18773906408012
-0.270014870319556	0.146500849582365
0.367170020069991	0.229548742617919
0.0184959687579368	0.00762839557677166
0.12499509820665	0.0515882305737025
0.531920356634973	0.279885523588088
0.438584537195418	0.206196857816838
0.158736901051769	0.0746870567788027
-0.614832369757085	0.453814970147625
0.531233122246576	0.278012393213909
0.0182495087184453	0.00752500239660041
-0.51032658668772	0.297522854072933
0.140133515284448	0.0727143839296671
0.0288529993508392	0.0130097984400101
0.324821807385563	0.190420969972482
-0.26640843683966	0.0982551146434024
-1.06331742942608	0.491331788908164
1.84775427894635	1.53003453969621
0.284588863351702	0.128590748173072
-1.79155733541934	1.2052602067475
0.59966462418662	0.357467735825914
0.470370929791759	0.26433623770561
-0.36427326243716	0.243233126799901
0.761031867278129	0.497245241374138
0.559957072096363	0.204970014267313
-0.782534575106262	0.31901355985889
0.0843529481623374	0.0557418422055951
-0.695745318239128	0.458060130033067
0.468019366665551	0.301977174322768
-0.676119552050145	0.437576100690353
-1.86550632119636	1.64656295650293
-1.02361319296826	0.915606795609533
-0.86954311696385	0.70843970153491
-0.400316823391831	0.219619973819502
-0.208618595093104	0.135381268933115
-1.07771010377051	0.863760997620963
-0.32633790027463	0.24390326032691
0.0857294246184116	0.051183950881409
-0.044952702782779	0.0232349545664285
-0.630111704518812	0.34979757577835
0.514286693719782	0.374598376682405
-0.531881719216651	0.27352876689656
1.28501496530604	0.704853007317706
-0.676504337244947	0.469132677466532
-0.217970358586912	0.101048520024896
0.127442973911397	0.055448624932198
0.93741775840972	0.753711712933514
0.461414517880801	0.333131184443124
0.371681286993437	0.20603966195686
0.751914375816764	0.445416002961073
0.475057217306859	0.196706598197217
0.346790820614953	0.188206018060959
0.484211436616496	0.320104906540102
-0.29507682391404	0.14543802403772
-1.17040749966096	0.987244901467814
-1.57199920173743	2.21287833799404
-0.0770762774756537	0.0477730458397874
-0.200835381138082	0.120548183021722
-0.3362005155853	0.239435182554073
0.0198552702031385	0.011772533259619
0.80932685963374	0.573214977644472
-0.0595381587393363	0.03473462307937
-0.242852126761758	0.137176000841032
0.0047814151835558	0.00259659169490366
-0.161619879184375	0.0835038152568264
0.140327538496963	0.0749297802258764
-0.899250101144746	0.727776643946296
0.399443685041984	0.243228517821016
-0.0488340137626617	0.0249014294727041
-0.295064163057445	0.214934284135796
-0.539051411531305	0.382066921266405
1.0831961750494	0.767494084876907
0.468290735700907	0.272664805946515
1.63073236608241	1.37649464231536
0.148339923195376	0.0748782705038388
-0.527422628630807	0.404721765107968
-0.0827321531622843	0.0397827279748075
0.776215898113833	0.528114794071441
-0.141249690460965	0.0692136738083559
-0.83130595319426	0.593002101045525
-0.633821145614613	0.550860982123988
-0.911181636286594	0.600046268843645
-0.193338420615371	0.137859975891887
-0.374041188293769	0.280316441180195
-0.850235995305496	0.75026905337251
-1.1969938832377	0.772615834622112
-0.408877423859556	0.255510763330972
-0.748766222101513	0.572944341359407
-0.427131051869796	0.370267040784233
0.648752487798191	0.517733071485248
-0.529950960965992	0.404016908756773
0.241001880122248	0.135537318751364
0.827276425270258	0.617228955932661
-0.421216335137104	0.243966649442337
-0.796465377366842	0.481834500900299
-0.52298361906885	0.298459277214902
0.292874975577656	0.119422521422215
-0.222385427433098	0.133655483563635
0.641775168941216	0.385041301743118
-0.321963179461318	0.165424893911593
0.738216381284917	0.430592569360176
0.0455080583008162	0.0223601448425871
0.328089006904802	0.224733639434531
0.447019496805181	0.281758314512576
-0.684525512904417	0.332489971292291
-0.225194230157795	0.108571275881276
0.417017475339012	0.250179589503332
1.40674622838308	1.18218848467399
1.43801920233433	1.15270811276422
0.557538423079864	0.210347031905834
-0.329020252395954	0.169383691063564
-0.357176678241747	0.202968234485442
-0.495079569363004	0.282489342385717
0.00735778258142876	0.00220952642480193
0.251312995543997	0.123319639299925
-0.261945791975087	0.100407687474333
0.743846625775227	0.458875256009398
-0.418325094851987	0.200033587715743
-1.89153890663173	0.90387520074587
-1.07102374194239	0.496964515391593
-1.27729466356212	0.463367747774768
-0.0931692233311075	0.0415424079635396
-0.0108735993775994	0.00423401428101837
-1.1815648929939	0.582905475641979
0.351763420346603	0.197944049952222
-0.509002220823643	0.29142142912664
-0.52567506533391	0.13808514237228
-0.0888530017009521	0.0544398861308692
0.270736471061238	0.168118466602947
0.0991969784420949	0.0729713276328771
-0.62766817568878	0.570605507229157
0.0764672401579499	0.0464672188090414
-1.05137850369663	0.958282290092061
0.310791014801453	0.303733516474201
-0.261455470474306	0.200712717057775
-1.54931510319973	1.4640953730308
0.402860752656527	0.400214544282968
-0.997598468731391	0.999902229568571
0.237099053059298	0.172668130699059
0.97616120488073	0.973928664767209
0.143866839490826	0.107163107522179
0.103770663477449	0.0686759579631621
0.558946488086218	0.489304245277411
0.256404306442619	0.153028053383686
0.378704432449019	0.278332080408124
0.584966468333609	0.506759470158321
1.43348232038839	1.17157841599491
1.18844227188854	1.02574621371079
-1.00838080517709	0.578923195508225
0.102614053663213	0.065349358474173
0.875286087011089	0.916714527462135
-0.705824938915686	0.407002738922616
-0.603575552175165	0.408831972492889
0.41998120036876	0.256620643388659
-0.0450938956504932	0.0245262928533711
-0.86420973650956	0.939488520954375
-0.724558319750221	0.641458558293993
-0.838306138152855	0.861293603392382
-0.282601123606237	0.184682362867067
-0.435155351941062	0.379635628325521
-1.37274324815793	1.275883356365
-0.43959591311059	0.30903456517969
0.0609747269015858	0.0366121587840317
-0.37190802398274	0.253341654380791
-0.036650146857898	0.0183926379582765
0.110858653527321	0.0822849802700669
-0.454663390388613	0.391102522594177
-0.698711456855294	0.603461749794835
-0.542161049650517	0.523251938213077
-0.508949351416449	0.407674866168938
0.133984523628122	0.0866175428774275
0.322502513749823	0.282345413998647
-1.271750929766	1.57444025973592
-0.504881706477628	0.381667928724076
1.51864541734082	1.59017903766946
0.140375355480068	0.0660350446889979
0.230761750319157	0.16611435936595
0.109151991829281	0.0587745178900754
1.64922058769822	2.2114248242545
-0.715489259842567	0.408225329301177
-0.769705329067078	0.887114051003077
0.303694421237616	0.254252180792318
-0.844944252898758	0.883245309079077
-0.236123341122719	0.229429357078096
-0.998793057944854	1.01677449948683
0.198649982408796	0.153513912365505
0.274678234047718	0.229761846053835
0.148594998638214	0.0915517038566295
-0.312304080753345	0.185332676339586
-0.524708285792909	0.372713329102489
-0.399058451385997	0.357918770445452
0.200074041099319	0.143236016386349
-1.2131166801942	1.38049231496527
-0.362773386706532	0.268910382336734
-0.588684928485697	0.45812340163657
-1.03460896767089	0.825106893072224
0.45020785192129	0.26501010088097
-0.768091116564471	0.678528095780883
0.424461064148119	0.18288160694181
0.641430586412882	0.511194217525899
-1.69264676528907	1.10034353941092
0.283894552818584	0.19873223710752
-0.103199988494731	0.045267607172902
0.122298156985643	0.0629539244269985
0.237874738799839	0.157292629407044
0.306138004932413	0.176113923892293
-0.2605830481581	0.0999512446031102
-0.741650065824513	0.495721930859569
0.864077587409301	0.50113722133697
0.853786212333878	0.490385350057181
0.13606918629547	0.0529807415678676
0.346850161012707	0.19382646985559
0.257121624103006	0.127511521786824
0.39483266019081	0.204346337997889
0.0184817642102878	0.00839138115992372
2.23583289925806	2.71412562579795
0.237845885124718	0.13616636987525
-0.289051864166189	0.126118674704896
-0.506833134900567	0.256410902891663
-0.270041062453235	0.0996152357714608
-0.776369270019832	0.310937270936863
0.151522646396498	0.0672016527684089
-0.674826972686034	0.326220711131537
0.124640309747817	0.0671747245350058
-0.676305535867441	0.310712830427704
-0.118504155973502	0.0535995512622765
-1.01620943806326	0.939661295273029
0.537149113668914	0.287215531609076
0.483047673480435	0.381041560366281
0.18668727232539	0.145854162797668
0.752662994115944	0.607917184667759
-0.421861892734068	0.30160838589544
-0.0569188180819417	0.0262467466005784
-0.105673101512242	0.0478896412298739
-0.306251629462478	0.229856657657848
-0.0124197785877648	0.00714247437513163
-0.801498552221872	0.876535937435118
-0.768415620140034	0.650653531086725
-0.568307303059041	0.458205078723498
-0.0676055017166312	0.0317683508859071
-0.331361778987854	0.200971963518561
-0.587732461015564	0.490840595692049
-0.156584060907209	0.126893558270464
-0.131628926221186	0.0803312077463477
-0.431808936336104	0.280302985665422
0.208864684087851	0.114153624789375
-0.831794907078613	0.739863684062775
0.738289631974269	0.635991069236179
0.915929153459608	0.560896775208832
-0.346647702578564	0.200951054117529
1.30080291230423	0.667636384367215
0.141027255091719	0.0737376329548257
-0.516572142148003	0.293917893063474
-0.907002197474915	0.567921645841088
-0.089470397939418	0.0390180704175857
0.964576162815237	0.793687952070225
0.530632858525673	0.284218208988128
0.471998650807867	0.394856628114385
-0.697511917158633	0.561391235190914
0.0711305411530809	0.0433576409178066
0.635288168369881	0.56413970450089
0.417869929448763	0.298976841899974
-0.155610585181979	0.0779979947611083
0.754744845949056	0.855318815480884
-0.820708607706138	0.474127414576615
-0.62841121387036	0.465021005478703
0.228165834769185	0.146689558868216
0.649979009824867	0.542953913747664
0.0231869809420017	0.0121198749442808
-0.224298296818869	0.107953885050052
-0.89277156818371	0.746475956560554
0.110257485650148	0.0636281350647334
0.310651586600427	0.202860144321631
0.980362726046471	0.891531002694516
-0.0562071874862974	0.0442066287591862
0.234471719008899	0.134261937779188
1.7149851034354	1.5938673502833
1.40525051909536	1.12100828397634
0.120819023236931	0.0693096421625254
0.321451188220243	0.191851370354695
0.0831352346392971	0.0484271721339567
0.544762766848263	0.338952177931111
-0.148785962051352	0.0852405138252658
-0.54553378202944	0.467450208596733
-0.483138117419507	0.379904472620026
-0.136490858644491	0.087884743207368
-0.0529745028664133	0.0358161649985154
0.0277494708026042	0.0146863341526815
0.472306843166762	0.312675806442656
0.17067127202236	0.0984530164801525
0.369797710003971	0.237053006553031
-0.255752801380255	0.222859401793174
-0.151210029576315	0.0852025131467816
-0.147811778522217	0.105816534673798
0.0167561839504955	0.0085932799355951
1.06394655954924	1.10764563667946
-1.12972570959252	0.979427450782571
-1.23635717055909	1.40077239056012
-0.325688529729744	0.212470707430661
0.276119183202586	0.127557145720582
-0.180207384855566	0.128069728048717
-1.46286093122074	0.578461637477432
0.199918142385801	0.11347298247975
0.593907903675933	0.344222875800623
0.298856859052848	0.104599228836656
-1.07492646854861	0.474216283594979
-0.280450277650938	0.148994675074799
0.215187584363999	0.120861546621705
0.823947278047766	0.630426458233468
-0.818984014436228	0.498403334589911
0.434274739745063	0.203322574995814
0.909081421589689	0.584918878073498
0.141916628852902	0.0606269408849551
-0.0310047614868053	0.011700611000907
0.486460536225787	0.206187883511625
-1.1939311349224	0.606272741502251
0.130300265407569	0.0573673137567131
-1.09753993344357	0.654685017319357
1.05874854054847	0.63037848789359
0.131994910002379	0.050427423014856
-0.793972390886377	0.324327616130387
-0.258961796047746	0.0957857843959016
0.648812631143796	0.544126948846909
1.17083099681656	1.19989842246879
0.314944845135077	0.185123741668592
-0.427337739017134	0.259140322732317
-0.337392991206369	0.165360313366448
-0.659516657913741	0.559296724070047
0.34666971395634	0.22890264713038
-0.449762400956837	0.330581823752859
-0.305024819645383	0.151770485530766
-1.07624808325808	0.835525160483471
0.0262928311920019	0.0139477874227494
-0.227521861490505	0.130266940893136
-0.54128951861777	0.502141190055866
0.486550753380614	0.409795722233209
-0.510333183873552	0.410052583812775
0.824840489382422	0.651061234607193
-0.419032279567888	0.351413351090761
-0.198334632121023	0.159811562584942
-0.14211300099569	0.0823112992341849
0.204244945950932	0.122939231897008
1.07683062529282	1.05708957858345
-0.253455147878593	0.117057049492194
0.288264217250734	0.12858108890512
0.473097991457432	0.303963550811316
1.19051896509308	1.19610153341553
0.10335216741121	0.0574030090572712
-0.137432691391946	0.0751834027205321
-0.913350090100857	0.490218098740394
0.298693417314379	0.107292994882557
0.547428094741722	0.345675464416582
-0.596673420055055	0.351419757093792
-0.880244815541958	0.879290418878773
0.723431872301203	0.52802725125707
-1.02367736562374	0.945314227867166
0.156773742754321	0.124209445087177
0.494969764770048	0.445463911366763
-1.12531004063254	1.10083767111138
-1.10517054650629	0.667260768346576
-0.268335279661927	0.182941052223286
-0.107860569536945	0.0674219393576592
-0.43888228947677	0.363431042909749
0.870438191550013	0.70386631508025
-0.914031416589253	0.665617694347378
-0.139386081227721	0.0742618825898786
1.54026116327172	1.47689249492683
0.122240966266983	0.0741660600063791
0.58023151741911	0.379237636108023
0.0294953880563266	0.0165827450970184
-0.515287699015929	0.331519251508897
-0.0720879126367623	0.0365811580140735
0.139486203001661	0.064967261801078
0.857552008507817	0.489503051616235
0.973769264710747	0.889314182340148
0.676496705477458	0.591544386912288
-0.180655054627089	0.0921146439890507
-0.199233085191276	0.133005935148672
-0.998139876501366	0.907466234142073
0.145017999425539	0.070327374505231
0.855885761231825	0.658281523031644
0.0501562134682148	0.0247241853460694
0.873146556226236	0.719505004396403
0.11441400351692	0.0669245671558889
-0.954841188134916	0.867053990568933
-0.25518041636427	0.0989091011083299
0.0925074136215224	0.0317705614474032
-0.632425730847208	0.239136158179561
2.13970949541846	2.07291099316618
0.0929689609240658	0.031110546617869
0.953264430451318	0.410266560908963
0.393202721480851	0.255703480312552
0.62114641859	0.294697490626723
1.46021191770018	1.12858975560059
-1.08538190368893	0.640006899992509
0.655993662662073	0.431114496936763
-0.44827845243124	0.157314833464383
0.438393782869092	0.268133930509365
1.47059233480609	1.11138855465731
0.42688536123246	0.19973913257953
0.139508509319131	0.053278617469028
-0.266797272711726	0.101264506298764
-1.59378938870516	0.965236469156592
0.370591389997743	0.182966272742516
-0.680481786172022	0.312455134075441
-1.70337325233905	1.10378051614795
0.851071732553846	0.714820980513357
0.815813218166827	0.524917494423652
0.48351514173897	0.343705051487298
0.449802604430581	0.290858770047089
0.869829933534498	0.738541718687524
-0.444377851623628	0.345415119136369
0.222555055530922	0.165457527334509
-0.67399541387309	0.66106889714852
-0.371887395429426	0.355573541387094
-0.505674805598286	0.24838213340026
-0.242717031426869	0.145665951914386
0.788645669659615	0.865812836439784
-0.0467015179299878	0.0309584906369502
-0.713970747944895	0.561438984029729
-0.327850598858437	0.282890342943304
-0.111914096301793	0.0752720207092681
0.376253428639579	0.303382220794555
0.32427688590512	0.2802134840706
-0.414945763047192	0.29684219871156
-1.11533199436995	1.16356708595392
0.0855977874471912	0.0602955034546717
0.66207494397127	0.413506670104539
0.641782493788535	0.405780950320102
-0.137767716508472	0.0857653541573006
-1.07427502289682	0.760656711972722
-0.136908847899444	0.0722548271778631
-0.528241559390116	0.393544333974948
0.0391533793857766	0.0200542227332126
0.208572308806979	0.117813440933597
-0.461321690186437	0.337067114234638
0.694187243272118	0.508448807827568
0.146389711411377	0.0632867637118099
0.649284723356515	0.525470601379201
0.218576057215337	0.124366035646798
-0.652794868592804	0.465226802671479
-0.9937437805688	0.783575966428457
0.468801617785394	0.350251470495929
0.902079738023148	0.983105738488054
0.282027738133597	0.246143691639951
0.537373367993843	0.334416630821578
-0.461205396051229	0.4297171578314
-0.254348264116645	0.145362370010126
-0.758362361021142	0.743353304128618
-0.360877630569534	0.251476980132455
0.408197728672751	0.282154613494882
-0.447345997798892	0.279939673190349
-1.04798935678344	0.848136826061176
0.347811998006088	0.293822719697536
0.021266164556914	0.0113745517084438
0.731833706104343	0.77087942119829
0.37568766561155	0.276739149594556
0.21211176481309	0.15806953678658
-0.884928364634495	0.873033588351268
0.886565874497669	0.558016953686299
1.40209392843536	1.21627381986816
0.97803782090287	0.951939118026765
0.186534140684918	0.134066062902888
0.560420162099929	0.468324629926039
0.762466670898454	0.738379141656301
0.183620451402607	0.124507049826693
-0.897586322983505	0.9091900375478
-1.19094934793788	1.65105359409427
-0.995454046011084	0.791310637408059
-1.55505450975007	1.78891323356497
-0.870430520062001	0.82011767725057
0.573863190415362	0.401755123363433
-0.0562030830633478	0.0304300005392403
-0.44374800458368	0.376388609562996
0.920672689405071	1.01862796039642
-0.16632342665352	0.0693780637065941
-0.0870606374368321	0.0303196981372919
-0.142536678575406	0.0569482915181966
2.00287067212356	1.86092003884824
0.542959115666737	0.349422775958709
-0.0573832027368727	0.0308349214197855
0.59170409276363	0.346607352658722
0.0516271965164552	0.0254922843550626
0.178758864093253	0.113920654142088
0.835913533054017	0.634619053063628
1.67718184371431	1.25527634128192
-0.800416127097765	0.317839211833783
0.406152400033839	0.245965222105464
0.929854516616272	0.640131365590308
-0.788557253640922	0.328184193825966
0.416102343669281	0.288308878690777
0.479441772921999	0.193088519644979
-0.900813220326291	0.501439654458681
0.304793237211905	0.12419202933931
-0.51195831886164	0.255340576884169
0.00770693508204256	0.00227367695076611
0.939779681097524	0.648059878952444
-1.44194553725904	0.715970350357414
-0.792864070971611	0.397247040671568
-0.622774487201807	0.235945624597286
0.576392479761268	0.518037105185229
0.455691170373463	0.371270384428935
0.285039187559028	0.175352871797786
0.276422542017366	0.173581899870825
0.313564048678173	0.183323194588058
0.505793080094016	0.350548492862863
0.61027373934003	0.452429160719809
1.09535497367902	1.01865491934408
1.23652491121531	1.4525220941381
-0.214948101233468	0.134663262999404
0.18699436154734	0.1232076172096
0.245279178772765	0.173918090147605
-0.767627660401265	0.518000934696731
0.241456399934661	0.157117869967856
-0.0897383727560246	0.040306904240279
-0.959901604676287	0.617446303695672
0.289636378137051	0.206209510242041
0.745624851686184	0.615810091806305
-0.258944929061078	0.142862923911206
-0.0121680614561825	0.00690976668625877
0.579053711023635	0.557003269103108
-0.242119855540284	0.161242268267231
-1.01906974827966	0.968126101968749
-0.510133481420581	0.434242374303092
0.0356656499741726	0.0169959458875152
0.353057985958662	0.316202313140503
0.537670284738121	0.531817583552782
-2.61056257135941	1.73860969524088
-0.276311847042597	0.125136800151691
0.971847935123709	0.759533895757909
0.136238406221102	0.0597166063982393
0.96198219241023	0.954449718431168
-0.155445328517542	0.0958510600428065
-0.400659622998884	0.29034822216825
0.573765097638854	0.39543549792783
1.54804609508653	0.973912711673742
0.534988935856517	0.333455286421143
-0.643440492957417	0.437699651711173
-1.35451337966166	0.944041006677366
-0.48119047243814	0.375236470033849
-0.411055711062769	0.22031553463117
-1.11204324877993	1.15428757005654
0.419477808541558	0.337604091702804
-0.487442183485336	0.438477159102058
-1.36976409781377	0.895466954288235
-0.445532959322607	0.363451791638311
-1.36657108793699	1.8502304661031
-1.13054411584781	1.40667522555172
-0.17765730029767	0.0920127951185717
-2.24822200829081	1.91584357508295
-0.465962876995255	0.363459751388145
0.493647966418419	0.330109777176963
0.225249927919736	0.146911602325278
0.450949583190462	0.337242996591021
1.40313108743308	1.57423672072107
-0.776440419349274	0.529523979305537
0.21486086540941	0.117364915462539
-0.604268567838987	0.360033335917159
2.54517774394633	1.80012764031639
0.653115319955103	0.697129878510972
0.487922932042575	0.420237665020645
-0.173895338593334	0.106611613305186
-1.33274324066486	1.27254056106242
-0.828447638638542	0.555827478262105
-0.415407986081652	0.313721447344711
-0.338788296294878	0.311063805933257
-1.33325628003473	1.51894651329146
-0.651084465002006	0.564342377760258
0.322647732570825	0.247550293679058
1.27715771161256	0.858886970041573
0.239757605808418	0.176995296478025
-0.237697410160549	0.140552392516496
0.288920511714412	0.12984727884157
-0.0689561829477321	0.0399965185018579
-0.00808684221055676	0.00337600008908123
0.601052902879308	0.357422119092275
0.430542760517574	0.200600567175441
1.08760600652057	0.816538862458656
1.27637453869131	0.910766013354216
0.513701769162577	0.307975248896264
-1.12154729025171	0.862830776246224
-0.191640437465785	0.0961382769707835
0.709512373466006	0.507511019183172
-0.0223324363335607	0.00836150162490523
-1.06636869548947	0.509555068345611
-0.279002677277115	0.124042065802779
-0.466877277345575	0.275704624225128
-2.82685472330953	0.922711444031235
0.295851662635014	0.167734674145358
-0.0957027096313858	0.0335605978005346
0.130666137436422	0.0477348140061058
-0.203118345187198	0.0983042816194687
-0.410434049157974	0.195340322871778
-1.75142277852014	0.768217968868271
-0.941999865768737	0.416049405410649
0.354288485053453	0.167604297896176
0.362009501179043	0.203416832968788
-1.075261666969	0.496413290012589
-0.638621285142321	0.241678884754407
-0.52567506533391	0.13808514237228
-0.785787449387033	0.311031492743656
0.273733628876533	0.191354035870685
0.287071450172253	0.201704315929641
0.104341766092856	0.0724674891106452
0.744469347032524	0.65776234652456
1.09250461761306	1.04682103899923
0.304720335308784	0.240971479730772
-0.510460598911744	0.298618128312936
-0.048060991065329	0.0250007275932679
-0.397788232967926	0.250587080368095
1.2127127077937	1.42885785798281
-0.18350269526273	0.128972045810007
-1.38533806903586	1.18015070293427
0.248255722636225	0.195860340448614
-0.0403193011530321	0.0229404479956121
0.376417709418867	0.245390825851263
-1.63033726279074	1.34611748327725
0.0418491616377039	0.0300518371585013
-0.382662718798571	0.312407597676885
0.664144283199466	0.594600953254167
-0.140968126756258	0.1078550682696
-0.00961359963621849	0.005948733620457
0.53759637930866	0.410576118503864
-0.315307860548533	0.228900536099482
-0.420054053191877	0.338357908461351
0.212497153664976	0.142710108898565
0.56653346566525	0.437758527081634
0.180191933598716	0.118307012213308
-0.00251328678842105	0.000525508959225808
0.307430423448235	0.18017660199846
0.635253118539622	0.405347646760663
0.233961561668788	0.125061652814522
2.02860961086159	1.81796782940711
0.146858790159304	0.0627895494586226
0.0718839540474467	0.0428804500955164
-0.431595224922479	0.195254915726694
1.38226365150007	1.23824623470637
1.77069543954665	2.16321290995447
0.859403470835509	0.733776770011856
0.710342724190149	0.383176934057548
0.00324793261561195	0.00176974985206575
0.41998120036876	0.256620643388659
-0.758299367786927	0.787088155073495
-1.03529003850008	0.932184653553394
-0.309846456836486	0.185659607230095
0.0739005287146816	0.0416621805953136
0.53504224170779	0.379655959669005
-0.785812341939326	0.536760430678283
0.93046200123959	0.883060426961554
1.54489893706843	1.77285940664422
0.825731219648561	0.63829850700336
0.0248957558703071	0.013296440957419
-0.151947563306522	0.0813734123479222
-0.685901051303878	0.564375045138452
-0.285640421816536	0.195638656141284
-0.267684289384423	0.174386090148309
-0.566809383483309	0.474280752788382
-0.089823317576806	0.0583957471216816
0.162303616139513	0.102030131883037
-0.807460515681138	0.508133367509433
0.622741732491635	0.366982458603434
0.305221222804083	0.196412309072727
-0.682197632318821	0.550079999765795
-0.296727076260503	0.191576587856968
-0.69538927700314	0.589257884900529
-0.338172079094364	0.22307433914212
-0.0770657155885818	0.0483126183840364
1.35200423608088	1.3575222208645
0.280556042319872	0.175054637926482
0.317915389431699	0.189552511508207
0.00647802076883669	0.00441118117043746
0.475575629903282	0.358144758666723
-0.0522271040951219	0.0267814680345576
-0.261689379091054	0.0994518454515733
0.365852018654698	0.17964084272367
1.2760222812088	0.754068661647941
0.142085962827076	0.0789806673471569
0.956740476132155	0.813724236802531
0.608154092438372	0.351458361140272
1.84286096377958	2.46734810698654
0.792632171665563	0.395874847565162
0.678426709607508	0.477369037892721
1.81956567162557	1.82821964629133
0.536448439553893	0.282959515527483
0.125200145280348	0.0640353337809523
0.322613450856061	0.0931969730661386
0.423026312850333	0.199133896057713
-1.20387948038991	0.586604183410237
-1.43264514886848	0.767072707582526
0.427527185788093	0.199128108450776
-1.01487853258013	0.586659970172951
0.872540437811012	0.80648823251205
2.25885876356917	2.64462380746569
-0.62768223124078	0.23652030819473
-0.502233683052775	0.254722652136013
-0.63393615508268	0.241156027984781
0.550135902556318	0.197321829563582
1.54978789975804	0.973246866370462
-0.450145763660367	0.157606799880192
-0.529297048011354	0.138367921393896
-1.76334921999765	0.78716472700589
0.578296854462284	0.481825643341094
0.301940772301983	0.220952195962287
0.0994157610027649	0.0629965122778633
0.154872156947385	0.0780415758181173
-0.660481554063338	0.55844614216531
0.616333420750259	0.46437148746811
-0.370350108327259	0.216539243383137
-0.893096799680197	0.656281280858095
-0.124234142103646	0.0719832843304286
-0.504871130464673	0.387953968352702
-1.18987575108434	0.854149908994407
0.248741464104742	0.163022267890097
0.424024302550606	0.287030755892707
-0.158516008964135	0.0655904691584043
-0.363892493833636	0.263854788935526
0.210081547877629	0.118708286243998
0.628602439359861	0.468884748950198
0.517797601149199	0.464805246092457
-0.803297108838642	0.636987276694474
-1.19773301425431	1.24003100912797
-0.608213931204922	0.46394522180526
-0.89435073146234	1.07851573334019
0.378371727613748	0.283439635103927
0.709268035812337	0.496453312096803
-0.335349403980296	0.281699613468336
0.889075306269599	0.966458734137597
0.361055645455378	0.232511588313356
-0.455289487908713	0.331754926900686
0.0816254400563964	0.0461970899232169
-0.277673050276352	0.123533614236518
-0.389722724627146	0.264863193700195
0.480894360046259	0.32103765802287
0.459322561228432	0.400867103365109
0.536733022858134	0.337247231355471
0.038782738961101	0.0184213895482636
1.49542834952426	1.70477710039697
0.234148843840226	0.154284520637259
0.536305437395135	0.400769761715119
0.144652838072093	0.10032656469088
0.3478431345983	0.252305132903594
0.438656004703979	0.359251840655749
0.524602672359647	0.328334825361681
0.161825612374956	0.101790548977806
-0.416814423980195	0.31044766067427
0.0159518950248261	0.00894815558675242
-0.211405962648855	0.144369714153303
-0.148260300804449	0.086527915922198
0.0726459766866644	0.0422369890341586
1.19942949306883	1.17257866427331
-1.17449287039565	0.969254339435507
0.14754607884902	0.0702867271045684
0.0970225875472265	0.0587039089501833
-0.386128060819401	0.301413308694042
-0.359587077944712	0.254608167136846
0.245282279999397	0.126320250932321
-0.111819098716072	0.0496825724434399
0.927388882141604	0.641388725264304
0.202250115960174	0.108867379819524
0.228314686167564	0.166487236076973
-1.49099611167443	1.33080054122626
0.646939858324209	0.617382869167653
-1.42225450347926	1.0338761940627
-2.74882075543976	1.94078177282046
0.215972082127019	0.120001296726856
-0.23650308986099	0.0742636478244499
0.129182673289281	0.0491384670841747
1.48877974310282	1.01269609964059
-0.334643137046805	0.146483145852962
1.42232255068073	1.1582633615657
0.794482123611815	0.523990049153552
-0.143576966787584	0.0581732445832245
-2.44615442001263	1.47192589431444
0.151254571055378	0.0651654431458597
0.972644870139729	0.855764100747773
-1.18829169136946	0.773632551768448
0.89868531015924	0.568110786301907
-0.552412999249706	0.276267733728168
0.133850325007051	0.0527271101446313
-1.46933428462261	0.587940718405459
-0.0304849099228756	0.0114910602499542
-0.16938967561816	0.0697778994620079
-0.792583776822167	0.327353074593634
0.242090212811316	0.128808332409368
-0.277422079831272	0.117262018143118
2.29789668386507	1.74933079738373
-0.0909897073291721	0.031424462166374
-1.63095944296193	0.692076586132104
0.973670890197544	0.445479037045078
2.69876972141825	1.51435564104029
-3.10225524298542	1.07674434808323
-0.0651005595177775	0.0362918560337552
-1.52260490683879	1.18475841274922
0.979181350049614	0.84652340833784
1.39518180703536	1.20900672720099
0.833914905628079	0.606431908475538
-0.750919831691434	0.929810820234554
-0.339875066948383	0.228437860125315
-1.09383731086011	1.11984990313091
-0.375625212460618	0.260486025690154
0.438433463039373	0.326595840851239
-0.796182306183599	0.7471321227127
-0.999064348803067	0.747154836969348
-0.874586756439462	0.798677699456028
0.422264419412679	0.293716117467259
-0.498746645475616	0.463906091480993
-0.534319926103203	0.381520217724787
0.517404111579637	0.519401594629198
0.136716913583821	0.0933789532227745
-1.10857034230685	0.941042521833209
-0.877346160136553	0.995840391845012
-0.0402264494701671	0.0270247698463472
0.368224150806821	0.267210732687679
0.979218972063022	0.970967286289546
0.250701409878449	0.164704504695434
-0.0943835617822345	0.0420944553803323
0.365898696114511	0.242376537179757
0.151326302625898	0.0774053848149837
0.145733785362848	0.069136546900888
0.574618110609961	0.400424202810519
0.524883700777318	0.332991807370275
0.84447044253426	0.83494028404205
0.428385540849485	0.261126634846795
0.910572157194635	0.605245228832809
1.67168466462272	1.47441317395498
-0.0381421350712915	0.0219063846407974
-0.0659754521487183	0.0352207852887388
0.67717018091095	0.483708159286082
-0.298572408444809	0.224276174625465
-0.0266664387842466	0.0152347526499528
0.440063904422585	0.359168934114606
0.131940145697594	0.0863809244557318
-0.541098223713104	0.391977469933602
0.249191081592166	0.159001703758142
1.34687767618853	1.35200240466694
-0.891219977817669	0.892086098850339
0.324768813420425	0.233561374145494
-0.280520430789677	0.147186085235974
-1.0549700399466	0.846273636501697
0.231791501196715	0.152124528994145
0.653953948269358	0.582691043125402
0.466078852684664	0.307638382502023
0.108977800214067	0.0442593444444131
0.137987607602718	0.0974396564354024
0.172068508286009	0.10157338646987
0.270476708874469	0.189412917585516
-0.122455319601422	0.0644159448831917
-0.378518092154203	0.296922276106942
0.12305187403462	0.0793425909814972
-1.82153928531594	3.00361611824778
-1.15767001235278	1.12572235080085
0.46291155822083	0.335902354853449
0.232316566798809	0.14045363555062
-0.479314789429453	0.434744542768448
0.127424390535802	0.054119822734487
1.09405397849897	0.797072541811422
0.694135252815217	0.382621796321814
0.913359030029506	0.587962339832211
-0.419869720642421	0.196319896032332
0.858932355757097	0.495372379171616
0.486952499485409	0.274218027233668
0.604437140786608	0.350042215818125
0.97382756992566	0.847558328535517
-0.20121110588142	0.0928496949735327
-1.11248036528172	0.655702000139908
0.705066173559401	0.300630950033874
0.897866459954927	0.575393527048183
-0.806060765177701	0.384937101552724
0.950311417184857	0.712077294942507
0.445909019378871	0.206995367769355
-0.942765009967032	0.414905319393052
0.837480947515744	0.630834593797482
1.07407261120994	0.689566659016298
-0.443420509412986	0.152848515587045
1.08006502695739	0.706769883083434
-1.37855256949683	0.369087290450251
-1.28886622712064	0.480829304316831
0.00949911148160474	0.00535145052153183
0.0406208144920985	0.0225995314100037
0.715269439833987	0.535192789227345
-0.0637351331541189	0.0358141465399017
1.06262438098167	0.996678285394516
-1.43238893069687	1.26683626329986
-0.151448539243411	0.108223045781838
0.759188812342865	0.742491537700638
0.965629240443069	0.945601021189673
0.14371738960389	0.0892735116039788
0.364057814696093	0.194904733195583
0.382295995976545	0.321523782924465
-0.437477899609969	0.270702763080915
-1.34529778843732	1.15717715804484
0.47587768209682	0.35452953687381
-0.52250121646693	0.483623537396151
-1.05698235079434	1.14169222269544
0.594708123889667	0.517195046607881
-0.320244239696481	0.215297326978179
-0.0824908664439709	0.0520134849132294
0.0369421136605534	0.0217161204934172
0.257073523582959	0.122088782763143
0.0830002224941934	0.0469680773769771
0.560005224070277	0.530105201480354
0.282129350118408	0.173562930098519
1.07453102595952	0.700882396460154
0.848434860087686	0.660249515004092
0.235310943781231	0.16702301849728
-0.986621610954841	0.650731231881543
-0.179295153588507	0.0924592964421413
0.426187659327209	0.255582800509594
0.23221751076211	0.104052468195121
1.92674773909371	1.86385025853807
1.28549430878087	0.69549170209551
0.690052771491529	0.374820770104015
0.472313740280581	0.264414216741813
0.872350231896071	0.79005419551751
0.289167175966982	0.217482067401345
-0.398611238116931	0.257850391472147
0.564142514906866	0.44226329543761
0.210774579499039	0.105072005654092
-0.486029301460145	0.328352731607293
-0.617464751836057	0.494013417591056
-0.374144141245203	0.231363957532079
0.352431044566686	0.234373233685038
-0.238183330685114	0.155818146790706
-0.442057661255782	0.267972461581937
-0.953673192313466	0.813980305528557
0.634923500712679	0.597476567813238
-0.988172685808596	0.559583543915649
-1.05284778445898	0.776797578435738
1.21893771176843	1.09188695230643
0.174916165068873	0.0935796636007108
1.5615134737566	1.55671777028046
0.417868904211759	0.358829179642674
0.147582797406999	0.112256945617589
0.269886169724619	0.168052498566996
0.105784565501923	0.0601939125135695
-0.962706457085543	0.836967040495722
0.407906646380325	0.337951797892841
-0.353685066381319	0.287831964562384
-0.607364482986521	0.454042639472657
1.37466547919836	1.23707703656828
-0.211981321485167	0.10289084725639
-0.991103204961278	0.982357469746844
-1.29472446734596	0.455395247101009
0.458922867720182	0.253061879210713
1.15988582703175	1.242877853873
0.72481060666484	0.555724794278984
0.935803788266869	0.650366683921735
-0.0130717025926915	0.00522286596635019
-1.75646869930028	0.787476092343325
0.547866870699852	0.292924791957887
1.0640377451381	0.629499530768601
0.919637138284418	0.624129635842845
0.875668398663425	0.500153552823899
-1.08865808277929	0.664602367728451
1.89842119544879	1.89625558253497
0.227440395710402	0.119932629685284
-0.693101001478035	0.319604528277632
0.540362315402073	0.289552380479636
0.43838851358925	0.202810021218904
-0.152221942033718	0.0630428334202526
-0.0848624491369843	0.0291881961091927
-1.1177160258377	0.828585774655512
-0.244222222016247	0.0928124525317279
-1.77174486410791	0.770569853063958
-3.97635607437737	1.7355789233167
-0.408638968933687	0.161960972234307
-0.450635793594519	0.15581883702818
0.310875567668896	0.173514391543375
-0.670344849944373	0.432444014347503
0.657986105029265	0.558335253614317
0.330665697338384	0.191763094381362
-0.0550365256285261	0.0292458087629258
0.496522898693337	0.212628496359621
-0.158838523092625	0.0813904746155535
-0.366670267132574	0.290007486194718
0.776782200728857	0.506160132212077
0.367206072966698	0.275242640247198
1.43036064971462	1.55544709994884
-0.898678555757247	0.573679997154895
0.16619906900262	0.105091699614634
0.140683250698621	0.0770800000741539
-1.04770930919946	0.828053634568461
0.542694405908882	0.426503412644699
1.21984037688218	1.06756731081823
1.25983319753144	1.437874435123
0.45345699482503	0.341445585889082
0.664073610631934	0.601642493577629
-0.586620609510062	0.470719929924169
-0.735037831653767	0.55778796984695
0.159130209497198	0.0984883395879913
-0.677275201390484	0.533895355767797
0.376715099933388	0.2631877143146
0.824665760566675	0.842562105274252
0.372096917517522	0.186731336804964
0.0364021374839713	0.02013444701455
0.475412414206583	0.322403479398562
0.0349969109126508	0.0161655978980187
-0.0924982063303179	0.0321431011967746
-0.549302168862578	0.241879317093908
0.433354478869686	0.264774386308498
-1.72657007430443	1.08605322521731
1.36118410104998	1.27592979952282
0.151371986830518	0.0639111556400486
0.918246785537822	0.682202047459047
0.640686981544641	0.471183995600575
0.711534643594584	0.531717105661392
0.0295391531490394	0.0159553853533476
-0.0749851688317529	0.0436780449180493
-0.578345928071934	0.394647699322645
0.14764748726348	0.0620884617978322
0.601637493098329	0.439797579127012
-0.260419603833291	0.163229118564376
-1.24342860906178	0.897252646861409
0.350234757127285	0.251889672116421
-0.149555500501105	0.0901352080141578
0.321695497255709	0.254093846800182
0.838585266701923	0.73076211689006
0.810722914870938	0.589017864163585
1.07678046445391	0.707913266607158
-0.603212077012449	0.414329524931546
1.07276751459672	0.929449740096325
0.245828927438867	0.156695292542744
0.356223360690252	0.25497473242253
0.402134493272611	0.310117512016753
0.249605715345485	0.189557470496563
0.64057072608861	0.58324805530914
0.479604457559478	0.384916306016855
0.00717184717470296	0.00406412155835289
-0.0544889337246752	0.0294403139416833
-0.609453984681566	0.562350299587057
-0.630440057365869	0.587904059589675
0.610818397937883	0.444058126652368
0.186619217326995	0.107242694104137
0.269684368374691	0.132220424084444
-1.00912060845255	0.5723998737284
0.804416045485754	0.578953936105664
0.0194499595279633	0.00796484549846108
0.409998690798425	0.204450868302193
1.28700752432662	0.615083194476865
0.0792643757092718	0.0265585700946861
1.08587373755527	0.863529136608599
0.332828481519288	0.176996531141037
-0.0899157574385562	0.0308832192885625
1.23703035862031	1.01920624176305
-0.175480773763163	0.068482514148037
0.795394202904757	0.384815616815254
1.07253533822541	0.807453353286217
-0.396961943342578	0.159219063266054
0.81993823395483	0.586616687851884
2.12039349197003	1.52638258656215
0.138515713263114	0.0665436735925642
-1.60785759754544	0.996655640880905
-0.260278165733186	0.0988044119995558
1.29153733630742	0.768160816540044
-0.0925944161345108	0.0307208266614059
-0.996392915784278	0.551186335327955
0.52658380673154	0.326311211201171
-0.506222991539005	0.26042729986606
-1.76431009999098	0.793187648967718
-1.28350107612435	0.474836718450796
1.28643329256404	0.600545913576946
-1.38476212339261	0.366878631153991
0.389285968777193	0.251386117038266
0.579623466412312	0.398582701491292
-0.0178575844860377	0.00788554722731782
0.567089146007242	0.374208451041329
-0.587852135064858	0.402303722149728
-0.615606839703236	0.325255641359136
-0.216438628120929	0.116948653676326
-0.582905665925966	0.448961108754346
0.375650513682919	0.275642891198921
0.479761394687687	0.345118931089323
-0.680378648234081	0.423002016030005
0.401270881779118	0.310080612432416
-0.902231005668964	0.646973505529556
-2.23473896842418	1.26028079247065
-0.270686250285813	0.149604437515505
-0.00871953643471563	0.00427544918323219
0.507679308247332	0.423506238016539
-0.431031562233715	0.295083482585362
-1.51628648428174	1.39793738646464
-0.792662511683184	0.823415499720596
0.341767238050016	0.249127037659744
-0.942669542929503	1.00763946286484
-0.15840908044901	0.080288460246523
-0.154030297498765	0.0926399036345116
-0.209684156098622	0.119450852338526
-0.321504165561619	0.200788863833112
0.309418559903798	0.192192281138916
0.63195419793899	0.507784505229108
0.287397885924992	0.114856589061897
-1.12851056038442	0.81164294760046
0.79277682386366	0.561693520540822
-0.176439790586749	0.0891481586284256
0.574174512276018	0.39692909057023
-0.578744209861856	0.344387449381533
0.89522691274205	0.559059915554554
0.537498235856364	0.282220785234389
0.696085518792716	0.384729935672812
0.413140945134359	0.344936911853776
-1.03938776467042	0.799783241593016
-0.26226028261425	0.14079180698858
1.19338779573709	1.34683243536659
-0.240949857473645	0.159716720399047
0.482775751503288	0.185406827483741
-1.50705869798887	0.89051140175683
-0.25728668792056	0.141872338347846
-1.15363754925549	0.971263258024066
1.16187814309046	1.30865619988626
-0.606990557971388	0.404077139216146
0.457483029668401	0.298751566982299
-0.662955585188113	0.310673661861237
-0.669295394325232	0.326652211433965
-1.0963396495102	0.650059723279673
0.327599740168993	0.190007547301532
0.145617319324058	0.0903210477496431
0.160674356569228	0.108539531638605
0.673757370537952	0.627040504370811
-1.05158075471193	0.732141790704184
0.442990756263916	0.33348005543967
0.26195677767863	0.17256557836929
-0.547497246429395	0.404198637608041
-0.231042285002586	0.156967721690546
-0.698485319475068	0.449401196826378
-0.169986777838059	0.0866382072762803
-0.224289669948763	0.125895328812778
-0.263597313131593	0.18481775760502
-0.673382250638352	0.323949443945117
0.0908978886742776	0.0305832613796648
-1.757167323677	0.785545886007129
-4.21146187019789	2.03613635192757
-0.606308463232776	0.315567082541252
-0.0104532464087839	0.00363729355167763
1.0667417740005	0.620141753096091
-0.2102346019625	0.0997851144268489
-0.231066265059802	0.105276814597802
1.23319396585083	1.12784191266541
0.684813133698725	0.371247629404143
-0.084226832520871	0.0371030888944582
0.0421106130457596	0.0190563728195254
0.00692312696546573	0.00349942055099533
0.427187303510238	0.200306020079054
0.37580928901818	0.195612964192419
-0.793779858515431	0.404601450352543
-0.0983821723344364	0.0338787619692073
-1.62148482168444	0.687913125895414
0.429585118514575	0.199806073422907
0.274932282296314	0.135397223899675
0.266417525431452	0.132068805330079
-0.905795471579746	0.472083426038876
-0.277404895991184	0.121065412493425
-0.834496273690232	0.250566139839872
-0.407438705235193	0.168110848479858
-1.07945716189932	0.363853566224814
-0.439359006276446	0.149094115896008
0.0119481861389783	0.00319511477387208
-2.05849704146216	0.555726647791374
-0.440273188511385	0.148150643109314
0.182220427132773	0.120648402590946
0.430784174614532	0.302996353692885
0.34507004557606	0.186830253406551
0.595718310307884	0.340911560407941
-0.0840564747104208	0.0395859190706676
1.55909504526715	0.982399545705267
0.192122385662609	0.15180734774289
0.325607163246694	0.216936863878506
0.091246002539146	0.0518356502018798
-0.528332593422522	0.303486299307742
-1.08324500239972	0.642092693162413
-1.3998153804538	1.42708452228905
-0.513375109350897	0.300357806492321
0.524591468929846	0.276375017482659
-0.405137322475148	0.240695518062443
-1.11435709824916	0.956840933404436
-0.664512406322488	0.519934488264081
-0.136360710531776	0.0756136912483676
-0.524489476165271	0.424500367962907
-0.687551394071226	0.318824803701332
0.00414247973065884	0.00254814946775137
0.251558149496119	0.124573229470577
1.49821653435838	1.71359888000874
-1.1422054054177	1.19705853871586
-0.879209403817255	0.738211469359843
-0.176114073194984	0.0877853166815982
0.113583104551938	0.0661927518880603
-0.0862005684437152	0.040293475789173
-0.417766922944203	0.196072727808202
0.899058660925214	0.532885402534438
0.539397872481384	0.29056886072745
0.757312598553452	0.633058267052405
0.924386838279522	0.649340716225918
1.07927194712848	0.757558837438676
0.0218707180833782	0.0117405242426696
0.220168941156852	0.125251074003061
0.127952385730907	0.0654292346983659
-1.51102139970323	1.19169448769562
-0.317374286700199	0.165203729591834
-0.0587115311849514	0.0271805786132488
0.941859012006271	0.689863973751625
-0.746235487947311	0.635602377940615
-0.916917550496087	0.708238086064319
-0.45791878816951	0.330446844107175
0.467004850414076	0.363763935915675
0.306650421783717	0.179316508694611
0.141701121125186	0.0664511063471076
0.0201793094897244	0.0078926788561922
1.55072719892597	1.32049373298437
0.71056911466522	0.530800893901303
0.205775691587631	0.123115374845902
0.237979699026118	0.132818942806915
0.173641282078885	0.0989926136280535
0.969161720571856	0.877498845737058
0.0874225488761466	0.0615050348196357
-0.623524570228272	0.550510734296882
1.02416613774541	1.16697701619468
0.0986356155446087	0.06217389350585
0.155557210360913	0.103908446085683
0.250020449252034	0.188136856196487
-1.00723464873334	0.589764185783501
-1.42028565996594	0.768250689764377
1.19609024044645	1.02255002782189
-0.767718135511542	0.695228232403516
-0.624218854030812	0.225903072685419
0.321193422206881	0.0910145743768204
-0.789022074423223	0.381592906455238
0.139326982488797	0.0535223260244117
-1.90073079450559	0.907892198856259
-1.19517949529256	0.590148887887946
0.322145418202747	0.0932126195967607
0.502661866600005	0.205805389769066
0.0167206885281096	0.00801100103292616
0.758363676245332	0.454304953380443
1.63824255235574	1.59281415169696
0.678508982417152	0.367669282567065
0.601252631960095	0.284518229311058
-0.917504240035136	0.476625623950793
1.28292025385966	0.761116643612934
0.258376079586204	0.114909934593813
0.617884423456763	0.295121772658149
-0.431027812737013	0.173565961018172
-2.50108453829271	0.757473465243405
-0.251186964113774	0.0777510439822233
-0.796689709354488	0.316945947241835
-3.82358954214025	1.62413828387734
0.479815196957067	0.19939962167403
-0.515079347934818	0.137725022751014
-1.46985998416647	0.587960540824066
-1.47199813139003	0.585318217484717
-1.19656608731774	0.607465877496725
0.474480458294364	0.267857882305567
-1.41698692843931	0.792422503255296
-1.29181820802458	0.468330218032619
-1.60785759754544	0.996655640880905
-0.834152635363741	0.25296310080088
-1.07584917555014	0.356945538003037
0.379491310776025	0.246571927464021
0.429779761400596	0.372893735255725
-0.337686540563925	0.208657211654445
-0.06895396633236	0.0326499028848112
-0.191602415712196	0.139736268452974
-0.57681278677579	0.552100022791764
0.187497403310185	0.116427568292371
-0.436725529366446	0.340146377754734
0.563605273642817	0.370406420461792
-2.06483871768607	2.07682003264661
0.141534008635011	0.0886122477422519
0.489065747609498	0.280907487725879
-0.925410555134554	0.673939290532875
0.17889581215893	0.105820646248002
-1.14236955973216	1.08443273988097
0.295018891187357	0.217720547265549
-0.215806332807059	0.143006797566198
-0.155874471949825	0.0866359338437431
-0.164436642905756	0.140108495458506
-0.146550583318068	0.0910489062734708
0.224481275998276	0.157961178853157
0.0882378577860461	0.0646537979368382
0.380524650593197	0.33114493046619
-0.64248759026132	0.446974895966194
-0.883784039068257	0.757839330306246
1.181085424485	1.2794504673056
0.0181204027513091	0.00895450198772894
-0.601411516467291	0.450207180088162
-0.118422880074104	0.067544798162437
-0.121256149070921	0.0685544460791092
-0.141542680788088	0.0873645787268913
-1.19322188643457	0.929488740392127
-0.818226677417544	0.502715956611498
0.174234421041728	0.101825346922696
-0.935471154813284	0.870631875535644
-0.6617148488078	0.545634826554275
0.426338113682441	0.200862066407238
-0.755840082384143	0.670801193236791
1.07965016738885	0.818383957796868
-0.336211836377509	0.190182821808289
-0.0233953502159844	0.00893683099521635
0.261368715343202	0.160717816923931
0.77280508618043	0.743149845913029
1.12568488385443	1.41435346227727
-0.35996782769893	0.257993993393902
0.323525216427637	0.213688149674164
0.310927374453282	0.241848459149535
-0.133229109568237	0.0683462276165599
-0.518937689609509	0.342992171442356
-0.153342931174021	0.113357275436047
-1.11231970406579	0.959981519452874
-0.416834518428343	0.277938317105753
0.659879931132814	0.43309104774022
-0.42839392588917	0.303461360144848
-0.287915159300614	0.227662944637002
-2.10345181563053	1.6221896222951
0.437055001651861	0.207156054723731
0.13755567327184	0.0523000291634387
-0.312296154086636	0.159413246392284
-1.07826864806937	0.489803951319004
1.50303171230423	1.49643439432612
-0.509766971326725	0.258196342296366
-0.314048501595127	0.160692955740206
-0.410185801585241	0.215875302653388
0.276352422853042	0.132441443736827
-0.410093702636245	0.196914742213505
0.111583501263281	0.0504352445288633
-0.0934302462239806	0.0493895481701257
-0.293338842347709	0.132347529240122
-0.192505773640203	0.0967279547285175
0.799547695056243	0.392503336939218
-0.0863987951602957	0.0303552326705985
-0.262865596523653	0.101710093129519
0.465154941640641	0.261040674208116
0.148864193313365	0.0649218123303101
-0.628877406608388	0.231076985478957
-1.0773233749912	0.513339867582969
-0.737242318903311	0.425353352414937
-1.0425528064478	0.711443597192997
0.983635714896779	0.846795547368236
-0.34041837223063	0.174259041391181
0.714629523268642	0.306276645435699
0.246565700407867	0.133753419587179
-0.520099741281247	0.240529008578659
-0.795768274217106	0.321519613714413
0.134932754142496	0.0584299912834508
-2.50013836544569	0.752963874303395
0.749070350540287	0.232504892288716
-1.07806840059686	0.358050711442116
-0.11406019158849	0.074363515583464
-0.0405064707815055	0.0235299162595237
0.138420062757748	0.0719037672030056
0.0251080431854709	0.011540937374905
0.0277154835976518	0.0127657596287987
-0.73333684432146	0.480136645232321
-0.382109842512718	0.350588821966955
-0.829462391946023	0.735425135358776
-1.06006837388323	1.11373846256913
-0.188742924831114	0.110601391341328
-0.205088334856144	0.116599294416648
-0.431132888122793	0.335747268029305
-0.216288564306361	0.12455833502119
-0.425495766210634	0.256469442625229
-0.738887939144824	0.483812061948866
0.14839971956735	0.0692091345408031
-0.213036054478556	0.143171566170778
-0.162332812974782	0.0867363388159478
-0.915372121460972	0.839454075763471
-0.673571652505093	0.534676595456689
0.595559636222225	0.353466873432949
0.143873996380136	0.0685812522693398
-0.727901993068882	0.53543648772869
-0.0733489640214121	0.0446140135107478
0.719184059865722	0.630906018028258
-0.938196648362012	0.41445568941716
0.473148450176399	0.317409490358485
-0.352602371181416	0.201469774065837
-2.36299790510173	1.37377262264022
-1.18600100159263	1.26977276104388
0.254790778498746	0.126875473736133
0.115866156907776	0.063400352555819
0.129778273481484	0.0619232334503632
0.130954383023155	0.0838882519908582
0.407272705773353	0.205961759992589
-1.86138447400401	1.31935607031386
-0.254108700109636	0.0958488872060589
-0.161948242971664	0.110934969908032
-0.701204014642919	0.547967102942095
0.283717524365037	0.197375678444687
0.289162684338544	0.217203538728174
-0.51600986734911	0.303610036349069
0.819128514971803	0.630205236078991
-0.210634268260797	0.101647733628822
-4.41222526146665	2.30169082243397
0.822117673448095	0.600624522818226
0.100982058654274	0.0540528211263803
0.508801769775636	0.36063381282953
0.201458636900906	0.118555036800573
-0.242149553958705	0.177229546214909
0.260406167945925	0.175280093951296
0.0142286694233551	0.00828066120034706
-0.0362255064583746	0.0195685107382018
0.467058630962384	0.268203233309436
-1.3054623334406	1.60290354128643
-0.64960498997557	0.69856488104094
0.146841641713584	0.110209887715035
-0.366058474292175	0.268278918417371
-1.13163813644759	0.832554924309318
-0.216144346725395	0.103859563558968
-0.287872083173399	0.190842006340912
-0.998819388708073	0.755819182434047
-1.62427223827623	1.01637156665377
-0.0920355287167589	0.0327626885108655
0.126042212562467	0.0551488513466533
-0.249779877542832	0.0928732798715735
-0.090320023627973	0.0318132195698899
0.283065661603921	0.130649043602406
-0.297388145314613	0.134821432681271
-0.626077393867415	0.345000108431696
0.148864193313365	0.0649218123303101
-1.60292395213536	0.975144794995307
1.51428317965008	1.0561500101305
0.243097547915552	0.11895786926565
-0.157768537605626	0.0663985810644436
0.393226079568537	0.223272242084023
-0.633074591502359	0.240018360820871
-1.31843454553813	0.696846656345558
-0.162455461139088	0.0670679546599093
0.290043637199946	0.0943940285220412
-0.789325932527525	0.315979174063204
-1.29120059397147	0.456753319311517
-1.31303927965536	0.670862074583443
1.2703326813481	0.876317827235479
-1.08077943662018	0.507053331178253
1.04177423606422	0.588374822315078
-1.07656507954663	0.741266312752403
-1.44702998531672	0.735119939682923
-0.506660742750384	0.261122358914679
0.605678316224224	0.296825691789926
-0.799037326804113	0.328367646683143
0.309681263683775	0.106068994027256
0.0132250629424829	0.00552680587191191
-1.08043456838936	0.361340664763697
0.0879046458389413	0.0298173025734727
-0.633287278481493	0.239866463473891
-0.0974411559193684	0.0219556283179796
-0.831974893269606	0.252927992747765
-0.148337762769868	0.0740522064637006
-0.684449747047121	0.451311739837605
-0.398457982866168	0.179233045497481
-0.12361639900304	0.0661792152701314
0.114839591147539	0.0728056615588332
-0.277934811673335	0.207964501787575
0.944426099707789	0.724029660394282
1.08695298082386	1.01468755784988
-0.626520436615774	0.506778859934017
0.246529344334186	0.159630004897762
-1.41196092076259	1.15900445782483
-0.896944542669889	0.54622059407657
-0.0521791759339871	0.0188018684509162
0.145562798867469	0.0759643361773274
0.570148085334486	0.384827973048247
0.627428224224588	0.618975521688878
0.568974015375819	0.470661642653305
-1.43083824107573	1.04421843585116
-0.613363301505913	0.324313083863895
0.101243957451263	0.0382965998561404
-0.1408968785023	0.0859000251530681
0.133920303055882	0.0869556005704129
-0.259974836301744	0.181974572612563
-0.834634063572033	0.587311410843465
0.643842518823161	0.422633700042348
-0.26543949996382	0.199614543108692
0.589400872060029	0.40810642537399
-1.59341404290973	0.964878902214999
0.540438064854919	0.416407126000263
0.350981162094559	0.190637498492241
0.675047872469047	0.629768461469957
0.416511743211426	0.295347731991232
-0.710518045121161	0.410274137674587
0.952817822644649	0.97531923154921
1.24829408089542	1.11299867903256
0.070124265504182	0.0336018164330032
1.43012735757603	1.14054733653371
-0.203463580628878	0.141192078254291
0.611336059871047	0.296546948163595
0.151159041850358	0.108306601251587
1.33258408483968	1.79121641234831
-0.26548311566138	0.145058680652223
0.417775521241641	0.194941973898869
-0.396999684913975	0.179861677063917
-0.163963860918767	0.0676977890769633
0.963393083121466	1.00094390886245
0.433538859803498	0.255735067798097
0.0554637881183153	0.0287893602022868
0.441331781401773	0.272278614548599
0.0462241659163715	0.0200241616629837
-0.202275181279116	0.129515072055972
-1.25432001030819	1.17462376386299
0.129386188007389	0.0645816674307273
0.560650715281176	0.463509227534825
-1.43298020469575	1.23959794049141
-0.139483385872961	0.0807225838730955
-0.687643880333059	0.330629359857286
0.60880523777658	0.285850345314049
-1.19074706272801	0.694353397488538
-0.155352859980507	0.0892481468361498
0.901829451748911	0.562865826681626
-0.670826511795428	0.31929261027263
-0.0324189401304546	0.0114925141589935
0.231452717217674	0.122635313921965
-1.3102095335665	0.675426491604991
0.27765522306679	0.125186982926403
0.103487679157447	0.0347272949726
0.306793332608553	0.189735448850044
-0.698727242196385	0.390649285028826
-0.544879264512994	0.242733478518092
-1.7581116796412	0.796319378971699
0.964263022174721	0.4327070196701
0.087351560427361	0.0301077556828073
-0.287457322762058	0.124174049707087
0.542377859137839	0.126587100412967
0.302100908012559	0.104934604275071
-1.58914613589465	0.949680273934974
-0.439031699189058	0.237981427924074
-0.713696258542277	0.395955509840614
0.525068362695868	0.264703835619085
-0.143779844821787	0.0574786462991258
-0.651737716578266	0.306466450420252
-0.456859140472936	0.156179151983929
0.69973846742089	0.301356746943084
0.297769358812086	0.118359441392745
-0.239835231419673	0.0743429357564094
-0.449952784395641	0.153960443265327
-3.3258641954105	1.19859969202884
0.684647265526826	0.602923969889686
0.415312979683628	0.248885269564063
0.62945943957781	0.46154480693361
0.224411299382517	0.141307097375588
0.680635573687664	0.472763197147628
-0.372559543621646	0.257599843766628
0.316836647327771	0.189762151163349
-1.59960515614042	1.1794298677972
0.531079493065353	0.388443021437452
-1.13426868205223	1.06624832917316
-0.174364320302018	0.0998154187499915
-0.814758164625038	0.784409615054147
0.566318254584195	0.365134686281637
-0.587305902820365	0.495310718730121
0.343457001139462	0.295109278840454
-0.0529823886552732	0.0270812504071059
-0.90255203252358	0.578492805984089
-0.457505831919276	0.341062234697589
-0.960517106190547	1.02614240527427
-0.644838802185975	0.546010902906003
-0.317165364577527	0.250287800343785
1.22537414828895	1.13209103946495
-1.8413257670585	2.05153510172664
0.364605309354956	0.236343763619313
0.302188522263093	0.231775293190363
-0.887803479488027	0.554357314073896
0.592154583244612	0.412438421488342
1.56658133476051	1.36696349844573
0.333438625015089	0.222349599580804
0.17801512824505	0.112829354799901
0.970032868036085	0.770416190758153
0.611074117749608	0.444056936464492
0.657488729740988	0.520810758907712
0.42052735793424	0.296790840352307
-0.0976811002689858	0.0482958511520331
-0.220935668580584	0.143560859968864
-1.10748943674884	0.659239417978489
1.40457751439739	1.59333957528891
0.130452261798393	0.0664454417775147
-0.723495265052854	0.412869893827901
-0.84875766297638	0.642195449963799
-0.728813506835024	0.580575359202173
0.316401580372973	0.203427453165179
-0.747941146196359	0.689796777285737
-0.673451923177688	0.465615575673087
0.39328038692294	0.282038539930215
1.09261217457475	0.712676536533679
-0.7074703540157	0.3921878515238
1.45955743911858	1.08354141433013
0.431206343482565	0.291773265693613
0.602298783220275	0.365217523587811
0.635932114782664	0.469954206429211
0.467579841955905	0.367333220090994
-0.0630252677071665	0.0428377690172754
-1.25046861257993	1.24638293268153
-0.888000432518632	0.875262263299751
0.557795524489149	0.375454728885319
-0.030903407354179	0.0190512313749036
0.209305034095623	0.129494070689278
-1.1095979787353	0.920618877071233
-0.167089299058844	0.110459273855176
0.150879978104394	0.0772739638861277
0.528326412708697	0.395965584401039
0.629947241247729	0.469629685270942
-0.00445031591806234	0.00142959025703687
-0.208454856010737	0.0998039312847925
-1.28282972300952	0.473490748576721
-0.507375833998201	0.292219295295564
-0.665537096755947	0.317791513471364
0.298612165177891	0.124513273246099
-0.533707393530006	0.237351366351555
-0.247171171952273	0.0765476303093914
0.115335843837489	0.0446934082646348
-0.974154489084823	0.545217133401729
0.0968702085673419	0.0323171063307705
0.501991355217568	0.205240371188961
0.163660520430347	0.0761334503588395
0.952301374801109	0.683909881182686
-0.955674755684061	0.415275680317158
-0.0959279888785043	0.032221544102895
0.860844056491461	0.4791510178014
-1.28563619486867	0.466502345115354
0.55214581790574	0.20514117550314
-2.50108453829271	0.757473465243405
0.272751259853906	0.176530078722933
0.425196853427383	0.376670968060733
0.368912258110038	0.235729565061659
0.41568656384729	0.282150984187529
0.0919380721138251	0.0530019221015176
0.404150277602094	0.27546932239693
-0.50717273407071	0.345121378261873
-0.121500093705331	0.0542479660173731
-0.928233469885508	0.922416253334828
0.817516987730413	0.604122769111345
0.153263025008554	0.0709080077770106
0.203486823917665	0.15976100673613
-0.233006333179495	0.132442120107254
-0.697730410453918	0.458554892559664
-0.604633813010706	0.445964634254845
-0.68829526566469	0.565601609882277
-0.293898279782834	0.17792870016729
-1.00390468637656	0.903728357213901
1.08364847065715	0.72130190447222
0.0306203408008482	0.0189532338601596
-0.687251224142077	0.448604788732536
-0.417025729823391	0.323215993612749
0.0196674712154042	0.0109047838965654
-1.2655986650733	1.73882689773585
0.0326781708024862	0.0158187119429724
-0.521260622306051	0.363627717740089
0.204329129535749	0.137338114703314
1.19285768792416	1.34851482503005
-0.391878770097025	0.258879508210435
-0.29185823997108	0.167329744015768
-0.0765497905090813	0.0363742544917846
0.339804495621686	0.185018325061442
1.19082647062645	1.59074497679559
0.401409510150723	0.237798964654018
-0.174974341816988	0.0878786078572227
0.011768445636937	0.00796852810838527
0.450686132636068	0.418839708122522
-0.0476190665407139	0.0256582719864842
-0.971394047426283	0.638467482611039
0.922843608271644	0.648210980584904
0.262901838326152	0.128617121244363
-0.382303287887901	0.28368991242699
-0.165777917755286	0.103183222420841
0.437869532224252	0.265739811447321
1.18845139088542	1.52367330949168
0.36744015540533	0.269122211526228
-0.538564675179262	0.320892976461925
0.843618301923092	0.701832942889401
-0.497620719151083	0.242716271926799
0.0808404095395717	0.0485142028109579
0.00934372220924661	0.00408494504187101
0.290937128223207	0.183669829165584
0.159177489871128	0.10156599874134
0.383388200109596	0.273851050250221
1.3520573597139	1.21129370552361
0.173427167755554	0.118184453930731
-0.443079716165635	0.269050742394438
-0.339771874195187	0.199107576884629
0.212101553402149	0.117940681703839
-1.35219946802097	1.63230286033047
-0.628101944996925	0.545757686492961
-0.129523852678375	0.0787677312640797
-0.28405106036485	0.186633090609263
-1.10604835943677	0.647903978691697
1.34940328098305	1.23650751179617
0.0833784699892134	0.0494416793075099
0.769878409997438	0.713531525108026
0.124970068002564	0.0470616112708318
0.020334803173113	0.00932336788016707
-0.329217175350233	0.170999775247116
0.0889899777190264	0.0291029125866627
0.593401232086006	0.350391537477999
0.433584985653113	0.206852627683581
-0.269762291051882	0.100932438398409
0.136323672749909	0.0646290360648625
-0.105110575947249	0.0235349560977657
0.00783116269067423	0.00242541239617725
-0.00929774194837241	0.00317940993076982
-1.47476326741356	0.579327434695538
0.134228747520238	0.0583487174495867
-0.820779572469943	0.361921386132542
1.51411906856325	1.02296871166608
0.296508756899504	0.12289380454811
-0.293695209290637	0.129784937073372
-0.673616594883832	0.425251232416753
-0.496146979088412	0.26989200624505
-0.106437110864371	0.0474057420029907
0.60405870872048	0.295070664371025
-0.517911135702038	0.138411916640514
-0.0974928366755688	0.0220000133147072
-0.530695804189267	0.140404794130474
0.0129250891291699	0.00344301812092774
-0.231862268579772	0.0723509071259154
-3.32210621443406	1.20057228416852
-2.49348075277667	0.760631300990853
0.756468233757238	0.701756062822656
0.26540226547319	0.134396345173135
1.24243592777236	1.01679675281614
-0.0586193751156445	0.0344233115040894
-0.188573824605721	0.122322978719239
0.349526763778978	0.234683506106326
0.932431519161926	0.656491123842101
0.373946004601884	0.27375954663861
1.25443175874662	1.0089562564714
0.332998636474846	0.226525442944051
-0.311274286700268	0.157592760610876
0.333754963510649	0.180995625986073
0.212292539090943	0.118583915781152
-0.798141599339721	0.67568813032059
0.0291363960520861	0.0134071424706532
-0.54811609713925	0.40019329675537
0.284199491564177	0.130107421955108
0.643201600348222	0.514837203260557
0.128933415654359	0.07470159723191
-0.543480182756105	0.25763936382558
-1.18972806565204	0.726774978536527
-0.993063748177686	0.575642660030196
0.306321471858756	0.199980619231178
0.555558030794681	0.421216883580748
0.204917977762275	0.142151281844594
-0.0964898884941815	0.0614343107161416
0.751441865964183	0.620207936566877
0.850570186498502	0.727004516009685
0.636096735559994	0.485972560814746
0.554518306157043	0.430893532130419
0.567884949639296	0.377489402670429
0.579522586697958	0.385187555239614
1.23407686717003	1.13401465179135
0.234654651544675	0.126061865684033
-0.818553905317974	0.770906652519599
0.203540498969891	0.114418725100113
0.0571475111256127	0.0278809485511389
0.409886839704538	0.205861891384369
0.61088528367709	0.346114880653145
-1.70099219304178	1.0758830931807
1.47067613948644	1.49021501284039
0.0160391951259933	0.00836554807107087
1.1066816770208	0.994721876761922
0.213417751550583	0.149459579895108
-0.168298868748914	0.0971601000917786
0.379348713361918	0.1920144854424
-0.400982299953671	0.162376776100273
1.99354336634087	1.81365932497555
0.732460817507894	0.589887206561993
0.930889698109953	0.642221522869322
-1.32107268943395	1.06050338455991
-0.978292879494179	0.676965816232593
-1.30614632149169	1.26203843212376
1.09727919208384	1.36161313418017
0.419328554116575	0.246004367425541
0.758055550808046	0.471819644257491
0.370063369078701	0.175606016482896
-1.2833843237167	0.864498060177304
0.576427820035329	0.386877354828362
-0.10688177476992	0.0475641988385237
-0.30890426556442	0.139482162859401
0.941030027467354	0.653548931352529
-0.099755905686475	0.0483006315616222
-0.53310004769598	0.311379707809639
0.0136531828073722	0.00579105989377886
0.141703962678583	0.0626290919471373
-0.0206902522633949	0.00798480032122431
-0.0974732041794594	0.0343241224330076
-0.637587324502352	0.2297381006604
1.50718019309794	1.06312937207394
-1.07107736096305	0.509541735564946
0.436491204599601	0.20635160671111
-0.836634894627274	0.257543939751531
-0.931312530729826	0.413570224716546
-1.07870097281678	0.366219315775194
-1.61766702295098	0.67411198791177
0.690915710633821	0.382368341726613
-0.394807986356431	0.159081393784801
1.78413587036907	1.20988908464957
-0.0205775149066861	0.00790257081719707
0.29252551281089	0.130781888333762
1.28457013352129	0.68044285893119
-0.515079347934818	0.137725022751014
-2.50013836544569	0.752963874303395
0.978215031580173	0.899300541275746
0.218935426993038	0.120692180551087
0.010902536100807	0.00598654915499479
0.224673755548879	0.118773966287311
1.22492849624391	1.10959871521088
1.3946595290651	1.21565593866414
1.07304096447247	0.680926105074619
0.776754859376881	0.52755814518338
-0.406208678880078	0.283194554901114
-0.707100738253362	0.556233295021147
-0.919400945604065	0.697946065156848
0.537593214636159	0.398901412250225
-0.543737077872862	0.242738597274013
1.43850941370572	1.87660789589839
-0.725508270850462	0.567905900061814
-0.745007496769744	0.496652091214614
0.594033620965601	0.440843194995353
-0.113975934145975	0.0763930382705445
0.287146717865623	0.210333102681197
-0.0195038432076246	0.00762136230208936
0.340313399515088	0.20004218192114
1.18732984383263	1.14003612697235
0.202171374543949	0.139213050490446
0.221876138440761	0.149003840566019
0.322621594897405	0.215485510882995
-0.524114755483811	0.32999263220348
-0.411486439588545	0.193959937242107
0.530012469264993	0.375671610755806
0.85665076880042	0.467014918364898
-0.282795880993498	0.180759381973034
0.233514071982	0.122990813973475
-0.0493259708196503	0.0242450244281652
-0.540593193183222	0.398520559983312
-0.00216121368715245	0.000481611893737029
-0.217534482522713	0.103145260485399
0.958994415883331	0.826643573975309
0.423123443602501	0.251319409558258
0.580107701167907	0.510205519762322
0.233872273244111	0.172952810945043
0.040651611085678	0.0221670824683254
-0.140856917721608	0.0803845988849097
0.594287427789968	0.510037332840891
-0.17386143690222	0.0893497799052453
-0.769406452602782	0.574259010735253
-0.294783629582149	0.203809725357969
0.136413102208093	0.0691631664121305
0.611803292546155	0.366838934698613
0.56935971357559	0.39135729942652
0.753095606241866	0.470767375392965
-0.240735484201691	0.138868365358985
-0.769978617805525	0.545010806486505
1.07655565206272	0.623044322250891
0.0129681432584736	0.00617437944698612
0.243360686759028	0.115359104963291
-0.532783361344067	0.408812743038651
-1.43143047394101	1.02628858885355
-0.0413239616059157	0.0151732169249576
0.145390084810259	0.0630738600200053
-0.318919673699753	0.200364814098132
-0.413279128283566	0.172068204677113
-3.68766018273911	1.49077079124246
-1.88181929888005	0.881903642559595
-1.0709039786641	0.355398926111619
0.149389036103762	0.0704546796679432
-1.06092901580912	0.497254307780746
0.139250706950287	0.0538737838814038
-0.194617930560783	0.099889029097539
-0.267667848846022	0.103096665439659
-0.396599780061084	0.185519239407395
-0.00191854485598647	0.000449404918182978
0.271770538948584	0.121920592682769
0.306961839893362	0.167324231094352
-0.893177303501745	0.485980345322183
-1.29093876506553	0.463056182017403
0.612533972016431	0.575079968930689
-0.0371540246983184	0.0201980452002377
-0.0531879147117224	0.0268846446033094
-0.559998070499518	0.340699985152938
0.448742832563773	0.325012929989621
-0.388123617944096	0.263198967405954
0.0403086792445238	0.0259589790280295
-0.498134513709618	0.285699839389665
-0.694667673781042	0.682716599764155
0.830355660243919	0.68575482154708
0.852920780000621	0.815850860814659
-0.0688800015134861	0.0416409568682496
-0.722649983419435	0.580705001867292
0.256677915306663	0.16688624301613
0.866315256430014	0.78189929718963
-0.0811504469737754	0.0395363172912228
-0.829013909822822	0.509928239868383
1.21863766897928	1.7163175631247
-0.276563520174489	0.186649204514734
0.240070983080013	0.116031874576595
0.606637723682098	0.654718693214465
0.270974471491526	0.16935263996258
0.321110852879838	0.249259206502613
0.400452617257693	0.334212695427586
-0.285868927000528	0.188682149510226
0.12337162226904	0.0794277877294079
-0.148823761246621	0.0791622984771812
-0.801086595184845	0.596606102825432
-0.247217055766235	0.15214973467759
-0.388908540128619	0.221088481644427
0.49183218763642	0.411031425858658
-0.682998648139016	0.555093294230094
0.584323422750666	0.408650710484595
0.188543706881725	0.127501700662474
-0.36676100366557	0.252614426278355
0.551159347896275	0.461134995980643
0.606579611786829	0.459987637001775
1.20349521243784	1.01333026522524
0.938610119212818	0.808559361245822
0.466033445166649	0.294818673180397
0.4698603502781	0.362621922343447
0.300358288335614	0.208890713200836
0.329922943618861	0.241854057042025
-0.211087632397151	0.125652959525434
-0.875199647070439	0.930004019276923
0.131275673631802	0.0886198887484749
0.134826146177596	0.0700746614955067
-1.16157441437957	1.10331321142163
-0.698809682117094	0.680347748349246
-0.455628073340336	0.370903296645114
-1.06828496002407	0.713132060506224
-0.150380914470593	0.0850584869164523
0.228655135425942	0.125076350950598
-0.429063891090148	0.27011340029414
-1.29237115276586	0.874357220374641
0.68461472980452	0.37430271806057
0.316672449949018	0.185667171114972
0.340650127537157	0.242648751427918
-0.0759281169507904	0.0388134347359662
0.348011174629446	0.1839918486762
0.755242556427223	0.642627745280886
-0.321758666390291	0.223936183818186
0.306951730082831	0.176653639963142
-1.31216856197858	0.702351368930131
-0.535150541572498	0.235237121285029
0.73704183663585	0.227152369479022
-1.62717538179376	0.687545686258824
-1.76540052121303	0.794960484556526
-1.01250602311155	0.557774525410034
-1.29529683367464	0.678385256471302
-0.544755706881016	0.236499144176884
0.541803988067232	0.416193299730026
-0.628337297748512	0.233882154870613
-0.0193207119477589	0.00746587388019418
0.139627403967474	0.0548424653419537
0.362920462067083	0.303787881614131
0.092524635627774	0.0535726756265294
-0.675542405675019	0.435538267328831
-0.257690110221869	0.201951566693063
-0.09802238406959	0.0427847311988509
-0.0840850943748668	0.0399106427666253
0.646283720697873	0.412539372958077
2.00864252602077	1.80931491001215
-0.99182297086251	0.786897994170158
0.389645142643536	0.359488993431694
-0.818877409156238	0.814135532049656
-0.634960617265333	0.507301357410345
-0.156574648398677	0.0961707816102197
-0.175524973016595	0.135119042462795
0.481473528852077	0.404438862448643
0.0439805644065325	0.0269037309257157
0.681257911536504	0.374840100756316
-0.221178686299891	0.109088205987773
-0.1633489710427	0.120832032599968
0.505559488416752	0.421806611839118
0.58050116965475	0.495522114562663
0.454002162127324	0.369021061194388
0.641995658997148	0.460236803772744
0.484915129921957	0.353014961605274
0.468699039001602	0.389394847449717
0.334294429136235	0.230611028891526
0.115329205789721	0.0772890433013371
-1.35612939222354	1.50179602895283
0.266347552829326	0.212915662271505
-0.807796200500949	0.477396505709343
0.159121925326871	0.0750410209774203
-0.517843098290044	0.294979481141243
0.13278002118104	0.0852289697329739
-1.21904394823421	1.28185812181232
0.23602172339306	0.124855191128598
0.679183346993034	0.646046436809907
-0.565099968223569	0.479124260632486
0.657513023837749	0.426737191402183
-0.219836324074863	0.140065418127826
-0.783600099709294	0.394780548907992
-0.0660779352420415	0.0357795223984108
-0.160619177839399	0.076110825734614
0.392246280787496	0.252155276332305
0.916563457059444	0.947451088179649
0.226451316135828	0.120096314509745
0.166958752466212	0.097935368514581
0.106113466687629	0.0689251556026499
-0.123256501886049	0.0754220563908591
0.0951924674192757	0.0643941165660389
-0.223635225192682	0.13101857491532
0.669707470578985	0.419458480710403
0.66715487392691	0.547277850112835
0.281362563122322	0.17327304986691
-0.0333324077217809	0.0124155669662783
-0.0192765877553455	0.00976999069637931
0.733536649040954	0.421712286086603
0.369176491562949	0.204634589035746
-0.223260265908173	0.13888358694067
1.08636612713221	0.999320293385174
-1.32695788312504	1.11707214148445
0.415071990263019	0.251427294427752
0.746048502425068	0.600887833106063
0.62523537969196	0.478895000514122
0.321160220420299	0.210298635165911
0.123981008513318	0.0471560987852371
0.0392810771441893	0.0191305319940589
-0.924634913377812	0.387965712512128
-1.06528846659179	0.76504346358119
0.0972053411150578	0.0359832503560537
-0.250176569972599	0.0950870916134941
-1.28686787327505	0.471151862954024
-0.229236840920787	0.0696713583544589
0.00233590109914986	0.00172992356532177
0.591657717082985	0.320106530651232
0.0245405634302278	0.00979163558671426
-0.225565460774604	0.100552783320811
-1.76355514955844	0.79213758272291
-1.76138336124125	0.784410428300487
0.172542999225039	0.107550945179494
-1.3150491839417	1.23255503833428
0.8742540790426	0.521061124984424
-0.0573074453850179	0.0287880701446842
-0.798876089030387	0.386756480143422
0.420178675936363	0.184924205278292
-0.0251932968149143	0.0134738684005126
-0.674743980097307	0.314578949803122
0.589080335896216	0.40264576887512
1.2217828675738	1.17137996703559
-0.610049781432001	0.492066183786849
0.765050307119129	0.739466105031242
-0.466069924414747	0.358092247624248
0.372946556772035	0.241938976370059
0.567028258261026	0.458266592271922
0.295389104257392	0.132755497645748
0.177262442098939	0.104360205983814
1.20767965940693	1.16671904851003
-0.993331053344565	0.763320452942657
0.505360022334792	0.357897819065228
0.810073284405402	0.625790465075899
0.203331919258267	0.146883311006785
1.46876951128173	1.39501193719268
1.05049049611102	1.06480375339985
-0.0165155555053682	0.00948531011555847
-0.630900030303689	0.482617644860833
-0.108550422749064	0.0659119730242479
-0.186718260878362	0.0949861855388917
-0.427567830301721	0.264478091935798
0.426521547850231	0.263430436612769
-0.604545269974676	0.327305926777203
1.1766801204998	1.03977981905661
-0.415669398512451	0.287543763498243
0.110463281030655	0.0580537671205085
0.0142357158956375	0.00794224612446853
-0.598309388250865	0.359734394030334
-0.699879791552719	0.560044490451277
0.85687496816004	0.677012775658038
1.70520479876092	1.53952577138666
0.523827736698009	0.278210716345588
0.0434383437123517	0.0191973807535628
1.23473661046021	1.02452494021257
0.688083405799039	0.493725407384474
0.121869550842512	0.0839065807815651
0.64694378838656	0.515174959062818
-0.440365601009395	0.265989674929179
-0.628152943731942	0.469616006514768
-0.287196315678715	0.170608795977248
-0.539244416889092	0.474982461509114
-0.540595787654347	0.538102546755031
-0.391928940289118	0.353372950266024
-0.625187693114577	0.325933642343457
0.0343441768353809	0.0167397630013466
0.118369460674339	0.0610173814872592
-0.329810217540797	0.170180105437917
1.05909203301896	1.10037782517338
-3.97889792384092	1.70250445722553
0.423847585488006	0.257225002580584
0.53609150033227	0.407426516518397
1.24589166730271	1.04008649956219
-0.0222094366357444	0.00850967745678817
-0.0520708537059847	0.0327715558077766
0.742997266154034	0.685525789295505
0.430116959794344	0.261053891531597
-0.391447418117715	0.15419134643928
-0.263346153659975	0.0953698869913174
-0.766597316539553	0.51791204625163
-2.24060034924239	1.23450527238903
-0.444716289974285	0.151933357237643
-1.3001286801939	0.459635011917654
-0.245504043041902	0.090923844725872
0.301462673774442	0.102706468226392
-3.68011279342947	1.50238720498449
0.124834157797091	0.0648004090945715
0.388074137179209	0.196839974790028
-0.805783286862072	0.478934129870433
-0.161184479750797	0.0660863478099369
-2.24023326116917	1.21480676996995
-1.19447974015149	0.604496362077403
-1.46496086183775	0.589774817651462
2.73502245681166	3.78012505729965
1.08819185271961	0.851126631072089
0.293034819349286	0.184030918937393
-0.0237541409235409	0.012078015173487
-1.13224597100576	0.989203683892713
0.0218128003318857	0.011843420609178
-0.757013024938702	0.521901583599777
0.198504958733112	0.121556447144652
-1.41500568860069	1.26235769437926
-0.607617655838921	0.361760060005935
-0.402251048346912	0.215665535377507
-0.219108194704123	0.103493668329815
-0.324047224689288	0.160416135931235
0.869312374789619	0.821147377834351
0.233910864920644	0.166742723019127
-0.351785888359131	0.26883985994122
-0.0153036578953197	0.00868877010693329
-0.202862842998354	0.139320165167023
1.09781698831715	0.951023513371833
-1.00425560323693	0.658191023258401
-0.561519264113048	0.242108762849543
0.0134504188184465	0.00702530879348077
-0.0981155967627278	0.0460358143526208
0.145035459648434	0.0768576810186997
-0.0594723039882851	0.0314957973621365
0.338255047608069	0.239378438686194
0.224419849839269	0.126226226515565
1.69989158313363	1.97461921593659
0.689555819224211	0.492290034048235
-0.231716801286703	0.151848875254239
1.4881294392569	1.52261671739182
-0.695894786283811	0.452697170049711
0.121169605465156	0.0655804711112023
0.242419167112219	0.131865449792261
-0.232904172116213	0.160016713104931
0.610348576535396	0.452171951104381
0.247904155122686	0.168430224180236
-0.258026554027056	0.139225915494813
0.356011075176134	0.264195592740754
0.588153768244305	0.411164401020792
0.685514969077783	0.488971594552756
1.05478669468063	0.605355762476987
0.725429269933164	0.544965710173467
0.0259084129882314	0.011658727293637
0.562164443988686	0.381224835431748
0.0289152722075311	0.015303902236072
0.435131329222828	0.292696500772111
-0.00667173151876695	0.0039669318677138
0.068858893668483	0.0437637231130977
-0.404309352803421	0.280573152099757
-1.21653759685207	0.88871846432999
0.144907934494967	0.0694724476245161
0.258211165601554	0.204720265194433
0.0709858599743997	0.0429200478207131
0.0264032415705954	0.0131637562940843
0.471648212414497	0.269734604825767
0.541966967192753	0.335609288638044
0.463261998736877	0.264898031449611
1.43228114008271	1.82125544398768
0.497667999590537	0.202839028169167
-0.0291185689770189	0.0176883399582943
0.374922561427327	0.2402194422649
0.291392232987861	0.169260560114935
-0.404716890703845	0.19857892502549
0.272838438606643	0.133067845297958
0.802390130485275	0.557264227303725
-1.05654735682379	0.488079641640625
-0.25089467907408	0.0947503352643549
-1.28761288766524	0.469346286108944
-0.614398678165789	0.363649237912969
0.685822624844265	0.462019202083839
0.275915743957563	0.122110487741108
-0.0486654654082565	0.0257071829492451
0.234927363066916	0.114081958128827
-1.20393629533709	0.602441972403962
0.0848601756417814	0.0281064403791211
0.257530175487759	0.115224625164904
0.302608194154884	0.106802747812986
-0.394467963870749	0.158840164291579
-0.682737960814549	0.327073462052914
-1.59587276966683	0.978179802982711
-0.0871088898208279	0.0304402829888901
0.713131703165144	0.308968509172584
-0.00741549307519614	0.00318371575602419
0.488480532315941	0.440490691434491
0.527293164355486	0.390179157806378
1.46630584023839	1.08170207678003
0.158077690336342	0.113711666606822
0.486852386458927	0.319267357219258
-0.0823310803447868	0.0395166673220582
0.853967342862222	0.867874030391838
-0.110242581876235	0.0621352481984204
0.71828325561346	0.543762388915364
-0.718049428048761	0.523118776403227
0.714537752171012	0.553580788633818
-0.397716907741103	0.258771063916911
-0.0769844679756909	0.0531142745759275
-0.0227953353539977	0.0141714994997012
0.43824947732992	0.299595558047546
0.205397747416343	0.138807854437801
1.18630266859942	1.26012514771632
0.0287751975362345	0.0154447424948159
0.310643082736915	0.228267580981146
-0.613455696741385	0.56692053719357
0.110722575134534	0.0566227742718977
0.75387230991716	0.686558564608159
0.598450013473953	0.542408416289239
-0.321989653873216	0.198612771363939
0.652951449201783	0.684148241114641
-0.0852799544345476	0.0461156758924169
0.153525759847045	0.0945951275151238
0.299752439059758	0.204435774244581
0.535968260351936	0.334429870376175
0.141639390398423	0.0658103770447448
0.640163983640154	0.496959158878726
0.714453935262605	0.739217597410567
0.96310087176478	0.887931158521813
0.506455745398806	0.423113056512021
0.0307805817247467	0.0195264504563526
1.09492789589163	1.0554300546962
0.822336820537218	0.635452797539209
0.632002011540427	0.621347266727585
0.247078544592112	0.138285660885447
-1.63945600498533	1.32954723843677
-1.52860508077633	0.853027491383648
-0.801097220313735	0.474672063290483
0.0626194573528658	0.0326199502874357
0.0348822305990221	0.0217744315121517
0.871684732297797	0.8312058412079
0.542415042010507	0.437048786167972
-0.4472488514709	0.272271772617132
0.757068081724812	0.655886455393979
1.07789244981059	0.738419470139877
1.08947528135448	0.709030180415821
0.126873141275824	0.0497656566965306
0.484297104678403	0.275928987183058
0.499050219297984	0.456626418314926
0.161073437220933	0.109385464786013
0.191337931601292	0.14592986519723
-0.0591624019782219	0.0315213081945427
0.329711686920587	0.270393922621659
-1.10826221572684	1.24998706711076
0.217956816448142	0.159828949190785
0.315487016315575	0.2483881476258
0.6663397325194	0.514688769659241
0.530255477945486	0.279982530315648
0.700255323708439	0.491523307580237
1.08742860247308	0.844094309791878
-0.27036101082459	0.146342757480286
0.425724427411118	0.201894969066468
0.600403732292094	0.394476321613548
0.800838916277916	0.399069877993104
-0.87971857183528	0.73326335674383
-0.0908016901758122	0.0594882090050991
0.183996171006822	0.115733227411598
-0.0852155774244655	0.0299944503830741
-1.20182628269559	0.598662867907962
-0.661255432931552	0.309951926257365
0.251233614036428	0.125460098396185
-0.40758583514919	0.168880099349288
0.143098043542965	0.073433743973594
0.0182371799329879	0.00757961409714049
-0.221498604267115	0.128133013607487
0.32894420016729	0.0965259148221703
0.435243960617761	0.208958914349754
0.323237769806572	0.0954668421415237
0.00713763059336234	0.00212611679198555
-0.922080912100963	0.398108385643823
-0.257936380425934	0.0961100822980101
-1.18471389602663	0.579853960993124
0.440544880963157	0.202328429087666
0.121885953300321	0.0470952750965197
-1.05925948350393	0.493930539701895
-2.83458329559744	0.91634542093066
0.0170169246376005	0.00444878785056413
0.457318283271655	0.349135790736522
0.23483547690203	0.150185202339959
0.123341887857831	0.0919480007175496
0.483538235579436	0.320066557756904
-0.0182536885062012	0.00927899384768822
-0.882414585884671	0.63966593269592
0.375814488182297	0.282668612829919
0.16289012608295	0.0984043216262202
-0.0421894813817069	0.0222744310182248
0.548187918178704	0.533397888016309
-0.0621641040198447	0.0296613318419127
-1.07571460011233	1.01040940683957
-0.600894674557322	0.53823045177711
-0.172286703591183	0.0881096813273575
-0.261164861413665	0.162733472289769
-0.324538739433134	0.196581135172739
-0.648774107865331	0.553634088175248
-0.0205115658930442	0.00783010506683108
-1.26483543455123	0.790082669835346
-1.13655413262157	0.834173552662039
0.530351948304827	0.493501442551901
1.07986410774593	0.820410377294168
-0.135205999830522	0.0880985792734748
-0.368733398593642	0.270519336677456
-0.453761611563292	0.300002421212285
-0.0374315480920238	0.0258992454082883
-0.680898037074283	0.484551508393215
-0.187274344043387	0.112975944585473
0.580438310698751	0.497786392057887
1.08013977973269	0.872205374750831
0.431738068373243	0.302501229965106
0.733968471276058	0.429449520205482
-0.183649652776765	0.133634630126331
0.953396378981971	0.769811650293165
-0.680748834398566	0.43316052051807
-0.656259627729843	0.516630343795635
-0.712651057607977	0.640281276095762
-0.607692262844847	0.469510650103196
-0.557716602007785	0.486898029480177
-0.662185130636164	0.471921131545628
-1.1312141486694	0.966417252639234
-0.431809856382226	0.263328406087918
-0.165370809734904	0.0929674655708151
-0.252294115808426	0.173111435750187
-0.565155165548356	0.448999317357988
-0.939121961622175	0.711705942709477
0.285977665913987	0.153719803008442
2.76887625130691	3.36525038553602
1.09099595385377	0.816614020655118
0.374733434754071	0.274821891510503
0.305075293107805	0.171855883000714
0.57372927534208	0.389519736202358
0.177717448454299	0.106209920881234
0.417699067283889	0.358339617308193
0.0103039400712157	0.00626100662906657
0.727154203177354	0.441255710635964
0.209263167841708	0.121544984033793
1.53631875859045	0.87609439813982
1.5855482653879	1.6359564949713
-0.345357453283502	0.189769431975823
0.176999598304498	0.0963141829387925
-0.156489052848136	0.0837106089170312
1.07366614674404	1.04461204559628
-0.43932961083438	0.266920735117214
0.536391879754128	0.28244034770225
0.126561684584071	0.0584386426362859
0.0953866601888356	0.0505622434085962
-1.31714298990759	0.712030283781091
-1.08810382039827	0.366696523215772
0.0108539775293926	0.00294215097137045
0.375110893705983	0.188925001769505
0.436985690026984	0.207486626233097
-0.114220723073147	0.0642060811490728
2.68816944539737	1.52482713283119
-1.2650422786488	0.830407977707219
1.27480172339158	0.870013797058022
0.424030307459972	0.25067182671973
0.233648729121941	0.108805746092836
-0.424146900468297	0.204087082716399
-1.46816788797261	0.561022328716134
-0.318106022061405	0.163026613716113
0.129629108764606	0.049570442222349
0.444446073874143	0.20380078735065
-0.820625416423621	0.567250686987585
0.11620149842299	0.0469220813318022
-0.259606623309815	0.0996461177179455
0.126388652018336	0.0496493461619315
-1.07336765963707	0.358272920144905
-0.101789050479357	0.022868379633766
0.24479964330832	0.104263746560462
0.334561202706782	0.262678067694923
0.664243822011722	0.624628686330818
1.52685082226537	1.92665485007385
0.506606921753728	0.437922508171458
0.0353560936734102	0.0194635883651703
-2.24925889755329	1.71974356724317
-0.937312607799109	0.815496958979079
-1.50440570820687	1.50991951942875
-0.600909402681551	0.404153289163428
-0.731622374282914	0.545687207932186
0.121357180854781	0.0754414238761295
-0.23956545950213	0.136729193990074
-0.300395393291433	0.223987076318152
-0.0698125853526698	0.033439886431476
-0.385573623092085	0.250558416037765
-0.608623787937524	0.369583650088284
1.08710688666517	1.01651358994655
-0.233556994716389	0.131953228079041
-0.576954294001449	0.38560938094424
-0.258936477075182	0.139708737476138
-0.0873472526100161	0.0547341232658053
-0.0792449721681821	0.039551016150349
0.948169091255036	1.01121481891915
1.26113734553535	1.00193854957685
0.526573318903458	0.385484196994342
0.743167003258521	0.636219106052634
0.490210476518615	0.280812194352315
0.14303078671808	0.0674139317870936
0.344254927546309	0.234850291810127
0.00241140263229112	0.00158982429385087
0.227454049770124	0.130347397832569
-0.153375807060425	0.101812768561538
0.0861044368308296	0.0497017185072649
0.374508564560548	0.31520298577076
-1.27558355099401	1.06147264697404
-0.398974077771094	0.218405277922242
-0.663760096957744	0.525648508218232
0.816884321879402	0.570739899510842
-0.963321508738711	0.645695648531416
-0.0573055686289082	0.0290565625356405
-1.36259472527077	1.10629480788807
0.644386298345659	0.535423452407429
-0.155106239439432	0.0745001020075228
-0.346668079999975	0.322309287455454
0.0469355695260654	0.0294226556046606
0.467740384463386	0.313085980246239
0.942621019626177	0.718445851736998
0.491846617352072	0.209196481096676
0.363412129917366	0.197080612796554
0.83843223438749	0.847835611819652
0.19177278131716	0.134915195388644
1.38416041943206	1.28657772147713
-0.457890604464884	0.239928663779881
0.514754805389177	0.374347624942086
-0.217587035337762	0.101365219660685
-0.427177744133679	0.256693583557497
0.310009515976617	0.182525189602367
0.586934180676	0.400261473404833
0.220821502422091	0.123448996435269
1.06271870257555	0.607503032525474
0.404917855783233	0.243459140792542
0.134589654335245	0.0592210109558212
0.517856712850766	0.363490168609394
1.29775967464856	0.668504933504261
-0.109669525871767	0.049349862619639
0.137203217403905	0.059675494971152
0.537263103604611	0.293568391085492
0.154716954832158	0.0652742209164861
-0.427634002236644	0.165223134261068
-0.145275339288887	0.0583100043584973
0.344870768840915	0.191814235468982
1.07233699408428	0.866452983584471
0.0176791543341703	0.00824513830338197
0.254963961963726	0.13827150788648
-0.107396178034308	0.0362270684246954
-1.47091001652217	0.573558052645274
-0.0934161693868107	0.0326146996613425
-0.252974372606173	0.112926029472359
-0.661508827449846	0.307059283064926
-1.46388871001429	0.574859239236688
0.282553406958913	0.123291413211819
0.61676296339803	0.29510864873578
-0.286536221718468	0.130234071005887
1.09203982360321	0.704768913707918
0.881695120122191	0.334060021430021
0.703269392159646	0.314942594239902
0.333390763223175	0.261397376682798
-0.0455882319340574	0.0228144113949606
-0.91315728322277	0.677618217263995
-1.28035178285489	1.06219734373119
-0.903165222604121	0.576805139875615
-0.0609385370017742	0.0287464234545404
0.0687193495025034	0.0393969807333638
-1.05297122272828	0.968315449867916
-0.709042845037408	0.533765034930641
0.233032151973969	0.116617496129173
-0.351558487465049	0.202412666450442
0.323590245190702	0.24716632488968
-0.141131608967261	0.0870291297907858
-0.16531051011422	0.0812759352714896
0.155964922595239	0.0669222616335728
-0.0632486544873954	0.0301995120854589
-0.0231720190911368	0.0143648530567475
-0.170711537887123	0.0904588290167934
1.21437480582165	0.892588779620609
0.621521661312896	0.468955125048024
0.520491108583254	0.327730001557856
0.373547622847975	0.199046143098824
-0.0555319699153585	0.0281327915647675
0.0375696420701567	0.0185492445790196
0.346626874482806	0.28478981706708
-0.294666592742137	0.19313988051907
-0.432908868171324	0.308083809251374
0.665277643538061	0.435318045751464
-0.067317533172834	0.0344824943363992
-0.669298772964968	0.43099587584089
-0.883890056743375	0.57034190748177
-2.01765003882484	2.06425682247788
-1.76423518346589	1.75780165566297
0.805252760553417	0.584060580349294
-0.285770739278772	0.19297405301494
-1.72177932252271	1.48555040400264
-0.164486458378921	0.107651964791226
0.262458588372212	0.130353209916989
0.922426777854696	0.634539228275903
0.423789000218251	0.299229562461291
0.305064432626581	0.124668080651896
0.78879597822675	0.870232826534529
0.388895625277308	0.25058017355125
0.523034504121298	0.325960561821678
-0.0491277247627795	0.0264091201067401
0.464926115650562	0.308038656333678
-0.100860042940122	0.0440954253229432
-0.735197800878747	0.660517766797428
-0.607154622766802	0.41634269501565
0.610510116065161	0.298357107009059
-0.156975510404596	0.0640692373318345
0.136184354518479	0.070802047928218
0.39283701759827	0.198413023138919
0.0242602381064206	0.0107393093315488
-0.227499438258965	0.107857234797761
-0.698533960984891	0.318618760449343
0.322613450856061	0.0931969730661386
0.503770170743488	0.205078584327941
-1.4571734857899	0.562367487751103
0.482686560045731	0.197166801851301
0.338095483805011	0.183570948823958
1.29147307502111	0.678678316553578
0.13457305946189	0.0589961982255459
0.128899228861223	0.0626775624214068
0.145487563098822	0.0642165633136739
0.337309593472857	0.228299856707753
-0.108363825104579	0.0363044553652435
-0.0456453278197945	0.02278212211687
0.638243329898635	0.50628861977595
-0.668331216860139	0.320505589551387
-0.0146506357599546	0.00592925857060048
-0.223364159025435	0.106157675695885
-1.29031071965297	0.471244509692648
-0.940482253249476	0.418290252436053
-0.166594646661332	0.0686159558881873
-2.21856337363166	1.2044102672072
-1.71061379576334	1.11592969379377
-0.171075287364023	0.0686457673204118
0.37397987527455	0.202176849220817
-1.08553359004569	0.496741896834696
0.0914880007677831	0.0303337684583855
0.314752876872412	0.1107609092559
-0.522494745184589	0.138224827015017
0.298214196176829	0.107092772740431
0.0612459678449915	0.0415652885666885
0.586311668024751	0.532243571212751
0.214611908941225	0.168734504775417
0.232731031496968	0.16557735733739
0.0192425834965523	0.0102014936579921
0.325875491233223	0.240148169920529
-0.338576023492107	0.23771309522394
-0.0581762426084893	0.0356520512658294
-1.31752461710042	1.27095817732313
0.8473777318497	0.766073435737017
-0.392802022201225	0.292935382203704
0.175131773025872	0.124868039367179
0.553111674602303	0.487708580307935
-1.82005650916296	1.60431024379433
0.105860377126791	0.0611913522821507
2.42872976594194	2.43833095354701
-0.31816897261295	0.160186230216806
0.021112472048244	0.0126267316894308
0.384899088577132	0.293064817366886
-0.0758866728549701	0.0454882734507286
-0.285176454995615	0.188843590278432
0.774603790190501	0.498244496767761
0.201351737508265	0.140922288901648
1.04361327597681	0.99675049508027
0.0356448792226062	0.0191280190591577
0.406132833837364	0.276686478465369
-0.0420853105693217	0.0285657232709902
0.735948395289335	0.595300391167449
0.189553547116211	0.140993068699629
0.347432510112612	0.271305239996876
-1.85208766990314	2.06017691008505
-0.529482942406356	0.4777210134755
0.0230749926809765	0.00929593855936535
-0.842172178644495	0.593806259256681
0.0452295492709832	0.0205282887745229
-0.727595556745712	0.786983895137003
0.0148405158604725	0.00828984824053451
-0.681467636220852	0.489583434294365
-1.52886373809696	0.880639143570088
0.373079259089151	0.264094459117428
-0.669453655743282	0.482818548000064
0.146722403143926	0.0672347863841104
0.228808958558254	0.121183826945229
-0.816338150318306	0.619983424053812
0.416043411386605	0.345429161695883
0.383760022158129	0.272509010683601
0.123036669387194	0.0622873114953369
1.00154402022487	1.10484186237478
-1.01311649674781	0.580310243325513
-0.778601029800747	0.716163194649372
0.0184798627918714	0.00931080988246904
0.334223065895187	0.272898405033408
-0.165465958239179	0.0688634430417095
2.02449732258962	2.40791092276127
0.0139959218523678	0.0036885772222902
0.469624596188752	0.274014070140094
-0.791409291216327	0.411257601347526
-0.622074998973986	0.232524309157841
1.22154344105967	1.08302439443205
1.45373079054782	1.10327546089935
0.00422013606248695	0.00189134178992971
0.035487680800894	0.0164732110541968
0.96709812224772	0.455936926321517
0.136420159542759	0.0743878038161947
0.300778138936707	0.130532903337302
0.439331362250064	0.266012739911332
1.55122325689774	0.952259492446886
-1.2029160680042	0.952254284291263
-0.180808988817426	0.0932526532489424
0.14449139405643	0.0631641778453567
0.262063966102765	0.124555069866466
0.598377592681839	0.291029823632186
-0.88283463014387	0.460099893216152
-1.73261113971525	1.09781495652782
-1.88730353815262	1.33203613253289
-1.29498203647387	0.829207779943834
-1.55452823235138	0.812379476577966
1.27136784530281	0.868934795543851
-1.41367841404631	1.03317396960946
-0.00554721349531591	0.00256077753988597
0.131971321293492	0.0582701387652003
0.128715722808498	0.0502852676882265
0.465167288776694	0.269035941116429
0.560644936428969	0.435635259071322
0.608292638699346	0.365316780891685
0.480470154712341	0.277811494620592
1.23671564855054	0.957398366653814
0.137657508915522	0.0721433170984037
-0.760853174313876	0.525447787103499
0.268435644231465	0.118103641368291
0.796336490099489	0.526085057761465
0.53788944818559	0.26437198013601
-0.397303587852814	0.163578510978359
0.267307258949997	0.134776536888077
-1.69122667218717	1.05540870948946
-0.787710472056276	0.393610166660752
-1.08488019339229	0.50436555146057
0.129530231302568	0.0502404336552438
-3.69679607100442	1.44915852984902
-0.308517446147494	0.154940970808395
-0.0840850943748668	0.0399106427666253
-0.250740266511719	0.137151896983613
-0.421309773719697	0.252193842180542
0.704649627879833	0.308081048705161
0.0441689522713605	0.0203459074890392
0.14262272059783	0.0626023340515861
0.488833127724018	0.275477070479836
1.06835276687721	0.790081762875651
0.121398628075792	0.0664283107760009
0.907791674485443	0.565121138492349
-0.616545055694233	0.325581331900604
0.408092031469674	0.207213142267484
-0.244446168119533	0.0875885575736522
-0.0165007224511003	0.00634546565415524
0.112266975784793	0.0574674749580571
-0.221580049721034	0.104438452261041
1.06978250902552	0.666264869933866
0.370371148926053	0.203355166988214
0.733824778795576	0.584183264549486
0.278895384305141	0.171124132919125
-0.942388612906069	0.404580847873807
-0.89947658700273	0.485188392436157
0.309052785384148	0.10900447059597
-0.0622439070962432	0.0329581082642421
0.134904335349919	0.065533807808434
0.0309816095471618	0.0125927968825708
0.612556803353534	0.299270192415039
0.56647041438059	0.311610674285219
0.373962131433376	0.239052380526772
-0.637816461054339	0.347792302703301
-2.1335302961954	1.13201985283829
-0.259063818495957	0.10002882269736
-0.0304396482836655	0.011176913020255
0.903354173888341	0.563992568072496
-1.41515455036158	0.754237856289901
-0.0984811675770866	0.034665733051443
-1.28350107612435	0.474836718450796
-0.000758350045579922	0.000343562556853907
0.0965968042860137	0.032725953209827
-3.82720790327223	1.590150775239
0.293210562807531	0.1163754313625
-0.114741523671212	0.0390726052145626
0.126243968731639	0.0545028947908344
-0.415880320796512	0.193031078113507
0.945334309135389	0.408049767355071
-0.696424001895369	0.31106959142305
0.471090526778026	0.269137475933115
0.418737063220769	0.192675167837756
-3.33375079370681	1.15546114051264
-0.232787103490094	0.0708064205646363
0.877998179391884	0.334864359102219
2.69163645977066	1.53117553205434
-0.100760461749253	0.0350393497257066
0.0973692333953474	0.0326485590422308
-2.82800405415571	0.916370270350291
-0.44538452339381	0.154460657274915
-0.539121544751932	0.235607518982959
-0.452386254849863	0.148363313383758
-1.47752920147887	0.575895063443856
-0.519662324847855	0.139505494309868
-0.241908116677168	0.0742801598735886
-3.51426902866386	1.36923995903935
-1.47789710057338	0.565505374445754
-1.18471389602663	0.579853960993124
3.98486017323813	2.32976250147385
-1.61235176012732	0.673246153208457
0.60998577966874	0.282513141082485
-0.438308336698429	0.150238381381934
0.505127166215285	0.20453729163772
0.486481725786569	0.205454185728884
-4.08285372188306	1.83720324890284
-0.282894092235035	0.104983761033105
-1.46172541227484	0.569166649318351
-2.2297715979947	1.25277017633818
-0.460233108369911	0.159395613393047
-2.01810532457433	1.03028519362278
1.29663031685399	0.518904168462675
1.25824203216695	0.933615281865141
-0.25446308503334	0.0971905211944945
0.923235081299222	0.569664539325946
0.623370543250051	0.472926424930487
-1.79552484970738	1.63983902821741
-1.52553681626054	0.918913735994689
0.303809076800698	0.123900260492604
0.856196758500816	0.492766880059903
0.250289427610067	0.142670340007657
0.619633977630048	0.359312795894918
0.220774989735594	0.111345835394659
0.846336075569995	0.668270646213612
-4.5100735741292	2.45161528980506
-0.338918160129279	0.176184201861238
0.484888945618039	0.317192187895688
-0.493652439532364	0.315900998576185
-0.838514224996833	0.464078927546793
-0.803026573210838	0.415667662985617
-1.93491346482405	1.41074955189217
-1.19260169634882	0.730978910567981
-2.54204995676397	1.6030800117405
-0.389255060427741	0.240888245226937
0.609402551699522	0.355583122632152
0.260194710488935	0.128661138846005
-1.08185102233973	0.5054701226341
0.428921749244469	0.202582360215744
0.530790055372945	0.285609234028816
0.275934769249524	0.126515312989847
0.578318512524607	0.322707509119896
0.288789969386353	0.133084997847819
0.347017542289287	0.187070835025651
-0.220176016359267	0.122291593566594
0.289514501727496	0.11496996474717
0.385172584236009	0.197276980590279
0.921239640403345	0.574274849796952
0.142416073660281	0.0713590555004142
-0.0923832937872703	0.0316390586776142
-0.0717631190818943	0.0333219409273778
-1.18850859093128	0.583666050984978
1.48115792278764	1.07156200718551
0.478202482690152	0.376807824026984
-0.0946695662718368	0.0324906667858652
0.381286336776468	0.193588290267921
-0.798771323395438	0.32143048263206
-1.25594950036093	0.793736881162699
0.284094679092944	0.124510114545847
-1.4762550623229	0.571930676198492
0.70608378122655	0.291270053101729
-3.50923973767825	1.37307967191977
-4.09187597187019	1.87780025518289
-2.53361073427884	1.52470569719924
0.351733697161464	0.194370840023018
-0.622033946233262	0.233232127989506
0.00544878071638547	0.00172521154129583
-1.75303234832685	0.778568418740643
-0.516775237435231	0.138362889204207
-0.236449934238729	0.0742106876529409
0.311654311538099	0.108921324221323
0.308177783420709	0.109222461021131
-1.17876651634416	0.56004830784626
0.557355604387933	0.204976570305999
-0.445921187412261	0.153465254623103
0.756112892601043	0.457740446636954
-1.41289643874674	0.772936831667542
0.10997490949414	0.042186179007913
-0.0281315091805328	0.0104291011583236
-2.14342178183331	1.1230978218177
-1.30192970988638	0.666342245882623
0.0715329147393728	0.0242892767798383
0.308177783420709	0.109222461021131
2.14202818941574	1.83644021037035
-3.97310709028628	1.77110483482116
-1.18240722197543	0.587031437492375
1.54978789975804	0.973246866370462
-1.7666438172446	0.789843538223155
-0.792868141549309	0.325164740633287
0.00819122517007483	0.0024173107426008
-1.28810247494672	0.480815408735924
0.871867022167471	0.336483575908837
-0.251935437370272	0.0769498665513122
-2.04691796868725	0.988363956335161
-1.07634430427106	0.506552490776859
1.51633707336388	1.03782219534933
1.69809996930716	1.27985659080673
0.490407737691346	0.192408321862319
-0.453822648269436	0.155313459997019
-0.252995079566457	0.0952192703269466
-0.448879059203796	0.154944449391861
0.298995169471895	0.12354633082839
1.55800364391584	0.963706738813149
-2.82800405415571	0.916370270350291
-1.46117270819368	0.574580522286654
-0.449315738029937	0.154089720505942
-0.826886475386905	0.250046085549171
-0.519260285802177	0.139357225000014
0.743988900194572	0.228997201004662
0.276501932947323	0.175110989259427
0.551708071815179	0.433454346116206
0.490578279828531	0.317202362616784
-0.267561977616251	0.138887318653266
-0.159997755693708	0.0962972200622606
0.14897925060023	0.0907158045786138
-0.150372243513591	0.0813483019827973
0.232260364975801	0.122708869484711
0.107481862474128	0.0680810064514556
0.00366845863933948	0.00207853551489768
0.0727691156614846	0.0435442025978058
1.89096692895308	2.44372090904821
0.0213054801029985	0.0120374572050102
0.438139741989966	0.209056527593194
-0.271670359748764	0.0987625246009548
0.64039453264142	0.470997989872098
-0.431198102646864	0.232613269952784
-0.869102391988719	0.689349665018855
-1.0312216183606	0.696934657456436
-0.671433807638431	0.442940574112664
-0.654426624563881	0.572216899245147
-0.0504202831916698	0.0260655253912592
-1.65730380245234	1.64657451060325
-0.525896074673209	0.369708120704505
0.303481412985751	0.22874388200303
-0.646376314181059	0.440636870457307
0.311266248182191	0.105233521269219
-0.21113248080561	0.101477576188465
-1.06056820146965	0.497761062574859
-0.812331509871462	0.388688810939714
0.363642475108941	0.198297418193315
-0.0481513812803804	0.0229802892285422
-0.532839594999403	0.344291981244824
0.246561146243659	0.13178140601887
-0.140497734979241	0.0739689238803193
-1.08773662876989	0.90365414988147
-0.0633852779830496	0.034362721248312
0.199444705480729	0.133930430390608
-0.40879488688475	0.190588680755997
1.3719436396784	1.29929465931947
-0.104332371305547	0.0447982298704179
0.373592269142228	0.205696574840888
0.797099136804771	0.412730703341482
0.300024659204641	0.172237051563823
1.61734063547145	0.900974621978548
-0.215320022705125	0.128638339828978
-0.0502015694659134	0.0235353865594581
-0.17537185396836	0.0891317816791341
-0.254305472397053	0.0958835790712859
1.06618727144136	0.780392158685402
-0.782842443026985	0.404587384420481
-1.35048228041045	0.935893231173952
-0.303269245825309	0.130765855864964
-0.166678331108438	0.0689878246649639
1.70555524909312	0.778440591149066
0.962164516674249	0.438861872214634
-1.46460653917915	0.576564017211295
-0.453893423907307	0.15867311168819
0.323237769806572	0.0954668421415237
-0.40852255859335	0.166928607194314
0.621328431362987	0.46771791314721
-0.783712956487426	0.315596164513132
0.529390402522039	0.27431596285065
-1.2634408152909	0.823692581744566
1.26582851553524	0.90355687596022
0.327389043877124	0.192843230746251
-0.658695371576751	0.314774003306815
-0.119162202302392	0.052771015413815
-0.2605830481581	0.0999512446031102
-0.426231921622689	0.174274885678373
1.05016373890464	0.602037855229536
0.299379968968207	0.106447509821458
0.385936085399659	0.19593791662428
-0.0945032483602891	0.0218370726435746
0.0815754896419573	0.0280457643224123
1.24902303755179	1.00326414646306
-1.46838881456181	0.572989903000432
-3.31902457203743	1.23889070538812
0.424948642866886	0.196829063591296
0.869688339014639	0.330345133683594
-0.406479904643263	0.169693003386174
1.60998973726437	0.901994763846919
0.974616552835166	0.437999780547283
0.342000308667835	0.184247593336972
0.493297973445249	0.210285005144929
0.266776236224189	0.132877364106584
-1.90436214780629	0.919088992717046
0.150042567174487	0.0655159367970697
1.26954269375031	0.834161122347731
1.25633060926612	0.937030439424674
2.03019659571145	1.83135242790933
-0.0352375505783586	0.0122753424606975
0.907201846148144	0.568291864679466
-0.42212594895924	0.174556023146324
-2.02054702904827	1.03140358559397
1.70151956198082	0.804600781566675
0.329414764622806	0.0965032236713675
0.546465924658674	0.128383503124171
1.87693466126903	0.595647178734079
0.579131539909646	0.397264384827228
0.693221021127063	0.583841528476964
0.558687036481556	0.428062836014686
0.126299399659918	0.0812555614955667
-0.29202388380712	0.21495799934301
-0.808781293376781	0.851208063938959
-0.325194123931136	0.223460741423835
0.218463087716461	0.147776667388431
-0.277575814169237	0.189103009967233
0.00918890126883709	0.00572143165489847
-0.51077895018229	0.417411200903731
0.76162693953976	0.712529160387447
0.129738441044425	0.0649634813751345
-0.0204074792902285	0.0115947440012285
0.426357100134455	0.200362131665641
-0.0585991661943497	0.0281878015125719
-0.669838668553418	0.565027123382185
-0.988698263780476	0.718025266412418
-0.559782555250294	0.405401490483372
-0.548130210931904	0.39874773685115
-0.936894929256611	0.887090391368135
-3.2328116098236	2.96216344866054
-1.03695945907475	0.817700959280012
-1.39485535599439	1.4077367215951
-0.818006040517533	0.643471062949048
-0.80707724731695	0.787049157539317
0.862863165709066	0.952466970759587
-0.692383885044	0.549222253095486
0.951191360975577	0.811253947262323
-0.201846018640259	0.134746513410144
0.248849767746438	0.12224741246495
0.268071491226958	0.131704711268234
0.597861521329422	0.294898428423586
0.0174801101838826	0.0072810157388249
0.339779987518129	0.195497610365118
0.354995318651303	0.266448311128523
-0.236033773374032	0.145054684046452
-0.363541438069292	0.283003751508148
0.0251252043959334	0.011529291273223
0.141002132172293	0.087669227955731
-0.0388922373909027	0.0245086608253178
0.784308371975705	0.533042710591861
0.491096188964447	0.210275739902497
-0.157743673035948	0.0796387324287405
-0.640670449949665	0.366094532301792
0.290918736824214	0.174124007119294
0.0961417212122479	0.0571618313473584
0.861726817809923	0.769256440640196
0.768121037016566	0.651098152530388
0.482845617422486	0.445259698140155
1.09913434079707	0.903248005387455
0.375616647674773	0.236678799035703
0.788698550080987	0.384176538913846
-0.0956880203520581	0.0431794157906985
-0.224431229302026	0.128288809045088
0.282480577879312	0.129020468048847
0.688582862267116	0.485219735500825
1.08705788497315	0.904139359380396
0.485210787808058	0.199408101937759
0.787235789397423	0.516436089851549
0.237650649493824	0.126985803419312
0.248153391825443	0.120944997320644
1.05462034196935	0.663834193925067
0.0978326759015137	0.0323085081634845
1.01702765162225	0.519214449320694
0.554214921039666	0.201658412630185
-1.20254419873083	0.614802447445054
0.228784312565434	0.121216993365051
0.396077604653389	0.204226750254342
0.133837835193754	0.0642599461547958
0.156413913470072	0.0737336199590241
-0.103259926105989	0.04608387435296
1.07474541351529	0.712287246496344
-0.235756809331476	0.074113881734835
0.403712336740003	0.274509837510583
0.30340141708658	0.124285800056468
-0.0841754941715745	0.0291212554549698
0.277683877428415	0.134828019626837
0.897107420381481	0.561364855077705
0.00300977945299046	0.00117310960192282
-0.936868892141533	0.391918934251782
-0.2456130973075	0.0906059926767589
1.27073146108347	0.759025046083582
-0.020073111862371	0.00785829111622292
0.111846829608963	0.0506753951442699
1.28933434375568	0.752920876280803
-0.797789795119468	0.317868466462071
0.306314613633123	0.107465175890849
-1.46172541227484	0.569166649318351
-0.829990262317023	0.25307982627687
1.28877228750799	0.696855487879142
2.46033842180025	2.07228941589809
1.87273531111775	1.13400808308469
0.618287598850076	0.306047057799816
0.533118005754472	0.279091574390067
0.357819623727775	0.20079871148293
0.743159037698278	0.458715662735601
0.140194270088021	0.0613219662720697
0.76887256917255	0.480471643079056
0.292549665293258	0.134871526651948
1.88531736933437	1.16504945730129
0.546777491357641	0.191090329581054
1.28882031973458	0.509916660884464
1.29045577372635	0.50876744619852
0.556125972708514	0.199826251669215
0.875562112538139	0.333435340872029
0.006699352534895	0.003554710613789
0.0335928421593491	0.021595953980052
0.207939674942511	0.136259139507952
-0.222561239290291	0.138879011781224
0.347751700893961	0.247858044474801
1.25130852196537	1.69642783136633
-1.09073151128711	1.44738311345658
-1.49500121849412	2.33372714771453
0.067014356767374	0.0479440992233176
0.676139617841528	0.638147551867484
0.292702902589258	0.202160343107012
-0.801845493733381	0.494853416937386
-1.43504369493155	1.0201097756288
-0.663373421252538	0.515519136187633
-0.502625838092706	0.49670907030567
-0.558604151996278	0.627717890514458
0.120128380349913	0.076965400753973
-0.251013549120781	0.189093013731015
-1.12418010833438	1.19368018157566
0.0242914036779892	0.0131556072786634
-0.41883649857222	0.291731809956324
-0.233867355820873	0.163693206482199
0.45684471337434	0.38507346045801
-0.675805836642994	0.634622951409234
-0.0544362430655405	0.0299434144958961
0.411223275240163	0.267474808706258
0.0163660234410346	0.0107859626595759
0.237970381513298	0.135383880641167
0.408159456303451	0.315872813232174
0.258069863782235	0.165923741256172
0.39964975429848	0.235769875483136
0.480272508276606	0.271191856114193
0.380532753316939	0.277225167009122
0.437687708111428	0.267885253090485
0.25992160191702	0.128036286462431
0.100046295856814	0.0580287530985038
0.16652689880931	0.0972971821489013
-0.236643313861284	0.134603338294443
0.301902140810069	0.17698730937235
0.254912180162838	0.123796726428223
0.954219632534236	0.666302347524456
0.64929152003118	0.510494141347928
0.563916131029419	0.547137177217338
-0.255409351762033	0.189198289413083
-0.213329581867638	0.166558611469046
0.118030716121341	0.0926090817161276
0.488146608798247	0.472833503362077
0.290594805521147	0.207454212456088
1.06876845404129	1.08982719078239
0.447556123435908	0.264636743985874
0.316340600372589	0.124115915370285
-0.064014480956867	0.0387390804773678
-0.542450699785106	0.276873850159073
0.896275887339808	0.568443699092574
0.0294820328027576	0.0131400808877067
-0.147029630086291	0.0930777602979522
0.234816256680305	0.125178405740644
-0.240270420985764	0.112240555054429
0.275183170231963	0.126093635499792
1.64960299228585	2.01340747378245
1.08816104401092	0.725197370689999
-0.362848983531154	0.202991640849191
0.122075810143424	0.0465048880135666
0.276552824275421	0.168456094049241
0.294251297023269	0.104038669432797
0.321314003400279	0.0911918231138671
-0.398585178953388	0.164139956463024
0.792535949186022	0.388013883663073
0.933880815521998	0.656303672799054
-0.542642863589137	0.241700971476862
0.243691835520121	0.117223179101606
-0.0228288908534494	0.00848874709401592
0.929463093057926	0.720704113043906
1.25438546253591	0.799165278039252
1.50631251682397	1.02157161656051
0.397960735248337	0.174774901481362
-0.260771242325509	0.100357884316154
0.594702478639143	0.349389253556218
0.470885797131785	0.193243047852729
0.081303423929154	0.0266450777658064
0.272806605967709	0.102065815713659
0.0765177380540342	0.0256907473490406
-1.52235545806026	0.904016280542893
0.947994119250613	0.6779794474591
-0.789369300817435	0.313138351779133
2.35257381136877	1.14673400718713
0.285249030074232	0.128603039836815
1.07126592542594	0.750468354075899
2.7431068268247	2.12836934095146
1.84558696400225	1.52881649106466
0.307557418204661	0.0883740859945967
0.0128775487639714	0.00353990912076751
0.278515931654669	0.126024671804586
0.789165431150237	0.540416713270043
-0.895390348360203	0.487152012242032
0.412636955240432	0.235166899646717
0.304793237211905	0.12419202933931
0.819780356937043	0.596305190525543
0.798700591284211	0.529791905589205
-0.0964337092530264	0.0336099748209069
1.02784096196902	0.52337544989634
1.28459367745435	0.699077218833864
0.870364730008976	0.335477467606884
2.70185608817789	1.51439027814878
0.8712862784312	0.334660303959563
2.3373103528951	1.45126958835512
2.31728929826719	1.47034988732485
0.634617100330924	0.472684166362821
-0.150572844257404	0.101449784737806
0.629520075818278	0.398244969403086
-0.219187773675746	0.144809276402817
-0.386730062835762	0.262325264746218
0.271994802655578	0.191736731304705
0.331822181498782	0.314564543245058
-0.15536928014698	0.102827309818144
-1.28643464565411	1.20344036729
0.542472999336974	0.406869073498218
-0.0693863976584072	0.0353592554159134
1.27444727274152	0.880641225643803
0.471743801048218	0.266046802102773
0.127822172405954	0.0668816546337586
0.386912994496406	0.252371728486355
-0.063215593724646	0.034944563892906
0.00786991899802074	0.00450939533304014
-0.535650547056812	0.43147047164787
-1.40527802682341	1.63543193256834
-1.34612821659717	1.13926765448074
-0.792947466841362	0.391433244627701
0.236315061910665	0.152617322306412
-0.0549535267675616	0.0299207633907207
1.23094926289168	1.1260200163181
-0.349469794768279	0.207657398694328
-1.97071949443661	1.4159498172543
0.510301512874355	0.362652064876375
-0.257254016770984	0.175024337131068
0.957953515278535	0.781096996498802
0.671910965800257	0.443590571650369
0.786684666937716	0.537969914053293
0.567037248018913	0.370545974801857
0.346828247125679	0.232153379644001
0.351159076496289	0.19401233403222
0.523653999221547	0.279705814037156
0.397569863484137	0.228212176702722
0.0194050044072702	0.00794751034323656
-0.36705046544489	0.203434842149875
-1.10360969018761	0.658413915269062
-0.00516850253593515	0.00242044052578174
-0.442156068866059	0.150619330273512
0.455236272049261	0.294696754783588
0.304204155968535	0.180060374466491
1.0574387737699	0.628186096513886
1.07910417189575	0.826510256706951
0.151992873958435	0.0777687356734569
-0.683081886576566	0.429868255611457
0.424683787491866	0.262563006448884
-0.231492984305961	0.138646962436309
0.135002199216937	0.0929136472023674
0.431152815578847	0.202584577747841
0.338355750426966	0.186076237420733
0.467686926808274	0.264031421252761
0.436958568718669	0.207480869876781
-0.418610351794245	0.204156887830324
1.21920707503579	1.16450651437846
-1.51724654075391	0.893682840498152
-0.795920511962619	0.405006592888984
1.44068330627494	1.01062295522277
0.537210092467969	0.416867873631943
1.07409469234819	0.923840435542209
-0.125018355296728	0.0544253854390834
-0.624632230342061	0.342663669688602
1.09280701845877	0.846380588372754
-0.534583062109973	0.348941302108021
-1.62057757666912	0.687795280757092
-1.07914244532363	0.35798870585013
0.289976178567674	0.130394533439237
0.161528843893263	0.0675057138331521
0.675147776234886	0.440029893071382
-0.232566859661112	0.0712241383959986
0.86333879271967	0.502224949069298
0.795287277579156	0.385681016688717
0.601137718188031	0.406127270730682
-2.01846110125384	1.03376031778214
0.196125732765671	0.108332951705387
-0.440696868869531	0.172668401874675
-0.0986080312002591	0.044212707350773
-0.410210572786002	0.167330720725409
-1.63149555660992	0.687752788075338
-0.091389371216965	0.0317022617675207
1.28626866786196	0.614354404413717
1.29106476388939	0.676765783068267
0.387694030620071	0.200933902654524
0.315945934785973	0.0892579766421807
0.962915964114766	0.4231994361848
1.70957374847133	0.827097648349801
0.803426053154089	0.397156506703622
-1.2875447384838	0.470541975502241
-0.0469729502355728	0.0170844894475425
-1.08043456838936	0.361340664763697
0.377841788973134	0.242767152106366
0.802878310877515	0.402030576466522
-0.0904035927325654	0.0387745021131032
0.381754576092143	0.194369921422941
0.250778430423851	0.108526532984094
0.546184902082897	0.195615351420537
0.877056025692956	0.341417439858904
1.29501353742001	0.519595491969007
1.53985900168947	0.945212132198279
1.87693466126903	0.595647178734079
1.28349227156136	0.583494997077541
-0.156459627001601	0.0820160356575191
-0.987396757181794	0.751536559581208
-0.476870494317252	0.351971748295101
-0.305109304219717	0.233505674139444
0.207531637174282	0.12437519790646
-0.0826961023020003	0.0519971328468306
0.295567296621914	0.213327543274834
-0.0597756641433145	0.0407995426161242
0.0779853718543124	0.0471799918543095
0.307581613836256	0.221085096852053
-0.0666149934493581	0.0444375903072711
-0.350177116401822	0.23533867176088
-0.421546013132471	0.294703664325831
-0.457710991737721	0.309380149799709
-0.559824430065537	0.403770249449047
-0.0615819370522555	0.036052614888347
-0.499945343174648	0.349831586884374
-1.33898582808707	1.07049913670963
0.075913535168095	0.0431527046941986
-0.932368733779799	0.693512423339211
0.136399440872414	0.0848860544682958
-0.239490783050013	0.139786741071551
-0.975505412244534	0.746605931751906
0.620770855316564	0.304444472718366
0.686892104496752	0.471922698250025
-0.100128880540264	0.0659913696076426
0.571197530605045	0.386381684261223
-0.869269611131785	0.701864017616071
0.337323737711571	0.186226188292231
0.130103651326685	0.0677279433053978
0.366689231128356	0.22637230720439
0.192654542912587	0.107675878499781
0.973237342795807	0.925916062296462
0.354745132178964	0.19309963381143
-0.0022527573083484	0.000946100689215188
0.123051616831524	0.0746238969665836
1.21035202868975	0.969503215428705
0.693571039807385	0.453040780799694
0.349255535878956	0.224377777343385
0.00716948841993713	0.00372540791085261
-0.347210766671992	0.196616751731036
-0.310131352204343	0.185887473189842
0.291167293450604	0.166828238208936
-0.559270674923849	0.49889325888559
0.149877408429904	0.0816511092602503
-0.15190758192307	0.0946102131936087
0.0375307461602535	0.0188123630917446
0.451002687126154	0.285847801286625
0.267305343347236	0.202073731755811
1.09180171294836	0.77387290864814
1.06402736241902	0.608944874649081
-0.49774846602369	0.280497241564057
-0.310649264400241	0.158467834219446
0.108133357619498	0.062907313272759
-0.371276937114559	0.234343265883502
-0.105283674850446	0.049405009297055
0.848588253252587	0.779418005542611
0.346650745365184	0.21281868511435
-0.0715194076771875	0.0389898960268972
-0.388480580819336	0.186999328223514
0.343440127172979	0.187489023670031
-0.904561393788318	0.486548345152892
-0.442732489468125	0.236909150280334
-0.408660148361339	0.192981200030243
-3.10696373587064	1.03536570265388
0.673827425705078	0.353997580819304
-1.34422912727038	0.925942212203634
0.544313870084189	0.345271505855758
-1.19312027330122	0.596610103126649
-0.667970339262517	0.438577116003518
-2.02483682556406	1.5375189070964
0.863949262825687	0.491332051606713
0.681086725149312	0.381193559264816
-1.40748871427648	0.755780505051897
-0.525509105134943	0.344950780848715
-0.447141212503182	0.156601589905302
0.309185542425297	0.0884875854605473
0.880088006913954	0.332071169795692
0.0853757825399321	0.0294641077864874
0.731078306330062	0.439170516456382
1.93961424406146	0.785601693422132
0.114816596923254	0.044585858677992
1.29063321917015	0.76791565087363
-0.559746322911627	0.237339015181246
0.274518520501136	0.137357130953099
1.88376623227743	1.20776087233883
0.484957713184104	0.315875682281623
0.620770855316564	0.304444472718366
1.28926465203234	0.697667731226766
0.28889828179369	0.204871408234215
0.208843582408926	0.12176165219083
-0.28574570598818	0.198933251558804
1.09473051979525	1.03352526224097
0.87783138039162	0.869888238107233
0.133528192488676	0.0812117142067954
-0.231296779667601	0.149057188212601
-0.532811671972266	0.442775876742271
0.54653679937166	0.407311363652007
-1.95131033818128	1.95140628168983
-0.235606338933892	0.12247043540263
-0.295896893996105	0.188945763537756
0.0723241178823577	0.0435293532737442
-1.33441467242408	1.08533037757476
-0.88732580563156	0.734053161885386
-1.92047777434496	1.69691999021829
-1.22893495368394	0.906164047484001
0.0239428042852112	0.0112755441006026
0.93800910958338	0.887306295767749
1.38533716875023	1.28999998914359
-0.289555028310091	0.130293994760135
0.294746459936798	0.179576545255962
0.110132380191534	0.0611028135668142
-0.502689702164952	0.408311717235035
-0.804083270823412	0.619630404770889
0.131376613818184	0.0520065777214151
-1.10908089149743	0.772825604594844
-0.847845097274979	0.575638075704716
0.140122993643763	0.0753494363254261
0.588962437215049	0.405696926099094
1.70055893149843	1.32828243489892
-0.767121836899482	0.512158777814375
0.692273747957569	0.383312386617245
0.286447199816843	0.197591246598355
-0.266922403809121	0.142064947512329
-0.587806177455482	0.388503634542964
1.97729837536809	1.56042455327711
-0.0941394631767855	0.0409501307516898
0.279154802626468	0.125384249534839
0.776444120469604	0.514499944790706
-0.594339415899621	0.393549667445356
0.123080037231079	0.0788656160870136
-0.0723931408947724	0.0439345070521715
-0.0234647347791413	0.0161887390216583
0.968057579994141	0.836197909540435
0.671280611210257	0.514869023614527
0.604480024345859	0.30190355490672
-0.796065644391962	0.412200243572701
-0.88703018923508	0.565765300458457
-1.51119076883026	0.891720401397871
-0.420260883642666	0.200326728405755
0.148247160036763	0.0699367745721528
-0.9727075591961	0.634203884877262
-0.432698741239859	0.257795785445783
0.420739329690415	0.26089583248448
0.109692865323889	0.0417590705780856
-0.251942150690208	0.118948512179004
-0.524454155683355	0.258349371898093
0.129332805946823	0.0513290012799519
-0.50733168310472	0.28817466271812
0.149081071299874	0.065689143069228
0.120758605213508	0.0466219101664488
-0.509989614243599	0.249501755388328
-0.417749450503501	0.229823743775499
-0.28451300008409	0.12793873746084
-0.182943555583791	0.0923175485591123
0.696884157034937	0.516898674059305
-0.933427686649141	0.399961864688937
0.685921657646337	0.47149602400612
0.313792592074321	0.109239055013965
-0.423380859535779	0.202047049083547
0.854293141614521	0.473344621027157
-0.279397666331255	0.123368331493582
-0.166714920678178	0.0668416384041408
-0.449694814311162	0.15358882801764
-0.00387347522271706	0.000400097398346734
-0.250438360879019	0.0775638663008411
1.28058697224881	0.702744820711046
-0.256505619180509	0.0785950695045466
1.77925596425871	1.24872238079851
-0.686884758799729	0.330361744082908
0.870406724906414	0.49901868073301
0.851010654094705	0.74902105950495
-0.222299212168136	0.134135576813068
-0.0945740566535039	0.0435051991217746
0.758556596661073	0.620928066540818
-0.283244873746731	0.142908011203762
0.163276012507729	0.0932827106587953
0.228304143000655	0.129255394309811
-0.0514079605718799	0.02604566036358
0.0896500720376237	0.0298385754204081
0.440662974951267	0.283316703596735
0.149373431385318	0.0711504093007372
0.895085598961251	0.559472026790577
-0.372657788313365	0.235146525554546
-0.421536690251561	0.257831065520218
-0.449561780887249	0.259631677852201
-0.0686559141455517	0.0355284200102365
0.650523225426179	0.429000710709494
0.387833337304058	0.199540254020638
-1.50917233135383	1.13783392346809
-1.78945304123182	1.22477886753473
0.763826767170974	0.455348476055819
1.76901888192039	1.5981746743142
0.228075571153578	0.142802717969285
0.0146063510438416	0.00602194803100879
0.125797850757633	0.0494397639864758
-0.499712341091312	0.288009753080945
0.143832813768584	0.0750420554996359
-0.139090149110477	0.0816400693864317
1.08347181842957	0.697458503525478
-3.96999321779901	1.67987909935775
-0.0947083419750492	0.0456702907230936
0.340143577934165	0.229293831643987
-0.0179608646061214	0.00695554805442409
-0.209418493073436	0.118170863711285
0.520731513272152	0.27106327902043
1.01937619129722	0.523596697529484
-1.7815421908532	1.1401112296974
-0.0132229913567308	0.00522243208615114
0.00407437830347084	0.00187587369034893
0.14243597209082	0.0655197389326342
0.130447276309151	0.0516862792962046
0.419208585851984	0.2547587977612
-0.310438380096005	0.156961239693448
-0.427979907805141	0.252471982496654
0.900573817323206	0.572209154520448
0.617871889611169	0.304466816808193
1.99642434699897	1.86031845793653
-0.750689622330061	0.493245476654128
0.690821834080381	0.373779282267218
-0.531746730288929	0.267255509730021
-0.14497832184991	0.0812439311426796
-0.0155299412641974	0.00836027693341419
1.36424567956416	1.21026622175713
0.633290909409994	0.467703080406051
1.27901617570608	0.885583500236083
1.42007022438439	1.11876859922589
0.414481186720989	0.249331314537997
0.0260241445408207	0.0105942945400156
-0.937090623097073	0.395132194956295
-1.70515754682835	1.06677322822045
-0.616621825135452	0.33169639027288
0.262617516279338	0.127135632093177
0.68067723632295	0.361957748582639
-0.0584626703291223	0.0284107880192645
-0.458464353123078	0.158103272835044
-2.01503190781148	1.01763391996702
-1.38250936278202	0.367021552852188
0.548332676093981	0.128537566389422
0.0119936048600317	0.003337070239106
0.863912375629767	0.448927755422932
1.25068720769944	0.960343385586296
-0.676793714353189	0.315471945000217
-1.9368223644052	0.844403851245983
-1.63809934293329	0.689168165658058
0.601753056948174	0.285846918060519
0.878050861512608	0.328354002896354
0.666605140777996	0.351287473753823
-2.32065111537767	1.3278431204237
-3.68121360049036	1.50160480915984
-1.46880813033085	0.584120844859485
0.703021304091148	0.316121037117395
-0.0945032483602891	0.0218370726435746
0.0838513479947571	0.028220791599455
1.53894289918392	0.929041560103648
-3.5302866429875	1.29919441662611
1.37981396507491	0.447741419807757
0.286431790458485	0.130759888058945
0.313393170590093	0.108113903734008
1.03209581328458	0.533923625018304
0.741703403287808	0.227480384928699
0.101990228359528	0.0336590195883447
0.42390638120189	0.252607946614336
0.560183131105454	0.447180763472757
0.358682619113227	0.252708232562377
0.244992774010215	0.184833521260932
0.0126886595753325	0.00597267132906726
0.341002497039435	0.169765095939241
0.734403903096725	0.607964047110118
0.155218571327795	0.0669111488254108
0.610519008277427	0.289360934026138
-0.1141622314203	0.0641402072349429
-0.25759787463704	0.137629171808126
-0.579664369494046	0.408638973391672
-0.526748584051601	0.256124527500276
-1.72937135193629	1.49553608137435
-0.22169501969892	0.145058848817156
0.11036635121691	0.064239633508322
-1.35008604774957	1.27081908883222
0.59139868669978	0.344811113607533
-0.0239203500156795	0.0149373139779808
-1.46555585199192	1.47189935213114
-0.67644403712689	0.437230612254724
-0.881897508909165	0.57181735668508
0.470031988204241	0.268545226884947
-0.330114082812041	0.151110476497528
1.06480360440528	0.620543390308774
0.714488411885006	0.318510675213824
-0.0557433327376478	0.027733992275358
-0.165076558234843	0.08492917332141
-0.7167361161666	0.420514130978367
0.192316409772051	0.110171797211409
0.609528388093951	0.36148638599773
0.264464697513612	0.129611530764383
0.539834784994946	0.288689353346867
0.121980942218198	0.0620629060196006
0.00459722938631497	0.00208950962945942
0.689446451961309	0.476615982100527
0.231925423873228	0.108186476152159
-1.7070538139123	1.08884215211102
0.262931954189034	0.130885087373967
0.43883540669402	0.202190331573616
0.584555361625914	0.327143992409944
0.540331525728656	0.409692410728973
-0.911538112561824	0.586667342862391
0.781367153624656	0.522692976084615
-0.897566201207203	0.662517083024166
0.817212337932758	0.613197163539861
0.570114845859443	0.386353267746019
0.296419129590046	0.134563738189138
0.956765991065346	0.430301205466188
0.81442376783854	0.39674598911325
-0.806882021087613	0.477841284707572
-0.240793659335715	0.168899030558047
-0.662659321353023	0.472680667409866
0.437504258998859	0.303999824198131
0.251496392434838	0.189767216236514
0.277585562925485	0.138375046920048
0.618865394977724	0.454557122242896
0.27819084410671	0.124211426690087
1.0673841636578	0.613291686463669
-0.759582480033202	0.518031178379908
-0.101809817589821	0.0452269554187701
-1.12723744655588	0.84194407243887
0.676712244273778	0.368996810745854
0.853934165771988	0.474704130137656
-0.307616935622582	0.133587182474729
-0.788605877934119	0.328191620139746
-0.539742614580178	0.235943826914046
0.47432592927476	0.193601950542219
-0.111938491733419	0.0372909225363563
0.403494326757817	0.198987599133838
0.0808995362648751	0.0276799127112254
1.09040639262356	0.707875120111299
0.292282249930473	0.103875479282708
0.221941510864064	0.117999331410487
0.692503979280291	0.36887563226995
0.29218595017699	0.134353895233821
0.834336941305713	0.709597588856526
-0.401928496829565	0.192425963234886
-0.0330894775620694	0.0124007520864534
0.234508122360991	0.123825725516675
-0.414973682477896	0.168473234539411
-0.407395042162143	0.168997479583568
0.1203681065349	0.0472936040643911
1.95085343052134	1.48480627751695
0.306383246299538	0.122958665205521
-3.31219836079853	1.21229419336227
-0.257237529869266	0.0909824125174674
-0.794968820062536	0.320090265875191
2.3127687515139	1.47671357057532
1.29164578363864	0.597680781631593
1.71989400508539	0.790579618268723
1.27784659979129	0.574120535796501
1.28639988055704	0.59764223297256
1.28753949201833	0.677755111914162
0.0138548737289404	0.00745946695257424
0.0691391901563415	0.0477728979328967
1.04980494433124	1.09015076781195
0.971525978838916	0.794903738524327
0.168120033364547	0.0974413210656834
-0.281453740245409	0.122173231040619
1.42749345498442	1.12657503366697
0.665915516163432	0.57106628683023
-0.100266212255298	0.0475937638261635
0.970919026368038	0.774652708230934
-0.0821379208039728	0.0415612737257961
-1.4879814150408	1.35244024355461
-0.723374128418298	0.413409813274671
-0.365167312187162	0.20406642012103
-0.517341505647446	0.453147365675035
-1.43456568132414	1.07116514714897
-0.950017549972024	0.873194047142846
-1.38046108753564	1.12378447368872
-0.507651793181022	0.334078062712837
-0.52004550369423	0.345486746528529
0.0463624671485007	0.0284719011848492
-0.539104878502509	0.237979954409819
-0.110521976561476	0.0628041451839883
0.146832837030398	0.0810493715807356
0.212503543123629	0.126996578863937
0.032692384834825	0.016295036589566
1.34250442997476	1.20399507326819
-0.333497962578672	0.207680508020267
-1.09984771220807	0.682248178480366
0.135295473180324	0.0591887881343168
-0.159148493924798	0.0957551584512639
-0.341654307256725	0.198036272550554
-1.16492137213537	0.834107020631812
-0.16086276021424	0.0683264719483696
-0.697758203685466	0.396037768831586
0.280581826699275	0.112727121093719
0.0192223729586522	0.00793515243734144
-0.531391139384176	0.272870235690338
0.316524289567055	0.184357597785618
-1.14383215270834	0.858030763509358
0.539236178113991	0.287431022826191
-0.719457474980731	0.469787995326788
1.02580423428787	1.15543924898108
-0.692005705771027	0.297668738657466
-0.897659191157246	0.572063579473668
0.544433599779075	0.340216399745476
-0.414676232071255	0.220865330650064
0.827927925147592	0.571971536602888
-0.959700909698358	0.791677003541525
0.193942132934885	0.105555499917725
0.428944941625834	0.354756984208878
0.0548019999382703	0.0353423170597533
0.232452171777505	0.122186926834031
0.669836204612675	0.366117869665491
0.740018445203133	0.436909051665283
0.498815987055724	0.305354178106212
-0.250403693456696	0.132652394028028
1.08367290351329	0.753752472704353
0.0256631902973059	0.0118633765564673
-0.414733777828105	0.231864760159753
-0.313890166550706	0.156941984470697
-0.0974027447760817	0.0340510504694275
-1.61704177636448	0.688879454024264
0.955991317115208	0.435785240388872
0.41955858316278	0.191507815709611
-0.0270820474059715	0.0104207420689281
0.53316688389248	0.281210727741108
-0.0745016485520681	0.0355864948874476
0.0265841309459456	0.0122943342534673
-0.669140907114981	0.321700473077181
0.973676770535679	0.441122816731194
-0.629880985156022	0.317581190355516
0.303961634310814	0.109519051189371
-0.180131979105106	0.0726713876890914
-0.638780320132522	0.239756033006214
-0.085848089221309	0.0295048806992122
-1.42448229795918	0.796864166400512
0.555335330454088	0.204846342829437
-0.282198516773559	0.123813516604964
-0.0291818354696786	0.0107286939677045
0.307559308390262	0.106687814060678
1.28122724616256	0.877331324287088
-0.237990269614471	0.0721732386020682
-0.238737053888655	0.0747430206022402
0.308695712500692	0.110129111780495
0.562721254126936	0.208189832473217
-1.46398655246063	0.575847622541843
-0.000758350045579922	0.000343562556853907
1.01473774816789	0.518329739669798
1.28558658754483	0.783542688066125
1.62041057327262	0.899276382179975
0.125151570864015	0.0653597502120116
-0.0148596519764295	0.00927960493283862
0.0668212003043225	0.0400009439270004
0.53536775788237	0.323032050258168
-0.409083233810405	0.195889714415042
0.683572463662485	0.380811296107641
0.323563514281438	0.184684345947611
0.846354130249884	0.640968227225096
-0.248667958382164	0.112890541570913
-1.37565771128213	1.10826904199174
0.265523566696125	0.132397766715395
-0.430652800475168	0.254855634247832
-0.320538160001157	0.194597183837212
-1.24109414694555	0.905606198372976
-0.810897775044792	0.504800371249042
1.33863055102054	1.30966302914079
-0.436995967206502	0.307800441517485
-0.129751798926779	0.069997793658004
0.0331246542437641	0.0146079857042802
1.02780040135035	0.538321860527478
-2.24829350692426	1.23142852361437
-0.234314205644673	0.110426727524759
-1.89375247771371	1.33061219101336
-0.736445255690635	0.423293531993275
-0.419286553996619	0.220923570109653
-0.981432384236314	0.68348587627595
-0.673195314932544	0.325541855215252
-1.69600154070353	1.09432994566819
0.532155100382627	0.270052780157423
-0.0153966354223142	0.005885116691995
-0.0156854130491186	0.00620976089082264
-0.0865667382458122	0.0415402113675713
-0.43128152548436	0.252290924376452
0.543508863917342	0.450955287017414
0.196931620068972	0.109162134546341
-0.0127085219490536	0.0071076941479647
-0.285704609464468	0.127511383314318
0.234621446546384	0.174724604933993
-1.13354320532598	1.18684892763336
0.0105789899829665	0.00457016470955862
0.930549672820161	0.658501329709155
-0.413129286892915	0.201847068997732
-1.50408729463586	0.833254437782597
0.423071614468601	0.29492967493272
0.942848192610072	0.911856316054003
0.644131752174322	0.413303758295146
0.541531145564844	0.346547096966602
0.224380270080791	0.140630797398173
0.223379757263699	0.17337793636044
0.144701378388983	0.0638236673504169
0.399817412269318	0.203372712227272
-0.941304887060376	0.414417388013849
-0.787677240756539	0.315776865396873
-0.08698664488375	0.0307314824627617
-1.73326780943444	1.10619017712571
0.536022303311078	0.287127686799979
-0.434590477388071	0.237956466133127
0.279197395115847	0.109765024307101
-0.323746037972452	0.210530659023453
0.026662420064232	0.0107553788225914
-0.452976156573633	0.157185256305042
-0.101789050479357	0.022868379633766
0.305086736050013	0.110103147221894
-0.104798840632463	0.0347800677982455
-3.6922071648609	1.3729207790984
1.2723133299108	0.85226518968261
0.688662418348114	0.372948527644385
-0.243497103671468	0.112220467088728
-0.152338313228162	0.0632197408436153
1.28554411495368	0.600973184701413
-0.896691710586081	0.492971725668036
0.84741543849922	0.460776825083339
0.251599986462365	0.12444163314582
-1.77266534576809	0.802391823723131
-0.236516139800868	0.0742890111474493
-0.407772054667964	0.167349892409629
1.85899066291307	1.46233911934606
0.323705695530232	0.095444827266487
0.117942913401249	0.0465741232404185
-1.29440944611051	0.468518573990154
-0.453384214128714	0.157985460591412
0.282140953984206	0.109906240110789
0.556073696184275	0.204808240002599
-0.813759927438212	0.385621810211951
0.300509850473933	0.107017194790929
0.558866974170831	0.200920695682819
0.290723905808526	0.114431208362223
0.103638013935113	0.0697409992251921
1.10953725506989	1.27752170665656
0.108179474545344	0.0680321282674109
-0.253055559971284	0.176524543217966
0.413486203027328	0.28560514788654
0.0562119716217263	0.0331857205295073
-0.420169552121915	0.375308912796938
0.000825166235328206	0.000915594811191837
-0.243470212575297	0.223800770705373
-0.920527195500351	1.25061442880552
0.0325512205674153	0.0229106122133637
0.113085087768172	0.096396425086701
-0.182844718385293	0.0907993035377029
-0.149307538374554	0.108521802693914
-0.0681616127728271	0.0323071836502188
-0.198583314866776	0.137803685838583
-0.187162969596855	0.134259958280663
0.491046181577503	0.357422712228735
-1.30261271389565	1.37818608165952
0.351763420346603	0.197944049952222
-0.800963290873956	0.620776519611594
-0.681865015911435	0.436326326220277
-0.444848211017465	0.29707403517158
-0.0713275241916653	0.0342090445791079
-0.835726721091708	0.491671146275746
-0.883815396938589	0.469303061169013
0.139295058458193	0.0804494725193558
0.128390499430463	0.0711276874424153
-0.351774293271342	0.25639943451378
0.386060480626188	0.295981405417107
-0.180986126955592	0.142491643814105
0.237136859511696	0.168398502015567
-0.294354031585421	0.206706585402331
-0.165424072776677	0.0856635726939141
0.436261182119682	0.369263226367046
0.917433772493279	1.02811862077222
0.274007711255288	0.168080660521826
0.128837612873309	0.0794737378702037
0.0555406323685418	0.0379884491050413
0.735452881036377	0.595147555800155
-0.423755171288554	0.368132334826325
-0.00595161619950408	0.00382313721847722
-1.23564705084544	1.66572512673263
-0.175690570440501	0.0886342956149918
1.09290658908579	0.882514564870874
0.392009174599808	0.304518056551805
-0.14471119899325	0.071477583072704
0.268486453871465	0.200033747058052
0.0674286155348639	0.0521291778176465
0.0366697294882737	0.019524975555851
0.0163739415734312	0.0107842026193327
0.379715859710323	0.300199142029883
0.460440976437907	0.342988390096695
1.72959347525519	2.19865657389877
0.0866900093640874	0.0498448167380889
-0.541379925869653	0.24027179755495
1.85740551362802	1.54366612569767
-0.169014248305795	0.0867554807782097
-0.0113729245163093	0.00608769220754705
0.0316558685271473	0.018836045855947
-0.393440053115525	0.252128719602516
0.309776780351394	0.228533326592553
-0.708355093438442	0.627319888426431
-0.158044327755186	0.0654181423418906
-0.624495797860466	0.236471056247116
-0.104135737484718	0.0481381786523496
0.446910586712347	0.316653004857469
0.319557954116506	0.190826822124147
-0.89789627177788	0.475958278039619
0.546805099624316	0.441985451045467
0.579585463499973	0.408534024193369
1.10594152595968	0.853774670262422
0.362396973866364	0.19804509077058
0.427461263407555	0.258862132487936
0.62337186452029	0.362730736298693
-0.565411646096056	0.243791329320723
-0.814382271181036	0.319738224285073
0.141303620268774	0.0672821112047353
0.610705975294094	0.296489334570473
0.285690061616452	0.130953956545433
1.10527109931457	0.763164791852365
-1.15525361856067	0.875235332877748
0.550145054280928	0.34295418076279
1.27921719367626	0.672848217945729
0.276611680200951	0.200407572195658
-0.707879576105484	0.500312932188746
0.303060386593334	0.207121447884866
0.552707709366836	0.426829256507885
-0.0934256207489104	0.0434506355720971
0.932221740359036	0.720942718438225
0.291264968911606	0.197970523067401
0.332095137800529	0.221477450939275
-0.0125000912625299	0.00719895061925332
0.248151219357803	0.161187044442197
-0.253437388487904	0.191716686120491
-0.228603526888352	0.182276029666122
0.415301593056458	0.294975922721236
0.84704731365255	0.707478754236702
-0.643451914795769	0.553383559177283
-0.053151167863692	0.0288424659028572
0.308504197398226	0.177568302201613
1.08105412089506	0.817015159705038
-0.0671184514346135	0.0388498128289146
0.133386700362411	0.0687401361621565
-0.0669904151326266	0.0368527438656241
0.631228249122671	0.498580024532093
0.2132622930539	0.121941690261202
-0.227811711607402	0.109786472293052
-0.490321470716746	0.27919206497821
0.0904718791797428	0.0289458277812999
0.724556007476574	0.551522479803825
-0.48677148989313	0.297699669344729
-1.18414033192129	0.583476307861555
0.271848325908679	0.120403385276343
0.940715261017682	0.684673913200522
-1.18545164894656	0.751038115306463
-0.0774121190314355	0.0393712479533725
0.803899410480698	0.580791369961665
-0.589378714512749	0.481014135654723
-0.612758586126402	0.555027213963375
-0.491940563179706	0.379904423169104
-1.07200004302391	1.03629990862275
-0.214519016382961	0.12048231215308
0.135910065207944	0.0542623937019089
-0.215860378388516	0.105518020336288
0.648395378255055	0.39914518573973
-0.159715625889828	0.0997241388836045
0.0857194052747311	0.0484755696102782
0.311572864514149	0.217144091801221
0.224060071674796	0.12548977544307
-0.34175708818321	0.173160515920598
1.61782859528243	0.902142439023213
0.296139292671551	0.135556007826454
0.848197615540301	0.703818136256854
0.746154112298311	0.652273973449309
0.0311747601367282	0.0192410970316342
0.0638403837754828	0.0369544048200538
-0.652734291650989	0.531437307037429
0.121451962408543	0.0897402013420372
-0.242142349065166	0.146330279543963
0.861181474531455	0.780642347531338
-0.37771330311682	0.239969083482166
0.618894323194983	0.464237739938686
-1.50839331662198	1.13265669823932
1.07494290968469	0.809227869971547
0.114436664176077	0.05815942632713
0.453770237257016	0.293362700240249
-0.520069093469015	0.296406834384769
-0.0689081274676179	0.036959377970498
-0.0844135472899792	0.0426371429434692
-0.7477134222524	0.570114437802137
-0.513424823702833	0.291215622669047
-3.32210621443406	1.20057228416852
-0.636340845998763	0.337436503467842
-0.103324297958767	0.0462341555691946
0.43211444205558	0.206106946019735
0.542072932221386	0.28571278656285
0.952223883522956	0.695369362089696
1.08039646628623	0.69656441022516
-0.0391261861525432	0.0143794418869578
0.0272456481206675	0.0112534955630532
-1.31488109335384	0.711038105396837
0.867873309770788	0.494367435526857
-0.794969054737766	0.392167818364116
-0.62921076414962	0.237178496883817
0.239745280430853	0.126068672855373
0.785691177870085	0.377923301195797
-0.0967018769359183	0.033118325315731
1.00999181908709	0.513369321952439
0.881160398034224	0.334604102006826
0.288492887773143	0.115453788643049
0.280253933431646	0.230948729257191
-0.343171826901315	0.250978810398393
0.266160609919055	0.241647210413446
-0.215132794043431	0.17678595775452
0.846349726099043	0.946904710292111
0.350398215384246	0.292301072154354
-0.758816122390422	0.580139723609361
-0.403448371960754	0.258931569623596
-0.443302590117862	0.270553853510843
-0.165418175126069	0.100808727592916
0.647009858956253	0.504282010395906
0.240056798082718	0.153071583390238
0.146549138645694	0.101886906786763
-0.901378501077707	0.87899118376267
-0.701968318998316	0.454918824218359
0.770852878374479	0.697617513429689
-0.262099275908388	0.173335473661925
1.79332690980138	2.1999231605274
0.33680953011401	0.2326251853948
0.595712292194058	0.434159642357394
-0.371218911364785	0.212394081876563
-0.0572450059306095	0.0430278290964447
0.407576667795002	0.431321107532583
-0.00189738805515856	0.00149782430869845
-0.247822835590626	0.133682386050974
0.261102076596512	0.170627027191401
0.209458518398536	0.129802758678929
0.00831970438857877	0.00451267634622559
-0.647977340932008	0.461274920765593
-0.179529470736158	0.0886901959980944
1.07096033149667	0.691262731640903
0.513729815620357	0.25829470907755
-1.02388271522917	0.624018176279944
0.680535719572727	0.473047281128215
-0.327311983474459	0.169449030926263
-1.00078430094826	0.748538235214962
0.291779726868725	0.216343822983219
-0.324473453205238	0.208275954780834
-0.51611061098679	0.457079279087804
-0.602061218685139	0.516151979617661
-0.36645023568775	0.311318177304468
0.00133787272922626	0.000581110683543438
0.930074087140056	1.31121287511823
0.327152568976626	0.261327466160079
0.732229688920799	0.720675457664753
0.151119767394182	0.0867610177264101
0.864449863197571	0.789105205820436
0.146406928983007	0.103957298534307
0.0501252343168483	0.0335280967605986
1.08439056986864	1.00292870317134
0.51366444233372	0.287880657822748
0.86600647942583	0.489627457339599
0.299632841356003	0.177521673916346
-0.034663902242901	0.0187641025570436
0.84348581796086	0.804230875911955
-0.626559822920148	0.641915776147454
-0.0284561542780402	0.0174289844469909
-0.104642888174202	0.0689960460455448
0.51591186000977	0.512706351466884
0.146669450071291	0.107469202983402
0.755556775413832	0.695584034845252
0.634306820960727	0.466763573842779
-0.152400911107246	0.0859255659549589
-0.817943381662957	0.574809511002292
0.305938316468596	0.222924079157694
-0.227390126297248	0.14288168341795
-1.29045731269974	0.647691974944935
-0.0417701655817109	0.0234595410575308
0.315780482155699	0.212259458188628
0.440045479353021	0.209180027199983
0.0140432923210534	0.00595746202379572
0.506919948796977	0.362392108357399
0.837004831102079	0.710852782327564
-0.222435487106441	0.125998268672464
0.671616742727587	0.599957666538509
-1.29538237951643	0.818966604442105
0.850254831505295	0.660455977395445
0.524463437278222	0.274978734045898
0.479293769817985	0.270708871705567
0.107943260712443	0.0436970027886212
0.530040048909255	0.276160422402378
1.08429692858539	0.718727441690559
-0.0184952394129127	0.00706155806979139
0.617796870146657	0.304032063553685
0.592863060328624	0.28645841630698
-0.109653933841833	0.0484969583604431
-1.30227777189456	0.697569236638567
0.473634277270913	0.199596016410626
0.859501858144686	0.867766411824875
-0.432395178800135	0.493100557209186
0.529626874676759	0.37953544842542
-0.0850091743340183	0.0531038643581333
-0.132782315689532	0.0950163152295857
0.192420743643465	0.154224065437491
0.0381796073950297	0.0221877069667207
0.558638746048368	0.464967924323434
1.44904330009929	1.16519572926697
-0.874286765223461	0.554145596696715
0.242144206076075	0.157803853603108
0.207103798529105	0.146946138428747
0.030490442593209	0.020469637573367
0.220954285878108	0.127441996835039
1.03511466385292	1.11066269787996
-0.144481761363574	0.0857935139977526
0.732454607070709	0.567385859406198
-1.34222295363649	0.944977254708265
-0.649916676393227	0.348455425322127
0.0164874012393862	0.00688561065633049
0.010588834441479	0.00542495984221487
0.346609275734767	0.246529540261019
-0.0475111169774241	0.0304272598384584
0.374704260144453	0.265758678599676
-0.205241661875482	0.142292798867554
-0.570121971315783	0.384337358774462
-0.403980765995857	0.383577274029083
0.431794576518988	0.261564608963663
-0.691358809119188	0.439840270617914
0.231416007887595	0.159790924503044
0.609956897790096	0.359243353305461
0.405380248490861	0.209748355474984
-0.0261056937357689	0.0100036575407087
-0.163302128892629	0.0882341309825005
-0.326704766829972	0.167258102586009
0.274891654229045	0.124574304848311
-1.20311797845749	0.613840466759113
-0.355599210748883	0.170105253315633
-0.0847118133736166	0.0485512497422743
-0.710423591205715	0.752157031677375
-1.31650377955328	1.2824807630337
-0.598339830370705	0.614721803401528
-0.59797694290537	0.45119461462619
0.00244264496992411	0.00179466557760372
0.537127417252539	0.462877078357002
0.443319165882592	0.337330054535461
0.553159868228942	0.427179503135315
-0.406678530550065	0.278828735421748
0.756574805229831	0.690011674927686
0.100341280464675	0.0583362352026873
0.942480821207909	0.974745334636386
-0.936202144941145	0.846923457312159
-0.444764764815924	0.327411217313375
-0.245598658845548	0.126556742849645
1.27293743737206	0.95091937366562
0.783031194831935	0.521639426418128
-0.448890738612262	0.240050146610623
1.3502146535346	1.29138009201695
0.555580199710114	0.438684524617348
0.339849644622631	0.288531462934483
0.0457046431898387	0.0322875816729064
0.072223340897702	0.0466630326921243
-0.60577766138957	0.46115393841651
-0.0704033013218401	0.0508265414844249
0.301550257562932	0.171843767811904
0.118698262810167	0.0964261832636603
0.0965671242984864	0.0651362734903023
-0.894013607662334	0.886675204528191
-0.0928244576132348	0.0639447364545231
-0.442512604362293	0.290709905967308
-0.0934540649572071	0.0435181713894657
0.769196379991629	0.708774988345564
0.930640282247507	0.65186989352566
0.139625463050909	0.0603220792100512
0.102780153133968	0.0605795500351771
0.47680335100658	0.371696643022866
-0.390260266360318	0.255547010098051
-1.27795436592476	0.460818971366375
0.23006185562278	0.1382411812332
0.213913984489899	0.121067555228722
-0.733920503730694	0.427138103579029
-0.114621731201219	0.0463323430810884
0.938778750333733	0.709698983566369
0.481052907273225	0.206055536336875
0.746950365541093	0.620103254276974
0.90613780153583	0.600162911309401
-0.0971239428783341	0.0343345814651862
1.90475043162232	1.84612161788812
0.791241946147083	0.525715457881342
-0.0106799096573492	0.00383306548519923
0.756846354443182	0.466091126918904
0.489527114824593	0.203857290329838
0.797118939048913	0.399055828765675
1.33074805441489	1.71489015293942
0.224237205342692	0.150816610021631
0.396984317296349	0.342781600825318
-0.423474483473548	0.329457745565716
-0.402932818197578	0.353053419657324
-0.275460925365119	0.174502003006281
0.110100152720627	0.0788047955275477
0.811921734231036	0.892966990336277
0.00436935541464237	0.00257529222492535
0.162376789444191	0.105882297769049
-0.639097332441382	0.490657853588734
-1.33643892735076	0.91081268073459
0.315901962826563	0.187155545225046
0.263612673665039	0.168581436185544
0.159772227592479	0.100182837196713
-0.490596953915172	0.362363213974259
0.0145005719809311	0.00808385553802504
-0.911288386821087	0.897952011872136
0.104468902970457	0.0606362446610356
-0.517703569136228	0.299740576715477
0.117689806717586	0.0625014985321683
-0.326699689453891	0.27820777529768
0.456797113722335	0.255372121514859
-0.673984657974799	0.522682664096239
0.566093806047016	0.505978288843986
0.358458131035073	0.271122272812055
0.0245247814471405	0.0138574962620689
0.311850767231199	0.253324800737248
-0.287094040076165	0.127526823965176
0.391207283475611	0.317134445385166
0.368682563696023	0.226765062711136
0.154498829973698	0.104832485935787
0.0331114708290429	0.0182641588262798
0.476555445964554	0.317392781945201
0.579913153733793	0.392143396398459
-1.59058595052562	1.24574741898888
-1.00484195327361	0.891159308560122
-0.195770352976189	0.151970614072408
0.212676559157571	0.148942409748925
1.05509784679507	1.37044506150288
0.15827880794911	0.0756150774424034
0.0374449277867042	0.0204743214381684
0.461003902972777	0.308825934904883
-0.889648992213384	0.577698447791467
-0.410468931045383	0.304185361709317
-0.344353192422596	0.255188528025742
-0.907443217173431	0.884638668414627
0.0584029936692666	0.0360154459392893
0.105756461345825	0.0603507691012352
-0.588850477762038	0.394887600800933
-0.285961457558928	0.204078553995835
0.272630393467155	0.137525333309721
0.535869113011108	0.401371564518005
-0.143798960475275	0.0898717619444081
-0.344253767734557	0.259247221774233
-0.156404466819785	0.117247821854513
0.558600374776078	0.433369503034518
0.124691665369182	0.0834141107005627
-0.205244148535611	0.159368651012992
-0.087724374039796	0.0562183651991315
-0.791954766380248	0.950086345437867
-0.462017482343917	0.292258886811514
0.654451971148878	0.651493426653781
0.13918320358387	0.0725346173510202
-0.726456335221524	0.537173297564944
1.25458183895067	0.998977313815787
-0.233323389453537	0.0713962539133998
-0.807141831734821	0.643420932392763
0.597748519477786	0.290353483421443
-0.195198702996551	0.0904985208663836
-0.896150286244367	0.877767941941968
-0.302020676540855	0.133417708370064
0.0292842039703339	0.0160995219434287
-0.168060325416058	0.0874234175968658
0.134167476388604	0.0638766487290553
-0.202299048630967	0.0956909525058023
0.215462704575767	0.122017115441133
0.212816331948897	0.141139907580648
0.281779078109709	0.138037029500613
0.784249130144996	0.533926350964055
-0.215202101039947	0.105091015891866
0.0219144390227894	0.0090461693943759
0.936592516303619	0.672292404129469
0.300509850473933	0.107017194790929
-0.0699449118641449	0.0343234581168961
0.53276108429652	0.286127225989402
-1.18129044603049	0.737808702203706
-0.801068006446363	0.407502765160919
0.796255877992732	0.388816566579001
0.703849201577106	0.305484957182033
-0.263750723540072	0.0984135748234683
1.08061403853467	1.51724965310269
0.0215405183270897	0.0147371221729696
0.0942429994257589	0.0772496546963888
-0.120796679909171	0.0923376535918661
-0.427829701696981	0.376196386961032
0.316467676592981	0.25441633639673
0.24387710312114	0.198466490019287
0.750285211436877	0.662600103669502
0.28221161139225	0.183825898894807
0.714405445432867	0.717210157437134
-0.423399781040443	0.200128406769333
0.236313713970578	0.124584680262882
-0.0351930438477775	0.0246126587203163
0.418220354528954	0.414497554002717
0.00558844425073714	0.0029341856058968
0.124547098034312	0.0794798089395993
0.134962755211174	0.109892717877537
0.254748811325727	0.231624303335637
0.483917811845342	0.424658898686492
1.13957542089922	1.44049227204782
0.607670436855331	0.668209877756786
-0.142625917659217	0.0825338822258386
0.126970022729784	0.0823340134852629
0.765604439954848	0.721349170054883
0.650947345903766	0.576556640618407
0.411027460304363	0.348411218402732
-0.535511861744567	0.438989567932217
0.114211230461075	0.0851372003004466
0.957748942664428	1.35143683967978
0.356803156443145	0.216601942698228
0.450128112907911	0.341457190923653
-0.251498640531854	0.203549106132841
0.671843879265937	0.742812329223955
0.135416217129905	0.10688286563165
0.0708186735818747	0.0461111763770801
0.721082688414315	0.826079277691569
0.418277902757662	0.297745250046984
-0.0111107321861743	0.0076888028958691
-0.175565223248732	0.164864259710092
-0.462322818585159	0.313323808824804
0.246546053132447	0.208788491325557
-0.12294670768499	0.0691809652737679
-1.42230413053798	1.77417074976877
0.287592921113079	0.196507808887291
0.539544267820269	0.385387306834445
0.75381452980334	0.707241265836912
0.886525611389762	1.09636924328884
1.20641210438744	1.17184867732742
0.569248597475439	0.458500289245253
-0.10966865921062	0.0725768072197384
-1.17394962844343	1.32305880993822
0.0346355594478296	0.0207420089926276
-0.198620030449036	0.164977264857084
-0.362742271462639	0.284868639769697
-0.106457165137835	0.0747936085968098
0.0383047256101623	0.0274532943387011
0.251455257010765	0.19662187834747
0.110952592381656	0.0713735435661752
0.0483428740966696	0.0308605356094449
0.113952104610799	0.0742142500436063
-1.11823613577393	1.15659766533374
0.526103587539701	0.428162366980093
-0.631565824690654	0.607060731916569
0.18781193148443	0.150494387486178
0.0652305120572933	0.0446913183650179
1.66202323124513	1.81380956979556
-0.0880104433131767	0.0442072782956157
0.0947291711648212	0.0576961409968033
0.68189319312546	0.621422835332475
0.0192315604358258	0.0127736938417626
-0.523670756685072	0.497062516836974
-0.00677305266820659	0.00354627111678298
-0.151024534145012	0.104444544809849
0.575026545767453	0.458512891930499
-0.0459346488486829	0.0330201916567635
0.0933619180090421	0.0664925026075296
0.0680654716427126	0.0432631845582275
-0.28537755795026	0.1959516198516
-0.731715966012154	0.587039602568213
-0.183602178233009	0.127286363052403
-0.17802484986716	0.140165201655803
0.181665600323607	0.141434251071817
-0.209597471748588	0.100624856942591
0.956518828990431	0.846874912733176
0.306418124773988	0.197033439903054
0.317399588512246	0.181283256804231
0.0119598413630351	0.00593173434898559
0.537161957846609	0.444664153460378
0.831482404304597	0.62405222840736
-1.01031336070959	0.643112961402923
-1.42591321303633	0.786386240920728
0.15534975732009	0.0961608261616034
0.853347227698284	0.739313389251541
1.24828432504312	0.987050590195518
0.262354855805202	0.131355235508455
0.400534437924757	0.256054896107487
-0.34578153099281	0.197488321502521
0.687759390408705	0.386686051794836
0.335736595275777	0.173815342121405
0.353760338768421	0.220321339279558
-1.1942255414821	0.608844044902746
0.819926131812416	0.395769441757302
0.53750499921586	0.343888244530381
0.0789092952288975	0.0508148850261048
0.0698593592019181	0.0625580780059082
-0.513553044650651	0.443450915290824
-0.43134369191673	0.398589387951468
0.527876601159393	0.579946405781494
0.653870386043399	0.611629499889246
-0.433829538099571	0.460921629907699
0.688182981744889	0.450825355447353
-0.0531682494635113	0.0269419751574732
-0.224348836991042	0.128138751502758
-0.0681226623477061	0.0419631248635306
0.0800842061801702	0.0642054893479028
-0.609677670623446	0.527979690120386
0.510094113213606	0.470353701241986
0.27088149384132	0.213615366214641
0.192273780863523	0.110922311481514
-0.339102101803101	0.21758291607566
-1.00674409834108	0.872708946922201
-0.204492295312689	0.12116626939836
0.535487863895948	0.426811396715884
-0.519730089208459	0.705691744079029
1.2368341813794	1.60289984562934
-0.301947848962237	0.222308054342667
0.0777446498832878	0.0526638546542733
0.109407926983406	0.0818836406722163
0.479951901669313	0.517396817576558
-0.125349266476197	0.0934987407066898
-0.0884495855949037	0.0667072369022348
-0.196115896279857	0.169583039652934
0.384382839157117	0.341791324756011
0.733989327183409	0.605429492885735
1.0315240057663	1.11727986803994
0.419537671630124	0.330883641288634
0.0800292184598562	0.0478502033477256
0.400842199239142	0.386035629171489
-1.18039595309066	1.37983076037509
-0.265824814396271	0.253240281405813
-0.181873010679064	0.135795925668516
0.224939402146132	0.167800465326984
-0.274158119125836	0.223030423440167
-0.460414426842616	0.424803054207881
0.720375386192478	0.765399808826258
-0.70588815411712	0.619720015208529
-0.954803960360867	1.00789270416778
-0.437657478183516	0.316611066436806
0.113551406890258	0.0807791892363029
-0.324043988898823	0.257063445915145
-0.372370953778183	0.338115045811495
-0.852593456721828	1.154914524661
0.477497647401964	0.352570083566029
-0.214365363106394	0.137719082148556
1.43152237292473	2.17892149767947
-0.134468174981	0.0790341774689206
0.115838306817112	0.076489836858971
-0.162377764693428	0.0866907113664445
-0.495688095468491	0.389655721123658
-0.626121506242603	0.534858908119938
-0.222441813451159	0.145001464111138
-0.532201105999558	0.523684764687717
-0.470478462503188	0.475001029693205
-0.480621559267868	0.48159891830744
0.85698771154548	0.802370512581458
-0.091070998691902	0.0668909685554897
-0.560637504867041	0.476532145318015
0.0742711975018163	0.0567756945806855
0.471872563089083	0.414948485485439
1.30058646900633	0.678116441194396
0.205165501484589	0.142303629925267
0.156727697387265	0.106110923479969
1.1462410530445	1.23621105766635
0.384907870543251	0.247721757830219
0.253553951819198	0.226348703309967
0.416602442342423	0.351976247685267
0.129940942538258	0.0954849438254251
0.255956357124139	0.127396657691489
0.875963298835816	0.830962504090372
0.143952736843698	0.0895407782060144
-0.187585707309774	0.0976970080725085
0.158904415293703	0.074865102376685
-0.144435691663437	0.0915335043917342
0.357260494146238	0.19793363907571
2.27640024271193	2.42398189310467
0.31313822178011	0.179017525846455
0.683190891061175	0.462766896477854
-0.60972275689651	0.372687225810158
0.01545560592623	0.00636659794605981
0.7493697213068	0.436546991943784
-0.0150507871564689	0.0107413912310859
0.00324721375763495	0.00195983336468144
0.15115082757229	0.112715613061097
0.330147825511234	0.250583490351592
0.894220000376291	0.979996805783854
0.343896233113031	0.269379918911802
0.0837710404504026	0.0576831766262743
-0.28365391426414	0.153336072772925
0.468475833592675	0.269353330259527
0.243101349308055	0.128525154072993
0.110757598678685	0.0758570564665107
0.486986097146882	0.384156761718819
-0.586714323528872	0.593326428512509
0.258700294538195	0.221241430093343
0.232842333049269	0.162544399457527
0.417887847229523	0.335090274810751
-0.439259298662686	0.327103174547548
0.985252383886732	0.961668515168046
-0.573188537974119	0.445195756760661
-0.254741125249705	0.147505723304117
-1.2794085435542	1.16579098675202
-0.918706755082514	1.36872052140115
0.676413107341551	0.573963075938703
-0.431976785419259	0.445669521545674
-0.385588942717081	0.304714449082592
0.462519560795849	0.290259518996242
-0.0712588929658926	0.0415816095854117
-0.278148413801141	0.218435091736668
0.158426950939174	0.120694337048125
0.971129479951978	1.24232043708643
-0.582319964739802	0.64678250846577
-0.237421448665615	0.209913401403367
-0.0390037187574097	0.024530108785617
0.0233494018355979	0.0161942244873559
0.617543444916918	0.599681546540523
-0.169511668442223	0.131994412680102
-0.121495176443659	0.0873349527599146
0.195239657335295	0.134861191311591
-0.373706262184167	0.256424951658001
-0.27500884678817	0.176633553589057
-0.081943171701111	0.0505444796961636
-0.763329002558946	0.56623026847384
0.482263289503284	0.454860889996969
-0.0334071606245786	0.0235053336749032
-0.332545945455549	0.262536720614261
-0.451941164829449	0.452714799691842
-0.506432364286133	0.488499611266687
-0.0455496408642038	0.0315326011401281
-0.2524747614825	0.146913314223435
0.0219536331138769	0.00890207478264003
-0.0426626925625406	0.0266934085787772
1.16505619867538	1.25477665864006
0.0754405868446691	0.0581364385362184
0.168188012600678	0.123099204574275
-0.858773612200326	1.06085413979213
-1.11478703903871	1.39403350399101
-0.705285953369604	0.958480464918175
-0.837670080610957	0.734260309939597
0.349781547729916	0.297156014824912
-0.292837467060872	0.192234994571267
-0.205347087734412	0.16029758786848
-0.890268696903547	0.750078077508693
-0.10009627982855	0.0447447068481951
0.542498204433419	0.433827627850142
0.48114836608038	0.322573805372796
0.0147181840579335	0.00834333720874818
-0.580083821411114	0.406063460380235
-0.50048482217345	0.471648489156109
0.465351614166946	0.364245861468919
0.365250056242249	0.203423234023645
0.275638831572974	0.172033874372164
1.70548639069116	1.6361416134666
2.03984307567318	2.44877178015939
0.123578723185698	0.0672518892337211
0.132134374474675	0.0708902646963838
0.305937094436119	0.109657015375102
0.0244427833901951	0.0120920233371667
0.00399526816539764	0.00275505651749926
-0.501152655002487	0.331987218626587
1.00661190357833	1.16406240143115
1.44143523643261	1.54241501531469
0.82638098607822	0.64749117806975
-0.286415265712335	0.12825961795987
0.860121543183187	0.500659478121298
2.15015442141917	2.1678981347342
-1.45848707018788	0.580198349067802
-0.0522793198690012	0.0293194946997768
0.17261092442957	0.143854520963178
-0.0841952316458259	0.0718753791977509
-0.0133945022916726	0.0111208105584735
0.103226116794181	0.0728198614540635
0.553820057854839	0.549183838551016
0.990044608304187	0.954478219409279
0.831399302277822	0.597679079300859
-0.12063872462956	0.0673304345094018
0.185031570736629	0.164844919358903
0.472736676235253	0.465157922771704
0.264698449507842	0.234475787710596
-0.0666609657538383	0.048149866661372
0.507427630891969	0.445823807248721
0.161186537669358	0.103639075591984
0.526155954088051	0.517801374755571
0.361545686565614	0.296551045538831
-0.396519306288875	0.320640533440001
-0.215490399061944	0.148528685821486
0.242003439192344	0.170598713595673
-0.697754530421166	0.928684179852685
-0.741691264817089	0.685060746296846
-0.00113573971860395	0.000738666720204852
-0.14664048426113	0.119464991466272
0.876572653753366	0.828937625296687
0.125353045393398	0.086538807462834
-0.0191793333094514	0.015271173912259
0.00812166588694171	0.00488463359843242
0.0404310071242364	0.0348771146589367
0.412125906713652	0.37087376788918
-0.0412971376250949	0.0275950908770498
0.993390304717003	1.09232745985192
-0.302216733435009	0.279565332752482
-0.2733875577013	0.240008912468487
-0.905110579898206	0.94412200334511
-1.0932677461053	1.00153094718992
0.08062584562397	0.0481045192267252
-0.2343410512044	0.152713515859507
-0.249221769419411	0.188363181337195
-1.02183439451662	1.22232079626663
0.0142519827051122	0.00867423814195148
0.657562937768179	0.767755414761056
-0.721568193290715	0.68761728580504
-0.49452588496191	0.306690351467307
0.305576420077798	0.231751910143795
1.19037901921255	1.26637363264812
-0.000106999928122526	0.0000288261379696123
-0.160217739956362	0.121521745835888
-0.504464721959771	0.467238265843953
-0.826516374660711	0.652530171253333
-0.265020119095622	0.243370597794916
-0.775633265187572	0.93068521690498
-0.177884524042726	0.149018332424482
-0.837571339648579	0.961303205884231
0.21851190323235	0.171356048961192
-0.363699640631245	0.310518083230092
-1.6652653881985	1.66093945713095
0.415692627775666	0.236352262251809
-0.600425049823222	0.370444740117463
0.762512448305248	0.701973355004455
1.08792122444487	0.788676083915022
-0.309921240150367	0.196326870409787
0.437862669128865	0.315224443267389
-0.507221544903658	0.577557843232982
0.747854409561523	0.598841011894545
0.741473117151847	0.762629994315966
0.84563952193057	0.721572268212329
-0.208538495547638	0.126834998871692
0.746127852646037	0.667798326810341
-0.317265089611177	0.18721959186601
0.564458431075995	0.467514842939604
-1.62990972735224	0.669467662207409
-0.105039315966017	0.0645854408395152
0.147355723676635	0.0746916795101045
-0.0131297168002068	0.00811556864821146
-0.283232838863308	0.149238825590854
-0.0613584085809639	0.0308193235514779
-1.01973284349668	1.02932881206678
0.517682069825597	0.481666395946008
1.47254332466377	1.63619780130577
0.820655912978231	0.585280192610707
0.0180395629021806	0.00838726871621853
0.0312233433518694	0.0143103320635589
0.297832825925606	0.103444969727849
0.534825571275797	0.290121134124504
0.611965828731266	0.462328919156184
0.146027083628508	0.0562906078326132
0.311301603227424	0.179838767589045
0.0328771552959003	0.0196522683712754
-0.025679771067088	0.0160360427673997
0.160224032896497	0.129304326273486
0.210897683888739	0.150555524657163
-0.622636854845113	0.342028946170739
0.642484757499678	0.510514670770756
-0.0442295133911234	0.0330843828814008
0.653399000975623	0.630715548044303
0.569471339190409	0.54219235812368
0.85367651602971	0.789096006979947
-1.15958523551398	1.21890000387302
0.104412898597425	0.0577526297999176
0.486826866719704	0.372694039170692
1.21110165096535	1.2284872753988
0.600111359986258	0.438580678486575
-1.20752287382399	0.932968824045791
-0.761124724990932	0.848979697445052
-1.27580218607843	0.979227125703157
-0.613364131405637	0.696255558709008
0.416213115500748	0.283747367492561
0.00693843199103696	0.00399170623544678
-0.928125877300974	0.694775826156629
0.284697144566327	0.171149863935516
0.423979214977681	0.311523105102404
0.191664395331393	0.126598510361145
-1.27798643503883	1.20205671665383
-1.89712588320215	1.762176946617
-1.79562705561717	1.66204534481038
-0.791517560403027	0.603566092153374
-0.797595637076161	0.679095171021971
0.132561334198175	0.0690627083514868
-0.412891169808974	0.316955573899837
-0.451873605847263	0.411374580431539
-0.873923940340051	0.796096267179942
-0.235309038932606	0.159466272664004
0.591190290924844	0.529402514177233
-0.528403635304969	0.338546310562391
-1.38704769642529	1.79723674817586
1.07391450626649	1.22474196985142
-0.0489465614544537	0.0279099705287933
0.324746676670559	0.271992782281481
-0.247263009714641	0.217477535915343
-0.307358484623965	0.238981208126871
-0.273742877894625	0.210696583888069
-0.791866451500775	1.05850170557542
-0.467032013393799	0.435180345988583
0.0626375933236539	0.0416189332521825
-0.321861671750169	0.221641699062758
-0.474811105009305	0.366261814841847
0.224566538855976	0.157448315736883
-0.328387794047028	0.278939900833709
-0.430142027842803	0.333991614310676
0.036243784632179	0.017855808606803
0.103054891621656	0.0554236724434173
0.448989183559849	0.284394126182022
-0.525846975450217	0.310360952476639
-0.744446799017765	0.736586243072757
-0.756230160512476	0.579233664570467
-0.221773716267304	0.144610029973072
-0.734764534242545	0.670763655860069
0.244608931229796	0.129173677557421
-1.05346141806863	0.7491271801043
-0.112547842779802	0.0502587522049952
0.0886182245595678	0.0583575503860107
0.258415056740836	0.17472314131055
0.0196869988531414	0.0109956405819718
0.12699356982927	0.0557225740071374
0.244156207828782	0.129029767478935
-1.19039472857724	0.593544235197298
-0.152852689302273	0.0939454863170502
-0.517334103286734	0.361962520737221
0.822247051564529	0.853848051922049
0.581168522748273	0.403996300615065
1.07378629381827	0.99597934750118
-1.54751941621549	0.903457790633101
0.144860350644658	0.0626397343483003
-0.256422120395649	0.0951494421961918
-0.00293732591314677	0.00175652377616894
-0.734770026065957	0.377797716556473
-0.41442747213415	0.223097575298334
-0.00192166121814511	0.000172871112340027
0.2913301982642	0.0997244795204687
0.282658701247254	0.125836009641792
-1.07340532040014	0.506168091626746
0.426935682454291	0.262511145826473
-0.699349203354886	0.39786171796718
0.50958617627644	0.270580232004077
0.118794315714433	0.0558858670007406
0.782544079730968	0.736682879083293
0.0367276637707411	0.0245768242598051
0.613946419827239	0.67002474023865
0.286247841167834	0.23895994485378
-0.586523146608413	0.499655999916921
0.240862161994412	0.187433785696954
0.300303413681874	0.230639790251983
1.39891271586607	1.21798380141115
-0.352635602795076	0.243347715916606
0.226697845724105	0.187449310894229
0.473024537738094	0.421510448313425
0.0233083264181925	0.0122481610084144
-0.0183733976746479	0.0124819773931651
-0.464542971546874	0.420531650188461
-0.514660555748525	0.331532067510955
-0.595379205090022	0.547628763085422
-0.0061227649060765	0.0029334862924023
-0.600844702768194	0.358382653828675
0.0125033943653357	0.00709385975300097
-0.116696858149727	0.0800600109643393
-0.166779605460744	0.0945962453330151
0.0936011015883161	0.0571853062642384
0.109836715636967	0.0646426729845441
-0.0610360825965959	0.0366378170810072
0.158580230891781	0.118558533326267
0.0683408959367482	0.044840732282534
0.2857584322357	0.201515822073332
0.0677097033305208	0.0407174623722456
0.251956781493174	0.165083324143801
0.2966734212422	0.199267524723891
-0.226214411596309	0.129978642156124
0.372472166924601	0.237589726975889
0.0387227637208576	0.0238186007201034
0.806747056020601	0.582889032945172
-0.792120850311771	0.604595456055409
-0.704329239938223	0.736379663946662
-1.72063849091598	1.70442743196412
-0.846283746805164	0.907367537277091
-0.613782184511745	0.617043731761627
-0.236531406441725	0.165828743431467
0.17530932764521	0.105952334368978
0.585738937052734	0.393395571138093
0.685925626991865	0.478022174584387
-0.0871902467054133	0.0486044467836333
0.57857331241139	0.56621651692358
-0.0774839442716221	0.0523688105187727
0.235324340662428	0.174839354290971
0.31798951172264	0.253609750784299
-0.289469340407828	0.224916278739508
-0.0518796152858134	0.0339551585935468
-0.458003257759809	0.421863124858461
-0.160814947008014	0.105897938378365
-0.106865248239764	0.0863894875015785
-0.491695299097022	0.398979456714849
0.491784319697389	0.40475254632894
-0.111932285143769	0.0739074590121468
-0.07377805585236	0.0494274341274948
-0.533967330285598	0.439360860266969
0.020628248184266	0.00845475827732809
-0.952787158246017	0.8255115016814
0.344826716391803	0.227715393679214
-0.0445066666910529	0.0228772302968684
-0.547057607232146	0.401851438954312
0.443959805990485	0.399951821010188
0.0100740255248918	0.00617131306047167
-0.28779492172274	0.193007724492799
0.134147311518719	0.0701221593973883
-0.673724501205856	0.540023119016521
-0.458050088095549	0.283013656289305
0.519383357635607	0.367646010306809
0.326498945365775	0.194487835408825
-0.669190862189168	0.323422721780366
0.135386180798513	0.0583704293113895
0.0235882839066677	0.0109912334135631
0.637562600618679	0.547739030075544
-0.827927384832463	0.561595120753851
0.942154524765158	0.697174237049312
-0.455857966328414	0.36832440553734
0.435430936014464	0.336282484730643
-1.17981054477329	0.852490254190483
-1.11549080910794	1.0478457565623
0.213176489458542	0.121803068819321
-1.72210364985185	1.08343441571843
0.741566727239996	0.610097726027666
2.62322215410398	2.36100553704947
1.56722386182772	1.34134112396318
1.22537414828895	1.13209103946495
0.947856906196681	0.655774915328454
1.81079752786495	1.84569397658976
-1.18502820884417	0.751385215423416
0.355101492187498	0.252503889981658
-1.5166322569111	2.51569335846161
-1.72905070002993	1.81161227875818
-0.443154989194238	0.471160866303657
-0.275704690085681	0.174713778064149
0.125466588993251	0.100595484994929
-0.121291131202433	0.084983440857994
0.121949321144029	0.0622369568616934
0.602013943894758	0.337644023192642
0.0823635764079939	0.0708395654235174
-0.175825065404028	0.15121550505531
0.165433147245843	0.113123404122168
-0.353561711812855	0.310989458627741
-0.50001339028502	0.403674068779431
-0.755526880929856	0.651480322823939
-0.135808545112169	0.0794771812762937
-0.271687136620113	0.186315019805872
-0.417634762289331	0.422741466133604
0.311257000764474	0.253698060358596
-0.103387411847582	0.0804454779765303
-0.319884755237972	0.287058791290832
-1.2117668387912	1.18954194572649
-0.306876838751013	0.224043406170591
0.0975012924170575	0.0665854776584112
0.272049439980283	0.201610223964382
-0.0717024614490261	0.0574903966858071
-0.442085973941384	0.433871699383467
-0.209931771279259	0.169874648987274
-0.714951398941236	0.894765879748756
-0.277178120353042	0.257302957393472
-1.7710691977222	2.209865332232
-1.11897453945846	1.32942507120272
0.089064619443627	0.0480966774055879
-0.571471822089769	0.623849946945508
-0.697734512473672	0.637731321923233
0.114434005069933	0.0844801971124144
0.558421485936054	0.581159878410956
0.476497078221313	0.415216651446062
-0.395066428189525	0.430930779121419
-1.09210442922271	1.62771632616973
-0.131412040087589	0.0881348828795025
0.282438263669769	0.19198467867246
0.541586664848539	0.503733055571555
-0.771900574964983	0.82186622758588
-0.119197695368478	0.0714061038835447
-0.234060313242007	0.185666910066416
-0.75881197947071	0.830910312137815
-1.00635274660188	1.23758021594376
-0.907658521366778	1.2216372124915
-0.887610487261157	1.02636890957281
-0.412998561380705	0.417746687735362
-0.295980909377266	0.256019876574293
-0.234204348116834	0.20410099316648
0.659801189286423	0.591829624717237
-1.11929874837416	1.216561259198
-0.00660362689788573	0.00387089590650091
0.633187970213728	0.68284562080515
-0.165919777654621	0.0952184097868547
-0.621334407541623	0.677893220807687
-0.365439196438911	0.271252794054708
-0.0656166151601597	0.0484510276212676
0.580509030082859	0.395157578107734
-0.195578753009237	0.140811383595849
-0.567270758291892	0.471278342697712
-0.95164653014357	0.811456183188586
0.172774596125521	0.127076600141334
-0.704981470639811	0.505582138599208
0.646406014640988	0.514317400211073
-0.816968801147009	0.491913494351908
0.293592871867575	0.207003653949626
0.0272655588293099	0.0108549248706482
1.0930023679897	0.986436092186265
-0.44539422090131	0.244537323276022
-1.16775913642234	1.44501056324384
-0.0671362231370005	0.0413705994552867
0.95446067324178	0.912126754773557
-0.569859575652705	0.447357993234615
-0.753381970975951	0.655310096465853
0.0115887992320588	0.00637297094172852
-0.350631944064122	0.201462448591182
-0.309629517804548	0.137135314113007
-1.27495837729314	0.879972255003201
-0.00734747248786753	0.00297320362756046
0.915309243131152	0.583552369649174
-0.154214829252942	0.0629315641662825
-0.618916855526163	0.324562655055731
-0.225338875419415	0.106670675306228
-0.153436650464325	0.0849888112490899
0.21995941162173	0.114943910222109
-2.91104682557124	2.22792603494133
0.207869648138249	0.17626464857348
-0.39957848849864	0.348987852313214
0.728528058812014	0.781141768587716
0.0555375138841849	0.0398339294006888
0.134693570914966	0.103503845079557
0.217143048908286	0.18149762459439
0.374145283281595	0.239216686023908
0.0347808800905655	0.0187195934439262
0.0862736805820183	0.0591760747183665
0.159191481668933	0.111029297774492
-0.797914646676256	0.916000698961289
0.126671585209214	0.0654295691683536
-0.158903093146665	0.120321946707431
0.248118943517014	0.129292500379616
-0.00625397228942884	0.00364553203253676
-0.179164665255675	0.127342552916697
-0.385610895555797	0.265458718013112
0.852782989161057	0.83651627041889
-0.0478069079443881	0.0257841115414834
-0.16018213821744	0.0864802972033822
-0.0268524845303253	0.0178528129850164
-0.150861578559213	0.113806393993667
-0.425784937220397	0.306118701448906
-0.404700049197275	0.218309105357741
-0.522721443286776	0.429934525782006
-1.50219743902431	1.48494435761218
-0.917654451724813	0.668956612784251
0.273926452978098	0.252031040314774
-1.21437966922777	1.37788689288755
0.098177794024633	0.069319775021373
-0.045633231193916	0.0319785983825913
-0.249546210994132	0.182842466576631
-0.452492024842956	0.334556052906816
-0.811965591034328	0.473060357746693
-1.08572454663505	1.10016617488162
1.43083583428067	1.99009787456716
-0.618095922304468	0.568654620544629
-1.18589757435252	0.890705389189438
-0.84040059069435	0.899870755732499
-0.225427190819376	0.186397758580018
0.220105702770916	0.145295602436663
0.195110261535035	0.157010091693704
-1.03577285332376	1.11717133859475
-0.378447354785538	0.283070265527928
-0.650335837979416	0.885141532810492
-0.374317321853687	0.339910425890078
-1.52618839211367	1.65988220557151
-0.371936058059535	0.329700230671122
0.6620020657005	0.593340098893664
0.243994790352973	0.215415847180892
-0.454318433623458	0.438220950180787
-0.786858440139792	0.58439102480444
-0.127921538347489	0.0929228831613015
-0.514309190982167	0.487315309909225
-0.521389219581459	0.47653673214865
0.332509171066639	0.243601311460866
-0.313823668507092	0.225321471885597
-0.614291421090932	0.519990104719288
-0.62344152739013	0.625398173227134
-0.299536706135352	0.156937780596154
-0.536838999726734	0.41031322515282
0.299638027281847	0.184760097893036
-2.04799407280956	2.15284151957293
-0.986623344561194	0.673412963063529
0.719471849506752	0.551059352347503
0.939451094662329	0.707480981148909
0.130661509162226	0.0507297009758902
0.146793804276619	0.0748473383771962
0.290055362987531	0.164821652912999
0.446197542733225	0.199806950426577
0.594851857380162	0.402092157854107
-0.818105280852787	0.654919411081461
-2.07849774437357	2.10249229532942
-0.43280730020136	0.280890029323217
0.207951097178154	0.165957450549575
0.382945940774723	0.288628218002903
-1.33817187774148	1.1232087753807
-0.29109338438782	0.188531652053349
0.0331791458215687	0.0178364799802362
0.529503508507238	0.399368173833275
0.0147764339846497	0.00817000763722689
-0.590516377402827	0.63755601403149
0.302727366227138	0.232399094065923
-0.698744534940139	0.383112602837004
-0.777955628710639	0.581035840080926
0.465873991566885	0.328936832794342
-0.380632829384913	0.243477916393712
0.335019224059952	0.179552557896278
-0.159320928216126	0.081253656479051
-0.817517982168941	0.588825632684848
-1.11892968832433	0.832171168271233
0.216732547200449	0.168278591317353
-0.149232250683082	0.10613405858983
0.562945062838309	0.608832393923107
0.521421881226517	0.32795795953705
0.108783279174514	0.0833709853892853
0.76421531768937	0.754329255487924
0.288237988745435	0.182458290239441
-0.495829396172803	0.393356106953639
-0.0807482053271826	0.0575050976035219
0.479351670251423	0.316959225604364
0.0507385471227758	0.0326574375794477
-0.418708371812513	0.232729368283667
-0.576418106762696	0.335339640132113
-0.328536577493968	0.243850010756341
-0.132662782326697	0.0684875516776681
-0.661246471050475	0.485606007157073
0.247298188333609	0.160023958022722
0.178318426012738	0.107776975133322
-2.0054299140224	1.51588003284976
-0.658122974227648	0.455529235369398
0.0336017598917684	0.019771817646661
-1.90439468178536	2.240011596497
-0.832499435579876	0.979653841076565
-0.00273813752249937	0.00191515963953026
-0.656350229455289	0.551966843330117
-0.31858970555333	0.194002352486901
-0.681737616904913	0.485595603092649
-0.688066829254322	0.434398059708805
-1.56037113694603	1.43448439473586
0.907375677733065	1.0412755934661
-1.62447110685197	1.23035282912889
-1.1415760179439	0.819979895305361
-0.0917058919120901	0.0675756291843508
-0.50527921003945	0.387901469860063
0.0858571973194241	0.0557388376312409
-0.266938782797325	0.223860105965304
0.218635475243476	0.180825586359975
0.216472957555049	0.178172249000944
0.0000429840834744362	0.000440704224754241
0.575980982883914	0.387153064235941
-0.0174004795981241	0.0107139804892566
-0.427536036754174	0.401593693605106
-0.453985585515721	0.43815236612246
-0.479144426644313	0.42467417486758
-0.16434743290651	0.107783187212024
0.726309697579139	0.547433020037264
-0.261480808391292	0.142063160766277
-0.465272342384576	0.440790405580552
-0.736243182343831	0.558324606980094
0.733436309053588	0.446322730716574
-1.44534929663786	1.07688476455756
-0.998054327811486	0.757816707023428
-1.19266350488588	0.746210654152618
-1.00130979436693	0.771316747805741
-0.0277004856237272	0.0160979939116158
-0.977339601733509	0.779417709783482
0.497986069892683	0.419091883686843
-1.3147284371516	0.699115404795558
-0.843974915996143	0.601593967172144
0.856927938945214	0.713950842063604
-1.50455530850819	1.14632435298911
-0.18045660751812	0.0915970039981655
0.134849911052799	0.0582913980199248
-0.679171781556088	0.32178741706123
-1.51748318998594	0.871837237959415
-0.937227115175414	0.412228742777122
0.303597579746189	0.106217971691155
0.296011358076215	0.123323109628727
-0.890244296916806	0.475105936623038
-0.0678455406135162	0.0323193172943079
-0.647365638565472	0.444922544122539
-0.853710528867892	0.616210085374681
-0.750189609887842	0.494055699760067
0.412780024047267	0.253144792498587
0.314944845135077	0.185123741668592
-0.607330929319516	0.331923112579199
0.318376722455327	0.191463100390671
-1.76262876184196	0.791463275259494
-0.691007090561824	0.310518817314307
-0.398689906349983	0.183827245996759
-0.627249213322446	0.239869750850956
-0.241253363215526	0.116142182174887
0.338699115344283	0.18279045504107
-0.499166300513746	0.286568923285715
1.21542242878036	0.878999274284844
-0.903483691369893	0.498149141484292
-1.63282212492405	0.697750055486097
-3.83202912311112	1.63763004661274
-1.76312875218089	0.787204787145415
-0.0347173438739354	0.0131241942935246
-0.885789739057566	0.55348911357533
0.0597586883601455	0.0434088401204175
0.759582594961643	0.947983304138057
0.254326688720931	0.109576186043735
-0.034151598387875	0.0254673798873987
0.344735644791699	0.307401809391091
-0.0600851203692456	0.043339016855029
-0.792444147131422	0.700441909724882
0.17236279144809	0.133537752961479
-0.242262449825186	0.156208111566324
-1.33814299324115	1.114030130068
-1.21269074169329	0.93888696876873
0.253530405877738	0.194418068398657
-0.113857579367651	0.0745048112083136
0.0382392895539847	0.0247140268006837
-0.0323956922919308	0.021690637803308
-0.453878498968404	0.322667767972835
-1.25059780330206	1.16482593382663
-0.919159878938903	0.917902454799641
-0.685848936210596	0.698678646801804
-0.321991899347125	0.254141680251206
0.230906007986072	0.167140375875719
-0.367886008214687	0.309515953042527
-1.35447131293713	1.10514495357671
0.409696307927153	0.275004572595112
0.982137491450737	0.914798537249241
-0.403861936340832	0.162090063748856
-0.810950833991921	0.615209140388399
-1.07420294309283	1.30262136075571
-0.686094847075134	0.702724160973839
-0.192388661190031	0.16815927121647
-0.674919709923643	0.900479970721072
0.366488662699092	0.40492906507103
0.898388835633171	1.0458566974985
-0.417309777562708	0.391100890454015
-0.812130528230824	0.991942481573465
-0.154286191257592	0.127480578585457
-0.843439535826729	0.795779517452853
-0.23709030326946	0.181105985509166
0.485490943059638	0.427190859357873
-1.35017345850359	1.81424697873195
-0.318674436792256	0.284020655064515
-0.885733291009945	1.25805829628938
0.23852638914435	0.146306990693633
-0.23397961612587	0.190942100421596
-0.412673098380319	0.367009598501671
-0.522338752920374	0.505446373669788
-0.315854750480093	0.232857448423799
-0.231108789370875	0.0721774916639875
-0.157372078818524	0.104274980467856
-0.156315884022605	0.0991602227329301
-1.48815306132815	1.57751103831957
0.153693962323234	0.0941740513252077
-1.38146558831262	1.77444519064037
-0.823730935499004	0.951921717040243
0.231659552285055	0.164199747452269
0.965626135491006	0.892765359769522
-0.4074850540056	0.2245710977119
0.840591589592536	0.696782360919469
-0.149206914667688	0.085462694498861
-0.40691355046224	0.220493083894559
-1.34266525830144	0.889929354989495
0.468009216957806	0.267545921180488
0.665822550235128	0.441397398673644
1.0080145418675	0.517192340191748
-0.39864000466768	0.195366810315044
0.867441944107816	0.492308630051542
1.35329961901566	1.22967579171036
-0.814020882061607	0.492508781925572
0.0894713612621348	0.0579754948673161
-0.738076824695083	0.548179396743083
-0.248542301231388	0.142054955877315
0.0712666942328056	0.0418325602815255
0.282878571925267	0.176204906512196
-0.81184745344	0.647816894323642
-0.940352241475906	0.702503988024539
-0.23492031499432	0.166040246942312
-0.567451295568063	0.414068829019264
0.439404827453438	0.202862121126498
0.446679971168017	0.25133490153816
1.27488414302735	0.911771040218699
1.96638417237226	1.54569043060729
-0.397871492074878	0.163333339394749
0.819285857435706	0.571911042022619
0.206271370391031	0.115196293877322
-0.66488035093599	0.304235080645237
-0.201788430519073	0.090614977014728
0.845300413868227	0.809251286279493
0.616559977086684	0.446954623389742
-0.0616819921963493	0.031317555358799
0.238443865546061	0.177541860491623
0.448311330227811	0.334173716664798
0.0799321782626556	0.0530827232035211
-0.267591369887325	0.175748356891817
-0.531081336664071	0.56973402417009
1.29119398731079	1.57081677581105
-0.148567705495062	0.0922156898646292
0.655214488304341	0.554446754447339
-0.0449549205405929	0.0224582758754683
-0.0833855927563746	0.0426160882406804
-0.153298009079866	0.0824619302064753
-0.304301672877095	0.187409599423186
0.129877031179657	0.0973021445113163
-0.330769955098328	0.239186013040467
-0.373316372084379	0.274200959516808
0.234475087948454	0.168379312931376
-1.12183446376878	0.979958578488861
-0.0738356440030253	0.0450874317494943
1.21646141298702	1.14066913680028
-0.298264028288305	0.145917574272667
1.0800763061702	1.03553549179801
-0.347715185546062	0.276727483940167
0.731257885163832	0.731005366836874
-0.216932937059409	0.143918759824096
-0.0684733833565672	0.058127895022822
-0.456603432875218	0.4976646383641
-0.553369305786649	0.501554822221976
0.0944517486604887	0.0665110951870898
-0.134078837765941	0.0957594678043545
0.331260872262693	0.270401202448192
0.205312380942721	0.181899066741626
-0.622347917400235	0.544752583959125
0.191191786610009	0.137830300356636
0.419958838402214	0.365745461485546
0.606993109892608	0.625715225393031
-0.840077561515451	0.993329102354322
-0.774059649119587	0.859982214784547
0.313693167419098	0.299629322350756
-0.571456039002097	0.496776360421339
-0.836796087952706	0.999840011328753
-0.234219603309771	0.149998978932201
-0.644279548917486	0.609059910548703
-0.652757611859646	0.404533831725069
0.522456508952439	0.28168515701543
-0.617686181051726	0.479471262311144
0.177205272335913	0.117340274847011
-0.77185091139403	0.57651929590722
-0.704533463120558	0.702049798156451
-0.579454309565499	0.341848887301479
0.361108108815949	0.281329457919564
0.256808389849348	0.125784272213231
-0.495353493736169	0.313095570899268
-0.413615747612565	0.229946519551713
-0.14396786257939	0.0792230903841717
0.686173524088704	0.38107441455262
0.869633080010081	0.495287004748706
-0.213845728752936	0.10254472762812
0.965805530362099	0.44378508841992
0.920177007599463	0.636974432975184
0.768537015983846	0.495984215438385
0.0782260012545888	0.0260310035671613
0.128464239762974	0.0664395594785434
0.62657117201628	0.467202621118571
-0.42701913642855	0.233284300395625
0.0280463015083993	0.0143629365919754
0.829182765092433	0.668543711974586
-0.0167869636227587	0.00658588612067763
0.311716873232708	0.186607859917555
0.114122782933184	0.0443554246862148
0.290730996497256	0.155381044011715
0.0870388008113025	0.0294530792067337
0.246026788883287	0.117157478643888
1.26658534743548	0.827949134371348
0.251336427004076	0.15483291745759
-1.20660959670175	0.776506087867803
-0.161115980690895	0.0662840851267492
1.65133334301716	1.65710515215841
-1.05962932543354	0.493715201839457
-3.51641305151825	1.37181535069588
-1.51599705299113	0.900750653743223
0.415045991281612	0.28680502249224
0.491175960474737	0.325285959693146
0.0280871713993062	0.0130187441602934
-0.05131296851505	0.0406072516823637
0.0511716668162508	0.0306039223664083
0.238883594334106	0.190915169214195
0.11609155181611	0.0755716719060497
0.00536844353823941	0.00366023665528859
0.030581798621262	0.0152050023042805
0.00188725271786456	0.00104440668283513
-0.659199432308542	0.581836874942534
0.529631705544565	0.335533479904675
0.116473701613018	0.0619023348883357
-0.237195161788083	0.13790794509046
-0.117943353415997	0.0663472888250428
-0.146857593692518	0.0842026332850231
-0.342592245728472	0.270368886013615
-0.0667954305169389	0.040863011142602
1.06666975449582	1.08445692229408
0.0739794678481178	0.0484688436091969
-0.431588229389998	0.350049811499009
0.212479020796138	0.13159672349532
0.0216676536073725	0.0100978410500923
-0.772291564602869	0.536274167036129
1.51347711826026	1.88625322048123
-1.09347061632066	1.18162553343108
-0.0817334577494537	0.0623953557750072
0.31026620113359	0.184179482922421
0.20250687648286	0.168861722886171
-0.358677487042828	0.387950696708731
0.715561874861923	0.765626124012773
-0.638063774008636	0.646421976401645
-0.0109605651342235	0.00797310110822347
-0.266948776736601	0.219388193475212
-0.0739179180531468	0.0577575876574905
0.31274244084035	0.209897171396522
0.243342562915649	0.152521583364042
-0.711887950536703	0.446987702601337
-1.29600197666244	1.81750657817198
-1.02713728144731	1.47620516257562
0.431161179139006	0.309743988641836
0.147795781329375	0.111148482566785
-0.133830915704115	0.0769803018756073
0.206923375640382	0.116544886715968
-0.61571993402939	0.492928926041581
-0.0784011710297948	0.03900478649024
0.135835333940035	0.0593296142959084
0.634131715956096	0.504171958445775
0.444806752338425	0.261129822708381
-0.764861742616769	0.572719534421685
-1.13321417201918	0.819619373449258
-0.873990829283826	0.824712867438983
0.81263408056024	0.788306978608081
0.121133479026781	0.0705764182702298
-0.31635688352193	0.160950560466861
0.265426749844252	0.166093805284475
-0.560150930815564	0.398335446339095
0.523662596334227	0.328071946192141
-0.502109021251992	0.245901532982199
-0.222063797125359	0.136398187288197
0.273974811839593	0.12316921818287
1.08155392053202	0.705065936061589
1.48547997141773	1.01451992301406
-0.622623335823878	0.234242513863495
-1.43850311625647	0.785766616147358
0.237821697087565	0.126525201283902
-0.600895492728922	0.369582759526435
0.282947060283935	0.173440354590644
-1.19725615789927	0.739694830463683
-0.0784356032232892	0.0399563528594342
0.584685241023638	0.398726021683111
-0.595586035344888	0.362798864799589
-0.510769938507013	0.299333179265345
0.140281298195588	0.0605789080066425
0.476923651726592	0.270066678489013
0.75254521010537	0.441065624471608
-0.67397283189621	0.321962843968392
0.776742436748041	0.518637448531756
-0.494505994487527	0.240289467217943
-1.06636869548947	0.509555068345611
0.122599369573918	0.0593078584769255
-0.216907076772595	0.103923190891269
0.168217926657341	0.120052014129839
0.190064721874251	0.1623081347918
-0.426054049265032	0.450916050121272
-0.042261096812083	0.031389664750219
0.492706851442843	0.473135707322555
0.1703577554761	0.126788009940171
-0.222638386070079	0.144510949285872
0.124635099219793	0.0735147258820611
-0.434171473183354	0.333613823980166
-0.361119773251554	0.349393462071487
-0.169159876578921	0.125903889286323
-0.0249739376556614	0.0168935478458416
-0.626629569746658	0.713976283727126
-0.132584216919	0.100445458144208
-0.543153330794587	0.478045976692816
-0.428503848016783	0.394541072873724
-1.31550491567889	1.43635078209653
-1.08874194462174	1.84389307558631
-1.61590061387192	1.66577722122614
-0.214944576371259	0.190305229294331
-0.118799207637232	0.0941767488141204
-0.315135715089512	0.300089368343124
1.05078494912402	1.43510053672718
1.06519318543735	0.947359979992123
0.331251060896058	0.262787200337021
-0.593610763575482	0.537199369030683
-0.352537300023153	0.306501394723726
-0.0151090243983902	0.0115647108570066
-0.563880718022478	0.602098086437698
0.171602147877959	0.13381284584102
-0.941366403818051	1.11497051521379
-0.741509463890461	0.969855724125348
-0.229248489464495	0.18701445007849
-0.880681911746825	1.26041127238601
0.0414288087269396	0.0307142043169071
-0.163216775813371	0.110606292247771
-0.601735400648199	0.531440446782505
-1.03906524473223	1.1811788688322
-0.775241311462145	0.904227622915112
-0.76279798287692	0.927582860964469
0.000827525609142115	0.000308000695089532
-0.39335126025481	0.436011221706874
-0.582586054693236	0.591466201642932
0.795610610219557	0.899127924993463
-0.467772143729417	0.525292335245302
-0.479287183999008	0.373528292326544
-0.913732913759498	0.588780003972993
0.222354855329515	0.156835126996006
-1.87665779083642	2.09099312051673
0.508770450920583	0.351955312896963
-0.223399171513844	0.156221870321958
-1.52311666730886	1.62494104877517
-0.395225103184042	0.318416620346914
0.211328239883468	0.169120360402245
0.640983321015258	0.60591860265649
-0.13835409173723	0.0828572918802425
0.0424821025616358	0.0224072545003432
-0.318155574863079	0.157346883027522
-0.598912067613337	0.41072611932656
-1.19364083136301	0.734528747520836
0.816632893322097	0.575575482421052
0.0777996750016534	0.0396874841829248
-0.668331216860139	0.320505589551387
0.161954243439265	0.101403767358249
0.52911681238169	0.333256164769609
0.242641303346244	0.176241811719847
0.130122783856739	0.077822497160862
1.37810768306296	1.59223961470227
0.532652386578265	0.333306261778788
-0.894496418812669	0.819423896742189
0.109827211651814	0.042359600467589
0.425786062008267	0.298035852711604
0.125620932960194	0.0657537585661324
0.15325467383237	0.0742174511579474
0.623058432645519	0.363627335589331
0.364030096457539	0.331163705681716
0.678369443798382	0.597639650872046
0.410719965226283	0.325974379027042
-0.445567789352573	0.343421693685092
0.126670696981308	0.0826619976268599
0.533344049071112	0.492655550969819
-1.39546561051648	1.26889204104711
-0.227133718964512	0.13165499642964
0.558989192623209	0.482654909913767
-0.0504405798695266	0.0321149231825432
-0.428748377295927	0.295415024542121
-0.187590037741326	0.138852217247505
-0.419513677028042	0.301946706612458
-0.416584874632729	0.267103957438413
0.0555586922648852	0.0335188235073543
-0.754211862550718	0.631522701234562
-0.951123603382061	0.893004616670768
-0.0471850443105574	0.0363067378792643
0.47078286128129	0.3489284466774
-0.492199053742078	0.438559907827858
0.471672980010235	0.400716689792731
-0.166235349983254	0.0889342820593627
0.193074406186397	0.130562717557507
0.197279583386816	0.10665270175051
-0.0354055789069082	0.0182332433063948
1.14229440544741	1.89236109422
-0.218159673578626	0.179566931972333
0.115221689742718	0.0741282893991309
0.444788724153382	0.433185952649347
-0.51501775188009	0.559453360553865
-0.351244075169743	0.300370308306697
-0.105966252421308	0.0692690099260901
-0.627294373020959	0.591357671676633
-0.350493347728753	0.299969793314507
0.293876099856865	0.271146109742841
0.679903078622515	0.625334366724931
-0.615703947624386	0.62342190810714
-1.17303891105844	1.43617292852527
-0.682418546749489	1.01030313815322
-0.656633543656661	0.701621195017768
-0.257409322814783	0.19423663896586
0.235954299986332	0.170834449850346
-0.776018230211127	0.872302369702716
0.654457393197168	0.52527698965209
-0.472660750209028	0.495713865471721
0.110114999160513	0.0656031773093707
-0.354175650008393	0.206379588674656
1.23834805976921	1.89965479295439
-0.555039376690443	0.438874290993997
-1.03455714915106	0.843846942772441
0.185589394460752	0.100870441264192
1.54749847275771	1.45849241568107
0.372144527560648	0.264537270898281
-0.0862188358488631	0.0544357233328072
0.967760752129639	0.727520769419752
1.01613083867545	1.13837312306012
0.946267176849464	0.694052617427881
-0.099967413678356	0.0430577538687549
-1.18522925805276	1.07154524896036
-0.11418334254408	0.0497391365710382
0.34276432017471	0.189022982109203
0.867826570114197	0.781763043158827
-1.09301384376448	0.664390377209704
0.899324295945607	0.582446792565824
-0.0239647565838886	0.00854823435838004
0.23688031691075	0.106134706597265
0.769268946487823	0.753591790174948
0.351725885784414	0.221808744610651
0.706315033016421	0.498500533388468
-0.221522678490253	0.133363724951724
-0.306806383050486	0.137020941676288
-4.67817261403206	2.69935269387235
0.240517044433338	0.127653561920818
-0.100039814974627	0.0461761113760991
-0.252912773762055	0.0951522549220939
-0.00244391165064447	0.000991480002286687
0.127997520539004	0.0826776062424329
0.222778599008554	0.164020354517694
-0.498086224147013	0.377356644499744
0.404196479150653	0.367188641885316
-0.193328817482033	0.133318140355855
0.540495500353316	0.422035188158263
0.241195404056386	0.156950556750996
0.342290325443826	0.234069177365063
0.62738394182427	0.522885374754828
-0.626402930731135	0.479757691348992
0.0138833138659461	0.00869169450315359
-0.586483371720155	0.561656699732898
-0.398137804224028	0.313806305995036
-0.563436342380631	0.404109897384415
-0.485643894202929	0.361107662810434
0.225171870254663	0.191445158705019
0.345009449013902	0.214103960015808
-0.733403929167513	0.678946331677223
0.266366573104875	0.18282394136997
-1.69354154754155	2.2322150698942
-0.838579292756231	0.618322684208411
-1.610015874256	1.22171706069532
-1.09800145030903	0.68309207337047
-0.40792810380024	0.220124194691018
0.361207424066671	0.259508493407494
0.213085621698555	0.122046859180684
0.245630617696158	0.215220400316556
0.247561737841512	0.180484846776335
-0.214114230908247	0.153252803618412
-0.564405695674205	0.599784138804066
-0.283437407355033	0.294567341382103
-0.777882362261525	1.09589808427719
-0.0917418852813678	0.0643467973206143
-0.741533231930653	1.05433497118673
0.556334360241623	0.48165816249216
-0.411115057521765	0.43467686459187
0.463167374143635	0.411112772583406
0.642733865056175	0.608502720973745
-0.0864648055428607	0.0626611785510017
-0.719789849744151	1.03089565502547
-0.303715186951858	0.266305832544756
-0.238447160294338	0.187968893259104
-0.354249635084163	0.2002623785281
0.137863901215069	0.0946199230399349
0.499937979486784	0.480384772903833
-1.17620397729228	1.03433065552945
-0.171411688481156	0.0719601163743867
-0.344803124540569	0.228915463955696
-0.13384005879644	0.0860656810106493
-0.126118292850297	0.076910953800614
-0.712107547146604	0.630442796819453
0.0229902824276974	0.0171183459679024
-0.0500835078195228	0.0299421013579402
-0.101233280069851	0.0689788728000939
-0.212908093231207	0.108612296603149
-0.904243746774147	0.579143083968464
1.81207439945788	1.84811799655454
-0.15368467581072	0.0827734060149673
0.127100201439655	0.0712677082245175
0.984401403956532	0.782190142439467
-0.163747000381389	0.067561368623397
1.25604285296418	0.874272480420625
0.551434132025428	0.205612163968176
-0.098210247487165	0.0446602316381735
0.509877639889896	0.254363214026384
0.863605415342313	0.496270092019763
0.432225448878419	0.267032185594394
1.22159894686188	1.10816706092234
-0.142621228808949	0.0768016563686951
-0.678234849587379	0.475263214350751
0.420317685279648	0.261028300081766
-0.443885832480697	0.270434595104425
-0.879123735100937	0.721119717961515
-1.78273190502819	1.21822062734871
0.146355365231239	0.0750371009706251
-0.306342173984864	0.134666761024215
0.269425208351307	0.120269389780255
-0.0989040980492479	0.0462557075037909
0.726057226878872	0.585433803975546
0.896019927552489	0.56304570963389
0.943480432072214	0.663646412557192
0.767768226980566	0.502879990175092
0.359918387740725	0.202850607091513
-1.42348936181908	0.815895771108139
-0.323070867374509	0.157311867007286
-0.0213628166880731	0.00976168822077529
0.263858919171563	0.206151250493142
0.35873855428638	0.296811341301826
0.158040554186454	0.12351590247898
0.103268908550704	0.0640465303455837
0.247515942095598	0.178097661669201
0.216081764573664	0.143712896681249
-0.23333510150608	0.131119600826964
-0.504551865911116	0.41707794151132
0.58277112668906	0.405625511350781
0.390123885443733	0.259921862508737
-0.216363837035381	0.139289345352431
1.79782559521462	1.559523292435
-0.120327144433187	0.0529445454966531
0.0282578122590431	0.01487771647009
0.341996064107892	0.290900358363428
0.445713012816073	0.23362370697495
-0.587288040087793	0.476073564615451
0.122698130162827	0.0627670096427048
0.312751262762847	0.203312394968818
-0.563822369445735	0.469717000762859
-1.05035143450869	0.733423550928486
-0.0238609540272839	0.0138487325084111
-1.8758173894342	1.31616078835406
-0.769990909592567	0.587157752077579
-0.518555154232584	0.405252577815611
-1.78469073660722	2.17831448279644
-0.714248109649648	0.727487453958689
-0.802790634318427	0.800993754845042
-1.34873223862213	1.15854162202038
-1.7502557874649	1.84840539072095
-0.0665515008594837	0.0308826478274458
0.619327212662639	0.454993556840147
-0.301955886179951	0.190857996923421
0.487120066349392	0.46751816746525
0.744193612000664	0.645802403640475
0.474331068752383	0.390427148132066
-0.104347629773348	0.0690555819973385
0.266184322720538	0.196433048588235
-0.409191772080851	0.310448435634853
-0.0699105374311366	0.0475517507270781
0.24275226513682	0.181821617237451
0.179243275755606	0.139649275800109
0.875119772593828	0.728743109872169
-0.120109019087211	0.0873053159316346
1.58163870759503	1.40503803391654
0.512769114739235	0.452264710251347
-0.140350238863391	0.106295486414233
-0.372235952063646	0.285007468263428
-0.946454925930063	0.815582733105026
0.747655221446954	0.614862689452059
-0.306354720833776	0.15690490982453
0.962457260493833	1.10769120721321
-1.1801227056982	1.06883095546763
-0.40755566915192	0.219839179737397
-0.833221946639968	0.582326284798101
-0.465773740190412	0.334810556526188
-1.52914063362213	0.897296874184917
0.128433542721783	0.0651004558121754
-0.760598223428177	0.621711572163553
0.169917172357751	0.1116810822891
-1.20050654987006	0.919619036542094
-0.127834830468342	0.0684239645313429
1.63149103931198	1.35481922007499
-0.110039261313481	0.0620503650345987
0.31304030335624	0.235929337160439
0.788799811517127	0.519772851883401
-0.534308060832423	0.240393814800135
-0.17438252471931	0.0883058454248252
-0.45593130572327	0.159098673126773
-1.08317831609479	0.486207559670637
0.504449005000968	0.206763872715122
-1.05997544899975	0.493158074262209
-0.168217677952382	0.0697502997503556
-0.225373299328239	0.107671383506677
0.180426458472165	0.0991890569500703
-0.186950283260641	0.0952325282500096
-1.28228300040701	0.849811064884307
-0.151656714091316	0.0841627976548228
-0.0658236782550195	0.0339736242903628
-0.0522758775321174	0.0269093841312211
0.746283154706934	0.462192817257755
0.352920566718082	0.19399909535821
0.546503290030991	0.418090633809485
-0.173615936166293	0.070202920821731
1.02558579693621	0.521104132809196
0.157846701627012	0.0757631783439865
1.02231215655619	0.544917511422221
-0.735744312718432	0.425417871012791
-0.0129473034664439	0.00453252026901778
0.673062709134796	0.35716117972652
-0.146615755429939	0.0789731885446646
0.711843237325694	0.311063549693177
0.839584513261705	0.655949316927351
0.634726116618802	0.383738356179602
-0.626693000280246	0.237461138577178
-0.412483024532209	0.201347447176985
-0.0873546449888946	0.0419705060412508
0.0780147917615772	0.052930847340598
-0.45636328406643	0.308854018868009
-0.703123752977151	0.626217973428983
0.771090393346585	0.676314908978131
1.62255407256915	1.31859904033923
0.198209264785254	0.134197326582807
0.433855210615142	0.301197358622555
0.0349954639864996	0.0191803479651389
-0.239905441323862	0.157827312134908
-1.64086686788792	1.32042570495629
0.367230126048774	0.233564235378808
0.267851290740649	0.165316505963572
-0.307884023799729	0.21600792286857
-0.703966909097441	0.655459697114562
0.00600948691229439	0.00352943149560589
-0.395965842069768	0.314659796494967
-0.497754845632778	0.285647027767465
0.517826299943129	0.391823469836347
0.0166504437931332	0.00865500318033801
-0.657487245890064	0.476439657812423
0.450582760145489	0.296871863771659
-0.419447867111738	0.305649000329361
-0.750849941556664	0.512944047339962
-0.315661020953804	0.206109967734249
-0.0143072867042583	0.00982385686738889
-0.680526557948128	0.644514977659841
-0.607547650464004	0.426250526272704
0.0281294561639883	0.0148892946090003
-0.828850211107321	0.580503202373763
-0.308567767026084	0.185633009662736
-0.750095671837706	0.719294663934701
-0.133387699090048	0.0907942211191336
0.720947967111163	0.556810762683488
-1.35133524096464	1.72631752548662
0.0170621501995599	0.0104791507542935
0.0943153289009227	0.0602215481392006
0.551522974192279	0.425908805532613
-0.121090941587216	0.0837439070262979
-0.140263218727959	0.0966599895402683
-0.71591843961504	0.677857337917897
0.272565165221691	0.246684571460577
0.290015853665398	0.188295432527982
-0.405024307330043	0.306621982569673
-0.662344451711367	0.630063417461454
-0.0100503241567861	0.0069277183904422
-0.742663589168638	0.650915073077775
0.0267927196854044	0.0125632381132335
0.387004430630316	0.28888188656757
-1.123536950279	1.41543969286159
-1.27316526616032	0.994425022735339
-0.22876220188962	0.141139811693633
-0.513437378237685	0.422731202513825
0.267490030323721	0.15958360921768
-0.447855378537397	0.233053359357328
-1.21923449928392	0.94972059176955
-1.07892110151509	0.99095060796674
-0.137503868763299	0.0871569588869141
-0.371968854452454	0.329549904428146
-1.00808211171949	0.57933235906759
-0.759510780563894	0.634810227214541
0.119538103344204	0.0595548397819487
0.711197509311498	0.493657249633188
-0.136317520962325	0.0778682617275446
-0.737302923962623	0.423706746405946
0.433511711593891	0.201285123855707
-0.931134032957141	0.412834189895345
-0.289958010497955	0.129223279097973
0.386321131748002	0.21303470971895
-0.401796929716111	0.192987041921349
0.341584722120946	0.219312987313615
0.968370077755644	0.854067987180734
-0.631518455079805	0.471442565800171
0.0500143263831957	0.0294441746338498
0.247341354690165	0.160303184619688
0.238160168998732	0.129619157984745
-0.532207543667709	0.348638858607522
-0.705794296837485	0.497888888277468
0.24898613275198	0.146705241426718
0.223436254608015	0.12326687569136
0.113901215908996	0.0619851338322414
-0.280427094326679	0.151949921006522
-0.976150846528814	0.668940081582555
0.0766657310050056	0.0258718630462373
-0.420260883642666	0.200326728405755
1.634776766878	1.37937893631607
0.287044746298412	0.11609759281799
0.825632578649745	0.656662646318563
0.0229955766042628	0.0106389832970213
0.292540502441596	0.116641322066972
0.0902570086035943	0.0306988910018265
1.05544924382562	0.621466475432773
-0.816744101541588	0.50057162362131
0.234867561084095	0.12766105936107
-0.608501293294363	0.333064383967394
-0.0372420493983387	0.0213950993783811
0.539826775891957	0.285469501102864
0.110027400579094	0.0761645394803471
-0.224234981593041	0.128752205431612
-0.296143845820777	0.193455538851928
0.422105417114814	0.371197333521896
0.702418638523827	0.500150777990535
0.174557873004656	0.140947768132249
0.933772085181065	0.678580428642288
0.856992526222787	0.849837611947821
-0.804467954711355	0.762836939314799
-0.163464245488805	0.089404016983186
-0.0687147954620169	0.0366084490081396
0.536520871690145	0.343941138365093
0.262244392781459	0.223934589308301
0.848588613465755	1.04480512910501
-0.369846175653846	0.317859918435661
-0.047012268365272	0.0249675186294188
0.237979428134955	0.202434450253408
0.168613389771467	0.129405867269941
0.00151157612293657	0.00123353037393796
-0.22552063175594	0.150633858101611
0.813771534793441	0.611993732134895
-0.648632638505134	0.544680130931053
-0.216806614933845	0.14158169162415
-1.35116681610239	1.36150855368575
-0.697267217096695	0.590068782905093
0.688585038201367	0.601920399360933
-1.59866323527113	1.24454277925417
-0.935826258254087	0.796563427097416
-0.387398937869108	0.25327220820566
-0.057213858752319	0.0408100821449793
-0.593679229939718	0.509664358290298
-0.302800731857288	0.307448842400527
-0.112873500293987	0.0928259897912982
-0.508944963869042	0.552162135534668
-0.872008006805192	0.679377692189486
-0.00753111252253983	0.00428714420726501
-1.76940133894534	1.86454520100167
0.143425163476474	0.111826497208438
-0.871024955689941	0.915400105243543
-0.158065741419027	0.0973325579490841
-0.286525208579599	0.188734165252965
0.583896097169056	0.575521945067795
-1.34326608749705	2.37502000811974
0.266636987712854	0.186071705268567
-0.357400725425776	0.278486429349223
0.481085277426299	0.421635778471949
-1.37210712470244	1.54984088388965
-0.325399317678614	0.259791714066125
-0.0345338866857353	0.0192501056645076
0.501645473267078	0.441514678211363
-1.42385235503097	2.72907491627927
0.545340736502632	0.419506349919655
-0.413757187748165	0.319960459548921
-1.2711523535295	1.77612267256081
0.664635381371229	0.651625632028296
-0.292958051900472	0.259625522690598
-1.27813651502391	1.79084076899989
-0.814741425523228	0.889651742544472
0.211207547623452	0.12152775954988
0.231305900230628	0.188352827884443
-0.88732580563156	0.734053161885386
-0.518735185327205	0.391393376334926
-0.678741425546504	0.577339158501753
0.132875411277567	0.10974489845194
-1.68849684583647	1.60282677200336
-1.79544251249099	2.62075472855873
1.33505065609892	1.27056627352858
0.137271666066124	0.0744886430504372
-0.352244674431696	0.239558995362229
0.02709693420205	0.0165386758267608
-1.77805531683516	1.19919134986166
0.75297101656803	0.458515514212376
-0.699134993532006	0.50397492904648
1.23203083544756	0.944014931321747
1.05554564881167	0.617574056272891
0.456440021484586	0.252103322170276
0.813342235528859	0.590403785922642
0.952982951574024	0.860700106697615
0.497117765422701	0.393589017112796
-0.507981133434513	0.464331792166032
1.75722993250725	1.5225537998409
-0.240232826164019	0.136484596159392
-0.383296560549367	0.263691144203764
-0.758339473770357	0.66637107494577
0.133118832608606	0.0616615383063458
1.5402715699208	1.94100008449508
-0.750354764944606	0.625224342392632
0.0511252674720606	0.0230856200719529
0.153951920818844	0.0707233215022753
0.751281843419871	0.60851161082772
0.225141919791764	0.115599427398352
-0.569942461187513	0.25313977395097
-0.333331758943663	0.191782530358236
0.27117127780002	0.135019568642033
-1.7035845031417	1.08629921486348
-0.402852407687179	0.217290609449939
0.147164899781812	0.0729180693903053
-0.0416731517851654	0.0266260568575765
-0.0963295123775709	0.0553111513034417
0.0416286301889068	0.0268233342169238
-0.244835218075793	0.140127948809004
-0.337734206081551	0.169548171019158
-0.371956336297869	0.19714855358424
0.10979461877194	0.0636120734011796
-0.0700034668773311	0.0334334565764348
0.206701561181757	0.137767815519753
-0.20309225199035	0.132410295726294
0.974385033384293	1.00949784443279
-0.645525912461072	0.643573710205617
0.678379133674565	0.649181152017616
-0.0201790348260806	0.012812882697058
-1.73013966947841	2.05701763879044
-0.0714531880531052	0.0329473420733322
0.478003271381133	0.377614224562852
0.197727045635808	0.159871858680118
0.400138794498164	0.38604016132441
0.410945376652102	0.329523987566284
-0.818425382139778	0.770971559436569
-1.10084657649362	0.935780461573752
0.85045910227991	0.988089167852982
-0.242559540685381	0.187750524175806
-0.365310986265725	0.354388048291073
-0.113271814643982	0.0901828217709293
-0.104493874253506	0.0735422809591502
0.668613765721149	0.548755793501516
-0.277716708678287	0.235809668414106
-0.268977821159674	0.203124196810048
-0.317740425459276	0.203638514113419
-0.170402953575825	0.106021815101967
-0.362582339095129	0.242571580023643
0.199790121098215	0.155568929657792
-0.608731455713257	0.408120849575151
-0.930646291276864	1.21081045966211
-1.12427255198949	1.62599271630882
-0.769000110763044	0.819894793341913
0.122062527497565	0.096105771179847
-0.149449889493557	0.109149291478416
0.476367353850929	0.376306370165104
1.32242510503305	1.81162547320599
0.197093461405132	0.132843442552438
-0.113779448838746	0.0814621797832711
0.0198934878107082	0.0140273077402511
-0.127370422649367	0.0924748746487583
-0.189482980854859	0.155858017626249
0.353762623093376	0.34103356137412
-0.398076145140586	0.419925202923726
-0.984521063820603	1.42358139812047
-0.414825900220698	0.312398067718605
0.33170069655861	0.260942208981442
-0.65431031482056	0.878141274882963
-0.0156334371820849	0.0109227350646489
-0.164936900384367	0.155670068976179
-0.526054589209549	0.426583118013178
-1.48588055608613	2.99324508541855
0.635928292008124	0.712776714415723
-0.093737730359414	0.0762924940953572
0.147525493524419	0.128833068559999
-0.359306826249298	0.320363875243109
-0.35636396072339	0.258949149322962
-0.317171577019987	0.27918766879078
0.0605391795630787	0.0391912727289011
0.555023986609802	0.446606041910044
-0.051858417027562	0.0376674837989489
0.657973251247764	0.82044913537434
0.470003832463232	0.376722037785272
-0.1475892768588	0.0905223682153587
-1.95963457459733	4.42151007610637
-0.239713500764148	0.211414442438416
-0.997833173532009	0.942643387525511
0.723917420818416	0.56085104194819
0.215544447716683	0.175414495403237
1.02919371340114	1.06799328735888
0.73791037598021	0.609844364009963
0.969790827511939	0.793983231489682
0.442386886572823	0.341732087406604
0.194694217119012	0.107830316160947
0.755740838238705	0.618363098722731
0.299985703607055	0.179366914180645
0.729227772335393	0.609601025289322
0.730192527746732	0.431191097964717
0.678101931413208	0.729387677547053
-0.33272146958316	0.199324489204669
0.762520787387766	0.872250773588021
-0.898119345648774	0.489848959290916
-0.324741430091709	0.230280792727991
0.96232242666499	1.06461425626646
0.961961010901594	0.793581638378392
-0.537500068093979	0.370851963867128
1.46839212351365	1.57967002206042
-0.58707557171493	0.358011119863434
0.445078772734081	0.238903250098159
0.562483657714549	0.374745635307607
-0.88007617481997	0.459829258373057
0.592943495350192	0.405322024052113
0.0590148328724369	0.0352581338955329
0.321918044404929	0.188394186213367
0.165696452572353	0.0919019585445756
-0.79380895443972	0.754416247689004
-0.716690310907619	0.682404304975567
0.258009243449793	0.210996109958299
0.350682820697952	0.246898330194219
0.19829940217034	0.139151739685827
0.411157036763257	0.309519485480445
0.229769932082949	0.132330347798343
-0.0467797421332194	0.0363901199094798
0.138200811474441	0.102296573447777
0.381121972350906	0.325693378280573
0.483306715765399	0.459687620244263
0.100946257051896	0.0589577861986528
-1.0330215836037	0.923494148442448
0.0186393929848347	0.0115467329327508
0.152428609055597	0.104011604951857
0.373668004711444	0.402916294681562
0.106933488252177	0.0725215805872104
0.105377914958003	0.0775106021668427
-0.150346886137442	0.116702603775084
0.121999399449672	0.0987464656329467
-0.370172043452803	0.340344760297843
0.328139486627855	0.283550918647952
0.288288336794087	0.268485729327456
-0.495143007915471	0.430300498416063
0.574181915683413	0.525873512135163
-0.810277885867769	0.868355818159158
-0.344408363297236	0.280491205433708
0.0908288977598402	0.0588312606626664
-0.27340399310726	0.214886664882403
-0.825265714120491	0.644890148146591
-0.980499841060286	1.0708650211913
-0.27421928545221	0.235451421848043
-0.0528334360054652	0.0432456984093141
-0.176588030171378	0.144718502327429
0.011023938772138	0.0085503696930467
-0.0441899119450459	0.033709351450518
0.0227652644072402	0.0151047152514273
0.470434434421197	0.378492788107839
0.56485576158505	0.513958820452954
-0.200362821552838	0.141157319503824
0.229903488363175	0.197786189676265
-0.489941205899233	0.395908570276461
-0.695034660754186	0.660568838238353
-0.965613389703188	1.46134736045082
-1.93796236020685	2.99135408351119
-2.14820926624334	3.29590182370983
-0.321239160489525	0.315963875205645
-0.605616510093381	0.641515325169269
-0.359511259114049	0.334135808546515
0.237432269748025	0.164483018881628
-1.53576550763181	1.82604676178603
0.143609355458619	0.119175260960424
-0.232929792273298	0.194562326636645
0.267287897858996	0.254862142471109
-1.25802903769397	1.91636072275216
0.192158499736885	0.152420337341264
-0.821868972129244	0.566785198690696
-0.286596950396189	0.263964843737158
-0.591478555220427	0.631408696404358
-0.236113735856096	0.219121882914876
0.230748691839294	0.171126435651139
-0.841226300109247	0.888880130912479
0.186108300703279	0.142122380332458
-0.19961277273813	0.151474606659483
-0.399546341131183	0.336170425644144
-0.0444639055679314	0.0341694800591485
-0.188301090272249	0.137083120273255
-0.0769887633334109	0.0527616817839234
0.74003832729079	0.601668007187653
0.762218275836409	0.760097269496293
1.34848476425327	1.60757440157875
1.73706412024003	2.370569208902
-0.376375937791362	0.248998657027061
0.95138387258875	0.875577123094281
2.14123701919422	2.15661972194535
0.943158617497051	0.892955091607803
1.29242795218408	1.40434729165467
0.521104785005758	0.35946639458049
0.838102650102209	0.637126972721478
1.09707246661071	1.25175762562868
-0.120037061619888	0.0739617338349621
-0.0071393616601769	0.00348748574075798
-0.152531264361185	0.0921913680106469
0.181959604398468	0.128347524643726
0.696576627258982	0.669128669157904
0.422225325881552	0.297968642124225
0.191454408431832	0.130858589234176
0.37100132122903	0.238158236297928
0.0195500585905041	0.011094698488353
0.579843153578641	0.494899621347247
0.654818040211689	0.431306513106841
0.50104678897148	0.384474309089098
-0.165380112525481	0.0885561823420102
1.63348524872319	2.55445298479077
0.331356930776317	0.225427737138078
-0.295235985402436	0.220757798626595
0.200576621437638	0.187895905007103
0.216329142275988	0.180644366379765
-0.0450703514431863	0.034075646646395
0.384950210741038	0.305693779320173
-0.0543074114207345	0.0256720952175652
-0.0673652411521271	0.0416760302842496
0.275968736185531	0.198707420695564
1.46165347059758	2.47930863688222
0.133772342932029	0.0886262077658748
-1.38540816501718	1.72636423896098
0.563749429761289	0.456484852715109
0.357607105886698	0.215432553869207
0.0881199620703059	0.0601522331736114
1.61544224501752	2.31814292621505
-0.078895815089062	0.0459690384804394
-0.042165830366489	0.0322574851121346
0.485403161657649	0.443083105475183
-0.137261105734744	0.0902765937220912
0.845264544980528	0.861718497580718
-0.0108187094369513	0.00684249217789078
0.261336084616694	0.228596557712293
0.155734955053959	0.106423822227606
-1.66659023516797	2.06252046832691
-0.302281570182781	0.23665090312075
0.131852772278503	0.0987522363662066
-1.36794718581909	1.1826451714165
0.168194820724543	0.126136925471468
0.477627264983073	0.420904402851567
0.930961921698425	1.25247264159672
-0.114631019497469	0.0853349581146665
-0.0554095363823523	0.0374234253319397
0.415894338621296	0.346587908297124
-0.390393814846557	0.362861634415741
-0.635654856382672	0.612807785995846
-0.0521547304746214	0.0368550579584607
-0.0712030645261565	0.0548546013716333
1.08102264671108	1.03011442872946
-0.38553653214832	0.265872412579663
-0.047409552023148	0.0294223209534264
-0.240598313229387	0.169142890795468
-0.93532334369457	0.903835135750027
-0.206137757185641	0.157852447728454
-0.167727076155926	0.130052413259174
-0.437533390401499	0.42456219030621
0.123893764788651	0.0710618978374051
-0.388312196925367	0.325938644440475
0.315987791803697	0.233521650506475
0.307853725560625	0.243775549996716
0.651563979513942	0.552849832760421
-0.590108374230607	0.566657269395211
-0.500412881512258	0.366588237322995
-0.215225085079386	0.192478791013659
-0.700288827665653	0.808886708965744
0.00360640980953656	0.0019620342516375
-0.309564466222833	0.262657541629535
-1.06553409096387	1.00310552039113
-0.69264301358191	0.552205977083555
-0.660345551843798	0.410617592555111
0.329404776837059	0.296860849483212
0.174538505602749	0.11303585153918
-0.678493266560023	0.739139124544251
0.297619306112946	0.215252941129981
0.326550000913928	0.312388136439697
0.0177438467731592	0.0129413440694488
0.192044068127331	0.153442946494198
-0.446400543852064	0.245363669004958
-0.399013859293653	0.253414373421238
1.13758862098722	1.42141506528488
-0.22134421428283	0.141577485119285
0.146220626043007	0.0895986198525224
0.37273647423797	0.241292947956648
0.311267336083919	0.181952612330669
0.109474471446332	0.0527127615620022
1.07250720493606	0.833959640370509
1.82015164279358	1.91385090599998
0.26753730542191	0.132911411362757
-0.127206603895996	0.0743778415253078
-0.167087874549252	0.117552487707082
0.495482614021683	0.459503440446787
-0.442454861684381	0.264370706720786
-1.07360041390985	0.99436466463938
-0.157206541061549	0.0962566592933064
1.04670295202271	1.35079080747197
-0.117671288506611	0.0526166893394907
-0.0676540026435952	0.0385140483298536
0.130518916878999	0.0660221196731359
0.433334356072518	0.378515946688516
0.429586817836671	0.295679319737961
0.51370142949601	0.447283053790926
0.827614844871754	0.691259890137764
0.00795914038715465	0.0043898322781057
-0.0213149299285606	0.0109890604946329
0.13000362014885	0.0674092645742311
0.095508496947825	0.0590288811266153
0.470537099590788	0.370456705176514
0.572433426638033	0.489773947628253
-0.84508049348251	0.89087105855872
0.645875608707995	0.608081008886984
0.545562376093452	0.481388120664238
0.389892437059114	0.326820866590624
-0.339490792480389	0.265955480727499
-0.210497350416712	0.129106902665449
1.45226246700249	1.46364558472468
0.767991746002954	0.725183333437181
0.921928409988017	0.95534346583795
0.289111136383987	0.218560550609753
0.484878412974281	0.481681764626451
-0.0187919327258466	0.011672447201757
0.088656275637103	0.0673301203876663
-0.327496435745279	0.20800011217441
0.0452547334297729	0.0287681811903571
0.174739744692766	0.146340296986507
0.181354021562568	0.121175822410496
0.179426904422907	0.134769119533365
-0.228085178216628	0.186094241451063
-0.692115716595587	0.646190410813762
0.21666897466117	0.192787617611446
0.145461544945304	0.111643394431446
0.0878790687111428	0.0534297519409635
-0.489105597196726	0.422213022808282
0.218771890056747	0.152993330490189
0.534623056133411	0.419464691602994
-0.211564051832175	0.151030180510053
0.375546266651597	0.278212330656223
-0.135534948854729	0.0844004046349084
-0.23997451736503	0.212427878818707
-0.573465105510457	0.551933088232516
0.0609206591730014	0.0505962485466166
-0.00838455369456355	0.0063428032203109
0.12273271562649	0.0931355901118182
-0.361855581620944	0.317834042736665
0.0682003834476491	0.0497935555879982
0.787309602141566	0.854195191622101
-0.157862940939818	0.0868010722972545
-1.15013978157064	1.3400905279925
-0.0924906064175046	0.0690050728545304
-0.895951232513446	0.824137824364472
-0.500096283782276	0.614887602459698
-0.402118712565712	0.436599410424514
0.469132817199961	0.476238544102648
-0.16393419427213	0.125309484846231
-0.804380747786122	0.792315462213163
0.494009002309374	0.472059239663642
-0.198363088001701	0.160206026226833
-0.282533390575257	0.269611043900252
-0.0383797973984254	0.0260971878114723
0.50335630738643	0.364630242447783
-0.253344185811284	0.190142600278953
0.184614983378755	0.133091878050827
-1.05476352189746	1.44679460343966
-0.166371746744595	0.129293176264269
-0.158692273658444	0.0883072363181636
0.946143542327026	1.18545952759219
-0.479031111772187	0.405088929522334
-0.133137098857506	0.0986462959289864
0.500833844276045	0.53973218289033
-0.338175193776284	0.31813056793616
0.0344536300597963	0.0257422383383827
0.227503355941319	0.226843965584222
0.530889251528296	0.443840269362938
-0.104463851656049	0.0842588983138421
1.26782376081254	1.4173412323561
0.201205747787746	0.162075817167242
0.405626314403192	0.280926007706217
0.385920412274047	0.252107039144562
0.830852956916818	0.657339283894263
0.742361108147053	0.59110932602577
1.51512618888029	1.40015150613986
0.667313146685672	0.56094105004689
0.946917946777238	0.942646056863814
0.909176399993843	1.00299220175178
-0.0848872736616446	0.060523319832815
0.219637912328026	0.151791090734824
0.199083305411358	0.138317625696929
-0.66139267050549	0.748292505103469
-0.26436611220726	0.175607996864657
0.0129635176644332	0.00801819682074077
0.749495160730564	0.620651962433244
-0.0615516950323485	0.0322664780869842
0.40113891627705	0.347851201316609
0.318466258253758	0.257049359857711
0.853187538325876	0.813714584579095
0.218652391664528	0.123050442033653
-0.0616099397556571	0.0330620815036318
0.560287726555853	0.476431220267464
-0.0355661284144114	0.024021651107625
1.86055011114201	2.29955845885396
0.408981733545232	0.418378483557752
0.177172376234793	0.110411789372197
0.953196106144988	0.822543901529128
-0.312679047820832	0.158966024284765
0.427922482170438	0.362460904790709
-0.514229701503779	0.382302123808984
0.173810623748159	0.123738463170855
0.498322379867153	0.437335612553028
-0.501273282563697	0.398540908211843
-0.189172258011848	0.135252893026479
-0.991841045597558	0.759461463735697
1.03970563929876	1.37621975396889
-0.00884719442598141	0.00615236207626618
0.120552450154065	0.0887313106998864
0.170340047866228	0.131021882415026
0.187072418955432	0.123100252170147
1.05077320790517	1.20501154159959
1.09834487469979	0.859792817567057
0.284566178155633	0.179829070679965
0.832392917887089	0.767876183125472
0.114850750176674	0.0633613803609225
0.822941045882052	0.844980030169772
0.00471153235530426	0.00327278680621265
-0.25518815599811	0.143336178754244
-0.393080689628885	0.271840389983592
-0.0492164866354836	0.0277468704913331
-0.281287896963655	0.182495451648497
0.197874538123888	0.13909478375044
-1.58043734210141	1.55037066640823
-0.457193045104214	0.349821991191297
0.61453333177499	0.655506648778811
0.161078631687371	0.115497058835237
-0.866501120910539	1.03323889413801
-0.693415455011184	0.726655358971111
-0.98393787339058	1.35277888276857
0.0953417615957963	0.0605469091833581
0.10410276356601	0.0500403727385086
-0.529766154792731	0.458771737450654
-0.113071771109662	0.0750890665922418
-0.843574609594723	0.615520887269461
-0.945685356947166	0.928993619408349
0.739975771905045	0.717450301960936
-0.758756737837116	0.631126641329834
-1.13414353191578	1.11669826755795
0.00718728434222484	0.00423510315100894
-0.252646299804788	0.191183641800386
-0.248499278268636	0.181990770529073
-0.320529918940502	0.268047099749348
-1.6534009016218	1.29827835782126
-0.733676440985157	0.612148676790808
-0.400093461787177	0.260440564127169
0.358623813604187	0.360289126037113
-0.063099760577261	0.0449063890904951
0.397975024194686	0.434872216725377
0.593669647774298	0.656619418417317
-0.80383601258446	0.637765641744388
-0.296369835638011	0.243122452604783
0.427876217050305	0.359094843870964
0.0460421825236261	0.027604253970706
0.0100303334629124	0.00657216609759151
-0.237520163305082	0.218981710816097
-0.540648060061457	0.603919242783863
-0.363676258351879	0.248958221300297
0.136972157319464	0.0693365011320676
-0.480995305179057	0.373079830468227
0.463529637348234	0.389740807222138
0.280374003323087	0.194317244935113
-0.0716431212921003	0.0445801189299266
0.570245248119756	0.488287146026507
-0.0855150147074108	0.0452210979739906
0.480196552189106	0.321576635381104
0.735013439982695	0.596476913548515
1.08986227359983	0.96622951402992
1.35419260925764	1.20221439870701
0.0666145888389077	0.046815532116259
0.135546501739757	0.0901551933032705
-0.794521774660838	0.615827910405381
-0.385191644020862	0.239312377594595
-0.705518498350361	0.674739809463531
0.0161908239201171	0.00921192531973663
0.839756695988613	0.734209260707876
0.327400023432333	0.217947441654471
-0.0882190565502451	0.0630338806404776
0.479310367011542	0.331162383832747
-0.0140557884699232	0.00797767651910644
0.23018290721637	0.122506018806396
0.595533997427662	0.533328500575158
0.961835484826778	0.775648354918916
0.635146413749457	0.463295769221505
0.645894470485507	0.51244357586406
0.139739002060805	0.0676116716524536
0.195890571535169	0.106350619128499
0.388911585263497	0.313528496458841
0.977180407594273	1.2749795285685
0.475951447682362	0.317239829839585
0.0911173381623518	0.0624655871892997
0.0599357257935276	0.0409797690031248
0.385880119200128	0.37782510722974
-0.884162426145534	0.950962740535363
0.977210154077825	1.15058579007558
-0.195777789376185	0.12998940689549
0.167219520447313	0.113810387747786
-0.414137752531773	0.332155968600815
-0.600562721927967	0.449518781801976
0.419763762295156	0.367037488601769
-0.567011208022857	0.512979468539515
1.43166815759431	1.94415604615564
-0.783435046706144	0.875724710324686
0.216884493691543	0.176172843535396
0.0393105464076406	0.0313350724123571
0.559024209612916	0.439050422985266
0.397378721962133	0.254923497096816
0.323732793958042	0.29329837569282
0.0356790609996994	0.0219839982866219
0.108524802880547	0.0691122121354809
0.194136897749431	0.145783555580097
0.333504246290014	0.309347886257155
-0.14163763043357	0.086864895757985
0.177908632951684	0.141882477853043
0.20674829186493	0.133904086829646
-0.0363497980057566	0.0227128380784816
-0.0704823624575799	0.0436822869836813
-1.08968478219021	1.61329891133725
-0.122858738092437	0.08935399842499
0.665038999177926	0.752007701338614
-1.19060343539765	1.63806808748747
0.161276461045974	0.146354449751021
0.314654337173822	0.236192060636351
0.565201237591559	0.483549262888927
-0.195547455184136	0.137389211367859
-0.412406982929396	0.370219744270145
0.20284772431684	0.160504428724049
-0.248175138014121	0.203681772948933
-0.5671928904642	0.483942734679658
0.283926972921914	0.244737039501111
-1.94909541000301	2.46542463698649
-0.618561178582779	0.613644399052725
0.273763905806913	0.238514089716755
-0.0789646824194693	0.0571482672852676
0.325837822862986	0.265455681393892
-0.266148186994408	0.221678770799701
0.20808444675359	0.1432258854403
-0.145545540008883	0.0895883162513877
0.657950025483156	0.577156985918898
-0.214543289695035	0.192951770351591
-0.111156558004717	0.0678236189632352
-0.638686286967416	0.700214962453562
-0.108159683375019	0.0640201042260506
-0.00564250977658139	0.00394658125232287
0.799449142839895	0.852732464633809
0.400295026025354	0.336787782314407
-0.309313030751357	0.282775965924146
-0.28387477311339	0.230233026252119
0.203894846625717	0.144916431462757
-0.513216079016979	0.323552448606692
0.165735380704263	0.112540622048635
0.257180891779035	0.210054357499857
1.58783931376048	1.39041296213187
0.00913224726063818	0.00520252324599296
0.405339802660119	0.362847541537604
0.0940901135547259	0.0641605952772915
0.485869969300486	0.334654366699148
0.968956329094847	0.839478565977857
1.29227303568625	1.30972572882155
0.404820838287064	0.307741858888024
-0.161809580871928	0.115452327579852
0.740235622724059	0.696646060023769
-0.752410122759189	0.482486978004444
0.95278934265069	0.931747366649891
1.20667043859359	1.58728655073424
0.105395228517585	0.0684596630723901
0.54332806019655	0.378423071137395
0.235686892222202	0.125024701289848
0.929747578818719	0.763287178138151
0.187132875592238	0.102290034096799
1.46692415571938	1.44053273203729
-0.165501368700123	0.0860517088919842
0.224276614190283	0.174607893861966
0.2043465202428	0.154778737417597
0.118599320999974	0.0755239789262251
1.00906786972347	1.27195384585435
-0.278057805189446	0.150925241655884
-0.426528152924959	0.35611097334557
1.05359551988834	1.10431709606863
0.508386062551023	0.464450360784379
-0.532502979795178	0.429977619832401
0.0960296809159952	0.0557047747383611
-0.273771084133086	0.183951937835764
0.0310552781639743	0.0142264803184913
0.157789222169123	0.108433283164984
-0.162002817425654	0.101436033196272
0.726005363257304	0.761083096325763
0.117571179718628	0.0761814772664169
-0.324463205515473	0.236072563257576
-0.152284133021304	0.109442906908414
0.956431710207568	0.964352973079364
0.0228761660870355	0.012527915228331
0.442014613406363	0.305544758823413
0.557140776460058	0.431093126507406
0.300049924977914	0.228249672404767
0.453776004169942	0.375126124573934
-0.595325277134478	0.463770801415361
-1.34940274110745	0.926068796500969
0.141983372129283	0.0768582197583069
0.497926993227626	0.414099243509483
0.170348747357631	0.107457382848013
-0.148549919750765	0.106887294420226
-0.272339129849959	0.18589930557123
0.0613345000744466	0.0414898887242508
-0.00561100772310511	0.0030964945922541
1.08832375924053	1.32037063895885
0.726692739299653	0.923392892754304
0.219041750482171	0.18220737609249
0.574784504073172	0.468744062428226
0.23658259657167	0.1703901563687
0.075731408530151	0.0472022612328184
-1.83939100790519	2.71217612017882
-0.767285736766082	0.570510087218426
-1.28730532547396	1.49046725049583
-0.925877919043298	1.0532975977035
-0.345619647186066	0.316140755536482
0.320839560861576	0.285406025534788
0.814571812954449	0.596209710469736
0.0577108750277396	0.0335459706665287
-0.0501652751807219	0.0306416859960808
-0.637743941005205	0.480940014154334
0.226168271116904	0.148267410136544
0.312995004533577	0.243044268491765
0.812463387494002	0.81954463530624
0.38255139039357	0.29012277765886
-0.0766125338257024	0.0440504311052698
1.0334192724245	0.921822770385721
0.688016377038078	0.729840828650639
0.609973120173762	0.637729885222107
-0.299193172205612	0.219328732525235
-0.151683085454248	0.0880589018841411
0.733807776580366	0.616726278721575
0.775623391329441	0.743878961134364
0.84947212747722	0.708463943727584
0.229794595170612	0.131843993125663
1.0790509298525	1.08397303586607
0.503161400743709	0.350161707583381
1.16787556610292	1.11951546590699
0.0462136610069605	0.0285537758824786
-0.605779463771862	0.552122431099913
1.04515227843915	1.15672957144287
1.13494663464707	1.27327689196944
0.719531363826699	0.70953816399223
0.261629916989917	0.185646809608206
-0.896433268580407	0.748284897123465
0.951805910081635	0.890897952550795
0.455898496442987	0.354002670727748
1.03627527484584	1.00633687336722
0.534010674443073	0.335952002620028
-0.217596133803922	0.133534777266977
0.620577932525626	0.452773467990599
1.07365953924839	0.696643463355729
0.235227270701674	0.133308648075876
0.468851309140026	0.268959195390474
0.752336156778955	0.468433662460498
-0.278580918296955	0.151750575664819
0.0267422884796011	0.0139023606027576
0.438150106940061	0.32739628604478
1.71371099925281	1.6260819791713
0.535677747083411	0.333348176454247
0.488257037934	0.390250710826463
0.58303851149331	0.408797432343565
-0.23599370981259	0.16655921666644
0.755169293885736	0.655037614232002
0.505075212312194	0.392448887071175
-0.101310351737445	0.057071547567034
-1.51353897707224	1.13451719594569
-0.523958462679739	0.271081469641777
0.173767904522934	0.108036718833117
0.310213440630718	0.246489716065075
-0.261676420593118	0.177673318348656
0.728277197976746	0.561225428789422
-0.331817187249904	0.307158062322056
-0.714446265280255	0.717906593556144
1.39794786405513	1.75226808737883
1.10116037152898	1.02223366108929
0.213012556598017	0.126019370198265
0.917949095642104	1.02489765847699
1.15910485488662	1.21187859347312
-0.159854595820713	0.0919195196343738
-0.29972154367064	0.193824664074243
-2.31177876351956	2.03480111740288
-0.918034957099715	0.579558965391218
-0.722629055089461	0.720079205704493
-0.0956319708954572	0.0563071907813707
-0.0526826695352843	0.0367783590620987
-0.31444252829218	0.331275101927351
-0.764041654602663	0.788754558422691
-0.39902878750447	0.381108579807998
-0.940998027140357	0.819819536738711
-0.641896108535447	0.590550478384247
-0.0565239908012681	0.0350471837901571
-1.48756861856076	1.77363675091328
0.470322107407442	0.271725985422463
-0.479027546971545	0.376209441918962
-0.588144772516587	0.56130721830182
-0.567475095571211	0.542758961266657
-1.07775019254476	1.20776478007551
0.177550085543622	0.104414990556712
0.354515895114424	0.254277740176458
-0.239064313878575	0.157139630636481
0.0462466209738334	0.0286056413986342
-0.528455669530638	0.453561556631162
0.568829643394055	0.510616047832643
-0.0113381435387012	0.00769988737593772
-0.208069248513432	0.190403021037005
0.214149773410408	0.150839976499037
0.2313694592147	0.213000785823527
-0.344851389702306	0.317791082429936
-0.149009720678374	0.116114049555747
-0.0909978755005935	0.0451671086510608
0.470504728278397	0.360437275489004
0.465326359945187	0.312027964509322
0.432637783976677	0.306501382660224
0.108307862728437	0.0734395038324104
-0.915924454429834	0.672609723300891
0.134629721506715	0.0921488374713181
-0.185180839476749	0.0933081656870158
-0.204070368731338	0.138899785193561
0.666244195634544	0.452838332521381
0.0324114014910101	0.0225215639406646
0.32882587281236	0.194385257655483
1.06714278047538	1.06853916344376
0.0406024813985912	0.0215539602709672
-0.0454593541012768	0.0245728991128674
-0.536438823969486	0.391597956800216
0.444896729746708	0.36772832431342
0.168123642421787	0.0956641726391705
-0.439643558760029	0.265649458261045
0.363234442339639	0.234928256168981
1.37330908179332	1.61745620318378
0.233725235886318	0.125146799537419
0.649866401436466	0.510703151518803
0.726428560951388	0.428687807384605
-0.222832758953442	0.13804606030751
-0.241501790981413	0.148333880419474
-0.624973295423677	0.409417644435485
0.841091767638368	0.70638945861133
-0.438363347824861	0.403232799733217
-0.927545572684956	0.778553192421509
-0.0906282224239747	0.0514576906744383
-0.144179956416688	0.0748733779098161
0.382131842943348	0.305900014315303
0.0928972891677414	0.0526978677453098
-0.886956782629099	0.872683793126997
-0.32504037465733	0.254135748195152
-0.372470394236847	0.214562357090514
0.036176619688278	0.0257934778862442
-0.140224056745445	0.08159774526819
0.403573121779835	0.319933371324058
-0.373341209985085	0.208613169812651
0.109151783848671	0.0696003503012872
-1.26188636141679	1.15740385612031
0.741491109921451	0.601035652977075
0.210784008844836	0.126890222522834
-1.07688520742647	0.732367384511831
-0.974642548509164	0.654580402430094
-0.885865492820642	0.807391474877504
-0.688028718394637	0.678512754518234
0.192945992142799	0.113636051788147
-0.532485866641393	0.428254567997291
-0.580793878685089	0.466624458615677
-0.239779973448397	0.166787218249043
-0.273726946993322	0.226228192879518
0.285955490774053	0.226550230318508
-1.4238765841081	2.3741699742934
0.0414676453963199	0.0259683868989361
0.622061012465924	0.453254796610582
-0.842280539181044	0.598015316915303
-0.690529855638544	0.59724440818981
-1.33278641160909	1.56793089943415
-0.403922927296902	0.220983062184449
0.185224734355198	0.121691941838397
-0.217054637611946	0.132077339472504
-0.42153177833108	0.295852821679688
-0.103793282948487	0.0691887195882009
-0.209288456247561	0.138646270619904
-0.18205417156306	0.143825833539419
-0.0448851508533599	0.027090129842024
-0.0998626508345476	0.0559798210237885
-0.0532577508047311	0.0264698816962164
0.128258209011543	0.0666783055459903
-0.0960358829360973	0.0460678041152987
0.118936606269272	0.0736769342625828
0.29013864418576	0.201253291308084
0.0207081168207177	0.010841635591982
-0.335553587088224	0.239367959434546
0.853888241514233	0.755280693005592
0.201588230852096	0.119235060615532
-0.506375397707073	0.479796978891065
-1.19684045360589	1.02909976621374
-0.987659645998111	0.788954710502356
0.640115742737924	0.527292400740815
-0.479299771734251	0.332353776262765
0.473891193327093	0.375230901709892
-0.689846219994773	0.491628450589849
-0.456720505118018	0.271943246965052
0.12511495519997	0.0646507252489722
0.395223678413429	0.208237390013005
-0.0582143265203901	0.0295823377905404
-0.088387046414612	0.0445368360481221
-0.478815712801521	0.482981004047515
1.09555017348628	0.98503232308792
0.259877545282129	0.197632593834887
-0.0357799710825311	0.0196029541017243
-0.787627993751709	0.532642642465421
-0.292204721929228	0.214491223995052
-1.39152141051103	1.19331845869139
0.198708091016875	0.127963075537075
0.0839517259711455	0.0497768417297022
-0.77058672837854	0.873887585787838
0.111167629859378	0.0824628920711923
0.120626531430342	0.0810067135374182
0.069005659895019	0.0390837521648299
0.478850793408106	0.270748799685344
0.0952416758074606	0.0564207929204248
-0.0272561380016925	0.0168823180362616
0.336061877155466	0.260970487153434
-0.0998640980083826	0.0669328261455763
-0.367061770171996	0.240303506002534
-1.12658752243748	0.802005897824339
0.373678666101976	0.266700980221587
-0.0717121149618586	0.0373174319055863
-0.108010925057763	0.0720635712667075
-0.567183410674547	0.451003571769784
-0.0984748776311277	0.076801777820396
-0.519989876753872	0.572723162273295
-0.199157605930244	0.18757635240761
-1.28648282495301	2.42432358663168
-1.16778321835142	1.83654491346798
-0.983268011202746	1.15063508479228
-0.180258763493663	0.13654620974801
-0.493729775918364	0.410771839315997
-0.477078474174416	0.370561944281728
-0.64666924461194	0.461965033429269
-0.361427780449056	0.206850067814574
-0.667823255188056	0.677361674037865
-0.331375304763342	0.190729664387677
0.954209325407104	0.746258495241988
-0.0379734873782562	0.0254363235251859
0.20095339609264	0.113073805637086
-0.433932729011441	0.329430626348948
-0.2340338809406	0.142332749047634
-0.249278431775506	0.198436343742847
-0.339011871839338	0.304535270550396
-0.0051099684533149	0.00281865268454628
-0.818060389202598	0.898502308839234
-0.364555651680071	0.329281265696115
-0.895685818439309	0.886449855912442
-0.831909445234333	0.734796079911802
0.090656450645186	0.0701174831479758
-0.137566651767789	0.0976738412999321
-0.8231011723791	0.800888956679612
-0.493776481650295	0.385433519528318
0.283065121745677	0.222598385282435
-0.880568165015161	1.18827188232442
-0.310185656815958	0.241399069296177
-1.09684563716097	1.00262600629489
0.237723203646833	0.154298020648048
0.212406409116561	0.122916773467447
0.825660861203948	0.649590281033178
0.0354583940804762	0.017339581527464
1.80097725492146	2.17220287692585
-0.233532755124195	0.135313782444719
1.79075464390242	1.56687015402647
0.0075130142446186	0.00470924991362417
-0.411155682840473	0.267047778952792
0.951461973679745	0.900846301225778
-1.45233611936103	1.04866515497557
-1.34899664110852	0.939193981037195
1.09325669939555	0.684869347531053
-0.170299140338983	0.144699518383443
-0.0761457997666717	0.0513657851052435
0.101781335935442	0.0595496958349358
-0.323952617766732	0.164018846702164
0.958719822006454	0.910666102429615
0.967624423615823	0.847285823973986
0.842400332801486	0.891497552108255
0.273267403195976	0.210778857962867
-0.0741573874365415	0.0433894933428199
0.134552185834958	0.0723430632408714
-0.581727824637255	0.429806285486668
-0.207772165764981	0.137535748574178
-0.653572837143799	0.561141007175672
-0.309509811061278	0.302227399874029
0.205389608585307	0.162127349848193
-0.775018330948509	1.04398509905706
-1.60624428982922	4.07275454632882
-1.91507312067334	2.47873092145257
-0.734052229686599	0.639302074016607
-0.874244794670609	0.793927850390609
-1.23761631834052	0.863208642659466
-1.53147838517521	1.43626256454449
-0.136295624718212	0.0703413184347417
0.158274129817489	0.0930120277229464
-0.300092359778767	0.235054344419782
-0.502575579132193	0.405897843094474
-0.00921891856221137	0.00645589755739709
-0.763957475193783	0.750885372076416
-1.83340042561981	2.69024716172566
-1.19114311342604	1.16918842904928
-0.77694267075776	0.763065488311269
0.105954421626063	0.0824904890541681
-1.00709303985639	1.13384130372769
-0.0279305002724164	0.0193135642580702
-1.12819053021803	1.06880676085372
-0.667360030245543	0.52064442344921
-0.592362032373803	0.49128340083987
0.052029956672422	0.031676351188152
-0.374070860610771	0.324054972850986
-1.29837794579672	1.69715773930953
-0.552564146001348	0.474888787604745
0.648003177282699	0.498635703245082
-0.427840898074855	0.262325238385985
0.370076049940782	0.177455394548299
-0.133939749620771	0.0804779071048663
1.4182878215048	1.37152749141705
0.730772630772278	0.564431124119811
-0.759780220027759	0.692219008795921
0.0310955664326387	0.0153130521230179
-0.193325677191703	0.122836751310544
-1.05772262218077	1.3482811749835
-0.149251757683682	0.0863855050163385
1.33200311847432	1.25459019777795
0.365269711232271	0.265589563050485
0.191209526799144	0.143239326645786
0.393334951556001	0.27212459755873
1.36843740298045	1.26653961780389
1.42144131519678	1.54072259324289
1.12077015320075	1.29758286056309
0.654531701951905	0.556746398749195
-0.141308943164119	0.0949980244224096
0.157859669351708	0.0873825931174436
-1.27214765625844	1.17140980756423
0.356840934203204	0.256858889628983
-0.152724632792346	0.118639672153125
-0.948144427620068	1.28113243090542
0.598776199777624	0.586222307910348
0.164793971588784	0.138817778669851
-1.36040195089642	2.37707815068067
-1.27107496233828	2.34532740137415
-1.32052138593146	1.08558281932652
-0.199478171288687	0.120083509019059
-0.32108833859769	0.165865081970893
0.106379147242636	0.0867999082672761
0.832588917063911	1.12442898145678
0.130571653656991	0.0821423478081397
-0.262081898731914	0.229602449262133
-0.894780152438306	1.0100511085753
-0.160891069513823	0.128352252777237
-0.988515946646603	1.35973048497011
0.228845026501219	0.178765841443642
-0.607638309526153	0.702730796471184
-0.0201088072383056	0.0135650775464736
-0.631150268918968	0.582015060425069
-0.143487261245541	0.1047473856793
-1.42966106196034	2.47224948688116
-0.339041276604544	0.293100658593504
-0.145769142799073	0.0893412901431529
-0.494773530121886	0.45572587000467
-0.0591229600411291	0.0391016461098666
-0.546355826187225	0.401241776134776
0.323812608246147	0.290718440818119
0.474908619905257	0.404044608879905
-0.0976777905644279	0.0633218000320495
0.738182218214984	0.450013039853401
-0.415808429449142	0.207324483220344
0.282788254708919	0.1748094654326
0.0560437371393575	0.0359847373276068
-0.251956193599404	0.172115742969821
1.61070015468807	1.68816533652095
-0.512796984503238	0.330917818669926
-0.603252751825381	0.52777435405765
-0.277892121062134	0.146766467919042
-0.417858531943708	0.249578388544005
0.341763103902111	0.28128761160923
0.0325584586073781	0.0181585563807191
-0.0758396408071315	0.0368912073935784
-0.321157052513642	0.199387278291248
1.33459172823239	1.27629323435223
0.552091718890271	0.478298183760278
0.866701015942958	0.885020760074659
-0.365536363165208	0.332058632887406
-0.32139073263785	0.262432438833088
0.385291159609734	0.293509531260338
-0.112948692286312	0.0924921105600202
-0.803709667271941	0.891940964350648
-0.605617739657838	0.689478603719739
-1.36729558472525	2.66976316196081
-1.06663021902815	1.52232691625212
-0.695258752559522	0.558821335508632
-0.321068633403812	0.286191329200965
-0.486240619613873	0.473140351500939
-0.282555012529149	0.180350314898368
-0.421618630248713	0.367333769143491
-0.718169789188137	0.752727000361042
-1.12025893493068	1.55399519009235
-0.597921635607192	0.662086155132958
-0.659558326457221	0.474410072399197
-1.30558313778757	1.74022936831931
-0.761324630912174	0.72245280836744
-0.866637843868289	0.746269299834644
-0.642536394737581	0.600037661460598
-0.696557977296386	0.65115087144507
-0.532950377616205	0.544542006100105
-0.212908727093591	0.133016484027936
-0.827686379380086	0.651740064841721
0.16523175687936	0.107785014059663
-0.238349264136148	0.162082304122338
-0.429492694108471	0.393836489339619
0.017265395791475	0.0123214429552237
-0.121724563897848	0.0867561722965938
0.0525251917292744	0.0397402934413248
0.405082233783013	0.240831169976246
0.0986292940932961	0.0637151709003984
0.127113702439756	0.0942629560999485
0.976445249574811	1.09781510252204
0.854025273276152	0.739017887018627
-0.408216034727225	0.312206057303007
-0.21375858913572	0.132758290942437
0.195805013237805	0.128238300088969
1.23184140011879	1.02984894857673
0.46011721593911	0.519224422951933
0.392733527784309	0.314988905727983
-0.793324326787117	0.480873723656234
0.493747570748101	0.326189772432887
1.10986324577447	1.2085099251158
0.364971962947947	0.296945767980982
0.736147181114413	0.827090606497094
-0.175822029589248	0.153210775667597
0.561248055570359	0.568572991915595
-0.860346083443311	0.941566822955985
-0.162231921591376	0.130614009740295
-0.894445754600897	1.27904363484708
-1.12601133406635	2.47309489808389
-0.43652468873048	0.287086091188387
0.00136563272302759	0.000535245229255876
-1.25813178234131	0.797618971815034
-0.469198372721731	0.415801605268956
-0.112632642952135	0.0741393045738521
-0.283471681135627	0.246216934068978
-0.282243241742765	0.263422844645087
-0.633658007038672	0.890988975132143
0.0274038625610114	0.0223360009558271
-1.49096724842017	1.90772066329288
-0.301364228009292	0.26149678644561
-0.33228226222348	0.315606845907101
-0.284505499407489	0.264369719599149
0.196453533229387	0.158968116326118
0.345560145621451	0.328892495375809
0.107882632526625	0.0950380817188804
0.532423234258839	0.387255363702701
0.156524485365117	0.0953972155140347
-0.285441315344459	0.187991105239413
-0.11253210270109	0.0903751386790696
0.0143317594517692	0.00773813561795409
0.690810709253211	0.757434591462489
0.757067749323582	0.727340184727119
-0.5722882028904	0.540645818259781
0.131651204767044	0.0715178565604025
-0.344780528319598	0.228938105535253
0.528439938943243	0.535493440501321
0.135766020111703	0.0907485153005286
0.624929550965706	0.690731937409699
0.799225776975917	0.838722407453367
0.852111899250116	0.799863885492039
0.724480925255084	0.571584387526451
-0.573131290553689	0.599050549507003
-0.223632863945399	0.211335511520717
0.0449373304566228	0.0267879490549397
-0.562963695449993	0.475811876714399
1.07228701844065	1.49861014303761
-0.700925890650498	0.584981156469047
-0.273585171378176	0.227953259165537
-0.423479466910767	0.409650760714368
-0.531727561714194	0.611692133842225
-1.11656885670025	1.79510768636839
-0.791194932761187	1.20734954298587
-0.138808419129836	0.0749722139617811
0.310319002042727	0.248418985855495
0.580461631495831	0.601736626493224
-0.918300052708607	1.26463148639012
-0.429247228452622	0.500416632500563
-0.571559013715647	0.605367650068166
-0.0785216937819426	0.0650869204705843
0.531278434083346	0.616476764535532
0.222529143479454	0.190486722704275
-0.0212669823306175	0.0146669916034789
-0.351619997565073	0.307791192821818
-0.385721646994804	0.347278976912022
-0.389214489491195	0.303242821445425
-0.138203153389578	0.0911510151395169
-0.172207944883682	0.134044170235112
0.199633356127054	0.151282633904406
0.213486756227843	0.202205439096413
-0.110347788045886	0.0630284340680666
0.108607501765975	0.0697169529721959
0.381587609010938	0.290955904748456
-0.421867249668027	0.259304860992171
0.0799810358493164	0.0412584702977818
-0.271486181465655	0.149426330820338
0.599850415705284	0.507116923506792
-0.504712685634884	0.376897655441922
-0.51516201659493	0.332881767731175
-1.44915557093958	1.05718395490797
0.256245870253374	0.174241494021114
0.722754069915182	0.545178974224203
0.209158023237113	0.158850818821078
0.160459604788535	0.0925545060030596
1.09444627834197	0.966214556221913
0.477390854938746	0.449952414636996
-0.687574523420437	0.738688420506026
0.140734146257261	0.11195165564809
0.974053351398551	0.837311730199147
-0.622397709284233	0.517890012129092
-0.153343767141383	0.110246589931257
0.0737612600819865	0.0530185339575116
-0.138375345441161	0.122658764819354
-0.158527720876127	0.112689842015279
0.635488132782503	0.517105833853406
-0.193747688270865	0.132149657906944
0.266714016361871	0.235901862546251
0.772265577662253	0.78867859979631
-0.0885453539388547	0.0599137243492937
0.675811145926389	0.599510387567696
0.584266617912671	0.395641091042192
0.0765829187587039	0.0499321661661325
0.155066775850118	0.113778862979579
1.13857018868138	1.45133036389161
-0.435416420630212	0.316894624694428
-0.101710620770695	0.0676384202689353
-0.0657251840231157	0.0443267907663212
-0.525857658799974	0.517960773735337
-0.0931180601735725	0.0647395964002489
-0.829960671839334	0.584579618068215
-0.710160289793646	0.680892706232478
-0.198334828536043	0.128728871930447
-0.14294573169969	0.0887699797873928
0.259215198705045	0.168698246978102
-0.349105348525438	0.24849933541557
-0.167872347904848	0.139397785105515
0.596461919676727	0.407682566668204
0.328759439907898	0.285627158849541
0.516383505145058	0.360251577042824
0.103502934650377	0.0671411333480612
0.544375299416308	0.349433754295426
0.409885948157964	0.382697214713358
0.469377355524572	0.42735730515282
-0.612234160540177	0.961565202298565
0.0724811361876423	0.0483758956081558
0.135931187276909	0.122696756503449
0.498402580828528	0.547509320620768
-0.174675981503335	0.160401506847766
0.734341926913213	0.775062302900891
0.3399204052609	0.276377537276169
0.412545837916299	0.387278518848095
-0.131415383081663	0.0951053341408602
-0.111157583528707	0.0848902809177805
0.47139564394997	0.380169939096252
0.119161887151776	0.0850306427638572
0.183604586976066	0.108029155742245
0.420229574509152	0.257487383170912
-0.494089751980122	0.30269886307006
0.146938195310498	0.074366153995942
-0.323484698518338	0.200436554326215
-0.168534294334067	0.109175399541565
0.347904892331857	0.2498475744312
0.386148500720834	0.295313482727626
0.501458625942995	0.435169744282381
0.580820521539555	0.542247598129879
0.582614390687261	0.535566860797812
0.408857841945462	0.377885672138224
0.182009362195687	0.142652119773573
0.561297695935133	0.538643257587535
-0.608128904556114	0.745583521018306
-0.875764264512249	0.746888066522834
0.0334166658134899	0.0204797511388869
0.135416238274178	0.0705748153657759
0.256618209947301	0.155388060663723
0.0914518840234156	0.0480601704487923
0.447839907553703	0.269643847472201
-2.25940906644317	1.22786088363517
-0.516724292496934	0.29323102551563
0.771817409532337	0.519076305327333
-0.168946996637419	0.0699300535565096
0.126589380141112	0.0482556095715201
-0.0392496999396737	0.0197061521709999
-1.19207652804063	0.593123164976683
-1.8751816442879	1.26742550618845
0.589893730437158	0.478151825145004
-0.226721989591485	0.10704241706838
0.813397369814098	0.583661358283029
-0.207798489098227	0.127906225887312
0.576281688299821	0.380345738544939
0.853249138990017	0.721383683681898
-0.217864241745844	0.103936929837713
0.481155115500284	0.279424175069234
0.657080184577212	0.610141752807911
0.192237173347211	0.113622382272211
-0.0681025830284882	0.0325958616236521
0.154269251285567	0.107747239037892
0.496924910249775	0.437091827612046
-0.154009771799708	0.0828876811648516
0.204799205412186	0.115038583966313
-0.0210181502875263	0.0121351091913326
0.495433783826305	0.426390240115072
0.796562700228926	0.520996973888138
-0.141714102640813	0.101926992585259
0.0645314831835218	0.0356476709388336
0.0596537187755631	0.034849809392371
-1.2719051207016	1.20809706318281
0.0570900837500775	0.0330086239799132
0.190538066360589	0.126573916278757
0.539162584399021	0.378115747948881
-0.536009055192251	0.337339980860086
0.852256214947079	0.479788710590459
0.12177984929433	0.0619069963438935
0.632402232506631	0.481448306898322
0.339593319997996	0.197453753581292
0.309355176709334	0.127755898973924
0.333278603738813	0.296915021367016
0.213487421554976	0.142450408272797
-0.0485737903621085	0.0271554263286455
-0.770287001517812	0.752269569930381
-0.182741145587917	0.127934632284822
0.467528392088528	0.304517658015898
-0.0527121836467399	0.0288444800535743
-0.393052993209737	0.250744168553688
0.573452671187381	0.476383795697258
0.232915474910254	0.120376340442445
1.05751728706492	0.809690597841116
0.136913565763013	0.0658166716026239
0.488110351131163	0.272148752569364
0.837496353099072	0.789212472106116
0.413070783023438	0.333264611904822
-0.258129563882175	0.240126295443744
-1.48608580687555	1.56615321283609
-0.627800258530121	0.343568513966642
0.293814736793566	0.206432501136041
0.450745636858627	0.425654628803483
-0.19104904690131	0.132207767067281
-0.499026347083524	0.286791587284273
0.125477785791201	0.0817520246103508
-0.502099615651986	0.327163594816397
0.00285814234033945	0.00179848003602181
-1.12505092706126	0.84606976358316
-0.628115914593516	0.503670669612248
-1.26956496727609	1.15582771560403
0.753720294419881	0.469110739633085
-0.88041665092612	1.00758506027254
-0.0101464983982807	0.00642102596796874
0.736395007489338	0.73359797521945
-0.0281216384661062	0.0169423768554223
0.177483321679811	0.102526242521337
-0.232356965233111	0.138202277636466
-0.0490391853740812	0.0262909258805764
-0.333232800834292	0.227121105462362
1.06332819815698	1.0503953373637
-0.0256616507150467	0.0161564359654134
-0.0421129884388767	0.0236509887599085
-0.449538008741431	0.27222230616929
0.389428245730591	0.199440539731669
0.0106450191593197	0.00605964305493269
0.353862316791982	0.192261953088027
0.144336160121752	0.0689382094464525
-0.350298787316802	0.231007035600093
0.214598126782162	0.119439647486863
0.533774729110804	0.337005531581932
0.159856641311614	0.113126886010017
0.00862600095659403	0.00488913975835547
0.524324371830102	0.27487822347478
0.329958004250098	0.176527920377956
0.900093763710811	0.964790091974796
0.540118365207523	0.410952888265198
-0.0562478766737937	0.0332433786625141
-0.285129696258595	0.127410953957866
-0.429349805295993	0.309324041252163
0.132163235761717	0.0697425506912984
-0.432886652705524	0.310279795154189
-1.41701552797607	1.04007913994689
-0.528423516561534	0.309690543564146
-1.19122410512885	0.889956312899374
0.322273474656526	0.220183807386924
-0.673907897422652	0.55855647561195
-0.464815504843788	0.158845374263552
-0.613932022460107	0.322236350985793
-0.131107459785625	0.0755730434229211
-0.915059012646013	0.683028783382731
0.0117448169850241	0.00494683839835214
0.219726021849207	0.124548454254848
1.41285020624355	1.552859619636
-0.159944595442919	0.0914721758562507
0.904634224378896	1.01989992289339
0.148810389619153	0.07107250648379
0.262487296380826	0.128544897114661
0.251122218183636	0.186978095873242
-0.11992877224456	0.0505150923397065
0.0295355192749334	0.0183865536921292
-0.531592246622996	0.268947014373898
0.177515503966367	0.136649838865019
0.275159498510824	0.190090237660337
0.239071243465199	0.189272728947112
1.70615377211427	1.59847080095214
-0.270573322808814	0.145172689148051
0.304894782992282	0.201894993284538
0.359390651820103	0.227537338908778
-0.271096698917291	0.156853767956712
-0.264799342136264	0.0986688635986379
0.129134604023564	0.0837022914363063
-0.695363537672114	0.491473127144213
0.132103853966528	0.0904237484796234
0.638117883498738	0.5579605875632
0.0396086777735597	0.0203847093866722
0.845789047351874	0.859709754096193
1.03855957514166	1.25212712897153
0.519024733832863	0.374016832222509
1.23188436970462	1.10791545495114
0.491388375321677	0.465824133147868
1.25740328192871	0.931533333503606
0.620791121139086	0.443099149045435
0.170327122407534	0.102092045080893
-0.201466376267014	0.131548493422969
-0.348555819222256	0.268100309014233
0.392716560467363	0.198568369957656
0.174693226920845	0.103059030842078
0.147224321354596	0.100456553729154
0.874657393767411	0.865954732595719
-0.046212046616366	0.0245437850117452
0.141502950798151	0.089135046293083
0.227664569975512	0.119693974459614
-0.308455435118181	0.129303738694853
0.34359786368655	0.190311369101272
-0.353553377285971	0.203067561725321
0.828523592150971	0.647655927430721
0.737956918072147	0.453252779043801
0.0376149514907745	0.0167420483094941
0.951899922316131	0.810465785650277
0.844867814816511	0.866378385618453
0.96103117965609	0.912808877619555
0.375836120685633	0.271198604669442
0.343140374793914	0.182080089820912
-0.16632342665352	0.0693780637065941
0.0202902135001893	0.0111063568293925
0.646919865046984	0.532728814571679
0.535737742257622	0.278546954905656
0.386139167691213	0.192176370284883
0.100996714888248	0.0541384908654906
0.296398309919428	0.213889486173053
0.47994055474554	0.414793532143031
0.363890635024016	0.233952724502025
0.406266318177081	0.206004341756021
0.307428755117379	0.17560378517727
-0.121431458859079	0.0536833125189021
0.468975356577956	0.346914871397775
-0.306136212030141	0.186504036704955
0.967318641040817	0.919845661177168
0.75562985246532	0.755887158190726
-0.128368480263394	0.0728553346171251
0.244880129337528	0.130254915685922
-0.0442487021491957	0.0224053737845207
-0.612713663959541	0.409364862607526
-0.421705859570756	0.288596761316914
-0.186168075876153	0.0863455453839796
0.252277095165972	0.226992717638605
0.529049736706655	0.379487748065489
1.29813064320408	1.61580643857715
1.41469942497315	1.54447622328025
0.0159922023968527	0.00882851714980667
0.941197635538619	0.80673900108491
0.771389610329664	0.840335096467531
0.751712914768697	0.656967687656048
0.366984777744747	0.235078197703832
-0.0759949586929316	0.0366969187336237
-0.157130651349321	0.0906615426788106
0.469553163118524	0.378373006275107
0.33287724937429	0.222335456526399
-0.287044194585886	0.183066001197997
-0.321101889752481	0.160699894596461
0.643831655849607	0.521833670024817
-0.313135591935715	0.203739412084648
-0.185185899226891	0.0953594494393253
0.478895608179713	0.383677305359947
1.40764149860766	1.51965448044154
0.757212935160862	0.703336043600991
1.36074817171197	1.80108458318204
0.540813678423822	0.281854169883657
0.337174499031714	0.178205707926138
0.130000235231243	0.0504999848962688
0.00612083568196411	0.00188162468475948
0.574251477602861	0.54492982962112
0.5102515326249	0.316147436279291
0.457841273740289	0.341699100047991
0.241643498066064	0.149660144216659
0.591021850020883	0.345049837781554
0.315668369521766	0.203862242533472
0.361809397197505	0.196793249567598
1.1736594480697	1.16348461458065
0.946493405606204	0.717216705294023
-0.485011873371493	0.327802980450675
0.793701395577062	0.525771824507772
-0.267883433966329	0.101474453175293
-0.256644889490813	0.097707379029878
-0.808384776553017	0.484887595194265
-0.450108000145028	0.33999640173378
0.785986450398158	0.530060069250482
-0.386871263677125	0.256032305056267
1.20343205154301	1.14542351048946
1.25100832627475	1.06243973881488
-0.729794219583156	0.410298039956828
-0.077650136953314	0.0378996793536464
-2.44515439286061	1.51992634848004
0.0357985895408566	0.0189240763022768
0.304896962281224	0.222693484520712
0.937710543056147	0.653078609948305
1.44558006162311	1.15870970286648
0.729910755400228	0.566740939436166
0.265787062040977	0.121803053101969
0.407398791065787	0.281051415659169
0.695380257124282	0.299455775034068
0.674509406288385	0.372505002083858
0.288311161857089	0.207692307640745
0.259483359604654	0.127298752402486
0.382084297907341	0.249345953548979
0.790019947887952	0.509160589741387
-0.332228214622381	0.208324572296262
1.0575643757105	1.10979994878915
-0.674767211986345	0.483967222550451
0.728942259550973	0.563531132547287
0.426457956520134	0.298972310980529
0.477415048591167	0.402957764404812
0.570726453499745	0.506305002711521
0.406597878205678	0.26438584551296
0.900334598873968	1.04377739758757
0.567709682379667	0.466581396534501
0.499846706051306	0.349682142616927
1.20023101222668	1.20827118117981
1.39132445167925	1.49746031261839
0.0390591060231774	0.0208583764054211
0.587029978015884	0.40859995102727
0.226009159292959	0.129366132817497
1.28296443868426	1.89803972424512
-0.904712831540513	0.680037054696949
-0.807180128964723	0.502536651784305
-0.191585803270633	0.0943033155679244
0.0990101464052987	0.0566413172702208
-0.49338647797547	0.307457290169879
-0.514563118310852	0.260830406434638
0.596984172116449	0.3423655713759
1.2630856430484	0.795084389144063
-0.16514688700013	0.0849304181575918
0.529733745913016	0.389088559494625
-1.62627979761576	1.03232705536128
0.409286808139129	0.287187856657732
0.424995952043054	0.396678601827459
0.308578982912648	0.239479629897079
1.42404984941597	1.48827950640092
-0.146951852043892	0.0801236677191092
0.275618460129559	0.189660659042498
1.08056580903934	1.07942558429234
0.700590674303943	0.773275666339862
-0.177296647371617	0.0963418084276956
-0.659997841626445	0.31209239889133
0.661588292989761	0.516547352960327
-0.265991265713447	0.169534594508083
0.534186631782115	0.383820404002814
1.35212155359283	1.24559875674578
0.318627896069845	0.189891429901967
-0.29839153728745	0.147022863970602
-0.601751265545088	0.346092708001808
0.420600448064675	0.349358632424889
0.308773146073199	0.233457159224771
0.117731371614671	0.0648872253623678
0.236384587343193	0.152238239209951
-0.813715116964491	0.41327386419878
1.0295740649358	0.538980148006589
-0.433062053366429	0.265551504156526
-1.08413146676288	0.63770383080295
0.398836346725582	0.293145499804313
-0.609953402245012	0.367657005121759
0.205883531936114	0.124222000147748
-0.411024942343656	0.222620136126108
0.0191737787650506	0.00797374896579268
0.257816376683254	0.175301222293041
0.147588813485606	0.0799030657460597
0.12018301647543	0.0769995501873104
0.182755347901975	0.105485832159217
-0.172714530658664	0.0931157131841012
1.42587290449303	1.57848428892008
-0.225643582900461	0.147143457119095
0.259830787970083	0.124039753344523
0.147904902930145	0.0917656089838728
0.261358480840753	0.156069466214731
-0.0935832479608232	0.0422337577902935
-0.243666838834207	0.128446272801741
-1.07385625634532	0.504954692993054
0.925941288267298	0.626604500499876
0.476114802037964	0.310955406813241
0.393276602165157	0.300932371408524
0.501107616637027	0.363756759025384
-0.383788954586915	0.285739711246694
0.87088248626626	0.821292654704719
0.139317615442649	0.0779611064707276
0.725431044055858	0.572023779027017
0.815310294512013	0.692711555318385
2.13609398587786	1.82059187971664
0.146897423047356	0.0715406610591018
0.307807250487665	0.178638075417874
0.313973981938518	0.178494183277587
0.393357527831175	0.232024619556923
-0.00170665728434306	0.000967473368591383
-0.0415126454077844	0.0223067246115168
0.27873777689902	0.171354429109328
-0.444121716191658	0.294775191896099
0.203622241685448	0.134807169598273
0.138019080935192	0.0762072865454904
-0.274920799096875	0.147465856724427
-0.0551391443742274	0.0319506511501009
-0.173198754464952	0.071505970444333
-0.0619253311337616	0.0317283387230393
0.0911561421487424	0.0514905773961667
1.26144316646339	0.87214240626043
0.106860447311712	0.0681913145694652
-0.504073381493152	0.290313861830949
-0.52501724356656	0.303378587637108
-0.381671174633623	0.243782982549638
0.00530309022708609	0.00313954675743096
-0.302368930101639	0.151075121335892
-0.960841775844574	0.627824444106668
1.05682434885737	0.956279606361653
1.09803469013605	0.928354215769333
1.49326849927555	1.49111881101105
-0.201835019264766	0.0991223881834415
-0.210205250217908	0.10094545112282
-0.315605681611794	0.19744161510077
-0.105130692042813	0.0463674480409535
0.474687565207506	0.273743057184422
0.0768796405046953	0.0477401065316991
-0.124695282630651	0.0713739106261352
-0.265799324806412	0.149103549349826
0.639631335914638	0.420925541869641
0.267153717189092	0.12159051842395
0.0300359006310158	0.0120823029666241
-0.27876832566215	0.124935806039201
-0.0975089363342028	0.034267901536498
-0.223960430750832	0.148655315921005
0.462193202177417	0.378824072636789
0.391124881729864	0.201975714570278
1.52863214733738	1.46113608374569
-0.551885796621997	0.249232703919173
-0.907629561623886	0.456992756219598
-0.246266272364462	0.113598018966959
0.020414662808459	0.00834330642985126
