x	y
1.01626624471521	0.5292617623986
0.552891734251425	0.205564356278539
0.866275571370471	0.325508103442031
0.554766442943232	0.201623150832396
-0.447342648353496	0.154115929928931
-0.513944376026364	0.134820394971873
0.568286351675008	0.205430544935892
-0.5199076920676	0.136064628295205
1.02419127395254	0.538001542798794
0.558866974170831	0.200920695682819
0.744963299474828	0.2325771171156
0.550685923418775	0.199566504789894
0.00823802131184518	0.00240009513923294
-1.47577559440084	0.571856264130281
1.28089385153196	0.603228494953013
0.556225200898635	0.206487950932853
0.320252995132102	0.0952285767224367
0.552728312940146	0.204858330511584
1.38605416874139	0.451696726388903
0.314633899723433	0.0916227904320196
0.707943380652476	0.302125486929504
-0.101045830438201	0.0225101564182204
0.965257916845881	0.436562075022305
0.541632492836384	0.193669723783597
-0.526073516359683	0.138632567811719
1.93751829135661	0.789287735908168
0.476664510258646	0.199912235786054
0.30436272682439	0.105074895212539
0.745703811636536	0.228481367728924
-0.0844316041441796	0.0282809231247535
0.0108539775293926	0.00294215097137045
1.28181929222187	0.586297216558507
0.877485930398228	0.342946519506239
0.301062463294637	0.104658001990677
0.546294616776171	0.188092534566862
0.875922357761694	0.324742450363518
0.440153367907911	0.202679557454772
0.491177409519521	0.209255745721044
0.865738358078862	0.489270734321792
0.315488116931396	0.105096546098285
1.02310715157926	0.537400121181202
0.719186715946842	0.308043591848468
1.26523302637817	0.931925025127867
0.708292777359554	0.313423039635969
1.26915521247623	0.656975720490541
0.615316268178957	0.287909497566584
0.28635198836406	0.11600897080131
0.0185525720165945	0.00472697494929157
0.563519148073657	0.210932625353315
0.445825453158239	0.250638393429877
-0.260632972378236	0.0968766752518943
2.31258227467785	1.70081198859124
-2.11981593874892	1.12149027697694
0.604778269173395	0.294397652666765
0.293782555343645	0.10382255846023
-0.634431211779711	0.236064234425243
1.05910452441732	0.632176803299445
-0.956379941711922	0.41856604565181
0.603986614969192	0.364962731673091
0.7243463933913	0.429987398387281
0.839105798774637	0.470590650117837
-0.264778921742824	0.098765980377936
1.08448545213214	0.696806656413228
0.121404670709432	0.0480528086442515
0.119692515043636	0.0457772271098377
0.244306267945259	0.131472146470565
-1.07011225598508	0.491847134015403
-0.919903172223738	0.570076240917753
0.817244911639392	0.595249735364313
0.421796504166108	0.255661476063044
0.288264217250734	0.12858108890512
-0.150946563038753	0.0608454202398208
0.273444729761516	0.12224491103012
-0.951311901882158	0.418839096663047
0.429287776535236	0.257465431785974
-0.61610658954471	0.339753129841637
0.680654214057571	0.47602537866361
0.588026392632564	0.341773908474597
0.432843027160407	0.259103346082507
0.470862073487892	0.274420860115886
0.293527591011082	0.118505842425137
0.790619446688698	0.394889307106362
0.786028158142809	0.38927119408454
0.79284335361689	0.404837468759166
1.6848832670793	1.29755096728576
0.429903746161517	0.203647058705576
-0.621108373231527	0.337556726446419
-0.461335410493169	0.280160626146496
0.429021760410102	0.261997673014173
0.0228816230414901	0.00948770793768755
0.278454716198536	0.110368047216088
1.62381472934455	1.31166098579453
0.528099120976779	0.281008985236501
0.272639907421339	0.117544042876249
0.569597837336269	0.205632455200432
0.647262265502156	0.427308086174173
0.158139980975956	0.0675423278113153
0.481038759077523	0.202086319948691
1.28035660793397	0.855463703059342
0.555314719298322	0.20529632658328
0.389907011733529	0.20023385705023
0.017979073648316	0.00466661923012803
2.11356709371861	1.51825771560121
1.54509542670308	0.966490771324262
1.46631957603914	1.10695553578093
0.261902714222266	0.128177060588892
1.30907952765528	0.502200351601847
0.317962994613746	0.0861898426440319
0.567977675642682	0.204012220671544
-1.75850421844672	0.777916088626268
-0.105403264318774	0.0234336358495098
0.733654048415931	0.223169745300359
0.318539902136847	0.0939999634422529
0.0185525720165945	0.00472697494929157
0.741192827520051	0.219706903960386
0.611176772144631	0.295807380620234
0.373166733960012	0.188166251214932
3.24240681893828	1.42771156811189
0.0736743348642506	0.0248022754963672
0.875128917541102	0.324132694671381
-1.29387338047845	0.462065056798165
-0.0945032483602891	0.0218370726435746
-1.38250936278202	0.367021552852188
0.705753317015457	0.308710722488694
0.548332676093981	0.128537566389422
-0.0962833901203116	0.0222038630107127
-3.11281306859124	1.00399572740986
0.317450626633379	0.0923100636628705
-3.50504390842947	1.32502571663792
-0.0886657964822129	0.0302288663972425
0.318092425170427	0.0932620700170988
0.287711841673148	0.100408688039265
-0.00122700266729161	0.000118274627045177
-0.83107905876281	0.253159203624365
0.547153124490705	0.128061292620407
0.54857087575441	0.128558386573012
-2.05314601736911	0.57654870638546
-2.50226013804269	0.743052864003894
-0.847394309018231	0.250897940164924
0.60962099595002	0.281769636705243
1.3852161325822	0.449767700794641
-0.836634894627274	0.257543939751531
0.542280131446209	0.128299417175899
-0.825799730446553	0.248850296046326
0.315765753383336	0.111891435964924
0.0722911603854419	0.0240467863164557
0.541100401848291	0.127818857380943
-0.240364458853584	0.0752144877428103
-2.51531271479074	0.704570105083862
-2.04902373026814	0.584535062964325
-1.37736686643192	0.369817212053887
-0.0951265447799466	0.0216293083269459
1.280824290654	0.688643023226454
-0.105245653790753	0.0224881790290773
0.744561566795475	0.232791161107715
0.974616552835166	0.437999780547283
-0.0978213193620585	0.0220638318542834
2.54619437204713	1.80563079220267
-0.617000969209429	0.223654240857313
0.537881681620156	0.126600678583075
-0.100433580666566	0.0223310096939592
-0.101045830438201	0.0225101564182204
0.560954681790825	0.195092689841112
-2.04902373026814	0.584535062964325
2.04438639730204	1.11337370149698
-1.09482955561044	0.362004407873505
0.54823344974868	0.199336191605774
-2.82455863670409	0.896736460929173
-0.517351938617723	0.135137025900895
0.741611120992749	0.22843729874227
0.00919789971719187	0.00263503856727176
1.94131353117111	0.805172253180273
0.0832548851317133	0.0274049119619298
-0.519662324847855	0.139505494309868
0.972952172087438	0.439623587391806
0.709593517145443	0.321749793199717
1.27428257727928	0.658321113026654
0.29905928283822	0.121168167776067
1.29089541196436	0.716260587192615
-0.245852598736285	0.0770395409229067
-0.533241001405787	0.138073304052291
0.302242852912948	0.106016758885149
-0.833063405948399	0.254155985426631
0.0110764603558877	0.00305094220881584
0.0204714736508045	0.00508549706000717
0.311199403423324	0.0897711466132797
0.701897431247354	0.298180530246101
2.97437395652991	1.93150688164911
0.737212301794485	0.222878174874788
-0.236449934238729	0.0742106876529409
-1.07652621510493	0.353950179594174
-0.519662324847855	0.139505494309868
0.318143538060255	0.0951754671461897
0.484774907046965	0.204825939845183
0.00413176655552997	0.00149852130596953
0.56584965794149	0.196592252737
1.29032627496901	0.506552660543805
0.329414764622806	0.0965032236713675
-0.520214695772985	0.137880826745706
1.94579154913707	0.783744841382361
1.93515399033225	0.792188355021487
1.27566399587955	0.576276523359525
0.323780413110012	0.0943043436593769
0.743988900194572	0.228997201004662
-0.829369965901945	0.248779369121827
-0.239084672817921	0.0755533408078037
1.28585006918192	0.60290066321629
-3.33093121729107	1.21899757019967
0.553623221504307	0.202576754201857
-0.526659421804752	0.135413193047137
0.872868568433269	0.335906314973334
-2.49582076805792	0.739355067527278
-0.629305311726179	0.232540783518799
0.306766346196767	0.108766983398113
-0.623043367043011	0.235489444745503
0.318092425170427	0.0932620700170988
0.307342633839957	0.107439934225689
1.37992663094243	0.444768794438503
2.70103916327475	1.02243498183666
-2.82455863670409	0.896736460929173
-0.63748737917422	0.240134896217542
-1.3001873229986	0.449076042507435
-0.207107921146113	0.0983061215756486
0.312316436631861	0.107388915117986
1.61751451087091	1.33846366836619
1.28568614947829	0.615087982230164
-0.101636734249013	0.0343182370101129
1.29928930861782	0.681750612637214
-2.04902373026814	0.584535062964325
0.00449692186300615	0.00153988359749519
-0.520644673111812	0.138109482713933
-1.3001286801939	0.459635011917654
-3.32698574109241	1.2280591673737
-1.61704177636448	0.688879454024264
0.752335392046826	0.227565334947581
1.01722378745837	0.532769767279203
-1.07187320968594	0.357882420410236
0.872498222610215	0.333354570617912
-1.61144525710837	0.667911252717994
1.38638151288191	0.451248877983357
-3.8245696517211	1.63380713958109
-0.241764267802179	0.0754067776190139
0.742706746030761	0.222005869309688
-0.238915967588742	0.0745023660885908
0.12973297913428	0.0514973567902543
0.560027255155451	0.198729261150576
1.28035034995547	0.702391699918917
-1.07204632559703	0.502616270803789
2.53928087251561	1.72152196702881
0.279746479166119	0.124119436522557
0.610812789226689	0.30069136816005
0.790916173099565	0.385454606218925
0.545483783115961	0.196315993891257
0.56350280190957	0.205398940518082
1.4295229530985	1.16325816001552
0.308862202465401	0.12450562753104
-1.63122783285569	0.692084581296506
-1.2814962411484	0.472913125289254
-0.5223760081113	0.140414884928745
0.429658136021476	0.200344580139505
0.744561566795475	0.232791161107715
0.558278501752345	0.207066796355056
3.24272896954597	1.42547214627273
0.542071704546615	0.126697206817108
-0.627617130673673	0.240161726947865
1.87110733943015	0.599602400649659
-0.830458254376926	0.253340793357874
-0.919974094548052	0.384402354334852
1.39136829124984	0.446170964769697
1.93609910556804	0.785706386427873
2.96889571834125	1.9102183968157
0.309214100843144	0.110363401502379
-0.517351938617723	0.135137025900895
-0.829369965901945	0.248779369121827
0.868196797341435	0.335859606976429
0.742846606800615	0.233354125368674
-0.00691438413254525	0.00112247092835299
0.78535513712357	0.376752316398337
3.65262338895493	1.87036661789963
-0.628333474800111	0.237393467121109
1.30033465140507	0.666767339743865
1.39136829124984	0.446170964769697
2.04489232237778	1.140984255733
2.35451633396825	1.16082609605918
0.743988900194572	0.228997201004662
0.958362019551771	0.396530884357151
0.804816564937386	0.409522470681615
-0.100630873298134	0.0231392113137372
0.74382021694343	0.226781474929542
-0.0945032483602891	0.0218370726435746
0.568131518697229	0.210993711274774
1.28422623291172	0.59460042927944
-0.62864132006221	0.231020094136989
0.00147931566778941	0.000796099035925127
0.553473956317758	0.205279910473574
0.869394976750458	0.327217369320998
1.28606993555337	0.680476528281337
-0.825335027523982	0.248598183771305
-0.519662324847855	0.139505494309868
1.62425008124103	0.870889499685288
-0.240415257229644	0.0763442857745277
1.28961614678244	0.586333737411405
0.712099376025203	0.313412519477965
0.00831200880409263	0.00240514283216866
0.559000815108949	0.203083318409487
2.36333695390092	1.13792054370565
1.03276049957335	0.550211092660556
0.562350013217041	0.202598622135986
0.296353300871507	0.103556518848421
0.932229376787285	0.645757560135557
0.563073510542869	0.199704748919007
-0.0912907138683186	0.0317768210953605
2.69501131532824	1.00895292772661
2.70433308841176	1.44431589237092
0.969856931815071	0.44439372627545
0.0200435301438727	0.00515627532800797
-3.32880462830973	1.20190562208253
2.97907396395569	1.87177772405763
0.769278409794649	0.359931342912414
0.323705695530232	0.095444827266487
-1.08617793565474	0.360691437847595
1.06040439805483	0.633086853712762
0.817070176663722	0.395423777012851
-0.102547921433428	0.0358121975733166
-1.08141218675319	0.354337401935134
-1.46642501975576	0.581800365436347
1.02338166597477	0.54269070584655
0.492355519436055	0.19929914548553
1.30422780479301	0.517017505008842
0.797076390428825	0.410306807333102
-1.46880813033085	0.584120844859485
-1.27595476899705	0.458993065717904
-0.543111980267454	0.235203978260676
-1.07293248593122	0.356885713259243
-1.06091226635603	0.498209491734871
0.139020649237581	0.059478072086365
0.0906618554935407	0.0305901113886111
0.44508276701324	0.207723880678134
0.600252933620025	0.284403123895351
0.283849292052359	0.130627971308651
-0.0945032483602891	0.0218370726435746
0.886267883356015	0.332872664563692
0.436463517609204	0.201276392378038
-0.826886475386905	0.250046085549171
1.29324854328947	0.678795745288801
-1.61489860322867	0.686313419006943
-0.252998581807186	0.090666647247022
0.883073577309553	0.328779376707233
0.294054505237891	0.133996516411575
1.29548272616691	0.518673455471275
-0.931493001750793	0.40266938481683
0.732279182953784	0.440799221673581
0.285167001467143	0.115606026127163
0.147268978910303	0.0554596748996821
1.29501353742001	0.519595491969007
-0.446623444724037	0.150184987532913
0.954333101034842	0.419881292569691
0.0871107873176635	0.0299308499331892
2.47553018746784	2.17180517711101
0.805794755893158	0.398201654797841
-0.832884030316045	0.249681598941155
0.325891110168536	0.091855434174363
0.752335392046826	0.227565334947581
0.306436589588846	0.110295766385158
-0.836750548029691	0.242919956178642
0.746209163567698	0.221842090412264
0.882283753121493	0.333677907856533
0.486105179384383	0.208667087262631
-0.627504643912014	0.333091771154585
-0.829590086194977	0.249784329587004
-0.238378664762337	0.0736408442257595
0.293423951900355	0.108721782414593
2.35257381136877	1.14673400718713
0.318364500857486	0.105966888589684
-0.229809881292559	0.111469095996017
0.710173690460509	0.305376427277818
0.703917719583743	0.314700506643225
-0.564693551571339	0.246098615309758
-1.75854840977516	0.773614353141176
0.742858566830602	0.222845210348703
2.31563911420036	1.47013170269957
1.07593570305776	0.694822860610134
1.28523967510408	0.698966089282875
0.318143538060255	0.0951754671461897
0.0832509857497202	0.0278118578662706
0.313633457358993	0.105661865818304
0.865758573678066	0.326685916203701
0.0986004407796034	0.0336955754451977
0.961263270954697	0.432864286285461
-3.50265551196981	1.34769454815451
-3.83989436033398	1.58558586161456
-0.555297238978846	0.237832624678537
0.0929902778931	0.0309314153562047
1.03356836555823	0.520921852465658
1.28698374859342	0.61313591087372
0.00810017342181018	0.0023276003548336
-1.458957638336	0.569140758224209
-2.498964405108	0.767925687647617
1.38862995695289	0.439716681685414
-0.624376378080157	0.231443819645008
1.89093779372301	1.21137858813657
0.863906154175868	0.465270983238946
2.97639143236377	1.88529843859
1.04640562836434	0.601077013460963
-1.06034018823282	0.495700254370539
0.296011358076215	0.123323109628727
0.383282715178505	0.195655214287084
0.879210324753055	0.333577896385666
0.114393254039258	0.0433460484397535
0.537643873324782	0.286493239081733
0.528292268497674	0.281173520119504
0.143233574716459	0.0603659762516222
-0.16625711388326	0.0684341174519277
-1.30045567476857	0.664888691829356
-1.62055698821767	0.687949146614241
-0.931830976114029	0.414474744186308
0.47649998632352	0.196748943837564
-0.429190377017445	0.239874308095867
0.715940922894339	0.315430206476909
-0.280657199722239	0.121314013880464
-4.09172011044789	1.89258801733845
1.26200891478445	0.988391981259126
-0.278743631076739	0.104756330757726
-1.27824794160988	0.462836347549431
1.0709796822459	0.685881772491168
0.965294214391758	0.445553741962159
-0.272722260294486	0.101869232398442
0.293089438151628	0.0986644402736563
1.62482798902148	0.872475402844093
0.314438027955894	0.092045817435734
-0.0510587259371506	0.0277589215346887
0.927469078717573	0.616419634281181
1.77668411258906	1.20925854098406
-0.556293533241217	0.248919806537234
0.152870947474541	0.0654564617256611
-0.524242786204625	0.339350725789471
1.24916283017274	0.970841673787257
-2.59150487007463	1.70076550181145
-0.0338885149420812	0.0128093943865856
0.283575515188521	0.157820834865337
-0.00354204797814773	0.00108536001965374
-0.0264961196338545	0.010209052188717
0.365907774831716	0.178682860124937
0.61361535696154	0.347425336173461
-0.586056260381347	0.350224170552332
0.485491532185777	0.198911817230764
1.26972720112352	0.920421065989013
0.322271679079099	0.187397881498689
-0.0700585657770672	0.033514099263724
-0.611187589101181	0.329433084374751
-1.6129369741368	1.00619431737353
0.136617000867685	0.0592999641495564
0.544894567917524	0.329777085831735
0.0436823779451603	0.0211250345255002
0.290785706922053	0.129911885060207
-0.137752657745393	0.0752070211074256
1.8131687755629	1.82261170067961
1.22371895069656	1.09873813585735
0.329138188868551	0.180437218323368
0.0260180758036452	0.0127983259962632
-0.451427023485615	0.156337767156886
0.127751666888639	0.0664835005110386
0.812252895512388	0.411839614512711
0.225945736631128	0.119380703239663
-1.00649528370188	0.520741933550041
-0.543996408187135	0.226782181076662
0.12041598337687	0.046273578641324
-0.156236784686352	0.06348752151817
0.803439269390526	0.401446039388816
1.43341157546963	1.00768794196157
1.28507297566513	0.762965804608263
0.116980068355363	0.0463860713658543
-1.45530140517973	0.566168385659182
1.56265482118659	0.959024717461026
0.27226727927061	0.12064924520958
1.28872704059191	0.671327958307668
0.426926655244448	0.197252702533817
0.049103995112923	0.0240407800327491
0.878447533819783	0.335757040645889
0.262204371378842	0.1118913338561
1.06264645292155	0.651611594176066
0.543549863238212	0.345347710579806
-0.514742040421113	0.255376366935581
0.273739170936996	0.12105986620708
0.867626243734994	0.331344099540749
0.262113083775323	0.123751955772127
0.226071117890699	0.119351473033086
0.475662874222727	0.276285642164838
0.525593212731364	0.320349827131829
0.593062804469596	0.282072537184261
0.332812018663904	0.192818476399138
-0.405539741141011	0.207040175818976
0.138165242618646	0.0710654700939782
0.118486806187357	0.0500004623711574
-0.638462629034986	0.240626489251053
-0.891892085490357	0.570707564785623
0.758438596188506	0.703426133426986
0.683159937269507	0.374376480986976
-0.893545493251159	0.736148243537213
0.780786168534143	0.517470659489734
-0.415846253976506	0.249492477239616
0.766731325525056	0.727601256626548
-0.162359574151729	0.0677847905494684
1.1607199827485	1.03919086837345
-0.302182713137144	0.152564290697624
0.343938692420896	0.184303379787144
0.208496479592184	0.117229335849982
0.271249952344555	0.152326980476913
0.908345705279624	0.981516643328364
-0.141762485331098	0.0887246835510793
0.393646416763301	0.202164811978248
0.642011242155917	0.521658815151554
-0.810989362481088	0.645833796769662
0.34700201782653	0.213776939442332
1.08694629652255	0.849655624182159
1.08664952786489	0.993436059363875
0.420274965536255	0.197369392411352
0.457898647397775	0.258568721234746
0.328162355801923	0.192535189310648
1.41858250141835	1.16503025254046
1.25890013493292	0.912974872924591
-0.135826662556337	0.0740888182875348
-0.232047857488427	0.11036093299184
0.285992727554002	0.128866289386143
-1.65574756028928	1.31873262781606
0.0279419307894712	0.0128234144851272
1.27744213685463	0.74768517488563
-1.07478828847395	0.492637485442338
0.973621499157202	0.837810037870782
0.273684390701002	0.121053292077688
-1.88757207307902	0.883074692432879
-0.792531312936611	0.327347522671821
0.419349612652831	0.198216452891811
0.690185411255454	0.480037503078122
1.28149146334511	0.801287918898369
-0.293111218053787	0.12964665582179
0.264227479263174	0.131533953976773
0.856679711432845	0.488971578122135
0.337399530624133	0.187431386939665
-0.695337476507462	0.454731393943139
-1.28894188933748	1.0386341299533
2.03127163219062	2.26476109817171
0.904867462240786	0.567722497652024
0.310623329980243	0.181315018858208
1.03427899739586	0.515331743190088
0.526283745072028	0.273310691848452
-1.08310522326853	0.508731492730021
0.537041003608757	0.283570200728651
0.765952630973713	0.508809426542644
-0.917808962459346	0.563716617978714
0.134141380305051	0.064147916661535
0.43129347984862	0.202728969847521
-2.26195303291853	1.24730357460583
-0.730293243181784	0.422620761205161
1.27300771271194	0.847920415944356
-0.408196660991456	0.169402121788034
0.966574523205058	0.439130147979311
0.736914630142417	0.590861965770844
1.09251951631586	0.690923678048563
0.00217241503276401	0.000893195508678755
0.861709952738671	0.495203055446099
0.0995689487110453	0.0573811557041656
0.794614475995849	0.53174113554276
0.642997934263809	0.402292610391438
0.691045861462219	0.376431437423513
0.144352548205986	0.0632710708688844
0.84193876602121	0.462186831293549
1.42376502879083	1.13686569290933
0.277723083305774	0.126864321692428
-0.519618713119202	0.269706341007927
-0.0257163832427761	0.00967274598872998
0.138806969603963	0.0654657133870178
-1.31072988085141	0.699850645867564
-1.29581645128676	0.462227335062225
-3.09854591945789	1.06489183316454
-0.154928261717277	0.0635751065411923
0.60175871263999	0.355964349421091
-1.08849793918512	0.638597354442435
1.05847502630545	0.62584001316275
0.360098804076124	0.199321788627925
1.08967892739215	0.761568406903725
0.378709608536335	0.184006899168105
0.270323325545418	0.170065277652471
0.646766234108548	0.417838303031736
0.29472708975212	0.131522204976024
0.73676015920492	0.456495743193748
0.287352535534456	0.0989451185029241
0.89930995839837	0.578551678340218
0.121691517636264	0.0477681580948655
0.0829545274521355	0.0401991261736144
0.69828237840825	0.380104331717124
-0.403736449841165	0.190302349296178
1.2787628214739	0.734249188211525
-0.323244302087505	0.164916468736283
0.956687798742482	0.721635991035265
-2.36219303948412	1.33878180919929
0.132485418166638	0.0508418005198326
0.94766873742618	0.796432207678584
-1.70344360844966	1.08643777926486
1.07443295690434	0.830370335836491
-1.42652246126177	0.787198380684402
0.265217067859296	0.120006716090054
0.708934324127756	0.518746933431861
1.07266699725404	0.759364232651729
1.11233356037735	0.898055623626373
1.05643490121428	1.1102088460011
-0.0212001612853588	0.00955381775120794
-0.610902040936591	0.376816448431173
0.271522952536067	0.121175998303239
0.14197861058581	0.0613492844105791
-0.169701487135282	0.0877893922783265
1.65132907995223	1.67755360867988
1.56644474475012	1.3896284278563
0.537140320434142	0.337091297868955
0.0451418335588041	0.0199093580832003
0.0302760336434387	0.0139536699529471
0.262942468722725	0.177225613902116
0.245042120159238	0.130486591039724
0.107076240423306	0.0614802424389798
0.0336330839053013	0.0161670036835219
0.719499610211243	0.760220229493542
0.699631760316944	0.487662676703938
0.758222505944433	0.687935780916237
0.275250914192555	0.170884343912451
0.846491356556937	0.863936307675576
1.11866932943276	1.21489827014867
0.225056682389798	0.129116211873418
0.613824865541749	0.36622565082857
-0.807708439460228	0.618902318785054
-0.375970427745164	0.198745178822851
-0.0517461075535231	0.0252552199484146
1.19377755469371	1.03013673842556
1.26652214799332	0.921052253328017
0.693483757752421	0.499631473948374
0.669844247269868	0.463006013726761
0.81652347196469	0.594226438925102
-0.106025952636227	0.0461543065397493
-0.0786089605228389	0.0400403604829359
0.598554213580774	0.352485825773998
0.956670593690352	0.764127361326463
0.533216558029238	0.28657136896359
0.629955963346154	0.443390834578033
0.38507652252173	0.303803019490987
0.10183758805752	0.0580586274512332
-0.0715832430910161	0.038102017961027
0.533079608914674	0.413352292509939
0.309502608279116	0.178828322202535
1.06641146907311	1.0824112406148
-0.459370537369682	0.312065345676104
-1.06056438470996	0.859111081678706
-0.687382522659195	0.615916259624751
0.970144745575048	0.844885116869043
0.116412535820806	0.0629447321923143
0.667594011444642	0.561543071935131
0.0174269817881203	0.010874637333101
0.239652560737786	0.175472834033352
1.55871323034203	1.88892830590207
0.588018843688217	0.468209191089117
0.051949037134228	0.0393539925158292
0.274340008899449	0.187946107849017
1.10951528576435	1.33771036338107
0.926948522274582	1.17817457959359
0.953142642213423	1.23241643467495
1.01021430074627	1.11881983329056
0.743246553593228	0.600217630418692
1.2994815469854	0.682018287509539
0.122609636049522	0.0571779036392102
0.131535299228014	0.0669660953055962
0.321494030968886	0.218091240202378
1.31705266687531	1.31542353518197
-0.223864747044397	0.108689549349707
-0.296306811257995	0.179655384521074
0.275001289194999	0.173677643368517
0.137082790505149	0.0704018518311042
0.322962302123339	0.217902767676797
0.965954862620042	0.882363743738336
0.937297857646853	0.65860397213584
-0.317017454878423	0.196739115331517
-0.679425433933676	0.315313097827692
0.605270521757045	0.447064670267328
1.93893571991498	2.63233123602863
0.835481700508215	0.664225923463818
-0.0587919461903649	0.0300934346810623
0.36234694384356	0.256552128407443
-0.082425777878266	0.0393326095447274
1.4958397153076	2.02211721856555
1.25025007421205	1.60726373570758
1.09362816379192	0.921179896172721
1.19275420942184	1.11075779979505
0.592907304442159	0.351016856434608
-0.0828442585656666	0.0461929913869088
0.252883958258157	0.132940593814024
0.901476098404873	0.582449003546427
0.514783120873718	0.300551062872228
-1.66480516687085	1.36103387104879
-0.0723978644415278	0.0352353811795089
0.551839922426684	0.439827359929285
-0.408143518231173	0.19694430460555
0.426259609678991	0.255270192585608
0.231413510046399	0.147484489536029
0.802348182794615	0.382802209552438
0.781551948714925	0.513885169343325
2.41591614414984	2.37945493180592
-0.892940950935503	0.745473291531184
0.673255009310395	0.468121373544647
0.122045391990945	0.0671997892225033
1.06158499216578	0.869393632585949
2.00579898586944	2.88496673153205
0.63257264206328	0.532727285744167
1.20425594754124	1.09443815707133
0.853671455729717	0.761993622601039
1.05490199723884	1.28783068629707
0.689331174342307	0.47448633046771
0.437548700449123	0.202686880588067
-0.248879579131509	0.0931522602694051
-1.28193837428293	0.864750989959436
0.967657851137932	0.424109505308032
1.07681573083465	0.712606652859047
0.129965910377923	0.0497451022362906
0.408656686489458	0.210018271688311
0.0109319298384374	0.00460690724630216
0.496167948612109	0.209121134659282
0.291155100006024	0.109529464998688
0.818552514474016	0.594455454929033
-0.388441623346999	0.184352414915428
-0.803026573210838	0.415667662985617
1.62751082330206	1.30810654977848
0.122169320025481	0.0633923177593537
-0.930396022374075	0.396316821248003
1.40901026339688	1.22964429949381
-0.529191233085392	0.234178596916662
-0.0487739353356939	0.0166654353263178
0.687750279216303	0.378240807278134
2.14175328629691	2.15368965708237
0.0360328264244379	0.0177049514519294
0.914795471470845	0.586982342463193
0.51558186118683	0.269152001957481
0.128303605392364	0.0546744088765003
0.506210175714838	0.259656877279434
0.000764479922121009	0.000915801932434438
0.685878820135732	0.372559561868156
0.804347150585356	0.406412654838779
0.595614621899225	0.295489253485912
0.711504196443274	0.402427413364185
0.699670798810423	0.390527913584445
-1.30376765876964	0.698882029561046
0.290232501863128	0.099471449039123
0.0984561111586497	0.0313212685675411
0.86950787423491	0.485285663962872
0.421972826254065	0.198732709126124
-0.0423286030965416	0.0154851324946698
0.294115175982365	0.104278913980451
-0.88727702183485	0.463030783483067
-0.675492633137384	0.306855099409036
-0.795396778745847	0.322823444629751
0.68461472980452	0.37430271806057
-2.01340003960023	1.01413431954747
2.45879437386692	1.94628725463732
-0.243962820527783	0.0760311493607149
1.02132168417941	0.526534818450386
0.81174200225606	0.417562909445421
-0.214622977640987	0.104584849580927
0.529513429494259	0.273178981403066
2.03564847249716	2.46306099977918
1.20730657619765	1.16197279569829
0.0216517535462533	0.0101117951267966
0.318256477368848	0.216108811055441
0.305701774302562	0.105272334450119
0.309874646953498	0.105142335733645
0.548238753267921	0.200198153194089
1.02938260416972	0.516410677072912
0.14184205022307	0.0614798716932957
-0.0964448276872123	0.0340177875304735
1.02522696253819	0.529815377074926
1.060321640916	0.601408472540175
0.147388355864916	0.0593925205506612
-1.07815892867015	0.363555579143483
-0.458874681230208	0.153957973481191
-3.32405080310909	1.20491280964805
-0.453130878530398	0.156663328184095
1.00690965593128	0.516576416614527
1.26729189745639	0.617895763620347
-1.7907495141443	1.20423592080315
-1.09245677080552	0.360931107435898
1.72543959898281	0.793136218698648
-0.273892650336439	0.104835404066451
-0.0953423122160152	0.0329277450879269
1.68433814623171	1.30068568615441
0.96709812224772	0.455936926321517
-3.31605263115566	1.20372967855182
-0.0909178672430975	0.0313670703573569
-0.26645403083869	0.10193035948127
-1.89826162686977	0.905717372514422
0.1391554445126	0.0520702017381267
1.96284575971168	1.53736620612318
0.89289264918903	0.553970596770623
1.613294104402	1.31679502060047
0.112521804568895	0.0613776388074338
-0.0644363094754182	0.0375586841518491
0.455078756883351	0.295554136242627
1.26313562103709	0.883424043943965
0.293331734977343	0.111553473636829
0.683317107190057	0.373915255398752
-2.41682373319936	1.46163787880484
0.558997825349389	0.204843676173057
0.807437943517115	0.420414805813212
0.533216558029238	0.28657136896359
0.800287437903934	0.390541699919034
-0.93768687653044	0.404579477574011
-0.0374072787175786	0.0124857202029293
0.283435080460765	0.110699607091566
0.69740267635461	0.380959154273537
-0.801786194053382	0.323364245204886
0.131781778094402	0.0520014911598581
0.90359114744677	0.581555726963375
0.475664116441663	0.1994426072255
0.701539779791689	0.307518291455802
0.617775927306722	0.298411166785766
0.298751914202942	0.103609808001422
0.876059333549934	0.498437333109839
1.88019866185264	1.20416767928873
-0.452976156573633	0.157185256305042
0.679686254895457	0.377174213900926
1.56339406515572	0.987029990686043
1.09105702972432	0.694328561050219
1.29755656270392	0.793271468793764
0.430252936476996	0.201460550659506
0.294616921884983	0.113724368689451
1.05810101472224	0.610473723979598
-0.0173802156921097	0.00684997422683791
1.70020758721002	1.60448496273875
-0.260467091776465	0.145634661071032
-0.335247499901841	0.167966314973661
0.0507613436206704	0.026592495742472
-0.249118384453725	0.0944597814909553
0.542248409132356	0.194283053598601
0.00349019507817179	0.00116942549552859
0.319235701030726	0.0941325908845634
0.294598702434051	0.119344009945963
0.807195882149562	0.395820631312609
0.320924105164241	0.0921003179543894
-0.0937218891257578	0.0322379812918539
1.87971105324669	1.53165552241364
1.4758462699096	1.1055444762198
0.0806645531771615	0.0256029623175376
-0.827414816822434	0.249739591539434
-1.4240334288377	0.805679341729809
0.516822690850895	0.304039836541572
0.155674384320575	0.0677337462051633
-0.421669126912416	0.175300643194273
0.493974274864421	0.209794309123177
-0.173686547942021	0.0722136732602332
1.50868850865384	1.05045964158195
1.61217835130976	0.854322953379836
1.0667417740005	0.620141753096091
2.05228622533283	1.1982660698235
-0.621160841220001	0.228147224074041
1.55846460406101	0.985051457747018
1.5484161187256	0.929567779426598
1.47665874970671	1.08565593253666
-0.258582718693835	0.0969193322003863
0.143250547698726	0.0628758557040379
-0.411473191185377	0.226490070549079
-0.0837249211905023	0.0448600564018149
-0.404175631842244	0.16349383821686
0.474597002128234	0.200893719371011
0.536320889749526	0.283731257463248
-0.0911892217487288	0.03141754853563
0.403532198468923	0.210636962733377
0.802847472920588	0.399030163577659
1.69884215642795	1.27804174375707
-2.14633707037955	1.071457589625
1.28301203668544	0.736682834484542
-0.808962961570369	0.371084171517019
-0.927517183112465	0.388038173970767
0.60489311131399	0.289958163545418
-1.07639734237554	0.510978472056196
-0.163709426447376	0.0654082493901338
2.05506015905169	1.12781731242043
-1.89223695553806	0.905163772926849
1.04993995050509	0.605216556208065
1.29555464764988	0.596015384365097
1.03058165465162	0.54136102628899
1.61060823193048	0.901734494463928
1.71809986116311	1.56276684740334
-0.460441336790155	0.156685260774565
0.960202173382677	0.429557615067125
-0.158593084232147	0.0654058922674379
0.470444273875293	0.264341642122964
-0.782570953252482	0.392076772769139
-0.260165094777625	0.140468775982967
0.298573344388965	0.218656866939073
0.120299809983049	0.0561472606767208
1.93673765548103	0.794033939329963
0.144414639778499	0.0638272158788344
0.00617489098700957	0.00188984685649286
0.309677954719914	0.12641041760374
3.07267619725866	2.70659390696997
-1.45882310678548	0.564811586085747
1.09434285901986	0.7586349824847
-0.536388122662682	0.236719318398136
0.296387400415263	0.130141548248955
-0.447116789316969	0.149817947759911
1.88807275018531	1.20137327113353
0.612924288296247	0.301473733929857
0.74382021694343	0.226781474929542
-1.08436899766257	0.35831168119697
0.292819967021139	0.120790132819949
1.71734621049439	0.84227113243023
-0.799041985250686	0.328372864302965
1.27974688694192	0.607429400457043
0.0796954997523696	0.026992120010999
-3.84356468032376	1.62094418064327
0.97393691088707	0.431137119103411
0.687840860427702	0.389202957428147
0.304995924868149	0.171136388727632
0.231031674644593	0.15128590065394
0.547231683600425	0.443025036006838
0.787036668256165	0.483526214020152
0.36863925103303	0.219698098940913
0.35858694886023	0.218652322005231
0.495454841912236	0.209142950818353
-0.893375522841429	0.476079782514307
0.287673086600868	0.114628534637276
0.551002128446771	0.195417572959012
0.258649489568858	0.13057201283788
0.792963196090685	0.393331146516023
0.430940153560274	0.196432963157253
-1.18318647627541	0.587277128041659
-1.1869903859234	0.598123773549373
-0.179639569906465	0.0909908398957027
1.0521896001468	0.609395880833989
-0.796966531776917	0.325631646074432
-0.286480108023338	0.103649985895929
1.29104167082203	0.609181057321935
1.9810605798398	1.49997985270976
-0.294515136090479	0.132967610380881
1.28459331298616	0.690807915675967
-0.510773911250333	0.252148542939329
0.324729623853496	0.0936277682101276
0.547521098893755	0.198134021055122
0.470883532421459	0.187623410001524
1.04780540249961	0.593151901945639
0.00884645370024649	0.00486580558253145
-0.299784136439869	0.159934832445659
0.113996773197846	0.0645396165239828
0.406562220523453	0.279585237042392
0.655260331934521	0.553936984339829
-0.08414617763151	0.0512373929156691
1.636831545555	2.14859506064882
1.54258529342167	1.96752519807859
1.50938819920875	2.40676344100916
0.308376114993383	0.17940897069546
-0.37843116292069	0.216958787841821
0.298661059645814	0.131508508875221
0.15817306780307	0.0689857657099015
0.704058546125762	0.299835341179013
1.29341452609598	0.774605765223472
0.295275223065339	0.117601619410265
-0.450452967134478	0.147150383993954
0.140702080067867	0.0539794144250331
-1.28486297953742	0.470411391030251
0.601082160952095	0.348006679152137
-0.88755490399358	0.486923398998872
-1.61738874470426	0.674115633967117
-0.238236646502882	0.0722371898417368
-0.831974893269606	0.252927992747765
-0.28360551031537	0.123313432557907
-0.164536973778597	0.0664861105156062
0.091730242504481	0.0304127950097956
1.49539567638405	1.04765358908537
0.0973692333953474	0.0326485590422308
0.473634277270913	0.199596016410626
-0.237275358357156	0.0740297101533226
-1.77605571343242	0.777381623623545
0.854311219785603	0.725253412206805
-0.28188065740599	0.12726159182811
0.7069668891781	0.489514418955974
0.251024585820499	0.145432483980229
0.481308621298747	0.386256343130688
0.740962391757837	0.565029459740049
0.726162057611786	0.642161597655124
0.447304891481503	0.285128254970596
0.324729623853496	0.0936277682101276
0.647717087637786	0.401741546927689
1.50771379293938	0.988912512438373
-0.892580886742364	0.476169869288393
-1.46442092379468	0.588269800741158
0.5462922775991	0.337619626013369
0.702252530853461	0.305652009313751
0.029081847672276	0.0111867970390542
0.475664116441663	0.1994426072255
1.88201541838574	1.20419056023547
0.79582482201582	0.386691980940649
1.50276373806806	1.04015278874844
0.79251267706217	0.399631285530068
1.05837597934179	0.631744055486295
0.305175047805392	0.106901152877455
-1.29433717606533	0.452822180054932
0.277562984677623	0.12431233326943
-0.546730740683472	0.247232370097931
-0.689251678338877	0.439982970303507
-0.0667077062419803	0.0332247509335299
0.313618512705223	0.224561184865798
0.218229145291634	0.136807020634473
0.341085440113027	0.184684067740171
0.244192642210343	0.161203105180348
0.583820529974	0.39691180916442
0.604307027761728	0.295993618662206
2.31170864888309	1.81969242356452
0.547391394977736	0.128082186515472
-0.542242477188875	0.234808235702126
-1.20977149392004	0.598897348322983
0.447585186576507	0.206812336024119
1.77227210811088	1.23317099543456
0.603788657891499	0.288785632360009
0.890924230189565	0.544585109187669
-0.30806807289416	0.131576718108782
-0.626700140011847	0.233928965635906
-0.0903025390092015	0.0320126130605842
0.559734786356342	0.201820759209684
1.96347054211671	1.51509383065593
-0.800061569962097	0.326684069273725
0.485832637685	0.202908587233465
0.0968722284088889	0.0328872884476291
-0.283141810600283	0.126428055596236
0.522030128777227	0.384821725243438
0.141722891781513	0.0676256470224839
0.129069325486018	0.0705451532652417
-0.246724518943802	0.140680659777903
0.919497977378568	0.641466088560872
0.55566770945517	0.202290877152592
1.62482798902148	0.872475402844093
1.27035423353931	0.792485623303126
0.792097125996589	0.394359901350907
-0.268148539825317	0.102736478285714
0.148529638848107	0.0645287556485714
-1.90343824601055	0.899443477444421
0.796736954468284	0.53781937270502
-0.534780943602677	0.238891314668824
0.307340040783683	0.123089431491044
1.87110733943015	0.599602400649659
0.665822550235128	0.441397398673644
2.122150284423	1.53591319133215
-0.677049277943127	0.32029478184114
-2.25947921168543	1.11874065397592
0.518611391927304	0.271309224469042
0.463614207953613	0.406618663534337
0.801205212016473	0.408506805056654
-0.0169684707303949	0.00676747848519527
1.94171798110185	0.803776539333411
0.256959350652773	0.11040451311649
0.413287135354502	0.188168513297722
1.10033472496119	0.972242435768805
1.28702719273598	0.698150529856355
-0.0987899251606762	0.0439992548771537
0.603587951355369	0.303076720733438
0.287599517246336	0.112312446755084
0.809090269664449	0.393041091763737
-3.51856852145392	1.34364082261708
1.55451244717563	0.916688913412512
0.864524191299931	0.506864752305128
1.6332190685072	1.38266572617577
-0.184756364240497	0.0753566009990624
0.308114219620478	0.106394255652782
0.120057010223339	0.0551610635258781
0.297132039013314	0.128685933739518
-0.931312530729826	0.413570224716546
0.816571682119938	0.603947370247504
0.619904240083811	0.292825694963379
-0.796065644391962	0.412200243572701
-0.443181295919416	0.154262678774109
1.08660703017833	0.722430345391512
0.861610516979111	0.485591110649562
0.972472487435559	0.796264558747043
1.27072964043368	0.842483407161751
-0.619081968393635	0.230505007909717
1.01012745828872	0.522809353942909
0.298085896362647	0.101223311941274
0.443099383836705	0.203736162773034
0.128652100191209	0.0504674606946194
-0.627706407160267	0.345404355581814
0.037936947712204	0.0185003801198441
0.276043069391949	0.10535183332221
0.00819059863831194	0.002190827181911
0.853174302214751	0.719697401393284
0.562721254126936	0.208189832473217
1.09601133304813	0.846603904068805
0.398349120278927	0.205409168438002
-0.0714512605856442	0.0354602734752412
0.617992580776405	0.291739192166525
0.222630921048986	0.120122738598085
0.0287070082425863	0.0140004984169647
0.436389369382295	0.199258967176405
0.427989690168829	0.262733625150784
-1.05690957629498	0.751861017070321
0.41991752633789	0.255122271442708
1.0666185517039	0.983120723736019
0.46185257800268	0.356028894064848
0.00983206057206536	0.00556144879524818
-0.036440166321185	0.0133725585185992
0.376928971492214	0.18787439711173
0.834221253648229	0.650723251718121
0.029359859529411	0.01204300456212
0.323745780960931	0.168253210377115
0.0268933655878209	0.0135039241786158
1.5085069792667	1.25058472172818
0.377973426679495	0.246184169888249
-0.628838118507978	0.241580521936116
0.395974826351969	0.236131420689393
-0.44625079878455	0.268645712034292
0.109237503452898	0.0502978035340694
1.07146477911898	0.988949504894862
0.667687845916373	0.427427863711801
1.42216197220713	1.1655033688753
-0.094696195007946	0.0417338236403942
0.472378327960306	0.317203388535989
1.09482385302478	0.837865613859497
0.0490382435502056	0.0295118010789954
0.124697686380166	0.0709682535511429
0.233408407721141	0.121976986227533
-0.0590919803687701	0.0339880680043151
0.521394281269692	0.275199447204439
0.481858816495032	0.203026699808716
0.655289721336203	0.519170885751554
0.937350586347562	0.71461727236836
0.39746911225407	0.205064349917664
0.433863658292089	0.209834807973199
0.967565026365682	0.776757135448246
0.968426065616657	0.793108514114005
0.537990142615433	0.408248405150223
-0.50407383005821	0.413757463628728
0.627776165129322	0.479421541697442
0.355684298579296	0.241266097835621
-0.165386092965161	0.067298968166945
0.743809727814962	0.596315746420082
-0.488300349768674	0.452963512609919
0.0419669549598599	0.0219336854542963
0.588874902013155	0.554929149795837
0.0642037726076308	0.0445149946875623
-0.0838115224664407	0.0488853202905358
-0.0957581118937974	0.0553220503088658
-0.0425336367070152	0.0298874753719776
-0.467942103048408	0.400778355836145
0.866689999796597	0.474884719686276
-0.415203241810675	0.190127335036644
0.309427765123744	0.185171650491996
0.590884689648041	0.394509983975326
-0.151602914297419	0.0984116607787155
1.08855241685415	1.00569789381298
-1.17830435532379	1.13876160290658
0.734043336442044	0.555694180100579
0.864521721375082	0.778261357111641
-0.546873096488829	0.304550377764196
0.497324663034906	0.339699415817086
0.773053123143524	0.713025980451582
0.946150460284136	0.849584742183875
0.356634430224073	0.188797337595608
0.209387502882552	0.116610607122357
0.0539153994505908	0.0314617349282573
0.245487481229511	0.165078568060127
0.382973044973466	0.193384813753532
0.121020362305752	0.0652297567508087
0.273977835271407	0.196903010870005
0.252492341582233	0.17075406778218
1.3469110116206	1.29657545881177
-0.616652242034244	0.462070141175626
0.225805803129722	0.142864570905864
0.402368988808265	0.205199017707496
0.751810201697797	0.585416907497252
0.668889954173608	0.443670535752976
-0.806874292767327	0.323269283809796
1.07064770588032	0.626682009028398
0.599197581078084	0.288235019317764
0.222630921048986	0.120122738598085
0.751930232922322	0.222847951020874
0.458859929190699	0.340541199788744
1.21540110041402	1.14011556548458
0.350394897204052	0.186416188348247
-0.452256269947554	0.277055854151464
-0.0773618742724611	0.0366019895816486
0.103885167648311	0.0706648637756622
1.46758036147621	1.0753950357805
0.0250551334681822	0.0116478998965687
0.97452581173544	0.899412669926637
0.127983144199277	0.0663947836833858
0.484522594227112	0.275776429161045
0.468500803152658	0.261974114411663
-1.19380283396037	0.91267473466362
-1.13394411643481	0.853697373392708
1.09382673501242	0.811766804463052
-0.225074129293989	0.131280253906899
0.033842228555999	0.0168478624015939
0.52520941612099	0.32497443237431
0.0232118094290186	0.0122879857437926
-0.680431912664219	0.324392899905981
-0.222602009942153	0.104905463435251
0.0936251931306101	0.0307353392506343
0.350840505814346	0.216761483765705
0.841381063351927	0.715609484603521
0.851127035285296	0.819728459373776
-1.09785039343856	0.675577072942936
0.553381397225378	0.465684469164883
1.17464946294963	1.17062231088955
0.327934776523467	0.171067140518798
0.112520484112272	0.0572838479424386
0.307750462326074	0.179714011255041
-1.29927859915003	1.0798005452642
0.291469986822727	0.179743571662681
0.226201825169975	0.147537018397882
-0.332188407360428	0.18499976084449
0.617009132110445	0.634789012429931
1.99826904192799	1.81839396289019
0.20137060428355	0.148569294873999
-0.0406090995215926	0.0217527090624038
0.195827686734893	0.113381771133039
0.310635363778422	0.191168181962134
1.29250150576547	0.795032309910347
0.969856931815071	0.44439372627545
-0.15488227905291	0.083104751531861
0.712099855046677	0.539797007560189
0.475081969471815	0.386332373326723
0.44943854219328	0.287246610255105
0.419630091728196	0.25121312089145
1.3902953218194	1.15879186775585
-0.547227014210316	0.246984908519124
-2.42981610583501	1.49490741538644
0.805638162363893	0.622731152001808
-0.0579967787932248	0.0267969833842414
0.0204147240980832	0.0112856251152822
-0.448580110061526	0.234807052156783
-0.0558025056636908	0.0282528172211187
0.259223823648693	0.129343668229467
0.872386845230564	0.871207825615493
0.435233625608389	0.255088935043262
0.425478818299311	0.25734908344617
0.0243180623154784	0.00991180479061375
1.09402412909279	0.876228488119834
-0.0163896115572448	0.00658630929444677
0.741440010295778	0.454957833195995
0.189051074617591	0.113474245066808
0.897570653451703	0.557276455380929
0.0306279335125689	0.0163676666978415
0.0183692463955094	0.00834693546393423
0.593833352932563	0.419956977839639
1.49356203543617	1.53502299624177
-0.255743672185754	0.15297275750628
-0.750559722037255	0.508786998283465
0.577929077950777	0.471998463837767
0.420329148949999	0.253214520460749
0.279009495474565	0.127174925546883
0.309729013401066	0.181840820494043
-0.378187598053723	0.221081836774723
1.08670527579674	1.04408154242912
-0.188294734725858	0.118779215789407
0.263653201673292	0.162727929992659
0.594635373903417	0.285896447681826
-0.776270888003541	0.310921460081571
0.026032975150308	0.0118818780650712
0.812252895512388	0.411839614512711
-0.0584113635500527	0.0297858523903185
-1.03487591643027	0.561112950168521
0.147170638801868	0.0710397053337442
0.0135592562091442	0.00741257150978053
0.629925154127727	0.504134714932609
0.308112579523067	0.220394220999338
0.92268848692608	0.648022303318218
0.205113080525581	0.120994779345347
-0.153563448935619	0.0837109735548615
0.338744744804853	0.208302095952413
0.52496905722826	0.385401047096678
0.582085690367668	0.414776491340191
0.940247938525893	0.651102726050435
0.26689060838167	0.131558679414874
-0.463007820800598	0.274009952325609
-0.0486666870011255	0.0262816478251764
0.252841617461647	0.151500100651542
0.190890519585244	0.0943948632308834
1.05356399860901	1.04826742558855
0.956793591919072	0.760611735619308
1.5006192496867	1.45965064654821
0.94806866408189	0.800706137186892
-0.108301288885806	0.0491960025482817
0.0338787062100544	0.016734830407826
0.275039369592518	0.188517301875818
0.830882776914459	0.717874568792553
0.393370438719907	0.207002197289907
1.38051172707338	0.444942223043784
-0.448318187609526	0.152493438723003
-0.251801234611963	0.0783058207103456
-4.09502372882771	1.85435462066181
0.127872455619642	0.0497754367371234
0.304739178453704	0.107039717682374
0.301557919880282	0.13447611480283
-0.0653639442313595	0.0375591080043783
-0.114411616837783	0.0537210552341404
0.53819769326144	0.285876167215713
-1.51559823421938	0.869789058579591
-0.341943140292513	0.172746048335722
0.296226657542901	0.120095396735617
-2.00753919995785	1.01203426154952
-0.173504350781662	0.0711484012785255
-0.203936954028137	0.0970961617960637
-0.621054664873261	0.33853634965088
0.736201894850811	0.453774245484992
0.12920006947648	0.0502129574349877
1.06158929367199	0.725949050653535
0.472349784264031	0.268260796274303
-0.0405911959639565	0.0148872505318607
1.22832368506394	1.1105533626233
2.14947665943452	1.77369674919605
0.870497204778164	0.48803731922387
1.57065625915808	1.36950849371393
0.127580981751023	0.0497946749906181
0.404658306484032	0.179774677208195
-0.536994324210663	0.26999114718567
0.289536634529944	0.130477313077499
-1.43559679986595	0.72843564543097
-0.622381172685741	0.232062228165955
-0.301932364792114	0.134709224179823
0.278183615148174	0.127106780848248
1.2440076632249	0.914208638280973
0.336844460813307	0.18455832294435
0.595860093150947	0.284055911725055
0.148321059091702	0.0655751654118261
0.159044155341651	0.0693326038136039
0.53027248175511	0.288954442426143
-0.116215201337493	0.0513791553932081
0.608681528985653	0.306891432944731
0.922799532132955	0.554325170530378
0.687759390408705	0.386686051794836
0.682006733138131	0.381625348321946
0.36169682153928	0.172652929543388
1.25045351407428	0.871972623752474
-0.0146506357599546	0.00592925857060048
1.22547086734825	1.04737218913627
0.954376346559771	0.850522466169377
0.227330052591205	0.117930517771663
0.253477995054428	0.12263731746191
0.559714090326685	0.363345923753477
0.605911099866001	0.361421190695082
0.284207689486699	0.129145198129334
1.0249780418057	0.527845045820758
0.614197431303197	0.289930615337845
-0.257742141983644	0.0968126989498598
-0.00380626574520367	0.00188417526083541
-0.091363991112336	0.0324515726447145
0.120028023938759	0.0464394970971991
0.141895519073063	0.0547046980307886
0.700873976890457	0.309521730614707
0.440670255081784	0.205974689242704
0.486797327683105	0.209902728025312
1.79093583427067	1.20169046858061
0.281275337475478	0.131069659389662
1.53819907317446	1.43928736607045
0.69242257430219	0.389732161530488
0.525786397367636	0.275578533402552
1.63689329167237	1.63966143125509
1.08045063172114	0.751778571386573
-1.29366012458682	1.05352544671032
0.532158336268873	0.271854588550784
1.29779612033051	0.691506386624323
2.48322838817403	2.12557652641924
-0.12648063010417	0.0556532846925704
0.649311700150731	0.521663843483305
0.123628847577823	0.0476028392303947
-0.324480559072579	0.195132942889372
0.331110873834098	0.183634228599518
0.352467794592857	0.249949919466719
0.644932254469932	0.422863522048102
0.781152514711765	0.522485574142123
0.393128609207527	0.197794141049928
0.939968933032778	0.738800786642551
0.477609006166557	0.315348156955908
0.585917581230375	0.406392268654629
1.37561543352709	1.3015032796479
1.16932531500896	1.276179267758
1.56049906043963	0.932180132239187
0.373398386649258	0.236352913961533
1.20014977617931	1.21080591555695
-0.903399835753484	0.486507728160403
0.248678825981981	0.122644284548021
-0.526646284013255	0.267802342790208
0.487535562308829	0.199475949137168
-0.289060267655819	0.129273569845846
0.267712315623161	0.133684686447432
-0.0664827476841768	0.0317103003906362
0.277158786707444	0.124335793356753
1.07641513250967	0.980807166571754
0.234832871370801	0.125325640740784
0.865494609642499	0.707001139802327
0.277235268862525	0.121417199019563
0.967410070476721	0.888559219702237
0.371045166110522	0.239183857068826
0.340192013069112	0.186997878124952
-1.00537014172245	0.571819307770715
0.653679757636586	0.601786413072424
0.429562987965643	0.302336000897711
0.238546935171949	0.104599732054444
-0.14477455497991	0.0833400368125264
0.64001855707189	0.491233127267236
-0.669213614651763	0.316540583146809
-0.414392042550128	0.172499943254464
0.413149227080928	0.177269126973848
0.309214100843144	0.110363401502379
-0.552365514002387	0.24998333856965
0.136212693279609	0.0598767025692947
0.414378434713709	0.188087537563693
1.08130097996412	0.874423804151265
0.27899019961238	0.128256948842798
0.306936562723294	0.110093542290928
0.319581064106175	0.210391382994896
0.442352419017798	0.213798246078937
-2.24203410558713	1.2475248181652
1.54644557809707	0.937084077172971
0.80577350723072	0.407785859743412
1.22675276858664	1.03759417655534
-0.768730223143948	0.509927585512861
-0.4998699886893	0.250971462161589
0.768189864543994	0.491244641196608
0.398768588516692	0.202336371729549
0.528951298095218	0.27828688249654
0.557152245124468	0.347996939640375
-0.544871163450583	0.237625046931724
0.611163293365367	0.280724349082031
-0.586531169895617	0.402816493037741
-0.43322779988347	0.202450847007786
0.0103874021494081	0.00545471179142363
1.01803423783447	0.540325227920823
0.235694939727085	0.127724626292922
0.528674373789623	0.284390365860292
-0.260165872970109	0.139884383453503
0.318320988061727	0.20706142315012
0.755817190970791	0.681988778341625
-0.271699237474533	0.171421057747023
0.576370407410054	0.418470054826017
-1.70153956810752	1.09967542599986
0.366135969641755	0.224360856309897
-0.277826303663533	0.191574988080241
1.23469542352695	1.36272442762722
0.682134196689647	0.621807197711567
0.306235375456425	0.120762674400847
0.237479473764419	0.126750229025144
0.740734726400164	0.439225041094917
0.306560007608158	0.106939601876431
0.860797718406883	0.494571039241651
-0.235178727896966	0.0737955949925185
0.373433764180451	0.18688612409273
-0.530636986178242	0.266406097389785
-1.09198547307355	0.359334950014974
-0.803285871130852	0.496740485978581
0.0128095275094997	0.00540276784869985
1.78776607425497	1.64496510488031
0.832649836098581	0.662495795220829
0.143226324518954	0.0622117549784279
0.265186665800429	0.130602560751961
0.681331520730052	0.372096845242691
-1.46933428462261	0.587940718405459
1.36159059215093	1.22042572178013
1.01519978265046	0.534473498604548
0.104769087715046	0.0611778144879138
-0.0241482217897579	0.0094030221522653
1.2561514502865	0.845101239888536
0.528152769143784	0.284579323707086
-0.125199815581161	0.0534713304664206
1.29281494813522	0.663395607061755
1.09760038046317	0.772483864715994
0.489778427594134	0.344145423610938
0.395646550080352	0.198562544815429
0.300826381220001	0.107171071529326
-1.07387170350933	0.513060355434227
-1.2844385705487	0.460762202132447
0.290425292063953	0.129553539634993
0.872430756427031	0.334437841582982
0.593530959409062	0.283378348707269
0.471345293299033	0.268629611233009
0.810780225181746	0.406445635873097
1.2776255636635	0.763312645563559
0.424873936403427	0.204249620352039
0.806240435171041	0.395300506063377
0.00453261033247371	0.00208592829833689
-0.0114152359682071	0.00462958701275413
0.475691833324791	0.201196498001497
1.39498631797131	1.24159252082228
-0.399070582189245	0.161023561804643
1.02924908390832	0.522330144703609
-0.265031252710751	0.0994026324315547
0.603343829262853	0.363504852960352
2.14542109358916	2.15127889144391
0.538630545814893	0.331546781927932
-0.102449196492811	0.0454622527522957
-0.0435578750307284	0.0157747472602731
-0.0436287113375363	0.0159330306584586
0.00256928627501024	0.00132378555384312
0.135540021778506	0.0514307456525596
0.274963468826459	0.119210988796621
0.874356370755305	0.333112298526512
0.312868980592949	0.108999539902292
-1.07239798793769	0.358269457626047
-0.427287226811195	0.231301277376549
1.26960202056818	0.948846401605359
0.368442235378851	0.178632397150781
0.312099298867429	0.178463229702684
1.39288606830772	1.20717498267464
2.35364458255329	2.60038634183957
0.309154968380453	0.127652085068688
1.05734792685661	0.612241437402471
1.44396324297891	1.06097641568237
0.936063122394956	0.652541666622036
1.6284527996002	0.897836080046799
0.118444617320466	0.0461835554742216
0.0811327052672901	0.0276550622531512
-0.941393145241527	0.404405515382973
1.78214413509573	1.23076989837498
1.78387038418113	1.28377778070495
-1.79674785234845	1.20017604812171
0.271873768632045	0.118747948833324
-0.442354235496594	0.152605591796983
-0.906078806608067	0.486211173275601
-0.159538650552662	0.0674201212107669
0.865643187912324	0.495528378991307
0.114493708588942	0.043737779954561
0.458993509048157	0.258839926109571
0.304465423007263	0.11016431089777
0.745703811636536	0.228481367728924
0.130567954945448	0.0514936703410629
-0.157798687802464	0.0651740614110214
-1.06757697598059	0.48574753127585
0.139113859744117	0.0592831540642725
0.433985176148868	0.205279685902996
0.952863410251211	0.405960466385448
-1.08372379356844	0.362405255849129
1.78953298962775	1.22262651514162
0.722659636567007	0.290291498211348
-3.09758000874198	1.09367827811836
0.742841062017581	0.460908948968008
1.69275042847615	1.27951244291475
0.861870584510113	0.495557652708166
-0.545881582382465	0.279655305973858
-0.222812073352043	0.107813990772004
-0.44183898113899	0.149713363978469
-0.241869883769564	0.0770838111994731
1.72543959898281	0.793136218698648
1.00076496213346	0.499086180032088
1.86410255887684	1.58391708623609
0.296248119194037	0.104188269311912
2.55142602196898	1.79170356066276
0.415872254709664	0.182061388643755
-2.53720839719819	1.63086306038949
0.497250546772201	0.214308991699582
-1.06720043742364	0.493477673842321
-0.250404532378958	0.0774809167796415
0.534229546209638	0.339215038699412
-0.223647765232605	0.10279369219173
-0.00127609630070745	0.000192716020969541
-0.415062597953752	0.225840384261171
0.493635500806335	0.327784606565738
-0.405481969556778	0.210311968355973
0.141815837974266	0.0544525515178006
0.92381039540843	0.640035254576406
1.23476794667111	1.02618493022779
1.05998181148257	0.626735001209306
0.292051833665538	0.129604444045122
0.673170969980941	0.362343045110121
-0.628799478069198	0.366942224549701
-0.266549593651891	0.141152321172371
0.279527141843846	0.127360716236266
0.266485638493842	0.119159646915119
0.393101385336761	0.198520084816166
0.390042882833174	0.224464996489899
1.03379025668466	0.545700901636546
1.08015532450739	0.768854465082217
0.940500721747152	0.655608091100129
0.607121760780698	0.362220341177051
-0.717738035175812	0.410880049545905
0.58122827279356	0.404370685674139
-0.16777973468234	0.0845324293181707
-0.17978746813929	0.0707612759142782
0.916499150206975	0.568444513134541
1.09763407190546	0.833976363719398
0.804281374998788	0.399556946241862
1.55660006851893	1.38792434360366
-0.662038876079302	0.309919934593373
0.128265209231247	0.0544267804520631
-0.524382285887022	0.274261239672287
-0.337584543772139	0.175295039224206
-0.249682453929004	0.0765526238668498
0.292549665293258	0.134871526651948
0.530962534319003	0.334732916825238
0.487470498808191	0.326614435891714
0.30387868780347	0.127411535739343
-0.236454273190243	0.111925536760396
0.696505614419394	0.363693345492852
0.714043681029014	0.521517524585386
0.611176742525037	0.355377331203424
-0.136641606708795	0.0843914008483765
-0.300970820004525	0.132976328434415
0.414292323534948	0.254444469778357
0.267561710108873	0.130439492923467
-0.322252260552982	0.193931602031735
0.350808803186456	0.194249751546104
0.477687872035261	0.320233195236971
0.371256700989936	0.181365436832274
0.798544387211826	0.577654604306946
-0.509814804119567	0.261880316067844
1.07845591697966	1.08272644583318
-0.915427885822999	0.486212665762815
0.788209953829641	0.515648412285316
0.233142226215317	0.125154178747585
0.488213683996082	0.205693162363179
1.01201091864069	0.533075557781757
0.298582815328856	0.123336825512208
-0.546521202780856	0.241263458626328
-0.412130947150279	0.165648625147039
-0.520802749971932	0.137595352476473
0.271291713519255	0.122025681258367
-0.10845777398567	0.0233524190605643
-0.51118834923165	0.260048767756953
-0.778341595790793	0.387037627498228
0.268248452889485	0.131014476604975
0.940871303629957	0.702036716932216
0.284333554263436	0.130941856293132
0.794234512967971	0.394952525859197
0.407576909198606	0.209231113764946
0.944040117322601	0.755121611014775
0.590460772429346	0.284887357820958
0.796385381147695	0.410213979267056
0.680375768613768	0.375885011444552
0.138766863896323	0.0765114133798842
0.483922763625346	0.274131067444571
-1.03402715507986	0.584152616083339
0.243638473629745	0.116711227671291
-0.181199923220631	0.0732687092183551
-0.784720904135383	0.398327885916095
-0.00132580302064385	0.0000758519583223216
1.08043397010871	0.773560708613295
-1.19288898550303	0.74241566637572
0.200088378534144	0.111997285878272
-1.50595119672879	0.892399540533081
0.505087175146732	0.263139617482482
0.751193601971895	0.231756848435628
0.125151162132733	0.0479792959651855
0.88128648002359	0.324069608460263
-0.103948938199882	0.0233524604803125
1.38427123595822	0.453531705710845
0.558997825349389	0.204843676173057
-0.520214695772985	0.137880826745706
1.50725566426317	1.02534371147893
1.67741406030081	1.21920363847898
-0.448305181469165	0.149036708790864
1.02136469218932	0.522775609093444
0.561463326366569	0.200946365819002
0.316999011228212	0.0928334677014698
2.69313897598207	1.52527475451201
1.70291372810485	0.808605719093491
-0.446623444724037	0.150184987532913
0.867261003195369	0.312866256816998
-0.084852339198247	0.0294182254114481
-2.12572881760771	1.14036662011167
-0.103798222892036	0.0345836057732912
-0.0408611309862459	0.0150880244831666
-0.67518522042306	0.314148660644618
0.802175122736571	0.402424765092328
-0.777259021554601	0.308132895511176
-0.289369799625507	0.128413155874331
0.485312701344899	0.197035407706439
-0.241869883769564	0.0770838111994731
-2.49231208841664	0.741884845199983
-0.516215201709685	0.137775183819285
-0.245735381656775	0.0755204282595915
1.39103758254509	0.436160405221504
0.325887977908023	0.0943713534542507
-1.07844506192432	0.480641074310193
1.01226959036757	0.530733009737959
1.28533112933846	0.497940586310464
0.474487439815649	0.189249426589087
0.426456316824044	0.202125020831053
1.60632717000841	0.887054702980222
-0.261331737554853	0.0994463281934555
-0.836634894627274	0.257543939751531
-1.08134345607338	0.362173630594041
0.970684680806567	0.439882338272593
-0.22831902735436	0.0705888473659655
0.471920828929771	0.197244897487106
-0.942619508534724	0.413161151146186
0.847431827304353	0.480886781654003
1.06542256119858	0.676096868303815
-0.837009287157639	0.250429068093976
-0.229021055177335	0.0699096362805973
-0.63823427827185	0.240959902950576
-0.783404297864134	0.312475703920939
-1.0824694771194	0.363585631280859
-2.04902373026814	0.584535062964325
-3.5060919860063	1.33130142488003
-3.52657862740007	1.25703279964951
0.879022206987936	0.333185790829705
0.733654048415931	0.223169745300359
0.316999011228212	0.0928334677014698
0.00831200880409263	0.00240514283216866
1.30751419777952	0.494839119329236
-2.82800405415571	0.916370270350291
0.745703811636536	0.228481367728924
-0.0945032483602891	0.0218370726435746
-0.0994736170795967	0.022542834663039
0.0012104676940613	0.0006772538402327
-0.830458254376926	0.253340793357874
-0.521048855151166	0.138255992379653
0.709829001667891	0.315879647496175
0.564402175333771	0.202343543882246
0.020575217840061	0.00518184212929662
0.745703811636536	0.228481367728924
0.872868568433269	0.335906314973334
-3.3112024857887	1.20126544638792
-2.49348075277667	0.760631300990853
-0.251770806244282	0.0772004722046918
1.38807595397222	0.442047911275176
-0.517911135702038	0.138411916640514
0.332147052581879	0.0950871161574312
-2.49231208841664	0.741884845199983
-1.6158330740944	0.687200844863277
0.692454584118933	0.300723132001138
-1.08632824589471	0.352735714291022
-0.173686547942021	0.0722136732602332
-3.11391921524906	1.00462535356116
-1.06636334708582	0.50259261153832
-2.498964405108	0.767925687647617
0.967201109947064	0.427115262348542
-0.442969474223489	0.15316865166785
-1.28733861005802	0.477551825971716
-1.37855256949683	0.369087290450251
0.545286400011961	0.127906532067442
-2.04783485499909	0.571093548500225
-2.83701082493837	0.917156293169085
0.325420265820851	0.094389207791434
0.494464257131305	0.206325081695964
1.93673765548103	0.794033939329963
0.886267883356015	0.332872664563692
0.542071704546615	0.126697206817108
-0.83107905876281	0.253159203624365
0.704738262693081	0.302251417900345
1.87680508733918	0.595685726697882
1.87680508733918	0.595685726697882
0.324797204236395	0.09588222613702
-1.08644344141806	0.350954803674737
0.542280131446209	0.128299417175899
0.739900789940366	0.227191955608612
0.542280131446209	0.128299417175899
-0.0962833901203116	0.0222038630107127
1.29337507943617	0.520832317482809
0.743988900194572	0.228997201004662
-3.1080710993807	1.04889386539633
2.70103916327475	1.02243498183666
-0.517911135702038	0.138411916640514
-2.4946503122275	0.759347999169937
-0.245706961116326	0.0771878188329649
0.330033439664547	0.0950177430381346
1.28747394293232	0.77627125186736
-0.83107905876281	0.253159203624365
0.882117085745703	0.335485521708417
1.37992663094243	0.444768794438503
-0.282810461887048	0.103433974885238
0.683382211550866	0.380997877994993
0.877485930398228	0.342946519506239
-1.07045924783237	0.348655539443657
-0.0149739477628189	0.00594824352417573
-1.07623377496826	0.363444231148948
1.38427123595822	0.453531705710845
0.0150920310044378	0.00389913615268285
0.302007811825798	0.104892927624429
2.70080453911676	1.02336096831486
-2.49348075277667	0.760631300990853
0.548332676093981	0.128537566389422
-3.317043081878	1.23068131856223
-3.31419133549641	1.21069698468705
0.0119481861389783	0.00319511477387208
-0.447537083155216	0.153904931988351
-0.0912403220757119	0.031659140997342
0.744829935569955	0.226773045942414
1.0231418957506	0.522076518726916
0.299059771751477	0.106690879367608
0.74610547207819	0.228282542864155
0.739495127750292	0.229163664241222
-0.833159166502476	0.254330875026579
-0.8247136985442	0.243775063199332
0.0185525720165945	0.00472697494929157
0.332147052581879	0.0950871161574312
0.745396268550082	0.22575694938865
-0.830458254376926	0.253340793357874
-0.5223760081113	0.140414884928745
-1.45662803321498	0.56764051133421
-0.545428090973482	0.247050533809166
-3.10225524298542	1.07674434808323
0.744963299474828	0.2325771171156
-0.521239785553401	0.140369579797354
0.300974407142868	0.11811142700546
0.288271284311892	0.114888453338822
0.709829001667891	0.315879647496175
-0.230527830817266	0.0718656003295706
0.544394585274709	0.18578591328969
0.591995831552788	0.289624882319787
1.28298919476986	0.786513843965546
0.114191697804771	0.0441210504882044
0.283734045044753	0.125107065746625
-1.29890480159725	0.67968299584778
0.477734715346857	0.200202226436314
-0.0920355287167589	0.0327626885108655
-0.665531034356167	0.312062747096026
-2.4946503122275	0.759347999169937
-0.455274453429693	0.146088250637456
0.275183170231963	0.126093635499792
-1.29035406233465	0.462520061430364
-0.543878753105815	0.23252114758299
-0.409464059216641	0.170680362432782
0.551574639096523	0.201876306117284
-1.07527148017275	0.356655315544805
0.320252995132102	0.0952285767224367
-0.406472956448756	0.16661346389569
1.01602297459587	0.529648752442026
-0.240415257229644	0.0763442857745277
1.01024418353423	0.532441105364956
0.491521989440763	0.208775644478449
2.70137816731459	1.48588523047216
0.546465924658674	0.128383503124171
0.74382021694343	0.226781474929542
0.331531281032729	0.0946784968791169
0.879554968017146	0.341844876288003
0.303301892764251	0.107123643303582
0.880513694991045	0.334746513575528
0.445371731318571	0.205405588738935
0.291635689406412	0.118019113558409
0.415030625599875	0.188891684143159
1.2809153800474	0.849048261393403
0.351956543820809	0.169344585853302
0.547391394977736	0.128082186515472
0.874477480135149	0.326066158644177
0.789601025521034	0.530152028596922
-0.783245816886245	0.30958109203357
2.55718581135809	1.68050657810904
1.76866745461023	1.23567809860506
0.083689534189068	0.0278202499996894
-1.45968338928812	0.563521040559411
-0.443503145206976	0.153630551945751
0.00617489098700957	0.00188984685649286
-0.51410452509875	0.323809415473885
0.49123701729817	0.207209230127792
1.76519365815086	1.19360320021626
0.793973255408901	0.403983396069723
0.615837225955939	0.291643029803334
3.41766950984879	2.6130567328237
-1.05999380851474	0.49497246263212
0.285048425949279	0.127336604548896
-0.444213890021204	0.150974913126286
-0.787524070245954	0.307125206142521
0.285430571356473	0.110913308797298
0.682708221530003	0.376681979212019
0.54678204125377	0.200219967063269
-0.627526330311941	0.239398215017912
0.703252160785225	0.308424901498964
0.474615841791821	0.276659731766171
-0.408088357470954	0.188015445855419
0.589128136477326	0.280136980654013
1.06046728642032	0.601975286125318
-0.0265244756434907	0.00997979024012146
0.703518165106619	0.309325838110986
-0.0890833228755724	0.0302209699161264
0.077324313245802	0.0260781405649712
-0.439977915338765	0.149637103054634
-2.04902373026814	0.584535062964325
0.309832724387647	0.110305655091749
0.268129942729892	0.134691632578463
0.326368517742069	0.0937209806472253
2.75820542661998	2.1439508093088
0.740464274036165	0.227891483543122
0.289976178567674	0.130394533439237
1.30008540260843	0.529163191041818
1.87110733943015	0.599602400649659
0.301316021741292	0.10590335211645
0.564391590009846	0.203159028618031
1.27500604522395	0.583692672736147
1.38310568737594	0.45202977531251
-0.0974411559193684	0.0219556283179796
3.65421084084534	1.8114111647754
0.750616379759355	0.228057597960547
0.873728898842513	0.322205545419178
3.24655992739218	1.4562540675439
2.04235735451318	1.14305093623111
-0.5223760081113	0.140414884928745
-0.632995923339508	0.238074331634958
0.31918510108582	0.0918256878577977
-0.516775237435231	0.138362889204207
-0.0120447690263078	0.00215551910859379
-0.791273531692264	0.302848734061638
2.04952778687636	1.09728371737253
0.748493994360781	0.223270262832071
1.2858580018648	0.582838388822255
0.319235701030726	0.0941325908845634
0.327300445681734	0.0942378191565741
0.318092425170427	0.0932620700170988
0.306820770176644	0.10657997749498
0.873776058960847	0.337729092586157
-1.07902520016919	0.356627607659337
-0.529297048011354	0.138367921393896
0.294508464807412	0.103142150250426
-0.451422764157989	0.145688162218112
2.54992455210396	1.8468562115376
0.109299059348108	0.0419703599468594
1.43734374150552	1.02215936091481
0.307059183273575	0.107539094366943
0.559921499614568	0.204009116822365
0.700069908130676	0.302177688179343
0.806048752665937	0.396121124696025
0.297405038684715	0.103517850222942
1.61111237616474	0.878738052476213
0.426055573199098	0.201733908012973
-0.297676018727845	0.128288205357612
-0.505765250694156	0.254095268232476
0.120672322299613	0.0503011257696354
0.960670023059293	0.430452296204184
0.442870944096138	0.202399728410969
0.0816133434275298	0.0275407217573062
0.314633899723433	0.0916227904320196
-1.28628610867284	0.470598272863016
0.773301731906281	0.492931801750912
-0.834670737656865	0.249889401637271
1.03172862234395	0.530214889215165
2.04708057632198	1.17227914799055
0.695628643490392	0.300857117799591
2.31728929826719	1.47034988732485
1.0774744466649	0.720851792495706
0.549936205820441	0.20134992087055
0.612556803353534	0.299270192415039
-0.631126232046184	0.234099810194076
-3.50106277270558	1.32780519388031
-0.629562096271966	0.232603347009452
0.318927655613604	0.0862897509550208
0.542280131446209	0.128299417175899
-0.457947693330643	0.157430189041058
0.880088006913954	0.332071169795692
1.71612266025244	0.792341340399435
0.541100401848291	0.127818857380943
-0.227568628145306	0.0692439068929165
0.325420265820851	0.094389207791434
0.739495127750292	0.229163664241222
0.860945752408417	0.318896865280009
0.735770815498294	0.222513514651666
0.0914880007677831	0.0303337684583855
0.318143538060255	0.0951754671461897
0.560320692791404	0.206741512170632
1.2838754480635	0.76630287360443
1.77663391620793	1.25274494533809
-1.08105608861575	0.36095604784384
-0.5223760081113	0.140414884928745
0.561421101249904	0.209976242507607
0.316999011228212	0.0928334677014698
-0.0908971634645593	0.0309013786904418
-1.29435798572725	0.480339703041541
1.02279252292025	0.509419586128088
0.324877862296843	0.0958537387888753
-0.831326799140313	0.249343856236029
0.323517499162924	0.0904680191539424
-0.445505623754379	0.152436842507421
0.0129153418849133	0.00344424604437407
-1.28331625133256	0.470420786668762
1.60975761423931	0.906445251345867
-0.826328253600043	0.244633196851002
0.562171083899824	0.20945234556886
0.445594583457134	0.206572590546064
0.680611126196109	0.282699279456327
-0.106636235507936	0.0353182900250056
0.617074216328941	0.295481152401595
0.727063142795114	0.433016513023124
0.688811614495491	0.387035741854814
-2.84027394665539	0.914172854697073
2.1092512045783	1.54679030337833
1.04477586647659	0.613381907234883
0.0926070175496618	0.0304584788955314
0.605510453535922	0.293690288750714
0.598616755299948	0.272382430245082
0.795845876490674	0.387390344994577
1.06673069878059	0.685652098849601
-0.520214695772985	0.137880826745706
1.89016926493582	1.186046055095
0.41966769937622	0.195274599339821
0.481052907273225	0.206055536336875
0.155674384320575	0.0677337462051633
0.0999415981759954	0.0326160299970822
0.429708368127602	0.194904675912971
-1.2842721298882	0.46420483180485
0.390584089859259	0.196897341026446
2.34788814587511	1.13508462707684
-0.8247136985442	0.243775063199332
2.69313897598207	1.52527475451201
0.970981956185657	0.442214432427047
0.475658582056599	0.200152168983024
0.74610547207819	0.228282542864155
0.0121526056293753	0.00329602706267931
1.29166205137149	0.691351089035168
-0.776270888003541	0.310921460081571
-0.0933464908639628	0.0212702965815671
0.56643955368335	0.202900214629336
0.0833855317428832	0.028010022126427
0.543933997993288	0.126853376726706
0.877998179391884	0.334864359102219
0.313538883785526	0.0925993903416709
1.27885419028361	0.598804769844235
-0.232237043165134	0.0715765498020676
0.73704183663585	0.227152369479022
2.1082135841949	1.48673963861029
1.72498764193769	0.800873536939545
2.29809176254195	1.36504755271637
0.301621216830801	0.105112647563499
1.29833926027063	0.583818840959273
1.70235204809554	0.810159900144573
1.29212351432708	0.700145179866687
2.11324782057248	1.51207273766674
-0.241164713270331	0.076244858485767
-0.458196298975351	0.157218046170928
1.02309086988095	0.537372373785596
0.872498222610215	0.333354570617912
0.872303590610921	0.32949612455723
0.0943804990923337	0.032223726402279
0.0870410142876139	0.0288693117955536
0.744573107812477	0.227859030370143
0.111716152556999	0.0436436102922695
-3.32698574109241	1.2280591673737
1.69649227519063	0.783601690017954
1.01949282413981	0.523694627225032
0.966642709874233	0.434461264616371
1.07978645523226	0.706923192718864
-0.245054293878174	0.0759544977827301
0.139250706950287	0.0538737838814038
-0.677836916840605	0.327277329731144
-0.170694318451352	0.071096447016212
0.961429856935681	0.783607478277377
0.888025446607127	0.561030020640568
0.300692647055994	0.105946907691449
-0.0331289721343939	0.0123033807762492
-0.669607741339726	0.31468410902139
-0.0135658964506985	0.00538449279771759
0.599711748204152	0.296096542256285
0.886805144042467	0.320910086180834
-0.166226956833323	0.0696599171878675
0.896566361924828	0.554465153075904
0.793301510594723	0.533245479394487
1.29321724912163	0.69064060403101
0.960535959953588	0.820341354350342
0.233703370024909	0.112821667109059
0.38525302304364	0.195749392241302
-1.46744140206645	0.57815418120528
-1.46337505324424	0.578484924186545
-0.412800836372595	0.17127677960774
0.885711599764119	0.52438486315922
2.15405445584353	1.8230190960541
1.28103759394593	0.682444166524472
2.97555416330248	1.8612514903783
0.714815213568789	0.303217699611495
-0.622623335823878	0.234242513863495
1.87548644592532	1.14709464869992
0.00810017342181018	0.0023276003548336
0.3146648104573	0.0913579545285187
0.324329385368054	0.0959051461273956
-0.405329132342047	0.166991585458659
-0.229651344301763	0.0699905865497825
0.557538423079864	0.210347031905834
-0.414392042550128	0.172499943254464
1.89612470424659	1.17326755398833
0.0939137716118238	0.0307251292134222
1.72082319659805	0.790141306843509
0.742846606800615	0.233354125368674
1.70151956198082	0.804600781566675
0.485187470110514	0.196178502012488
0.280011594227198	0.125656715678806
0.712748585314088	0.31319160793674
0.324797204236395	0.09588222613702
2.34447013498373	1.10804472826823
1.38605416874139	0.451696726388903
0.298214761968299	0.103380068302638
1.28879390759049	0.507324075109526
-1.09625386006948	0.348387437746053
0.970187846594638	0.435440533197582
0.325491744897893	0.0948457252496635
0.546465924658674	0.128383503124171
1.60679563203766	0.862569672145185
0.00624120463056556	0.00176645845508515
0.94920614708725	0.410794165190241
1.29164578363864	0.597680781631593
0.308177783420709	0.109222461021131
0.709959750186967	0.295489060944996
0.957618244857193	0.428153567633946
0.744561566795475	0.232791161107715
-2.49231208841664	0.741884845199983
0.294508464807412	0.103142150250426
1.96854526576269	1.54028490500642
0.693464032881864	0.299298195081705
-1.46773645168592	0.554098989725816
-2.82570625121832	0.918479199567565
0.556821582905318	0.202196500017558
0.494650950058434	0.202764296415138
0.706683110555322	0.306967532353609
0.565711986963923	0.205907579487061
1.07373211469122	0.790183481282434
0.430714922793348	0.225818991263676
0.644109730109278	0.412772969791734
-0.031913151149044	0.011812495014845
-0.630616804090535	0.237643113799941
0.487117296948403	0.210305911546565
-1.63069038736921	0.687717383372568
-0.940074265148674	0.419837881214626
1.87592153897854	1.52536067393692
0.796527019295245	0.394797908947546
1.96054155942453	1.5084428330145
-4.21019452578818	2.00301653272601
-0.243022891582299	0.0749283780587616
0.878895091210778	0.480557858956131
-0.0945032483602891	0.0218370726435746
1.30159658650472	0.671030578164911
-0.174995901150099	0.0719392887882054
0.589494557675924	0.342954951391189
0.604856365559876	0.354800768144001
1.064667526043	0.61784462398325
-0.241771822755102	0.0753851712454007
1.26501707935199	0.921474433059853
2.5586808432557	1.84849229617529
1.61010456506781	0.900523000724552
1.24390443506202	0.881290695811516
1.27584560814436	0.82850355605726
1.89704361715404	1.18349327836409
0.486036421317998	0.206412865938129
0.0984804783941432	0.0331761826871785
-2.05433974854713	0.576107769870825
1.61514271484711	0.903854408331732
-0.0992708777956576	0.0221496476688967
0.563073510542869	0.199704748919007
0.95642665302948	0.429250803018563
3.25240895172135	1.40307420120783
-2.83701082493837	0.917156293169085
-1.27901211296881	0.459061428425146
-0.521354276075847	0.140151065895862
0.280093567420139	0.113000171208189
1.28410156668126	0.49490742102122
-1.46099297268817	0.56497209976937
0.960421863413152	0.427459168024199
0.491104366270818	0.205420720883796
1.29493531585557	0.51652268480809
1.2990676838516	0.506236864226172
0.30085257782061	0.101092828007627
0.739900789940366	0.227191955608612
2.77001859506718	2.19068689824474
0.961046590207586	0.447491727126201
1.28989401177373	0.496798808817426
0.546465924658674	0.128383503124171
0.318539902136847	0.0939999634422529
1.02419127395254	0.538001542798794
0.319628588618048	0.0930060930695022
0.742846606800615	0.233354125368674
-1.38250936278202	0.367021552852188
-0.926801702206211	0.395721035833524
-3.09536965170522	1.06547156586543
0.799329840017131	0.401293234586178
0.884191543164984	0.343066445645257
0.866733197615228	0.327562459436921
1.95971976445168	1.51241593255286
0.959397611900765	0.434335465981422
-2.49348075277667	0.760631300990853
-3.09758000874198	1.09367827811836
0.105109904438066	0.0343644060776417
0.461390400294942	0.187579703434041
0.316999011228212	0.0928334677014698
0.31918510108582	0.0918256878577977
0.486853661712299	0.203150931158381
-0.618859201471512	0.220069501522507
0.129646851523142	0.0511777585647366
0.291043774007681	0.135030265843066
1.02443781707859	0.540846965619088
1.76819267116173	1.20535081427778
-1.76228095526074	0.800101439528334
0.557683322662457	0.201256204312399
1.0766278122309	0.68418013194798
0.130356744878544	0.0624487418567763
0.602151894631111	0.360513825111928
0.562786771931934	0.206308657563318
-0.255774377906935	0.0776671106745333
-0.670165645208244	0.312614377025465
0.959397611900765	0.434335465981422
-3.32389604813218	1.22913311718987
0.249492184649357	0.120565220615281
0.872303590610921	0.32949612455723
0.688135857966276	0.376588205064166
0.710864598971565	0.30427251701122
0.00624120463056556	0.00176645845508515
2.11363608905603	1.6980071030007
1.60545660664958	0.864795100249791
0.705930435978342	0.308207055216183
-1.62625308892183	0.679429730160768
1.02565666532278	0.539703640882928
1.39220252896263	0.437531654237884
0.297960678389376	0.095236388231183
1.28033468815006	0.6067135990898
-0.525823473591188	0.142192228149134
-3.5244418168486	1.31693095387582
0.552728312940146	0.204858330511584
0.558288217783157	0.201173707345622
-0.168060951431739	0.0666775348768179
1.55376732092312	0.960528441824705
0.0144127031489886	0.00391569660959579
0.696859015629736	0.383909529008284
0.545286400011961	0.127906532067442
-1.28274301399264	0.471653732267616
1.06871547533325	0.626066077186577
-1.07527148017275	0.356655315544805
-0.520214695772985	0.137880826745706
2.98615979499742	1.86462051052621
-0.44387350269083	0.147700336899302
1.87086746772841	1.13229522347355
0.541100401848291	0.127818857380943
3.24488053149604	1.41948128466378
0.870787641972903	0.318309591433909
0.547153124490705	0.128061292620407
0.541100401848291	0.127818857380943
0.324253356636744	0.0936437687839325
-0.828502094065778	0.25094168663078
1.38427123595822	0.453531705710845
2.11898637498765	1.53453338602891
0.304872278314261	0.124239444832028
0.743418412008446	0.226976622674307
-0.796294244760325	0.392351150974282
1.72656606977004	0.810314682841495
0.293044483301114	0.120247671625579
0.959560687465448	0.438638363345676
2.05360483571274	1.13466867500625
1.87110733943015	0.599602400649659
1.28032745406524	0.591772071780012
0.7157140798285	0.311063046732073
0.743988900194572	0.228997201004662
0.486137424510092	0.208691376075938
-0.786232329424632	0.306127833332687
-0.841584907418502	0.253607767209229
-0.446621736891828	0.155572166824047
-0.544217840969304	0.243849780936206
0.312032005617906	0.106687111357417
-0.841324460591787	0.254223558114739
-0.0919394447853315	0.0315052028647428
-0.825335027523982	0.248598183771305
0.429769484326182	0.256842878795873
0.140202697596815	0.0527623057952948
1.05841226830684	0.667593024244787
0.902199301702693	0.573126279048753
0.31673624778906	0.108305831467032
2.3059177698727	1.8377169719972
0.312167515380354	0.090215350830541
0.430289891409531	0.260493271290362
0.0119785075484509	0.0051154177200731
0.270872085007157	0.118571459053592
0.801205212016473	0.408506805056654
1.04651722935153	0.599127974879102
0.547646226131866	0.199595152121689
0.958078264009878	0.423114907736382
1.59700589242519	0.841483412329955
1.024840835051	0.510296489829727
-0.266226384574249	0.102370392276718
1.10275690355045	0.904288628722977
1.28626866786196	0.614354404413717
1.87492520164159	0.596544505245442
-1.37736686643192	0.369817212053887
-0.238915967588742	0.0745023660885908
-0.0341017177328249	0.0129259758238425
2.10546755741889	1.67134308496859
0.497628397736453	0.212332187809045
-0.618222335584561	0.230312298635126
0.741206268974865	0.228640771349315
0.80122040177271	0.401369487339197
-0.513944376026364	0.134820394971873
-0.62793356383172	0.235271478886622
1.30281978304653	0.516382390088555
-0.266534227317352	0.101700444478938
0.541100401848291	0.127818857380943
-1.08714078500731	0.366580849372236
-0.79359419231054	0.321737815533925
-2.83133823353176	0.934971127868472
1.28700160282308	0.770369757047755
-0.235175374955605	0.0740295955887752
1.94016088732929	0.80242414532779
1.94171798110185	0.803776539333411
-2.49348075277667	0.760631300990853
0.129145008141553	0.0512505658485245
0.546465924658674	0.128383503124171
2.03896851901022	1.1160723827628
1.28846237261408	0.616618537678008
-1.0775029851148	0.361295530740018
-0.408908886757138	0.170243439306169
1.27915986943104	0.588532521927362
-0.522739884222163	0.138889648292059
-1.28350107612435	0.474836718450796
1.28058697224881	0.702744820711046
1.04451009730354	0.616109081019927
2.32841169102707	1.4588288530351
0.301316021741292	0.10590335211645
0.00972478893981658	0.00278683752860415
-1.08294058300766	0.346267579676033
0.00252258717362925	0.000953137376538156
0.313538883785526	0.0925993903416709
1.7045251741513	0.804839123546874
0.54857087575441	0.128558386573012
0.866664023544977	0.336347169504764
-3.51271430694623	1.36017277331587
0.562003258631275	0.2096791914521
0.486174322358845	0.202984938968296
0.710047344570649	0.31194535356863
-0.178726660379226	0.0686816034728816
0.453858584783267	0.210781800363908
-0.106002711865075	0.0480547481609946
0.279394344549557	0.112903876133008
0.417538664786874	0.189452615845547
-0.270750559703247	0.0997529161246239
0.0821214429388905	0.0277714234643413
-0.318862692596367	0.139283533997507
0.953665032608327	0.42771174312802
2.35561718010513	1.16476487863117
1.49548349013779	1.02012390105869
0.875844030305876	0.336682424821453
-2.49990984232575	0.743825215086762
-0.255138576987064	0.0772691865281491
0.306936562723294	0.110093542290928
-0.8247136985442	0.243775063199332
0.563631405712644	0.204088819764702
-0.448178786999639	0.15594907638673
0.709358724268349	0.322993485508799
-0.623596702262865	0.233397360638811
0.873835270339654	0.329058386585936
1.28003547501833	0.766122648507894
0.315904858319612	0.0906719899454981
-0.00387347522271706	0.000400097398346734
-3.6806634193175	1.50623217393168
0.546465924658674	0.128383503124171
-0.101445166826197	0.0353562883056131
0.0129153418849133	0.00344424604437407
0.323237769806572	0.0954668421415237
-3.09073159364739	1.06509583332195
-0.454093292533392	0.158453637062728
-2.83133823353176	0.934971127868472
-0.638780320132522	0.239756033006214
-1.62302847332844	0.6839930382907
-1.46561602821067	0.580295799109019
0.970360714601383	0.442646155911859
-0.259063818495957	0.10002882269736
0.487217620165528	0.205332723067472
0.801681508838236	0.400885527072061
-0.0219399647404412	0.00854610952806056
2.96897420586524	1.88401988545394
1.29515205122533	0.679076673886339
0.00617489098700957	0.00188984685649286
0.0804854795214392	0.0263788929094008
0.868679166407088	0.327992545280103
1.02485079468043	0.520951024384422
0.475658582056599	0.200152168983024
-1.07784721355002	0.488640407203484
0.292673820482293	0.119075593465221
1.29895155770982	0.502492984770651
1.49736175527725	1.0188263307568
0.313538883785526	0.0925993903416709
1.03726917877095	0.581806935336072
0.737212301794485	0.222878174874788
0.0996624838711768	0.0316980757838892
-0.228486955443837	0.0695012238814201
0.277509805340334	0.136421294288168
0.123590207684626	0.0481524808733585
1.27444010262567	0.915857301638993
0.886805144042467	0.320910086180834
-0.0229940762630429	0.00876636069081948
0.849807504372031	0.483587594194336
-0.519821307602435	0.264296352349787
-0.442346972281103	0.149833639236887
0.724064102879144	0.429936172145949
0.0131142270434902	0.00360375812483881
0.481516245527679	0.197403431091524
-1.29810793846083	0.683964039166468
4.26422651759267	2.63019433690935
1.28696627207288	0.488913244723623
1.50661230873212	1.04383146846342
0.301202791268486	0.105540599694483
-0.0962833901203116	0.0222038630107127
0.552167976111975	0.187106856304501
0.873356668868827	0.342342623972022
-0.521239785553401	0.140369579797354
1.29090491046116	0.611936199912831
0.0939137716118238	0.0307251292134222
-0.530441565236403	0.138655344135078
1.30070760593386	0.518463879015317
0.325887977908023	0.0943713534542507
-0.560801657834097	0.244727518529203
-0.826328253600043	0.244633196851002
0.00207180478695246	0.000993433400005261
2.68078875008749	1.47367582709164
0.559877105401011	0.193942520967928
-1.08134345607338	0.362173630594041
0.972329652780317	0.452505750522842
2.11826044318996	1.4456990298667
-0.783648320414102	0.318565701867546
0.801399952861491	0.412451585792795
1.37840095144117	0.447135658650554
-2.50013836544569	0.752963874303395
0.017979073648316	0.00466661923012803
0.975819099210821	0.404957440839518
1.62324826100937	0.888528017439547
2.95383661428996	1.81216089025606
0.463396637527099	0.187860543073863
-0.503548595016388	0.291328163417211
-0.241180944822932	0.0750844735638015
0.739900789940366	0.227191955608612
0.479026225759846	0.205495703267578
-0.520104445364255	0.137370661910804
-0.255280831393142	0.0978643394356112
0.301765201554989	0.103625368322213
0.3100566608327	0.0889507748310693
0.427750984797358	0.197646452395419
1.27789474962347	0.683583779689859
0.0108539775293926	0.00294215097137045
-1.0781831686054	0.351497185158558
-0.243606827297253	0.0752468363811756
0.28754240517591	0.11074063037853
-0.404836635175423	0.169120995614358
0.38396137725911	0.199937685393857
0.564980395749206	0.208097192284688
0.302953592054652	0.121078763446568
1.05502267116765	0.610951716632973
-1.76968750370504	0.808308877688104
-1.07652621510493	0.353950179594174
0.145270240526441	0.0755107878102548
1.88973401804913	1.19215903176796
2.69271828248002	1.5602876997545
1.78340250809506	1.22273859404482
-1.75624011026417	0.787515537048209
1.28879390759049	0.507324075109526
0.880482966956423	0.337900837313136
1.28181929222187	0.586297216558507
-0.638462629034986	0.240626489251053
0.309732947812194	0.109912703127726
0.537881681620156	0.126600678583075
1.2996134727987	0.530136221804645
0.874892512834432	0.341837768822866
1.87473972709154	1.18876708189578
0.961667817590737	0.447021746624851
1.30367633659819	0.490273610881153
0.0118237600693153	0.00316782879588578
0.316999011228212	0.0928334677014698
0.871334268002569	0.336391145853041
1.92479025093876	0.760899954334584
0.54857087575441	0.128558386573012
0.545286400011961	0.127906532067442
1.38807595397222	0.442047911275176
-0.524121956492059	0.1376511210086
-1.37736686643192	0.369817212053887
-1.88639089007176	0.901264022286009
-0.827414816822434	0.249739591539434
0.750456405947033	0.221324751963573
-0.457947693330643	0.157430189041058
-3.31902457203743	1.23889070538812
0.741603378191414	0.219530428170169
-0.454910431555179	0.156034564038016
0.597974800796893	0.290057279034211
1.93515399033225	0.792188355021487
0.7433147921486	0.219110890573237
0.741611120992749	0.22843729874227
-1.28254273938625	0.466456155861013
0.00278349456530168	0.00129123655780078
-0.398048289945829	0.164259022435635
-0.103295386608755	0.0352927432055543
0.799538716176703	0.407022669173858
-0.522739884222163	0.138889648292059
-1.41640985495827	0.800019618012445
0.91056286866874	0.579435138077816
-0.154167997453206	0.0643249654394513
-0.242612421918724	0.0754243237901665
0.702773901346326	0.314554479210706
0.292857583505394	0.0992220136368053
-0.239665675174267	0.0758816081140354
0.723360358156953	0.29077788106914
2.56157414193437	1.81472569479875
-0.418672457563273	0.199293735433505
0.323167496216499	0.0946334134428824
-0.521239785553401	0.140369579797354
0.397044227499746	0.202309933352233
-0.241844219552331	0.0752485040642155
0.883655957049845	0.334403262652387
-1.0728426414874	0.357886269207487
1.61010456506781	0.900523000724552
1.68970235089052	1.29721367034799
-0.244501624053495	0.0763021184580786
0.74610547207819	0.228282542864155
-0.237974788674939	0.0750087781254484
0.320252995132102	0.0952285767224367
0.7433147921486	0.219110890573237
0.875804145308279	0.329138546175762
1.28561871736399	0.77180232705126
0.550685923418775	0.199566504789894
1.71292388560741	0.837310537356507
1.71085444640078	0.8189453936785
1.93685000669188	0.789660825523142
-2.83249128745503	0.934154025578548
1.37546465165424	0.439216784934893
0.545286400011961	0.127906532067442
1.87110733943015	0.599602400649659
0.308387727705131	0.107254233500934
0.314633899723433	0.0916227904320196
0.740464274036165	0.227891483543122
0.0114202123721441	0.00307192001957707
-2.82685472330953	0.922711444031235
-0.0957027096313858	0.0335605978005346
0.290989465627565	0.0993636592487428
-0.459499522807888	0.15827624095221
1.71317049562734	0.82708892574799
1.38427123595822	0.453531705710845
0.959031067798927	0.416330049939668
3.65728398123049	1.85503807942785
-1.61489860322867	0.686313419006943
-0.841584907418502	0.253607767209229
0.327300445681734	0.0942378191565741
0.329971039447924	0.096148941949692
-0.0974928366755688	0.0220000133147072
0.312292879128341	0.0913945327623091
-0.515640221203127	0.13543764457855
-0.826886475386905	0.250046085549171
-2.498964405108	0.767925687647617
-1.38476212339261	0.366878631153991
0.967262513864832	0.445277574419395
0.697118388406195	0.368833570927867
0.297891135562629	0.104155351001806
1.06318794489471	0.621399199607273
-1.20788494965392	0.602180810341661
0.614908750363425	0.298463280309323
-0.833408040905954	0.250484038706387
0.31159297143943	0.105884085639353
-0.00122700266729161	0.000118274627045177
0.61485352017231	0.307437377632989
0.967262513864832	0.445277574419395
0.883655957049845	0.334403262652387
0.851607440694968	0.474601167781824
1.07467638384067	0.688352304922887
0.314121277911684	0.105500892000651
0.553637778957436	0.2024528354646
1.88281779344311	1.16889949997922
2.03902456508766	1.11924888983766
0.315260832071331	0.120709708624394
-0.240568421637523	0.0735830318676972
-2.83701082493837	0.917156293169085
1.30080763783044	0.663401292691797
0.493321253322526	0.205469642035507
-0.238378664762337	0.0736408442257595
0.719186715946842	0.308043591848468
1.0295740649358	0.538980148006589
0.323315190973095	0.0941448616051168
-0.525921537760585	0.13527585028863
1.29253821468658	0.693810081256217
1.69220655994346	1.32865514264083
0.964127559932072	0.437554608153207
0.439864223632588	0.206726196645601
1.29052539834352	0.585580850994448
0.305098965452552	0.105064739199192
0.744561566795475	0.232791161107715
-0.241922827453425	0.0749956807265483
1.49481501414711	1.01285744384726
-1.28733861005802	0.477551825971716
0.559921499614568	0.204009116822365
-0.938599771735554	0.41618731458752
-1.89241726765782	0.899959789335909
2.04232016411575	1.13936235319464
-0.784496803425944	0.314066588402331
-0.240415257229644	0.0763442857745277
-1.63256473271303	0.693313185263179
0.49473335443147	0.206489375730168
-1.29622555537299	0.46313985612799
-0.288894908279526	0.12852344157284
-4.1197515220817	1.81928167868334
0.487223866228606	0.205337933385362
0.610109158650855	0.298040429037222
0.481858816495032	0.203026699808716
2.30758928647564	1.85400209675521
-0.0308620085467548	0.0111505953541757
-0.796668049789778	0.311458411553145
-0.446101803209516	0.15286424804291
0.136455334221044	0.053215451018615
2.15109206484284	2.05866526474545
0.905109101924305	0.579143284243982
0.684310363764081	0.380581338889047
1.07808399973746	0.761176415698349
0.616665226961389	0.299234248790203
1.2729077410255	0.802639079004402
0.0307841963949183	0.0141883428394308
1.29039555601618	0.750621391127724
1.09290322884713	0.787898147041776
0.531822711009061	0.279292160904599
0.302507868874362	0.118692759831119
-0.939459509543139	0.399835471719686
-0.260501794580398	0.0774153196436347
-0.283059631282925	0.124193089868959
-0.0315587300226586	0.0117128177899414
-1.90012918983543	0.90788597695097
-0.791860097740633	0.326103366292424
0.875804145308279	0.329138546175762
1.28030784150997	0.603928163833868
0.752335392046826	0.227565334947581
-0.802760609682005	0.31874683744104
-0.513944376026364	0.134820394971873
1.29089093592549	0.608442894704527
0.859547455923735	0.483296381011415
1.02134282521765	0.526567170469297
0.0822626229443348	0.0276762720981971
0.961360605661363	0.43409187232182
0.0919896526272347	0.0317637050453618
-0.79153811912624	0.317362772146544
-0.106299662152216	0.0365556954467526
0.320315073371118	0.0918159211540541
-0.449806099370683	0.154893005476604
2.05852361520756	1.10169950821656
0.807901482337662	0.402633422440841
0.750616379759355	0.228057597960547
0.00913876512255594	0.00266781331555496
-0.0945032483602891	0.0218370726435746
0.294489637901896	0.115714616770331
0.281240144682598	0.127495644431101
-1.19141463686521	0.593307347778199
-0.925911446668621	0.405378727838648
0.48574894247903	0.202854377056217
1.29642881656629	0.599487604626527
0.323705695530232	0.095444827266487
0.556073696184275	0.204808240002599
0.0160545770394899	0.00419682354489619
0.0129153418849133	0.00344424604437407
-0.0902843361220295	0.0320704264189181
0.314413942958943	0.109193061483263
0.0841281218781505	0.0276558359144202
0.0971483151866662	0.032914274380793
2.25237905558879	2.40151780745877
0.937245860749765	0.713252494729865
0.806729579138522	0.407135002601379
0.867198341019332	0.474805273002855
0.956610163749249	0.43535066521001
-1.30149271044353	0.446791034731744
0.293738951304056	0.120330996082698
1.26183254936519	0.99052190946601
-0.265301175693283	0.101727547255709
-0.622033946233262	0.233232127989506
0.29909607496315	0.121140212053425
0.133895837824878	0.0509305838575852
-0.256395643510306	0.0959372202247646
0.672015273745977	0.362035823070199
0.271152296616274	0.13158278043622
-0.100630873298134	0.0231392113137372
-0.883253010766062	0.480434363085251
0.035393474452819	0.01717006542843
1.02261271378522	0.543463875229844
1.26906898816027	0.748612838966265
0.790201773010004	0.380069474832513
1.05720751792452	0.605263101629253
1.07749920372733	0.703336651059193
0.858932355757097	0.495372379171616
0.550685923418775	0.199566504789894
0.87436388314064	0.328531023698108
1.28831126704833	0.596349513971902
0.303832085838145	0.106706660512513
-0.0994736170795967	0.022542834663039
-1.37855256949683	0.369087290450251
-1.4762550623229	0.571930676198492
-0.792924940810233	0.325174383514389
1.70889797537139	0.788411381474839
-1.0769903537364	0.484487524059144
0.00713763059336234	0.00212611679198555
-1.7581116796412	0.796319378971699
0.319287557243445	0.0899958441554912
1.29277429742777	0.698035005833743
-3.31219836079853	1.21229419336227
0.608763627081213	0.273837949303801
-0.0145571988590777	0.00499025285666949
0.752740749945134	0.22273469507249
-0.442887594380354	0.153064672097082
0.711711231612174	0.307512734974842
-0.77742285465703	0.313024672115443
-0.637053026960481	0.232673847839779
-3.52087122282309	1.31798114655133
-0.419050984562263	0.171622766049871
-0.246509348849218	0.0774697718467404
-0.231862268579772	0.0723509071259154
-0.414898548769266	0.165527413831423
0.105724128914543	0.040946126332472
-0.682261140770416	0.330712771905053
-0.292307553335318	0.130352881219253
-0.342811363235122	0.19451172548723
-1.43324693665235	0.804872281553019
0.590024591736452	0.28494502543009
1.29699247669457	0.706526645584934
0.272134082316656	0.134615310843526
1.77025032666173	1.57536291458873
0.122258356450035	0.0453263611597377
-0.410392043907723	0.196194917973022
1.25171304792583	0.828608074611619
1.06818587407918	0.67996659363345
1.6784775549359	1.2424439530439
0.280139755778618	0.121467899757413
0.288267730759769	0.116206041202205
0.00055306324102936	0.000523376436508786
0.532585530095573	0.289007560540812
0.0915408035046653	0.0308190225381609
0.134979504649016	0.0521256327105497
-0.26645403083869	0.10193035948127
0.482129017866443	0.197868506603346
0.143295523343199	0.0617810067642674
0.593033640818702	0.287310111620503
0.310533836952748	0.183812746544094
2.8799857932371	2.95462432883759
0.304648772787853	0.107318558371333
-0.0974732041794594	0.0343241224330076
0.0125294548513759	0.00346079386071412
-0.25105983001523	0.0770937678718349
0.871549620625515	0.338386876454127
0.561626672146408	0.202205452023394
0.962204571567355	0.433613313101707
1.00893324312154	0.511972204872341
0.964783366499003	0.442669054159181
-1.45475935214366	0.568568727829898
1.94919571531816	0.747858737811986
0.561253668735043	0.208232044396856
0.737212301794485	0.222878174874788
1.29382647568797	0.609719629250052
0.560903487837655	0.198653368615568
0.812006810126071	0.404686248704003
-3.84036815294075	1.55925978890918
-1.62273703706835	0.68111095400665
0.12013576481006	0.0469519603883879
-0.103948938199882	0.0233524604803125
1.7711324467311	1.21674713709956
1.26320086509537	0.829726563909162
-0.935680463308115	0.396326723879769
-0.633510353994176	0.241219039962353
0.567977675642682	0.204012220671544
0.871901655227355	0.335000177560724
-1.30805508085197	0.706770971461006
1.49863151857913	1.03961378903478
-1.08105608861575	0.36095604784384
-1.47200752098877	0.557800465495054
-1.07859867331795	0.358439828286282
1.88924472727984	1.20321525399708
0.437945026685539	0.203848826123416
0.479765562879882	0.275544767503551
1.28084870937117	0.692380201857946
0.791435369008838	0.387661148919693
1.21177485624052	1.06503675874424
0.532726578036351	0.28561296590805
0.737418406719858	0.448162012193585
2.27357707437689	2.10413837952763
1.56232389453753	0.956459199162539
1.49681644739879	1.01174399778107
0.433980710526459	0.208115420724604
0.710245776269771	0.31285447457564
1.09838582602963	0.874569689024802
0.00307495523272254	0.00148241247951876
-0.0263505836793309	0.010136798186074
0.0164950528551138	0.00690329014750238
0.497283854456511	0.212152028788728
0.27765522306679	0.125186982926403
0.43876833633705	0.198974947677987
-2.60489382261786	1.73042697891093
0.313415766538056	0.0922461770616532
-0.0266544398474001	0.0099438702856394
1.27667132636787	0.669800699975295
0.557532205682564	0.204766766217193
0.489841003528048	0.329359528925013
0.486115202604884	0.209959681916631
1.06985176856522	0.631862372568503
3.66593549511224	1.69351214883503
0.747433875359793	0.222937106239901
2.70080453911676	1.02336096831486
0.59412942180888	0.280985762202861
-3.31605263115566	1.20372967855182
0.73875223205486	0.226649424561653
0.300337230115316	0.106969044286595
-0.832069625663695	0.254252617003816
0.546465924658674	0.128383503124171
-0.439212329288726	0.146582956276696
1.71265946977731	0.823355118306702
-0.826328253600043	0.244633196851002
1.39286395741949	0.437144521309055
-0.632814605777393	0.241319323390882
-0.938196648362012	0.41445568941716
0.00693662458038492	0.00210489586305147
-0.0916345194249183	0.0310984607821813
0.732926417900781	0.437875069502455
-0.825799730446553	0.248850296046326
-0.5223760081113	0.140414884928745
0.561421101249904	0.209976242507607
-0.23427204538866	0.0725762620861244
-0.237104756210844	0.0734627705647419
-0.0340134859568368	0.0124388611374116
0.134261186344164	0.0559290469323666
0.331531281032729	0.0946784968791169
-0.233688421287096	0.072264478233759
0.742858566830602	0.222845210348703
-0.0913399007635823	0.0322370537848485
0.130147304047711	0.0506898555554387
1.07700757747552	0.702190932206508
-1.18916568829402	0.595051069412366
0.693445692593845	0.296387845631177
0.833765282027481	0.674473913075925
0.482046087618759	0.204785064651587
2.1197552615337	1.43622463539122
-1.09242997168033	0.506219512435025
0.491523424154897	0.210036230312415
1.28169819816635	0.939218814425529
0.474125967404366	0.273714551364372
0.709358724268349	0.322993485508799
-0.260193550826342	0.0948271996160007
0.410180362585459	0.202590187038563
-1.75817315506553	0.794854384955456
-0.547733931243927	0.237535916184596
-0.396282218943829	0.189891135598638
-1.18155740408405	0.584512249386436
1.05637027450846	0.600076489760655
-0.114048141693934	0.0371747870149034
0.709089306247442	0.305715276230092
-0.159213069362435	0.0667817988245526
1.07512099707173	0.692037805855031
0.804021939309297	0.396959486549741
-0.634087688599278	0.240562105980088
0.967150045003187	0.43281783820907
1.54622422068026	0.975823035900923
0.017979073648316	0.00466661923012803
-0.106566471069748	0.0236156238664408
-0.524683569236692	0.139865316336557
0.00866705764748314	0.00250892523770994
0.874310845194386	0.337151126771116
0.323780413110012	0.0943043436593769
-0.234431964466863	0.0735830565144137
-0.831974893269606	0.252927992747765
-1.757167323677	0.785545886007129
-0.528357476837837	0.138974057943311
0.948620750028775	0.415710997609552
-1.76209456736589	0.792956620823847
0.330503838615018	0.0950000287859347
-0.9478894987176	0.402169404516408
-0.235687345957626	0.0727607971618686
1.83878427754276	1.474179364209
1.02422875810123	0.522673200371305
-3.66907587004444	1.47350436569985
0.314633899723433	0.0916227904320196
0.60735913495083	0.286000913528982
-0.841205550540246	0.246948140099564
-0.0324984745650335	0.0121529697497628
0.0127933324984259	0.0033472203885732
-0.627617130673673	0.240161726947865
-3.3112024857887	1.20126544638792
-0.184776986428003	0.0748662125590228
-0.815906035595949	0.507668347401828
0.583953062934194	0.399918360284189
-0.255171605227228	0.0960460997123765
1.85880411834135	1.55919474732864
0.776239814338025	0.487364068669056
2.63109619926025	2.51596252020151
0.280331958396994	0.12162457629763
0.13102671227747	0.056199002536562
0.346210594491691	0.184459986563552
-0.423337712707057	0.172313893183002
0.46781671900749	0.268763498504569
1.28066054854056	0.682090856113146
0.378684433302374	0.18989920361439
0.45033049578045	0.208224635724149
0.608337970768843	0.291119184599051
0.606006431310482	0.359254649229517
-0.102683758727446	0.0437838708610117
0.4165974429514	0.192700513936894
0.528659580667248	0.279547934076513
0.130117519640023	0.0493431828807779
-0.539318646189219	0.237385544860659
1.55307597802959	0.983540812912977
1.69897964985299	1.62498706643454
1.71370249703988	0.826079665236507
-2.83018604355835	0.915523433166795
1.38488871141273	0.450211777140325
0.737082487485786	0.219666828763558
0.325420265820851	0.094389207791434
-1.29622555537299	0.46313985612799
-2.25075904790253	1.24204017307603
-0.530695804189267	0.140404794130474
0.962279072626686	0.417441304417715
0.541100401848291	0.127818857380943
-0.104101583288209	0.0224537248463839
1.38159292353248	0.445976872538675
1.30220050187184	0.511933404200704
-2.05849704146216	0.555726647791374
0.751193601971895	0.231756848435628
-0.435393660039966	0.144989290843367
0.873083055042745	0.328888311878288
-3.68181640326566	1.48978867284205
-0.019848102738211	0.00717145690966037
-1.28419829828401	0.462466064636913
1.28920982094397	0.590560032990724
-0.781364613564976	0.318552580329589
-1.37736686643192	0.369817212053887
1.29556969683419	0.711182063763915
0.0101575856162158	0.00282804364824852
-0.521239785553401	0.140369579797354
-3.09647448091884	1.08882943702806
0.545286400011961	0.127906532067442
0.542280131446209	0.128299417175899
-0.274854763178501	0.12005707430624
0.12547476462871	0.0485797059188538
0.746391081569836	0.437972167381497
1.08607682295638	0.774811412540787
1.45888367262676	1.08682425805339
-0.00865118920406568	0.00355309111973661
-1.4639940154101	0.579205934292896
-0.617288894308164	0.227543607740344
-1.38250936278202	0.367021552852188
0.882845738045845	0.546063987181979
-1.62599160929535	0.667351073641858
-1.28733861005802	0.477551825971716
-0.791860097740633	0.326103366292424
-0.0923907475755786	0.032216839780749
-1.07221059813267	0.512568761417797
0.879554968017146	0.341844876288003
1.97136064129215	1.54040964083227
0.551574639096523	0.201876306117284
0.669339650570874	0.345387522904085
-0.158622376597482	0.0638221696210766
0.119872913233184	0.0456458148433887
0.302226856213934	0.121141025622144
0.0880027565529773	0.0302403794085734
0.481052907273225	0.206055536336875
0.117299348021098	0.0452678920898131
1.03698819800741	0.51017618227691
1.2724876081827	0.57534599951961
2.27426217847323	2.06409812988725
3.41332640457882	2.62377779506675
1.38427123595822	0.453531705710845
-3.31219836079853	1.21229419336227
0.552215766436336	0.19574824085073
0.486171149805684	0.205124859069873
1.29235490327568	0.71452618283663
-0.788605877934119	0.328191620139746
0.699340703369311	0.2985690148809
0.0934128526746088	0.0310685572717587
-1.01639005467685	0.57480064475467
-0.511925175177452	0.26459722925887
-0.800035155930395	0.327399350857918
-1.17653886266456	0.756233100554212
0.0195121202163865	0.00493888572082244
0.226343561729986	0.103637026570771
-0.617991801753022	0.335563671004927
0.293348051959999	0.130459561275912
0.772606423344281	0.505173864127745
1.02388474709344	0.510408454235464
0.879129326153264	0.331203265714694
0.0919896526272347	0.0317637050453618
1.2564755828776	0.967562372396271
0.697351830133417	0.307676920213133
0.873786393420291	0.487554365038079
-0.0123945481530446	0.00503103538948855
-1.08616630601686	0.504349037744712
0.0862929220052194	0.0296003476197554
-0.925625909573958	0.493992470506122
0.0986004407796034	0.0336955754451977
-0.453130878530398	0.156663328184095
0.276491232962871	0.108403705491723
0.865177379297147	0.482919033596924
3.41647781286879	2.65811212656796
0.854176122182798	0.47730668285481
1.61268270595614	0.872148313854911
0.303056570204746	0.132352945314021
-0.448318187609526	0.152493438723003
2.29056908779681	2.15622373970325
-1.20004619212504	0.586066713671655
-0.289159324209439	0.128342480541766
0.950855269832159	0.428670299836907
0.133508802469134	0.0512134222201038
-0.541838951827844	0.268043401505236
-1.28331625133256	0.470420786668762
-0.827973934228269	0.248897601435703
-0.517492510018553	0.255871846156156
0.141278713592699	0.0551090950535305
-1.45608214826289	0.570053697959349
-0.303191247508683	0.134219899748555
0.305920699501627	0.10619746136768
0.366247207849823	0.238530908425677
1.51339881974567	1.02495698210726
0.463455169771785	0.249924487456332
0.460321325375337	0.261524843011792
0.27053368902933	0.128396385360653
0.307909819133452	0.124270176309298
1.62348683795582	0.892126359305594
0.304583266337342	0.109460856293357
2.69501131532824	1.00895292772661
-0.41857817292372	0.20126334323286
-1.20665947854158	0.896508529576894
-0.534502606607916	0.271579854295002
-1.46531308563971	0.58072512893609
0.701409206384335	0.376663468310871
-0.0738673966926169	0.0360829601708448
-0.335121227915158	0.183258162271108
-0.660913478011168	0.327353514951824
0.351345026974924	0.203236898698996
-3.82936568046265	1.62990953026003
-0.985550469473434	0.672178239064215
-2.33125488378071	1.3534387741774
0.197594044528417	0.114761632666289
0.137449509865052	0.0660462793602996
-0.203424124954427	0.0963113093323947
0.150678241827904	0.0695076069475433
-0.268526857536601	0.146614330123064
-0.552473336751988	0.247408409117321
0.531121173428047	0.275015585570437
1.07706109821536	0.710221158284146
-0.402419761641663	0.16390072988776
0.579967489209851	0.39375091054174
0.748643772546751	0.460093968415324
0.252143112967588	0.110441616740235
-0.0229940762630429	0.00876636069081948
0.144179171221491	0.0750978037339542
-0.440926490699411	0.263304849659385
-0.531835276440891	0.34317016387028
-0.0979294121861976	0.0437319078572347
1.08200383350236	0.718898355483701
0.872430756427031	0.334437841582982
1.82091298630183	1.6917602446192
1.30846837079073	0.511853844975022
0.959835191581684	0.433207712940962
2.930337365538	2.51875488147297
1.63804115894092	1.33686739992764
-0.937344344459113	0.409372798131599
1.98266423206318	1.50803888112774
0.484170785880869	0.198029714188331
1.02670767425596	0.539400040599269
-1.78002261721044	0.737852639660862
0.0926239081155967	0.0311573576459187
0.32894420016729	0.0965259148221703
-1.28810247494672	0.480815408735924
0.714634188308615	0.311662193688987
0.498941304497418	0.200317900405395
-1.28645061480087	0.462589721944726
-0.452599351100448	0.153969159391731
0.0134783218062849	0.00363750306846831
-0.342219203966215	0.172486823329657
0.0920661484857648	0.0605859387136255
0.166606506227432	0.116705378862399
0.945976789339806	0.848867364516719
0.441856114983336	0.315297750497527
-0.35763656197501	0.211565864694398
1.28629769269668	0.571811231667977
-1.20644589548484	0.577273388980556
-0.830458254376926	0.253340793357874
-0.444387628361212	0.146558931383688
-1.28225088407572	0.472932749218288
-0.776252207097201	0.385869833002445
-0.398977268753946	0.165050114903141
-0.406130116621963	0.195589427771751
-0.210358186319768	0.101070775648924
-2.01399845112726	1.02184157315023
2.34447013498373	1.10804472826823
-1.07886946964333	0.491323043474664
-1.08151779779065	0.489472960082796
0.387895495129991	0.197420871270425
-4.307756665722	2.11661989358763
-0.529114474044422	0.275281496192008
0.661117938665406	0.44212957384307
-0.775697994977389	0.302890762908543
-1.62188179631669	0.681206118077983
-0.101078911986078	0.0449002877228864
-1.47940189768942	0.56004388221541
2.36010214310526	1.10827879002665
0.0925074136215224	0.0317705614474032
-0.641555768474552	0.232465397151074
1.55804020433595	0.96374439816723
-0.611283886687794	0.32431110848352
0.390488156593939	0.201632279364272
-0.286916940646411	0.128447575090901
-0.942413600644143	0.416160328284888
0.568131518697229	0.210993711274774
-0.261842724996867	0.0976301751110957
-0.00536120740100949	0.00179478943419464
-0.671910588672453	0.317719868343457
0.268385546179353	0.134922198576303
0.872335370991841	0.484588276030062
0.599007885684939	0.280241639653597
0.607234778979397	0.301443479967324
-0.793656797395418	0.329827024483952
0.4160722178219	0.191261456308083
0.735770815498294	0.222513514651666
0.869688339014639	0.330345133683594
-1.08714078500731	0.366580849372236
0.808853993802099	0.403147903487127
0.843933926766113	0.471943759769946
-0.24618489704538	0.0920408591378018
1.2880408888639	0.678538226425096
0.693683579595849	0.300995511917553
0.438732021334179	0.205977472214897
-1.76758184120578	0.80805060854661
-0.442354235496594	0.152605591796983
-3.09758000874198	1.09367827811836
0.136009867547141	0.0532555395978777
0.398302210417832	0.199477506068432
2.03640345113666	1.12135134100673
-2.83018604355835	0.915523433166795
-2.83458329559744	0.91634542093066
0.866294271596388	0.49622998460855
0.698328210274025	0.393854088624266
-0.30246958133334	0.131758358175413
-1.46658001845824	0.577925772695557
0.850592120547743	0.674794252231078
0.305814321322195	0.107647250829956
0.0390525505589678	0.0175764231902928
-0.681462090434081	0.317647610711077
1.27581769632259	0.880005288399978
0.019022256893969	0.00780710879908534
0.564051294983484	0.204011125707296
0.00521195475823335	0.00163044193678137
0.530755530650265	0.322729150178596
0.0934893552686224	0.0317731553916026
-0.413560049198075	0.185181236471226
-0.78308538456109	0.396401218766277
-1.06875332374366	0.49197998386924
-0.677142374614466	0.321998194896751
-0.858540903552298	0.597367798140378
0.129846804421445	0.0534034811528066
0.825143729173626	0.64097716224182
-0.404303434536391	0.16697186733558
-0.52082870034678	0.26652864466985
0.942184461810038	0.7435795340163
0.924495465801779	0.703730586509568
1.05948749526338	0.621384321531678
-0.285058989728202	0.126033540187949
0.124906748365887	0.047477374687113
-0.792810638155974	0.323915186359772
0.441884417296243	0.205878597903493
4.01686699518028	3.99733673638488
0.0125706870388723	0.00521253039353675
-0.828671576945875	0.591328539126252
0.871901655227355	0.335000177560724
-1.00658362649055	0.564233339233531
-0.339148446608556	0.209812184981154
-2.44430689045897	1.42064307083678
0.273916958950237	0.123214780300775
1.9989315376998	1.8132346432418
-1.19620658757024	0.941225432342306
-0.29200231593695	0.127927361461271
0.596950103922814	0.359895516178062
0.465649958859576	0.305215341683931
0.356035522490499	0.224659349567141
0.792955666043394	0.386422822848645
0.791860125040367	0.394145168838078
4.24633419147932	2.60298615176405
1.28735370453761	0.7774391300237
1.25075835864321	0.809306305859772
0.297552255986844	0.104373108157182
0.872086834279008	0.33780025631223
1.27625647020706	0.669771048500207
-0.531841967384847	0.140696319301189
-0.92910055443931	0.396978541509813
1.86695056271754	1.56798837067376
-0.265929901386574	0.0987089548832915
-2.82570625121832	0.918479199567565
1.70787089555088	0.807190098446499
0.30559068026284	0.109901940605023
-0.0172232485235324	0.00677232130122256
0.554941238049775	0.20445710199686
0.296533140117369	0.102493072376113
-0.24861197369414	0.0764447719536392
0.552893324539326	0.204766376131463
0.299059771751477	0.106690879367608
-0.62089670369598	0.228562977760283
-0.703472430014639	0.401129430847395
0.305387878515636	0.1189876466306
1.6119921693486	1.7597839450041
1.69951310789438	1.30359673966162
-0.59526556342412	0.363664772476859
0.541191550149199	0.283904192524022
0.772929593433337	0.510993801543599
-0.317849796815455	0.16295368722873
-0.780592819888974	0.392105876196662
1.03813771694311	0.53778464974821
-1.62592158362876	0.696464458349941
-0.990431523558697	0.570035936148308
-0.137598250929818	0.0738542909606206
0.641208694370637	0.413299458745992
0.651977682064035	0.421305913830516
0.459508984430545	0.260438367328111
0.236194752569958	0.124023824994265
-1.7936919629125	1.21286457770044
-0.89295903132883	0.472185401784438
1.46571427017001	1.1005962344305
-0.422720750828138	0.23237063649038
-1.31059869090425	0.698857409400704
0.344798785947509	0.189049069568083
0.692465655991535	0.379553282675554
-0.423693688595722	0.203625336997663
-0.629395847373906	0.341757515569182
0.271521075701553	0.120383680814775
0.13402585702813	0.0581914621395942
1.4217965638614	0.915726539508317
0.111926287094582	0.0473955728681217
0.830093979270332	0.44605089936772
0.611823727677189	0.456020206705
-0.0947999657103747	0.0401867771844441
-0.700930643387932	0.325150869472477
0.444140057722516	0.208290123947968
-0.674575761312369	0.319386075551667
-1.18589050878827	0.72499241228138
1.21150858999066	1.10846484792293
-0.155507742778621	0.063583622162366
-0.0928037364503596	0.0464239421852899
0.310644645162147	0.106464936746668
1.50144751824209	1.00186308597917
1.41443245775483	1.14763789489606
0.498342092112288	0.209120573679589
-0.0261001592631621	0.00982751992549318
0.31087024465771	0.10813929543069
1.27048870656865	0.754751162080685
0.961331461203146	0.429329962937088
0.350622089039112	0.193906614596729
0.499772189844667	0.20546047941685
1.27842304350466	0.66080669429439
2.13779288076825	1.77773125133375
0.692924141911796	0.298951292830006
-0.63287222790343	0.225870290395167
1.28991745500449	0.510886330890785
4.49535085540626	3.13977714615619
-0.2654271551836	0.099708335051639
-1.08810382039827	0.366696523215772
0.796385381147695	0.410213979267056
1.02592712943153	0.540449182602798
0.411235040805536	0.18679274253287
0.147514431126353	0.0755358954021989
0.383370465962413	0.225465903644884
0.844967747264501	0.473233170500033
-0.989494961410298	0.666603962931152
0.632066268832405	0.503467726985347
0.576786529922967	0.391535607153925
0.373381334211878	0.229736105109085
-1.78093178591964	1.2161953727837
0.156103049948128	0.0679608601338518
-0.217362183554369	0.106379654575726
0.603788657891499	0.288785632360009
-0.34483247001196	0.200072984953683
0.472037265397662	0.26449444813536
0.0204712023470733	0.0103494528019626
0.916857596350965	0.619665444933194
-1.42076746231352	0.772580305953218
0.854766594392005	0.490733458436468
-0.813028770929338	0.490684643292726
-0.624819754030674	0.34667839050495
-0.41304332419953	0.194976195100051
0.387418938415809	0.19181852261998
0.592089973909667	0.274868381795026
-0.833389424715837	0.602081304405849
0.0452527155380542	0.0235394132829624
0.375578548527749	0.24036748472377
-0.0358651994739813	0.0127968348572631
0.858326214709495	0.489247033258215
0.121852942500856	0.0645132468593005
-1.21541209565597	0.724278554285882
-1.12248107320935	0.654338129404002
-0.217467598531395	0.100714143637791
0.412877652539275	0.188145045628371
-0.525731053802918	0.327910022719155
0.264565817906294	0.130831357864534
-0.0483133723951422	0.024675824960192
0.00917953788717034	0.00520603092040865
0.837095047893181	0.683650004233539
-0.693486962206835	0.4371363589956
-0.033373116793681	0.0119568927653403
1.40006776522584	1.23598673292194
0.699783068395905	0.382527869841376
-0.235937790139879	0.0739705012996475
-1.45935663734932	0.576200695978139
2.96516543570428	1.84422196975566
1.05646133064447	0.628300629961286
1.03452542710638	0.54334222203783
0.274271979086252	0.12075597344492
0.713838997612124	0.310997817842482
0.280640345328136	0.12580258544564
-1.46333972995484	0.571665728031234
0.536870783013144	0.189257675400698
1.27566399587955	0.576276523359525
-0.836634894627274	0.257543939751531
-0.507009686614654	0.251427004654122
-0.834670737656865	0.249889401637271
0.532235902678456	0.290855511740606
0.797922143838534	0.392131405635068
-1.28176912949453	0.45700070510312
-1.45988972273975	0.580992914684139
0.31118225686456	0.110497295015127
-1.28198483282927	0.462594410304927
-0.0909756710375126	0.0315755933490062
-0.232237043165134	0.0715765498020676
0.427799304323836	0.195850997139339
-0.175270139243874	0.0723730134857405
0.60340986063198	0.443224820809478
0.377283530669183	0.278373721054008
-0.47579060694388	0.396883757238226
0.479707794222282	0.304497083174392
0.389216669713349	0.22862513670086
-0.598758222612068	0.441858825377406
1.86123804462676	1.5832897100755
-0.456146901558831	0.239868463092194
0.0479853426243015	0.0230366234684473
-0.0671947645542706	0.034213468403951
-1.18699558766921	0.747749624149585
-1.09289128306918	0.75534320594254
0.489331549800564	0.203033540947736
-0.248486824409178	0.135659560668994
0.599774461486623	0.340062705482525
0.800958749388915	0.399580682599836
1.69981022274576	1.26771103003297
0.0134937293017382	0.00741416171709099
0.258022334306539	0.113113761874937
2.30895494926764	1.75343695763222
0.601684241685628	0.35347017771805
0.363529762311294	0.232763374990457
-1.32220101247868	0.697694012268401
0.623900933060885	0.28903881301708
-0.165298219125089	0.0879915577510055
-0.906754334391569	0.567074488562992
0.816134678079719	0.592127655752159
0.218649915347344	0.123994231322269
-0.377359873240859	0.222084679466664
-0.253783272957151	0.0952925002321162
0.24517017580692	0.132521105799262
1.05747672931935	0.606782027528877
0.74321644361297	0.457171602779952
0.0108539775293926	0.00294215097137045
-2.49779134618292	0.753762077506182
-0.253127249879668	0.0930021618683965
4.69383892280044	3.47726859052196
-0.00874847447744787	0.00303686390044845
0.321343621282208	0.0941965604079644
0.47713036423427	0.195671527248652
-0.624196744051635	0.236405002380094
1.29329960917392	0.504317970016831
0.0794795862141534	0.0269232294703871
0.559584005737016	0.209985261051233
0.300509850473933	0.107017194790929
1.68912872367662	1.32655397735536
0.533338813235742	0.283475997296527
1.05810388979281	0.606949741335271
-0.637685578225943	0.235662383372013
1.03398113445104	0.583169585811072
1.06196847049395	0.685941008613751
1.05625639041754	0.618021040253064
-0.0206419754353636	0.00807373464390512
-0.241844219552331	0.0752485040642155
2.03893261808058	1.11004444456666
0.555335330454088	0.204846342829437
-3.32013518200022	1.21087626955713
0.311802155235833	0.107797358968214
0.647974142193138	0.416479996242603
0.216203394592051	0.124582158924524
-2.27192226612415	1.91282547314253
0.608394574598249	0.293166509017936
-0.464920490101329	0.275629727146143
0.883237743966731	0.342149835436585
-1.46042236233527	0.582462127928243
0.2913301982642	0.0997244795204687
-0.560299597135866	0.251666885960376
0.119209885673962	0.0466367716970803
-1.47703750749797	0.573679195372393
0.146717405611279	0.0706539677513354
-1.08274896725086	0.495569865335288
0.129247476773678	0.0506336643344473
1.28423116141909	0.497010254740198
0.128785897326052	0.0506279509626166
-0.790287311246809	0.3236666059855
-1.62556761166124	0.682057712157096
-3.96757736747084	1.75404642837165
0.331059341247749	0.0965806007825434
1.26579647727245	0.853082499362134
0.0978920238817965	0.0307350687517733
0.497332825127185	0.201462387707732
-0.237275358357156	0.0740297101533226
1.61120554198522	0.864579984200174
1.04659673560746	0.615299127984108
-1.29361114040927	0.478327419078214
-0.0902457760143361	0.0317934729066171
1.35330141879904	1.22237851341964
-2.42798583575226	1.44302915297555
0.26363669707069	0.133554262192436
0.866382520392535	0.489241015145773
0.300188627521144	0.107243079057824
-0.837725680837318	0.257618742248887
3.20289984803587	2.30316674745047
0.0769550951245345	0.0249102315486636
0.116463097615349	0.0444633399516101
0.429390486143042	0.205278234294986
0.54857087575441	0.128558386573012
0.494372044647935	0.2036636888908
0.252094635174407	0.129817462124115
0.299513936805346	0.10453461640491
-0.826328253600043	0.244633196851002
-0.444309873807727	0.154215836062215
1.26270571762469	0.886855771110599
-1.37855256949683	0.369087290450251
0.305761353945874	0.124492896922726
0.0985123704406425	0.0322448654362479
0.564108818657114	0.205223150345328
0.851953270197258	0.477725552118491
0.614556464799363	0.371425804640163
1.00774303571183	0.513605426081427
0.54618832180523	0.197508612172232
-0.55780079525747	0.248676087067092
0.6982623646261	0.305957746182005
-0.23427204538866	0.0725762620861244
-1.45804535329944	0.574692839163122
0.49007568065716	0.204720803736581
1.50454503504374	1.04239923292032
0.292625863733283	0.128042894788522
0.814095951802215	0.402347671492035
-1.19386598782679	0.582684535479075
-0.455109479220497	0.150062854845178
-0.0859228891455053	0.0296194285407457
-1.61554332344352	0.687211374779358
0.478986972878255	0.201517421222977
0.121245950644221	0.0446997921494577
0.802069173084685	0.376742179685281
1.2938570221964	0.613600733852477
0.0339046585835919	0.0133732758756285
0.128153724888434	0.0557640250104664
-0.641312490332581	0.233503808088625
-1.32357579570909	0.693393589232896
-1.64120994056142	0.651591031013533
-1.0885566476252	0.369289157276746
0.0968570613347669	0.0326012092864388
0.124324174963419	0.0478707201498552
0.317835449697136	0.0906936403276451
0.712265343993317	0.29444468725276
-0.254686592658961	0.0978983292911453
-0.101682868585942	0.0348422605397903
-1.45988972273975	0.580992914684139
-0.9138918739068	0.477728084979201
1.79053970204358	1.220108166106
-0.253244919111015	0.0946635717520122
-0.670668033493328	0.307012911544145
0.528170892226057	0.270105759132223
0.609108338150649	0.307993220234831
-0.21989976559604	0.102418934522094
0.693676597227301	0.296192483314549
0.313255201276781	0.17475244340842
0.485077092659501	0.209736342306776
0.608594643556289	0.357159408528063
0.432072227245998	0.194484741847856
-0.242497309646478	0.0741774614420278
0.1485473507353	0.06946042389996
-1.19946667330993	0.60087635340018
0.745703811636536	0.228481367728924
-0.78925552251999	0.307949705746541
-0.939493756528101	0.416253321116774
0.704485511375187	0.315474921744184
0.621967286814971	0.299580342333195
0.959200590403797	0.436790595784429
0.311077595700536	0.107486520096188
1.38605416874139	0.451696726388903
-1.63149555660992	0.687752788075338
0.442369626328335	0.208068087650448
0.791551716158087	0.399114419391885
0.588992534735749	0.266272311984618
0.532722810278755	0.288247150542233
0.129099688691253	0.0561140939202886
0.10361309533345	0.0338953532296752
0.124214495267016	0.0484111734534945
-0.671102622478281	0.315204825209912
0.30754219334217	0.118281631473866
0.138385020463122	0.0589021858648524
1.69314328161694	1.26864706033414
1.29164578363864	0.597680781631593
-1.10057471063715	0.495577497762613
0.47965881393323	0.19484450635504
0.42980862775297	0.203961053373983
0.135540021778506	0.0514307456525596
-0.0930212583066807	0.0212077808526859
-0.514680488872461	0.137579947568615
0.06723046235605	0.0220045142120256
-0.796689709354488	0.316945947241835
1.06990058466165	0.637543271239819
0.965443290120308	0.424716102903686
-0.391883784686485	0.15634938303577
0.546465924658674	0.128383503124171
-2.49779134618292	0.753762077506182
-0.636999385024638	0.235744686266624
-2.12115472504407	1.1133104831863
1.06318794489471	0.621399199607273
1.25870186957044	0.931539643725907
-0.829990262317023	0.25307982627687
-0.4034600631229	0.19090061495673
1.29180242426246	0.600353956984798
0.759526915801874	0.455426953325998
-0.437058186371533	0.146014473088118
-1.08873459100086	0.356565880904128
0.872868568433269	0.335906314973334
0.147994448764345	0.0643404671651347
0.304398441619668	0.123484320611636
-0.659327739385611	0.313052305050682
0.42215130910849	0.19477156247465
-1.29240497270788	0.468880986863489
1.06166572472933	0.628146554930366
1.05756491884257	0.610665458976465
0.13799642784726	0.0522919106666334
0.684741709258198	0.376378873584463
0.600135585560837	0.288680195483091
0.156072823560691	0.0669743610713675
-0.248518429176241	0.0747061454787088
0.321343621282208	0.0941965604079644
-0.243061051873016	0.0730590504902345
-1.28832208852662	0.473045239219147
1.29514865535498	0.593893942607914
0.0781575681854066	0.0261877120521605
0.00223815657025062	0.0010470463163629
-0.831547258034552	0.253419977958223
1.30070760593386	0.518463879015317
1.57935334673015	1.43678374781759
0.973670890197544	0.445479037045078
-2.49231208841664	0.741884845199983
0.397495809076887	0.205417431667352
-0.832884030316045	0.249681598941155
0.110934076455872	0.0452725934054932
-0.212524190771648	0.102789653762069
0.803163081981523	0.387024977553828
-0.251301877351529	0.0927855259583788
0.4304293739843	0.203925849572074
-0.176375916222266	0.0690965495409565
-0.7830989870573	0.320204039347549
1.61720551695545	0.873552367176313
-0.448786871869139	0.153782641767454
0.285191674201516	0.0955861324834284
-1.63129675506922	0.672471176725389
0.303284900698567	0.106232430713792
1.5646568801143	1.34840687341689
1.39169916614548	0.435776864920201
1.89038671381052	1.15474563565756
0.317050779303299	0.0934221837279994
0.966317313765857	0.434453524881814
-0.236918063283751	0.072330505705949
-0.448576036434	0.157226426303193
1.2870281234509	0.68905189123312
0.553625230735003	0.196976436670254
2.62382000746335	2.4835120320861
1.28992520142817	0.77131944097671
1.38310568737594	0.45202977531251
-0.233132272496996	0.0715602848705832
0.296011358076215	0.123323109628727
0.141576226884658	0.0534606952863477
0.0757079283390712	0.0256492879726285
-0.832636786270048	0.249232691777988
-0.936815851293774	0.403770874645766
1.54914660749158	0.951145062570915
0.0888180820228901	0.0297322013485651
-3.31518843568061	1.19835002370899
0.595009251680206	0.29118726361449
0.425111124419736	0.20193242036017
1.27664560459949	0.665900929378136
-0.432270680026614	0.165861764043585
0.53365179376245	0.287335801873318
-1.28974569768279	0.474397534696002
0.703473386652755	0.308580336990344
1.01803156990996	0.542873267553641
-0.54028155844535	0.243779770884118
0.692410049945151	0.29759698247262
0.294478572980847	0.121171963716691
0.965746037286145	0.445346077115986
-0.256050831763822	0.0956793663117135
0.707047830412571	0.307012843212732
0.488750857594703	0.203479192876889
-0.248253118723023	0.0929489157681215
-1.07426135859027	0.514036445706959
-1.30992198994465	0.705716482204225
0.321474699068588	0.0901107565437793
0.963302185654953	0.43859941259866
-0.945030154226532	0.416288375748292
-0.0973790569743821	0.0342107777463314
0.296522481337342	0.101917145733346
-0.417540333943463	0.18480110040419
0.695185788684021	0.36788026051288
2.0469547617951	1.14512416552489
1.07404877004358	0.679957770868184
-3.82424357900002	1.63744524450498
1.96372894925159	1.55143376751385
0.0921243281181402	0.0310723295912136
-0.239689010674365	0.0744800040485844
1.05032367470615	0.625389526341648
-0.786745993140405	0.323929951540433
0.5395771159446	0.284656981694063
-0.240307513073842	0.0732072696916934
0.884191543164984	0.343066445645257
1.26121720736963	0.816600382085826
-3.09868623597984	1.08730133775312
-0.236449934238729	0.0742106876529409
-0.237275358357156	0.0740297101533226
0.10361309533345	0.0338953532296752
1.09313178880281	0.783926152845464
-0.223364159025435	0.106157675695885
0.0782148322009233	0.0264556289208444
2.36179210582169	1.18626902630941
-0.519312312980015	0.250376440525896
-0.411166375846035	0.165352885168437
-0.628521123321483	0.337491937596953
0.49007568065716	0.204720803736581
-1.08185102233973	0.5054701226341
-1.28274301399264	0.471653732267616
-0.834249424385902	0.250115174033497
-0.828902080556811	0.248526627312195
1.28065692549565	0.823607629048298
-0.838817185962132	0.25328760025507
1.04177026556648	0.518879124559428
-0.944116789774186	0.417674568359301
-1.08492058721772	0.364828477810771
0.476637576802059	0.199897925745343
3.24688433797277	1.45389803769784
-0.453598094111381	0.157773074772358
-0.0896461733330605	0.0307917550933604
-0.618566291595832	0.344839426513816
1.97786625806878	1.56240465683443
0.324877862296843	0.0958537387888753
0.743622676684997	0.437435043822651
-0.626924178603285	0.231278431038405
-0.0879873767365385	0.0306737216214467
0.00962698743274129	0.00270396457970473
-0.234079804153495	0.0711718356160425
-0.246509348849218	0.0774697718467404
0.253747757984509	0.1240724806194
0.871334268002569	0.336391145853041
0.488627030008436	0.273466193007119
0.11505183699998	0.0446742650622155
-1.08982472000575	0.484022339499832
2.04371991801897	1.17488886592512
0.319628588618048	0.0930060930695022
1.46169354226931	1.12593657414139
-1.27748366018139	0.464006152680012
0.704899971420589	0.31614062112579
1.71469577915581	0.804613524165158
0.299289508402458	0.103231854853593
1.62348683795582	0.892126359305594
-3.83202912311112	1.63763004661274
1.56086243605526	0.952629806254832
1.28750935037554	0.773640445305899
0.614092573849542	0.29408712744327
-1.62469764590092	0.643261747645574
-0.231810215251364	0.0706518959746122
1.27235013073754	0.736493666507019
0.0142535041620434	0.00382646304133508
1.88107630517776	1.17916734905253
0.752335392046826	0.227565334947581
-1.63307884397196	0.697754172943155
1.61111237616474	0.878738052476213
0.706982681309575	0.308053478334932
-1.7527922190623	0.770968752862893
2.76325398267535	2.16518282942822
-0.105479289936876	0.0358662927187275
-0.245797099254876	0.0771691158134994
1.54907929853333	0.975766567640378
-1.18858652765898	0.595953993249995
-0.437782326193767	0.14979225353418
-1.10543810503654	0.656420229153738
0.534893084096739	0.284063548467561
-0.247267762923724	0.0773718761143215
0.113619613602392	0.0437297157251496
-0.828502094065778	0.25094168663078
-0.781810674755879	0.317312553664566
-3.69402627155088	1.48279424660154
-1.08786646647154	0.356585304113687
-3.82358954214025	1.62413828387734
0.0903010213867769	0.0298602702255179
-0.234431964466863	0.0735830565144137
1.98262659200883	1.47031279974194
0.557355604387933	0.204976570305999
-1.08425366242167	0.369278140646016
-3.50766607864638	1.37426814117007
0.311077595700536	0.107486520096188
-0.257514030842761	0.0970608707770789
0.437055001651861	0.207156054723731
0.303592190384728	0.107678751978863
-0.0225077243420827	0.00871394967688475
0.314121277911684	0.105500892000651
0.955660815859249	0.428376130585786
-0.520214695772985	0.137880826745706
-0.453661958033717	0.15768897072405
-1.62176236543499	0.689619267245939
-1.28425901874629	0.474855091321997
0.287535942424278	0.126803906496869
-0.676480753218088	0.327080508805612
-0.64701284154134	0.341592455647946
0.410927047841876	0.24440188429127
0.4187187791827	0.196735385480532
0.547646226131866	0.199595152121689
0.691303137100249	0.287195064255588
0.851704441960086	0.48918102737206
-0.622328964810778	0.23417735226982
-1.28144848879415	0.452109279085272
1.37546465165424	0.439216784934893
1.29704914178607	0.51445118128362
0.746695784046274	0.227164306604738
0.547153124490705	0.128061292620407
0.315208962222958	0.0911817061531431
-0.100397591633356	0.0347340304428276
2.12671168242518	1.44410035167052
1.72297252815087	0.788266671593812
0.304792771481564	0.108647655476924
0.967343071115186	0.421614038764919
2.55363940773738	1.89738448523508
0.0185093777604819	0.00478759989815322
1.94960472032889	0.775961175491429
0.0808386128787452	0.0274515996668615
1.70526579266917	0.772479106579464
0.95711396578961	0.435834498145266
1.03386814424343	0.549102843849891
2.05446466560032	1.1625282151067
-0.622972533534553	0.235032606203282
-0.244346536173026	0.0764432926892936
0.871334268002569	0.336391145853041
2.36131658392729	1.15323254071489
-2.04783485499909	0.571093548500225
1.28506912079539	0.755666110269486
1.94830991468187	0.776924966798475
1.54701213402066	0.96254253977903
1.28444537162687	0.569153499637658
0.864783726865919	0.318906137927059
0.00919789971719187	0.00263503856727176
0.700468422399249	0.304468264645988
0.0118237600693153	0.00316782879588578
0.128150097050978	0.0497500190702359
0.116124618780859	0.0450350730870255
-4.50679026964208	2.30985062212846
-0.536444659960338	0.236540948808333
-0.635067201058179	0.236070336803551
-3.81781524151711	1.58338082494921
-3.67542911223521	1.5080288603743
0.436227737453139	0.207250498386621
0.225689656853952	0.119921316523486
-0.444524194109702	0.151473863137675
-0.633776101029101	0.24266905744596
0.300509850473933	0.107017194790929
-0.417851022411778	0.166362220300866
-2.26562334558521	1.25537426056501
-1.29167191061102	0.644672268188985
-0.803832093077203	0.324970741696766
0.854084946148012	0.490746247104275
-0.679097759722873	0.321275000900629
-3.5229084411089	1.32715333449488
-0.246374139547731	0.0919764409197315
1.47228439336443	1.04777563982546
-0.216331833348056	0.105425215822167
-0.0934423008323896	0.0413327697546872
-0.00798237203873621	0.00339664613092395
0.562171083899824	0.20945234556886
0.881105583048267	0.547920606701922
-0.623314590878046	0.230885797131292
0.475391414467967	0.199133598305194
0.445261067028033	0.207366415365986
-0.522494745184589	0.138224827015017
-1.76742300274766	0.79682618622087
-0.248560884301615	0.0946976476980784
0.895545197995329	0.578736743185289
0.48678692915222	0.209894586855647
-0.828502094065778	0.25094168663078
2.32063051257264	1.46461308271568
-0.518775556827067	0.269144722282699
0.238990226293703	0.117238377727894
-0.275458339906281	0.102953018961344
-0.243217575290489	0.0761252912804323
1.27896841141088	0.691727605461293
0.322614950062986	0.0914817346583648
0.752335392046826	0.227565334947581
-0.444093974324635	0.151376564630037
1.29178660128666	0.693851480390828
2.11452364643846	1.5158991603575
-2.04783485499909	0.571093548500225
-0.158391386807077	0.065893899381877
-0.634787398566011	0.234364099189476
0.70763644141587	0.315494567480271
0.903578621789504	0.561840514787446
1.70609289937595	0.827220244459566
0.222630921048986	0.120122738598085
0.744985653727228	0.221081609571464
1.54538199311881	0.932577386320662
0.681242104928767	0.356571678291388
-0.461305327905739	0.157592438112047
0.303957970267365	0.10603819628151
0.488390660472683	0.204093487434454
1.85463878955007	1.53798929084439
1.27331182500821	0.845718656205147
0.0998311051332781	0.0332450707514035
1.28412724555027	0.769647451753204
1.72136021492481	0.818275143602808
1.55402059458331	0.994621541756256
0.32894420016729	0.0965259148221703
1.61782859528243	0.902142439023213
1.28787295508579	0.600967067891111
2.04766715333225	1.20250256959907
0.566823590507379	0.205803973897459
0.294737802732714	0.104236805695435
1.05671878395573	0.61552255138843
0.56090691137246	0.201289646266729
1.06745848177144	0.613024891990072
0.222014755984746	0.115982986505322
0.218840299507419	0.11778637860445
-0.608335703427289	0.318133707322516
1.06505337670598	0.738478976299166
-0.928319683182979	0.406476469054628
-1.36095542493505	0.967429089641785
-1.68636985033201	1.3621552942567
0.0382890886865995	0.0175052853155174
-0.0554185716246412	0.0284731042289674
-0.118372811707074	0.0521666039846359
-0.886662145213385	0.466053106673896
-0.902567343295388	0.483851537917117
-0.26411000334588	0.144120145418396
-0.29721311576072	0.135112515899128
-1.53661174128903	0.904769778180793
0.437440178727747	0.204380082512738
-1.50747723918485	1.3204447627331
-0.415352830575012	0.174255491835327
0.513642696601691	0.319669127899725
1.26137162123114	0.963545289356417
0.934676164818237	0.642461113901214
0.34035849821135	0.183536876302664
0.0224122263447688	0.0104999225350247
0.194272963591603	0.126969825283452
-0.214692637735102	0.103106081456777
1.69082285446214	1.28287284900026
0.0243551432252228	0.0110722785746475
0.391733560098413	0.196046397281145
-1.28903428668748	0.845158971223993
0.228990604387707	0.119243857105982
-3.6679187439399	1.44787655243855
0.00720888282863907	0.00315091822217968
0.468556383512641	0.195234090776228
-1.01980507396306	0.581202357381164
-0.518047323346634	0.29625167920828
0.141821644087748	0.0624543055630755
-0.400057170074132	0.165557788121817
0.524172229835715	0.278346993954093
1.0041432237826	0.46896348696271
0.616961791019387	0.28996346976602
-0.522494745184589	0.138224827015017
1.29657951069244	0.507603252127817
0.495496351395076	0.209172418998579
0.0160545770394899	0.00419682354489619
0.565335614973078	0.204917763521915
0.683728004004836	0.366955246564614
-0.242331855380617	0.07324108472919
0.318143538060255	0.0951754671461897
2.70305318313569	0.992389817262118
-0.449296719828988	0.15477193660412
1.30070760593386	0.518463879015317
0.283750116857984	0.127634770878145
1.87762143750332	1.19717342997979
-0.449186220511835	0.154323921646751
0.87398260388943	0.32533819894436
2.32600039883987	1.54074359587332
-0.623596702262865	0.233397360638811
0.693885927251331	0.344647598738577
0.812736646711106	0.391051611008099
1.6136795549561	0.857031818332362
1.28991745500449	0.510886330890785
0.981000496205562	0.411127160963354
0.801866564905999	0.390084666750566
1.29447340564201	0.509609664420835
2.3270992349759	1.44855639770933
0.564994746771118	0.202064319137524
3.99755256730191	2.2168048603815
0.0204714736508045	0.00508549706000717
1.88736763038312	1.20054564599197
1.06790595525671	0.609183440942879
2.14785735617991	1.77697606972332
0.31309776091477	0.102149099539748
0.256731705057889	0.127151410280417
0.213324706987537	0.121192953619022
-0.411185409316093	0.19536002852196
0.783887074838398	0.394969651183028
-0.401720837305441	0.223331648572079
-0.411513500933083	0.193030545624959
-0.110420244753068	0.0498718981476704
-0.339580614826126	0.167016264698684
-0.294968703999733	0.128609168248246
-1.1282993422383	0.821465124255872
0.541712957687022	0.336576334420163
-1.15218376777028	0.855782962179214
0.0523680225864986	0.0260477526870243
-0.174989154796131	0.0671624127618278
-0.990502916873515	0.657995764649381
-0.168217677952382	0.0697502997503556
-3.67599283921959	1.50022965768208
-0.237963257749459	0.0732516619499167
0.285341605894982	0.129060474213345
-1.22187473491414	0.741743365485068
0.175514052842694	0.110344945674075
0.106743650715265	0.049048661003561
0.486808451361484	0.208630114606187
0.670836140698426	0.363413090737917
0.890150584503093	0.562542244230573
-0.669918461933237	0.321712570043226
-1.24734207554279	1.27276600768379
0.302772148242654	0.106889593163489
0.532508981589199	0.283992476806068
1.28655670278079	0.749817040068918
0.688269111743015	0.2925172610231
0.599010511826555	0.295404785620014
0.453738591567953	0.258911354448869
-0.70548429032641	0.388220615668941
0.591801932668349	0.350137902613367
-0.0802779992725668	0.0275130170787448
0.854998724743729	0.491437405880934
-0.5199076920676	0.136064628295205
1.05068236707148	0.644032443174787
0.56350280190957	0.205398940518082
-0.250999706148979	0.0938004560865201
-0.0933464908639628	0.0212702965815671
0.541100401848291	0.127818857380943
-0.236329814784665	0.0706698120934644
1.95001392691319	0.774652324339923
-0.0945032483602891	0.0218370726435746
1.87680508733918	0.595685726697882
-2.49348075277667	0.760631300990853
0.318092425170427	0.0932620700170988
1.38774204173137	0.432251742729871
2.70507217841151	1.01576685039178
1.2862169155005	0.695386473225423
1.71052577581229	0.828396690823661
0.319235701030726	0.0941325908845634
-0.230355191806055	0.0715834026633865
2.55701995480521	1.78365800166368
0.304806769407327	0.105193706845862
0.298214196176829	0.107092772740431
0.544175487457479	0.126874637564392
1.88676876659933	1.20411576415508
0.693690459282717	0.383293386543755
-0.101773000480635	0.0351486041878193
0.0909609929769075	0.0304672202013882
-3.50766607864638	1.37426814117007
-1.38476212339261	0.366878631153991
-0.10845777398567	0.0233524190605643
0.565711986963923	0.205907579487061
3.66515434386281	1.84005717791393
0.0734646118737104	0.0242675169570826
0.318690280544721	0.0935093374158256
-0.267767565232848	0.101875457849014
-0.250438360879019	0.0775638663008411
-0.29293217726869	0.13071458097828
0.915376067108107	0.576434570399433
-0.172647245470348	0.0695092001548304
-0.621054456373178	0.330231424086295
-0.413243564821401	0.197421978964978
0.273112842143672	0.104494235599839
-1.64182798083625	0.658089914569216
-0.898923849641912	0.4859925701702
-0.916649936883155	0.464203762412707
0.601345182654885	0.281703304066334
-0.541408739945664	0.302678838452991
-0.294354004839255	0.133257795944735
0.0907563967989846	0.0307452864281546
0.293066360745596	0.120000366376113
0.302724755529108	0.121461276982339
-0.450157061857834	0.148335124455338
-0.522384084528418	0.270236914606946
0.272051630411833	0.122064439423664
0.00908123772615053	0.00461310028002142
0.265651290404901	0.115564733987273
-0.213489125928978	0.102791491287056
-1.51459347169297	0.899439542222901
-0.634041179165041	0.242733634927003
-0.735948691512145	0.423866756496819
0.293115521667027	0.130717659716451
-0.79808280634162	0.390032050531605
0.871837135403966	0.493165632557269
-0.628458815521003	0.234634790584096
0.305814321322195	0.107647250829956
0.26808307972525	0.120293977687835
0.467342809669001	0.183407105522341
0.803634978062601	0.407100049256713
0.614063996916312	0.367221274488651
1.30799116030862	0.512772800018718
0.861087956500786	0.321588252299041
-0.435916687416786	0.147613860691897
0.0138822919165315	0.00366683406239973
0.961046590207586	0.447491727126201
0.611633400098108	0.291623211840954
-0.448807399713797	0.151301008767485
0.964645973935462	0.427986849358154
-1.27671926915382	0.462832993252838
0.808595178813059	0.409012003592586
0.314303993415189	0.108815061682868
0.710173690460509	0.305376427277818
0.313538883785526	0.0925993903416709
1.38427123595822	0.453531705710845
-1.46933428462261	0.587940718405459
-0.520104445364255	0.137370661910804
-0.834249424385902	0.250115174033497
1.28533112933846	0.497940586310464
0.808691717707994	0.401833497005795
1.71139508723731	0.817966571593475
0.0104526084615773	0.00279053576603641
0.87339742529389	0.335340030560621
1.93725201045493	0.788334484788622
2.68010250175849	1.48509132246664
-1.62000997484613	0.68071610189105
1.46390485986916	1.09426028996515
1.78195063102964	1.23156930625861
1.29301107377529	0.69458153089967
1.87990820269393	1.17199402216391
0.489305576059257	0.199675122030741
2.96972609674259	1.84775128570886
1.53483820093301	0.879668944763695
-0.633912238754946	0.236922496996505
-0.514680488872461	0.137579947568615
1.27943744511472	0.673153342265167
1.70583134783669	1.2623687726452
0.781918111078904	0.38052326261453
0.558876422274887	0.199000591583207
1.89364671260513	1.17335641235712
1.04556193898054	0.608550050136602
0.563631405712644	0.204088819764702
0.0907563967989846	0.0307452864281546
0.69823197362153	0.36556259647223
0.700017330566958	0.308893095070524
0.206449191473636	0.115108334839915
-0.803113312276107	0.40040633084328
-0.223072004017749	0.107297866174681
-1.62592158362876	0.696464458349941
-0.0946694278353863	0.0324897850179703
-1.89782683304418	1.28455042151819
-0.543249300669003	0.296481143746823
0.092132239852392	0.0309081697583194
-1.5090040491391	0.883514880822381
-0.404836635175423	0.169120995614358
1.54129185320665	0.909102590545067
-0.785586489671411	0.400850285815527
0.268314318586919	0.128124755372009
-0.42512094348523	0.206967823654825
-1.63230666776902	0.680697408156084
-1.00511574737383	0.583598037065259
0.78493150032877	0.378672320483097
0.697612817924242	0.306580514771783
0.611947976549589	0.345711775906581
0.267510548856049	0.134573722289039
-0.664092431992658	0.479563217406567
0.361560939520521	0.232016938910446
1.46924603044277	1.13217728555206
0.154087716117883	0.0726382198542382
0.80079772590758	0.393997673186072
-0.639439450139717	0.355558775533903
-0.403679661151319	0.16953019510863
-0.169341194827897	0.0699230006662819
0.337695053026726	0.186645921362361
0.147485160431614	0.063902774321679
0.277081169619366	0.124482718069336
-0.948176449367671	0.412146504081715
-0.821305105018269	0.51319990077499
-0.160732436575831	0.065821316408159
0.4180599235349	0.248737968622739
1.0835323908471	0.768423281024018
1.54876226425753	0.953757047461681
0.012724082664945	0.0033824802409285
-0.514680488872461	0.137579947568615
0.874892512834432	0.341837768822866
0.743988900194572	0.228997201004662
0.882283753121493	0.333677907856533
1.28368725218145	0.768855458547783
0.757206218732512	0.46114150989922
1.09974237869198	0.769913607382932
0.102837862623723	0.0338287582420588
2.11853368258858	1.49951967757423
1.87680508733918	0.595685726697882
1.93515399033225	0.792188355021487
-0.240405159172257	0.07237640966484
0.0936284576124036	0.0311172709448712
0.313798735620108	0.0903207393732068
0.542280131446209	0.128299417175899
0.325887977908023	0.0943713534542507
0.324253356636744	0.0936437687839325
0.545286400011961	0.127906532067442
0.561253668735043	0.208232044396856
1.0541457111851	0.62371092519399
1.28573473211827	0.4962759244605
0.96758270370793	0.456437175810252
3.66593549511224	1.69351214883503
0.303592190384728	0.107678751978863
0.320252995132102	0.0952285767224367
0.326209545965283	0.0938168495394168
1.02514584284613	0.529751328101155
1.25039882165121	0.877988552924086
0.136312446345822	0.0529886133355523
1.05564848952569	0.615672272899769
-0.0930212583066807	0.0212077808526859
2.55342839128971	1.83810945160003
-0.810262437108474	0.321524372784504
0.742846606800615	0.233354125368674
-0.400318647101166	0.163436665749996
2.11926022748532	1.51907985759935
1.88442485987731	1.14767554728985
1.02053421012122	0.527536129547854
0.29766824805468	0.120699500403927
0.693683579595849	0.300995511917553
0.1233164076431	0.0480737614157065
-0.1616288314382	0.0664772217500678
0.150915881746654	0.0695554213093392
0.311664940179198	0.103041003044894
-0.179223571348817	0.0906931967505309
-1.61140088148415	1.01746670377771
-0.626628852870713	0.33803778356547
-0.159266586146647	0.064651953169019
0.104499325895739	0.0396013018041014
1.51478302922828	1.35731401254774
-0.0237694867040036	0.00907927683710519
-1.9024802089894	0.897643522942099
1.01882152378025	0.523661941736599
0.706374353528667	0.307229363091695
-0.258326217308991	0.134231975785572
-0.616270621682746	0.223424936934587
-0.0953304664858397	0.0429324232345734
0.302724668633591	0.11826426853679
-0.217555799843453	0.101953548830871
0.70204425927015	0.307899123018304
0.459552426356185	0.25745742562513
-1.07955571609739	0.357013396475091
-0.173437201436534	0.0874292072037184
-0.983513446074456	0.660899516447231
0.383157292367657	0.198141769023953
0.14602567867675	0.0698206520801754
1.7535298369778	1.82637362757866
0.792049474589503	0.565818126287779
-0.543631138225272	0.235648950642878
-0.418360874565866	0.171242855658984
-1.07301521317073	0.490901674089278
0.4774283726781	0.200406965574025
1.27895790069566	0.6747223825656
0.275835637837122	0.123579396296798
0.495475236368659	0.209643146594065
-0.887726748223784	0.467545855628416
0.121955086369347	0.0534010200652705
-0.182282687627414	0.123500948103927
0.671355245610084	0.361473249408681
-0.340766003337815	0.1945446447944
0.802884001583472	0.410995917616189
1.96155041773646	1.4603536662773
0.531691417354076	0.285455629663777
-3.09293870382283	1.07206408964027
0.704899971420589	0.31614062112579
0.276087987811123	0.12487808056249
0.541100401848291	0.127818857380943
1.03386814424343	0.549102843849891
0.0164454119915526	0.00420432162168112
0.322688990359234	0.0958307659053989
-0.825799730446553	0.248850296046326
1.71472939421168	0.81731992085942
1.42489250661345	1.13771225578631
1.88821114613003	1.19302934367899
-0.0991570668214221	0.0349846242666348
1.61697843923788	0.899580756007262
-2.42251662012055	1.43591364834174
0.30559068026284	0.109901940605023
0.00962698743274129	0.00270396457970473
0.0943804990923337	0.032223726402279
1.87843308973789	1.14213670434279
0.316997234775871	0.105713072257586
0.679571426368681	0.350799686618552
1.69955735771453	1.32127663351661
0.30741388467592	0.124732501961723
-0.170644826583314	0.0702122636089938
0.599338733655862	0.281900782422449
-0.63851209491673	0.323975564018946
1.2791743647352	0.719176950124676
-0.0199542857378836	0.00769291964300568
0.972412698582417	0.43210115849053
-0.170825595435065	0.0705358829958322
1.50645903080419	1.06538031934237
0.298149653123739	0.0992213672905193
-0.279002677277115	0.124042065802779
-0.932897788610899	0.41657074806282
-0.456247437347716	0.1492163420164
2.64404982895523	2.46984639718522
0.869633080010081	0.495287004748706
1.54950519489138	0.938035851498239
0.70886616447609	0.30813024561536
1.27399165392667	0.837625891472631
0.474843231014389	0.193228419727236
0.817548142675224	0.589432107944934
1.07136865411398	0.620173803930427
0.486137424510092	0.208691376075938
-0.17156614012574	0.0705127067909363
0.135670279497835	0.0645679299777761
2.13814948658198	2.33106508519798
0.137306731108013	0.06090262060479
-2.32186986498431	1.30798274079683
-0.161510880885434	0.0826204725212449
0.265801639366053	0.120168082498854
-0.244804068981992	0.0925926894461075
0.119086924928044	0.0514116661049059
0.81362543072444	0.414885630457787
-0.40862111846693	0.171370823940697
0.137790401546468	0.0593997852164169
0.20139110401177	0.112710603356384
0.940410501836569	0.642843213959257
-0.112557936561747	0.0491073954321652
-0.29131579640267	0.132070760833652
1.52606985888413	1.43050288788399
0.132174791732657	0.0511604184925972
0.140047824192321	0.0548363926287423
1.90321713587504	1.83063844940828
2.25693591743127	2.43346316201375
0.561712239994063	0.373296545750805
0.304626292339787	0.118988111402965
0.339954296190505	0.178128641543515
0.495496351395076	0.209172418998579
0.525129655749647	0.270621523929591
0.121489536818864	0.0527525746979152
0.477734715346857	0.200202226436314
0.699157724570015	0.29862013382812
0.707236410410961	0.314288962693369
-1.6265138990564	0.683678108845735
-0.442887594380354	0.153064672097082
-1.53630843076598	0.885711117053264
0.111623882221133	0.0606655204869354
-2.01433476961908	1.01356500523453
0.916646374296603	0.612187480172577
0.381076909179423	0.21504594832437
0.470154395194242	0.263059937531532
0.515412571107762	0.265924535550487
0.1421362744373	0.0625063105699874
0.616137186401097	0.295640246668885
1.42955868224541	1.16163539126146
0.59413609529142	0.350489958568497
2.30275179550407	1.77932421504345
0.284692001967713	0.116349508101702
-0.444309873807727	0.154215836062215
-0.0877037519154205	0.0303634742242253
0.497250546772201	0.214308991699582
-0.243606827297253	0.0752468363811756
1.29637214666285	0.672141047398456
2.14353845129213	1.86368772611051
0.723512746979448	0.54803575486935
-0.419080216322084	0.17207866734315
0.752335392046826	0.227565334947581
-1.074876740847	0.35938944910669
0.557542476811568	0.205754940084151
0.274210257065444	0.122700062770045
1.27592584557121	0.684220063635541
0.391184863842688	0.201939754157367
-1.90586498437625	0.909214677910418
1.25934792275653	0.821945763157983
0.801160964167145	0.388139591779102
0.556957855624566	0.203371380527059
-0.623153351587542	0.236236146640588
0.387659914352563	0.195650605715854
1.2967372445227	0.673909160533148
1.50929574526305	1.05775811015723
-0.436728956892006	0.145947550337945
-0.103615797692097	0.035611344560497
-3.31518843568061	1.19835002370899
-0.44739333104607	0.149780596554079
-0.296649195629246	0.127836294963139
0.315683826062786	0.0911691941138853
-1.45882310678548	0.564811586085747
0.489432712932275	0.208180518195402
1.29413593721445	0.826297528991129
0.0900109765688181	0.0304591808410938
0.0774677750244058	0.026115629335634
-0.458893490979761	0.158333469256775
-0.7830989870573	0.320204039347549
1.29415649548506	0.771564141168879
0.128345438414279	0.0496017033490632
-0.424285261758299	0.173272972883422
0.240181470285818	0.129128169799199
-0.223893739703335	0.107915095278116
-0.444847418648464	0.154683306332178
0.413416639431048	0.184730218732653
-0.230569491876735	0.0711093139281134
-0.299637491404981	0.129232891206021
-0.0179553700197419	0.00704655345205052
-0.270586592382231	0.102211700646968
-0.0126343841495282	0.00503604395740323
-0.415171760289735	0.192064127418689
-3.52225678051299	1.35768942957962
-0.634041179165041	0.242733634927003
0.866614660829394	0.492868603942466
2.68559735391165	1.49627531206108
0.688071187747809	0.384912185695976
1.08063309354688	0.712751420323359
0.775548716532994	0.519087571871957
0.69508321592341	0.38053982733725
0.776662113399672	0.362205019301826
0.836449898437534	0.640998176150457
0.0235291820359715	0.0107504393172397
1.77138956139105	1.61256641060888
0.949412724381038	0.722886172711949
0.872868568433269	0.335906314973334
0.738190443583785	0.227698765264521
-0.67633530578615	0.317899500092533
0.552167976111975	0.187106856304501
1.06616780200962	0.615329733719135
0.689401309787319	0.372790999083642
-0.228726917273933	0.106523300494913
0.733811609159041	0.437780788285776
0.514581935473892	0.267481410334443
1.05890045780075	0.62930887742747
-0.400948414217009	0.191613282945785
0.121328579007158	0.0453005287011248
0.248072485565177	0.12678314515857
1.61416733292185	0.884868034657001
1.85248004164626	1.52865947088766
2.09709577713582	1.41554007656457
1.27502772302035	0.837880737524224
0.534752361836484	0.26557603607292
0.352733655992214	0.194253926459272
0.793270386243001	0.527300251367288
0.391021382660464	0.201373168616387
0.810053441901869	0.592049743645024
0.113130760077537	0.0434165166372662
0.293527591011082	0.118505842425137
-0.254478179579492	0.0955210845303155
0.854996328986668	0.490547568391477
0.945042847434619	0.728353482846466
-1.00584394445355	0.582572342881641
1.77411940210792	1.17661111225492
0.800865929853184	0.527745366876807
-0.0945032483602891	0.0218370726435746
0.73385246045154	0.223936714768893
0.295724564152591	0.101200682623962
0.00823802131184518	0.00240009513923294
0.558111050586238	0.205607935990577
1.71364999356433	0.820749408201471
0.438511660546138	0.204284847466597
0.604818550582183	0.294343088232389
2.70103916327475	1.02243498183666
0.536583833955611	0.278111869958594
-0.529451908742944	0.226548316976406
-1.62082950375994	0.68624939881294
-0.63211705334739	0.234582814127443
-0.0970287407377343	0.0329722162525755
-0.829369965901945	0.248779369121827
1.78942331986239	1.5229312873848
-3.10225524298542	1.07674434808323
0.295832068158636	0.119861822445501
-1.28074147479309	0.46975360367354
0.970349230519495	0.417881637928855
-0.249302859353012	0.093739745837535
-0.800087268933934	0.324350283402923
1.30525679121013	0.514408715632149
0.875513731531167	0.314036802190933
1.03379025668466	0.545700901636546
1.25649746323004	0.838113115085145
0.0856045860427463	0.0296357485858222
0.77147400031209	0.435588200454545
1.68981313783556	1.22497479569843
0.127124117233673	0.0490845754739357
-0.168217677952382	0.0697502997503556
0.498307827820848	0.211834459836365
0.146825847241067	0.0605487999728926
0.431684969707978	0.205492000849809
0.0984804783941432	0.0331761826871785
0.437948480195278	0.200454318319036
-0.262578020744719	0.0982308669305222
0.43227338810677	0.205458710381337
0.469652467874864	0.265266066802939
0.279527141843846	0.127360716236266
0.293066360745596	0.120000366376113
-0.0336213848211051	0.0123169795002073
0.362879169951865	0.180698761512478
-3.10323230642891	1.0653082707597
4.00120932363764	4.05924593933715
0.359332035185974	0.200333583355411
-0.657258809598775	0.31233267165109
0.0837831409208003	0.0284411898170512
1.23539856527467	1.06269174504266
0.13303530557796	0.0522112895109688
-0.168296055570636	0.070254816055814
1.69530863635585	1.31986538077606
0.277866824937301	0.136151871791585
-1.28879737062027	0.468122387716328
2.35819405538307	2.51760622996213
1.44625898191734	1.05451312820088
1.78732726247538	1.62108919790452
0.0265836632322217	0.0101758051703368
0.529204061240762	0.282991505253662
0.835564974834126	0.465635277468227
1.26903141807009	0.751955434423932
0.439729275294494	0.201056172794029
1.85699981664118	2.21475580783476
1.67981930767757	1.25996571987585
-1.10122424370462	0.653382342387973
1.07965467477976	0.760305031367619
1.7748619388573	1.57766532290949
0.538603208430465	0.292261820411283
-0.288614260065535	0.130739068088673
-0.78197195380695	0.308051966450716
1.27138321817971	0.658315677489802
1.28220009342628	0.789181535068882
0.685434238693485	0.3721905480466
0.884242806587385	0.321609919396979
1.2494379046469	0.878275637454907
-1.89169197460193	0.899936555720019
0.623514772880836	0.290800631290304
-0.776169692034663	0.306581239586835
2.31457204117058	1.47456068453156
0.714885839095059	0.311865601625868
0.0082337156990779	0.00249929505953258
1.02317318882507	0.529773726636539
0.807892372585541	0.418995673573511
0.0941260737597748	0.0323083739887619
-0.241164713270331	0.076244858485767
0.485789969973139	0.205111231106682
0.12290231938378	0.0478159943116055
-0.263765959852634	0.0999586485678065
0.800005071430683	0.403326452625999
0.549077582663457	0.291151082259797
1.02768037708834	0.553373238208508
-1.77479858146298	0.808192667800261
1.94261768847658	1.43890585384087
-1.76011294557399	0.776380443398049
1.27979485840311	0.750451979230573
0.159888678753959	0.0680773573590939
0.956590022518863	0.431289945464612
-1.07239798793769	0.358269457626047
0.310351255406493	0.109857579082588
0.693935692783019	0.378811193813954
-1.06785164414833	0.499999638954652
0.316999011228212	0.0928334677014698
2.330371468085	1.49773551689528
0.304940561865536	0.107877977454965
0.417404243740753	0.191702275652983
1.29236600952248	0.62660277412665
-1.61083363213657	0.67283194400067
-2.03026593497643	1.01253300837767
0.244999932812978	0.112169198342108
-0.160732436575831	0.065821316408159
0.281498968144157	0.129296421897981
-0.520755545628947	0.255376172431655
-0.209217080056818	0.100246967522807
1.08256915879594	0.942010269158878
0.0819113981842857	0.0279790750871798
-0.787314677829803	0.397325977679598
0.406019305832212	0.206651980752302
-0.392930944185706	0.181790679347119
0.134849911052799	0.0582913980199248
1.45935637805425	1.09545998332858
0.612682559082464	0.364390881412543
0.971456154988022	0.428804653382487
0.354599936796585	0.194592928794086
0.143265608538263	0.0718535616475365
0.115965879572441	0.0623793495025312
-0.0272279148070417	0.0101574314197652
0.312640110328525	0.18320214758835
1.22941850944413	1.05346392889134
1.33644116109898	1.26812763157956
1.41773608915999	1.14954160836711
0.0167255892862409	0.00705147216863498
-0.526236603267325	0.25941089564308
1.29635029601657	0.794021048102573
0.94296182111228	0.894477357451135
0.138925535580844	0.053924771395735
0.519645808502755	0.276302966976267
-0.538889588633673	0.243274386036914
0.960512546662747	0.78112787220991
3.4169449970561	2.65887522671989
0.339650952600866	0.224400679577828
1.06331390160063	0.599440867368564
0.936947863705144	0.658199039661185
0.0133548025132433	0.00354419894438937
-0.258676414140333	0.0950890596388141
0.11754707632645	0.0438257534925411
-3.51780068134636	1.31890815226078
1.47064282399648	1.11136245825959
2.55751415179552	1.76447050242959
2.00687514592804	1.75805449715455
-0.0977547256387358	0.0322273314617423
-0.535904509800022	0.224916203012753
-0.103475331008794	0.0358258070479298
0.887755616248836	0.315034967239406
1.61478534291451	0.880670558539352
0.686264350997221	0.377211459537964
1.27915986943104	0.588532521927362
1.72408676888878	0.817310298541988
0.701660731865291	0.278652152457024
0.893770080181132	0.565527272346308
-1.19884169608203	0.599283025466785
1.29767731074144	0.690850427482302
1.28381828229124	0.77251500803906
0.300974407142868	0.11811142700546
-0.631085540293453	0.233245319429239
1.64939847313981	1.35098587279201
0.489317111198176	0.204197185743086
-0.101997947972724	0.0220402603950303
1.87139171008539	1.13957278192037
-2.83249128745503	0.934154025578548
-0.0951265447799466	0.0216293083269459
0.430542760517574	0.200600567175441
1.93961424406146	0.785601693422132
-0.440595434320964	0.148889148520169
-0.837725680837318	0.257618742248887
0.713262202065759	0.311462503162027
0.135683599299913	0.0525911793126847
-0.62620567484056	0.235102600209879
-0.249689628154661	0.0763683522303043
0.281814507885173	0.125545378535698
0.27087447285033	0.121082873711818
-0.0760636209543741	0.0356056793357529
-0.448863486383709	0.153713100154534
0.53750499921586	0.343888244530381
0.540362315402073	0.289552380479636
-0.671395548321551	0.311515826102526
0.277968771022908	0.121502318200491
0.0121550044452319	0.00512870939066368
-0.235937790139879	0.0739705012996475
0.293076815762659	0.119274131235653
0.749474540728185	0.232293679945897
-0.106515786586468	0.0366151516001351
0.297877057320419	0.117682389754196
-0.252961733960415	0.0940023531140034
0.161521761676013	0.0686400039019665
-0.447875402024133	0.147837914718367
1.16968766881185	0.97990559792251
0.438613515127378	0.207799598097121
0.490780032237582	0.204040348058949
1.28317293394536	0.767527853747149
-0.452436444540716	0.156595272622039
2.10551722303598	1.47185047510047
2.40935221229999	2.44319513453756
1.89960153393486	1.2041183771449
0.478226470635381	0.201381700813977
-0.263010248327905	0.0968992495772568
0.867198341019332	0.474805273002855
0.603239958487805	0.27988897884408
1.27956027143213	0.583423287088228
1.45674954182204	1.52661256882057
0.604015920368267	0.342290553937864
1.51110701539867	1.0206728213276
-1.44640766626295	0.765664230683547
2.05169678387542	1.16846346692989
1.30117936897975	0.517554607827081
-0.0872532205961223	0.038264350511428
-1.4639940154101	0.579205934292896
0.803159883387345	0.391671422412942
3.25306450169937	1.39872447311817
-1.07623377496826	0.363444231148948
0.307710514458015	0.0895071223373938
-0.266218584521271	0.0932170343651906
1.29834362916361	0.609547387828986
0.254708665415768	0.124311176086023
0.0148300751683945	0.00394546608157829
0.706633446587223	0.307398835574708
0.709593517145443	0.321749793199717
0.747104431576025	0.222303827447796
2.12007224461473	1.48964787653049
0.558111232390697	0.204493417300908
-1.88357316467822	0.862773574005232
0.737920162802678	0.448597425312489
-0.797655586934016	0.325026189023497
0.711896856109261	0.298177235197581
-0.258505613490868	0.0957775578537651
1.87110733943015	0.599602400649659
-0.834496273690232	0.250566139839872
-0.101045830438201	0.0225101564182204
0.00689519736362391	0.00214533757856851
1.29064733569894	0.699267496932008
-0.526964267085977	0.140208674753714
-0.832069625663695	0.254252617003816
0.814649393847131	0.393841996827031
0.317740581646402	0.109364622537775
1.94341798296218	0.801191315472705
0.306314613633123	0.107465175890849
-1.75684879482387	0.780258056357213
0.969863052851646	0.429260104949149
-0.243606827297253	0.0752468363811756
-0.632814605777393	0.241319323390882
-0.152221942033718	0.0630428334202526
-1.20416145545084	0.571478245994001
0.480825215608563	0.204999816832357
1.25338315695285	0.803779572812675
0.464051612194925	0.255194073510611
-1.46531308563971	0.58072512893609
1.28031316188076	0.598820967699884
-3.09758000874198	1.09367827811836
-0.52389679831988	0.268633769095459
-0.797283612675983	0.414331086949432
2.94731626550922	2.51494759362388
0.313067398546696	0.0870245610708034
-3.67373535204402	1.48574641096711
1.778401712666	1.27739714988026
-2.4946503122275	0.759347999169937
-1.29328454539775	0.461528688991664
-0.445505623754379	0.152436842507421
0.00823802131184518	0.00240009513923294
0.311991659618388	0.106671533439435
0.805226186835976	0.397541240304689
1.05152048902183	0.607810691094775
0.259428720762129	0.126528717811097
0.123926505007757	0.0521730425603345
-0.622504943148763	0.2353651709422
0.417282137792217	0.253479017540872
-0.681230604190578	0.296259972204238
1.09502155064712	0.761558410932663
0.562171083899824	0.20945234556886
1.88950726624485	1.15938718438089
-0.44020061603472	0.149073559115676
-0.521598676368318	0.136683217142263
1.58498223634966	1.39511178565183
-0.245485142061581	0.0915327463458259
-1.76747665134537	0.804549457307365
2.35060552746542	1.13799890496524
-0.0093888030564445	0.00390128897306081
0.868050034789116	0.317007137052679
1.28984637268797	0.784073101504495
0.563305071791318	0.202668158522571
-0.802730472891988	0.323329027272293
0.972164825259414	0.448627288040076
0.286064440555483	0.0956642844492687
-1.19916637740509	0.592291672417583
-0.0338520712640824	0.0125207065069356
0.975333008551552	0.425095320230837
0.492528901020771	0.20770130364937
-0.149392663447348	0.0590520879282679
0.144006326961001	0.0618887106311284
-1.32580121646244	0.686181742883638
0.520658844696345	0.328272607012644
-1.09900601274426	0.674082768890353
-0.278288518766737	0.1048588991557
0.484803237534774	0.197352791536964
0.569748481566887	0.198725392493405
0.553623221504307	0.202576754201857
-0.394215623823399	0.188833383049147
-0.831974893269606	0.252927992747765
0.478720283405606	0.19910564428265
0.764196468668886	0.467713158757233
1.5023589772947	1.02933703267238
0.0910193832128281	0.0308333371148443
0.613425914696325	0.292010828414936
-0.507012728468029	0.257796790995347
-1.18916568829402	0.595051069412366
0.701985864628468	0.389838871370105
-0.621546705264955	0.234576969241518
-1.22091620034743	0.725482026589532
-0.280729943257793	0.151740647163229
-0.532165942610635	0.26904444996688
-0.628172707173069	0.240289784886738
0.0375706253185707	0.0174183723238648
0.391417495101559	0.197077001107879
0.969863052851646	0.429260104949149
-0.213298602780471	0.100723733393899
1.28299827020921	0.838668828145853
-1.20133675593688	0.770928808353553
0.488390660472683	0.204093487434454
0.617318913123168	0.303349696121767
0.147555659928151	0.068706583455373
-0.0689452771549626	0.0326762313912162
0.61060528110672	0.288536389101597
0.735657607466222	0.458040774614812
-0.100148674488013	0.0465530479469519
2.25007219735648	2.37050695071488
0.442791956673897	0.207439764042216
1.08105682043556	0.967548885395582
0.747985188104073	0.455331281038243
0.806903183840543	0.573658731175886
-1.0770444820873	0.498835291986792
1.08080515951161	0.731129372987017
0.436725271291982	0.203572744604728
-0.793594058857319	0.326654540726537
1.34404500052124	1.18038179465892
1.35261983891442	1.31795477169807
0.128870397481502	0.0678896816414603
-0.101898449451443	0.0450215782203193
-0.630629332882798	0.341277763877799
-0.29383157678766	0.133031404853814
0.241372771052021	0.111861833416826
0.12013576481006	0.0469519603883879
-0.413705858328766	0.172568065864404
1.55734662335749	0.992736063983499
1.07433774214266	0.835888665676258
1.76481749826836	1.22439681023163
-3.31020701867457	1.17385504078903
-0.0158576141344027	0.00607649562131424
0.498353183252512	0.209609569267003
-0.403378055331502	0.193145737318635
0.434082812834499	0.206058043421811
-0.408497511937619	0.155266132784923
0.910081659079072	0.576039163592383
0.618628226449542	0.34702916310354
-0.788714769350795	0.393483582340349
-0.140221834575175	0.0561237507571498
0.54507429761326	0.295591860759441
-0.442969474223489	0.15316865166785
1.79031055002158	1.17364312174349
-2.53695436785638	1.5366897539067
0.881074429532371	0.333365876035966
-0.242622413069517	0.0769806307874468
0.310885742057507	0.106901577579337
-0.404275602994192	0.159335097500724
0.420842698233214	0.192950911226706
-0.702183659551023	0.391401690579288
0.122323164183524	0.0473672022582346
-1.62215221709189	0.661223162311312
-1.07870097281678	0.366219315775194
0.60769463387217	0.295585287133803
-0.266681035024217	0.100533736265881
0.311288336471997	0.107575169468678
-1.7581116796412	0.796319378971699
1.96025330376708	1.49238980294168
0.805565421061925	0.404197576226662
-0.241117232203474	0.0766152348332909
-1.47588836389899	0.587339432514597
-0.528350732780152	0.22721598995479
1.53737266940342	1.47006201964192
0.317238178134807	0.109147317077001
-0.788557253640922	0.328184193825966
0.380267210338396	0.187211709544631
-0.101728290714063	0.0350698671610683
0.848187500413546	0.478046895038364
1.25726442788265	0.917506973178655
0.867769489278378	0.329132831925164
0.801172452106881	0.412236107737175
-0.310110564412072	0.132737852752532
0.0209088317866415	0.00981630788105847
0.686152164962192	0.376688091019719
1.88951621330728	1.22610216194502
0.698075664230523	0.309329175555167
0.122438082701962	0.0570740582006629
0.704254111553427	0.390610137675447
0.01003635838596	0.00423582616790524
-0.8911327064826	0.483408259358592
-1.08951402937366	0.369398243880082
0.797907356516247	0.40431171121126
-0.225635238350229	0.107903809514168
-0.157918493680335	0.064382497051066
-0.777998864116794	0.387373340281434
1.28212881871984	0.872105177830536
-0.0710023589482816	0.0332768732963663
1.61845199841436	0.899350132704348
0.899171578122381	0.532676310268847
-0.158490941945616	0.0666741562809627
-3.31518843568061	1.19835002370899
-2.23824935006664	1.25771299822825
0.591526697628453	0.288240948693733
-1.07045924783237	0.348655539443657
1.2900653463984	0.74270475326041
-0.290602148234376	0.0998158449354751
-3.70395455319414	1.3945952515732
2.56520754781267	1.78250136282377
0.311389974523871	0.107351540538637
0.435370361261325	0.204024291130696
0.146344933199307	0.0697632262309782
0.877329195867696	0.332380581249323
-0.935344761996887	0.410177602641395
0.689662524546371	0.29173796556319
0.478085820302922	0.193486916562377
1.29980007716122	0.5966747826029
0.261796499039946	0.130532826809008
0.103953547581237	0.0396002834630482
0.695981500552613	0.384203703481699
0.712748585314088	0.31319160793674
0.972453020864026	0.441332611254885
-0.789647828294066	0.392194070971094
0.541417764779579	0.288702512279064
0.442791956673897	0.207439764042216
-0.629564779959807	0.232250953504542
0.133258915066092	0.0518682101353827
1.29039555601618	0.750621391127724
-0.234916372995788	0.0708488036151837
0.570185357306036	0.205342825769399
-1.62123381731001	0.680322830832551
-0.92572053820773	0.404668060685216
0.306617301744664	0.105026468331597
1.28238589923673	0.771356324169398
1.50329027379279	0.958814214673582
1.9455515002753	1.98951249203075
0.788022750857755	0.382369158555774
-0.602379732486769	0.32368558390598
0.951110741770973	0.422974332110265
0.135073244776912	0.0585114632162054
0.0140606264458052	0.00383139484675481
-0.75111147648842	0.43094445789089
0.491875714821979	0.208727285876829
-0.416156492483343	0.199244363828787
-0.611760761003036	0.332260049244127
0.169356800374299	0.102083931257881
0.433372554747786	0.204440143705135
0.549166819520497	0.427536050680246
0.963246548167296	0.762301692949926
-0.0836383849213905	0.0396706784718379
-1.31658424020384	0.67909346261602
0.893381743533067	0.5570818877068
-0.412188554230545	0.194134222356575
0.0288270743337875	0.0130966642221096
-0.782416221285588	0.318997314687106
-1.01514240421527	0.58262432096924
-1.09264281839042	0.645028898621493
-0.635303602003006	0.241959902735159
1.10194691191772	0.791076099266828
0.53738544070796	0.334144338766416
0.945507140793527	0.763130516953771
0.728461290887242	0.445504479068905
0.292910801627752	0.11385804562286
1.07731630625881	0.811428390260383
0.618519936744037	0.303328991813927
1.49300695897058	1.70857419682483
0.018953717191583	0.00908492522582639
0.851943144860446	0.724459112789482
0.4625165866736	0.262622772582233
-1.19493631273328	0.556892697043834
0.130005228978695	0.0520491512338777
-0.0231931695497517	0.00879888327082224
2.29429454455422	2.15777260263401
-0.0855474291668336	0.0276026674470734
0.122260108637466	0.0512990052808561
-0.0230925354757211	0.00889903997402562
1.30470249408315	0.51612438736542
1.05612569344588	0.618861058115855
0.613694124363566	0.307093736300039
-0.628028826532144	0.231898209724258
-0.214713291914664	0.0995296702384639
1.01884620976005	0.523698116376775
0.00713763059336234	0.00212611679198555
0.273680613808254	0.12385040534819
0.716116882960906	0.312143689408017
0.712293420504334	0.302754602533767
-0.784936060791885	0.395980070404982
-2.00963088091962	0.995758737287702
-1.77781123601627	0.780095055668434
1.05517182180469	0.604158137454352
-1.90400245574692	0.837891829168409
-1.3038485249405	0.667554402620811
0.30387868780347	0.127411535739343
0.0281927854526668	0.0114237055464858
0.683941281297716	0.377975980497097
-0.443952979964204	0.151876043486595
-0.830458254376926	0.253340793357874
0.715940922894339	0.315430206476909
-1.2986570268048	0.462407208737764
-0.792376392325327	0.39776745389548
-0.933605171701319	0.406593673500688
-0.451645543985713	0.152790216746206
-0.428506619720287	0.204417893971718
-0.663986482637795	0.309496592204205
1.03453470207654	0.547485342550105
-0.446621736891828	0.155572166824047
0.762254635196463	0.466546888829392
-0.220604655610004	0.106712309088158
-0.303990119733735	0.133573885155079
0.667163208599961	0.443586633694925
0.120719120244574	0.0503834655450143
0.46535295320669	0.265380461523223
-0.527130532362403	0.332558043607175
0.46781671900749	0.268763498504569
0.356359532658261	0.173058910983549
-0.221038704173902	0.104982128752856
-0.162365283807507	0.0675488938095187
1.228540825633	0.957754829218496
0.507736361638515	0.307844757563924
0.144714943149575	0.0741310225778145
0.0390860468119997	0.0179447447147046
0.370117682759668	0.183809549770076
0.29258374454914	0.117241896014821
0.00433145206124449	0.00190807720270794
2.30725504885257	1.46398086562366
2.33809074900483	2.92122815947456
1.54941973658787	1.73854753228901
-1.22679953488933	0.591725808937275
0.781108101198768	0.511242074529247
0.136295520610556	0.0740446841630838
-2.44646775213677	1.46972666781311
-0.779419532945548	0.402143482941873
-0.0922804584939762	0.0318486873200248
0.0967178258793014	0.0325213300785143
0.0887042197426423	0.0300834094119281
1.76729231583738	2.29356925099432
0.384118133518817	0.193180966884848
0.141701894775234	0.0623722443742446
0.00971686543450491	0.00413979144415583
1.32222214422617	1.26627866272958
1.08340009552675	1.03186622739762
0.519817620873811	0.272826585536119
1.07937799805921	0.685625402024479
1.25342823100165	0.973976817499618
-0.398448105486149	0.157096857716361
1.63490175034874	1.35315089756618
1.05938409425025	0.625107930583994
0.276911922567308	0.132001452498243
-0.786421672007665	0.407761721782297
2.56127331966831	1.82286547485696
0.52916421310649	0.286340450694832
0.0110764603558877	0.00305094220881584
0.741285852789587	0.45426293233444
-0.0248841196744859	0.00949154974557757
0.0185093777604819	0.00478759989815322
0.963506322840186	0.43904663327708
1.01835370108802	0.544024275506586
1.08514667135643	0.770573555726062
0.613004896251647	0.340325844378871
-0.0899277115628641	0.0307432472949225
-0.212066113535935	0.103216948898621
0.274431784934348	0.125232106862465
0.00862064242693177	0.00355765690011236
0.0246466062768438	0.0102096419773318
1.45441448620001	1.03478936538746
-0.31314517449971	0.139798930493278
-0.77742285465703	0.313024672115443
-0.254305472397053	0.0958835790712859
-0.091363991112336	0.0324515726447145
-4.31364167040959	2.15995976463264
0.445406685515329	0.208074698052499
-2.13437409610227	1.14182445659473
-1.77480106502835	0.72245847627213
-0.4320688186467	0.165425954201021
0.0904229982665528	0.0299997238309731
-0.272714378570128	0.101143521201898
-1.62331925982069	0.683986905498861
1.0224385500475	0.537394448355668
-0.534769776827401	0.226272390492706
0.482006765199374	0.20205868462055
-0.25486945081295	0.0926329796319006
1.28459331298616	0.690807915675967
-1.00628669248625	0.541714639693611
-0.0848393466716389	0.0291844135751104
1.29751498966241	0.778448665208783
-0.105841961154825	0.0363006980355032
-0.412831026451647	0.200348009733355
0.127109135580356	0.049842373089508
0.61190990183365	0.359564085402746
0.827378820413612	0.681017779518773
-0.124181924382581	0.0407986582796929
0.138172663230176	0.0661905837842385
0.132096922750507	0.0570843477022718
0.137638600984143	0.0646204390749168
0.259223823648693	0.129343668229467
1.68711715816567	1.2573285166226
3.41018576796433	2.53892348063422
0.718289638419493	0.306841141908909
0.496167948612109	0.209121134659282
-1.00956511089599	0.564727588599084
0.537583619464151	0.287720859610377
0.0224354567084909	0.00923201976935332
2.61624179593939	2.38668616714653
1.50225912189219	1.02089813950068
-1.62118389069422	0.697505577276637
-0.785761785598814	0.311032145021279
-0.0305172006359366	0.0112874139321785
0.490994387524933	0.280455177904931
-0.415334936055067	0.185897792749307
-1.27805932009521	0.464543188836519
0.792539690949226	0.37523980772002
0.346447636138922	0.191046153639298
2.03504445300524	1.13867514528678
1.60521679969522	0.904325585723338
-0.408196660991456	0.169402121788034
1.5305837282992	1.41951371800758
1.37486758565762	1.16884002267704
1.25647088799394	0.979913301890592
0.143479816632613	0.080618783500503
0.2592226509492	0.124228994331569
0.0221728343300056	0.0088884781092839
-0.0696571779860338	0.0335918388018261
2.55485173660544	1.89418521798685
-0.919112270155308	0.492947187785345
-0.891556336649531	0.482157325569718
1.05999763924396	0.614778525979369
0.709383018308171	0.306565335576624
-3.95909144509355	1.74367417083539
-0.520802749971932	0.137595352476473
-0.669941202272364	0.315918635295998
-0.151171696009057	0.0584094377407943
0.704849167995596	0.308221843184068
-1.77998757745959	0.804662624343387
0.897410501279604	0.56818424081179
-0.0157300601514351	0.00603549000267697
0.799781309645221	0.537866529201349
0.886805144042467	0.320910086180834
1.07082112734808	0.69857683738796
-2.83133823353176	0.934971127868472
0.299009891702011	0.120061696475213
-0.944298987949929	0.409616127356706
3.99270076854963	2.24018860804015
-0.639041680112004	0.241682952124601
-0.236516139800868	0.0742890111474493
0.260087022661893	0.112968221569367
0.703422926928947	0.314313799039436
-0.419254629325835	0.166099257443541
1.87693466126903	0.595647178734079
0.702183738589339	0.307582468620088
-0.407760662002235	0.214196408809591
-0.528379713332315	0.263118024620944
-0.157914794278028	0.0634324562679874
-0.261693138464478	0.0974301006123404
-2.13144819418806	1.13136351218657
-0.44538452339381	0.154460657274915
-0.774738965468518	0.387391749627964
-4.40739127124234	2.17337157628354
-0.537818447082124	0.229653950013773
0.929367766238098	0.659744106704013
0.873992315140761	0.500400073999433
0.9764108862439	0.446733257634424
0.0191322595762233	0.00780719125348218
-1.61110650563519	0.660237274365073
-3.09965171459907	1.06948551034403
0.00224695323060291	0.0012147634886157
0.138318727123995	0.0608970830551398
-0.622972533534553	0.235032606203282
0.302172581221871	0.107370979890393
0.890962742901676	0.536719136309571
0.597974800796893	0.290057279034211
-0.0923907475755786	0.032216839780749
-0.0247834147746481	0.00933205600757502
0.00823802131184518	0.00240009513923294
-0.515640221203127	0.13543764457855
1.49952600088052	1.00902787545878
0.545679988576393	0.283759993910154
-0.235759541131017	0.0743536615313082
1.29891252192159	0.693936228452681
1.27552637917502	0.783726535512653
-1.28225088407572	0.472932749218288
-0.264380555682088	0.13419760029855
-0.620742657570031	0.33605807405007
0.492973153792125	0.209022087263089
0.0969687032041972	0.032438921525774
0.973310418104633	0.43877624231534
0.0138323337486188	0.003773407021755
0.801686941510833	0.405894482391888
0.541417764779579	0.288702512279064
1.47312043435067	1.11564076564978
1.28523967510408	0.698966089282875
-0.40478171370265	0.157848547686741
-0.234458028369952	0.0732314184953936
0.471621789444075	0.191382761818739
0.770166409386635	0.508819336121263
-0.437003573677677	0.232030644535934
-1.32378456236524	0.695804466801759
1.52483090419201	1.02256646848511
-0.27079114817585	0.14593656506207
-0.271953444939623	0.100902772784298
0.529922175940675	0.285935362722789
-0.540003489768839	0.241563857249812
1.26063951101641	0.933737155317409
-0.0906240904339639	0.0314796060678705
1.94301249410525	0.778922300814368
-2.50331029614104	0.738785504632067
0.756215496409802	0.463713499899456
0.601948881535791	0.29680040754532
-1.00808211171949	0.57933235906759
0.304356340939828	0.12397300805124
-0.417927678570406	0.173884881533996
0.709829001667891	0.315879647496175
1.25604966372096	0.913105600112472
1.29178660128666	0.693851480390828
-1.63362637948969	0.914209983475847
0.84727856155189	0.697921312835754
0.508849905978597	0.363951161511165
-1.19227231692435	0.577913456049896
-1.41952442818426	0.787892761777863
0.00275699916327142	0.0013670048430642
0.416866474095169	0.191421919415261
2.30936351028362	1.47016097947662
-0.420833874968564	0.16658658699151
0.120876324517691	0.0471013838138848
-0.547300565901416	0.245166756786913
0.525185940036131	0.290464644301829
-0.265642093584975	0.101845353949061
-0.221639091380259	0.105510304145569
-0.49210499999112	0.280840597091147
1.49180565887154	1.02667007207564
-0.934027801810053	0.400128466072809
-0.943171739265091	0.41905489072848
1.60813868468825	1.30091930736615
0.950619875192154	0.646312417285516
0.820365721801912	0.591201632667393
-0.29178103264638	0.12900483002139
-0.928622259635162	0.393227269283533
0.284952018353679	0.13016824637765
-1.62563520740838	0.690756911435195
0.866864205295347	0.332940952686929
0.326994851850523	0.0940281343579022
-0.627617130673673	0.240161726947865
-0.235046215319406	0.0714500938133261
-0.516215201709685	0.137775183819285
-0.100779026964659	0.0443265328828496
0.752740749945134	0.22273469507249
-0.246509348849218	0.0774697718467404
-1.07336765963707	0.358272920144905
-0.103948938199882	0.0233524604803125
0.130617140279787	0.0504645789742821
-0.256449233063098	0.0976422581392566
-3.67599283921959	1.50022965768208
0.297735474822358	0.105438255703587
0.291972435835321	0.100541616890006
-1.27824794160988	0.462836347549431
0.787002142699192	0.39324891522137
0.443837266532907	0.208516955582723
0.30318329500637	0.124437648560967
0.709615744579801	0.373739062162976
0.495475236368659	0.209643146594065
1.95042333521449	0.744363631887398
1.88584302991238	1.20537221491776
-1.07293248593122	0.356885713259243
-3.68871402735119	1.50080168214842
0.315904858319612	0.0906719899454981
-0.619444243791172	0.225800256249688
-0.246584354538776	0.0762228524851048
0.304964808098631	0.120637291300663
0.690052771491529	0.374820770104015
-0.00774027568876086	0.00258072866652105
-1.30992198994465	0.705716482204225
1.33063839386144	1.81739263784307
-2.33441761052985	1.31321229116604
0.687950029216039	0.380893945434967
-0.363379005824979	0.209446698624591
0.126205173710929	0.0529135218214731
0.664500085944362	0.341944365077735
-0.891373846391711	0.481639373286449
0.28231559272208	0.127024544546543
0.924493751560642	0.622901547456034
0.00235226909921435	0.00120200388128974
0.626028434424323	0.366428329991762
0.191093143693417	0.104548267143976
-0.259278301022991	0.0999013169565866
0.25695869733037	0.128458056627214
0.460854602860948	0.254045421230614
-0.294590713184748	0.171908292359043
0.0340180610443095	0.0167658965013987
-0.634687502063801	0.364484434855007
1.2420411879999	1.62409198034079
0.0132232996493412	0.00739137790901658
0.433294155938581	0.291316376921333
0.109588465699011	0.0629459439470577
-0.359960737714783	0.261607180704142
0.291716036698157	0.177639282971299
0.441027473063539	0.325996130281878
-1.6595802914706	1.33630632354058
0.113038767814262	0.0723299779635263
1.00694924673836	0.966272685781083
-0.223684445783774	0.126510036456024
0.0574498650898923	0.0373450677490154
-0.612033708417814	0.404402945480911
1.08488170569578	1.01680842128626
-0.465522511330336	0.279841645442321
1.49134636127556	1.32248757364648
0.245788188577002	0.176159234025664
0.559174167962899	0.419179414757671
1.42917216495428	1.1321301953119
0.736233393324789	0.636686003323715
-0.0578321726188163	0.0331445358740382
0.535449485976123	0.328272515362862
-0.939293473624255	0.417842205513202
0.673088337059246	0.353414167421443
0.36464454478451	0.221112503451007
-1.27805932009521	0.464543188836519
0.0803960005853278	0.0272168101784013
0.554211271883232	0.202309845675685
-1.88772311476687	0.883787689385251
0.563305071791318	0.202668158522571
0.702183738589339	0.307582468620088
0.316298484439334	0.09145581819607
-1.06221683162093	0.487556913079446
-0.516215201709685	0.137775183819285
-1.38250936278202	0.367021552852188
-1.76763338215875	0.804520643970057
-0.939000337754933	0.411094389291621
0.703422926928947	0.314313799039436
0.309641240214869	0.1072647832887
0.308387727705131	0.107254233500934
0.90150284329396	0.573391848374434
0.536217261621047	0.282289564027226
0.775352129976165	0.493287079518864
2.32274324674356	1.80569884063288
0.793201407258514	0.399729170520017
0.39669410006262	0.195602613586986
0.291953538138779	0.0997013566526254
0.0803760321405453	0.0268147644504415
0.647041265550154	0.406312256718806
1.71220827395166	0.847703053380469
0.299143276618963	0.118538082888633
-1.07719625785892	0.365069612392098
-1.06540693621819	0.492382471264073
-0.448318187609526	0.152493438723003
1.0511237866779	0.621677725433133
-0.306019643254219	0.13597691701717
1.28777709610785	0.589155042705962
-0.217742437086787	0.103859228022197
0.354460976224883	0.248819166974843
0.372670543397577	0.232480040013864
0.521240899995075	0.324495653060359
0.0255578184914911	0.0140259557301825
0.286676427843691	0.177627360390892
1.71571522989723	2.2233144694904
0.529756335031811	0.388410410147348
0.699707441983155	0.374143791586501
0.470703050567018	0.355859604344917
0.536704585201995	0.381498931961208
0.000778037877284124	0.000727390799162603
0.305531532307302	0.175989618649025
0.82396304365262	0.634887955822752
-0.998797294168443	0.725781142472514
0.649076161056631	0.554408259185945
-0.142121877718181	0.0803579967037864
-0.311258883733442	0.194719468622552
0.65614985757772	0.42651594489413
0.266365822651203	0.118236973865637
0.90396344434864	0.582360369082216
-0.152564840750089	0.0625089486852263
-1.03717720276542	0.716167807267635
-0.687111861812788	0.437445048102512
0.687305337345659	0.374285447065582
0.929886063971973	0.630854569571239
1.46617678772304	1.08365512264299
0.788439474894173	0.3787833001253
0.540870998921478	0.285576530962083
0.628824920168359	0.475931899036251
-0.921936217995557	0.458200946962775
0.488130077849625	0.328033679740277
0.31026620113359	0.184179482922421
0.2863519291681	0.175514564322573
1.23339604663056	1.03605791135207
1.08124627522622	0.832938751039393
0.30904394734514	0.181504463291486
1.53669016409908	1.41631420557025
0.22549496103161	0.129220064678907
0.549585798951864	0.347341155491664
-0.246051854437697	0.0904803901324867
1.28549430878087	0.69549170209551
-0.237990269614471	0.0721732386020682
-1.46993387959349	0.574368289079981
0.086486422421415	0.0297508878883591
-0.781624542421607	0.315696137684317
0.622166043752983	0.293018300649309
0.328390611184075	0.0928282901973728
1.28711633732981	0.687086492190411
0.967443199363348	0.43694943616786
0.879554968017146	0.341844876288003
0.282556840435396	0.126516468155989
1.30132339020861	0.504297146942311
-0.447759120682798	0.157190994276233
0.720583310556613	0.314418862082545
-0.164930079637638	0.0690195566663311
-0.777983315938094	0.312122375753359
0.808328000481298	0.407402620319184
0.0927002628812514	0.031098282472655
1.28989401177373	0.496798808817426
-0.835544826459878	0.252839292643732
0.876732703446528	0.330607805645827
-0.516775237435231	0.138362889204207
0.884191543164984	0.343066445645257
1.30220050187184	0.511933404200704
-1.0728426414874	0.357886269207487
0.316234791240533	0.106333251304797
1.03879931143207	0.525067703801433
-0.933794621064307	0.404594112180206
0.305316068803257	0.124269655857813
-0.552134914599204	0.244508694807895
0.808117749093916	0.583750347998407
1.41168225305099	1.5162474785277
-0.8132337458509	0.54467706641304
1.39133291808317	1.74743554253355
0.42338922222762	0.296179777901428
0.923865304617596	0.634413827314927
-0.773724893606314	0.532588640585214
-0.721163598980985	0.417823805371378
1.08451775957459	0.773780979415148
0.802261749473003	0.53658016907215
0.64735068557755	0.428143779799489
0.271360313050226	0.134529753569947
-0.997180713669869	0.558620497777931
0.511798734611408	0.370130249496857
1.64004882039021	1.96543952778031
1.87239890970289	2.45974808239478
0.140395051552627	0.0708817757003178
1.2382069472873	1.0666850890416
0.286258606682339	0.163209129496447
0.535267388030701	0.418047596204667
0.288429688017788	0.176400903156922
0.556905608507664	0.344069599151644
0.573765097638854	0.39543549792783
0.125878595373492	0.0578256375453862
0.0950116821833925	0.0576437658727239
-0.12504755214122	0.0547044918061331
0.751071912410953	0.46911044076426
0.389550932471751	0.199642341882697
-0.592671969430436	0.371862433005995
0.551838746596357	0.434089080758194
0.151868430863454	0.0720731659677568
1.08982149739027	1.07488109187073
0.275997665483955	0.194134402376774
1.29563194404373	1.62341980774087
0.976001997854932	0.784633458059122
0.349551161657352	0.288241954360621
0.454794405967137	0.250073919506379
1.088573588318	0.980310212392276
-1.08819561975591	0.35617824368599
0.0933438009913244	0.0312257220293571
-0.458464353123078	0.158103272835044
-0.787097392257921	0.310512303616315
-0.618796076337169	0.231298800783804
0.547521098893755	0.198134021055122
0.881046488591968	0.325527677700471
-0.520214695772985	0.137880826745706
-1.30327827785815	0.467995876414084
-0.237104756210844	0.0734627705647419
-3.31605263115566	1.20372967855182
0.325965678058945	0.0948266143615199
0.0769899510654109	0.0261276822262375
-0.622882801769153	0.234470302268799
-1.29771393677078	0.47012637242649
-0.935344761996887	0.410177602641395
0.499784235792894	0.205924154341748
-0.0956609260577928	0.0215971171731289
1.39041632652022	0.449818911651812
-0.233132272496996	0.0715602848705832
1.93515399033225	0.792188355021487
0.563467749471445	0.209628028394203
0.881160398034224	0.334604102006826
-2.05314601736911	0.57654870638546
-0.829990262317023	0.25307982627687
0.748331792113693	0.226571962978259
-3.97627775605798	1.73565369513217
-0.0934050526429678	0.0325502336562903
-3.09183480000513	1.07302576822624
-0.623596702262865	0.233397360638811
-0.419192275464041	0.3152857340656
0.852524199843656	0.830802794616385
-0.23969092198007	0.148638651587256
0.246153451687114	0.166453501914529
0.539841297892281	0.413884781602951
0.63392712263055	0.465433970595451
-1.42877350720849	0.804203321859523
0.521283798162154	0.323379964324057
-0.239117944864278	0.134650350524281
0.471064399350787	0.317255437817833
-0.156259877615566	0.085969279549746
0.26321685103089	0.157616567142802
0.542970239989639	0.468970737200057
1.0805087144225	0.973787536858464
0.269650529512183	0.195184768028069
0.550193323209102	0.418615146642773
1.01684812887452	1.14836444970217
0.635566858072118	0.647514569892136
0.369594367274602	0.233763654085866
-0.252431854254251	0.0752735055024386
0.28635198836406	0.11600897080131
0.656466466291604	0.537848145538531
0.105236264677585	0.0625522220254756
-0.000856697054352064	0.0000175332078289081
0.278706065460361	0.171307544359065
0.726359714763017	0.541654871022446
-0.362207740565078	0.275939635672897
-0.239020534808856	0.135277315160818
-0.387299252511276	0.274298184626223
-0.168850579610355	0.0847297363940287
0.137099174070406	0.0702392030356981
-0.390756403643932	0.266556937529649
-0.182657563086623	0.12219475990719
0.49121910375417	0.340063382686494
0.653730576166755	0.419929244649093
0.559661770082543	0.497561258149372
0.102435745275524	0.0548974982310884
0.543405883395831	0.494334708315205
0.533893740376501	0.54228659741063
0.559398056631267	0.441553939959039
-1.28955410631332	0.471219645247885
-0.412055587482953	0.157557784400734
-1.07623377496826	0.363444231148948
-0.521354276075847	0.140151065895862
-0.237974788674939	0.0750087781254484
0.713005054854861	0.313401364255304
-1.28810247494672	0.480815408735924
-0.62782809177438	0.235945997778262
1.30289125834591	0.518723286387351
0.876913273177095	0.327984636137175
0.323237769806572	0.0954668421415237
0.743988900194572	0.228997201004662
-2.83342854030316	0.917117446615148
-0.539847513947087	0.236710243852569
-1.27729466356212	0.463367747774768
-0.100630873298134	0.0231392113137372
0.0857901128666627	0.0289172514118167
0.797409704300461	0.537515828592354
-0.81431484790122	0.514114550327862
2.33553817022139	1.46244764718547
1.68758168014979	1.30331148369617
-1.47133798812165	0.580145869720215
1.70609289937595	0.827220244459566
0.00075224661296584	0.000709842183078533
-2.05021356478115	0.569031985318464
1.94886186358611	0.77215322826278
-0.448276556117437	0.151182367010626
-0.449099734035736	0.158277241802759
0.147989737499619	0.055101382194803
0.607339332870073	0.298046183886118
0.970684680806567	0.439882338272593
-1.18456358685261	0.587501642137386
-2.49779134618292	0.753762077506182
-0.133566893323026	0.0782111627250229
-0.201429989781454	0.174104300869382
-0.07958466949702	0.0548034940911178
-0.335456806010901	0.261832885646125
-0.90019730018853	1.02619454438874
-0.326831440212013	0.240381410713426
1.30358453370317	1.18316851963692
-0.238295600074731	0.114335001623006
0.61999360742386	0.468438118127859
0.745178246018247	0.620604804678035
0.58403821695053	0.572986411899536
1.27081979967175	1.38505375644515
-0.23503284668811	0.133219541637346
0.281036525482994	0.249295289210063
0.138872705335967	0.0990469139268383
-0.0814306972564967	0.0500185366110961
-0.484039382630604	0.373704320058636
1.28540470657758	1.39233354224749
0.722224484068261	0.768370137055813
-0.381769029416134	0.292262656762842
-0.560348247516195	0.247867550623074
0.0812897277649042	0.0481078841009943
1.5218238711993	1.77944639315802
-0.0940978804294725	0.0446305436542161
0.694922320477053	0.485793095849037
0.223573565944118	0.144902565776803
0.4537739307211	0.360836573254244
0.840902261630045	0.698823252492711
-0.623423889027763	0.328869221278869
-1.22391143463192	1.24010687984319
0.752518044130626	0.687568721576428
-0.0971519891838917	0.0453040299970041
0.850822620492458	0.67234275452141
0.255908044385643	0.165735561766027
0.276610264306372	0.168474408449832
0.103820979087368	0.0619130314824276
-0.12229872691194	0.081715330268226
0.293451251964072	0.162184274443767
0.579612504374907	0.40161678516237
-0.0806803954088157	0.0380046776864662
-0.535317089850226	0.238788510421804
0.294222933019151	0.118593008513845
0.100484674291529	0.0333649822107095
-0.928045342209757	0.406322542959325
-1.07847996742696	0.363856947530528
0.714815213568789	0.303217699611495
-1.0781831686054	0.351497185158558
-0.0994736170795967	0.022542834663039
2.04439315122851	1.12902142215083
-3.97296773447353	1.70401632911189
-1.08328339450837	0.370848428206928
1.29765321327015	0.501555466958694
0.567567769944317	0.202259241933078
-0.5223760081113	0.140414884928745
0.739495127750292	0.229163664241222
-1.37855256949683	0.369087290450251
0.702183738589339	0.307582468620088
1.29575696580222	0.691966817002214
-1.07239798793769	0.358269457626047
0.441973281308902	0.210256156787237
0.870033984572775	0.505709472061481
1.93685000669188	0.789660825523142
1.28711633732981	0.687086492190411
1.30682322108311	0.512948087652244
0.868196797341435	0.335859606976429
-2.4946503122275	0.759347999169937
0.880534327938635	0.322256306323742
0.560710140851591	0.204490514274638
0.884191543164984	0.343066445645257
0.317740581646402	0.109364622537775
0.296959013158671	0.120523596511116
-0.788168422107367	0.314536299699368
0.964263022174721	0.4327070196701
0.309534240116829	0.106826915293774
-0.831974893269606	0.252927992747765
1.0503607029302	0.598255189323341
0.464151981454764	0.359580130193044
-0.22616368554579	0.153299056052254
0.00923829202367975	0.00512645576637505
-0.619056335593993	0.508806761653958
0.0142520293454337	0.00876711175435811
-0.598522948673274	0.359496409077222
0.530178799422979	0.278543351939297
0.73417136649423	0.600223587571099
0.48324907758184	0.315519064096254
-0.402910385839296	0.32883434057042
-0.431791440138245	0.310227912245731
0.0246952072054651	0.0157695394314992
-0.303714252263897	0.20520802374839
0.308312952999748	0.222155369821516
0.0667167068528427	0.043169568657424
0.17119299701489	0.135665556934517
0.267756485273016	0.167665473996661
-0.224475152446652	0.16977094749285
0.641506624334018	0.500283249787291
0.50710995512673	0.420973689694398
0.738049304841734	0.593983485724805
0.460481095849225	0.265741584761785
0.613673646947192	0.359216842930354
0.0512446516916141	0.0232239122386333
0.603339489956356	0.354359881701318
0.841968443367934	0.65230781044936
0.212026096735999	0.130362635226578
0.299959384216812	0.218854830553496
0.537501944873784	0.33765993799882
0.528468013583582	0.325327203631162
0.104568371300074	0.0591515830005275
0.0118422376399206	0.00487223517068353
0.0183466623305189	0.010015789516501
0.712748585314088	0.31319160793674
1.03631033710206	0.529741359187063
0.0927912175691937	0.0305892965678871
-0.517911135702038	0.138411916640514
-0.281018053568702	0.124007272252665
-1.46604982785316	0.57649157592956
-2.83133823353176	0.934971127868472
1.3852161325822	0.449767700794641
-0.523513114305865	0.137679209591898
-0.22698681717057	0.0676758928832381
1.08119985556601	0.69698207548998
0.973310418104633	0.43877624231534
1.61514271484711	0.903854408331732
-0.0978213193620585	0.0220638318542834
-0.623210133264611	0.231567819784973
-0.243217575290489	0.0761252912804323
-0.219126220548327	0.10262124305497
1.0224385500475	0.537394448355668
0.332618826542905	0.0932808046537003
0.0114202123721441	0.00307192001957707
2.56787291697883	1.78212467633394
-0.254132085478848	0.0959606162347693
0.736674428358857	0.219845410207826
0.0933438009913244	0.0312257220293571
-0.0350347251972631	0.0133009982784964
-0.239084672817921	0.0755533408078037
0.879554968017146	0.341844876288003
-0.421122230231226	0.196917516435777
-0.093082830291641	0.0325343867685706
1.29611048808167	0.508466152656823
-1.89480093437405	0.890682213486774
0.701198947316217	0.379693139264683
0.0108539775293926	0.00294215097137045
0.525778909942642	0.320257179736702
0.750316773784116	0.454665956294267
-0.251749050599952	0.166182939843543
-0.270205478965809	0.144252214233259
-0.146154716475716	0.0855474788794683
-0.164962533753341	0.114894450929135
0.472253256818048	0.299593579249411
-0.673009642226342	0.492174895146377
0.758988189438785	0.593325429686965
-0.519163336115906	0.263748339314763
-0.326983936975086	0.157197058553288
0.700870921853196	0.533698346585397
-0.970889638119458	0.746135509851132
1.35268746152522	1.26320172651268
0.667972301023924	0.544839450480172
0.156822695457916	0.108036196546278
0.550747715773618	0.453818602291512
-0.242289219836633	0.14753268859163
0.249830423394631	0.124126168063605
0.367853378043602	0.223426329686409
0.0107575247501994	0.00563992766251592
0.170769178731443	0.105454243491916
-0.0537497473278342	0.0283791479137722
0.148647684192307	0.0896108281532504
-0.0648855985311101	0.0354043030417883
0.273122659858704	0.19256942556329
0.147730682276854	0.0988561721330137
0.415306870756258	0.367062355648545
0.667027583484739	0.660350787937891
0.556331223537857	0.423674862276568
0.556225200898635	0.206487950932853
0.482209815147254	0.199249983383513
0.305264686060251	0.107270696450013
-0.243715796701219	0.0902855890522186
-0.0213717990211654	0.00835260475645962
0.277521556536199	0.123728896857069
-0.0305334173939095	0.0114536707405525
0.869156369709655	0.330891166249493
0.293462551573595	0.10270684464598
-0.648633521855618	0.232171684750314
-1.3013672903857	0.462622321929721
-0.232392215557442	0.07113871128973
-3.32013518200022	1.21087626955713
-1.38250936278202	0.367021552852188
-0.833063405948399	0.254155985426631
1.28574611228717	0.811848045547182
-1.30523106585713	0.65720016198903
-2.4946503122275	0.759347999169937
0.303292971308074	0.104950962240616
1.09456527825923	0.793121802271164
0.541624744424122	0.336561435026503
1.29423139225466	0.595518288524337
1.46324312629242	1.11583484471535
1.96580064757412	1.44448995636153
-3.53098749372488	1.27937084151649
0.00831200880409263	0.00240514283216866
-0.10026184420212	0.0346701262580819
-0.0974367576511081	0.0342471371521949
2.12572867333015	1.46161469708823
-0.515640221203127	0.13543764457855
-0.699098820922395	0.29452418736631
-0.399322300237323	0.165746899993121
-0.313264003138585	0.131163248148422
-1.08010088927352	0.355243932640257
0.60328560972628	0.286801200301033
0.0150112622538101	0.006248982710631
0.353153526455897	0.248727110493924
-0.116582868899179	0.0734324117633076
0.382347814682075	0.304371214697178
0.487686753843745	0.403444702964746
-0.783430745072316	0.511954959812035
-0.198729820739551	0.116606798771239
0.848719216788502	0.78116195293171
-0.999631103772287	0.791507001566421
0.227708077324897	0.14284252262509
-0.55490376261429	0.402558079558547
-0.362586427755588	0.263745142059286
-1.21162524857974	1.04392720328769
-0.288617614987752	0.250710398797152
-0.383145998195129	0.295113031083741
-1.05262181101549	0.733078517262274
0.0790042822891149	0.054570626670032
0.864622185243079	0.821334740755949
0.547163836116201	0.414578115990877
0.727575541108542	0.569616578140957
0.747403071118653	0.451601532666709
0.437948480195278	0.200454318319036
0.314393884652053	0.161451783411457
0.386603132287082	0.250251420919248
1.08600139670173	0.746504046613105
-0.0487986756049604	0.0246329777225334
-0.649399933346816	0.434924980689157
0.7157140798285	0.311063046732073
1.09739458032334	0.834992838338576
0.413816564468691	0.284020332419146
0.582299448071791	0.406538110179929
0.309389154094898	0.203819586410203
0.287036444906197	0.210035528136609
0.221258770872391	0.125517544392882
-0.712928600460935	0.613512281124664
0.854560121755497	0.485714841181001
-0.299804830611506	0.151666957277768
0.0134783218062849	0.00363750306846831
1.06773669720856	0.615729196488356
1.28989401177373	0.496798808817426
-0.422720750828138	0.23237063649038
-0.163970245995246	0.0660910768184152
3.98005445536616	2.21637524003928
-0.0212411607825479	0.00811168262983104
0.0129153418849133	0.00344424604437407
0.321596831485915	0.0953901221130846
-0.39770614885082	0.15907123921451
0.598576704500196	0.295072931787565
-4.08901882862006	1.89850177464631
-3.10917902294542	1.03561947360895
-3.32389604813218	1.22913311718987
-1.29240497270788	0.468880986863489
-1.07682181488009	0.350121000398315
2.36798608361417	1.15461465914689
-3.67764744025752	1.47487100615931
0.322688990359234	0.0958307659053989
-0.837725680837318	0.257618742248887
-0.0855474291668336	0.0276026674470734
-0.0828406866462751	0.0382340631581312
0.525786397367636	0.275578533402552
0.725901714935178	0.439986300078439
0.402453226271747	0.23798144755251
1.29045577372635	0.50876744619852
0.748215412406958	0.46042246047116
1.55977088801045	0.951463080192899
-0.806910412640571	0.312786566412595
0.966424066729993	0.443335723672937
-2.49348075277667	0.760631300990853
-3.50766607864638	1.37426814117007
-0.920491735859009	0.384543320707782
0.496189436206781	0.207561118855798
-0.456241624155153	0.154706109485803
0.104458493037893	0.0342474959385465
0.0922481959261334	0.031852393202328
-1.06408399139384	0.492955938025145
-1.46410108404933	0.566020569381966
-0.322042006387042	0.160096320207575
0.701347304330453	0.504404128603939
0.941112052391981	0.655068221062025
0.546269618597994	0.335090063059909
0.847954643977663	0.68993301529522
1.46530567131035	1.09197093247821
1.33907443997076	1.30778504149738
0.671262846534557	0.41720378365549
0.402766170729305	0.276848382898226
1.50809117957794	1.06200187397223
1.08133938984077	0.770242597776706
0.839907279897396	0.666312996028416
0.346288834932935	0.186937878539987
0.664268859207362	0.438308070741647
0.397891579078437	0.349236184916199
0.600689585304755	0.439886797560654
-0.453901394566914	0.283056394696729
0.0867361393129095	0.0497733668805967
0.143596773533576	0.081972169588285
-0.154323719610554	0.0628196523620717
-0.834249424385902	0.250115174033497
0.295464094008637	0.11019276223787
0.185626915972443	0.111060588845794
0.289507737876056	0.175592486630268
0.556599943144934	0.45514901861959
1.19858058088645	1.145095316843
0.965867002083408	0.71620072204631
0.503265304702197	0.358436258803196
0.860103552662867	0.736553886269806
0.232324622522644	0.147442693821995
0.784038442745482	0.52682288285682
0.858559343616328	0.502241783362066
0.398229483188281	0.208048647470032
0.617520347254713	0.296480398335926
0.68042782615604	0.384093546745565
1.55198610187671	0.96463298402141
0.798694182593177	0.383623566401165
3.25105335460588	1.41061150643205
2.13389841890729	1.83685376366152
0.136238406221102	0.0597166063982393
0.281511496671479	0.123322686138668
-1.61489860322867	0.686313419006943
-0.56277264093976	0.248416481548356
1.28245984851367	0.685104331668276
-3.09404330590539	1.06245153955413
0.960675870689844	0.43760279409883
0.313573903499624	0.0910825225441505
1.61220256463617	0.90847381905546
1.94056540988317	0.801039885015426
0.945835186171262	0.413605280110694
0.549376666653604	0.201492945335173
-1.29290169114264	0.478388857584729
0.485877968294854	0.205126148849247
0.308756480110833	0.125945399762299
0.908229176253512	0.538906312994175
-0.159557185226036	0.0649989314196511
0.449052080304769	0.212281458677003
1.02700324785603	0.540775938645445
0.61623612375762	0.296425867018406
-1.88329550163491	0.879975850015394
-0.229774502064716	0.0712751761818791
-0.231281040957701	0.0720387889490784
-0.415055839885712	0.173178198101434
0.303226101104093	0.120103456716657
1.28831126704833	0.596349513971902
-1.45553583155685	0.570061238497424
-1.61113976344791	0.671631261735209
1.07442876730871	0.702821577498424
1.24876426564463	0.798244745234089
2.05029354671754	1.12601207259261
-0.214366466329143	0.10060863592223
-0.0281059350631146	0.0148871289481616
-0.431638810978167	0.238842252832229
0.341515073011365	0.235620857197658
0.141579469456175	0.0772234524181931
0.145786977744777	0.0648968346195511
0.964006460434296	0.819635209529721
1.5104639706314	1.82658852671214
0.876107910767216	0.511317947973145
0.617650416438005	0.452549547799219
1.07518490851288	0.843200033007103
0.42729864154428	0.201151394248728
-1.06493035932184	0.762258519416366
-0.41630820610202	0.250466055236939
0.0435801874351233	0.0231437148636045
0.424391500750508	0.293314843024292
1.30253772470881	1.3640336659473
0.34855060003321	0.252103396485365
0.00391543419752956	0.0013500429204479
-1.26963801681595	0.851103116482985
0.297862482263491	0.18596121883292
0.933610199472026	0.736105416862836
0.929749840018069	0.684692095701383
0.849577548951374	0.720031957620757
0.948169205733985	0.962260553823987
0.968439753404544	0.895553268652645
0.955131931335752	0.751295904253742
0.665174167185926	0.559599832591526
-0.796534734403788	0.468067415908227
-1.17887380229877	0.575716900396193
-0.102802909165685	0.035512103627688
0.419574238582015	0.195557461807274
-0.0910238581951985	0.0318871432011126
-0.0267522979326972	0.0100971751655142
-0.842416267004409	0.251298774042738
0.60960061773606	0.300861305381878
0.879554968017146	0.341844876288003
1.87697613498898	1.19678170146234
0.0999415981759954	0.0326160299970822
0.29935082103745	0.103410383581793
-0.161084748534367	0.0651910512670004
0.74825082327023	0.222820268129314
1.29178660128666	0.693851480390828
-0.526073516359683	0.138632567811719
-3.97561441389354	1.71600614061528
1.30579363417277	0.505323397178712
0.00252258717362925	0.000953137376538156
0.293985279293878	0.103299517432334
0.016585367115239	0.00431836572446858
-0.516775237435231	0.138362889204207
0.138699871359532	0.0589919567380882
0.299541989941134	0.123632275340581
-0.107203321041508	0.0474298043413606
-0.153519677364909	0.0636302698508463
0.0015547750555573	0.000720021214793046
0.560320692791404	0.206741512170632
-3.11226293684757	1.05509625501772
-1.45857458080414	0.579461263044106
-3.5082479306849	1.30209098709125
-0.80803301003838	0.324918807640541
0.546465924658674	0.128383503124171
0.311802155235833	0.107797358968214
-1.07945716189932	0.363853566224814
-0.0858096219245492	0.0292882121852424
0.297891135562629	0.104155351001806
-0.793594058857319	0.326654540726537
-0.26718878339988	0.100614848807073
-0.781364613564976	0.318552580329589
-0.676480753218088	0.327080508805612
0.372120247376019	0.228058007716476
-2.42426835734807	1.4731838967242
0.691945663576128	0.484156663521755
0.00384962411349167	0.00202206707682638
2.76933266814136	2.20719856840249
1.35826367311178	1.33197228838138
0.50114698385658	0.3547352298197
0.465341003284629	0.259328843432189
-0.0740686194669684	0.0352281295541182
0.615537766379678	0.288948878941833
-1.51802399372738	0.90421116015345
-0.622351715728286	0.331223686784755
-0.0731757906881577	0.035124423659062
0.414039678660259	0.249012163021361
0.798309366132681	0.548172704394824
-0.604663690718876	0.449099849604182
0.152453936520655	0.0902982436466965
1.47369049658479	1.12746100452778
1.06128834411532	0.648109844766351
1.63066517809958	1.32939082719342
1.41785730802579	1.57957478656748
0.432970070794642	0.294249960974272
-0.438012704713509	0.297435329949425
0.897905092869331	0.556854003631985
-1.05272588677955	0.886418737099683
0.80565842218517	0.83849609088552
-0.258961569669678	0.0966251228207045
0.125148039523683	0.0456384213043606
-3.11436342465347	1.00713338793409
-3.51271430694623	1.36017277331587
0.00526618147656546	0.00152611893018079
-0.52567506533391	0.13808514237228
1.27625706420179	0.58871870155372
0.868345789797405	0.332722909507725
1.37992663094243	0.444768794438503
-2.49231208841664	0.741884845199983
0.0148300751683945	0.00394546608157829
1.49799094769007	0.989811189222451
0.80768467734817	0.396122318232441
-2.49348075277667	0.760631300990853
0.551002128446771	0.195417572959012
0.558111232390697	0.204493417300908
0.743272223281135	0.22643329731518
-0.442128644586968	0.146782074627962
-0.0966885898007639	0.0329579140749333
0.323780413110012	0.0943043436593769
1.28553581174061	0.68879306698079
-0.562330858180248	0.243876661730634
3.98439063041858	2.26721675697693
1.06707648171929	0.621768919184469
0.300188627521144	0.107243079057824
0.00721601039352863	0.00199363515840127
0.714634188308615	0.311662193688987
-2.04902373026814	0.584535062964325
0.739498461318299	0.224344540791199
0.299891261078121	0.107067967138882
-0.675782555514462	0.321124760268204
0.712404825695009	0.302684161249783
-1.28352440655067	0.464175371506201
-3.51780068134636	1.31890815226078
-0.015400776560063	0.00598101948153094
1.61697843923788	0.899580756007262
1.84792121025341	1.55076152760234
-0.0820494833586825	0.0437984815195231
-0.109791471429874	0.0494924606763301
0.0363866686726462	0.019388924630371
0.824463345494967	0.80246303362728
1.0559095787707	0.658976806126503
-0.0839334968896139	0.042647891725524
0.473760316585176	0.269229294978724
0.152067376530929	0.0702336731420758
-0.2044257286437	0.0957900173641208
0.264774951275218	0.134272621591768
1.07304096447247	0.680926105074619
-1.07154907049953	0.76803144145134
1.05237087819084	0.632471520962449
-1.06356867992588	0.893319385231705
-0.30190155311783	0.172533710586933
0.22561142877971	0.12706296839728
0.0176442878436826	0.00905675249792225
1.08327026664283	0.845015415347003
0.382416350808955	0.270230468708871
1.45829506833459	1.53665314519591
0.549270013258801	0.329873887201928
0.764580381446556	0.652294440216967
1.48188893851633	1.98949939220646
0.60475254973595	0.344863458940325
-3.09073159364739	1.06509583332195
-0.826886475386905	0.250046085549171
-0.235918652264616	0.0739415337889668
0.303284900698567	0.106232430713792
-1.09245677080552	0.360931107435898
1.56168625042003	1.30828525970025
0.30345596773886	0.120967727536575
-1.28350107612435	0.474836718450796
0.884191543164984	0.343066445645257
-3.5105880644975	1.34597780163031
0.554219728318029	0.2021866666598
0.863022863544138	0.322774251622034
-1.08328339450837	0.370848428206928
0.555502228762901	0.198703860588588
-0.522739884222163	0.138889648292059
-0.810246824587579	0.400494432224459
0.00953223136332628	0.00413852962115631
0.127446392841289	0.0597941334733496
-0.256228297117782	0.0966744846213551
-0.514680488872461	0.137579947568615
0.320924105164241	0.0921003179543894
0.744963299474828	0.2325771171156
1.8792351947782	1.16705478564536
-2.82455863670409	0.896736460929173
0.29259609520294	0.120678656853778
1.27480045302792	0.765582140721201
-3.67764744025752	1.47487100615931
-0.783314648392285	0.315521765968484
1.01176011603147	0.513996828700471
0.803059308448055	0.397267630225106
0.433242819560276	0.204002204801389
1.27703837955514	0.758955789531018
0.533046784268487	0.318589731137152
1.84762574694344	2.05028908510268
0.793201678336198	0.531430117761072
-1.28100010621859	1.01515479417882
0.524074046406209	0.322178229015142
0.576271659106085	0.389800819964794
0.637881051445073	0.498741940566613
0.267812412730942	0.133749596174273
-0.912488926040384	0.682531412676855
0.367662319666815	0.182293405164177
0.588665191341932	0.345352306247579
1.09233631848797	1.03426493751345
-1.93068346316849	1.37277072488806
-1.13760597308793	0.807525279162316
0.644508354688526	0.622981101816354
-0.0448055371742716	0.0242221662688293
0.805277795147691	0.409416139631642
-0.0162363950070805	0.00640557812592129
2.02620945958473	1.83570066256513
0.608028122283178	0.364563985556624
1.55920241162439	1.74527654516091
0.645647748842788	0.506748225442434
-0.436140425703557	0.259411212197734
0.114713927404478	0.0440215582699888
-0.235687345957626	0.0727607971618686
0.803886137261336	0.410021406425366
-0.409286707313148	0.17011857870141
0.487910109146736	0.205296568998862
-1.19403169270472	0.592918588925021
0.327605807219218	0.0949123059262477
0.74382021694343	0.226781474929542
1.98368227235667	1.53222821169193
-0.24873413338933	0.0933540044855483
0.427706172789037	0.198114296436769
-0.624794206308367	0.235640817465508
0.325965678058945	0.0948266143615199
-1.08043456838936	0.361340664763697
0.311802155235833	0.107797358968214
-2.13141543488155	1.14700661532561
-2.82685472330953	0.922711444031235
0.0990932691771145	0.0331750133812494
-0.448807399713797	0.151301008767485
-0.444036372579586	0.153411790765877
-0.231108789370875	0.0721774916639875
0.323237769806572	0.0954668421415237
0.0175474715951843	0.00457046826837147
-0.236449934238729	0.0742106876529409
0.738190443583785	0.227698765264521
1.50750431178693	1.05476176301492
-3.68647118353199	1.48748332659894
0.556832782753302	0.201197354355216
1.02229204070489	0.531640211995869
1.3852161325822	0.449767700794641
0.271683843069379	0.120164291555059
0.789391328034669	0.388502567085463
-0.823504716178929	0.496600522880891
0.0914747002527568	0.0307765615856386
-3.68121360049036	1.50160480915984
0.133257787797806	0.0670492643218915
0.128010788579991	0.0540460666942053
-2.12433370796115	1.11198208142133
0.786991603400872	0.524896871757711
0.0282047118076492	0.0127970437003575
1.42235786468898	1.141763902721
0.564268897829134	0.373965917909095
-0.287858298557077	0.126967687521112
-0.0295955929176887	0.0108700667835875
0.608454435187181	0.360256028815295
0.133597299227417	0.0608412090154793
-0.312160039896821	0.159774091005361
0.230559046013698	0.120179688131653
-0.388103863256276	0.257473571637493
0.514107077270022	0.353411297527284
0.662443634250346	0.442945612770423
-0.0592534763643917	0.0295379000260674
0.760797031487738	0.578250422082964
0.426208141272919	0.261534511387534
0.594878843492121	0.347946953807481
0.00841746470412015	0.00477719979021131
0.226249447263979	0.129375795547174
0.465175672320233	0.3428488728438
-1.26970734524164	0.829758846631951
0.0910193832128281	0.0308333371148443
0.0067466198969804	0.00200999607894217
2.5641329346253	1.77482444946185
0.299827543924712	0.101717798551482
0.322762749874878	0.0935836834104354
1.27249505557354	0.845831020692733
1.46540883681724	1.10291904459188
1.02768037708834	0.553373238208508
-0.00752208900076335	0.00318933207069326
0.113531900898	0.0426922655649552
1.48115483150945	1.49923351361517
-1.30535809700842	0.684972020271561
0.877636916125413	0.332452408713274
-0.261895207164106	0.0993276783072784
0.74610547207819	0.228282542864155
0.669949266482147	0.345481309005333
-1.54659590440393	0.893155396181006
-0.0879873767365385	0.0306737216214467
0.540830389311353	0.284157524636948
-0.313152926984445	0.13676823905809
-0.241878741931826	0.0736625815866581
1.56785475856794	0.897292952864465
0.606381424838213	0.356647347074408
0.708292777359554	0.313423039635969
-1.88872809292664	0.883597620284874
0.131295122882231	0.0672785693557764
-0.107675925512551	0.0480418440094826
-0.691437467233241	0.436483353410981
0.545103974137785	0.285725662130548
0.00706937328864259	0.00358256629303326
-0.346578579845138	0.269623282652616
-0.0636326666051199	0.0318964442343763
0.181473766368578	0.105988705498593
-0.510205692652149	0.351671554714647
-1.06239576846879	0.495426505087214
-0.113426180802386	0.0477621766660147
0.537710010195783	0.379249478415467
0.138724610527599	0.0594347226043876
0.357459421434582	0.196360134042839
0.391845267847401	0.203219207891844
-0.317152671892657	0.16027421694875
1.2222862853189	1.00292017393927
0.941722807673713	0.64875476449216
0.539341693968373	0.429916521267318
-0.139075896561634	0.0728903987987821
0.180427359343382	0.110167596780121
0.718688571393659	0.531003903381919
0.287059618482347	0.209658999794378
0.478387473884166	0.310053069318301
-1.75845932371649	0.77930058669249
-0.235178727896966	0.0737955949925185
0.965769717905429	0.700278705750745
0.575010346611771	0.506252981341857
0.0966976566527562	0.0513475612756842
-1.12120535900168	0.803344998126865
-0.0620804838356275	0.0310293213441954
-0.256113355058589	0.115503222815947
-0.526318972936165	0.307937401390713
0.0914009561183012	0.0308354399665761
-0.84293628563619	0.246758137242534
1.02240601277511	0.533315923652486
-0.106830117714678	0.0366090248939683
0.246511470477654	0.120571923552675
0.120974714051809	0.0475748685569133
0.0175928292076634	0.00448036146983496
-1.28254273938625	0.466456155861013
-1.08231332567193	0.369176480609056
1.39169916614548	0.435776864920201
1.61485177086284	0.856511281604073
-1.90496111597394	0.919108853312615
1.29531170913257	0.651386059200799
-0.0994736170795967	0.022542834663039
0.51704791515704	0.267256491308064
-0.549182861864526	0.241929473929096
-0.239833984559913	0.0760133865629607
-0.104101583288209	0.0224537248463839
0.2957636226743	0.122520457648248
0.604480024345859	0.30190355490672
-0.0974134972381895	0.0335735128207652
-1.4714827656171	0.589085482045999
0.96758270370793	0.456437175810252
-1.29139342779907	0.468064393177114
0.0529989551488544	0.0237256561377641
-1.28274301399264	0.471653732267616
0.795362487730885	0.389660834629558
-1.07570589833403	0.363045486224643
0.741611120992749	0.22843729874227
0.562003258631275	0.2096791914521
-1.07123448387028	0.474088527691315
-0.442887594380354	0.153064672097082
1.55132439830934	0.964183265642191
0.917012853658261	0.55704938858566
0.018779072015006	0.00938284623678891
0.576159294320439	0.393834491576707
0.614034009531619	0.457818809959162
-1.25840193132884	1.1616493775873
-0.330071310707863	0.1914448948519
-0.103303973945252	0.0351946346485861
0.218213139890298	0.125326788095729
0.419858362039956	0.243602669800363
0.485792807662184	0.277947002586095
0.840713915301304	0.659370778830743
-0.801428365662684	0.470915497181359
0.659909415370426	0.427054673348123
-0.382354036944742	0.215314641759929
-0.937886210272657	0.406396257935373
-0.03310412970025	0.0199398591652106
-0.471220693911593	0.315425861034819
0.0149606114198813	0.00806989350855412
0.0110317560669162	0.00612730292628746
0.227461776401899	0.118740205109101
0.803748149457645	0.391120638192283
1.08225690281378	0.943204473641543
1.42197532032657	1.08428097943565
-0.990909993852694	0.574969398769559
-0.259278301022991	0.0999013169565866
0.46991869438199	0.259250241233368
0.0163168362351795	0.00431759714522914
0.299332598269649	0.122667501089743
-0.447468210672461	0.154031658472776
0.604723065474668	0.288256365745445
0.805997480968926	0.417791461354127
-0.939731921486189	0.412450075976714
1.61615592244795	0.907212797660068
-1.45751567718959	0.563360736399455
1.28232306134027	0.663613889948702
-0.5199076920676	0.136064628295205
-1.07902520016919	0.356627607659337
1.72148414213847	0.802238940420338
-1.08105608861575	0.36095604784384
-1.91804084137619	0.896107892245606
-3.3112024857887	1.20126544638792
-4.2012343515852	1.98272928565488
-1.46496086183775	0.589774817651462
-0.0978828398401082	0.0332720439065923
0.68700193549873	0.281636276103784
0.872303590610921	0.32949612455723
0.307701038430823	0.105535189836248
0.869137705441687	0.316023126438953
-0.840233233068302	0.250814356122496
2.05650496127182	1.13211384422235
1.28624026092497	0.596947229905235
-0.445999133167541	0.153082157896496
0.481838963504672	0.204221773459738
-3.09293870382283	1.07206408964027
0.315904858319612	0.0906719899454981
1.28568614947829	0.615087982230164
1.28860368944313	0.589798419126451
1.06509322935128	0.642676366235222
-0.0953423122160152	0.0329277450879269
0.764913004731619	0.666017850442778
-0.320268317398312	0.164861626042172
1.26421987328552	1.44315383504545
0.265957333398106	0.116812867979844
0.327465315052842	0.222489181496054
1.0504690116799	0.61573001718386
-0.411604571406144	0.193542273388564
-0.242846036621854	0.0896352228054041
0.800736118266894	0.4017047646745
0.510816385175223	0.36438754199587
0.306606370529189	0.106444228568095
0.541366653937182	0.279498543441227
-0.3142130388262	0.19013181652518
0.469631389943871	0.259781615995702
0.707205773375911	0.306955466505962
-1.47245269627892	1.26461446374361
0.23841750033549	0.117791891911558
-0.781661172512817	0.384623131331518
1.47504019847778	1.09297537160454
0.482803118693818	0.202340167573151
0.31918510108582	0.0918256878577977
0.69981704878076	0.297565153247619
0.921685141050686	0.640244707516997
0.536926197843485	0.339700946862866
0.601980046910154	0.289102195717569
0.823431969684809	0.642258852859565
0.411566575720069	0.238308016965754
0.0738328337660516	0.0439171061396835
-0.249682453929004	0.0765526238668498
-0.623423237809093	0.236821055679704
0.598377592681839	0.291029823632186
-3.53033428041018	1.28166486077378
1.61897357408973	0.891821324156743
-0.428554931826038	0.226187506574597
-1.90446376167145	0.897784013087987
-0.447660229415192	0.156725286930136
-1.37736686643192	0.369817212053887
0.307342633839957	0.107439934225689
1.7188190558547	0.826212177630495
-2.49990984232575	0.743825215086762
0.305937094436119	0.109657015375102
-3.69679607100442	1.44915852984902
2.34514695481922	1.11910064820967
0.321314003400279	0.0911918231138671
-0.520214695772985	0.137880826745706
0.302475555303623	0.10711753891463
-0.0907220618342564	0.0314062517758795
-0.636158015734281	0.23093658845482
-0.10845777398567	0.0233524190605643
0.962062699223095	0.423188874640788
-2.835854011812	0.903413592096073
4.2670339090363	2.7277173594903
1.72498764193769	0.800873536939545
0.330503838615018	0.0950000287859347
0.552158914931119	0.201610333631011
-0.44767937038248	0.150362718233695
1.61648594685086	0.923878039331449
-0.415055839885712	0.173178198101434
0.0166328919450953	0.00418655247743507
-1.54397955656638	0.838043994502898
-0.166198005764334	0.0904916620529739
-0.601450124187656	0.359653840366344
0.345033612348756	0.234465961309162
-0.46786170689867	0.276984577539118
0.0211484764931921	0.00861312867914671
0.077847278778941	0.0456026918279187
-0.518128266044933	0.255282432939153
0.654061907750361	0.408392759906433
-0.715695807960235	0.506142888809931
0.123436050379098	0.0630796478263084
0.371646530631548	0.269110267945851
-0.443159044792493	0.251624370872015
-0.702846289720097	0.446585168131672
0.126071691626366	0.0649522052263701
0.263721835801492	0.162549797105701
-1.53794777338203	1.1697625169964
-0.603651559176154	0.455620336290068
-1.05642479556133	0.839219908972891
-0.666737575954831	0.311409226528046
1.38605416874139	0.451696726388903
0.885145150564903	0.335959819350958
-0.0909178672430975	0.0313670703573569
0.532546364084117	0.277259007095531
-0.789476306540041	0.407151578243021
-0.797838009004254	0.409965034282089
0.522698490333738	0.277155694355754
-0.614890103096936	0.422511921530758
0.0426944272708943	0.0206743402366373
-0.0152126085245152	0.00581468555171162
-0.0962833901203116	0.0222038630107127
-0.844947735192529	0.24559549530664
0.293581903906579	0.0984536904432497
-0.242506422393864	0.0753160757356815
0.017979073648316	0.00466661923012803
-2.84579613079574	0.893328293302029
-0.103948938199882	0.0233524604803125
-0.836634894627274	0.257543939751531
-1.38250936278202	0.367021552852188
-2.83342854030316	0.917117446615148
-0.453661958033717	0.15768897072405
-1.28847573339476	0.470664598070543
-2.835854011812	0.903413592096073
-0.259160463298233	0.0959967703366345
0.745703811636536	0.228481367728924
-0.265496812210933	0.0988992004115411
0.472859410201224	0.196622795977864
0.315260832071331	0.120709708624394
1.4475887117648	1.05054352303669
0.487902761413367	0.208925565427791
0.967445767320632	0.436098176375766
4.50543332575069	3.13029743443373
2.0537387180534	1.19419494587588
0.547391394977736	0.128082186515472
0.713005054854861	0.313401364255304
-2.05021356478115	0.569031985318464
0.88128648002359	0.324069608460263
0.876380205594059	0.327237864012727
-1.07474384497972	0.356270365172791
1.462727242258	1.07819100151284
0.0332144429195686	0.0129155602870157
-0.0914100204592325	0.0324642582411165
-0.886316805716526	0.446487767530051
0.124324174963419	0.0478707201498552
0.829614419201643	0.622337783122892
-0.720924994750407	0.534359534603794
-0.0894106321851545	0.0420623125283767
0.842079806755139	0.644183151410158
-0.715838034130679	0.415186654062399
-0.106645862370531	0.0350666692508665
-0.511817622577067	0.255102266714327
-0.937392904983779	0.412950554153299
-0.887282814911665	0.565390951208176
-1.26176716214741	0.959900124654266
-1.15616447932932	0.823084667907749
0.197173201722553	0.115111127815271
0.221720726495155	0.125763593159904
1.81321099830831	2.44451808391102
0.699722523070339	0.486203846207559
2.26082333936338	2.46011427746136
0.137173767792417	0.0736604917680588
-0.0276675771699565	0.0105986100169018
0.839639376192732	0.648329026006841
-0.0930212583066807	0.0212077808526859
0.129145008141553	0.0512505658485245
0.561421101249904	0.209976242507607
0.0313760909987263	0.0145973447832113
0.514871207014013	0.320292855002641
-0.354668722770526	0.201261697257374
0.259755377204151	0.13571747636545
0.489433467527573	0.317032011184187
-0.0762030540454838	0.0470370550667915
0.223676352551813	0.0953835170627324
0.53276108429652	0.286127225989402
-0.418213918960449	0.17578735585772
0.555264852380623	0.199544146821637
-0.17629158006506	0.0711770770735846
-0.0877037519154205	0.0303634742242253
0.154448438764896	0.0672523176881036
0.13118628259517	0.0492161746453347
0.810599257188141	0.41302958804262
-0.0885699499174984	0.0292776000338516
0.0862572754194412	0.029769812955696
-1.08351437608145	0.362192856986952
0.879129326153264	0.331203265714694
-0.525921537760585	0.13527585028863
0.287947844799188	0.116219255378299
0.0160545770394899	0.00419682354489619
1.72336317444138	0.799736330102298
0.296970392124644	0.114528072002463
0.882558244054972	0.328063643278435
-0.654488476049793	0.298060658574001
0.311422745821204	0.122736705451885
0.133956205182737	0.0524042806614438
-0.0809791168877797	0.0282307873212752
1.02914887233012	0.536812666996896
0.0931557677917347	0.0318989770648807
0.283065661603921	0.130649043602406
-1.19624746832591	0.582717334538785
0.604921121054595	0.28363283911099
0.872714404422598	0.485307490871194
0.980712154063745	0.423371892422042
0.390657498372539	0.20052744517959
-3.5193362253966	1.34918194374378
1.03631033710206	0.529741359187063
-0.634446171520683	0.2343445296106
-2.50013836544569	0.752963874303395
-1.27595476899705	0.458993065717904
-1.05548055982588	0.486683503947389
0.310562681477304	0.107899640684361
-0.446101803209516	0.15286424804291
-0.516419059671588	0.26063480854753
-3.98451878531437	1.73840181720936
-1.06915247043518	0.5023834536557
0.143411699238824	0.0544422506242194
0.915285475921614	0.610932421510776
-0.12196291771055	0.0509644421191676
1.02683153290962	0.538736186474184
0.686272228225562	0.387684671113673
-0.657829903812325	0.312362885165785
0.129340368292833	0.0491982580831796
-0.68719958480417	0.446369515984051
0.578958965819441	0.38330142718821
0.135457850136169	0.0585294133266662
-0.615099821568839	0.320952299959108
0.256195602539901	0.125265364600863
-1.07639734237554	0.510978472056196
-0.451304812848422	0.275247712499563
-1.08307010296939	0.637683081809857
0.395128858838503	0.201482691850104
0.698489739580398	0.371530316371134
0.018804059481407	0.00888855616213518
1.61590056918512	0.869400760576279
2.32738652041333	1.44569061885427
0.543904294160504	0.292733392740423
0.564797643574007	0.20354396692834
0.28746293732168	0.128036730794344
0.300337230115316	0.106969044286595
-0.526216284316551	0.138422940417082
1.29337507943617	0.520832317482809
0.268372606186408	0.132622373706131
-0.255081807052726	0.0985515562412043
1.53999202334026	0.948008375988739
0.492709209536986	0.201735045709565
-0.15841287987902	0.0649933444410234
1.2867236085233	0.80012189856578
0.857503502833188	0.498043098008593
-0.411769830711739	0.16571354110258
0.434805786918131	0.208022590884644
-0.0251930265831675	0.00953335418481988
0.00819059863831194	0.002190827181911
-0.45537810259616	0.153734815095078
1.09253356970535	0.716022095623558
-0.241164713270331	0.076244858485767
-1.46347957914527	0.579182868489406
-0.1464871418241	0.0600835586331537
-0.62493259694026	0.232487935460349
0.397653689339346	0.206932793321027
-0.834152635363741	0.25296310080088
0.324329385368054	0.0959051461273956
0.877329195867696	0.332380581249323
-3.68011279342947	1.50238720498449
-3.50980813755273	1.34273849079814
0.717464772911473	0.30678856053155
1.30112725712296	0.587522193575363
1.01452225603095	0.534455614785116
0.708878486364226	0.306377591094701
-0.452485374901516	0.150853893140595
-0.267175735672216	0.0995318247476844
1.29212040034183	0.702457574000032
-0.23356248831657	0.0716408562189923
-3.67599283921959	1.50022965768208
0.0875930198756001	0.0300917091391237
0.127710168903774	0.0550455172363222
0.505127166215285	0.20453729163772
-0.636364087600576	0.233941972016294
-0.079793454480821	0.0274539022440937
1.5662266580932	0.950206047189245
-1.2799865854902	0.460762974468504
1.7157622605407	0.801390471835962
1.71386472322979	0.838621915186081
-3.31319464395181	1.21509579750581
-2.498964405108	0.767925687647617
0.710590174415554	0.315158979582961
1.0294536314166	0.550569916544762
0.979366432251004	0.433319654314872
-1.28761288766524	0.469346286108944
-0.158048378013534	0.0658410049659556
0.119616881505025	0.0467139371842703
0.912156703958192	0.617376069362644
-2.02413792748507	1.00059989062209
0.674437203305798	0.362620455990186
1.28077927146977	0.708706570387139
0.530097467523688	0.288247222156536
0.791786560526813	0.403856561749302
1.2871437706905	0.598801389678295
1.07399064491124	0.626296994540092
-3.6795617234404	1.48895942441768
-1.06508751622704	0.505174149541623
-0.250511216637007	0.0960707667918606
0.606973111134441	0.287404846412923
0.555492691623485	0.206071394995507
-0.453661958033717	0.15768897072405
-0.276042243234373	0.102193508806177
0.929494518927661	0.641743140480892
1.29423139225466	0.595518288524337
0.13128071153107	0.0618729594003061
-1.0824694771194	0.363585631280859
-0.0945032483602891	0.0218370726435746
0.548088685499627	0.197244372372254
0.703422926928947	0.314313799039436
-0.453471035981687	0.1578610941041
-0.411885048566817	0.170474731004291
1.61881163366463	1.33142776072145
0.540721761416394	0.288648180639936
0.792667328102187	0.389247381042619
1.50111365774845	0.99649465302027
2.01699369672718	1.82936613804784
0.608406393483305	0.360042454659598
0.801084703806764	0.542610745764442
0.430839428956405	0.203446870928933
0.0990224829929577	0.0333606486676626
0.307700142215812	0.105191158669395
-2.03369638413515	0.952145507278105
0.697542489109884	0.390827730973369
-0.628585152620333	0.236133792084123
-0.916979583464831	0.488537087646715
-0.0950671186884499	0.0425299220352557
-0.148988268873561	0.0604098324544059
-0.240364458853584	0.0752144877428103
-0.514075438837915	0.252213852485543
-0.928626840354	0.399909180476856
-1.19583403999266	0.604871620855224
-0.682046701957365	0.29942405416099
0.615293102997281	0.307054191059427
-1.07214600988872	0.476089290538619
0.713838997612124	0.310997817842482
-2.03941823892044	0.989277906321573
-0.938890989913665	0.416096031536736
0.0877910164299483	0.0300195073784517
-0.243606827297253	0.0752468363811756
-0.80991691106526	0.324995263971598
-3.08962908394606	1.04057543600083
0.43441676670624	0.207267444138302
0.752629118471038	0.448473988531642
0.908212096463836	0.565824571521361
0.601177662578706	0.301391026925996
1.88886350714924	1.22945050233578
-1.30805508085197	0.706770971461006
-0.626416445022834	0.228465401256541
-0.0902254190321292	0.0313029135960935
1.27094583216816	0.839465695973815
-0.266054466232138	0.101984544291465
-0.539800169872108	0.238180641682685
0.288476098646117	0.11530010368399
-0.404241081443913	0.16544563927213
-2.4946503122275	0.759347999169937
0.900354600870715	0.568276338772732
0.689676757147363	0.371443638773699
0.145555042092688	0.069398229242728
0.878409570630168	0.330557095764022
0.552313292502185	0.198916869685642
0.558847458170007	0.209558363468952
2.11798878933724	1.50302707533723
0.552183282167422	0.202484852158
-0.66522250675756	0.31347885455263
1.6215712852218	0.877777607599133
-0.831547258034552	0.253419977958223
-0.635303602003006	0.241959902735159
-0.798722842368065	0.326710875694545
-0.791676101822296	0.394657304372256
0.324797204236395	0.09588222613702
1.86406020429095	1.45629786546886
0.104015789999793	0.0341260119942499
-0.0308448340716413	0.0116693535723525
0.0919896526272347	0.0317637050453618
-1.06393146923786	0.47387678183087
1.50142972363944	0.992672597789837
-0.792752430794948	0.321179557727988
0.145028474299839	0.0634274780432302
0.600719949801568	0.299186220019566
-0.287741851256502	0.130391628333604
1.04236757531791	0.510385858748482
0.732204258225765	0.422111512181052
-0.616636634408028	0.22908099257379
0.422085854796672	0.197495378306153
0.434615053736217	0.200660308775371
1.24489075328976	1.05802562797911
1.27902970537344	0.847019751200574
-0.782842443026985	0.404587384420481
0.329414764622806	0.0965032236713675
-0.259544533930409	0.0978653179282649
2.36069552011449	1.18219783335312
0.602138650040841	0.271542545113553
-1.2814962411484	0.472913125289254
0.288320638893771	0.11202122966925
-1.28254273938625	0.466456155861013
-0.939928951280549	0.397841029898352
1.51428317965008	1.0561500101305
0.0981036889096247	0.0324617356916898
-0.826328253600043	0.244633196851002
-1.89526912152582	0.909071247723625
-0.15832179639346	0.0633264060935144
1.28641755157922	0.599500984734642
-0.521354276075847	0.140151065895862
-0.0327504634551491	0.0121745766923079
-1.62372253906284	0.941069188905639
0.103875133181717	0.0340478878513201
0.565544117077979	0.200089731409959
0.486797327683105	0.209902728025312
0.541100401848291	0.127818857380943
0.528931818508333	0.278670072868403
0.692578559276767	0.29944927214429
-0.0879900914606268	0.0304308274356418
0.618790508797071	0.304145961001827
1.6282912161747	0.893805379476862
-3.32112060479918	1.21020607655163
-0.448391697602043	0.154289457914784
0.303441763599066	0.106001373916981
1.29157617855243	0.498114853416598
-0.0670214994218452	0.0316029034551735
-1.0805248563296	0.360561938702347
-1.18465413398527	0.578940007436777
-0.229986603317995	0.0694602676163757
0.7044939862929	0.307498553040856
0.017979073648316	0.00466661923012803
-2.82685472330953	0.922711444031235
-0.0912907138683186	0.0317768210953605
0.301001354889563	0.165067883776215
-0.927367320766842	0.38326439559716
0.289844632918361	0.126312862027935
1.54774101840997	0.964317763032647
0.714741770004651	0.312259510407243
1.28511619272937	0.580803994220896
-0.783900203930886	0.39012669571622
0.879536619864746	0.343062626938762
0.955660815859249	0.428376130585786
0.0317493953797356	0.0129513625386868
0.522456508952439	0.28168515701543
-1.27729466356212	0.463367747774768
0.608255271776282	0.304109365229576
0.310351255406493	0.109857579082588
-0.621687114236321	0.223038785941478
-1.08759944251105	0.363309583910467
-0.247766389176386	0.0725709273239958
0.879022206987936	0.333185790829705
-1.28628610867284	0.470598272863016
2.13802938094534	1.8905136380312
-0.244346536173026	0.0764432926892936
1.28689246188457	0.700993940476939
1.2960334328399	0.582645592310145
1.6927411203149	1.24229781839243
0.276992079183781	0.10809125954193
-1.45414541273076	0.567873779920886
1.9295547672234	0.769435364746732
-1.28886622712064	0.480829304316831
0.0953968813827932	0.0311950007926139
-0.0954251981135205	0.032197926871896
2.95843107530764	1.8588458959184
-0.234419553957208	0.0731857418093444
0.867626243734994	0.331344099540749
2.05764164857389	1.13854780487906
-0.239084672817921	0.0755533408078037
0.308467964767326	0.125708913610711
-0.233717836713403	0.0733160812457193
0.747927529305998	0.226764681396792
-3.98131768876659	1.71346426934418
0.330033439664547	0.0950177430381346
-3.08962908394606	1.04057543600083
1.29779126303497	0.50420630795905
-0.523881983385789	0.13702530803748
1.93685000669188	0.789660825523142
-0.087068852358104	0.0306532404807538
2.12075174801508	1.50369393744102
0.305701774302562	0.105272334450119
0.973554031297196	0.426631132265404
0.750788370120738	0.226789242785611
0.967603774151794	0.43437884051461
0.543933997993288	0.126853376726706
-1.07390451092355	0.359387288546195
-0.0994736170795967	0.022542834663039
0.330587645956276	0.0945952574812392
-3.09183480000513	1.07302576822624
0.0738246710531357	0.0240011538259869
0.0987511480583864	0.033335910252537
-0.937033296925666	0.396931557938133
-0.829990262317023	0.25307982627687
0.121260705390254	0.047222034442048
1.07703651488339	0.700804715972318
1.38595983416379	0.444174825449718
0.862932098234641	0.32278056531688
1.06150330572084	0.603578802851492
2.03580646910102	1.09562786709325
0.00391543419752956	0.0013500429204479
1.01634019044084	0.54587009785115
0.317195136117003	0.0892480808867561
0.870966829392787	0.325637817023092
0.973126237005835	0.429806191165856
-3.32001561112394	1.2286468506821
-0.102219724080094	0.035063481964251
-0.449861889085859	0.1498239017035
0.520015861412516	0.269588470895661
0.0164454119915526	0.00420432162168112
1.55844171921347	0.990971693285941
0.867535858002856	0.496392220066618
2.55464416057866	1.7439312200705
1.05263260794268	0.607754376567092
0.757137711925362	0.441327063943327
-0.616636634408028	0.22908099257379
0.609887528842989	0.297536438672589
-1.29917901583684	0.462184622656639
0.96452454455452	0.427553260700364
0.501550063307259	0.209813693213883
0.299713212530336	0.107018532078874
0.567977675642682	0.204012220671544
-0.626678407963114	0.228057837183279
-0.540375958137185	0.235382611312722
-0.444716289974285	0.151933357237643
-0.0870281039969672	0.030743482832246
1.29309201355779	0.608539638192053
0.561669988727786	0.200432491779804
-3.67486495496742	1.50848162780592
-2.03918453298504	1.00954935370786
0.00544942641168639	0.0017496573720835
1.3852161325822	0.449767700794641
-0.826886475386905	0.250046085549171
-2.05433974854713	0.576107769870825
-0.521239785553401	0.140369579797354
1.55474127668798	0.962612689349309
0.967150045003187	0.43281783820907
0.302172581221871	0.107370979890393
-1.07764180910355	0.35688784741746
0.262577807007177	0.124727813044006
2.69753314003549	1.46801894319949
-1.61605235511861	0.663216847400502
-0.398609239205488	0.164925679999679
0.557025174127563	0.191766502814863
-1.37855256949683	0.369087290450251
-0.781299905808209	0.314690897193055
-0.788847574080247	0.32002840494186
-0.0951265447799466	0.0216293083269459
0.970360714601383	0.442646155911859
0.747842248818904	0.227701174634983
1.62363280918277	0.88260092160117
-1.18348624126922	0.590491438931172
1.09062806988366	0.771011173650158
0.96807363988754	0.434823525386571
-0.299514357992585	0.129224404042
-0.932009135566695	0.415216911847897
0.327854367618469	0.0960907721742113
-0.835662837615585	0.247701971806053
-1.074876740847	0.35938944910669
-0.513944376026364	0.134820394971873
-0.237275358357156	0.0740297101533226
1.28871845762793	0.681639229488657
1.64683211616191	1.31772137040697
1.88821114613003	1.19302934367899
1.19813863834561	1.13263809953235
0.86723702727016	0.329674425233152
0.501563764989662	0.21190719459713
1.57023599031392	0.917779216638469
-0.0324963661630079	0.0120795853161511
-0.234997367422216	0.0735002161516419
0.143760047925388	0.064010025003777
-0.452047298601351	0.156919646143955
-0.0977119242097124	0.0335753267222859
0.348919268981982	0.193068879407034
1.50804413612463	0.981773685980366
-1.76205343707973	0.785466653119797
-0.460233108369911	0.159395613393047
-0.629664113603843	0.236855172029265
1.28846237261408	0.616618537678008
-0.0995973058669546	0.0224260918786388
-0.100265334928602	0.034031536225282
0.0012104676940613	0.0006772538402327
0.138147484180759	0.0532968629811563
1.61478534291451	0.880670558539352
0.862026394600545	0.47651307163041
-0.290683142634069	0.132870649613708
0.00919789971719187	0.00263503856727176
-0.617283808351412	0.224511684712559
-0.628952320356525	0.234888797264658
-0.105245653790753	0.0224881790290773
-0.0215141490214524	0.0079397038093304
-0.2372166279837	0.0733297305814221
1.51863129224255	1.04463253318849
0.802130306768677	0.388181658973242
0.974863647727611	0.432398710997622
0.897306992064893	0.557520990362317
-1.47658509519179	0.564086882583016
0.875844030305876	0.336682424821453
-1.18665796596743	0.582563234672288
-0.826886475386905	0.250046085549171
-1.46072179099803	0.569441162943915
-0.270146218736041	0.102570513006399
-1.07666813951648	0.36466782984443
-1.28486297953742	0.470411391030251
0.302724915662089	0.0997049936912936
0.703220194168564	0.297261146728042
0.965294214391758	0.445553741962159
-0.404546605000429	0.184521196002386
0.0992004118525437	0.0318619668386426
1.51815674621849	1.03496821754921
0.625970834718609	0.287201219464174
0.311654311538099	0.108921324221323
0.0190842251441769	0.00494141267484626
2.06247334833786	1.12515501222545
0.512195767941053	0.266614888985028
0.448318424534448	0.212661391340147
-0.673218335172809	0.299992008096728
-0.253944337909251	0.0952091393920335
-0.623897045359651	0.23544042153972
0.811294572649933	0.389911944020758
1.29501353742001	0.519595491969007
-0.448696884627933	0.153527743118027
0.494658685023978	0.20276737479609
-0.447468210672461	0.154031658472776
0.316112019057402	0.108362341767163
1.5476949076381	0.931684221840796
0.557542476811568	0.205754940084151
-0.105846996036313	0.0361975680966203
0.74781188960191	0.46425767269759
-0.636042973055968	0.231458202197625
0.133526929052839	0.0524475830777607
-3.5244418168486	1.31693095387582
-0.0202183615837401	0.007682476204146
0.309052785384148	0.10900447059597
0.714971515557103	0.310476559550866
1.26841155145022	0.569862184349986
0.812712366197355	0.400680960773907
0.711051423083207	0.308522635643821
-0.299023832364787	0.132262161596032
0.74610547207819	0.228282542864155
2.36479373492716	1.12583752689112
-3.9756474725053	1.7159696055981
-0.168586166311237	0.0705530720137679
0.469623511813609	0.195519295145459
-2.04783485499909	0.571093548500225
0.614414484240678	0.306346908284705
1.2996829005879	0.506422768004036
-0.669895584548859	0.308568527737924
-0.437058186371533	0.146014473088118
0.0774677750244058	0.026115629335634
-0.0325410847915492	0.011253237341141
-0.411885048566817	0.170474731004291
1.95225381841573	1.38397619477163
0.840501850797113	0.655518402753737
2.763329441431	2.23443716516184
1.05382168478896	0.613467428819916
0.872243356555153	0.329771121099438
1.71936174501515	0.801950350319135
-2.12687804596182	1.11479578357018
1.28250404203366	0.608986890647536
0.305316068803257	0.124269655857813
1.06701809860942	0.622168449727258
0.485865605406968	0.203917933572668
-1.06076035314916	0.491215777747915
0.481045467685461	0.205293399093258
0.256712747990255	0.119858111972543
0.966935531218343	0.434039419564317
0.802577027872728	0.407224285304494
-0.0862754493812915	0.0303196992486434
0.293017228739636	0.127552132689344
0.0922481959261334	0.031852393202328
-0.23506231537647	0.0724528788837141
-0.177938113822492	0.0745496717317692
-1.08106431314317	0.49283810352362
0.389906516088479	0.203221561830512
0.435043705750227	0.204265159704529
0.273115067145415	0.122500006607397
1.72094631236716	0.835589840004041
-0.0964495294358241	0.034018389411155
0.569597837336269	0.205632455200432
0.0994198426550926	0.032060498455307
1.46611697219272	1.072813880333
0.748493994360781	0.223270262832071
-0.526216284316551	0.138422940417082
0.801185173197172	0.397898709864805
-0.545568170609866	0.236740312849574
-3.67486495496742	1.50848162780592
0.496189436206781	0.207561118855798
-2.03762244009692	1.00706103154874
0.486460536225787	0.206187883511625
1.32081627417995	1.27874792768696
3.41516960803922	2.67028049072601
1.21345621461354	1.05487483169439
1.24903203359362	0.988566617586026
-3.51410190258998	1.33442648197011
-0.249689628154661	0.0763683522303043
0.718045003071686	0.30868391454314
-1.76875408846622	0.795449072774356
-3.50345173957519	1.34706552782025
0.972829602345177	0.442781904225158
1.62117653636134	0.895171549828018
1.01541324031258	0.513675160548178
0.135594059638767	0.0529070957417802
0.401226827901104	0.198394259492026
2.32611799341417	1.38076949015496
0.294250161457526	0.1210584180577
-0.829062107836469	0.244140991162542
-0.00855798635159778	0.00285087120971196
0.692378616073371	0.302663032417427
0.289332681151563	0.101320970038606
0.750788370120738	0.226789242785611
-1.76425543193365	0.796614577849308
-0.230569491876735	0.0711093139281134
-1.07623377496826	0.363444231148948
-3.09965171459907	1.06948551034403
-0.170410885515138	0.0675394046274552
-1.074876740847	0.35938944910669
0.314636455062281	0.109048691330213
2.33235748613778	1.44537368497377
-1.2765298981513	0.459519550197926
0.322145418202747	0.0932126195967607
-1.46151628209258	0.569519963397941
1.50242541388982	1.01149317089127
2.23052572088704	2.68123050859211
1.01680987431395	0.509006822606473
1.80743270288753	1.84956418185651
0.286738975008777	0.128505131053529
1.27844373179755	0.580405298002233
0.703205322939423	0.305696649716397
-3.95927733295005	1.76345363906642
0.303660885014473	0.127019226177578
-0.323839515022255	0.160483911338802
0.491290356946715	0.2053009997391
0.951132324432288	0.416825763062891
0.9764108862439	0.446733257634424
1.28889918667942	0.86722838539329
-0.422860505817154	0.176835326418505
0.29471708652913	0.117542818357145
-1.19184220549451	0.577218324582841
-0.235918652264616	0.0739415337889668
0.608510394464909	0.285798198609082
0.803187795138392	0.401219389697758
0.547391394977736	0.128082186515472
-1.76727394278925	0.790929352363605
0.491905531069702	0.2071561555899
-0.25465020689671	0.0948022192391361
0.532722810278755	0.288247150542233
-2.83249128745503	0.934154025578548
0.0138822919165315	0.00366683406239973
0.130567954945448	0.0514936703410629
2.95843107530764	1.8588458959184
0.297735474822358	0.105438255703587
0.80534075500232	0.396933045110207
-0.547078578100603	0.238268486670168
-1.329926855349	0.618726680910121
1.71980751791713	0.794186096917747
0.13521350939678	0.0511843395086708
0.796598948470943	0.412277793485107
0.476326850366242	0.193768060465366
-1.45906608011894	0.562836180549601
1.01375102017431	0.516258220691768
1.27605833075468	0.771717666751211
0.301062463294637	0.104658001990677
0.750212262173245	0.228253921774654
-1.61402647225019	0.66313666750461
1.27379448196023	0.771346430767047
0.339131480199989	0.185390742970066
-0.425927922296298	0.174915618247526
-0.0255160350730362	0.00982283568587292
-0.624024163067932	0.229981975482506
-1.20520788208674	0.595770947303616
0.609170823940446	0.29274224691312
0.879554968017146	0.341844876288003
0.714634188308615	0.311662193688987
0.117307055971884	0.0457342396862161
0.140629749695377	0.0533006944679142
0.447144412682939	0.208890377669132
1.3005351024822	0.595141817120694
-1.08425366242167	0.369278140646016
0.0078907885918654	0.00233492760806004
0.798725868332142	0.400895886138113
-1.08684370995373	0.350422863690893
1.29826769863472	0.517718185768294
0.0138822919165315	0.00366683406239973
1.69834398784907	1.29636867086952
1.09348623064555	0.75024359058292
1.70142394353752	1.6669783164456
0.969405169767644	0.434691883478467
1.06973517430365	0.627387315995476
0.482827052793686	0.206302293163398
-1.08201146281252	0.361073846238358
-0.664209037986186	0.319240971936964
-1.07570589833403	0.363045486224643
-0.637708597979308	0.233502362547087
0.303957970267365	0.10603819628151
0.617287316663157	0.290144771463426
-0.096403130438137	0.0338140247738197
1.29585717995545	0.768959622256098
0.444894471588107	0.20783074698055
1.28746533377625	0.70390371038467
0.604493187830826	0.288161179247433
0.701529354722574	0.309303591557417
0.126367046175494	0.0577687758239363
0.0172195738371422	0.00809745846945916
-0.396284837448353	0.190096878511319
-0.160650992397548	0.06482194291189
0.283638625662503	0.106469741108338
0.967024495177919	0.423798299121964
0.267884049476706	0.132341830699806
-0.825799730446553	0.248850296046326
0.564249698659467	0.211356481914538
-0.287478815048638	0.12388410318756
0.22893120065035	0.122191673685261
-2.04902373026814	0.584535062964325
0.909044406566389	0.568853418770169
0.626603619384619	0.293384619509128
0.492528901020771	0.20770130364937
1.30180277895894	0.517747030050603
1.64053122595782	1.34937020461009
1.50242962256505	1.06436261050083
0.802130413865657	0.420923456194052
0.717170205315349	0.308249673958361
0.707407029385995	0.299419774588734
0.741611120992749	0.22843729874227
1.29874438174713	0.502480804066515
2.35770552157586	1.12771426950911
1.70982682289455	1.28173462399202
1.03323149593529	0.509874621802316
-0.825799730446553	0.248850296046326
0.0132986595705727	0.00364904689139703
1.86402221446597	1.56619042726428
0.678646607229258	0.271610328450569
1.51903023576435	1.02812831589455
2.35749693342735	1.13323095809865
0.313633457358993	0.105661865818304
2.06235748542409	1.07487890815099
0.0106696739175262	0.00303980302423724
0.602294903071916	0.276135129752891
0.0977023875019956	0.0327153508757986
0.479728761713558	0.197335796748208
1.29235490327568	0.71452618283663
0.614597469257876	0.360542219673657
0.730207841636254	0.44386245230184
-0.630000657943013	0.228196484645111
1.28250145930367	0.599683117096951
0.086022287531621	0.0293556655550775
1.70655621510354	1.27878865050221
-0.258708770559049	0.0975299008435717
0.969080846682095	0.420431088723753
-1.28358451008746	0.470403258949645
0.116770559668423	0.0431813837542709
-0.828902080556811	0.248526627312195
-0.781299905808209	0.314690897193055
0.29480400031519	0.10087537752323
1.29169892108198	0.716786780904462
0.740464274036165	0.227891483543122
0.972686301370578	0.440065209865426
1.29451488222319	0.570389660805908
-2.05314601736911	0.57654870638546
0.10113859216314	0.0325021578498991
0.298875621885124	0.116661555729168
-1.46985998416647	0.587960540824066
1.03089341362179	0.518081276939851
0.917903201113293	0.650919066955355
0.491521989440763	0.208775644478449
-1.88732727789424	0.89587070164348
0.562962511110184	0.198437734858023
0.745396268550082	0.22575694938865
0.809288925257199	0.407931251315492
0.553033506729484	0.201090157153248
0.961281697677257	0.39590873745767
0.0980709391311739	0.0329127371679072
0.496934228553795	0.205778805044969
1.28236715187757	0.604738730482811
-1.37736686643192	0.369817212053887
-0.634566790383753	0.237791345166368
0.602867030425705	0.293352319856676
-1.61489860322867	0.686313419006943
0.80331304372602	0.402330255489064
0.302914609838239	0.12454236221785
0.532176550108442	0.280299835099665
1.29310374864962	0.611468678823951
1.93685000669188	0.789660825523142
-2.498964405108	0.767925687647617
0.431443715370837	0.201492735094768
1.2849391297721	0.613854056922096
0.0153648602419546	0.00414817620770069
-0.924223256464222	0.482738257710395
0.781464776455192	0.382419779416888
-0.253408034734977	0.0976945190484711
1.078302566153	0.704852088196304
0.31309776091477	0.102149099539748
0.105368186803878	0.0343840578416646
-1.62531187807187	0.682048441612908
0.966614034921962	0.446627762003013
0.295053245695011	0.120570437954962
0.967443199363348	0.43694943616786
0.70538713823354	0.309369585147291
-1.07381227391188	0.355463167451648
2.34950166450373	1.13423822466574
0.29480400031519	0.10087537752323
0.716597147727564	0.304313609599928
0.0761246457678349	0.0257952499961736
-0.438400295562227	0.150343257405573
-1.07336765963707	0.358272920144905
0.878997635219319	0.33433328412556
0.146939755391158	0.0622114762341753
0.880513694991045	0.334746513575528
0.705062632188925	0.298477817726483
0.800945459396551	0.382131102283486
0.751193601971895	0.231756848435628
1.06865230581996	0.61169991175447
1.2860263399528	0.8022154568328
0.0024348895089195	0.00103360283751351
1.49404855344662	0.971875976927788
1.94226546101719	0.798478773934451
-0.837725680837318	0.257618742248887
0.440589985831815	0.193454680661577
-0.0975089363342028	0.034267901536498
0.536915442667936	0.285128366357434
0.541100401848291	0.127818857380943
-2.50226013804269	0.743052864003894
-1.28761288766524	0.469346286108944
-1.08536096162328	0.353576050557431
0.328081123848185	0.0930774194558087
1.87693466126903	0.595647178734079
0.563467749471445	0.209628028394203
2.97496390244073	1.92634241326687
0.561463326366569	0.200946365819002
-0.827509018985055	0.248646107200568
1.29877103466838	0.767286631878612
1.06107447058386	0.584007471987456
1.28716175869778	0.608002664784361
0.552425315130844	0.193477025649627
0.957881696571422	0.424991006716503
0.793658640605245	0.526964632437214
0.0113884144713565	0.00313735292015733
0.613169160790063	0.295733437741411
0.499712899864984	0.201865534019997
-0.517911135702038	0.138411916640514
0.879129326153264	0.331203265714694
0.812948624786224	0.410747446650587
0.493643275735432	0.203833106114619
0.954795300273638	0.439989174869351
0.313903323796669	0.108970060037775
0.139782370761286	0.0548015175334386
2.3638864145071	1.1477888825569
0.886805144042467	0.320910086180834
0.866606903739654	0.321034203340148
-0.0866316842590709	0.0301413622997435
-0.242497309646478	0.0741774614420278
1.0345168839077	0.531657309044618
0.806997230081421	0.40384804472447
0.937916846445544	0.664240158308831
0.0993989498206142	0.0327071880501388
0.501571700662669	0.211424360647434
1.06667443523639	0.620289186626258
0.736038539760204	0.447507645810422
-0.8354030541528	0.249549701480023
0.562932877681549	0.203515526214755
-0.101417626564927	0.035176998602777
0.308588244150286	0.105203924646987
-1.30327827785815	0.467995876414084
1.28205637452757	0.856788109568523
-3.82936568046265	1.62990953026003
1.08498422103829	0.694347778142913
2.36474505444418	1.12407242552244
-0.246539768207762	0.0773565978250945
1.27993883681764	0.702862624123607
1.54883408546386	0.965497693654775
0.55679847982431	0.209914993943735
0.00147931566778941	0.000796099035925127
2.36179210582169	1.18626902630941
-1.2814962411484	0.472913125289254
0.946336545804235	0.408675536688792
-2.83249128745503	0.934154025578548
1.28308827255637	0.615387686257593
0.871334268002569	0.336391145853041
1.30356776762882	0.690454474560499
-0.0221931309085818	0.00845587191294619
3.24655992739218	1.4562540675439
0.711062823806187	0.309646268552498
1.49481524504127	0.929143990333929
0.716296151346472	0.307460030211567
0.714235733388839	0.320574661157273
-4.21109642359816	2.02041536835282
-3.81918727481022	1.59423504555658
0.311288336471997	0.107575169468678
0.0929689609240658	0.031110546617869
-2.50108453829271	0.757473465243405
0.859069310324189	0.48309480553743
1.62387566013316	0.893628116632271
0.875804145308279	0.329138546175762
0.813407060043295	0.392051017959484
0.74610547207819	0.228282542864155
-0.247723274952851	0.0749388283261203
-0.777314334874742	0.310979001004375
1.54535690562737	0.932583051361513
-3.09293870382283	1.07206408964027
0.0868130555795569	0.0279047295746415
-0.0870749837719464	0.0302665685702279
0.287213902170306	0.0989226754918559
0.322762749874878	0.0935836834104354
-1.08301615780283	0.358886141189871
-3.32001561112394	1.2286468506821
-0.681962816797486	0.322820757956388
-0.104578640891558	0.0364575414396073
0.310537005809805	0.11106683842339
-0.450845690517807	0.152732816153099
-0.236469869030363	0.0728958324225427
0.00860170294494074	0.00254293128322386
0.880482966956423	0.337900837313136
0.807370316264201	0.404351728064101
-0.0941002742961249	0.032860990695244
-3.6806634193175	1.50623217393168
1.29256493296099	0.714847764086878
0.295642065806834	0.13364577189086
-0.244285342531844	0.0732803771235601
-0.100500396218773	0.0340348868429542
0.304080271758575	0.107488760293045
0.325420265820851	0.094389207791434
-2.04902373026814	0.584535062964325
0.273309756377952	0.126618745648834
1.27004577682764	0.867003194739617
-0.267370400322084	0.121567685500383
-0.609930369644918	0.318021449891964
0.0181247258078997	0.00468894262539778
0.316614267667375	0.109207751694024
0.548332676093981	0.128537566389422
-0.808166537883817	0.323266805218424
-1.63615985056528	0.649137503321509
-0.516775237435231	0.138362889204207
-2.05021356478115	0.569031985318464
-0.438624130791601	0.145383165455168
-0.940409405821843	0.401662907607344
-3.32291224913404	1.22391735684743
-0.0224847942175005	0.00821305108216638
-0.445719665126852	0.151337463759776
0.101379508301315	0.0324262123731446
-0.103536278734312	0.0341635355218058
1.49794608312165	1.0145227834772
0.415360438388777	0.210516228386248
-0.101039695671693	0.033579236804107
0.708823123676285	0.311682465064307
0.613479199066363	0.298965163376415
-0.782390389630039	0.316314837295346
-0.62872831529894	0.231990258692845
-0.105841961154825	0.0363006980355032
2.98097049208671	1.91604106116913
0.713262202065759	0.311462503162027
0.294144334155523	0.119615019601227
0.0127933324984259	0.0033472203885732
-0.234916372995788	0.0708488036151837
0.29878867026222	0.123705844247552
-0.540414339445044	0.237525349420147
-0.829369965901945	0.248779369121827
-0.242472197944706	0.0756733780229904
-3.3297814604609	1.20159573453125
0.0150920310044378	0.00389913615268285
0.558271571203455	0.206166632625584
-0.841324460591787	0.254223558114739
2.70124138814797	1.50009110803891
-0.454529392034063	0.152475743042816
0.542621526180842	0.126608567713006
-3.51582325847333	1.33026263386513
-2.50013836544569	0.752963874303395
-0.519662324847855	0.139505494309868
-1.37736686643192	0.369817212053887
-2.50108453829271	0.757473465243405
0.321343621282208	0.0941965604079644
-1.45306061952811	0.565484109316976
0.0911890194379219	0.0284585731786994
-0.438400295562227	0.150343257405573
0.0095493181685138	0.00274112871982817
-0.452754275286197	0.153478435429676
-0.24512069214798	0.0768554536405003
0.737212301794485	0.222878174874788
-0.621281558305601	0.234003889742584
-1.2799865854902	0.460762974468504
-0.0930212583066807	0.0212077808526859
-1.42998570411916	0.772079060724613
-0.534100229176018	0.227566768258955
1.0751800354017	0.625820888128339
0.279897986564489	0.127830493360418
0.389492347956455	0.199529876696068
0.314129933768136	0.108195937248058
-1.07142851728416	0.35578122297751
1.28359044701057	0.762978381989638
0.125753660987463	0.0582014833650547
0.562884513415761	0.204562775575446
0.548332676093981	0.128537566389422
-0.255381139783734	0.099323478232979
-1.63340475433365	0.683429771211447
-3.09647448091884	1.08882943702806
0.020575217840061	0.00518184212929662
-0.786834488525392	0.325201132114978
-0.799041985250686	0.328372864302965
-0.104078001870956	0.0474789333418611
2.05442592776978	1.14790043702188
2.70636016214764	1.51498623358904
1.28073459237572	0.788184617778915
2.36798608361417	1.15461465914689
-3.09536965170522	1.06547156586543
-2.01888611073408	1.01863087143504
0.00557559696811718	0.00191875428453105
-0.52427974030057	0.136106393131316
0.147467195602875	0.0548868407539959
-0.935460780023662	0.39543703407924
-0.234329329486499	0.0720270582896503
1.27617098171512	0.684569008832809
0.707955367500734	0.309114306183936
0.870648124455805	0.502610345981131
0.30559068026284	0.109901940605023
-0.832069625663695	0.254252617003816
0.0144127031489886	0.00391569660959579
0.607419627613484	0.297468828664623
0.310885742057507	0.106901577579337
-0.0951180423376506	0.0322962141664171
1.05310041261162	0.619488941601806
0.619890907376435	0.304091010935729
2.27823451746452	1.97380162141577
0.297678636081976	0.121515902786468
-0.258602328962296	0.0767014526819239
-0.641902996027948	0.226540169029708
-0.637490588786956	0.230690440626361
-1.29361114040927	0.478327419078214
1.2804762659252	0.580583830210166
0.3146648104573	0.0913579545285187
-0.447195177667378	0.14813178380313
1.29701815932011	0.614851401370039
0.71210895616919	0.311047045199533
0.689157402242171	0.384144762168442
0.000586758870042443	0.000480546357701669
0.483663141659565	0.193796887036475
1.06566704023185	0.627297077275372
1.28979246202525	0.687084058810398
0.00896257799837875	0.00262738053550214
0.00891378266306723	0.00241722255067928
-0.926727486748339	0.400516412914575
0.776729305219852	0.37760934097653
0.729147528156927	0.218711390427316
0.323780413110012	0.0943043436593769
-0.395218421848507	0.158693054046138
0.489497093074542	0.205028648804292
0.562980757651781	0.191987734054883
0.491523424154897	0.210036230312415
2.76048710995955	2.245817607945
1.2853286668805	0.808024352655184
1.27620803015575	0.858659604782098
3.0855117219236	2.93583591994473
2.98699405061299	1.86667979619497
1.02185116550961	0.513551622137013
-1.29167706250648	0.462020585299733
-0.682994553787768	0.33323147407485
0.437525524921399	0.19823817643903
0.496594344343941	0.208886066765757
0.604218990281764	0.284627065167681
0.278100330156985	0.135488644566617
1.2785624332728	0.755788459905099
-1.61702049723627	0.673246783502988
0.870618373304035	0.320055418324896
0.321794982646247	0.0930595814272877
0.961360605661363	0.43409187232182
3.22465598019141	3.18288234772748
1.04537203147892	0.601921140069331
1.77208546557603	1.17770906853373
1.69231047838093	1.2630016206772
-0.617576402950423	0.22948322291688
0.528939404310739	0.276902022560966
0.296506933819199	0.116231014981168
-0.442668914483889	0.153258638973545
0.0138822919165315	0.00366683406239973
1.06101042154974	0.642679054634336
0.306317057720736	0.105234806415265
0.874567060514496	0.332360018691997
-0.233660268793678	0.0717682678832686
0.569027436701152	0.201919473292873
0.816586642881469	0.410685403755048
-0.152221942033718	0.0630428334202526
0.138879987745522	0.0533282805669441
-1.21345637829874	0.59978539649957
-0.0920592484930167	0.0328340651122599
0.703849201577106	0.305484957182033
0.545286400011961	0.127906532067442
0.562788744491654	0.206971949619702
0.749070350540287	0.232504892288716
0.324329385368054	0.0959051461273956
1.39074595013018	0.449376726983695
-1.37736686643192	0.369817212053887
-1.28919257436618	0.45497960615837
0.318092425170427	0.0932620700170988
0.871596215207064	0.491831938295557
